run_dir,dataset,condition,edge_set,score_definition,metric,repeat,n_positive,n_negative,random_auprc_baseline,auroc,auprc,enrichment_at_5pct,positive_median,negative_median,median_difference,cliffs_delta
adult_celltype__at2_cell,ZJU_HCL_adult_celltype,AT2 cell,trrust,formal_abs,pearson,0,334,334,0.5,0.598443830901072,0.614874432892545,1.588235294117647,0.0326975230127573,0.0235725250095129,0.0091249980032444,0.1968876618021442
adult_celltype__at2_cell,ZJU_HCL_adult_celltype,AT2 cell,trrust,formal_abs,spearman,0,334,334,0.5,0.5882247481085733,0.6033173590233366,1.5294117647058822,0.0263903513550758,0.0195919498801231,0.0067984014749526,0.1764494962171465
adult_celltype__at2_cell,ZJU_HCL_adult_celltype,AT2 cell,trrust,formal_abs,mutual_information,0,334,334,0.5,0.5783552655168704,0.5939686763858796,1.588235294117647,0.000360986101441,0.000202851020731,0.00015813508071,0.1567105310337408
adult_celltype__at2_cell,ZJU_HCL_adult_celltype,AT2 cell,trrust,formal_abs,coexpression_probability,0,334,334,0.5,0.5243734088708809,0.5200288866702604,1.1176470588235294,0.0136449607089161,0.0126317213289439,0.0010132393799722,0.048746817741762
adult_celltype__at2_cell,ZJU_HCL_adult_celltype,AT2 cell,trrust,formal_abs,codetection_odds_ratio,0,334,334,0.5,0.5922585965792965,0.6257188438060108,1.6470588235294117,1.2583751678466797,1.2087774872779846,0.049597680568695,0.1845171931585929
adult_celltype__at2_cell,ZJU_HCL_adult_celltype,AT2 cell,trrust,formal_abs,pearson,1,334,334,0.5,0.5883502456165512,0.6073282423670773,1.588235294117647,0.0326975230127573,0.0251486897468566,0.0075488332659006,0.1767004912331027
adult_celltype__at2_cell,ZJU_HCL_adult_celltype,AT2 cell,trrust,formal_abs,spearman,1,334,334,0.5,0.5675624798307577,0.5843293994066391,1.411764705882353,0.0263903513550758,0.0223202016204595,0.0040701497346162,0.1351249596615154
adult_celltype__at2_cell,ZJU_HCL_adult_celltype,AT2 cell,trrust,formal_abs,mutual_information,1,334,334,0.5,0.5594365161891786,0.5781124020083632,1.411764705882353,0.000360986101441,0.0002487818128429,0.0001122042885981,0.1188730323783571
adult_celltype__at2_cell,ZJU_HCL_adult_celltype,AT2 cell,trrust,formal_abs,coexpression_probability,1,334,334,0.5,0.5222309871275413,0.5195255308278605,1.1764705882352942,0.0136449607089161,0.013104566372931,0.0005403943359851,0.0444619742550826
adult_celltype__at2_cell,ZJU_HCL_adult_celltype,AT2 cell,trrust,formal_abs,codetection_odds_ratio,1,334,334,0.5,0.5690146652802179,0.5913857291731994,1.4705882352941178,1.2583751678466797,1.2285882234573364,0.0297869443893432,0.1380293305604361
adult_celltype__at2_cell,ZJU_HCL_adult_celltype,AT2 cell,trrust,formal_abs,pearson,2,334,334,0.5,0.6048710961310912,0.6165714998734139,1.4705882352941178,0.0326975230127573,0.0228011216968297,0.0098964013159275,0.2097421922621822
adult_celltype__at2_cell,ZJU_HCL_adult_celltype,AT2 cell,trrust,formal_abs,spearman,2,334,334,0.5,0.5956291010792787,0.6034987991619803,1.4705882352941178,0.0263903513550758,0.0194144546985626,0.0069758966565132,0.1912582021585571
adult_celltype__at2_cell,ZJU_HCL_adult_celltype,AT2 cell,trrust,formal_abs,mutual_information,2,334,334,0.5,0.5861898956577862,0.5934611365651021,1.3529411764705883,0.000360986101441,0.000201512753847,0.000159473347594,0.1723797913155724
adult_celltype__at2_cell,ZJU_HCL_adult_celltype,AT2 cell,trrust,formal_abs,coexpression_probability,2,334,334,0.5,0.5294291656208541,0.5219326871653258,1.1176470588235294,0.0136449607089161,0.0126317213289439,0.0010132393799722,0.0588583312417081
adult_celltype__at2_cell,ZJU_HCL_adult_celltype,AT2 cell,trrust,formal_abs,codetection_odds_ratio,2,334,334,0.5,0.6055254759941195,0.6252410572879141,1.4705882352941178,1.2583751678466797,1.193333387374878,0.0650417804718017,0.2110509519882391
adult_celltype__at2_cell,ZJU_HCL_adult_celltype,AT2 cell,trrust,formal_abs,pearson,3,334,334,0.5,0.5906629854064327,0.6084001445354688,1.4705882352941178,0.0326975230127573,0.024384724907577,0.0083127981051802,0.1813259708128654
adult_celltype__at2_cell,ZJU_HCL_adult_celltype,AT2 cell,trrust,formal_abs,spearman,3,334,334,0.5,0.5845315357309334,0.6042270304549602,1.4705882352941178,0.0263903513550758,0.0192955061793327,0.0070948451757431,0.1690630714618666
adult_celltype__at2_cell,ZJU_HCL_adult_celltype,AT2 cell,trrust,formal_abs,mutual_information,3,334,334,0.5,0.5783642296245832,0.5974474391693606,1.411764705882353,0.000360986101441,0.0002110915083903,0.0001498945930507,0.1567284592491662
adult_celltype__at2_cell,ZJU_HCL_adult_celltype,AT2 cell,trrust,formal_abs,coexpression_probability,3,334,334,0.5,0.5263231022983973,0.521164501457281,1.1764705882352942,0.0136449607089161,0.0125641720369458,0.0010807886719703,0.0526462045967943
adult_celltype__at2_cell,ZJU_HCL_adult_celltype,AT2 cell,trrust,formal_abs,codetection_odds_ratio,3,334,334,0.5,0.5975025995912367,0.6229261513926861,1.588235294117647,1.2583751678466797,1.1935444474220276,0.0648307204246521,0.1950051991824732
adult_celltype__at2_cell,ZJU_HCL_adult_celltype,AT2 cell,trrust,formal_abs,pearson,4,334,334,0.5,0.5736042884291297,0.589639250485858,1.411764705882353,0.0326975230127573,0.0258220862597227,0.0068754367530345,0.1472085768582596
adult_celltype__at2_cell,ZJU_HCL_adult_celltype,AT2 cell,trrust,formal_abs,spearman,4,334,334,0.5,0.5632059234823766,0.5779726667068869,1.2941176470588236,0.0263903513550758,0.0223172437399625,0.0040731076151132,0.126411846964753
adult_celltype__at2_cell,ZJU_HCL_adult_celltype,AT2 cell,trrust,formal_abs,mutual_information,4,334,334,0.5,0.5593737674351895,0.5709776124912294,1.3529411764705883,0.000360986101441,0.0002529807388782,0.0001080053625628,0.118747534870379
adult_celltype__at2_cell,ZJU_HCL_adult_celltype,AT2 cell,trrust,formal_abs,coexpression_probability,4,334,334,0.5,0.5242120549320521,0.5188876798979742,1.0588235294117647,0.0136449607089161,0.0127668199129402,0.0008781407959759,0.048424109864104
adult_celltype__at2_cell,ZJU_HCL_adult_celltype,AT2 cell,trrust,formal_abs,codetection_odds_ratio,4,334,334,0.5,0.5723762056724874,0.5992401202786227,1.4705882352941178,1.2583751678466797,1.2136067748069763,0.0447683930397033,0.1447524113449747
adult_celltype__at2_cell,ZJU_HCL_adult_celltype,AT2 cell,trrust,formal_abs,pearson,5,334,334,0.5,0.5997077700885654,0.622633769857756,1.6470588235294117,0.0326975230127573,0.0248899292200803,0.0078075937926769,0.1994155401771307
adult_celltype__at2_cell,ZJU_HCL_adult_celltype,AT2 cell,trrust,formal_abs,spearman,5,334,334,0.5,0.5889149844024526,0.6151871104672881,1.588235294117647,0.0263903513550758,0.0196466073393821,0.0067437440156936,0.1778299688049052
adult_celltype__at2_cell,ZJU_HCL_adult_celltype,AT2 cell,trrust,formal_abs,mutual_information,5,334,334,0.5,0.5774319624224605,0.6001126404066948,1.588235294117647,0.000360986101441,0.0002102302241837,0.0001507558772573,0.1548639248449208
adult_celltype__at2_cell,ZJU_HCL_adult_celltype,AT2 cell,trrust,formal_abs,coexpression_probability,5,334,334,0.5,0.5291109397970526,0.5233192503260358,1.1176470588235294,0.0136449607089161,0.0125641720369458,0.0010807886719703,0.0582218795941051
adult_celltype__at2_cell,ZJU_HCL_adult_celltype,AT2 cell,trrust,formal_abs,codetection_odds_ratio,5,334,334,0.5,0.6044990856610133,0.641747916923886,1.8823529411764703,1.2583751678466797,1.1971591711044312,0.0612159967422485,0.2089981713220265
adult_celltype__at2_cell,ZJU_HCL_adult_celltype,AT2 cell,trrust,formal_abs,pearson,6,334,334,0.5,0.6066639176736348,0.6224081276746978,1.588235294117647,0.0326975230127573,0.0231217285618186,0.0095757944509387,0.2133278353472696
adult_celltype__at2_cell,ZJU_HCL_adult_celltype,AT2 cell,trrust,formal_abs,spearman,6,334,334,0.5,0.596122127003478,0.6121037578826986,1.4705882352941178,0.0263903513550758,0.0193497100844979,0.0070406412705779,0.1922442540069562
adult_celltype__at2_cell,ZJU_HCL_adult_celltype,AT2 cell,trrust,formal_abs,mutual_information,6,334,334,0.5,0.5898382874968625,0.6032779965283096,1.4705882352941178,0.000360986101441,0.0002071281487587,0.0001538579526823,0.179676574993725
adult_celltype__at2_cell,ZJU_HCL_adult_celltype,AT2 cell,trrust,formal_abs,coexpression_probability,6,334,334,0.5,0.5291826526587543,0.5223882395522402,1.1176470588235294,0.0136449607089161,0.0124966227449476,0.0011483379639685,0.0583653053175086
adult_celltype__at2_cell,ZJU_HCL_adult_celltype,AT2 cell,trrust,formal_abs,codetection_odds_ratio,6,334,334,0.5,0.6169950518125425,0.6383845644383538,1.7058823529411764,1.2583751678466797,1.1800816059112549,0.0782935619354248,0.2339901036250851
adult_celltype__at2_cell,ZJU_HCL_adult_celltype,AT2 cell,trrust,formal_abs,pearson,7,334,334,0.5,0.6151932661622862,0.6263902200395732,1.588235294117647,0.0326975230127573,0.0221431721001863,0.0105543509125709,0.2303865323245724
adult_celltype__at2_cell,ZJU_HCL_adult_celltype,AT2 cell,trrust,formal_abs,spearman,7,334,334,0.5,0.6076723797913155,0.6199231207805335,1.4705882352941178,0.0263903513550758,0.0179568910971283,0.0084334602579474,0.2153447595826312
adult_celltype__at2_cell,ZJU_HCL_adult_celltype,AT2 cell,trrust,formal_abs,mutual_information,7,334,334,0.5,0.5984124565240776,0.6078687029631646,1.411764705882353,0.000360986101441,0.0001657336833886,0.0001952524180524,0.1968249130481552
adult_celltype__at2_cell,ZJU_HCL_adult_celltype,AT2 cell,trrust,formal_abs,coexpression_probability,7,334,334,0.5,0.5306438022159274,0.5236791418477091,1.1176470588235294,0.0136449607089161,0.0126992706209421,0.000945690087974,0.0612876044318548
adult_celltype__at2_cell,ZJU_HCL_adult_celltype,AT2 cell,trrust,formal_abs,codetection_odds_ratio,7,334,334,0.5,0.6214053928072,0.6487349526362067,1.7058823529411764,1.2583751678466797,1.1785266399383545,0.0798485279083252,0.2428107856143999
adult_celltype__at2_cell,ZJU_HCL_adult_celltype,AT2 cell,trrust,formal_abs,pearson,8,334,334,0.5,0.5886370970633583,0.6013904470688763,1.411764705882353,0.0326975230127573,0.0233552800491452,0.009342242963612,0.1772741941267166
adult_celltype__at2_cell,ZJU_HCL_adult_celltype,AT2 cell,trrust,formal_abs,spearman,8,334,334,0.5,0.5795026713040983,0.5891947421353936,1.411764705882353,0.0263903513550758,0.020618793554604,0.0057715578004717,0.1590053426081967
adult_celltype__at2_cell,ZJU_HCL_adult_celltype,AT2 cell,trrust,formal_abs,mutual_information,8,334,334,0.5,0.5707895586073363,0.581686313735677,1.3529411764705883,0.000360986101441,0.0002369274734519,0.0001240586279891,0.1415791172146725
adult_celltype__at2_cell,ZJU_HCL_adult_celltype,AT2 cell,trrust,formal_abs,coexpression_probability,8,334,334,0.5,0.5241313779626376,0.5200146356347669,1.1764705882352942,0.0136449607089161,0.0126992706209421,0.000945690087974,0.0482627559252752
adult_celltype__at2_cell,ZJU_HCL_adult_celltype,AT2 cell,trrust,formal_abs,codetection_odds_ratio,8,334,334,0.5,0.583653053175087,0.6021652437301904,1.411764705882353,1.2583751678466797,1.2063204646110537,0.0520547032356262,0.1673061063501739
adult_celltype__at2_cell,ZJU_HCL_adult_celltype,AT2 cell,trrust,formal_abs,pearson,9,334,334,0.5,0.5936301050593424,0.6117430453326584,1.588235294117647,0.0326975230127573,0.0244912263005971,0.0082062967121601,0.1872602101186848
adult_celltype__at2_cell,ZJU_HCL_adult_celltype,AT2 cell,trrust,formal_abs,spearman,9,334,334,0.5,0.5867277421205495,0.6011967908324306,1.4705882352941178,0.0263903513550758,0.0200929976999759,0.0062973536550998,0.1734554842410987
adult_celltype__at2_cell,ZJU_HCL_adult_celltype,AT2 cell,trrust,formal_abs,mutual_information,9,334,334,0.5,0.5809279644304206,0.5925221465566292,1.4705882352941178,0.000360986101441,0.0002091147471219,0.0001518713543191,0.1618559288608412
adult_celltype__at2_cell,ZJU_HCL_adult_celltype,AT2 cell,trrust,formal_abs,coexpression_probability,9,334,334,0.5,0.5264396356986626,0.5204706613463792,1.1176470588235294,0.0136449607089161,0.0129019184969365,0.0007430422119796,0.0528792713973251
adult_celltype__at2_cell,ZJU_HCL_adult_celltype,AT2 cell,trrust,formal_abs,codetection_odds_ratio,9,334,334,0.5,0.5919717451324895,0.6299996664994503,1.8235294117647056,1.2583751678466797,1.202311396598816,0.0560637712478637,0.183943490264979
adult_celltype__at2_cell,ZJU_HCL_adult_celltype,AT2 cell,dorothea_ab,formal_abs,pearson,0,541,541,0.5,0.5447637530280407,0.5497495835330135,1.309090909090909,0.0259045287966728,0.0211181547492742,0.0047863740473985,0.0895275060560816
adult_celltype__at2_cell,ZJU_HCL_adult_celltype,AT2 cell,dorothea_ab,formal_abs,spearman,0,541,541,0.5,0.5289068986370826,0.5415185951110602,1.3454545454545457,0.021234605461359,0.0184786114841699,0.002755993977189,0.0578137972741654
adult_celltype__at2_cell,ZJU_HCL_adult_celltype,AT2 cell,dorothea_ab,formal_abs,mutual_information,0,541,541,0.5,0.5285259377957572,0.5332972048349225,1.2363636363636363,0.0002471831976436,0.0002013413322856,4.584186535794288e-05,0.0570518755915143
adult_celltype__at2_cell,ZJU_HCL_adult_celltype,AT2 cell,dorothea_ab,formal_abs,coexpression_probability,0,541,541,0.5,0.5080292195256952,0.5054335286417352,1.018181818181818,0.0106727909296751,0.0102674951776862,0.0004052957519888,0.0160584390513904
adult_celltype__at2_cell,ZJU_HCL_adult_celltype,AT2 cell,dorothea_ab,formal_abs,codetection_odds_ratio,0,541,541,0.5,0.5415742736973018,0.5636189514922206,1.4181818181818182,1.2066442966461182,1.190202713012695,0.0164415836334228,0.0831485473946036
adult_celltype__at2_cell,ZJU_HCL_adult_celltype,AT2 cell,dorothea_ab,formal_abs,pearson,1,541,541,0.5,0.5283602283715034,0.5359515896219261,1.2363636363636363,0.0259045287966728,0.0240127928555011,0.0018917359411716,0.0567204567430068
adult_celltype__at2_cell,ZJU_HCL_adult_celltype,AT2 cell,dorothea_ab,formal_abs,spearman,1,541,541,0.5,0.520864012354748,0.5306858564995396,1.2,0.021234605461359,0.0195017680525779,0.001732837408781,0.0417280247094959
adult_celltype__at2_cell,ZJU_HCL_adult_celltype,AT2 cell,dorothea_ab,formal_abs,mutual_information,1,541,541,0.5,0.5195520037173579,0.5223070022273454,1.2,0.0002471831976436,0.0002298049512319,1.7378246411681175e-05,0.0391040074347155
adult_celltype__at2_cell,ZJU_HCL_adult_celltype,AT2 cell,dorothea_ab,formal_abs,coexpression_probability,1,541,541,0.5,0.5061500404877666,0.5048975993371747,0.9818181818181818,0.0106727909296751,0.0101323965936899,0.0005403943359851,0.0123000809755331
adult_celltype__at2_cell,ZJU_HCL_adult_celltype,AT2 cell,dorothea_ab,formal_abs,codetection_odds_ratio,1,541,541,0.5,0.5334271783955911,0.5464348169763632,1.2363636363636363,1.2066442966461182,1.192961812019348,0.01368248462677,0.0668543567911821
adult_celltype__at2_cell,ZJU_HCL_adult_celltype,AT2 cell,dorothea_ab,formal_abs,pearson,2,541,541,0.5,0.5314215818587472,0.5407701469123827,1.309090909090909,0.0259045287966728,0.0219557080417871,0.0039488207548856,0.0628431637174944
adult_celltype__at2_cell,ZJU_HCL_adult_celltype,AT2 cell,dorothea_ab,formal_abs,spearman,2,541,541,0.5,0.5188994160878226,0.5308372135859631,1.309090909090909,0.021234605461359,0.0192412231117486,0.0019933823496103,0.037798832175645
adult_celltype__at2_cell,ZJU_HCL_adult_celltype,AT2 cell,dorothea_ab,formal_abs,mutual_information,2,541,541,0.5,0.5196664628042135,0.5261924065286765,1.2363636363636363,0.0002471831976436,0.0002173239045077,2.985929313581437e-05,0.0393329256084269
adult_celltype__at2_cell,ZJU_HCL_adult_celltype,AT2 cell,dorothea_ab,formal_abs,coexpression_probability,2,541,541,0.5,0.5041922775991609,0.5038657342596065,0.9818181818181818,0.0106727909296751,0.0102674951776862,0.0004052957519888,0.0083845551983217
adult_celltype__at2_cell,ZJU_HCL_adult_celltype,AT2 cell,dorothea_ab,formal_abs,codetection_odds_ratio,2,541,541,0.5,0.5240637417529665,0.5402118425745446,1.2,1.2066442966461182,1.2032997608184814,0.0033445358276367,0.0481274835059331
adult_celltype__at2_cell,ZJU_HCL_adult_celltype,AT2 cell,dorothea_ab,formal_abs,pearson,3,541,541,0.5,0.5312507474007537,0.5470649345511238,1.3818181818181818,0.0259045287966728,0.0232912935316562,0.0026132352650165,0.0625014948015074
adult_celltype__at2_cell,ZJU_HCL_adult_celltype,AT2 cell,dorothea_ab,formal_abs,spearman,3,541,541,0.5,0.5191215008832142,0.5365691505723955,1.4181818181818182,0.021234605461359,0.0187192652374506,0.0025153402239084,0.0382430017664283
adult_celltype__at2_cell,ZJU_HCL_adult_celltype,AT2 cell,dorothea_ab,formal_abs,mutual_information,3,541,541,0.5,0.5176369494432506,0.5260476779743266,1.2727272727272727,0.0002471831976436,0.0002077314420603,3.9451755583286285e-05,0.0352738988865009
adult_celltype__at2_cell,ZJU_HCL_adult_celltype,AT2 cell,dorothea_ab,formal_abs,coexpression_probability,3,541,541,0.5,0.5076773005422286,0.506083699410162,0.9818181818181818,0.0106727909296751,0.0106727909296751,0.0,0.0153546010844571
adult_celltype__at2_cell,ZJU_HCL_adult_celltype,AT2 cell,dorothea_ab,formal_abs,codetection_odds_ratio,3,541,541,0.5,0.5320792945220222,0.5560113998188114,1.4181818181818182,1.2066442966461182,1.2018779516220093,0.0047663450241088,0.0641585890440445
adult_celltype__at2_cell,ZJU_HCL_adult_celltype,AT2 cell,dorothea_ab,formal_abs,pearson,4,541,541,0.5,0.5483341932001052,0.5537121477468843,1.3454545454545457,0.0259045287966728,0.0208266582340002,0.0050778705626726,0.0966683864002104
adult_celltype__at2_cell,ZJU_HCL_adult_celltype,AT2 cell,dorothea_ab,formal_abs,spearman,4,541,541,0.5,0.5411044789378197,0.5490759104730457,1.3818181818181818,0.021234605461359,0.0181245133280754,0.0031100921332836,0.0822089578756393
adult_celltype__at2_cell,ZJU_HCL_adult_celltype,AT2 cell,dorothea_ab,formal_abs,mutual_information,4,541,541,0.5,0.5395259685459596,0.5405279775894447,1.2727272727272727,0.0002471831976436,0.0001836327137425,6.355048390105367e-05,0.0790519370919191
adult_celltype__at2_cell,ZJU_HCL_adult_celltype,AT2 cell,dorothea_ab,formal_abs,coexpression_probability,4,541,541,0.5,0.5084699724273185,0.5061741587662193,1.018181818181818,0.0106727909296751,0.0099972980096936,0.0006754929199814,0.016939944854637
adult_celltype__at2_cell,ZJU_HCL_adult_celltype,AT2 cell,dorothea_ab,formal_abs,codetection_odds_ratio,4,541,541,0.5,0.5488825718102645,0.565184097553513,1.3454545454545457,1.2066442966461182,1.1804007291793823,0.0262435674667358,0.0977651436205289
adult_celltype__at2_cell,ZJU_HCL_adult_celltype,AT2 cell,dorothea_ab,formal_abs,pearson,5,541,541,0.5,0.548761279345089,0.5499156562655494,1.2727272727272727,0.0259045287966728,0.0214325860142707,0.004471942782402,0.097522558690178
adult_celltype__at2_cell,ZJU_HCL_adult_celltype,AT2 cell,dorothea_ab,formal_abs,spearman,5,541,541,0.5,0.5385966290944749,0.5437645126719847,1.2727272727272727,0.021234605461359,0.0176289919763803,0.0036056134849786,0.0771932581889498
adult_celltype__at2_cell,ZJU_HCL_adult_celltype,AT2 cell,dorothea_ab,formal_abs,mutual_information,5,541,541,0.5,0.539596010673737,0.5359986375158964,1.1272727272727272,0.0002471831976436,0.0001754167169565,7.176648068707436e-05,0.0791920213474739
adult_celltype__at2_cell,ZJU_HCL_adult_celltype,AT2 cell,dorothea_ab,formal_abs,coexpression_probability,5,541,541,0.5,0.5116628684472173,0.5067310464885053,0.9818181818181818,0.0106727909296751,0.0102674951776862,0.0004052957519888,0.0233257368944346
adult_celltype__at2_cell,ZJU_HCL_adult_celltype,AT2 cell,dorothea_ab,formal_abs,codetection_odds_ratio,5,541,541,0.5,0.5536420198099636,0.5699376851709045,1.4181818181818182,1.2066442966461182,1.176792860031128,0.0298514366149902,0.1072840396199275
adult_celltype__at2_cell,ZJU_HCL_adult_celltype,AT2 cell,dorothea_ab,formal_abs,pearson,6,541,541,0.5,0.5309056617956068,0.5408557597282615,1.3818181818181818,0.0259045287966728,0.0224117655307054,0.0034927632659673,0.0618113235912136
adult_celltype__at2_cell,ZJU_HCL_adult_celltype,AT2 cell,dorothea_ab,formal_abs,spearman,6,541,541,0.5,0.5194255862184426,0.5333751052494176,1.309090909090909,0.021234605461359,0.0193736851215362,0.0018609203398227,0.0388511724368851
adult_celltype__at2_cell,ZJU_HCL_adult_celltype,AT2 cell,dorothea_ab,formal_abs,mutual_information,6,541,541,0.5,0.5214004325528476,0.5289644277985339,1.2727272727272727,0.0002471831976436,0.0002145995240425,3.2583673601038754e-05,0.0428008651056952
adult_celltype__at2_cell,ZJU_HCL_adult_celltype,AT2 cell,dorothea_ab,formal_abs,coexpression_probability,6,541,541,0.5,0.5068829203125588,0.5051020147837435,0.9818181818181818,0.0106727909296751,0.0104025937616825,0.0002701971679925,0.0137658406251175
adult_celltype__at2_cell,ZJU_HCL_adult_celltype,AT2 cell,dorothea_ab,formal_abs,codetection_odds_ratio,6,541,541,0.5,0.5293322764374866,0.545759669844889,1.309090909090909,1.2066442966461182,1.1956332921981812,0.011011004447937,0.0586645528749731
adult_celltype__at2_cell,ZJU_HCL_adult_celltype,AT2 cell,dorothea_ab,formal_abs,pearson,7,541,541,0.5,0.5417878167697937,0.5476074822170177,1.309090909090909,0.0259045287966728,0.0211652815341949,0.0047392472624778,0.0835756335395874
adult_celltype__at2_cell,ZJU_HCL_adult_celltype,AT2 cell,dorothea_ab,formal_abs,spearman,7,541,541,0.5,0.5342608505505995,0.5408724855262202,1.309090909090909,0.021234605461359,0.0183842182159423,0.0028503872454166,0.0685217011011989
adult_celltype__at2_cell,ZJU_HCL_adult_celltype,AT2 cell,dorothea_ab,formal_abs,mutual_information,7,541,541,0.5,0.5296739453534736,0.533124974088429,1.2727272727272727,0.0002471831976436,0.0002025938883889,4.45893092546612e-05,0.0593478907069471
adult_celltype__at2_cell,ZJU_HCL_adult_celltype,AT2 cell,dorothea_ab,formal_abs,coexpression_probability,7,541,541,0.5,0.5091994355629508,0.5060654366121512,1.018181818181818,0.0106727909296751,0.0105376923456788,0.0001350985839962,0.0183988711259015
adult_celltype__at2_cell,ZJU_HCL_adult_celltype,AT2 cell,dorothea_ab,formal_abs,codetection_odds_ratio,7,541,541,0.5,0.547261352803906,0.5578909400274267,1.3454545454545457,1.2066442966461182,1.183390736579895,0.0232535600662231,0.0945227056078119
adult_celltype__at2_cell,ZJU_HCL_adult_celltype,AT2 cell,dorothea_ab,formal_abs,pearson,8,541,541,0.5,0.5483444432675848,0.5491919616422359,1.2363636363636363,0.0259045287966728,0.0214103236794471,0.0044942051172256,0.0966888865351696
adult_celltype__at2_cell,ZJU_HCL_adult_celltype,AT2 cell,dorothea_ab,formal_abs,spearman,8,541,541,0.5,0.5340182656202486,0.5392595093848346,1.2363636363636363,0.021234605461359,0.0183858312666416,0.0028487741947174,0.0680365312404973
adult_celltype__at2_cell,ZJU_HCL_adult_celltype,AT2 cell,dorothea_ab,formal_abs,mutual_information,8,541,541,0.5,0.5311994970633557,0.5319175558743083,1.1272727272727272,0.0002471831976436,0.0001895090972539,5.767410038970411e-05,0.0623989941267113
adult_celltype__at2_cell,ZJU_HCL_adult_celltype,AT2 cell,dorothea_ab,formal_abs,coexpression_probability,8,541,541,0.5,0.5074808409155359,0.5054300189101377,0.9818181818181818,0.0106727909296751,0.0102674951776862,0.0004052957519888,0.014961681831072
adult_celltype__at2_cell,ZJU_HCL_adult_celltype,AT2 cell,dorothea_ab,formal_abs,codetection_odds_ratio,8,541,541,0.5,0.5453223817056796,0.5553311291267022,1.309090909090909,1.2066442966461182,1.1773948669433594,0.0292494297027587,0.0906447634113591
adult_celltype__at2_cell,ZJU_HCL_adult_celltype,AT2 cell,dorothea_ab,formal_abs,pearson,9,541,541,0.5,0.5422593198738559,0.5575517907984245,1.3818181818181818,0.0259045287966728,0.0219509284943342,0.0039536003023386,0.0845186397477115
adult_celltype__at2_cell,ZJU_HCL_adult_celltype,AT2 cell,dorothea_ab,formal_abs,spearman,9,541,541,0.5,0.5304717422723033,0.547988893751768,1.3818181818181818,0.021234605461359,0.0190325584262609,0.002202047035098,0.0609434845446066
adult_celltype__at2_cell,ZJU_HCL_adult_celltype,AT2 cell,dorothea_ab,formal_abs,mutual_information,9,541,541,0.5,0.5306169515615977,0.5426256033911817,1.309090909090909,0.0002471831976436,0.0002025938883889,4.45893092546612e-05,0.0612339031231956
adult_celltype__at2_cell,ZJU_HCL_adult_celltype,AT2 cell,dorothea_ab,formal_abs,coexpression_probability,9,541,541,0.5,0.5071852973032073,0.5054832841574773,1.018181818181818,0.0106727909296751,0.0104025937616825,0.0002701971679925,0.0143705946064145
adult_celltype__at2_cell,ZJU_HCL_adult_celltype,AT2 cell,dorothea_ab,formal_abs,codetection_odds_ratio,9,541,541,0.5,0.5412223547138353,0.559882544300301,1.3818181818181818,1.2066442966461182,1.1917195320129397,0.0149247646331787,0.0824447094276703
adult_celltype__at2_cell,ZJU_HCL_adult_celltype,AT2 cell,trrust_dorothea_intersection,formal_abs,pearson,0,157,157,0.5,0.6005111769240132,0.6066805927519171,1.625,0.0367148891091346,0.0261078216135501,0.0106070674955844,0.2010223538480262
adult_celltype__at2_cell,ZJU_HCL_adult_celltype,AT2 cell,trrust_dorothea_intersection,formal_abs,spearman,0,157,157,0.5,0.5835936549150067,0.5827046724865893,1.25,0.0286691077053546,0.0206937920302152,0.0079753156751394,0.1671873098300134
adult_celltype__at2_cell,ZJU_HCL_adult_celltype,AT2 cell,trrust_dorothea_intersection,formal_abs,mutual_information,0,157,157,0.5,0.5752363179033633,0.5778226050050435,1.5,0.0003918635193258,0.0002383957471465,0.0001534677721792,0.1504726358067265
adult_celltype__at2_cell,ZJU_HCL_adult_celltype,AT2 cell,trrust_dorothea_intersection,formal_abs,coexpression_probability,0,157,157,0.5,0.5137328086332102,0.510878665511417,1.0,0.0147257493808865,0.0137800592929124,0.000945690087974,0.0274656172664204
adult_celltype__at2_cell,ZJU_HCL_adult_celltype,AT2 cell,trrust_dorothea_intersection,formal_abs,codetection_odds_ratio,0,157,157,0.5,0.5761694186376729,0.5867486318545242,1.125,1.2588528394699097,1.2177815437316897,0.0410712957382202,0.1523388372753458
adult_celltype__at2_cell,ZJU_HCL_adult_celltype,AT2 cell,trrust_dorothea_intersection,formal_abs,pearson,1,157,157,0.5,0.5998620633697107,0.6289958327220482,1.75,0.0367148891091346,0.0264627821743488,0.0102521069347858,0.1997241267394214
adult_celltype__at2_cell,ZJU_HCL_adult_celltype,AT2 cell,trrust_dorothea_intersection,formal_abs,spearman,1,157,157,0.5,0.5822548582092579,0.608132323620748,1.375,0.0286691077053546,0.0227930340915918,0.0058760736137628,0.1645097164185158
adult_celltype__at2_cell,ZJU_HCL_adult_celltype,AT2 cell,trrust_dorothea_intersection,formal_abs,mutual_information,1,157,157,0.5,0.5740395147876182,0.6000645991179053,1.625,0.0003918635193258,0.0002543783921282,0.0001374851271975,0.1480790295752363
adult_celltype__at2_cell,ZJU_HCL_adult_celltype,AT2 cell,trrust_dorothea_intersection,formal_abs,coexpression_probability,1,157,157,0.5,0.5169580916061504,0.5134515449495858,1.0,0.0147257493808865,0.014050256460905,0.0006754929199814,0.0339161832123007
adult_celltype__at2_cell,ZJU_HCL_adult_celltype,AT2 cell,trrust_dorothea_intersection,formal_abs,codetection_odds_ratio,1,157,157,0.5,0.5868392226865188,0.6197274161176594,1.875,1.2588528394699097,1.212433934211731,0.0464189052581787,0.1736784453730373
adult_celltype__at2_cell,ZJU_HCL_adult_celltype,AT2 cell,trrust_dorothea_intersection,formal_abs,pearson,2,157,157,0.5,0.6287070469390239,0.64522282247591,1.625,0.0367148891091346,0.0230932682752609,0.0136216208338737,0.2574140938780478
adult_celltype__at2_cell,ZJU_HCL_adult_celltype,AT2 cell,trrust_dorothea_intersection,formal_abs,spearman,2,157,157,0.5,0.6150756622986734,0.6250383828609094,1.375,0.0286691077053546,0.0172879584133625,0.0113811492919921,0.2301513245973467
adult_celltype__at2_cell,ZJU_HCL_adult_celltype,AT2 cell,trrust_dorothea_intersection,formal_abs,mutual_information,2,157,157,0.5,0.6080774067913506,0.6165433938304282,1.5,0.0003918635193258,0.0001895090972539,0.0002023544220719,0.2161548135827011
adult_celltype__at2_cell,ZJU_HCL_adult_celltype,AT2 cell,trrust_dorothea_intersection,formal_abs,coexpression_probability,2,157,157,0.5,0.5206904945433892,0.5146975124508716,1.0,0.0147257493808865,0.0133747635409235,0.0013509858399629,0.0413809890867784
adult_celltype__at2_cell,ZJU_HCL_adult_celltype,AT2 cell,trrust_dorothea_intersection,formal_abs,codetection_odds_ratio,2,157,157,0.5,0.6191529068116354,0.6396754499558928,1.625,1.2588528394699097,1.188597321510315,0.0702555179595947,0.2383058136232707
adult_celltype__at2_cell,ZJU_HCL_adult_celltype,AT2 cell,trrust_dorothea_intersection,formal_abs,pearson,3,157,157,0.5,0.5900847904580308,0.636702119769023,1.625,0.0367148891091346,0.027430023998022,0.0092848651111125,0.1801695809160615
adult_celltype__at2_cell,ZJU_HCL_adult_celltype,AT2 cell,trrust_dorothea_intersection,formal_abs,spearman,3,157,157,0.5,0.5581565175057812,0.5997626830144842,1.375,0.0286691077053546,0.0244509503245353,0.0042181573808193,0.1163130350115624
adult_celltype__at2_cell,ZJU_HCL_adult_celltype,AT2 cell,trrust_dorothea_intersection,formal_abs,mutual_information,3,157,157,0.5,0.5501845916670048,0.5891727124560578,1.5,0.0003918635193258,0.000296749320114,9.511419921182096e-05,0.1003691833340094
adult_celltype__at2_cell,ZJU_HCL_adult_celltype,AT2 cell,trrust_dorothea_intersection,formal_abs,coexpression_probability,3,157,157,0.5,0.5154367317132541,0.5107761530671331,1.0,0.0147257493808865,0.0145906507968902,0.0001350985839962,0.0308734634265082
adult_celltype__at2_cell,ZJU_HCL_adult_celltype,AT2 cell,trrust_dorothea_intersection,formal_abs,codetection_odds_ratio,3,157,157,0.5,0.5748306219319242,0.6162169748430699,1.75,1.2588528394699097,1.2099555730819702,0.0488972663879394,0.1496612438638485
adult_celltype__at2_cell,ZJU_HCL_adult_celltype,AT2 cell,trrust_dorothea_intersection,formal_abs,pearson,4,157,157,0.5,0.6119518033185931,0.6383229076495864,1.625,0.0367148891091346,0.0249360892921686,0.011778799816966,0.223903606637186
adult_celltype__at2_cell,ZJU_HCL_adult_celltype,AT2 cell,trrust_dorothea_intersection,formal_abs,spearman,4,157,157,0.5,0.5809160615035093,0.5988204097005398,1.375,0.0286691077053546,0.0212510768324136,0.007418030872941,0.1618321230070185
adult_celltype__at2_cell,ZJU_HCL_adult_celltype,AT2 cell,trrust_dorothea_intersection,formal_abs,mutual_information,4,157,157,0.5,0.5736338188161791,0.5993855156245775,1.5,0.0003918635193258,0.0002190040831919,0.0001728594361338,0.1472676376323582
adult_celltype__at2_cell,ZJU_HCL_adult_celltype,AT2 cell,trrust_dorothea_intersection,formal_abs,coexpression_probability,4,157,157,0.5,0.5130431254817639,0.5118431948691888,1.0,0.0147257493808865,0.013104566372931,0.0016211830079555,0.026086250963528
adult_celltype__at2_cell,ZJU_HCL_adult_celltype,AT2 cell,trrust_dorothea_intersection,formal_abs,codetection_odds_ratio,4,157,157,0.5,0.5746480587447766,0.5891913215172107,1.375,1.2588528394699097,1.2098957300186155,0.0489571094512939,0.1492961174895533
adult_celltype__at2_cell,ZJU_HCL_adult_celltype,AT2 cell,trrust_dorothea_intersection,formal_abs,pearson,5,157,157,0.5,0.6105318674185565,0.6393936088879987,1.625,0.0367148891091346,0.0241872183978557,0.0125276707112789,0.2210637348371131
adult_celltype__at2_cell,ZJU_HCL_adult_celltype,AT2 cell,trrust_dorothea_intersection,formal_abs,spearman,5,157,157,0.5,0.6023368087954886,0.618130371878281,1.375,0.0286691077053546,0.0191989261656999,0.0094701815396547,0.2046736175909773
adult_celltype__at2_cell,ZJU_HCL_adult_celltype,AT2 cell,trrust_dorothea_intersection,formal_abs,mutual_information,5,157,157,0.5,0.587975171406548,0.6081794289422475,1.5,0.0003918635193258,0.0002127109473804,0.0001791525719454,0.1759503428130959
adult_celltype__at2_cell,ZJU_HCL_adult_celltype,AT2 cell,trrust_dorothea_intersection,formal_abs,coexpression_probability,5,157,157,0.5,0.5241997646963366,0.5156421853637596,1.0,0.0147257493808865,0.0136449607089161,0.0010807886719703,0.0483995293926731
adult_celltype__at2_cell,ZJU_HCL_adult_celltype,AT2 cell,trrust_dorothea_intersection,formal_abs,codetection_odds_ratio,5,157,157,0.5,0.6286461925433081,0.641558503383354,1.75,1.2588528394699097,1.1778839826583862,0.0809688568115234,0.257292385086616
adult_celltype__at2_cell,ZJU_HCL_adult_celltype,AT2 cell,trrust_dorothea_intersection,formal_abs,pearson,6,157,157,0.5,0.5961702300296159,0.6205723151000981,1.625,0.0367148891091346,0.0286463815718889,0.0080685075372457,0.1923404600592315
adult_celltype__at2_cell,ZJU_HCL_adult_celltype,AT2 cell,trrust_dorothea_intersection,formal_abs,spearman,6,157,157,0.5,0.5759260010548095,0.5812040739637557,1.375,0.0286691077053546,0.0219866335391998,0.0066824741661548,0.151852002109619
adult_celltype__at2_cell,ZJU_HCL_adult_celltype,AT2 cell,trrust_dorothea_intersection,formal_abs,mutual_information,6,157,157,0.5,0.576960525781979,0.5832281256688743,1.5,0.0003918635193258,0.0002390826848568,0.000152780834469,0.1539210515639579
adult_celltype__at2_cell,ZJU_HCL_adult_celltype,AT2 cell,trrust_dorothea_intersection,formal_abs,coexpression_probability,6,157,157,0.5,0.5139153718203578,0.5110292705952458,1.0,0.0147257493808865,0.0137800592929124,0.000945690087974,0.0278307436407156
adult_celltype__at2_cell,ZJU_HCL_adult_celltype,AT2 cell,trrust_dorothea_intersection,formal_abs,codetection_odds_ratio,6,157,157,0.5,0.5640999634873627,0.5917276013552141,1.375,1.2588528394699097,1.232554912567139,0.0262979269027709,0.1281999269747251
adult_celltype__at2_cell,ZJU_HCL_adult_celltype,AT2 cell,trrust_dorothea_intersection,formal_abs,pearson,7,157,157,0.5,0.6158464846444075,0.6318527880757941,1.625,0.0367148891091346,0.0216872878372669,0.0150276012718677,0.231692969288815
adult_celltype__at2_cell,ZJU_HCL_adult_celltype,AT2 cell,trrust_dorothea_intersection,formal_abs,spearman,7,157,157,0.5,0.5943040285609964,0.6023891286504128,1.375,0.0286691077053546,0.0209334772080183,0.0077356304973363,0.1886080571219928
adult_celltype__at2_cell,ZJU_HCL_adult_celltype,AT2 cell,trrust_dorothea_intersection,formal_abs,mutual_information,7,157,157,0.5,0.5792527080206094,0.5922131168738198,1.5,0.0003918635193258,0.0002160605072276,0.0001758030120981,0.1585054160412187
adult_celltype__at2_cell,ZJU_HCL_adult_celltype,AT2 cell,trrust_dorothea_intersection,formal_abs,coexpression_probability,7,157,157,0.5,0.5174246419733052,0.5123604535253125,1.0,0.0147257493808865,0.014050256460905,0.0006754929199814,0.0348492839466103
adult_celltype__at2_cell,ZJU_HCL_adult_celltype,AT2 cell,trrust_dorothea_intersection,formal_abs,codetection_odds_ratio,7,157,157,0.5,0.6004706073268692,0.5960987716083406,1.125,1.2588528394699097,1.1948637962341309,0.0639890432357788,0.2009412146537386
adult_celltype__at2_cell,ZJU_HCL_adult_celltype,AT2 cell,trrust_dorothea_intersection,formal_abs,pearson,8,157,157,0.5,0.6033510487240862,0.6058357579441732,1.625,0.0367148891091346,0.0246396604925394,0.0120752286165952,0.2067020974481723
adult_celltype__at2_cell,ZJU_HCL_adult_celltype,AT2 cell,trrust_dorothea_intersection,formal_abs,spearman,8,157,157,0.5,0.5833096677349994,0.5798469670638243,1.125,0.0286691077053546,0.019461965188384,0.0092071425169706,0.1666193354699987
adult_celltype__at2_cell,ZJU_HCL_adult_celltype,AT2 cell,trrust_dorothea_intersection,formal_abs,mutual_information,8,157,157,0.5,0.5725992940890098,0.5669004931719921,1.375,0.0003918635193258,0.0002072170464089,0.0001846464729169,0.1451985881780193
adult_celltype__at2_cell,ZJU_HCL_adult_celltype,AT2 cell,trrust_dorothea_intersection,formal_abs,coexpression_probability,8,157,157,0.5,0.5178303379447442,0.5112814447922287,1.125,0.0147257493808865,0.0133747635409235,0.0013509858399629,0.0356606758894884
adult_celltype__at2_cell,ZJU_HCL_adult_celltype,AT2 cell,trrust_dorothea_intersection,formal_abs,codetection_odds_ratio,8,157,157,0.5,0.5909773215951966,0.6170417002551637,1.5,1.2588528394699097,1.1947338581085205,0.0641189813613891,0.1819546431903931
adult_celltype__at2_cell,ZJU_HCL_adult_celltype,AT2 cell,trrust_dorothea_intersection,formal_abs,pearson,9,157,157,0.5,0.5864740963122237,0.6047789761697093,1.625,0.0367148891091346,0.0261756423860788,0.0105392467230558,0.1729481926244471
adult_celltype__at2_cell,ZJU_HCL_adult_celltype,AT2 cell,trrust_dorothea_intersection,formal_abs,spearman,9,157,157,0.5,0.5729644204633049,0.5798013753079814,1.25,0.0286691077053546,0.021484712138772,0.0071843955665826,0.1459288409266095
adult_celltype__at2_cell,ZJU_HCL_adult_celltype,AT2 cell,trrust_dorothea_intersection,formal_abs,mutual_information,9,157,157,0.5,0.560651547730131,0.5623576817233482,1.5,0.0003918635193258,0.0002395449118921,0.0001523186074336,0.121303095460262
adult_celltype__at2_cell,ZJU_HCL_adult_celltype,AT2 cell,trrust_dorothea_intersection,formal_abs,coexpression_probability,9,157,157,0.5,0.5181346099233235,0.5119535201323717,1.0,0.0147257493808865,0.0133747635409235,0.0013509858399629,0.0362692198466469
adult_celltype__at2_cell,ZJU_HCL_adult_celltype,AT2 cell,trrust_dorothea_intersection,formal_abs,codetection_odds_ratio,9,157,157,0.5,0.5907541888109051,0.6039547937065559,1.375,1.2588528394699097,1.2057710886001587,0.0530817508697509,0.1815083776218102
adult_celltype__at2_cell,ZJU_HCL_adult_celltype,AT2 cell,trrust_dorothea_union,formal_abs,pearson,0,718,718,0.5,0.5553495084612938,0.562396906292054,1.2777777777777777,0.0267335381358861,0.0211609322577714,0.0055726058781147,0.1106990169225874
adult_celltype__at2_cell,ZJU_HCL_adult_celltype,AT2 cell,trrust_dorothea_union,formal_abs,spearman,0,718,718,0.5,0.5485098656900552,0.5603199955494624,1.3055555555555556,0.0215268963947892,0.0182544747367501,0.003272421658039,0.0970197313801104
adult_celltype__at2_cell,ZJU_HCL_adult_celltype,AT2 cell,trrust_dorothea_union,formal_abs,mutual_information,0,718,718,0.5,0.5477679021733227,0.5534821581693093,1.2777777777777777,0.0002573829842731,0.000185983168194,7.13998160790652e-05,0.0955358043466454
adult_celltype__at2_cell,ZJU_HCL_adult_celltype,AT2 cell,trrust_dorothea_union,formal_abs,coexpression_probability,0,718,718,0.5,0.516179654099518,0.5112352496922679,1.0277777777777777,0.0110105373896658,0.0106052416376769,0.0004052957519888,0.0323593081990363
adult_celltype__at2_cell,ZJU_HCL_adult_celltype,AT2 cell,trrust_dorothea_union,formal_abs,codetection_odds_ratio,0,718,718,0.5,0.5650512876219147,0.5854838229697092,1.5,1.220366895198822,1.1782589554786682,0.0421079397201538,0.1301025752438296
adult_celltype__at2_cell,ZJU_HCL_adult_celltype,AT2 cell,trrust_dorothea_union,formal_abs,pearson,1,718,718,0.5,0.5487329396885499,0.5676449659710637,1.4444444444444444,0.0267335381358861,0.0219562212005257,0.0047773169353604,0.0974658793770997
adult_celltype__at2_cell,ZJU_HCL_adult_celltype,AT2 cell,trrust_dorothea_union,formal_abs,spearman,1,718,718,0.5,0.5433015727686781,0.5615764699990162,1.4444444444444444,0.0215268963947892,0.0190164986997842,0.0025103976950049,0.0866031455373561
adult_celltype__at2_cell,ZJU_HCL_adult_celltype,AT2 cell,trrust_dorothea_union,formal_abs,mutual_information,1,718,718,0.5,0.5399457639217573,0.5550925929086692,1.3888888888888888,0.0002573829842731,0.0002062858256977,5.109715857543051e-05,0.0798915278435146
adult_celltype__at2_cell,ZJU_HCL_adult_celltype,AT2 cell,trrust_dorothea_union,formal_abs,coexpression_probability,1,718,718,0.5,0.5122176659088616,0.510318927176354,1.0277777777777777,0.0110105373896658,0.0108078895136713,0.0002026478759944,0.0244353318177232
adult_celltype__at2_cell,ZJU_HCL_adult_celltype,AT2 cell,trrust_dorothea_union,formal_abs,codetection_odds_ratio,1,718,718,0.5,0.5550740605675002,0.5684442619388224,1.3888888888888888,1.220366895198822,1.182420253753662,0.0379466414451599,0.1101481211350006
adult_celltype__at2_cell,ZJU_HCL_adult_celltype,AT2 cell,trrust_dorothea_union,formal_abs,pearson,2,718,718,0.5,0.5628350959412172,0.5703874915880982,1.3333333333333333,0.0267335381358861,0.0213431054726243,0.0053904326632618,0.1256701918824341
adult_celltype__at2_cell,ZJU_HCL_adult_celltype,AT2 cell,trrust_dorothea_union,formal_abs,spearman,2,718,718,0.5,0.553683242681233,0.5680344152333701,1.4444444444444444,0.0215268963947892,0.0183781664818525,0.0031487299129366,0.107366485362466
adult_celltype__at2_cell,ZJU_HCL_adult_celltype,AT2 cell,trrust_dorothea_union,formal_abs,mutual_information,2,718,718,0.5,0.549700886864627,0.5578992668232803,1.3611111111111112,0.0002573829842731,0.0001902495278045,6.713345646858215e-05,0.099401773729254
adult_celltype__at2_cell,ZJU_HCL_adult_celltype,AT2 cell,trrust_dorothea_union,formal_abs,coexpression_probability,2,718,718,0.5,0.5151826103149417,0.5116578435395334,1.0277777777777777,0.0110105373896658,0.0103350444696843,0.0006754929199814,0.0303652206298834
adult_celltype__at2_cell,ZJU_HCL_adult_celltype,AT2 cell,trrust_dorothea_union,formal_abs,codetection_odds_ratio,2,718,718,0.5,0.5638321397257935,0.5822408242537945,1.4722222222222223,1.220366895198822,1.183002531528473,0.0373643636703491,0.1276642794515872
adult_celltype__at2_cell,ZJU_HCL_adult_celltype,AT2 cell,trrust_dorothea_union,formal_abs,pearson,3,718,718,0.5,0.5498260022811741,0.5609598959121471,1.2777777777777777,0.0267335381358861,0.0229743411764502,0.0037591969594359,0.0996520045623481
adult_celltype__at2_cell,ZJU_HCL_adult_celltype,AT2 cell,trrust_dorothea_union,formal_abs,spearman,3,718,718,0.5,0.5391863424399252,0.552956419329907,1.3333333333333333,0.0215268963947892,0.0187238426879048,0.0028030537068843,0.0783726848798505
adult_celltype__at2_cell,ZJU_HCL_adult_celltype,AT2 cell,trrust_dorothea_union,formal_abs,mutual_information,3,718,718,0.5,0.5390738355537279,0.5476912053962352,1.2777777777777777,0.0002573829842731,0.0002039928076555,5.339017661754042e-05,0.0781476711074558
adult_celltype__at2_cell,ZJU_HCL_adult_celltype,AT2 cell,trrust_dorothea_union,formal_abs,coexpression_probability,3,718,718,0.5,0.5116182757737758,0.5101637626379918,1.0277777777777777,0.0110105373896658,0.0106727909296751,0.0003377464599907,0.0232365515475516
adult_celltype__at2_cell,ZJU_HCL_adult_celltype,AT2 cell,trrust_dorothea_union,formal_abs,codetection_odds_ratio,3,718,718,0.5,0.5508540824481498,0.5628038504914971,1.3055555555555556,1.220366895198822,1.1937682032585144,0.0265986919403076,0.1017081648962996
adult_celltype__at2_cell,ZJU_HCL_adult_celltype,AT2 cell,trrust_dorothea_union,formal_abs,pearson,4,718,718,0.5,0.5623103871012795,0.570975575689146,1.3055555555555556,0.0267335381358861,0.0219017993658781,0.004831738770008,0.1246207742025589
adult_celltype__at2_cell,ZJU_HCL_adult_celltype,AT2 cell,trrust_dorothea_union,formal_abs,spearman,4,718,718,0.5,0.5490035381475935,0.564965252617708,1.3333333333333333,0.0215268963947892,0.0189851420000195,0.0025417543947696,0.098007076295187
adult_celltype__at2_cell,ZJU_HCL_adult_celltype,AT2 cell,trrust_dorothea_union,formal_abs,mutual_information,4,718,718,0.5,0.5480307415367665,0.5564946775875245,1.2777777777777777,0.0002573829842731,0.0001921718067023,6.521117757074535e-05,0.0960614830735329
adult_celltype__at2_cell,ZJU_HCL_adult_celltype,AT2 cell,trrust_dorothea_union,formal_abs,coexpression_probability,4,718,718,0.5,0.5153368223399881,0.5114690281272581,1.0,0.0110105373896658,0.0107403402216732,0.0002701971679925,0.030673644679976
adult_celltype__at2_cell,ZJU_HCL_adult_celltype,AT2 cell,trrust_dorothea_union,formal_abs,codetection_odds_ratio,4,718,718,0.5,0.5613822052901514,0.5832954403394058,1.4722222222222223,1.220366895198822,1.1812487840652466,0.0391181111335754,0.1227644105803027
adult_celltype__at2_cell,ZJU_HCL_adult_celltype,AT2 cell,trrust_dorothea_union,formal_abs,pearson,5,718,718,0.5,0.5546783466919096,0.5625926061100017,1.25,0.0267335381358861,0.0217393264174461,0.00499421171844,0.1093566933838192
adult_celltype__at2_cell,ZJU_HCL_adult_celltype,AT2 cell,trrust_dorothea_union,formal_abs,spearman,5,718,718,0.5,0.5427603758505909,0.5556411542601858,1.25,0.0215268963947892,0.0189554272219538,0.0025714691728353,0.0855207517011817
adult_celltype__at2_cell,ZJU_HCL_adult_celltype,AT2 cell,trrust_dorothea_union,formal_abs,mutual_information,5,718,718,0.5,0.541484004624421,0.5486755223150478,1.25,0.0002573829842731,0.0001919957867357,6.538719753734767e-05,0.0829680092488418
adult_celltype__at2_cell,ZJU_HCL_adult_celltype,AT2 cell,trrust_dorothea_union,formal_abs,coexpression_probability,5,718,718,0.5,0.5137083821509765,0.5105690402129345,1.0,0.0110105373896658,0.0105376923456788,0.000472845043987,0.0274167643019529
adult_celltype__at2_cell,ZJU_HCL_adult_celltype,AT2 cell,trrust_dorothea_union,formal_abs,codetection_odds_ratio,5,718,718,0.5,0.5493769446233346,0.571691932724009,1.3888888888888888,1.220366895198822,1.1897532939910889,0.0306136012077331,0.0987538892466695
adult_celltype__at2_cell,ZJU_HCL_adult_celltype,AT2 cell,trrust_dorothea_union,formal_abs,pearson,6,718,718,0.5,0.5717095615335076,0.5749180403029864,1.3333333333333333,0.0267335381358861,0.0200919723138213,0.0066415658220648,0.1434191230670152
adult_celltype__at2_cell,ZJU_HCL_adult_celltype,AT2 cell,trrust_dorothea_union,formal_abs,spearman,6,718,718,0.5,0.5612541802127544,0.5706260468397075,1.3055555555555556,0.0215268963947892,0.017424420453608,0.0041024759411811,0.1225083604255088
adult_celltype__at2_cell,ZJU_HCL_adult_celltype,AT2 cell,trrust_dorothea_union,formal_abs,mutual_information,6,718,718,0.5,0.5593270148431498,0.5618954300297015,1.2777777777777777,0.0002573829842731,0.0001691812067292,8.82017775438726e-05,0.1186540296862996
adult_celltype__at2_cell,ZJU_HCL_adult_celltype,AT2 cell,trrust_dorothea_union,formal_abs,coexpression_probability,6,718,718,0.5,0.5175200378643865,0.5124790780176417,1.0,0.0110105373896658,0.0104025937616825,0.0006079436279833,0.0350400757287729
adult_celltype__at2_cell,ZJU_HCL_adult_celltype,AT2 cell,trrust_dorothea_union,formal_abs,codetection_odds_ratio,6,718,718,0.5,0.5750042675025799,0.5952311326590211,1.5,1.220366895198822,1.1739212274551392,0.0464456677436828,0.1500085350051598
adult_celltype__at2_cell,ZJU_HCL_adult_celltype,AT2 cell,trrust_dorothea_union,formal_abs,pearson,7,718,718,0.5,0.5581796385813269,0.5659475335085736,1.3333333333333333,0.0267335381358861,0.0206935266032814,0.0060400115326046,0.1163592771626538
adult_celltype__at2_cell,ZJU_HCL_adult_celltype,AT2 cell,trrust_dorothea_union,formal_abs,spearman,7,718,718,0.5,0.5471694819251868,0.5597777223374398,1.3055555555555556,0.0215268963947892,0.0182177359238266,0.0033091604709625,0.0943389638503735
adult_celltype__at2_cell,ZJU_HCL_adult_celltype,AT2 cell,trrust_dorothea_union,formal_abs,mutual_information,7,718,718,0.5,0.5441482840760081,0.5504343646787999,1.25,0.0002573829842731,0.0001842339988797,7.314898539334536e-05,0.0882965681520162
adult_celltype__at2_cell,ZJU_HCL_adult_celltype,AT2 cell,trrust_dorothea_union,formal_abs,coexpression_probability,7,718,718,0.5,0.5138674436107727,0.5114278125632625,1.0,0.0110105373896658,0.0105376923456788,0.000472845043987,0.0277348872215454
adult_celltype__at2_cell,ZJU_HCL_adult_celltype,AT2 cell,trrust_dorothea_union,formal_abs,codetection_odds_ratio,7,718,718,0.5,0.5564018358020189,0.5766171412091408,1.4444444444444444,1.220366895198822,1.1853418946266174,0.0350250005722045,0.1128036716040379
adult_celltype__at2_cell,ZJU_HCL_adult_celltype,AT2 cell,trrust_dorothea_union,formal_abs,pearson,8,718,718,0.5,0.5673528293542105,0.5759307177802075,1.3888888888888888,0.0267335381358861,0.0203149821609258,0.0064185559749603,0.134705658708421
adult_celltype__at2_cell,ZJU_HCL_adult_celltype,AT2 cell,trrust_dorothea_union,formal_abs,spearman,8,718,718,0.5,0.559659686066992,0.5687404498794961,1.3333333333333333,0.0215268963947892,0.0177256455644965,0.0038012508302927,0.119319372133984
adult_celltype__at2_cell,ZJU_HCL_adult_celltype,AT2 cell,trrust_dorothea_union,formal_abs,mutual_information,8,718,718,0.5,0.5546094847184613,0.5589833677646594,1.2777777777777777,0.0002573829842731,0.0001746902999002,8.269268437288702e-05,0.1092189694369223
adult_celltype__at2_cell,ZJU_HCL_adult_celltype,AT2 cell,trrust_dorothea_union,formal_abs,coexpression_probability,8,718,718,0.5,0.5144290081548095,0.5108073932991006,1.0555555555555556,0.0110105373896658,0.0105376923456788,0.000472845043987,0.028858016309619
adult_celltype__at2_cell,ZJU_HCL_adult_celltype,AT2 cell,trrust_dorothea_union,formal_abs,codetection_odds_ratio,8,718,718,0.5,0.5612503006649545,0.5848425026423529,1.4444444444444444,1.220366895198822,1.181874454021454,0.0384924411773681,0.122500601329909
adult_celltype__at2_cell,ZJU_HCL_adult_celltype,AT2 cell,trrust_dorothea_union,formal_abs,pearson,9,718,718,0.5,0.5489375858349951,0.5650948818587853,1.3055555555555556,0.0267335381358861,0.0229241708293557,0.0038093673065304,0.0978751716699901
adult_celltype__at2_cell,ZJU_HCL_adult_celltype,AT2 cell,trrust_dorothea_union,formal_abs,spearman,9,718,718,0.5,0.5439310293992132,0.5611943321813572,1.4166666666666667,0.0215268963947892,0.0192152680829167,0.0023116283118724,0.0878620587984264
adult_celltype__at2_cell,ZJU_HCL_adult_celltype,AT2 cell,trrust_dorothea_union,formal_abs,mutual_information,9,718,718,0.5,0.5461123051497118,0.5554566172144082,1.3055555555555556,0.0002573829842731,0.0001933042949531,6.407868932001293e-05,0.0922246102994235
adult_celltype__at2_cell,ZJU_HCL_adult_celltype,AT2 cell,trrust_dorothea_union,formal_abs,coexpression_probability,9,718,718,0.5,0.5145919491624057,0.5108261978528693,1.0,0.0110105373896658,0.0108754388056695,0.0001350985839962,0.0291838983248111
adult_celltype__at2_cell,ZJU_HCL_adult_celltype,AT2 cell,trrust_dorothea_union,formal_abs,codetection_odds_ratio,9,718,718,0.5,0.556739356460611,0.5798256596262286,1.5,1.220366895198822,1.1837334036827087,0.0366334915161132,0.1134787129212218
adult_celltype__endothelial_cell,ZJU_HCL_adult_celltype,Endothelial cell,trrust,formal_abs,pearson,0,528,528,0.5,0.5439013716712581,0.5552940419414583,1.3584905660377358,0.043349590152502,0.0377973299473524,0.0055522602051496,0.0878027433425161
adult_celltype__endothelial_cell,ZJU_HCL_adult_celltype,Endothelial cell,trrust,formal_abs,spearman,0,528,528,0.5,0.5519470270890725,0.5619418323074137,1.320754716981132,0.0379015281796455,0.031972074881196,0.0059294532984495,0.103894054178145
adult_celltype__endothelial_cell,ZJU_HCL_adult_celltype,Endothelial cell,trrust,formal_abs,mutual_information,0,528,528,0.5,0.5458796057162534,0.5561176433996065,1.320754716981132,0.0007183527341112,0.0005461037508212,0.00017224898329,0.0917592114325069
adult_celltype__endothelial_cell,ZJU_HCL_adult_celltype,Endothelial cell,trrust,formal_abs,coexpression_probability,0,528,528,0.5,0.510743084251607,0.5120650866780367,1.0943396226415094,0.0273999478667974,0.0266806166619062,0.0007193312048912,0.0214861685032139
adult_celltype__endothelial_cell,ZJU_HCL_adult_celltype,Endothelial cell,trrust,formal_abs,codetection_odds_ratio,0,528,528,0.5,0.5638020833333334,0.5772514780573332,1.471698113207547,1.312489628791809,1.2760677337646484,0.0364218950271606,0.1276041666666667
adult_celltype__endothelial_cell,ZJU_HCL_adult_celltype,Endothelial cell,trrust,formal_abs,pearson,1,528,528,0.5,0.5404829545454546,0.5540344005646194,1.320754716981132,0.043349590152502,0.0399102419614791,0.0034393481910228,0.0809659090909091
adult_celltype__endothelial_cell,ZJU_HCL_adult_celltype,Endothelial cell,trrust,formal_abs,spearman,1,528,528,0.5,0.5482093663911847,0.558952987848373,1.2830188679245282,0.0379015281796455,0.0339488014578819,0.0039527267217636,0.0964187327823691
adult_celltype__endothelial_cell,ZJU_HCL_adult_celltype,Endothelial cell,trrust,formal_abs,mutual_information,1,528,528,0.5,0.5402749081726355,0.5533218897870628,1.4339622641509433,0.0007183527341112,0.0005880665848962,0.0001302861492149,0.0805498163452709
adult_celltype__endothelial_cell,ZJU_HCL_adult_celltype,Endothelial cell,trrust,formal_abs,coexpression_probability,1,528,528,0.5,0.5106516155876951,0.5129467565118505,1.0943396226415094,0.0273999478667974,0.0270075853914022,0.0003923624753952,0.0213032311753902
adult_celltype__endothelial_cell,ZJU_HCL_adult_celltype,Endothelial cell,trrust,formal_abs,codetection_odds_ratio,1,528,528,0.5,0.5616175964187329,0.5758480211589587,1.509433962264151,1.312489628791809,1.277710199356079,0.0347794294357299,0.1232351928374655
adult_celltype__endothelial_cell,ZJU_HCL_adult_celltype,Endothelial cell,trrust,formal_abs,pearson,2,528,528,0.5,0.5380796602387511,0.5500513992222552,1.3584905660377358,0.043349590152502,0.0388387069106102,0.0045108832418918,0.0761593204775024
adult_celltype__endothelial_cell,ZJU_HCL_adult_celltype,Endothelial cell,trrust,formal_abs,spearman,2,528,528,0.5,0.5462759699265382,0.5574387086849077,1.2452830188679245,0.0379015281796455,0.0330747421830892,0.0048267859965562,0.0925519398530763
adult_celltype__endothelial_cell,ZJU_HCL_adult_celltype,Endothelial cell,trrust,formal_abs,mutual_information,2,528,528,0.5,0.5390302169421488,0.5506443962246064,1.320754716981132,0.0007183527341112,0.0005802612868137,0.0001380914472974,0.0780604338842976
adult_celltype__endothelial_cell,ZJU_HCL_adult_celltype,Endothelial cell,trrust,formal_abs,coexpression_probability,2,528,528,0.5,0.510231935835629,0.5115812316958668,1.0566037735849056,0.0273999478667974,0.0268114041537046,0.0005885437130928,0.0204638716712579
adult_celltype__endothelial_cell,ZJU_HCL_adult_celltype,Endothelial cell,trrust,formal_abs,codetection_odds_ratio,2,528,528,0.5,0.5596572974058769,0.5772130804692612,1.509433962264151,1.312489628791809,1.2750070095062256,0.0374826192855834,0.119314594811754
adult_celltype__endothelial_cell,ZJU_HCL_adult_celltype,Endothelial cell,trrust,formal_abs,pearson,3,528,528,0.5,0.5392561983471075,0.5511359026545721,1.3962264150943395,0.043349590152502,0.039228044450283,0.004121545702219,0.0785123966942149
adult_celltype__endothelial_cell,ZJU_HCL_adult_celltype,Endothelial cell,trrust,formal_abs,spearman,3,528,528,0.5,0.5512403868227731,0.558471099154682,1.2452830188679245,0.0379015281796455,0.0322070214897394,0.0056945066899061,0.1024807736455464
adult_celltype__endothelial_cell,ZJU_HCL_adult_celltype,Endothelial cell,trrust,formal_abs,mutual_information,3,528,528,0.5,0.5460464015151515,0.5536228550923121,1.3584905660377358,0.0007183527341112,0.0005451078759506,0.0001732448581606,0.0920928030303029
adult_celltype__endothelial_cell,ZJU_HCL_adult_celltype,Endothelial cell,trrust,formal_abs,coexpression_probability,3,528,528,0.5,0.5112524391643709,0.5125927293052815,1.0943396226415094,0.0273999478667974,0.0262882560491561,0.0011116918176412,0.022504878328742
adult_celltype__endothelial_cell,ZJU_HCL_adult_celltype,Endothelial cell,trrust,formal_abs,codetection_odds_ratio,3,528,528,0.5,0.5656960227272727,0.5678450689124577,1.2075471698113207,1.312489628791809,1.2748379707336426,0.0376516580581665,0.1313920454545454
adult_celltype__endothelial_cell,ZJU_HCL_adult_celltype,Endothelial cell,trrust,formal_abs,pearson,4,528,528,0.5,0.5322328397612489,0.5486441168633773,1.320754716981132,0.043349590152502,0.0400341488420963,0.0033154413104057,0.0644656795224976
adult_celltype__endothelial_cell,ZJU_HCL_adult_celltype,Endothelial cell,trrust,formal_abs,spearman,4,528,528,0.5,0.5341088441230486,0.5487823404781133,1.320754716981132,0.0379015281796455,0.0352366995066404,0.0026648286730051,0.0682176882460974
adult_celltype__endothelial_cell,ZJU_HCL_adult_celltype,Endothelial cell,trrust,formal_abs,mutual_information,4,528,528,0.5,0.529512095385675,0.5440736963508777,1.3584905660377358,0.0007183527341112,0.0006486946949735,6.965803913772106e-05,0.0590241907713497
adult_celltype__endothelial_cell,ZJU_HCL_adult_celltype,Endothelial cell,trrust,formal_abs,coexpression_probability,4,528,528,0.5,0.508917297979798,0.5119787187667042,1.0943396226415094,0.0273999478667974,0.0264190435409545,0.0009809043258428,0.017834595959596
adult_celltype__endothelial_cell,ZJU_HCL_adult_celltype,Endothelial cell,trrust,formal_abs,codetection_odds_ratio,4,528,528,0.5,0.540416594926538,0.5554109113024172,1.3962264150943395,1.312489628791809,1.2907161116600037,0.0217735171318054,0.0808331898530763
adult_celltype__endothelial_cell,ZJU_HCL_adult_celltype,Endothelial cell,trrust,formal_abs,pearson,5,528,528,0.5,0.53430433597337,0.5505781737882506,1.3584905660377358,0.043349590152502,0.0392686836421489,0.004080906510353,0.06860867194674
adult_celltype__endothelial_cell,ZJU_HCL_adult_celltype,Endothelial cell,trrust,formal_abs,spearman,5,528,528,0.5,0.5376330779384757,0.5532738234353413,1.320754716981132,0.0379015281796455,0.0335180610418319,0.0043834671378135,0.0752661558769514
adult_celltype__endothelial_cell,ZJU_HCL_adult_celltype,Endothelial cell,trrust,formal_abs,mutual_information,5,528,528,0.5,0.5338900367309458,0.5499267274007764,1.3962264150943395,0.0007183527341112,0.0005830827867612,0.00013526994735,0.0677800734618916
adult_celltype__endothelial_cell,ZJU_HCL_adult_celltype,Endothelial cell,trrust,formal_abs,coexpression_probability,5,528,528,0.5,0.508917297979798,0.5120234183569452,1.0566037735849056,0.0273999478667974,0.0268114041537046,0.0005885437130928,0.017834595959596
adult_celltype__endothelial_cell,ZJU_HCL_adult_celltype,Endothelial cell,trrust,formal_abs,codetection_odds_ratio,5,528,528,0.5,0.5410497015610652,0.557966485673209,1.3584905660377358,1.312489628791809,1.288907825946808,0.0235818028450012,0.0820994031221304
adult_celltype__endothelial_cell,ZJU_HCL_adult_celltype,Endothelial cell,trrust,formal_abs,pearson,6,528,528,0.5,0.540081209825528,0.5514865604552651,1.3584905660377358,0.043349590152502,0.0389699898660182,0.0043796002864837,0.0801624196510559
adult_celltype__endothelial_cell,ZJU_HCL_adult_celltype,Endothelial cell,trrust,formal_abs,spearman,6,528,528,0.5,0.5477000114784206,0.557588447459543,1.320754716981132,0.0379015281796455,0.0330132953822612,0.0048882327973842,0.0954000229568412
adult_celltype__endothelial_cell,ZJU_HCL_adult_celltype,Endothelial cell,trrust,formal_abs,mutual_information,6,528,528,0.5,0.545090464302112,0.5530620837053676,1.3584905660377358,0.0007183527341112,0.0005429398734122,0.0001754128606989,0.0901809286042241
adult_celltype__endothelial_cell,ZJU_HCL_adult_celltype,Endothelial cell,trrust,formal_abs,coexpression_probability,6,528,528,0.5,0.5107592257805327,0.5120212525957687,1.0566037735849056,0.0273999478667974,0.0258958935737609,0.0015040542930364,0.0215184515610651
adult_celltype__endothelial_cell,ZJU_HCL_adult_celltype,Endothelial cell,trrust,formal_abs,codetection_odds_ratio,6,528,528,0.5,0.5548094582185492,0.5749305641389505,1.509433962264151,1.312489628791809,1.2847524881362915,0.0277371406555175,0.1096189164370982
adult_celltype__endothelial_cell,ZJU_HCL_adult_celltype,Endothelial cell,trrust,formal_abs,pearson,7,528,528,0.5,0.5346379275711661,0.546791222298366,1.320754716981132,0.043349590152502,0.0407903715968132,0.0025592185556888,0.0692758551423324
adult_celltype__endothelial_cell,ZJU_HCL_adult_celltype,Endothelial cell,trrust,formal_abs,spearman,7,528,528,0.5,0.5395557133838385,0.5484332073352913,1.2075471698113207,0.0379015281796455,0.0340603273361921,0.0038412008434534,0.0791114267676766
adult_celltype__endothelial_cell,ZJU_HCL_adult_celltype,Endothelial cell,trrust,formal_abs,mutual_information,7,528,528,0.5,0.5331260043617998,0.5442707481539399,1.2830188679245282,0.0007183527341112,0.0006006162730045,0.0001177364611066,0.0662520087235996
adult_celltype__endothelial_cell,ZJU_HCL_adult_celltype,Endothelial cell,trrust,formal_abs,coexpression_probability,7,528,528,0.5,0.5102516643709826,0.5123420244982114,1.0566037735849056,0.0273999478667974,0.0262882560491561,0.0011116918176412,0.0205033287419651
adult_celltype__endothelial_cell,ZJU_HCL_adult_celltype,Endothelial cell,trrust,formal_abs,codetection_odds_ratio,7,528,528,0.5,0.5558783861340679,0.5643682123713714,1.3584905660377358,1.312489628791809,1.2798662185668943,0.0326234102249145,0.1117567722681358
adult_celltype__endothelial_cell,ZJU_HCL_adult_celltype,Endothelial cell,trrust,formal_abs,pearson,8,528,528,0.5,0.534905159550046,0.5470872886242903,1.2830188679245282,0.043349590152502,0.0400577243417501,0.0032918658107519,0.0698103191000918
adult_celltype__endothelial_cell,ZJU_HCL_adult_celltype,Endothelial cell,trrust,formal_abs,spearman,8,528,528,0.5,0.548740243342516,0.5569983643870413,1.2452830188679245,0.0379015281796455,0.0323111582547426,0.0055903699249029,0.097480486685032
adult_celltype__endothelial_cell,ZJU_HCL_adult_celltype,Endothelial cell,trrust,formal_abs,mutual_information,8,528,528,0.5,0.5431785898760331,0.5506929360258286,1.2830188679245282,0.0007183527341112,0.0005854036426171,0.000132949091494,0.0863571797520661
adult_celltype__endothelial_cell,ZJU_HCL_adult_celltype,Endothelial cell,trrust,formal_abs,coexpression_probability,8,528,528,0.5,0.511126893939394,0.5123830445126474,1.0943396226415094,0.0273999478667974,0.0260266810655593,0.001373266801238,0.0222537878787878
adult_celltype__endothelial_cell,ZJU_HCL_adult_celltype,Endothelial cell,trrust,formal_abs,codetection_odds_ratio,8,528,528,0.5,0.5650700901056015,0.575482623404854,1.3962264150943395,1.312489628791809,1.275887966156006,0.0366016626358032,0.130140180211203
adult_celltype__endothelial_cell,ZJU_HCL_adult_celltype,Endothelial cell,trrust,formal_abs,pearson,9,528,528,0.5,0.5420397153351699,0.5543753372364966,1.2830188679245282,0.043349590152502,0.0390638802200555,0.0042857099324464,0.0840794306703398
adult_celltype__endothelial_cell,ZJU_HCL_adult_celltype,Endothelial cell,trrust,formal_abs,spearman,9,528,528,0.5,0.5431983184113867,0.5539026216886052,1.2452830188679245,0.0379015281796455,0.032008184120059,0.0058933440595865,0.0863966368227731
adult_celltype__endothelial_cell,ZJU_HCL_adult_celltype,Endothelial cell,trrust,formal_abs,mutual_information,9,528,528,0.5,0.5414891098484849,0.5513863817377205,1.2452830188679245,0.0007183527341112,0.000540969427675,0.0001773833064362,0.0829782196969697
adult_celltype__endothelial_cell,ZJU_HCL_adult_celltype,Endothelial cell,trrust,formal_abs,coexpression_probability,9,528,528,0.5,0.5097028523875115,0.5115654718180906,1.0943396226415094,0.0273999478667974,0.026746011339128,0.0006539365276694,0.0194057047750229
adult_celltype__endothelial_cell,ZJU_HCL_adult_celltype,Endothelial cell,trrust,formal_abs,codetection_odds_ratio,9,528,528,0.5,0.5456679723370064,0.5617725607557464,1.3584905660377358,1.312489628791809,1.2829174995422363,0.0295721292495727,0.0913359446740129
adult_celltype__endothelial_cell,ZJU_HCL_adult_celltype,Endothelial cell,dorothea_ab,formal_abs,pearson,0,787,787,0.5,0.5240777307227193,0.5245350276694232,1.2151898734177216,0.0439831316471099,0.0399525538086891,0.0040305778384208,0.0481554614454389
adult_celltype__endothelial_cell,ZJU_HCL_adult_celltype,Endothelial cell,dorothea_ab,formal_abs,spearman,0,787,787,0.5,0.5287954353543687,0.5207644240515994,1.0632911392405062,0.037879716604948,0.0340255163609981,0.0038542002439498,0.0575908707087373
adult_celltype__endothelial_cell,ZJU_HCL_adult_celltype,Endothelial cell,dorothea_ab,formal_abs,mutual_information,0,787,787,0.5,0.5223969879022037,0.5192437782778545,1.1139240506329111,0.0007271310314536,0.0006462433957494,8.088763570412993e-05,0.0447939758044073
adult_celltype__endothelial_cell,ZJU_HCL_adult_celltype,Endothelial cell,dorothea_ab,formal_abs,coexpression_probability,0,787,787,0.5,0.5026761106868443,0.5030140459049862,1.0126582278481011,0.0304734501987695,0.0311273876577615,-0.000653937458992,0.0053522213736882
adult_celltype__endothelial_cell,ZJU_HCL_adult_celltype,Endothelial cell,dorothea_ab,formal_abs,codetection_odds_ratio,0,787,787,0.5,0.5335720709302532,0.5295041500807797,1.2151898734177216,1.2952536344528198,1.2763054370880127,0.0189481973648071,0.0671441418605063
adult_celltype__endothelial_cell,ZJU_HCL_adult_celltype,Endothelial cell,dorothea_ab,formal_abs,pearson,1,787,787,0.5,0.5236183922669684,0.5296100256581493,1.240506329113924,0.0439831316471099,0.0408927127718925,0.0030904188752174,0.0472367845339369
adult_celltype__endothelial_cell,ZJU_HCL_adult_celltype,Endothelial cell,dorothea_ab,formal_abs,spearman,1,787,787,0.5,0.5291385264680667,0.5286813793877341,1.0886075949367089,0.037879716604948,0.0347598232328891,0.0031198933720588,0.0582770529361333
adult_celltype__endothelial_cell,ZJU_HCL_adult_celltype,Endothelial cell,dorothea_ab,formal_abs,mutual_information,1,787,787,0.5,0.5219473367249572,0.5259580291444177,1.1645569620253164,0.0007271310314536,0.000649573164992,7.755786646157503e-05,0.0438946734499143
adult_celltype__endothelial_cell,ZJU_HCL_adult_celltype,Endothelial cell,dorothea_ab,formal_abs,coexpression_probability,1,787,787,0.5,0.503195187360039,0.5031936292120485,1.0126582278481011,0.0304734501987695,0.0313889607787132,-0.0009155105799436,0.0063903747200779
adult_celltype__endothelial_cell,ZJU_HCL_adult_celltype,Endothelial cell,dorothea_ab,formal_abs,codetection_odds_ratio,1,787,787,0.5,0.5428113128038374,0.5467402586410579,1.3670886075949369,1.2952536344528198,1.269398212432861,0.0258554220199584,0.0856226256076748
adult_celltype__endothelial_cell,ZJU_HCL_adult_celltype,Endothelial cell,dorothea_ab,formal_abs,pearson,2,787,787,0.5,0.5279074348247974,0.5314734005320954,1.2658227848101269,0.0439831316471099,0.0395867824554443,0.0043963491916656,0.055814869649595
adult_celltype__endothelial_cell,ZJU_HCL_adult_celltype,Endothelial cell,dorothea_ab,formal_abs,spearman,2,787,787,0.5,0.5344867114757116,0.5322883145625477,1.2151898734177216,0.037879716604948,0.0335749648511409,0.004304751753807,0.0689734229514231
adult_celltype__endothelial_cell,ZJU_HCL_adult_celltype,Endothelial cell,dorothea_ab,formal_abs,mutual_information,2,787,787,0.5,0.5256640225778171,0.5285986649800901,1.240506329113924,0.0007271310314536,0.0006187917315401,0.0001083392999134,0.0513280451556341
adult_celltype__endothelial_cell,ZJU_HCL_adult_celltype,Endothelial cell,dorothea_ab,formal_abs,coexpression_probability,2,787,787,0.5,0.5028044671270276,0.5032205781573675,1.0126582278481011,0.0304734501987695,0.0309966001659631,-0.0005231499671936,0.0056089342540552
adult_celltype__endothelial_cell,ZJU_HCL_adult_celltype,Endothelial cell,dorothea_ab,formal_abs,codetection_odds_ratio,2,787,787,0.5,0.5404968605144913,0.5469271704164449,1.240506329113924,1.2952536344528198,1.2731857299804688,0.022067904472351,0.0809937210289826
adult_celltype__endothelial_cell,ZJU_HCL_adult_celltype,Endothelial cell,dorothea_ab,formal_abs,pearson,3,787,787,0.5,0.5204199758140947,0.5247336894958234,1.2151898734177216,0.0439831316471099,0.0408941693603992,0.0030889622867107,0.0408399516281894
adult_celltype__endothelial_cell,ZJU_HCL_adult_celltype,Endothelial cell,dorothea_ab,formal_abs,spearman,3,787,787,0.5,0.526755455955981,0.5244367760009159,1.1139240506329111,0.037879716604948,0.0353138446807861,0.0025658719241619,0.0535109119119621
adult_celltype__endothelial_cell,ZJU_HCL_adult_celltype,Endothelial cell,dorothea_ab,formal_abs,mutual_information,3,787,787,0.5,0.5194536697832794,0.5223777499600661,1.1898734177215189,0.0007271310314536,0.0006682424573227,5.888857413083315e-05,0.0389073395665588
adult_celltype__endothelial_cell,ZJU_HCL_adult_celltype,Endothelial cell,dorothea_ab,formal_abs,coexpression_probability,3,787,787,0.5,0.5028424089678367,0.5027217613548248,1.0126582278481011,0.0304734501987695,0.0307350251823663,-0.0002615749835968,0.0056848179356732
adult_celltype__endothelial_cell,ZJU_HCL_adult_celltype,Endothelial cell,dorothea_ab,formal_abs,codetection_odds_ratio,3,787,787,0.5,0.5417642794521521,0.5400905531461525,1.1898734177215189,1.2952536344528198,1.2731857299804688,0.022067904472351,0.0835285589043042
adult_celltype__endothelial_cell,ZJU_HCL_adult_celltype,Endothelial cell,dorothea_ab,formal_abs,pearson,4,787,787,0.5,0.5275514273397603,0.532961328957662,1.3417721518987342,0.0439831316471099,0.0393002144992351,0.0046829171478748,0.0551028546795206
adult_celltype__endothelial_cell,ZJU_HCL_adult_celltype,Endothelial cell,dorothea_ab,formal_abs,spearman,4,787,787,0.5,0.5378183280080211,0.5368444875790495,1.2658227848101269,0.037879716604948,0.0335510857403278,0.0043286308646202,0.0756366560160421
adult_celltype__endothelial_cell,ZJU_HCL_adult_celltype,Endothelial cell,dorothea_ab,formal_abs,mutual_information,4,787,787,0.5,0.53116881858795,0.5326511757296126,1.3164556962025316,0.0007271310314536,0.0005863399128429,0.0001407911186106,0.0623376371758999
adult_celltype__endothelial_cell,ZJU_HCL_adult_celltype,Endothelial cell,dorothea_ab,formal_abs,coexpression_probability,4,787,787,0.5,0.5034099220335535,0.5032801209307268,1.0126582278481011,0.0304734501987695,0.0306042376905679,-0.0001307874917984,0.006819844067107
adult_celltype__endothelial_cell,ZJU_HCL_adult_celltype,Endothelial cell,dorothea_ab,formal_abs,codetection_odds_ratio,4,787,787,0.5,0.5505062410291764,0.5587971632229747,1.2911392405063291,1.2952536344528198,1.2653038501739502,0.0299497842788696,0.1010124820583528
adult_celltype__endothelial_cell,ZJU_HCL_adult_celltype,Endothelial cell,dorothea_ab,formal_abs,pearson,5,787,787,0.5,0.5304608399839191,0.5316620206097193,1.2151898734177216,0.0439831316471099,0.039487101137638,0.0044960305094718,0.0609216799678382
adult_celltype__endothelial_cell,ZJU_HCL_adult_celltype,Endothelial cell,dorothea_ab,formal_abs,spearman,5,787,787,0.5,0.541924119547475,0.5348251709008485,1.1898734177215189,0.037879716604948,0.0334505029022693,0.0044292137026786,0.0838482390949497
adult_celltype__endothelial_cell,ZJU_HCL_adult_celltype,Endothelial cell,dorothea_ab,formal_abs,mutual_information,5,787,787,0.5,0.534677227952965,0.5317052362489877,1.1645569620253164,0.0007271310314536,0.000592061667703,0.0001350693637505,0.06935445590593
adult_celltype__endothelial_cell,ZJU_HCL_adult_celltype,Endothelial cell,dorothea_ab,formal_abs,coexpression_probability,5,787,787,0.5,0.5040436315023838,0.5034851954131241,1.0126582278481011,0.0304734501987695,0.0311273876577615,-0.000653937458992,0.0080872630047676
adult_celltype__endothelial_cell,ZJU_HCL_adult_celltype,Endothelial cell,dorothea_ab,formal_abs,codetection_odds_ratio,5,787,787,0.5,0.5556421131829329,0.5595647625019907,1.3670886075949369,1.2952536344528198,1.2607207298278809,0.0345329046249389,0.1112842263658659
adult_celltype__endothelial_cell,ZJU_HCL_adult_celltype,Endothelial cell,dorothea_ab,formal_abs,pearson,6,787,787,0.5,0.5252595787002577,0.5296899937188635,1.2151898734177216,0.0439831316471099,0.0407590009272098,0.0032241307199001,0.0505191574005157
adult_celltype__endothelial_cell,ZJU_HCL_adult_celltype,Endothelial cell,dorothea_ab,formal_abs,spearman,6,787,787,0.5,0.5322860847087924,0.5299324888793123,1.1139240506329111,0.037879716604948,0.0349462404847145,0.0029334761202335,0.0645721694175847
adult_celltype__endothelial_cell,ZJU_HCL_adult_celltype,Endothelial cell,dorothea_ab,formal_abs,mutual_information,6,787,787,0.5,0.5243748072635215,0.5278696911590949,1.1898734177215189,0.0007271310314536,0.0006585825467482,6.854848470538855e-05,0.0487496145270427
adult_celltype__endothelial_cell,ZJU_HCL_adult_celltype,Endothelial cell,dorothea_ab,formal_abs,coexpression_probability,6,787,787,0.5,0.502973994500855,0.5035861944556967,1.0126582278481011,0.0304734501987695,0.0306042376905679,-0.0001307874917984,0.0059479890017097
adult_celltype__endothelial_cell,ZJU_HCL_adult_celltype,Endothelial cell,dorothea_ab,formal_abs,codetection_odds_ratio,6,787,787,0.5,0.5398227873852259,0.5408556868010017,1.2911392405063291,1.2952536344528198,1.273179531097412,0.0220741033554077,0.0796455747704518
adult_celltype__endothelial_cell,ZJU_HCL_adult_celltype,Endothelial cell,dorothea_ab,formal_abs,pearson,7,787,787,0.5,0.523395584861367,0.5296027212400086,1.240506329113924,0.0439831316471099,0.0401613675057888,0.0038217641413211,0.0467911697227338
adult_celltype__endothelial_cell,ZJU_HCL_adult_celltype,Endothelial cell,dorothea_ab,formal_abs,spearman,7,787,787,0.5,0.5250101312787692,0.5270564596160564,1.139240506329114,0.037879716604948,0.0347118601202964,0.0031678564846515,0.0500202625575383
adult_celltype__endothelial_cell,ZJU_HCL_adult_celltype,Endothelial cell,dorothea_ab,formal_abs,mutual_information,7,787,787,0.5,0.5188361057786232,0.5261860316812879,1.1898734177215189,0.0007271310314536,0.0006235313485376,0.0001035996829159,0.037672211557246
adult_celltype__endothelial_cell,ZJU_HCL_adult_celltype,Endothelial cell,dorothea_ab,formal_abs,coexpression_probability,7,787,787,0.5,0.5015055645342276,0.5028371565457029,1.0126582278481011,0.0304734501987695,0.0308658126741647,-0.0003923624753952,0.0030111290684551
adult_celltype__endothelial_cell,ZJU_HCL_adult_celltype,Endothelial cell,dorothea_ab,formal_abs,codetection_odds_ratio,7,787,787,0.5,0.5291675883035799,0.5293853789265197,1.2151898734177216,1.2952536344528198,1.2776083946228027,0.017645239830017,0.0583351766071598
adult_celltype__endothelial_cell,ZJU_HCL_adult_celltype,Endothelial cell,dorothea_ab,formal_abs,pearson,8,787,787,0.5,0.5184978583041773,0.5252843806725344,1.240506329113924,0.0439831316471099,0.0409234426915645,0.0030596889555454,0.0369957166083545
adult_celltype__endothelial_cell,ZJU_HCL_adult_celltype,Endothelial cell,dorothea_ab,formal_abs,spearman,8,787,787,0.5,0.5248462548174029,0.5267490216496291,1.1898734177215189,0.037879716604948,0.0351980775594711,0.0026816390454769,0.0496925096348057
adult_celltype__endothelial_cell,ZJU_HCL_adult_celltype,Endothelial cell,dorothea_ab,formal_abs,mutual_information,8,787,787,0.5,0.5196336917088198,0.5248327706346176,1.240506329113924,0.0007271310314536,0.0006383124855346,8.88185459189117e-05,0.0392673834176395
adult_celltype__endothelial_cell,ZJU_HCL_adult_celltype,Endothelial cell,dorothea_ab,formal_abs,coexpression_probability,8,787,787,0.5,0.5020222193877962,0.5030222829842085,1.0126582278481011,0.0304734501987695,0.0308658126741647,-0.0003923624753952,0.0040444387755926
adult_celltype__endothelial_cell,ZJU_HCL_adult_celltype,Endothelial cell,dorothea_ab,formal_abs,codetection_odds_ratio,8,787,787,0.5,0.535403773840796,0.5381236320474668,1.2151898734177216,1.2952536344528198,1.2764493227005005,0.0188043117523193,0.0708075476815921
adult_celltype__endothelial_cell,ZJU_HCL_adult_celltype,Endothelial cell,dorothea_ab,formal_abs,pearson,9,787,787,0.5,0.5211771980838563,0.5217035539506605,1.1898734177215189,0.0439831316471099,0.0403561778366565,0.0036269538104534,0.0423543961677126
adult_celltype__endothelial_cell,ZJU_HCL_adult_celltype,Endothelial cell,dorothea_ab,formal_abs,spearman,9,787,787,0.5,0.5295405485259999,0.5224794452646246,1.1139240506329111,0.037879716604948,0.0340769626200199,0.0038027539849281,0.0590810970519997
adult_celltype__endothelial_cell,ZJU_HCL_adult_celltype,Endothelial cell,dorothea_ab,formal_abs,mutual_information,9,787,787,0.5,0.5218222093776085,0.5181574287448119,1.0632911392405062,0.0007271310314536,0.0006139842444099,0.0001131467870436,0.0436444187552169
adult_celltype__endothelial_cell,ZJU_HCL_adult_celltype,Endothelial cell,dorothea_ab,formal_abs,coexpression_probability,9,787,787,0.5,0.5027140525276531,0.5026166366016607,1.0126582278481011,0.0304734501987695,0.0308658126741647,-0.0003923624753952,0.0054281050553062
adult_celltype__endothelial_cell,ZJU_HCL_adult_celltype,Endothelial cell,dorothea_ab,formal_abs,codetection_odds_ratio,9,787,787,0.5,0.5360649305987223,0.5376204917665335,1.1645569620253164,1.2952536344528198,1.2656570672988892,0.0295965671539306,0.0721298611974445
adult_celltype__endothelial_cell,ZJU_HCL_adult_celltype,Endothelial cell,trrust_dorothea_intersection,formal_abs,pearson,0,242,242,0.5,0.535158117614917,0.5299933214427832,1.2,0.0446187835186719,0.0398367512971162,0.0047820322215557,0.0703162352298341
adult_celltype__endothelial_cell,ZJU_HCL_adult_celltype,Endothelial cell,trrust_dorothea_intersection,formal_abs,spearman,0,242,242,0.5,0.543098149033536,0.5263646289754347,0.88,0.0387053005397319,0.0334223341196775,0.0052829664200544,0.0861962980670718
adult_celltype__endothelial_cell,ZJU_HCL_adult_celltype,Endothelial cell,trrust_dorothea_intersection,formal_abs,mutual_information,0,242,242,0.5,0.5392647360152996,0.5230792910917789,1.12,0.0008111939532682,0.0005761522916145,0.0002350416616536,0.0785294720305989
adult_celltype__endothelial_cell,ZJU_HCL_adult_celltype,Endothelial cell,trrust_dorothea_intersection,formal_abs,coexpression_probability,0,242,242,0.5,0.503363841267673,0.5050728424447434,1.04,0.027596129104495,0.0274653416126966,0.0001307874917984,0.0067276825353459
adult_celltype__endothelial_cell,ZJU_HCL_adult_celltype,Endothelial cell,trrust_dorothea_intersection,formal_abs,codetection_odds_ratio,0,242,242,0.5,0.5500221979372995,0.5462372720190796,1.28,1.316796898841858,1.2798284888267517,0.0369684100151062,0.1000443958745986
adult_celltype__endothelial_cell,ZJU_HCL_adult_celltype,Endothelial cell,trrust_dorothea_intersection,formal_abs,pearson,1,242,242,0.5,0.5331432279215901,0.533242741119472,1.28,0.0446187835186719,0.0389666240662336,0.0056521594524383,0.0662864558431801
adult_celltype__endothelial_cell,ZJU_HCL_adult_celltype,Endothelial cell,trrust_dorothea_intersection,formal_abs,spearman,1,242,242,0.5,0.5324089884570726,0.5299034101782558,1.2,0.0387053005397319,0.0352803263813257,0.0034249741584062,0.0648179769141452
adult_celltype__endothelial_cell,ZJU_HCL_adult_celltype,Endothelial cell,trrust_dorothea_intersection,formal_abs,mutual_information,1,242,242,0.5,0.5311368758964552,0.5279547509820486,1.28,0.0008111939532682,0.0005928711034357,0.0002183228498324,0.0622737517929103
adult_celltype__endothelial_cell,ZJU_HCL_adult_celltype,Endothelial cell,trrust_dorothea_intersection,formal_abs,coexpression_probability,1,242,242,0.5,0.5014770165972269,0.504922977669622,1.04,0.027596129104495,0.0275307353585958,6.539374589920044e-05,0.0029540331944539
adult_celltype__endothelial_cell,ZJU_HCL_adult_celltype,Endothelial cell,trrust_dorothea_intersection,formal_abs,codetection_odds_ratio,1,242,242,0.5,0.5483829656444231,0.5369762893158296,1.04,1.316796898841858,1.2928476929664612,0.0239492058753967,0.0967659312888464
adult_celltype__endothelial_cell,ZJU_HCL_adult_celltype,Endothelial cell,trrust_dorothea_intersection,formal_abs,pearson,2,242,242,0.5,0.5338774673861075,0.531326334032724,1.2,0.0446187835186719,0.0387564972043037,0.0058622863143682,0.067754934772215
adult_celltype__endothelial_cell,ZJU_HCL_adult_celltype,Endothelial cell,trrust_dorothea_intersection,formal_abs,spearman,2,242,242,0.5,0.5412710880404344,0.5363849192123564,1.2,0.0387053005397319,0.0350605249404907,0.0036447755992412,0.0825421760808688
adult_celltype__endothelial_cell,ZJU_HCL_adult_celltype,Endothelial cell,trrust_dorothea_intersection,formal_abs,mutual_information,2,242,242,0.5,0.5381975274912916,0.5302815061164222,1.2,0.0008111939532682,0.0005953918443992,0.0002158021088689,0.0763950549825831
adult_celltype__endothelial_cell,ZJU_HCL_adult_celltype,Endothelial cell,trrust_dorothea_intersection,formal_abs,coexpression_probability,2,242,242,0.5,0.5022197937299364,0.5043191220751793,1.04,0.027596129104495,0.0290347896516323,-0.0014386605471372,0.004439587459873
adult_celltype__endothelial_cell,ZJU_HCL_adult_celltype,Endothelial cell,trrust_dorothea_intersection,formal_abs,codetection_odds_ratio,2,242,242,0.5,0.5517041185711359,0.5495080775310546,1.2,1.316796898841858,1.278086245059967,0.0387106537818908,0.1034082371422717
adult_celltype__endothelial_cell,ZJU_HCL_adult_celltype,Endothelial cell,trrust_dorothea_intersection,formal_abs,pearson,3,242,242,0.5,0.5348507615600028,0.5340540212918119,1.2,0.0446187835186719,0.0393467601388692,0.0052720233798027,0.0697015231200055
adult_celltype__endothelial_cell,ZJU_HCL_adult_celltype,Endothelial cell,trrust_dorothea_intersection,formal_abs,spearman,3,242,242,0.5,0.5343726521412472,0.5307084484196827,1.12,0.0387053005397319,0.0348763521760702,0.0038289483636617,0.0687453042824943
adult_celltype__endothelial_cell,ZJU_HCL_adult_celltype,Endothelial cell,trrust_dorothea_intersection,formal_abs,mutual_information,3,242,242,0.5,0.5289170821665187,0.5272669867196551,1.2,0.0008111939532682,0.0006041192682459,0.0002070746850222,0.0578341643330373
adult_celltype__endothelial_cell,ZJU_HCL_adult_celltype,Endothelial cell,trrust_dorothea_intersection,formal_abs,coexpression_probability,3,242,242,0.5,0.5000426883409603,0.5045102197738794,1.04,0.027596129104495,0.0274653416126966,0.0001307874917984,8.537668192065695e-05
adult_celltype__endothelial_cell,ZJU_HCL_adult_celltype,Endothelial cell,trrust_dorothea_intersection,formal_abs,codetection_odds_ratio,3,242,242,0.5,0.5380353117956423,0.539972779847022,1.2,1.316796898841858,1.2927112579345703,0.0240856409072875,0.0760706235912846
adult_celltype__endothelial_cell,ZJU_HCL_adult_celltype,Endothelial cell,trrust_dorothea_intersection,formal_abs,pearson,4,242,242,0.5,0.5356362270336726,0.5279026665772157,1.2,0.0446187835186719,0.0398421622812747,0.0047766212373971,0.071272454067345
adult_celltype__endothelial_cell,ZJU_HCL_adult_celltype,Endothelial cell,trrust_dorothea_intersection,formal_abs,spearman,4,242,242,0.5,0.5419541014957995,0.5250664216607179,1.04,0.0387053005397319,0.0346926040947437,0.0040126964449882,0.0839082029915989
adult_celltype__endothelial_cell,ZJU_HCL_adult_celltype,Endothelial cell,trrust_dorothea_intersection,formal_abs,mutual_information,4,242,242,0.5,0.5371815449764361,0.5228384751811649,1.12,0.0008111939532682,0.000622680876404,0.0001885130768641,0.074363089952872
adult_celltype__endothelial_cell,ZJU_HCL_adult_celltype,Endothelial cell,trrust_dorothea_intersection,formal_abs,coexpression_probability,4,242,242,0.5,0.5040639300594222,0.5054618770166751,1.04,0.027596129104495,0.028119278140366,-0.000523149035871,0.0081278601188443
adult_celltype__endothelial_cell,ZJU_HCL_adult_celltype,Endothelial cell,trrust_dorothea_intersection,formal_abs,codetection_odds_ratio,4,242,242,0.5,0.5524639710402295,0.5397212188046677,1.12,1.316796898841858,1.284936785697937,0.0318601131439209,0.1049279420804589
adult_celltype__endothelial_cell,ZJU_HCL_adult_celltype,Endothelial cell,trrust_dorothea_intersection,formal_abs,pearson,5,242,242,0.5,0.521275869134622,0.5232756781142954,1.2,0.0446187835186719,0.041961420327425,0.0026573631912469,0.0425517382692439
adult_celltype__endothelial_cell,ZJU_HCL_adult_celltype,Endothelial cell,trrust_dorothea_intersection,formal_abs,spearman,5,242,242,0.5,0.5294208045898503,0.5235185732786283,0.88,0.0387053005397319,0.0353271570056676,0.0033781435340642,0.0588416091797008
adult_celltype__endothelial_cell,ZJU_HCL_adult_celltype,Endothelial cell,trrust_dorothea_intersection,formal_abs,mutual_information,5,242,242,0.5,0.5254764018851171,0.5224428247781606,1.2,0.0008111939532682,0.0006481220480054,0.0001630719052627,0.0509528037702342
adult_celltype__endothelial_cell,ZJU_HCL_adult_celltype,Endothelial cell,trrust_dorothea_intersection,formal_abs,coexpression_probability,5,242,242,0.5,0.4996328802677413,0.5038900443285536,1.12,0.027596129104495,0.027596129104495,0.0,-0.0007342394645174
adult_celltype__endothelial_cell,ZJU_HCL_adult_celltype,Endothelial cell,trrust_dorothea_intersection,formal_abs,codetection_odds_ratio,5,242,242,0.5,0.533945768731644,0.5308085082015086,1.2,1.316796898841858,1.288357138633728,0.0284397602081298,0.067891537463288
adult_celltype__endothelial_cell,ZJU_HCL_adult_celltype,Endothelial cell,trrust_dorothea_intersection,formal_abs,pearson,6,242,242,0.5,0.5255447032306536,0.524993500842593,1.2,0.0446187835186719,0.0414920318871736,0.0031267516314983,0.0510894064613072
adult_celltype__endothelial_cell,ZJU_HCL_adult_celltype,Endothelial cell,trrust_dorothea_intersection,formal_abs,spearman,6,242,242,0.5,0.5331603032579743,0.5248085501135826,0.88,0.0387053005397319,0.0352324936538934,0.0034728068858385,0.0663206065159482
adult_celltype__endothelial_cell,ZJU_HCL_adult_celltype,Endothelial cell,trrust_dorothea_intersection,formal_abs,mutual_information,6,242,242,0.5,0.5294549552626187,0.5219530057296542,1.12,0.0008111939532682,0.0006721374811604,0.0001390564721077,0.0589099105252373
adult_celltype__endothelial_cell,ZJU_HCL_adult_celltype,Endothelial cell,trrust_dorothea_intersection,formal_abs,coexpression_probability,6,242,242,0.5,0.5015623932791475,0.5045974428831757,1.04,0.027596129104495,0.0274653416126966,0.0001307874917984,0.0031247865582952
adult_celltype__endothelial_cell,ZJU_HCL_adult_celltype,Endothelial cell,trrust_dorothea_intersection,formal_abs,codetection_odds_ratio,6,242,242,0.5,0.5422102315415614,0.5328597169946685,1.12,1.316796898841858,1.2864821553230286,0.0303147435188293,0.0844204630831226
adult_celltype__endothelial_cell,ZJU_HCL_adult_celltype,Endothelial cell,trrust_dorothea_intersection,formal_abs,pearson,7,242,242,0.5,0.5367119732258726,0.5269385724075306,1.2,0.0446187835186719,0.0394607633352279,0.005158020183444,0.0734239464517449
adult_celltype__endothelial_cell,ZJU_HCL_adult_celltype,Endothelial cell,trrust_dorothea_intersection,formal_abs,spearman,7,242,242,0.5,0.5354996243425995,0.5212617523733794,0.96,0.0387053005397319,0.0352681018412113,0.0034371986985206,0.0709992486851991
adult_celltype__endothelial_cell,ZJU_HCL_adult_celltype,Endothelial cell,trrust_dorothea_intersection,formal_abs,mutual_information,7,242,242,0.5,0.525587391571614,0.5165272276648365,1.12,0.0008111939532682,0.0006735419738106,0.0001376519794575,0.0511747831432278
adult_celltype__endothelial_cell,ZJU_HCL_adult_celltype,Endothelial cell,trrust_dorothea_intersection,formal_abs,coexpression_probability,7,242,242,0.5,0.5015197049381873,0.5045133478298122,1.04,0.027596129104495,0.0285116396844387,-0.0009155105799436,0.0030394098763746
adult_celltype__endothelial_cell,ZJU_HCL_adult_celltype,Endothelial cell,trrust_dorothea_intersection,formal_abs,codetection_odds_ratio,7,242,242,0.5,0.5411259476811693,0.5290457176886323,1.12,1.316796898841858,1.288357138633728,0.0284397602081298,0.0822518953623385
adult_celltype__endothelial_cell,ZJU_HCL_adult_celltype,Endothelial cell,trrust_dorothea_intersection,formal_abs,pearson,8,242,242,0.5,0.5358411310702821,0.5391806689227668,1.2,0.0446187835186719,0.0402506422251462,0.0043681412935256,0.0716822621405641
adult_celltype__endothelial_cell,ZJU_HCL_adult_celltype,Endothelial cell,trrust_dorothea_intersection,formal_abs,spearman,8,242,242,0.5,0.5537873096099993,0.5409562792304199,1.04,0.0387053005397319,0.0324962940067052,0.0062090065330266,0.1075746192199986
adult_celltype__endothelial_cell,ZJU_HCL_adult_celltype,Endothelial cell,trrust_dorothea_intersection,formal_abs,mutual_information,8,242,242,0.5,0.5481097602622771,0.537533874916712,1.2,0.0008111939532682,0.0006045126356184,0.0002066813176497,0.0962195205245544
adult_celltype__endothelial_cell,ZJU_HCL_adult_celltype,Endothelial cell,trrust_dorothea_intersection,formal_abs,coexpression_probability,8,242,242,0.5,0.5038590260228126,0.5055148786330623,1.04,0.027596129104495,0.0270075853914022,0.0005885437130928,0.0077180520456252
adult_celltype__endothelial_cell,ZJU_HCL_adult_celltype,Endothelial cell,trrust_dorothea_intersection,formal_abs,codetection_odds_ratio,8,242,242,0.5,0.5633494979851102,0.5609737194600608,1.28,1.316796898841858,1.2810974717140198,0.0356994271278381,0.1266989959702207
adult_celltype__endothelial_cell,ZJU_HCL_adult_celltype,Endothelial cell,trrust_dorothea_intersection,formal_abs,pearson,9,242,242,0.5,0.5348166108872345,0.5380292911591529,1.28,0.0446187835186719,0.0402646902948617,0.0043540932238101,0.069633221774469
adult_celltype__endothelial_cell,ZJU_HCL_adult_celltype,Endothelial cell,trrust_dorothea_intersection,formal_abs,spearman,9,242,242,0.5,0.5358411310702821,0.5308450166869535,1.04,0.0387053005397319,0.0349798221141099,0.0037254784256219,0.0716822621405641
adult_celltype__endothelial_cell,ZJU_HCL_adult_celltype,Endothelial cell,trrust_dorothea_intersection,formal_abs,mutual_information,9,242,242,0.5,0.5321101700703504,0.5282486275303387,1.2,0.0008111939532682,0.0005905348807573,0.0002206590725108,0.0642203401407008
adult_celltype__endothelial_cell,ZJU_HCL_adult_celltype,Endothelial cell,trrust_dorothea_intersection,formal_abs,coexpression_probability,9,242,242,0.5,0.4998207089679666,0.5035820145382007,1.04,0.027596129104495,0.0283154593780636,-0.0007193302735686,-0.0003585820640666
adult_celltype__endothelial_cell,ZJU_HCL_adult_celltype,Endothelial cell,trrust_dorothea_intersection,formal_abs,codetection_odds_ratio,9,242,242,0.5,0.5390427566423058,0.5264840991330184,1.2,1.316796898841858,1.2818894982337952,0.0349074006080627,0.0780855132846116
adult_celltype__endothelial_cell,ZJU_HCL_adult_celltype,Endothelial cell,trrust_dorothea_union,formal_abs,pearson,0,1073,1073,0.5,0.5302771840195113,0.5386061940552129,1.3148148148148149,0.0433119423687458,0.040001880377531,0.0033100619912147,0.0605543680390228
adult_celltype__endothelial_cell,ZJU_HCL_adult_celltype,Endothelial cell,trrust_dorothea_union,formal_abs,spearman,0,1073,1073,0.5,0.5369025708550728,0.5407688807273265,1.2592592592592593,0.0372420698404312,0.0335984528064727,0.0036436170339584,0.0738051417101455
adult_celltype__endothelial_cell,ZJU_HCL_adult_celltype,Endothelial cell,trrust_dorothea_union,formal_abs,mutual_information,0,1073,1073,0.5,0.5293895142048884,0.5368447162556385,1.2407407407407407,0.0007113245665095,0.0005987568874843,0.0001125676790252,0.0587790284097768
adult_celltype__endothelial_cell,ZJU_HCL_adult_celltype,Endothelial cell,trrust_dorothea_union,formal_abs,coexpression_probability,0,1073,1073,0.5,0.5068929037659957,0.5073765631866383,1.037037037037037,0.0296887252479791,0.0291655771434307,0.0005231481045484,0.0137858075319912
adult_celltype__endothelial_cell,ZJU_HCL_adult_celltype,Endothelial cell,trrust_dorothea_union,formal_abs,codetection_odds_ratio,0,1073,1073,0.5,0.5485434658555461,0.5516951897783717,1.2592592592592593,1.297701716423035,1.2691516876220703,0.0285500288009643,0.097086931711092
adult_celltype__endothelial_cell,ZJU_HCL_adult_celltype,Endothelial cell,trrust_dorothea_union,formal_abs,pearson,1,1073,1073,0.5,0.5248960114789083,0.536200775377568,1.2777777777777777,0.0433119423687458,0.0403944812715053,0.0029174610972404,0.0497920229578165
adult_celltype__endothelial_cell,ZJU_HCL_adult_celltype,Endothelial cell,trrust_dorothea_union,formal_abs,spearman,1,1073,1073,0.5,0.5329623417806726,0.5416527911451556,1.2222222222222223,0.0372420698404312,0.0332132577896118,0.0040288120508193,0.0659246835613451
adult_celltype__endothelial_cell,ZJU_HCL_adult_celltype,Endothelial cell,trrust_dorothea_union,formal_abs,mutual_information,1,1073,1073,0.5,0.5235992492154719,0.5363148832136525,1.2592592592592593,0.0007113245665095,0.0006049384828656,0.0001063860836438,0.0471984984309437
adult_celltype__endothelial_cell,ZJU_HCL_adult_celltype,Endothelial cell,trrust_dorothea_union,formal_abs,coexpression_probability,1,1073,1073,0.5,0.5067204943156995,0.5072421042796629,1.037037037037037,0.0296887252479791,0.0294271521270275,0.0002615731209516,0.013440988631399
adult_celltype__endothelial_cell,ZJU_HCL_adult_celltype,Endothelial cell,trrust_dorothea_union,formal_abs,codetection_odds_ratio,1,1073,1073,0.5,0.5438072002008114,0.5521434978036914,1.3148148148148149,1.297701716423035,1.276798129081726,0.0209035873413085,0.0876144004016228
adult_celltype__endothelial_cell,ZJU_HCL_adult_celltype,Endothelial cell,trrust_dorothea_union,formal_abs,pearson,2,1073,1073,0.5,0.5343572514893657,0.5438707308202314,1.351851851851852,0.0433119423687458,0.0391477197408676,0.0041642226278781,0.0687145029787315
adult_celltype__endothelial_cell,ZJU_HCL_adult_celltype,Endothelial cell,trrust_dorothea_union,formal_abs,spearman,2,1073,1073,0.5,0.5420613916612889,0.5471605587537742,1.2962962962962965,0.0372420698404312,0.0333437137305736,0.0038983561098575,0.0841227833225777
adult_celltype__endothelial_cell,ZJU_HCL_adult_celltype,Endothelial cell,trrust_dorothea_union,formal_abs,mutual_information,2,1073,1073,0.5,0.5330565806993484,0.5416423528492534,1.3333333333333333,0.0007113245665095,0.0006033001118339,0.0001080244546756,0.0661131613986967
adult_celltype__endothelial_cell,ZJU_HCL_adult_celltype,Endothelial cell,trrust_dorothea_union,formal_abs,coexpression_probability,2,1073,1073,0.5,0.5077336712616464,0.5079399735662409,1.037037037037037,0.0296887252479791,0.0294271521270275,0.0002615731209516,0.0154673425232927
adult_celltype__endothelial_cell,ZJU_HCL_adult_celltype,Endothelial cell,trrust_dorothea_union,formal_abs,codetection_odds_ratio,2,1073,1073,0.5,0.553046088476882,0.5588252678306281,1.3333333333333333,1.297701716423035,1.266072392463684,0.0316293239593505,0.1060921769537639
adult_celltype__endothelial_cell,ZJU_HCL_adult_celltype,Endothelial cell,trrust_dorothea_union,formal_abs,pearson,3,1073,1073,0.5,0.5329953471162456,0.5428440312879984,1.3333333333333333,0.0433119423687458,0.0391188040375709,0.0041931383311748,0.0659906942324912
adult_celltype__endothelial_cell,ZJU_HCL_adult_celltype,Endothelial cell,trrust_dorothea_union,formal_abs,spearman,3,1073,1073,0.5,0.536885633906555,0.5454662976769531,1.2592592592592593,0.0372420698404312,0.0338809676468372,0.0033611021935939,0.0737712678131099
adult_celltype__endothelial_cell,ZJU_HCL_adult_celltype,Endothelial cell,trrust_dorothea_union,formal_abs,mutual_information,3,1073,1073,0.5,0.5281765681225783,0.5407701554219679,1.2407407407407407,0.0007113245665095,0.0006219162023626,8.940836414694786e-05,0.0563531362451565
adult_celltype__endothelial_cell,ZJU_HCL_adult_celltype,Endothelial cell,trrust_dorothea_union,formal_abs,coexpression_probability,3,1073,1073,0.5,0.5062202029133288,0.5072741358534585,1.0185185185185186,0.0296887252479791,0.0294271521270275,0.0002615731209516,0.0124404058266576
adult_celltype__endothelial_cell,ZJU_HCL_adult_celltype,Endothelial cell,trrust_dorothea_union,formal_abs,codetection_odds_ratio,3,1073,1073,0.5,0.5451821329958682,0.5506987629362613,1.2592592592592593,1.297701716423035,1.2691162824630735,0.0285854339599609,0.0903642659917365
adult_celltype__endothelial_cell,ZJU_HCL_adult_celltype,Endothelial cell,trrust_dorothea_union,formal_abs,pearson,4,1073,1073,0.5,0.5314393192562682,0.5388718441301594,1.2592592592592593,0.0433119423687458,0.0395867824554443,0.0037251599133014,0.0628786385125363
adult_celltype__endothelial_cell,ZJU_HCL_adult_celltype,Endothelial cell,trrust_dorothea_union,formal_abs,spearman,4,1073,1073,0.5,0.5368061605327408,0.5404200101547671,1.1666666666666667,0.0372420698404312,0.0333309508860111,0.00391111895442,0.0736123210654817
adult_celltype__endothelial_cell,ZJU_HCL_adult_celltype,Endothelial cell,trrust_dorothea_union,formal_abs,mutual_information,4,1073,1073,0.5,0.5288314634652649,0.5364523414013009,1.2037037037037035,0.0007113245665095,0.000587850343436,0.0001234742230735,0.0576629269305297
adult_celltype__endothelial_cell,ZJU_HCL_adult_celltype,Endothelial cell,trrust_dorothea_union,formal_abs,coexpression_probability,4,1073,1073,0.5,0.5058080704993968,0.5068240781475186,1.037037037037037,0.0296887252479791,0.0300810877233743,-0.0003923624753952,0.0116161409987936
adult_celltype__endothelial_cell,ZJU_HCL_adult_celltype,Endothelial cell,trrust_dorothea_union,formal_abs,codetection_odds_ratio,4,1073,1073,0.5,0.5415667459084241,0.5499658368114273,1.3148148148148149,1.297701716423035,1.276798129081726,0.0209035873413085,0.0831334918168482
adult_celltype__endothelial_cell,ZJU_HCL_adult_celltype,Endothelial cell,trrust_dorothea_union,formal_abs,pearson,5,1073,1073,0.5,0.5273475262066707,0.5362143427891182,1.3148148148148149,0.0433119423687458,0.040001880377531,0.0033100619912147,0.0546950524133413
adult_celltype__endothelial_cell,ZJU_HCL_adult_celltype,Endothelial cell,trrust_dorothea_union,formal_abs,spearman,5,1073,1073,0.5,0.5327100246758312,0.5398385371808366,1.2592592592592593,0.0372420698404312,0.0333437137305736,0.0038983561098575,0.0654200493516623
adult_celltype__endothelial_cell,ZJU_HCL_adult_celltype,Endothelial cell,trrust_dorothea_union,formal_abs,mutual_information,5,1073,1073,0.5,0.5273496976103268,0.5370021375197818,1.2592592592592593,0.0007113245665095,0.0006058474536985,0.000105477112811,0.0546993952206535
adult_celltype__endothelial_cell,ZJU_HCL_adult_celltype,Endothelial cell,trrust_dorothea_union,formal_abs,coexpression_probability,5,1073,1073,0.5,0.5059222863317089,0.5071041308876606,1.037037037037037,0.0296887252479791,0.0296887252479791,0.0,0.0118445726634177
adult_celltype__endothelial_cell,ZJU_HCL_adult_celltype,Endothelial cell,trrust_dorothea_union,formal_abs,codetection_odds_ratio,5,1073,1073,0.5,0.5445997625352962,0.5481635102549958,1.2222222222222223,1.297701716423035,1.270885944366455,0.0268157720565795,0.0891995250705923
adult_celltype__endothelial_cell,ZJU_HCL_adult_celltype,Endothelial cell,trrust_dorothea_union,formal_abs,pearson,6,1073,1073,0.5,0.5319621932566625,0.5395142267457235,1.2222222222222223,0.0433119423687458,0.0392005778849124,0.0041113644838333,0.063924386513325
adult_celltype__endothelial_cell,ZJU_HCL_adult_celltype,Endothelial cell,trrust_dorothea_union,formal_abs,spearman,6,1073,1073,0.5,0.5380525462313552,0.5415463025367317,1.1666666666666667,0.0372420698404312,0.0329339243471622,0.0043081454932689,0.0761050924627104
adult_celltype__endothelial_cell,ZJU_HCL_adult_celltype,Endothelial cell,trrust_dorothea_union,formal_abs,mutual_information,6,1073,1073,0.5,0.531736801557157,0.5388258143896613,1.1851851851851851,0.0007113245665095,0.0005905086873099,0.0001208158791996,0.0634736031143139
adult_celltype__endothelial_cell,ZJU_HCL_adult_celltype,Endothelial cell,trrust_dorothea_union,formal_abs,coexpression_probability,6,1073,1073,0.5,0.5063704640463326,0.507316349352197,1.0185185185185186,0.0296887252479791,0.0294271521270275,0.0002615731209516,0.0127409280926651
adult_celltype__endothelial_cell,ZJU_HCL_adult_celltype,Endothelial cell,trrust_dorothea_union,formal_abs,codetection_odds_ratio,6,1073,1073,0.5,0.5427353953561493,0.5490693862225231,1.2777777777777777,1.297701716423035,1.2760165929794312,0.0216851234436035,0.0854707907122984
adult_celltype__endothelial_cell,ZJU_HCL_adult_celltype,Endothelial cell,trrust_dorothea_union,formal_abs,pearson,7,1073,1073,0.5,0.5252673215041053,0.5377877956195707,1.2592592592592593,0.0433119423687458,0.0409538559615612,0.0023580864071846,0.0505346430082105
adult_celltype__endothelial_cell,ZJU_HCL_adult_celltype,Endothelial cell,trrust_dorothea_union,formal_abs,spearman,7,1073,1073,0.5,0.5345357408698991,0.5433622459933651,1.2407407407407407,0.0372420698404312,0.0337748117744922,0.0034672580659389,0.0690714817397981
adult_celltype__endothelial_cell,ZJU_HCL_adult_celltype,Endothelial cell,trrust_dorothea_union,formal_abs,mutual_information,7,1073,1073,0.5,0.5261840881277202,0.5382574700408489,1.2592592592592593,0.0007113245665095,0.0006125775398686,9.874702664092184e-05,0.0523681762554404
adult_celltype__endothelial_cell,ZJU_HCL_adult_celltype,Endothelial cell,trrust_dorothea_union,formal_abs,coexpression_probability,7,1073,1073,0.5,0.5059631087204439,0.50703250395139,1.0555555555555556,0.0296887252479791,0.0296887252479791,0.0,0.0119262174408878
adult_celltype__endothelial_cell,ZJU_HCL_adult_celltype,Endothelial cell,trrust_dorothea_union,formal_abs,codetection_odds_ratio,7,1073,1073,0.5,0.5458504910412229,0.551639546318367,1.2962962962962965,1.297701716423035,1.272881269454956,0.0248204469680786,0.0917009820824454
adult_celltype__endothelial_cell,ZJU_HCL_adult_celltype,Endothelial cell,trrust_dorothea_union,formal_abs,pearson,8,1073,1073,0.5,0.5309407649768225,0.5443696866618509,1.351851851851852,0.0433119423687458,0.0394609272480011,0.0038510151207447,0.0618815299536448
adult_celltype__endothelial_cell,ZJU_HCL_adult_celltype,Endothelial cell,trrust_dorothea_union,formal_abs,spearman,8,1073,1073,0.5,0.5360357465155485,0.5473290652828727,1.2962962962962965,0.0372420698404312,0.0336979590356349,0.0035441108047962,0.072071493031097
adult_celltype__endothelial_cell,ZJU_HCL_adult_celltype,Endothelial cell,trrust_dorothea_union,formal_abs,mutual_information,8,1073,1073,0.5,0.5295250097930304,0.5439692608775766,1.3333333333333333,0.0007113245665095,0.0006071961252018,0.0001041284413076,0.059050019586061
adult_celltype__endothelial_cell,ZJU_HCL_adult_celltype,Endothelial cell,trrust_dorothea_union,formal_abs,coexpression_probability,8,1073,1073,0.5,0.506992354053446,0.5076255807721887,1.037037037037037,0.0296887252479791,0.0294271521270275,0.0002615731209516,0.0139847081068922
adult_celltype__endothelial_cell,ZJU_HCL_adult_celltype,Endothelial cell,trrust_dorothea_union,formal_abs,codetection_odds_ratio,8,1073,1073,0.5,0.5505845852923014,0.5602837433284966,1.3333333333333333,1.297701716423035,1.2714027166366575,0.0262989997863769,0.1011691705846027
adult_celltype__endothelial_cell,ZJU_HCL_adult_celltype,Endothelial cell,trrust_dorothea_union,formal_abs,pearson,9,1073,1073,0.5,0.5283633088370049,0.5343950590040913,1.2222222222222223,0.0433119423687458,0.0397893562912941,0.0035225860774517,0.0567266176740097
adult_celltype__endothelial_cell,ZJU_HCL_adult_celltype,Endothelial cell,trrust_dorothea_union,formal_abs,spearman,9,1073,1073,0.5,0.5290034386348298,0.5354433564956602,1.1851851851851851,0.0372420698404312,0.0342743545770645,0.0029677152633666,0.0580068772696595
adult_celltype__endothelial_cell,ZJU_HCL_adult_celltype,Endothelial cell,trrust_dorothea_union,formal_abs,mutual_information,9,1073,1073,0.5,0.525084923596991,0.5341439456790463,1.2037037037037035,0.0007113245665095,0.0006189757841639,9.234878234565258e-05,0.0501698471939819
adult_celltype__endothelial_cell,ZJU_HCL_adult_celltype,Endothelial cell,trrust_dorothea_union,formal_abs,coexpression_probability,9,1073,1073,0.5,0.5062749222854631,0.5066068901309273,1.0185185185185186,0.0296887252479791,0.0299503002315759,-0.0002615749835968,0.0125498445709262
adult_celltype__endothelial_cell,ZJU_HCL_adult_celltype,Endothelial cell,trrust_dorothea_union,formal_abs,codetection_odds_ratio,9,1073,1073,0.5,0.5382892292298727,0.547883510251826,1.2962962962962965,1.297701716423035,1.2774109840393066,0.020290732383728,0.0765784584597453
adult_celltype__enterocyte,ZJU_HCL_adult_celltype,Enterocyte,trrust,formal_abs,pearson,0,154,154,0.5,0.5223477820880418,0.538401325454776,1.375,0.0971864163875579,0.0855395086109638,0.0116469077765941,0.0446955641760835
adult_celltype__enterocyte,ZJU_HCL_adult_celltype,Enterocyte,trrust,formal_abs,spearman,0,154,154,0.5,0.5247512228031709,0.5353138757449241,1.375,0.0823758505284786,0.0702467821538448,0.0121290683746337,0.0495024456063417
adult_celltype__enterocyte,ZJU_HCL_adult_celltype,Enterocyte,trrust,formal_abs,mutual_information,0,154,154,0.5,0.525004216562658,0.5326749508604863,1.25,0.002976895077154,0.0023384417872875,0.0006384532898664,0.0500084331253163
adult_celltype__enterocyte,ZJU_HCL_adult_celltype,Enterocyte,trrust,formal_abs,coexpression_probability,0,154,154,0.5,0.519185360094451,0.5199422254430781,1.0,0.0190355330705642,0.0190355330705642,0.0,0.038370720188902
adult_celltype__enterocyte,ZJU_HCL_adult_celltype,Enterocyte,trrust,formal_abs,codetection_odds_ratio,0,154,154,0.5,0.5411747343565525,0.5489480003903935,1.25,1.8907876014709477,1.8540262579917908,0.0367613434791564,0.082349468713105
adult_celltype__enterocyte,ZJU_HCL_adult_celltype,Enterocyte,trrust,formal_abs,pearson,1,154,154,0.5,0.538581548321808,0.5464565472859438,1.25,0.0971864163875579,0.0835765227675437,0.0136098936200141,0.077163096643616
adult_celltype__enterocyte,ZJU_HCL_adult_celltype,Enterocyte,trrust,formal_abs,spearman,1,154,154,0.5,0.5433040984989037,0.5442925167087509,1.0,0.0823758505284786,0.0676285438239574,0.0147473067045211,0.0866081969978074
adult_celltype__enterocyte,ZJU_HCL_adult_celltype,Enterocyte,trrust,formal_abs,mutual_information,1,154,154,0.5,0.5427981109799291,0.5428331624011585,0.75,0.002976895077154,0.0020891572348773,0.0008877378422766,0.0855962219598582
adult_celltype__enterocyte,ZJU_HCL_adult_celltype,Enterocyte,trrust,formal_abs,coexpression_probability,1,154,154,0.5,0.5273444088379153,0.5225092195798768,1.0,0.0190355330705642,0.0174203971400856,0.0016151359304785,0.0546888176758306
adult_celltype__enterocyte,ZJU_HCL_adult_celltype,Enterocyte,trrust,formal_abs,codetection_odds_ratio,1,154,154,0.5,0.5563754427390791,0.5597959096699081,1.375,1.8907876014709477,1.762635052204132,0.1281525492668151,0.1127508854781582
adult_celltype__enterocyte,ZJU_HCL_adult_celltype,Enterocyte,trrust,formal_abs,pearson,2,154,154,0.5,0.5145471411705178,0.5317665371143199,1.375,0.0971864163875579,0.089568868279457,0.0076175481081008,0.0290942823410356
adult_celltype__enterocyte,ZJU_HCL_adult_celltype,Enterocyte,trrust,formal_abs,spearman,2,154,154,0.5,0.5174144037780402,0.5302998948477102,1.25,0.0823758505284786,0.0770296789705753,0.0053461715579032,0.0348288075560803
adult_celltype__enterocyte,ZJU_HCL_adult_celltype,Enterocyte,trrust,formal_abs,mutual_information,2,154,154,0.5,0.5222212852082981,0.5276925259226651,1.125,0.002976895077154,0.0025843735784292,0.0003925214987248,0.0444425704165964
adult_celltype__enterocyte,ZJU_HCL_adult_celltype,Enterocyte,trrust,formal_abs,coexpression_probability,2,154,154,0.5,0.5187215382020577,0.5172368728538854,0.875,0.0190355330705642,0.0185740645974874,0.0004614684730768,0.0374430764041153
adult_celltype__enterocyte,ZJU_HCL_adult_celltype,Enterocyte,trrust,formal_abs,codetection_odds_ratio,2,154,154,0.5,0.5419969640748862,0.5627324716669253,1.375,1.8907876014709477,1.8223527669906616,0.0684348344802856,0.0839939281497723
adult_celltype__enterocyte,ZJU_HCL_adult_celltype,Enterocyte,trrust,formal_abs,pearson,3,154,154,0.5,0.5344071512902682,0.5520824493003016,1.375,0.0971864163875579,0.0814148560166359,0.015771560370922,0.0688143025805363
adult_celltype__enterocyte,ZJU_HCL_adult_celltype,Enterocyte,trrust,formal_abs,spearman,3,154,154,0.5,0.5356721200877045,0.5480952689240806,1.375,0.0823758505284786,0.0699214227497577,0.0124544277787208,0.0713442401754089
adult_celltype__enterocyte,ZJU_HCL_adult_celltype,Enterocyte,trrust,formal_abs,mutual_information,3,154,154,0.5,0.5326361949738573,0.5395281430108516,1.25,0.002976895077154,0.0020217355340719,0.0009551595430821,0.0652723899477145
adult_celltype__enterocyte,ZJU_HCL_adult_celltype,Enterocyte,trrust,formal_abs,coexpression_probability,3,154,154,0.5,0.5269649181986844,0.5240774922881941,0.875,0.0190355330705642,0.0181702813133597,0.0008652517572045,0.0539298363973688
adult_celltype__enterocyte,ZJU_HCL_adult_celltype,Enterocyte,trrust,formal_abs,codetection_odds_ratio,3,154,154,0.5,0.5503879237645471,0.5623761379056066,1.375,1.8907876014709477,1.8276941776275637,0.0630934238433837,0.1007758475290943
adult_celltype__enterocyte,ZJU_HCL_adult_celltype,Enterocyte,trrust,formal_abs,pearson,4,154,154,0.5,0.5130291786135942,0.5348848606580768,1.375,0.0971864163875579,0.0843405984342098,0.0128458179533481,0.0260583572271884
adult_celltype__enterocyte,ZJU_HCL_adult_celltype,Enterocyte,trrust,formal_abs,spearman,4,154,154,0.5,0.5126496879743633,0.5266346549702856,1.25,0.0823758505284786,0.0741688832640647,0.0082069672644138,0.0252993759487265
adult_celltype__enterocyte,ZJU_HCL_adult_celltype,Enterocyte,trrust,formal_abs,mutual_information,4,154,154,0.5,0.5143363130376117,0.5280988205391492,1.25,0.002976895077154,0.0025726668536663,0.0004042282234877,0.0286726260752234
adult_celltype__enterocyte,ZJU_HCL_adult_celltype,Enterocyte,trrust,formal_abs,coexpression_probability,4,154,154,0.5,0.51288159892056,0.5171500524376984,0.875,0.0190355330705642,0.018516382202506,0.0005191508680582,0.0257631978411199
adult_celltype__enterocyte,ZJU_HCL_adult_celltype,Enterocyte,trrust,formal_abs,codetection_odds_ratio,4,154,154,0.5,0.5196070163602631,0.5315443984027064,1.125,1.8907876014709477,1.8401857614517207,0.050601840019226,0.0392140327205261
adult_celltype__enterocyte,ZJU_HCL_adult_celltype,Enterocyte,trrust,formal_abs,pearson,5,154,154,0.5,0.5150531286894923,0.5449259775571169,1.375,0.0971864163875579,0.0872407965362072,0.0099456198513507,0.0301062573789847
adult_celltype__enterocyte,ZJU_HCL_adult_celltype,Enterocyte,trrust,formal_abs,spearman,5,154,154,0.5,0.5157699443413729,0.5441334616099684,1.5,0.0823758505284786,0.0772178322076797,0.0051580183207988,0.0315398886827458
adult_celltype__enterocyte,ZJU_HCL_adult_celltype,Enterocyte,trrust,formal_abs,mutual_information,5,154,154,0.5,0.5183842131894081,0.539485758446604,1.25,0.002976895077154,0.0024739736691117,0.0005029214080423,0.0367684263788159
adult_celltype__enterocyte,ZJU_HCL_adult_celltype,Enterocyte,trrust,formal_abs,coexpression_probability,5,154,154,0.5,0.5136405801990218,0.5188329143931947,1.0,0.0190355330705642,0.0186317488551139,0.0004037842154502,0.0272811603980436
adult_celltype__enterocyte,ZJU_HCL_adult_celltype,Enterocyte,trrust,formal_abs,codetection_odds_ratio,5,154,154,0.5,0.5223899477146231,0.5433235547163615,1.5,1.8907876014709477,1.844878733158112,0.0459088683128356,0.0447798954292459
adult_celltype__enterocyte,ZJU_HCL_adult_celltype,Enterocyte,trrust,formal_abs,pearson,6,154,154,0.5,0.5224742789677854,0.5309805003479664,1.25,0.0971864163875579,0.0878273248672485,0.0093590915203094,0.0449485579355708
adult_celltype__enterocyte,ZJU_HCL_adult_celltype,Enterocyte,trrust,formal_abs,spearman,6,154,154,0.5,0.5244138977905212,0.5297882718695248,1.25,0.0823758505284786,0.0748217478394508,0.0075541026890277,0.0488277955810423
adult_celltype__enterocyte,ZJU_HCL_adult_celltype,Enterocyte,trrust,formal_abs,mutual_information,6,154,154,0.5,0.5285039635688986,0.5267225167968526,1.125,0.002976895077154,0.0023891024757176,0.0005877926014363,0.0570079271377972
adult_celltype__enterocyte,ZJU_HCL_adult_celltype,Enterocyte,trrust,formal_abs,coexpression_probability,6,154,154,0.5,0.5188691178950919,0.5182273133139265,0.875,0.0190355330705642,0.0184010146185755,0.0006345184519886,0.0377382357901838
adult_celltype__enterocyte,ZJU_HCL_adult_celltype,Enterocyte,trrust,formal_abs,codetection_odds_ratio,6,154,154,0.5,0.5422499578343734,0.5512125377633191,1.375,1.8907876014709477,1.8053468465805051,0.0854407548904419,0.0844999156687469
adult_celltype__enterocyte,ZJU_HCL_adult_celltype,Enterocyte,trrust,formal_abs,pearson,7,154,154,0.5,0.5149266318097487,0.5339825566784144,1.375,0.0971864163875579,0.0856133885681629,0.011573027819395,0.0298532636194974
adult_celltype__enterocyte,ZJU_HCL_adult_celltype,Enterocyte,trrust,formal_abs,spearman,7,154,154,0.5,0.5202395007589813,0.53793487945252,1.375,0.0823758505284786,0.072962112724781,0.0094137378036975,0.0404790015179625
adult_celltype__enterocyte,ZJU_HCL_adult_celltype,Enterocyte,trrust,formal_abs,mutual_information,7,154,154,0.5,0.5231489289930848,0.531969068922052,1.125,0.002976895077154,0.0021857405081391,0.0007911545690149,0.0462978579861697
adult_celltype__enterocyte,ZJU_HCL_adult_celltype,Enterocyte,trrust,formal_abs,coexpression_probability,7,154,154,0.5,0.5177938944172711,0.5196441916284313,0.875,0.0190355330705642,0.0173050295561552,0.001730503514409,0.0355877888345421
adult_celltype__enterocyte,ZJU_HCL_adult_celltype,Enterocyte,trrust,formal_abs,codetection_odds_ratio,7,154,154,0.5,0.5256577837746669,0.553282323878338,1.625,1.8907876014709477,1.8202961087226868,0.0704914927482605,0.0513155675493337
adult_celltype__enterocyte,ZJU_HCL_adult_celltype,Enterocyte,trrust,formal_abs,pearson,8,154,154,0.5,0.5137038286388935,0.5395414381294252,1.5,0.0971864163875579,0.0883998647332191,0.0087865516543388,0.027407657277787
adult_celltype__enterocyte,ZJU_HCL_adult_celltype,Enterocyte,trrust,formal_abs,spearman,8,154,154,0.5,0.5084331253162422,0.5330996667493623,1.375,0.0823758505284786,0.0755476057529449,0.0068282447755336,0.0168662506324843
adult_celltype__enterocyte,ZJU_HCL_adult_celltype,Enterocyte,trrust,formal_abs,mutual_information,8,154,154,0.5,0.5106679035250464,0.5262960379946057,1.25,0.002976895077154,0.0025170473381876,0.0004598477389663,0.0213358070500928
adult_celltype__enterocyte,ZJU_HCL_adult_celltype,Enterocyte,trrust,formal_abs,coexpression_probability,8,154,154,0.5,0.5175198178444932,0.5170658726001095,1.0,0.0190355330705642,0.0185163812711834,0.0005191517993807,0.0350396356889863
adult_celltype__enterocyte,ZJU_HCL_adult_celltype,Enterocyte,trrust,formal_abs,codetection_odds_ratio,8,154,154,0.5,0.5275341541575307,0.5500489009094844,1.5,1.8907876014709477,1.864574134349823,0.0262134671211242,0.0550683083150616
adult_celltype__enterocyte,ZJU_HCL_adult_celltype,Enterocyte,trrust,formal_abs,pearson,9,154,154,0.5,0.5317928824422331,0.5450549377392172,1.375,0.0971864163875579,0.0872868373990058,0.009899578988552,0.0635857648844662
adult_celltype__enterocyte,ZJU_HCL_adult_celltype,Enterocyte,trrust,formal_abs,spearman,9,154,154,0.5,0.5322145387080452,0.5473075825465492,1.5,0.0823758505284786,0.0774863809347152,0.0048894695937633,0.0644290774160905
adult_celltype__enterocyte,ZJU_HCL_adult_celltype,Enterocyte,trrust,formal_abs,mutual_information,9,154,154,0.5,0.5332265137459944,0.5376859723203066,1.25,0.002976895077154,0.0026024598628282,0.0003744352143257,0.0664530274919885
adult_celltype__enterocyte,ZJU_HCL_adult_celltype,Enterocyte,trrust,formal_abs,coexpression_probability,9,154,154,0.5,0.5201340866925283,0.5181412127646485,1.0,0.0190355330705642,0.0188624821603298,0.0001730509102344,0.0402681733850565
adult_celltype__enterocyte,ZJU_HCL_adult_celltype,Enterocyte,trrust,formal_abs,codetection_odds_ratio,9,154,154,0.5,0.5512312362961714,0.568790702033549,1.5,1.8907876014709477,1.782966375350952,0.1078212261199951,0.1024624725923426
adult_celltype__enterocyte,ZJU_HCL_adult_celltype,Enterocyte,dorothea_ab,formal_abs,pearson,0,168,168,0.5,0.5255810657596371,0.5458294376339855,1.2941176470588236,0.095825333148241,0.080921184271574,0.014904148876667,0.0511621315192742
adult_celltype__enterocyte,ZJU_HCL_adult_celltype,Enterocyte,dorothea_ab,formal_abs,spearman,0,168,168,0.5,0.5274589002267573,0.5433819938813971,1.5294117647058822,0.0839751884341239,0.0770154744386673,0.0069597139954566,0.0549178004535146
adult_celltype__enterocyte,ZJU_HCL_adult_celltype,Enterocyte,dorothea_ab,formal_abs,mutual_information,0,168,168,0.5,0.5252090419501134,0.5343667730469503,1.411764705882353,0.0028142938390374,0.0024094460532069,0.0004048477858304,0.0504180839002268
adult_celltype__enterocyte,ZJU_HCL_adult_celltype,Enterocyte,dorothea_ab,formal_abs,coexpression_probability,0,168,168,0.5,0.5112315759637188,0.5138938358389186,0.9411764705882352,0.0201315181329846,0.0182279655709862,0.0019035525619983,0.0224631519274376
adult_celltype__enterocyte,ZJU_HCL_adult_celltype,Enterocyte,dorothea_ab,formal_abs,codetection_odds_ratio,0,168,168,0.5,0.5314094387755103,0.556991511495242,1.411764705882353,1.90141361951828,1.8899800777435305,0.0114335417747497,0.0628188775510203
adult_celltype__enterocyte,ZJU_HCL_adult_celltype,Enterocyte,dorothea_ab,formal_abs,pearson,1,168,168,0.5,0.5005314625850341,0.5257420220983869,1.2941176470588236,0.095825333148241,0.0897346176207065,0.0060907155275344,0.001062925170068
adult_celltype__enterocyte,ZJU_HCL_adult_celltype,Enterocyte,dorothea_ab,formal_abs,spearman,1,168,168,0.5,0.5084325396825397,0.5284584094236302,1.2941176470588236,0.0839751884341239,0.0796057730913162,0.0043694153428077,0.0168650793650793
adult_celltype__enterocyte,ZJU_HCL_adult_celltype,Enterocyte,dorothea_ab,formal_abs,mutual_information,1,168,168,0.5,0.5048185941043084,0.5196217626193089,1.1764705882352942,0.0028142938390374,0.0027384010609239,7.589277811348438e-05,0.0096371882086168
adult_celltype__enterocyte,ZJU_HCL_adult_celltype,Enterocyte,dorothea_ab,formal_abs,coexpression_probability,1,168,168,0.5,0.5123476473922902,0.5101738634320524,0.9411764705882352,0.0201315181329846,0.0200738348066806,5.768332630395889e-05,0.0246952947845804
adult_celltype__enterocyte,ZJU_HCL_adult_celltype,Enterocyte,dorothea_ab,formal_abs,codetection_odds_ratio,1,168,168,0.5,0.5226934523809523,0.5632510559561965,1.6470588235294117,1.90141361951828,1.893206775188446,0.0082068443298339,0.0453869047619046
adult_celltype__enterocyte,ZJU_HCL_adult_celltype,Enterocyte,dorothea_ab,formal_abs,pearson,2,168,168,0.5,0.4892644557823129,0.5150938173461291,1.2941176470588236,0.095825333148241,0.0869038105010986,0.0089215226471424,-0.0214710884353741
adult_celltype__enterocyte,ZJU_HCL_adult_celltype,Enterocyte,dorothea_ab,formal_abs,spearman,2,168,168,0.5,0.4961380385487528,0.511038980922456,1.2941176470588236,0.0839751884341239,0.0758944675326347,0.0080807209014892,-0.0077239229024943
adult_celltype__enterocyte,ZJU_HCL_adult_celltype,Enterocyte,dorothea_ab,formal_abs,mutual_information,2,168,168,0.5,0.4972895408163265,0.5090453999087838,1.2941176470588236,0.0028142938390374,0.0024609761312603,0.000353317707777,-0.0054209183673469
adult_celltype__enterocyte,ZJU_HCL_adult_celltype,Enterocyte,dorothea_ab,formal_abs,coexpression_probability,2,168,168,0.5,0.5041276927437641,0.5057258920540286,0.9411764705882352,0.0201315181329846,0.0184010146185755,0.001730503514409,0.0082553854875282
adult_celltype__enterocyte,ZJU_HCL_adult_celltype,Enterocyte,dorothea_ab,formal_abs,codetection_odds_ratio,2,168,168,0.5,0.5012577947845804,0.5334357786498857,1.1764705882352942,1.90141361951828,1.92863130569458,-0.0272176861763,0.002515589569161
adult_celltype__enterocyte,ZJU_HCL_adult_celltype,Enterocyte,dorothea_ab,formal_abs,pearson,3,168,168,0.5,0.5143140589569162,0.5455946173139201,1.5294117647058822,0.095825333148241,0.1021019704639911,-0.0062766373157501,0.0286281179138321
adult_celltype__enterocyte,ZJU_HCL_adult_celltype,Enterocyte,dorothea_ab,formal_abs,spearman,3,168,168,0.5,0.5294430272108844,0.5536536970967371,1.5294117647058822,0.0839751884341239,0.0766191817820072,0.0073560066521167,0.0588860544217686
adult_celltype__enterocyte,ZJU_HCL_adult_celltype,Enterocyte,dorothea_ab,formal_abs,mutual_information,3,168,168,0.5,0.5216128117913832,0.5449333517133859,1.5294117647058822,0.0028142938390374,0.0026354785077273,0.00017881533131,0.0432256235827663
adult_celltype__enterocyte,ZJU_HCL_adult_celltype,Enterocyte,dorothea_ab,formal_abs,coexpression_probability,3,168,168,0.5,0.514030612244898,0.5159432977326082,1.0588235294117647,0.0201315181329846,0.0189201664179563,0.0012113517150282,0.0280612244897959
adult_celltype__enterocyte,ZJU_HCL_adult_celltype,Enterocyte,dorothea_ab,formal_abs,codetection_odds_ratio,3,168,168,0.5,0.5454931972789115,0.565814482007472,1.2941176470588236,1.90141361951828,1.891175627708435,0.0102379918098449,0.090986394557823
adult_celltype__enterocyte,ZJU_HCL_adult_celltype,Enterocyte,dorothea_ab,formal_abs,pearson,4,168,168,0.5,0.5332695578231292,0.5397737050957017,1.2941176470588236,0.095825333148241,0.0849835574626922,0.0108417756855487,0.0665391156462584
adult_celltype__enterocyte,ZJU_HCL_adult_celltype,Enterocyte,dorothea_ab,formal_abs,spearman,4,168,168,0.5,0.5396116780045352,0.536982702274584,1.2941176470588236,0.0839751884341239,0.0728807747364044,0.0110944136977195,0.0792233560090702
adult_celltype__enterocyte,ZJU_HCL_adult_celltype,Enterocyte,dorothea_ab,formal_abs,mutual_information,4,168,168,0.5,0.5370960884353742,0.533258836987934,1.1764705882352942,0.0028142938390374,0.0022821095772087,0.0005321842618286,0.0741921768707483
adult_celltype__enterocyte,ZJU_HCL_adult_celltype,Enterocyte,dorothea_ab,formal_abs,coexpression_probability,4,168,168,0.5,0.513233418367347,0.5150364492366666,0.9411764705882352,0.0201315181329846,0.0194393172860145,0.00069220084697,0.0264668367346938
adult_celltype__enterocyte,ZJU_HCL_adult_celltype,Enterocyte,dorothea_ab,formal_abs,codetection_odds_ratio,4,168,168,0.5,0.5397179705215419,0.5523569362396262,1.1764705882352942,1.90141361951828,1.882974863052368,0.0184387564659118,0.0794359410430838
adult_celltype__enterocyte,ZJU_HCL_adult_celltype,Enterocyte,dorothea_ab,formal_abs,pearson,5,168,168,0.5,0.5060232426303855,0.5214508133980088,1.2941176470588236,0.095825333148241,0.0939161255955696,0.0019092075526714,0.0120464852607709
adult_celltype__enterocyte,ZJU_HCL_adult_celltype,Enterocyte,dorothea_ab,formal_abs,spearman,5,168,168,0.5,0.5115504535147392,0.5191860178655433,1.2941176470588236,0.0839751884341239,0.0768415629863739,0.00713362544775,0.0231009070294785
adult_celltype__enterocyte,ZJU_HCL_adult_celltype,Enterocyte,dorothea_ab,formal_abs,mutual_information,5,168,168,0.5,0.5098143424036281,0.5151647815356803,1.2941176470588236,0.0028142938390374,0.0029447353444993,-0.0001304415054619,0.0196286848072562
adult_celltype__enterocyte,ZJU_HCL_adult_celltype,Enterocyte,dorothea_ab,formal_abs,coexpression_probability,5,168,168,0.5,0.5084679705215419,0.5074840349719786,1.0588235294117647,0.0201315181329846,0.021227503195405,-0.0010959850624203,0.0169359410430838
adult_celltype__enterocyte,ZJU_HCL_adult_celltype,Enterocyte,dorothea_ab,formal_abs,codetection_odds_ratio,5,168,168,0.5,0.5243409863945578,0.5446021895305462,1.1764705882352942,1.90141361951828,1.8703177571296687,0.0310958623886108,0.0486819727891156
adult_celltype__enterocyte,ZJU_HCL_adult_celltype,Enterocyte,dorothea_ab,formal_abs,pearson,6,168,168,0.5,0.5004960317460317,0.5337192049715773,1.2941176470588236,0.095825333148241,0.0907676517963409,0.0050576813519001,0.0009920634920634
adult_celltype__enterocyte,ZJU_HCL_adult_celltype,Enterocyte,dorothea_ab,formal_abs,spearman,6,168,168,0.5,0.5129322562358276,0.5404424179547771,1.5294117647058822,0.0839751884341239,0.0788701437413692,0.0051050446927547,0.0258645124716552
adult_celltype__enterocyte,ZJU_HCL_adult_celltype,Enterocyte,dorothea_ab,formal_abs,mutual_information,6,168,168,0.5,0.5070684523809523,0.5325059990632487,1.411764705882353,0.0028142938390374,0.0027756788767874,3.861496224999428e-05,0.0141369047619046
adult_celltype__enterocyte,ZJU_HCL_adult_celltype,Enterocyte,dorothea_ab,formal_abs,coexpression_probability,6,168,168,0.5,0.5073164682539681,0.5098754402104366,0.9411764705882352,0.0201315181329846,0.0199007848277688,0.0002307333052158,0.0146329365079365
adult_celltype__enterocyte,ZJU_HCL_adult_celltype,Enterocyte,dorothea_ab,formal_abs,codetection_odds_ratio,6,168,168,0.5,0.5125956632653061,0.554663974002072,1.5294117647058822,1.90141361951828,1.9204774498939516,-0.0190638303756713,0.0251913265306122
adult_celltype__enterocyte,ZJU_HCL_adult_celltype,Enterocyte,dorothea_ab,formal_abs,pearson,7,168,168,0.5,0.5055626417233561,0.5256632288114531,1.2941176470588236,0.095825333148241,0.0879835039377212,0.0078418292105197,0.0111252834467119
adult_celltype__enterocyte,ZJU_HCL_adult_celltype,Enterocyte,dorothea_ab,formal_abs,spearman,7,168,168,0.5,0.513640873015873,0.522375444988161,1.2941176470588236,0.0839751884341239,0.0768623799085617,0.0071128085255622,0.027281746031746
adult_celltype__enterocyte,ZJU_HCL_adult_celltype,Enterocyte,dorothea_ab,formal_abs,mutual_information,7,168,168,0.5,0.5133219954648527,0.521341147310786,1.1764705882352942,0.0028142938390374,0.0026254188269376,0.0001888750120997,0.0266439909297051
adult_celltype__enterocyte,ZJU_HCL_adult_celltype,Enterocyte,dorothea_ab,formal_abs,coexpression_probability,7,168,168,0.5,0.5069798752834467,0.5083569781440297,1.0588235294117647,0.0201315181329846,0.0188047997653484,0.0013267183676362,0.0139597505668933
adult_celltype__enterocyte,ZJU_HCL_adult_celltype,Enterocyte,dorothea_ab,formal_abs,codetection_odds_ratio,7,168,168,0.5,0.5139597505668934,0.5458972030308757,1.1764705882352942,1.90141361951828,1.9111072421073916,-0.0096936225891113,0.0279195011337869
adult_celltype__enterocyte,ZJU_HCL_adult_celltype,Enterocyte,dorothea_ab,formal_abs,pearson,8,168,168,0.5,0.5261833900226758,0.5446374511196842,1.2941176470588236,0.095825333148241,0.0825857706367969,0.013239562511444,0.0523667800453515
adult_celltype__enterocyte,ZJU_HCL_adult_celltype,Enterocyte,dorothea_ab,formal_abs,spearman,8,168,168,0.5,0.5386550453514739,0.5440979774311568,1.5294117647058822,0.0839751884341239,0.0697914361953735,0.0141837522387504,0.0773100907029478
adult_celltype__enterocyte,ZJU_HCL_adult_celltype,Enterocyte,dorothea_ab,formal_abs,mutual_information,8,168,168,0.5,0.5336238662131518,0.5360986513112909,1.411764705882353,0.0028142938390374,0.0022926749661564,0.0005216188728809,0.0672477324263038
adult_celltype__enterocyte,ZJU_HCL_adult_celltype,Enterocyte,dorothea_ab,formal_abs,coexpression_probability,8,168,168,0.5,0.5154301303854876,0.5142195497537306,0.9411764705882352,0.0201315181329846,0.0184586988762021,0.0016728192567825,0.0308602607709751
adult_celltype__enterocyte,ZJU_HCL_adult_celltype,Enterocyte,dorothea_ab,formal_abs,codetection_odds_ratio,8,168,168,0.5,0.5515341553287981,0.5717729770270715,1.411764705882353,1.90141361951828,1.8480364680290224,0.0533771514892578,0.1030683106575964
adult_celltype__enterocyte,ZJU_HCL_adult_celltype,Enterocyte,dorothea_ab,formal_abs,pearson,9,168,168,0.5,0.5038265306122449,0.5389799206406443,1.411764705882353,0.095825333148241,0.0856876447796821,0.0101376883685588,0.0076530612244898
adult_celltype__enterocyte,ZJU_HCL_adult_celltype,Enterocyte,dorothea_ab,formal_abs,spearman,9,168,168,0.5,0.5114795918367346,0.5403712649192076,1.411764705882353,0.0839751884341239,0.0745981372892856,0.0093770511448383,0.0229591836734694
adult_celltype__enterocyte,ZJU_HCL_adult_celltype,Enterocyte,dorothea_ab,formal_abs,mutual_information,9,168,168,0.5,0.5090348639455782,0.5329420979365991,1.411764705882353,0.0028142938390374,0.0023482048418372,0.0004660889972001,0.0180697278911565
adult_celltype__enterocyte,ZJU_HCL_adult_celltype,Enterocyte,dorothea_ab,formal_abs,coexpression_probability,9,168,168,0.5,0.5085919784580499,0.5121199930733127,0.9411764705882352,0.0201315181329846,0.0199007848277688,0.0002307333052158,0.0171839569160998
adult_celltype__enterocyte,ZJU_HCL_adult_celltype,Enterocyte,dorothea_ab,formal_abs,codetection_odds_ratio,9,168,168,0.5,0.5250850340136055,0.555181440679672,1.2941176470588236,1.90141361951828,1.8988619446754456,0.0025516748428344,0.0501700680272108
adult_celltype__enterocyte,ZJU_HCL_adult_celltype,Enterocyte,trrust_dorothea_intersection,formal_abs,pearson,0,57,57,0.5,0.5450907971683595,0.5789175411244962,1.6666666666666667,0.1178588271141052,0.1100091338157653,0.0078496932983398,0.090181594336719
adult_celltype__enterocyte,ZJU_HCL_adult_celltype,Enterocyte,trrust_dorothea_intersection,formal_abs,spearman,0,57,57,0.5,0.5469375192366882,0.5830859197478309,1.6666666666666667,0.0947094559669494,0.0924812853336334,0.002228170633316,0.0938750384733764
adult_celltype__enterocyte,ZJU_HCL_adult_celltype,Enterocyte,trrust_dorothea_intersection,formal_abs,mutual_information,0,57,57,0.5,0.5466297322253001,0.5829186341682873,1.6666666666666667,0.0042429557070136,0.0032446547411382,0.0009983009658753,0.0932594644506001
adult_celltype__enterocyte,ZJU_HCL_adult_celltype,Enterocyte,trrust_dorothea_intersection,formal_abs,coexpression_probability,0,57,57,0.5,0.512927054478301,0.5240365034120777,1.0,0.0230733733624219,0.02457314170897,-0.001499768346548,0.025854108956602
adult_celltype__enterocyte,ZJU_HCL_adult_celltype,Enterocyte,trrust_dorothea_intersection,formal_abs,codetection_odds_ratio,0,57,57,0.5,0.5718682671591258,0.5888554715786267,1.3333333333333333,2.0013253688812256,1.851367235183716,0.1499581336975097,0.1437365343182517
adult_celltype__enterocyte,ZJU_HCL_adult_celltype,Enterocyte,trrust_dorothea_intersection,formal_abs,pearson,1,57,57,0.5,0.5961834410587874,0.5940820022174984,1.6666666666666667,0.1178588271141052,0.0741386413574218,0.0437201857566833,0.1923668821175745
adult_celltype__enterocyte,ZJU_HCL_adult_celltype,Enterocyte,trrust_dorothea_intersection,formal_abs,spearman,1,57,57,0.5,0.5946445060018468,0.5745027632099492,1.3333333333333333,0.0947094559669494,0.0721934139728546,0.0225160419940948,0.1892890120036934
adult_celltype__enterocyte,ZJU_HCL_adult_celltype,Enterocyte,trrust_dorothea_intersection,formal_abs,mutual_information,1,57,57,0.5,0.5909510618651893,0.5790998911221231,1.3333333333333333,0.0042429557070136,0.00244235037826,0.0018006053287535,0.1819021237303786
adult_celltype__enterocyte,ZJU_HCL_adult_celltype,Enterocyte,trrust_dorothea_intersection,formal_abs,coexpression_probability,1,57,57,0.5,0.530932594644506,0.5368905632664455,1.0,0.0230733733624219,0.0198431015014648,0.0032302718609571,0.061865189289012
adult_celltype__enterocyte,ZJU_HCL_adult_celltype,Enterocyte,trrust_dorothea_intersection,formal_abs,codetection_odds_ratio,1,57,57,0.5,0.6115727916281932,0.5865090234383341,1.3333333333333333,2.0013253688812256,1.7833985090255735,0.2179268598556518,0.2231455832563866
adult_celltype__enterocyte,ZJU_HCL_adult_celltype,Enterocyte,trrust_dorothea_intersection,formal_abs,pearson,2,57,57,0.5,0.5854108956602031,0.6081727631122986,2.0,0.1178588271141052,0.0915716663002967,0.0262871608138084,0.1708217913204062
adult_celltype__enterocyte,ZJU_HCL_adult_celltype,Enterocyte,trrust_dorothea_intersection,formal_abs,spearman,2,57,57,0.5,0.5814096645121576,0.6041276077885256,2.0,0.0947094559669494,0.0763955861330032,0.0183138698339462,0.1628193290243151
adult_celltype__enterocyte,ZJU_HCL_adult_celltype,Enterocyte,trrust_dorothea_intersection,formal_abs,mutual_information,2,57,57,0.5,0.5823330255463219,0.6034327557302959,1.6666666666666667,0.0042429557070136,0.0026322375051677,0.0016107182018458,0.1646660510926438
adult_celltype__enterocyte,ZJU_HCL_adult_celltype,Enterocyte,trrust_dorothea_intersection,formal_abs,coexpression_probability,2,57,57,0.5,0.5269313634964605,0.5404569658037728,1.3333333333333333,0.0230733733624219,0.0198431015014648,0.0032302718609571,0.0538627269929208
adult_celltype__enterocyte,ZJU_HCL_adult_celltype,Enterocyte,trrust_dorothea_intersection,formal_abs,codetection_odds_ratio,2,57,57,0.5,0.6309633733456449,0.6218594340043788,1.3333333333333333,2.0013253688812256,1.724621295928955,0.2767040729522705,0.2619267466912895
adult_celltype__enterocyte,ZJU_HCL_adult_celltype,Enterocyte,trrust_dorothea_intersection,formal_abs,pearson,3,57,57,0.5,0.5860264696829793,0.6089688517662835,2.0,0.1178588271141052,0.068344660103321,0.0495141670107841,0.1720529393659586
adult_celltype__enterocyte,ZJU_HCL_adult_celltype,Enterocyte,trrust_dorothea_intersection,formal_abs,spearman,3,57,57,0.5,0.572176054170514,0.5977738423100689,2.0,0.0947094559669494,0.0644746348261833,0.0302348211407661,0.1443521083410279
adult_celltype__enterocyte,ZJU_HCL_adult_celltype,Enterocyte,trrust_dorothea_intersection,formal_abs,mutual_information,3,57,57,0.5,0.566943674976916,0.5948938442950573,1.6666666666666667,0.0042429557070136,0.0020383561495691,0.0022045995574444,0.133887349953832
adult_celltype__enterocyte,ZJU_HCL_adult_celltype,Enterocyte,trrust_dorothea_intersection,formal_abs,coexpression_probability,3,57,57,0.5,0.5364727608494921,0.5420650508729457,1.3333333333333333,0.0230733733624219,0.0186894331127405,0.0043839402496814,0.0729455216989842
adult_celltype__enterocyte,ZJU_HCL_adult_celltype,Enterocyte,trrust_dorothea_intersection,formal_abs,codetection_odds_ratio,3,57,57,0.5,0.6201908279470606,0.6104037846470152,1.3333333333333333,2.0013253688812256,1.8446611166000368,0.1566642522811889,0.2403816558941212
adult_celltype__enterocyte,ZJU_HCL_adult_celltype,Enterocyte,trrust_dorothea_intersection,formal_abs,pearson,4,57,57,0.5,0.5601723607263773,0.5721555685375784,1.6666666666666667,0.1178588271141052,0.1082165539264679,0.0096422731876373,0.1203447214527546
adult_celltype__enterocyte,ZJU_HCL_adult_celltype,Enterocyte,trrust_dorothea_intersection,formal_abs,spearman,4,57,57,0.5,0.554016620498615,0.5573782871382665,1.3333333333333333,0.0947094559669494,0.0933013558387756,0.0014081001281738,0.10803324099723
adult_celltype__enterocyte,ZJU_HCL_adult_celltype,Enterocyte,trrust_dorothea_intersection,formal_abs,mutual_information,4,57,57,0.5,0.5555555555555555,0.5588433971290498,1.3333333333333333,0.0042429557070136,0.0034433058463037,0.0007996498607099,0.1111111111111111
adult_celltype__enterocyte,ZJU_HCL_adult_celltype,Enterocyte,trrust_dorothea_intersection,formal_abs,coexpression_probability,4,57,57,0.5,0.5156971375807942,0.5236788336724638,1.0,0.0230733733624219,0.0206506699323654,0.0024227034300565,0.0313942751615881
adult_celltype__enterocyte,ZJU_HCL_adult_celltype,Enterocyte,trrust_dorothea_intersection,formal_abs,codetection_odds_ratio,4,57,57,0.5,0.5561711295783318,0.5649365107444544,1.3333333333333333,2.0013253688812256,1.9142391681671145,0.0870862007141113,0.1123422591566636
adult_celltype__enterocyte,ZJU_HCL_adult_celltype,Enterocyte,trrust_dorothea_intersection,formal_abs,pearson,5,57,57,0.5,0.5493998153277931,0.565755363196043,1.6666666666666667,0.1178588271141052,0.0957226231694221,0.022136203944683,0.0987996306555862
adult_celltype__enterocyte,ZJU_HCL_adult_celltype,Enterocyte,trrust_dorothea_intersection,formal_abs,spearman,5,57,57,0.5,0.5552477685441674,0.5671180126687101,1.6666666666666667,0.0947094559669494,0.077841080725193,0.0168683752417564,0.1104955370883349
adult_celltype__enterocyte,ZJU_HCL_adult_celltype,Enterocyte,trrust_dorothea_intersection,formal_abs,mutual_information,5,57,57,0.5,0.5549399815327793,0.5702107975595146,1.6666666666666667,0.0042429557070136,0.0028840710874646,0.0013588846195489,0.1098799630655587
adult_celltype__enterocyte,ZJU_HCL_adult_celltype,Enterocyte,trrust_dorothea_intersection,formal_abs,coexpression_probability,5,57,57,0.5,0.5176977531548168,0.5242907367463526,1.0,0.0230733733624219,0.0226119067519903,0.0004614666104316,0.0353955063096338
adult_celltype__enterocyte,ZJU_HCL_adult_celltype,Enterocyte,trrust_dorothea_intersection,formal_abs,codetection_odds_ratio,5,57,57,0.5,0.5918744228993537,0.623936494139733,1.6666666666666667,2.0013253688812256,1.851367235183716,0.1499581336975097,0.1837488457987073
adult_celltype__enterocyte,ZJU_HCL_adult_celltype,Enterocyte,trrust_dorothea_intersection,formal_abs,pearson,6,57,57,0.5,0.585103108648815,0.6032043019952043,2.0,0.1178588271141052,0.0810917392373085,0.0367670878767967,0.1702062172976299
adult_celltype__enterocyte,ZJU_HCL_adult_celltype,Enterocyte,trrust_dorothea_intersection,formal_abs,spearman,6,57,57,0.5,0.5838719606032625,0.5934120552853464,1.6666666666666667,0.0947094559669494,0.0732479095458984,0.021461546421051,0.167743921206525
adult_celltype__enterocyte,ZJU_HCL_adult_celltype,Enterocyte,trrust_dorothea_intersection,formal_abs,mutual_information,6,57,57,0.5,0.5789473684210527,0.5876207492533205,1.3333333333333333,0.0042429557070136,0.0026322375051677,0.0016107182018458,0.1578947368421053
adult_celltype__enterocyte,ZJU_HCL_adult_celltype,Enterocyte,trrust_dorothea_intersection,formal_abs,coexpression_probability,6,57,57,0.5,0.5315481686672823,0.5375373026191942,1.0,0.0230733733624219,0.0189201664179563,0.0041532069444656,0.0630963373345645
adult_celltype__enterocyte,ZJU_HCL_adult_celltype,Enterocyte,trrust_dorothea_intersection,formal_abs,codetection_odds_ratio,6,57,57,0.5,0.6303477993228687,0.6025658856463614,1.3333333333333333,2.0013253688812256,1.801937222480774,0.1993881464004516,0.2606955986457371
adult_celltype__enterocyte,ZJU_HCL_adult_celltype,Enterocyte,trrust_dorothea_intersection,formal_abs,pearson,7,57,57,0.5,0.5894121268082487,0.6118528252541047,2.0,0.1178588271141052,0.0821085795760154,0.0357502475380897,0.1788242536164974
adult_celltype__enterocyte,ZJU_HCL_adult_celltype,Enterocyte,trrust_dorothea_intersection,formal_abs,spearman,7,57,57,0.5,0.5903354878424131,0.6071134313396405,2.0,0.0947094559669494,0.0763955861330032,0.0183138698339462,0.1806709756848261
adult_celltype__enterocyte,ZJU_HCL_adult_celltype,Enterocyte,trrust_dorothea_intersection,formal_abs,mutual_information,7,57,57,0.5,0.5869498307171437,0.604976520963969,1.6666666666666667,0.0042429557070136,0.0028840710874646,0.0013588846195489,0.1738996614342873
adult_celltype__enterocyte,ZJU_HCL_adult_celltype,Enterocyte,trrust_dorothea_intersection,formal_abs,coexpression_probability,7,57,57,0.5,0.5226223453370268,0.5425512929152885,1.3333333333333333,0.0230733733624219,0.0226119067519903,0.0004614666104316,0.0452446906740535
adult_celltype__enterocyte,ZJU_HCL_adult_celltype,Enterocyte,trrust_dorothea_intersection,formal_abs,codetection_odds_ratio,7,57,57,0.5,0.6124961526623576,0.5988531593496464,1.3333333333333333,2.0013253688812256,1.801937222480774,0.1993881464004516,0.2249923053247153
adult_celltype__enterocyte,ZJU_HCL_adult_celltype,Enterocyte,trrust_dorothea_intersection,formal_abs,pearson,8,57,57,0.5,0.6063404124345952,0.6305099246814931,2.0,0.1178588271141052,0.0803027749061584,0.0375560522079467,0.2126808248691905
adult_celltype__enterocyte,ZJU_HCL_adult_celltype,Enterocyte,trrust_dorothea_intersection,formal_abs,spearman,8,57,57,0.5,0.6100338565712528,0.6156307738003206,1.6666666666666667,0.0947094559669494,0.0702091306447982,0.0245003253221511,0.2200677131425052
adult_celltype__enterocyte,ZJU_HCL_adult_celltype,Enterocyte,trrust_dorothea_intersection,formal_abs,mutual_information,8,57,57,0.5,0.608187134502924,0.6140875911947272,1.3333333333333333,0.0042429557070136,0.0024472628720104,0.0017956928350031,0.2163742690058478
adult_celltype__enterocyte,ZJU_HCL_adult_celltype,Enterocyte,trrust_dorothea_intersection,formal_abs,coexpression_probability,8,57,57,0.5,0.5400123114804555,0.5495062032954796,1.3333333333333333,0.0230733733624219,0.0185740645974874,0.0044993087649345,0.0800246229609109
adult_celltype__enterocyte,ZJU_HCL_adult_celltype,Enterocyte,trrust_dorothea_intersection,formal_abs,codetection_odds_ratio,8,57,57,0.5,0.6475838719606032,0.6275732664181051,1.3333333333333333,2.0013253688812256,1.7082066535949707,0.2931187152862549,0.2951677439212066
adult_celltype__enterocyte,ZJU_HCL_adult_celltype,Enterocyte,trrust_dorothea_intersection,formal_abs,pearson,9,57,57,0.5,0.5657125269313635,0.6050637182056156,2.0,0.1178588271141052,0.1038058027625083,0.0140530243515968,0.131425053862727
adult_celltype__enterocyte,ZJU_HCL_adult_celltype,Enterocyte,trrust_dorothea_intersection,formal_abs,spearman,9,57,57,0.5,0.5604801477377656,0.5974312314529635,2.0,0.0947094559669494,0.0790663808584213,0.0156430751085281,0.1209602954755308
adult_celltype__enterocyte,ZJU_HCL_adult_celltype,Enterocyte,trrust_dorothea_intersection,formal_abs,mutual_information,9,57,57,0.5,0.5564789165897199,0.5922731681810312,1.6666666666666667,0.0042429557070136,0.003171463496983,0.0010714922100305,0.1129578331794398
adult_celltype__enterocyte,ZJU_HCL_adult_celltype,Enterocyte,trrust_dorothea_intersection,formal_abs,coexpression_probability,9,57,57,0.5,0.517851646660511,0.539170320124988,1.3333333333333333,0.0230733733624219,0.0236502084881067,-0.0005768351256847,0.0357032933210219
adult_celltype__enterocyte,ZJU_HCL_adult_celltype,Enterocyte,trrust_dorothea_intersection,formal_abs,codetection_odds_ratio,9,57,57,0.5,0.5804863034779932,0.5937070560558366,1.3333333333333333,2.0013253688812256,1.9108736515045168,0.0904517173767089,0.1609726069559864
adult_celltype__enterocyte,ZJU_HCL_adult_celltype,Enterocyte,trrust_dorothea_union,formal_abs,pearson,0,265,265,0.5,0.5156568173727305,0.5300637049567286,1.1851851851851851,0.0920367613434791,0.0851926356554031,0.006844125688076,0.031313634745461
adult_celltype__enterocyte,ZJU_HCL_adult_celltype,Enterocyte,trrust_dorothea_union,formal_abs,spearman,0,265,265,0.5,0.5215236739053044,0.5282780257793567,1.2592592592592593,0.0814983248710632,0.0696246400475502,0.011873684823513,0.0430473478106088
adult_celltype__enterocyte,ZJU_HCL_adult_celltype,Enterocyte,trrust_dorothea_union,formal_abs,mutual_information,0,265,265,0.5,0.5183908864364543,0.5226298447940423,1.1851851851851851,0.0026578493416309,0.002109236549586,0.0005486127920448,0.0367817728729085
adult_celltype__enterocyte,ZJU_HCL_adult_celltype,Enterocyte,trrust_dorothea_union,formal_abs,coexpression_probability,0,265,265,0.5,0.5151085795656818,0.5121214963108165,0.8888888888888888,0.0190355330705642,0.0189201664179563,0.0001153666526079,0.0302171591313635
adult_celltype__enterocyte,ZJU_HCL_adult_celltype,Enterocyte,trrust_dorothea_union,formal_abs,codetection_odds_ratio,0,265,265,0.5,0.5271342114631542,0.5446350985016548,1.1851851851851851,1.8731077909469604,1.8608726263046265,0.0122351646423339,0.0542684229263084
adult_celltype__enterocyte,ZJU_HCL_adult_celltype,Enterocyte,trrust_dorothea_union,formal_abs,pearson,1,265,265,0.5,0.4942684229263083,0.5177920165752776,1.2592592592592593,0.0920367613434791,0.0885724946856498,0.0034642666578292,-0.0114631541473834
adult_celltype__enterocyte,ZJU_HCL_adult_celltype,Enterocyte,trrust_dorothea_union,formal_abs,spearman,1,265,265,0.5,0.5076966892132432,0.5208948553606843,1.2592592592592593,0.0814983248710632,0.0739659667015075,0.0075323581695556,0.0153933784264863
adult_celltype__enterocyte,ZJU_HCL_adult_celltype,Enterocyte,trrust_dorothea_union,formal_abs,mutual_information,1,265,265,0.5,0.5041936632253471,0.5167698959551095,1.2592592592592593,0.0026578493416309,0.00244235037826,0.0002154989633709,0.0083873264506941
adult_celltype__enterocyte,ZJU_HCL_adult_celltype,Enterocyte,trrust_dorothea_union,formal_abs,coexpression_probability,1,265,265,0.5,0.5096333214667141,0.5087896323937572,0.8888888888888888,0.0190355330705642,0.0176511313766241,0.0013844016939401,0.0192666429334282
adult_celltype__enterocyte,ZJU_HCL_adult_celltype,Enterocyte,trrust_dorothea_union,formal_abs,codetection_odds_ratio,1,265,265,0.5,0.5074546101815592,0.5331629322510251,1.3333333333333333,1.8731077909469604,1.869882345199585,0.0032254457473754,0.0149092203631184
adult_celltype__enterocyte,ZJU_HCL_adult_celltype,Enterocyte,trrust_dorothea_union,formal_abs,pearson,2,265,265,0.5,0.5008472766108936,0.5261399787001078,1.1851851851851851,0.0920367613434791,0.0878420397639274,0.0041947215795516,0.0016945532217871
adult_celltype__enterocyte,ZJU_HCL_adult_celltype,Enterocyte,trrust_dorothea_union,formal_abs,spearman,2,265,265,0.5,0.4995087219651121,0.5215957431670741,1.2592592592592593,0.0814983248710632,0.0763955861330032,0.0051027387380599,-0.0009825560697757
adult_celltype__enterocyte,ZJU_HCL_adult_celltype,Enterocyte,trrust_dorothea_union,formal_abs,mutual_information,2,265,265,0.5,0.499252402990388,0.5164209482040851,1.1851851851851851,0.0026578493416309,0.0024563216138631,0.0002015277277678,-0.0014951940192239
adult_celltype__enterocyte,ZJU_HCL_adult_celltype,Enterocyte,trrust_dorothea_union,formal_abs,coexpression_probability,2,265,265,0.5,0.5060092559629762,0.5091190767340237,0.8888888888888888,0.0190355330705642,0.0186894331127405,0.0003460999578237,0.0120185119259523
adult_celltype__enterocyte,ZJU_HCL_adult_celltype,Enterocyte,trrust_dorothea_union,formal_abs,codetection_odds_ratio,2,265,265,0.5,0.4982057671769313,0.5301078895506519,1.1851851851851851,1.8731077909469604,1.9079753160476685,-0.034867525100708,-0.0035884656461374
adult_celltype__enterocyte,ZJU_HCL_adult_celltype,Enterocyte,trrust_dorothea_union,formal_abs,pearson,3,265,265,0.5,0.491505873976504,0.5119725530504243,1.1851851851851851,0.0920367613434791,0.0885746628046035,0.0034620985388755,-0.0169882520469918
adult_celltype__enterocyte,ZJU_HCL_adult_celltype,Enterocyte,trrust_dorothea_union,formal_abs,spearman,3,265,265,0.5,0.5045496618013527,0.5179818415560581,1.2592592592592593,0.0814983248710632,0.0763955861330032,0.0051027387380599,0.0090993236027054
adult_celltype__enterocyte,ZJU_HCL_adult_celltype,Enterocyte,trrust_dorothea_union,formal_abs,mutual_information,3,265,265,0.5,0.5001993592025632,0.5128535573066039,1.1111111111111112,0.0026578493416309,0.0024570524692535,0.0002007968723773,0.0003987184051263
adult_celltype__enterocyte,ZJU_HCL_adult_celltype,Enterocyte,trrust_dorothea_union,formal_abs,coexpression_probability,3,265,265,0.5,0.5068280526877893,0.5083081609705542,0.8888888888888888,0.0190355330705642,0.0188047997653484,0.0002307333052158,0.0136561053755785
adult_celltype__enterocyte,ZJU_HCL_adult_celltype,Enterocyte,trrust_dorothea_union,formal_abs,codetection_odds_ratio,3,265,265,0.5,0.5061943752224991,0.5353410402191361,1.2592592592592593,1.8731077909469604,1.8879064321517944,-0.0147986412048339,0.0123887504449982
adult_celltype__enterocyte,ZJU_HCL_adult_celltype,Enterocyte,trrust_dorothea_union,formal_abs,pearson,4,265,265,0.5,0.495065859736561,0.518631535891728,1.1851851851851851,0.0920367613434791,0.0896656364202499,0.0023711249232292,-0.0098682805268779
adult_celltype__enterocyte,ZJU_HCL_adult_celltype,Enterocyte,trrust_dorothea_union,formal_abs,spearman,4,265,265,0.5,0.4990957636169455,0.5162072629022061,1.2592592592592593,0.0814983248710632,0.0773383378982544,0.0041599869728088,-0.0018084727661089
adult_celltype__enterocyte,ZJU_HCL_adult_celltype,Enterocyte,trrust_dorothea_union,formal_abs,mutual_information,4,265,265,0.5,0.49938056247775,0.5147888279013927,1.1851851851851851,0.0026578493416309,0.0024514838587492,0.0002063654828816,-0.0012388750444998
adult_celltype__enterocyte,ZJU_HCL_adult_celltype,Enterocyte,trrust_dorothea_union,formal_abs,coexpression_probability,4,265,265,0.5,0.5054254182983268,0.5078285669308757,0.8888888888888888,0.0190355330705642,0.0185740645974874,0.0004614684730768,0.0108508365966535
adult_celltype__enterocyte,ZJU_HCL_adult_celltype,Enterocyte,trrust_dorothea_union,formal_abs,codetection_odds_ratio,4,265,265,0.5,0.5053613385546458,0.5293712015888183,1.2592592592592593,1.8731077909469604,1.8864331245422363,-0.0133253335952758,0.0107226771092916
adult_celltype__enterocyte,ZJU_HCL_adult_celltype,Enterocyte,trrust_dorothea_union,formal_abs,pearson,5,265,265,0.5,0.5174652901388395,0.539567686288579,1.2592592592592593,0.0920367613434791,0.0845241770148277,0.0075125843286514,0.0349305802776789
adult_celltype__enterocyte,ZJU_HCL_adult_celltype,Enterocyte,trrust_dorothea_union,formal_abs,spearman,5,265,265,0.5,0.5288430046279815,0.5417779473104982,1.4074074074074074,0.0814983248710632,0.0690461248159408,0.0124522000551223,0.057686009255963
adult_celltype__enterocyte,ZJU_HCL_adult_celltype,Enterocyte,trrust_dorothea_union,formal_abs,mutual_information,5,265,265,0.5,0.5266500533997863,0.5378125262287533,1.3333333333333333,0.0026578493416309,0.0019977013580501,0.0006601479835808,0.0533001067995728
adult_celltype__enterocyte,ZJU_HCL_adult_celltype,Enterocyte,trrust_dorothea_union,formal_abs,coexpression_probability,5,265,265,0.5,0.5121110715557138,0.5144520344992978,0.9629629629629628,0.0190355330705642,0.019381633028388,-0.0003460999578237,0.0242221431114275
adult_celltype__enterocyte,ZJU_HCL_adult_celltype,Enterocyte,trrust_dorothea_union,formal_abs,codetection_odds_ratio,5,265,265,0.5,0.5387540049839801,0.5488936313557049,1.3333333333333333,1.8731077909469604,1.801937222480774,0.0711705684661865,0.0775080099679601
adult_celltype__enterocyte,ZJU_HCL_adult_celltype,Enterocyte,trrust_dorothea_union,formal_abs,pearson,6,265,265,0.5,0.514631541473834,0.539616700282697,1.2592592592592593,0.0920367613434791,0.084653727710247,0.0073830336332321,0.0292630829476681
adult_celltype__enterocyte,ZJU_HCL_adult_celltype,Enterocyte,trrust_dorothea_union,formal_abs,spearman,6,265,265,0.5,0.521808472766109,0.5364593699265588,1.3333333333333333,0.0814983248710632,0.0741422623395919,0.0073560625314712,0.0436169455322179
adult_celltype__enterocyte,ZJU_HCL_adult_celltype,Enterocyte,trrust_dorothea_union,formal_abs,mutual_information,6,265,265,0.5,0.5201067995728017,0.5305252095739869,1.2592592592592593,0.0026578493416309,0.0023357009049504,0.0003221484366804,0.0402135991456034
adult_celltype__enterocyte,ZJU_HCL_adult_celltype,Enterocyte,trrust_dorothea_union,formal_abs,coexpression_probability,6,265,265,0.5,0.510494838020648,0.5116806700610179,0.8888888888888888,0.0190355330705642,0.0182279646396636,0.0008075684309005,0.0209896760412957
adult_celltype__enterocyte,ZJU_HCL_adult_celltype,Enterocyte,trrust_dorothea_union,formal_abs,codetection_odds_ratio,6,265,265,0.5,0.5164186543253827,0.5459895554240661,1.4074074074074074,1.8731077909469604,1.8959181308746336,-0.0228103399276733,0.0328373086507653
adult_celltype__enterocyte,ZJU_HCL_adult_celltype,Enterocyte,trrust_dorothea_union,formal_abs,pearson,7,265,265,0.5,0.5200569597721609,0.53786996166321,1.2592592592592593,0.0920367613434791,0.0845241770148277,0.0075125843286514,0.0401139195443218
adult_celltype__enterocyte,ZJU_HCL_adult_celltype,Enterocyte,trrust_dorothea_union,formal_abs,spearman,7,265,265,0.5,0.5260377358490567,0.5408525475577435,1.3333333333333333,0.0814983248710632,0.0696246400475502,0.011873684823513,0.0520754716981131
adult_celltype__enterocyte,ZJU_HCL_adult_celltype,Enterocyte,trrust_dorothea_union,formal_abs,mutual_information,7,265,265,0.5,0.5243574225703097,0.5333755614490034,1.2592592592592593,0.0026578493416309,0.002109236549586,0.0005486127920448,0.0487148451406194
adult_celltype__enterocyte,ZJU_HCL_adult_celltype,Enterocyte,trrust_dorothea_union,formal_abs,coexpression_probability,7,265,265,0.5,0.5184264862940549,0.5146820066866985,0.8888888888888888,0.0190355330705642,0.0179972313344478,0.0010383017361164,0.0368529725881097
adult_celltype__enterocyte,ZJU_HCL_adult_celltype,Enterocyte,trrust_dorothea_union,formal_abs,codetection_odds_ratio,7,265,265,0.5,0.5358348166607334,0.5558225435017893,1.4074074074074074,1.8731077909469604,1.85177481174469,0.0213329792022705,0.0716696333214668
adult_celltype__enterocyte,ZJU_HCL_adult_celltype,Enterocyte,trrust_dorothea_union,formal_abs,pearson,8,265,265,0.5,0.5221787112851548,0.5336690046842976,1.1851851851851851,0.0920367613434791,0.0835895910859108,0.0084471702575683,0.0443574225703096
adult_celltype__enterocyte,ZJU_HCL_adult_celltype,Enterocyte,trrust_dorothea_union,formal_abs,spearman,8,265,265,0.5,0.5254538981844072,0.533012779052515,1.2592592592592593,0.0814983248710632,0.0722243562340736,0.0092739686369895,0.0509077963688144
adult_celltype__enterocyte,ZJU_HCL_adult_celltype,Enterocyte,trrust_dorothea_union,formal_abs,mutual_information,8,265,265,0.5,0.5218511925952296,0.5254217256798135,1.037037037037037,0.0026578493416309,0.0023119172547012,0.0003459320869296,0.0437023851904592
adult_celltype__enterocyte,ZJU_HCL_adult_celltype,Enterocyte,trrust_dorothea_union,formal_abs,coexpression_probability,8,265,265,0.5,0.5138483446066215,0.5116708416199017,0.8888888888888888,0.0190355330705642,0.0181125979870557,0.0009229350835084,0.027696689213243
adult_celltype__enterocyte,ZJU_HCL_adult_celltype,Enterocyte,trrust_dorothea_union,formal_abs,codetection_odds_ratio,8,265,265,0.5,0.5310857956568173,0.5530222756873866,1.3333333333333333,1.8731077909469604,1.8674920797348025,0.0056157112121582,0.0621715913136347
adult_celltype__enterocyte,ZJU_HCL_adult_celltype,Enterocyte,trrust_dorothea_union,formal_abs,pearson,9,265,265,0.5,0.4958063367746528,0.5176320735334792,1.2592592592592593,0.0920367613434791,0.087514042854309,0.00452271848917,-0.0083873264506941
adult_celltype__enterocyte,ZJU_HCL_adult_celltype,Enterocyte,trrust_dorothea_union,formal_abs,spearman,9,265,265,0.5,0.5044784620861517,0.5179266562594298,1.2592592592592593,0.0814983248710632,0.0746996253728866,0.0067986994981765,0.0089569241723033
adult_celltype__enterocyte,ZJU_HCL_adult_celltype,Enterocyte,trrust_dorothea_union,formal_abs,mutual_information,9,265,265,0.5,0.5019651121395514,0.5136196273864032,1.1851851851851851,0.0026578493416309,0.0025277941022068,0.0001300552394241,0.0039302242791028
adult_celltype__enterocyte,ZJU_HCL_adult_celltype,Enterocyte,trrust_dorothea_union,formal_abs,coexpression_probability,9,265,265,0.5,0.507746529013884,0.5088280196823955,0.9629629629629628,0.0190355330705642,0.0184586979448795,0.0005768351256847,0.0154930580277679
adult_celltype__enterocyte,ZJU_HCL_adult_celltype,Enterocyte,trrust_dorothea_union,formal_abs,codetection_odds_ratio,9,265,265,0.5,0.5049270202919188,0.5289002455001177,1.1851851851851851,1.8731077909469604,1.869882345199585,0.0032254457473754,0.0098540405838376
adult_celltype__epithelial_cell,ZJU_HCL_adult_celltype,Epithelial cell,trrust,formal_abs,pearson,0,310,310,0.5,0.5377315296566078,0.547056363211133,1.2903225806451613,0.0556512475013732,0.0517590660601854,0.0038921814411878,0.0754630593132155
adult_celltype__epithelial_cell,ZJU_HCL_adult_celltype,Epithelial cell,trrust,formal_abs,spearman,0,310,310,0.5,0.5272112382934443,0.5332411798869483,1.032258064516129,0.0515184346586465,0.047988474369049,0.0035299602895975,0.0544224765868885
adult_celltype__epithelial_cell,ZJU_HCL_adult_celltype,Epithelial cell,trrust,formal_abs,mutual_information,0,310,310,0.5,0.5213319458896981,0.5309160926750753,1.1612903225806452,0.0013847495429217,0.0012117703445255,0.0001729791983962,0.0426638917793964
adult_celltype__epithelial_cell,ZJU_HCL_adult_celltype,Epithelial cell,trrust,formal_abs,coexpression_probability,0,310,310,0.5,0.5117221644120707,0.5176095423421948,1.032258064516129,0.0272596850991249,0.0239371750503778,0.003322510048747,0.0234443288241414
adult_celltype__epithelial_cell,ZJU_HCL_adult_celltype,Epithelial cell,trrust,formal_abs,codetection_odds_ratio,0,310,310,0.5,0.5479812695109261,0.5364282648830618,1.032258064516129,1.4794970154762268,1.4061954021453855,0.073301613330841,0.0959625390218521
adult_celltype__epithelial_cell,ZJU_HCL_adult_celltype,Epithelial cell,trrust,formal_abs,pearson,1,310,310,0.5,0.5379344432882415,0.5530799168043335,1.4193548387096775,0.0556512475013732,0.0504526365548372,0.005198610946536,0.0758688865764829
adult_celltype__epithelial_cell,ZJU_HCL_adult_celltype,Epithelial cell,trrust,formal_abs,spearman,1,310,310,0.5,0.520639958376691,0.5369409871190433,1.3548387096774193,0.0515184346586465,0.0480787139385938,0.0034397207200527,0.0412799167533819
adult_celltype__epithelial_cell,ZJU_HCL_adult_celltype,Epithelial cell,trrust,formal_abs,mutual_information,1,310,310,0.5,0.5161758584807492,0.5333972728572538,1.4193548387096775,0.0013847495429217,0.0012010927312076,0.0001836568117141,0.0323517169614984
adult_celltype__epithelial_cell,ZJU_HCL_adult_celltype,Epithelial cell,trrust,formal_abs,coexpression_probability,1,310,310,0.5,0.5131789802289282,0.5187945938229772,1.096774193548387,0.0272596850991249,0.0240881983190774,0.0031714867800474,0.0263579604578563
adult_celltype__epithelial_cell,ZJU_HCL_adult_celltype,Epithelial cell,trrust,formal_abs,codetection_odds_ratio,1,310,310,0.5,0.5429760665972945,0.5393385436527868,1.096774193548387,1.4794970154762268,1.4368895888328552,0.0426074266433715,0.0859521331945889
adult_celltype__epithelial_cell,ZJU_HCL_adult_celltype,Epithelial cell,trrust,formal_abs,pearson,2,310,310,0.5,0.5524245577523413,0.5721607390203536,1.3548387096774193,0.0556512475013732,0.0479234997183084,0.0077277477830648,0.1048491155046826
adult_celltype__epithelial_cell,ZJU_HCL_adult_celltype,Epithelial cell,trrust,formal_abs,spearman,2,310,310,0.5,0.5253485952133194,0.5478867364961315,1.4193548387096775,0.0515184346586465,0.0485256649553775,0.002992769703269,0.0506971904266388
adult_celltype__epithelial_cell,ZJU_HCL_adult_celltype,Epithelial cell,trrust,formal_abs,mutual_information,2,310,310,0.5,0.5189021852237252,0.5448117390016749,1.4193548387096775,0.0013847495429217,0.0012111545074731,0.0001735950354486,0.0378043704474506
adult_celltype__epithelial_cell,ZJU_HCL_adult_celltype,Epithelial cell,trrust,formal_abs,coexpression_probability,2,310,310,0.5,0.5174141519250781,0.5210799643285056,1.032258064516129,0.0272596850991249,0.0233708377927541,0.0038888473063707,0.034828303850156
adult_celltype__epithelial_cell,ZJU_HCL_adult_celltype,Epithelial cell,trrust,formal_abs,codetection_odds_ratio,2,310,310,0.5,0.5561134235171696,0.5573648775673632,1.2903225806451613,1.4794970154762268,1.447002351284027,0.0324946641921997,0.1122268470343392
adult_celltype__epithelial_cell,ZJU_HCL_adult_celltype,Epithelial cell,trrust,formal_abs,pearson,3,310,310,0.5,0.5257023933402706,0.5402872565417002,1.2903225806451613,0.0556512475013732,0.0525810420513153,0.0030702054500579,0.0514047866805411
adult_celltype__epithelial_cell,ZJU_HCL_adult_celltype,Epithelial cell,trrust,formal_abs,spearman,3,310,310,0.5,0.5174817898022894,0.5281126904400014,1.2258064516129032,0.0515184346586465,0.0493816845118999,0.0021367501467466,0.0349635796045786
adult_celltype__epithelial_cell,ZJU_HCL_adult_celltype,Epithelial cell,trrust,formal_abs,mutual_information,3,310,310,0.5,0.5151821019771072,0.5264442473205735,1.2258064516129032,0.0013847495429217,0.0012112287804484,0.0001735207624733,0.0303642039542144
adult_celltype__epithelial_cell,ZJU_HCL_adult_celltype,Epithelial cell,trrust,formal_abs,coexpression_probability,3,310,310,0.5,0.510681581685744,0.5166514300902942,1.032258064516129,0.0272596850991249,0.0244279997423291,0.0028316853567957,0.0213631633714881
adult_celltype__epithelial_cell,ZJU_HCL_adult_celltype,Epithelial cell,trrust,formal_abs,codetection_odds_ratio,3,310,310,0.5,0.532783558792924,0.5311955508535181,0.967741935483871,1.4794970154762268,1.464255154132843,0.0152418613433837,0.0655671175858481
adult_celltype__epithelial_cell,ZJU_HCL_adult_celltype,Epithelial cell,trrust,formal_abs,pearson,4,310,310,0.5,0.5340790842872009,0.5494683052094812,1.2903225806451613,0.0556512475013732,0.0511970967054367,0.0044541507959365,0.0681581685744017
adult_celltype__epithelial_cell,ZJU_HCL_adult_celltype,Epithelial cell,trrust,formal_abs,spearman,4,310,310,0.5,0.5150468262226846,0.5328309633503268,1.1612903225806452,0.0515184346586465,0.0502643771469593,0.0012540575116872,0.0300936524453694
adult_celltype__epithelial_cell,ZJU_HCL_adult_celltype,Epithelial cell,trrust,formal_abs,mutual_information,4,310,310,0.5,0.5039334027055151,0.5270313158539465,1.2903225806451613,0.0013847495429217,0.0012779358075931,0.0001068137353286,0.0078668054110302
adult_celltype__epithelial_cell,ZJU_HCL_adult_celltype,Epithelial cell,trrust,formal_abs,coexpression_probability,4,310,310,0.5,0.5106035379812695,0.518836193184447,1.032258064516129,0.0272596850991249,0.0241259541362524,0.0031337309628725,0.0212070759625391
adult_celltype__epithelial_cell,ZJU_HCL_adult_celltype,Epithelial cell,trrust,formal_abs,codetection_odds_ratio,4,310,310,0.5,0.533537981269511,0.5380887106022696,1.096774193548387,1.4794970154762268,1.4557334780693054,0.0237635374069213,0.0670759625390218
adult_celltype__epithelial_cell,ZJU_HCL_adult_celltype,Epithelial cell,trrust,formal_abs,pearson,5,310,310,0.5,0.5302081165452655,0.5408469112005246,1.2903225806451613,0.0556512475013732,0.0518617164343595,0.0037895310670137,0.0604162330905306
adult_celltype__epithelial_cell,ZJU_HCL_adult_celltype,Epithelial cell,trrust,formal_abs,spearman,5,310,310,0.5,0.5090010405827263,0.5234173190799347,1.2258064516129032,0.0515184346586465,0.0510457307100296,0.0004727039486169,0.0180020811654526
adult_celltype__epithelial_cell,ZJU_HCL_adult_celltype,Epithelial cell,trrust,formal_abs,mutual_information,5,310,310,0.5,0.5059209157127992,0.5196643376825912,1.2258064516129032,0.0013847495429217,0.0013727464247494,1.200311817228794e-05,0.0118418314255983
adult_celltype__epithelial_cell,ZJU_HCL_adult_celltype,Epithelial cell,trrust,formal_abs,coexpression_probability,5,310,310,0.5,0.5107127991675338,0.5163765433412707,1.032258064516129,0.0272596850991249,0.0241637090221047,0.0030959760770201,0.0214255983350677
adult_celltype__epithelial_cell,ZJU_HCL_adult_celltype,Epithelial cell,trrust,formal_abs,codetection_odds_ratio,5,310,310,0.5,0.5298543184183143,0.5293232628690117,1.096774193548387,1.4794970154762268,1.447457790374756,0.0320392251014709,0.0597086368366284
adult_celltype__epithelial_cell,ZJU_HCL_adult_celltype,Epithelial cell,trrust,formal_abs,pearson,6,310,310,0.5,0.5409677419354839,0.5466446984350961,1.096774193548387,0.0556512475013732,0.0496746730059385,0.0059765744954347,0.0819354838709678
adult_celltype__epithelial_cell,ZJU_HCL_adult_celltype,Epithelial cell,trrust,formal_abs,spearman,6,310,310,0.5,0.5175546305931321,0.5275527646715696,1.032258064516129,0.0515184346586465,0.0486366599798202,0.0028817746788263,0.0351092611862642
adult_celltype__epithelial_cell,ZJU_HCL_adult_celltype,Epithelial cell,trrust,formal_abs,mutual_information,6,310,310,0.5,0.518891779396462,0.5263732272917268,1.096774193548387,0.0013847495429217,0.001218443387188,0.0001663061557337,0.037783558792924
adult_celltype__epithelial_cell,ZJU_HCL_adult_celltype,Epithelial cell,trrust,formal_abs,coexpression_probability,6,310,310,0.5,0.5126482830385015,0.5149553474823327,1.032258064516129,0.0272596850991249,0.0245790220797061,0.0026806630194187,0.025296566077003
adult_celltype__epithelial_cell,ZJU_HCL_adult_celltype,Epithelial cell,trrust,formal_abs,codetection_odds_ratio,6,310,310,0.5,0.5397242455775234,0.5394694186580752,1.1612903225806452,1.4794970154762268,1.4319384694099426,0.0475585460662841,0.0794484911550468
adult_celltype__epithelial_cell,ZJU_HCL_adult_celltype,Epithelial cell,trrust,formal_abs,pearson,7,310,310,0.5,0.5125078043704474,0.5325054185313176,1.2903225806451613,0.0556512475013732,0.0556724667549133,-2.1219253540039062e-05,0.0250156087408948
adult_celltype__epithelial_cell,ZJU_HCL_adult_celltype,Epithelial cell,trrust,formal_abs,spearman,7,310,310,0.5,0.4928928199791883,0.5177897797922115,1.1612903225806452,0.0515184346586465,0.0532871037721633,-0.0017686691135168,-0.0142143600416233
adult_celltype__epithelial_cell,ZJU_HCL_adult_celltype,Epithelial cell,trrust,formal_abs,mutual_information,7,310,310,0.5,0.4924037460978148,0.5168103165913308,1.2903225806451613,0.0013847495429217,0.001402213005349,-1.746346242725849e-05,-0.0151925078043704
adult_celltype__epithelial_cell,ZJU_HCL_adult_celltype,Epithelial cell,trrust,formal_abs,coexpression_probability,7,310,310,0.5,0.5064151925078043,0.5149009125703241,1.032258064516129,0.0272596850991249,0.0245035104453563,0.0027561746537685,0.0128303850156088
adult_celltype__epithelial_cell,ZJU_HCL_adult_celltype,Epithelial cell,trrust,formal_abs,codetection_odds_ratio,7,310,310,0.5,0.5126014568158168,0.5148701848566314,0.9032258064516128,1.4794970154762268,1.511564314365387,-0.0320672988891601,0.0252029136316336
adult_celltype__epithelial_cell,ZJU_HCL_adult_celltype,Epithelial cell,trrust,formal_abs,pearson,8,310,310,0.5,0.5270967741935484,0.5448919826965879,1.2903225806451613,0.0556512475013732,0.0533554926514625,0.0022957548499107,0.0541935483870967
adult_celltype__epithelial_cell,ZJU_HCL_adult_celltype,Epithelial cell,trrust,formal_abs,spearman,8,310,310,0.5,0.5079812695109261,0.5250480076108632,1.2258064516129032,0.0515184346586465,0.0510547645390033,0.0004636701196432,0.0159625390218522
adult_celltype__epithelial_cell,ZJU_HCL_adult_celltype,Epithelial cell,trrust,formal_abs,mutual_information,8,310,310,0.5,0.5039125910509885,0.5263244447630467,1.4193548387096775,0.0013847495429217,0.0012988223461434,8.592719677835703e-05,0.007825182101977
adult_celltype__epithelial_cell,ZJU_HCL_adult_celltype,Epithelial cell,trrust,formal_abs,coexpression_probability,8,310,310,0.5,0.5128668054110301,0.5176320956066828,1.032258064516129,0.0272596850991249,0.0232953261584043,0.0039643589407205,0.0257336108220602
adult_celltype__epithelial_cell,ZJU_HCL_adult_celltype,Epithelial cell,trrust,formal_abs,codetection_odds_ratio,8,310,310,0.5,0.5347034339229969,0.5292624755382824,1.032258064516129,1.4794970154762268,1.445873141288757,0.0336238741874694,0.0694068678459938
adult_celltype__epithelial_cell,ZJU_HCL_adult_celltype,Epithelial cell,trrust,formal_abs,pearson,9,310,310,0.5,0.5274297606659729,0.5511258445205551,1.3548387096774193,0.0556512475013732,0.0504096578806638,0.0052415896207094,0.0548595213319458
adult_celltype__epithelial_cell,ZJU_HCL_adult_celltype,Epithelial cell,trrust,formal_abs,spearman,9,310,310,0.5,0.5061082206035379,0.5315990865873397,1.4193548387096775,0.0515184346586465,0.0494494177401065,0.00206901691854,0.0122164412070759
adult_celltype__epithelial_cell,ZJU_HCL_adult_celltype,Epithelial cell,trrust,formal_abs,mutual_information,9,310,310,0.5,0.5034755463059314,0.5311076164923829,1.4193548387096775,0.0013847495429217,0.001221383921802,0.0001633656211197,0.0069510926118625
adult_celltype__epithelial_cell,ZJU_HCL_adult_celltype,Epithelial cell,trrust,formal_abs,coexpression_probability,9,310,310,0.5,0.511748178980229,0.5171871693208967,1.032258064516129,0.0272596850991249,0.0247678011655807,0.0024918839335441,0.0234963579604579
adult_celltype__epithelial_cell,ZJU_HCL_adult_celltype,Epithelial cell,trrust,formal_abs,codetection_odds_ratio,9,310,310,0.5,0.5345785639958376,0.5413922357548442,1.2258064516129032,1.4794970154762268,1.4370006322860718,0.042496383190155,0.0691571279916754
adult_celltype__epithelial_cell,ZJU_HCL_adult_celltype,Epithelial cell,dorothea_ab,formal_abs,pearson,0,476,476,0.5,0.5009643563307676,0.5083528725567675,1.0833333333333333,0.053781259804964,0.0548115205019712,-0.0010302606970071,0.0019287126615352
adult_celltype__epithelial_cell,ZJU_HCL_adult_celltype,Epithelial cell,dorothea_ab,formal_abs,spearman,0,476,476,0.5,0.4826393792811241,0.497495442869022,0.9166666666666666,0.0493145678192377,0.0499084312468767,-0.000593863427639,-0.0347212414377515
adult_celltype__epithelial_cell,ZJU_HCL_adult_celltype,Epithelial cell,dorothea_ab,formal_abs,mutual_information,0,476,476,0.5,0.4898841889697054,0.4986350570297114,1.0,0.0013064455706626,0.0013659308897331,-5.948531907051802e-05,-0.0202316220605889
adult_celltype__epithelial_cell,ZJU_HCL_adult_celltype,Epithelial cell,dorothea_ab,formal_abs,coexpression_probability,0,476,476,0.5,0.5058391003460208,0.5078897761494332,1.0416666666666667,0.027184173464775,0.0262402780354022,0.0009438954293727,0.0116782006920415
adult_celltype__epithelial_cell,ZJU_HCL_adult_celltype,Epithelial cell,dorothea_ab,formal_abs,codetection_odds_ratio,0,476,476,0.5,0.5150699985876703,0.4939379145954476,0.7083333333333334,1.4727487564086914,1.4693875908851624,0.003361165523529,0.0301399971753406
adult_celltype__epithelial_cell,ZJU_HCL_adult_celltype,Epithelial cell,dorothea_ab,formal_abs,pearson,1,476,476,0.5,0.4954628910387684,0.5051301341625904,1.0833333333333333,0.053781259804964,0.0565138161182403,-0.0027325563132762,-0.0090742179224631
adult_celltype__epithelial_cell,ZJU_HCL_adult_celltype,Epithelial cell,dorothea_ab,formal_abs,spearman,1,476,476,0.5,0.4828578490219617,0.4961928211264921,0.9166666666666666,0.0493145678192377,0.0502747409045696,-0.0009601730853319,-0.0342843019560765
adult_celltype__epithelial_cell,ZJU_HCL_adult_celltype,Epithelial cell,dorothea_ab,formal_abs,mutual_information,1,476,476,0.5,0.4890500317774168,0.4968813819812002,0.9583333333333334,0.0013064455706626,0.0013635121285915,-5.706655792891979e-05,-0.0218999364451663
adult_celltype__epithelial_cell,ZJU_HCL_adult_celltype,Epithelial cell,dorothea_ab,formal_abs,coexpression_probability,1,476,476,0.5,0.502683426311701,0.5057959181890369,1.0833333333333333,0.027184173464775,0.0265800803899765,0.0006040930747985,0.0053668526234023
adult_celltype__epithelial_cell,ZJU_HCL_adult_celltype,Epithelial cell,dorothea_ab,formal_abs,codetection_odds_ratio,1,476,476,0.5,0.5054396758703481,0.4911410923891322,0.875,1.4727487564086914,1.4661694169044497,0.0065793395042419,0.0108793517406962
adult_celltype__epithelial_cell,ZJU_HCL_adult_celltype,Epithelial cell,dorothea_ab,formal_abs,pearson,2,476,476,0.5,0.5115965503848598,0.5184246515193296,1.125,0.053781259804964,0.0529069434851408,0.0008743163198232,0.0231931007697197
adult_celltype__epithelial_cell,ZJU_HCL_adult_celltype,Epithelial cell,dorothea_ab,formal_abs,spearman,2,476,476,0.5,0.4991680495727703,0.5060301095971136,0.9166666666666666,0.0493145678192377,0.0500005017966032,-0.0006859339773654,-0.0016639008544594
adult_celltype__epithelial_cell,ZJU_HCL_adult_celltype,Epithelial cell,dorothea_ab,formal_abs,mutual_information,2,476,476,0.5,0.5030629899018431,0.5067770901968096,1.0416666666666667,0.0013064455706626,0.001336712273769,-3.0266703106462955e-05,0.0061259798036861
adult_celltype__epithelial_cell,ZJU_HCL_adult_celltype,Epithelial cell,dorothea_ab,formal_abs,coexpression_probability,2,476,476,0.5,0.5068078702069062,0.5093222835627914,1.125,0.027184173464775,0.0266933478415012,0.0004908256232738,0.0136157404138126
adult_celltype__epithelial_cell,ZJU_HCL_adult_celltype,Epithelial cell,dorothea_ab,formal_abs,codetection_odds_ratio,2,476,476,0.5,0.5263929101052185,0.5019558360079653,0.9166666666666666,1.4727487564086914,1.446835994720459,0.0259127616882324,0.0527858202104372
adult_celltype__epithelial_cell,ZJU_HCL_adult_celltype,Epithelial cell,dorothea_ab,formal_abs,pearson,3,476,476,0.5,0.500434732716616,0.5112752924303079,1.0833333333333333,0.053781259804964,0.0549789629876613,-0.0011977031826972,0.0008694654332321
adult_celltype__epithelial_cell,ZJU_HCL_adult_celltype,Epithelial cell,dorothea_ab,formal_abs,spearman,3,476,476,0.5,0.4869778793870489,0.5010104350231219,0.9166666666666666,0.0493145678192377,0.0505257360637187,-0.001211168244481,-0.0260442412259021
adult_celltype__epithelial_cell,ZJU_HCL_adult_celltype,Epithelial cell,dorothea_ab,formal_abs,mutual_information,3,476,476,0.5,0.4961845032130499,0.5027060441595831,1.0,0.0013064455706626,0.0013219080865383,-1.5462515875697136e-05,-0.0076309935739001
adult_celltype__epithelial_cell,ZJU_HCL_adult_celltype,Epithelial cell,dorothea_ab,formal_abs,coexpression_probability,3,476,476,0.5,0.5057066944424828,0.5064153989365906,1.0,0.027184173464775,0.0258249640464782,0.0013592094182968,0.0114133888849656
adult_celltype__epithelial_cell,ZJU_HCL_adult_celltype,Epithelial cell,dorothea_ab,formal_abs,codetection_odds_ratio,3,476,476,0.5,0.5097539015606243,0.4949265553381325,0.7916666666666666,1.4727487564086914,1.4641322493553162,0.0086165070533752,0.0195078031212485
adult_celltype__epithelial_cell,ZJU_HCL_adult_celltype,Epithelial cell,dorothea_ab,formal_abs,pearson,4,476,476,0.5,0.4898643280841748,0.5072998621340599,1.0833333333333333,0.053781259804964,0.0575183499604463,-0.0037370901554822,-0.0202713438316503
adult_celltype__epithelial_cell,ZJU_HCL_adult_celltype,Epithelial cell,dorothea_ab,formal_abs,spearman,4,476,476,0.5,0.4784862474401525,0.498579684557126,0.9166666666666666,0.0493145678192377,0.05268663354218,-0.0033720657229423,-0.0430275051196948
adult_celltype__epithelial_cell,ZJU_HCL_adult_celltype,Epithelial cell,dorothea_ab,formal_abs,mutual_information,4,476,476,0.5,0.4852257079302309,0.4984341669082628,1.0416666666666667,0.0013064455706626,0.0015421553980559,-0.0002357098273932,-0.0295485841395382
adult_celltype__epithelial_cell,ZJU_HCL_adult_celltype,Epithelial cell,dorothea_ab,formal_abs,coexpression_probability,4,476,476,0.5,0.505446296165525,0.5074648054755513,1.0833333333333333,0.027184173464775,0.025938231498003,0.001245941966772,0.0108925923310501
adult_celltype__epithelial_cell,ZJU_HCL_adult_celltype,Epithelial cell,dorothea_ab,formal_abs,codetection_odds_ratio,4,476,476,0.5,0.509961337476167,0.4929927516601986,0.875,1.4727487564086914,1.4518036842346191,0.0209450721740722,0.0199226749523337
adult_celltype__epithelial_cell,ZJU_HCL_adult_celltype,Epithelial cell,dorothea_ab,formal_abs,pearson,5,476,476,0.5,0.5153392239248641,0.5164744967489835,1.0416666666666667,0.053781259804964,0.0520877353847026,0.0016935244202613,0.0306784478497281
adult_celltype__epithelial_cell,ZJU_HCL_adult_celltype,Epithelial cell,dorothea_ab,formal_abs,spearman,5,476,476,0.5,0.4984618847539015,0.5047361604024343,0.9166666666666666,0.0493145678192377,0.0488784816116094,0.0004360862076282,-0.0030762304921968
adult_celltype__epithelial_cell,ZJU_HCL_adult_celltype,Epithelial cell,dorothea_ab,formal_abs,mutual_information,5,476,476,0.5,0.5041531318409717,0.5040140797041597,0.9583333333333334,0.0013064455706626,0.0013019447214901,4.500849172472954e-06,0.0083062636819433
adult_celltype__epithelial_cell,ZJU_HCL_adult_celltype,Epithelial cell,dorothea_ab,formal_abs,coexpression_probability,5,476,476,0.5,0.5068608325683215,0.5079446955624304,1.0416666666666667,0.027184173464775,0.0262780338525772,0.0009061396121978,0.0137216651366429
adult_celltype__epithelial_cell,ZJU_HCL_adult_celltype,Epithelial cell,dorothea_ab,formal_abs,codetection_odds_ratio,5,476,476,0.5,0.5239036791187063,0.5059511479908761,0.875,1.4727487564086914,1.451169490814209,0.0215792655944824,0.0478073582374125
adult_celltype__epithelial_cell,ZJU_HCL_adult_celltype,Epithelial cell,dorothea_ab,formal_abs,pearson,6,476,476,0.5,0.5010437998728903,0.5062018221141541,1.0833333333333333,0.053781259804964,0.0541492030024528,-0.0003679431974887,0.0020875997457807
adult_celltype__epithelial_cell,ZJU_HCL_adult_celltype,Epithelial cell,dorothea_ab,formal_abs,spearman,6,476,476,0.5,0.4901865157827837,0.4992295512133219,0.9166666666666666,0.0493145678192377,0.0494306348264217,-0.000116067007184,-0.0196269684344325
adult_celltype__epithelial_cell,ZJU_HCL_adult_celltype,Epithelial cell,dorothea_ab,formal_abs,mutual_information,6,476,476,0.5,0.4994196207894922,0.5011238586595456,1.0,0.0013064455706626,0.0013482887297868,-4.184315912425518e-05,-0.0011607584210154
adult_celltype__epithelial_cell,ZJU_HCL_adult_celltype,Epithelial cell,dorothea_ab,formal_abs,coexpression_probability,6,476,476,0.5,0.5067571146105501,0.5070437211180321,0.9166666666666666,0.027184173464775,0.0263157896697521,0.0008683837950229,0.0135142292211001
adult_celltype__epithelial_cell,ZJU_HCL_adult_celltype,Epithelial cell,dorothea_ab,formal_abs,codetection_odds_ratio,6,476,476,0.5,0.5142843902266789,0.498597992819677,0.875,1.4727487564086914,1.4662787914276123,0.0064699649810791,0.0285687804533578
adult_celltype__epithelial_cell,ZJU_HCL_adult_celltype,Epithelial cell,dorothea_ab,formal_abs,pearson,7,476,476,0.5,0.4962816008756444,0.5087559898657749,1.125,0.053781259804964,0.0552182029932737,-0.0014369431883096,-0.0074367982487112
adult_celltype__epithelial_cell,ZJU_HCL_adult_celltype,Epithelial cell,dorothea_ab,formal_abs,spearman,7,476,476,0.5,0.4801060129934327,0.4994787624047462,0.9166666666666666,0.0493145678192377,0.0508654229342937,-0.001550855115056,-0.0397879740131347
adult_celltype__epithelial_cell,ZJU_HCL_adult_celltype,Epithelial cell,dorothea_ab,formal_abs,mutual_information,7,476,476,0.5,0.4870639432243485,0.4998494412531288,1.0416666666666667,0.0013064455706626,0.0014140862040221,-0.0001076406333595,-0.0258721135513029
adult_celltype__epithelial_cell,ZJU_HCL_adult_celltype,Epithelial cell,dorothea_ab,formal_abs,coexpression_probability,7,476,476,0.5,0.5031247793234941,0.506393455797505,1.0416666666666667,0.027184173464775,0.0267311036586761,0.0004530698060989,0.0062495586469881
adult_celltype__epithelial_cell,ZJU_HCL_adult_celltype,Epithelial cell,dorothea_ab,formal_abs,codetection_odds_ratio,7,476,476,0.5,0.5040295529976697,0.4913319227938516,0.875,1.4727487564086914,1.466251015663147,0.0064977407455444,0.0080591059953392
adult_celltype__epithelial_cell,ZJU_HCL_adult_celltype,Epithelial cell,dorothea_ab,formal_abs,pearson,8,476,476,0.5,0.5198277840547983,0.5234007139011084,1.125,0.053781259804964,0.0533627662807703,0.0004184935241937,0.0396555681095966
adult_celltype__epithelial_cell,ZJU_HCL_adult_celltype,Epithelial cell,dorothea_ab,formal_abs,spearman,8,476,476,0.5,0.5052852023162205,0.5125995761486752,0.9583333333333334,0.0493145678192377,0.0489688832312822,0.0003456845879554,0.0105704046324413
adult_celltype__epithelial_cell,ZJU_HCL_adult_celltype,Epithelial cell,dorothea_ab,formal_abs,mutual_information,8,476,476,0.5,0.5075294823811878,0.5108369569303189,1.0833333333333333,0.0013064455706626,0.0012973516713827,9.09389927983284e-06,0.0150589647623755
adult_celltype__epithelial_cell,ZJU_HCL_adult_celltype,Epithelial cell,dorothea_ab,formal_abs,coexpression_probability,8,476,476,0.5,0.5078119483087352,0.5098452264925726,1.0,0.027184173464775,0.0254096500575542,0.0017745234072208,0.0156238966174704
adult_celltype__epithelial_cell,ZJU_HCL_adult_celltype,Epithelial cell,dorothea_ab,formal_abs,codetection_odds_ratio,8,476,476,0.5,0.5264591130569874,0.5079580928654013,0.9166666666666666,1.4727487564086914,1.4403159618377686,0.0324327945709228,0.0529182261139749
adult_celltype__epithelial_cell,ZJU_HCL_adult_celltype,Epithelial cell,dorothea_ab,formal_abs,pearson,9,476,476,0.5,0.5006840971682791,0.5108430614178973,1.0833333333333333,0.053781259804964,0.0541917141526937,-0.0004104543477296,0.0013681943365582
adult_celltype__epithelial_cell,ZJU_HCL_adult_celltype,Epithelial cell,dorothea_ab,formal_abs,spearman,9,476,476,0.5,0.4899989407527717,0.5039740303014504,0.9166666666666666,0.0493145678192377,0.0505680125206708,-0.0012534447014331,-0.0200021184944566
adult_celltype__epithelial_cell,ZJU_HCL_adult_celltype,Epithelial cell,dorothea_ab,formal_abs,mutual_information,9,476,476,0.5,0.4966302697549608,0.5037027920074211,1.0,0.0013064455706626,0.0013192833866924,-1.2837816029787064e-05,-0.0067394604900783
adult_celltype__epithelial_cell,ZJU_HCL_adult_celltype,Epithelial cell,dorothea_ab,formal_abs,coexpression_probability,9,476,476,0.5,0.5014785325895064,0.5057467530545727,0.9583333333333334,0.027184173464775,0.026353545486927,0.000830627977848,0.0029570651790127
adult_celltype__epithelial_cell,ZJU_HCL_adult_celltype,Epithelial cell,dorothea_ab,formal_abs,codetection_odds_ratio,9,476,476,0.5,0.5075515500317774,0.4915309808913566,0.7083333333333334,1.4727487564086914,1.4593491554260254,0.013399600982666,0.0151031000635548
adult_celltype__epithelial_cell,ZJU_HCL_adult_celltype,Epithelial cell,trrust_dorothea_intersection,formal_abs,pearson,0,140,140,0.5,0.5671938775510204,0.5800263194685418,1.4285714285714286,0.0571384783834219,0.0478605069220066,0.0092779714614152,0.1343877551020407
adult_celltype__epithelial_cell,ZJU_HCL_adult_celltype,Epithelial cell,trrust_dorothea_intersection,formal_abs,spearman,0,140,140,0.5,0.5414285714285715,0.5533629579496885,1.2857142857142858,0.0524266622960567,0.0465290676802396,0.005897594615817,0.0828571428571429
adult_celltype__epithelial_cell,ZJU_HCL_adult_celltype,Epithelial cell,trrust_dorothea_intersection,formal_abs,mutual_information,0,140,140,0.5,0.5293877551020408,0.5458282462644286,1.2857142857142858,0.0015326363500207,0.001194413867779,0.0003382224822416,0.0587755102040816
adult_celltype__epithelial_cell,ZJU_HCL_adult_celltype,Epithelial cell,trrust_dorothea_intersection,formal_abs,coexpression_probability,0,140,140,0.5,0.5154081632653061,0.5232457197415192,1.0,0.0287321601063013,0.0261270105838775,0.0026051495224237,0.0308163265306122
adult_celltype__epithelial_cell,ZJU_HCL_adult_celltype,Epithelial cell,trrust_dorothea_intersection,formal_abs,codetection_odds_ratio,0,140,140,0.5,0.5842857142857143,0.5663921507186668,1.0,1.4788554906845093,1.3826113939285278,0.0962440967559814,0.1685714285714286
adult_celltype__epithelial_cell,ZJU_HCL_adult_celltype,Epithelial cell,trrust_dorothea_intersection,formal_abs,pearson,1,140,140,0.5,0.543826530612245,0.5502964622168547,1.0,0.0571384783834219,0.0511474628001451,0.0059910155832767,0.0876530612244899
adult_celltype__epithelial_cell,ZJU_HCL_adult_celltype,Epithelial cell,trrust_dorothea_intersection,formal_abs,spearman,1,140,140,0.5,0.522704081632653,0.5261901608611079,1.0,0.0524266622960567,0.0504185799509286,0.002008082345128,0.045408163265306
adult_celltype__epithelial_cell,ZJU_HCL_adult_celltype,Epithelial cell,trrust_dorothea_intersection,formal_abs,mutual_information,1,140,140,0.5,0.515,0.5224357344332211,1.0,0.0015326363500207,0.0013123007956892,0.0002203355543315,0.03
adult_celltype__epithelial_cell,ZJU_HCL_adult_celltype,Epithelial cell,trrust_dorothea_intersection,formal_abs,coexpression_probability,1,140,140,0.5,0.5172448979591837,0.5193342916641884,1.0,0.0287321601063013,0.0256361849606037,0.0030959751456975,0.0344897959183674
adult_celltype__epithelial_cell,ZJU_HCL_adult_celltype,Epithelial cell,trrust_dorothea_intersection,formal_abs,codetection_odds_ratio,1,140,140,0.5,0.5621938775510205,0.534808227714402,0.7142857142857143,1.4788554906845093,1.4281810522079468,0.0506744384765625,0.1243877551020409
adult_celltype__epithelial_cell,ZJU_HCL_adult_celltype,Epithelial cell,trrust_dorothea_intersection,formal_abs,pearson,2,140,140,0.5,0.5153571428571428,0.5183460141529311,0.8571428571428571,0.0571384783834219,0.0575118083506822,-0.0003733299672603,0.0307142857142856
adult_celltype__epithelial_cell,ZJU_HCL_adult_celltype,Epithelial cell,trrust_dorothea_intersection,formal_abs,spearman,2,140,140,0.5,0.4824489795918367,0.4921739845884145,0.7142857142857143,0.0524266622960567,0.0535588581115007,-0.0011321958154439,-0.0351020408163265
adult_celltype__epithelial_cell,ZJU_HCL_adult_celltype,Epithelial cell,trrust_dorothea_intersection,formal_abs,mutual_information,2,140,140,0.5,0.485280612244898,0.4949826122913379,0.7142857142857143,0.0015326363500207,0.0015396927483379,-7.056398317217827e-06,-0.0294387755102041
adult_celltype__epithelial_cell,ZJU_HCL_adult_celltype,Epithelial cell,trrust_dorothea_intersection,formal_abs,coexpression_probability,2,140,140,0.5,0.508061224489796,0.5118012960162857,1.0,0.0287321601063013,0.0240504425019025,0.0046817176043987,0.0161224489795919
adult_celltype__epithelial_cell,ZJU_HCL_adult_celltype,Epithelial cell,trrust_dorothea_intersection,formal_abs,codetection_odds_ratio,2,140,140,0.5,0.5147704081632652,0.5008175851351936,0.8571428571428571,1.4788554906845093,1.5031591057777405,-0.0243036150932312,0.0295408163265307
adult_celltype__epithelial_cell,ZJU_HCL_adult_celltype,Epithelial cell,trrust_dorothea_intersection,formal_abs,pearson,3,140,140,0.5,0.515765306122449,0.523464168800275,0.7142857142857143,0.0571384783834219,0.0560910664498806,0.0010474119335412,0.0315306122448979
adult_celltype__epithelial_cell,ZJU_HCL_adult_celltype,Epithelial cell,trrust_dorothea_intersection,formal_abs,spearman,3,140,140,0.5,0.4965816326530612,0.5063777400546204,0.7142857142857143,0.0524266622960567,0.0515124574303627,0.000914204865694,-0.0068367346938775
adult_celltype__epithelial_cell,ZJU_HCL_adult_celltype,Epithelial cell,trrust_dorothea_intersection,formal_abs,mutual_information,3,140,140,0.5,0.4858163265306122,0.5019888239451167,0.7142857142857143,0.0015326363500207,0.0015213083242997,1.1328025721013546e-05,-0.0283673469387755
adult_celltype__epithelial_cell,ZJU_HCL_adult_celltype,Epithelial cell,trrust_dorothea_intersection,formal_abs,coexpression_probability,3,140,140,0.5,0.5055102040816327,0.514881021594979,1.1428571428571428,0.0287321601063013,0.0260892547667026,0.0026429053395986,0.0110204081632652
adult_celltype__epithelial_cell,ZJU_HCL_adult_celltype,Epithelial cell,trrust_dorothea_intersection,formal_abs,codetection_odds_ratio,3,140,140,0.5,0.5094897959183673,0.4965714412671909,0.5714285714285714,1.4788554906845093,1.5109630227088928,-0.0321075320243835,0.0189795918367345
adult_celltype__epithelial_cell,ZJU_HCL_adult_celltype,Epithelial cell,trrust_dorothea_intersection,formal_abs,pearson,4,140,140,0.5,0.5570408163265306,0.5616397541767648,1.2857142857142858,0.0571384783834219,0.0546331107616424,0.0025053676217794,0.1140816326530611
adult_celltype__epithelial_cell,ZJU_HCL_adult_celltype,Epithelial cell,trrust_dorothea_intersection,formal_abs,spearman,4,140,140,0.5,0.5161734693877551,0.5339924295653591,1.0,0.0524266622960567,0.0523771364241838,4.952587187290192e-05,0.0323469387755102
adult_celltype__epithelial_cell,ZJU_HCL_adult_celltype,Epithelial cell,trrust_dorothea_intersection,formal_abs,mutual_information,4,140,140,0.5,0.5066836734693878,0.5266008747173726,1.1428571428571428,0.0015326363500207,0.0015011142240837,3.152212593704462e-05,0.0133673469387756
adult_celltype__epithelial_cell,ZJU_HCL_adult_celltype,Epithelial cell,trrust_dorothea_intersection,formal_abs,coexpression_probability,4,140,140,0.5,0.521454081632653,0.523084366378587,1.0,0.0287321601063013,0.0241637090221047,0.0045684510841965,0.0429081632653061
adult_celltype__epithelial_cell,ZJU_HCL_adult_celltype,Epithelial cell,trrust_dorothea_intersection,formal_abs,codetection_odds_ratio,4,140,140,0.5,0.5805612244897959,0.560296193486086,1.0,1.4788554906845093,1.4055622220039368,0.0732932686805725,0.1611224489795919
adult_celltype__epithelial_cell,ZJU_HCL_adult_celltype,Epithelial cell,trrust_dorothea_intersection,formal_abs,pearson,5,140,140,0.5,0.5105102040816327,0.5365840053692889,1.1428571428571428,0.0571384783834219,0.0588438864797353,-0.0017054080963134,0.0210204081632652
adult_celltype__epithelial_cell,ZJU_HCL_adult_celltype,Epithelial cell,trrust_dorothea_intersection,formal_abs,spearman,5,140,140,0.5,0.4920918367346938,0.5086895181102553,1.0,0.0524266622960567,0.0534674916416406,-0.0010408293455839,-0.0158163265306122
adult_celltype__epithelial_cell,ZJU_HCL_adult_celltype,Epithelial cell,trrust_dorothea_intersection,formal_abs,mutual_information,5,140,140,0.5,0.4834438775510203,0.509024310689856,1.0,0.0015326363500207,0.0015213171718642,1.13191781565547e-05,-0.0331122448979591
adult_celltype__epithelial_cell,ZJU_HCL_adult_celltype,Epithelial cell,trrust_dorothea_intersection,formal_abs,coexpression_probability,5,140,140,0.5,0.5065816326530612,0.515163392445486,1.1428571428571428,0.0287321601063013,0.0260137431323528,0.0027184169739484,0.0131632653061224
adult_celltype__epithelial_cell,ZJU_HCL_adult_celltype,Epithelial cell,trrust_dorothea_intersection,formal_abs,codetection_odds_ratio,5,140,140,0.5,0.5166071428571428,0.4971027108359827,0.7142857142857143,1.4788554906845093,1.468635976314545,0.0102195143699646,0.0332142857142856
adult_celltype__epithelial_cell,ZJU_HCL_adult_celltype,Epithelial cell,trrust_dorothea_intersection,formal_abs,pearson,6,140,140,0.5,0.5341326530612245,0.5386376160787719,0.8571428571428571,0.0571384783834219,0.055768571794033,0.0013699065893888,0.0682653061224489
adult_celltype__epithelial_cell,ZJU_HCL_adult_celltype,Epithelial cell,trrust_dorothea_intersection,formal_abs,spearman,6,140,140,0.5,0.5033673469387755,0.5120280110300601,0.7142857142857143,0.0524266622960567,0.0534969791769981,-0.0010703168809413,0.0067346938775509
adult_celltype__epithelial_cell,ZJU_HCL_adult_celltype,Epithelial cell,trrust_dorothea_intersection,formal_abs,mutual_information,6,140,140,0.5,0.5029591836734694,0.5110062159422648,0.7142857142857143,0.0015326363500207,0.0015331708127632,-5.344627425074577e-07,0.0059183673469387
adult_celltype__epithelial_cell,ZJU_HCL_adult_celltype,Epithelial cell,trrust_dorothea_intersection,formal_abs,coexpression_probability,6,140,140,0.5,0.5119642857142858,0.5173791267904746,1.1428571428571428,0.0287321601063013,0.0243147322908043,0.0044174278154969,0.0239285714285715
adult_celltype__epithelial_cell,ZJU_HCL_adult_celltype,Epithelial cell,trrust_dorothea_intersection,formal_abs,codetection_odds_ratio,6,140,140,0.5,0.5376020408163267,0.5212559260535783,0.8571428571428571,1.4788554906845093,1.436057686805725,0.0427978038787841,0.0752040816326531
adult_celltype__epithelial_cell,ZJU_HCL_adult_celltype,Epithelial cell,trrust_dorothea_intersection,formal_abs,pearson,7,140,140,0.5,0.5543367346938776,0.5693280374540364,1.1428571428571428,0.0571384783834219,0.0522670969367027,0.0048713814467191,0.1086734693877551
adult_celltype__epithelial_cell,ZJU_HCL_adult_celltype,Epithelial cell,trrust_dorothea_intersection,formal_abs,spearman,7,140,140,0.5,0.5208673469387756,0.5330429137288057,1.0,0.0524266622960567,0.0507250986993312,0.0017015635967254,0.0417346938775509
adult_celltype__epithelial_cell,ZJU_HCL_adult_celltype,Epithelial cell,trrust_dorothea_intersection,formal_abs,mutual_information,7,140,140,0.5,0.5106122448979592,0.5294427600846643,1.0,0.0015326363500207,0.0013704615412279,0.0001621748087927,0.0212244897959184
adult_celltype__epithelial_cell,ZJU_HCL_adult_celltype,Epithelial cell,trrust_dorothea_intersection,formal_abs,coexpression_probability,7,140,140,0.5,0.5169132653061224,0.5236133976753865,1.1428571428571428,0.0287321601063013,0.0237106401473283,0.0050215199589729,0.0338265306122449
adult_celltype__epithelial_cell,ZJU_HCL_adult_celltype,Epithelial cell,trrust_dorothea_intersection,formal_abs,codetection_odds_ratio,7,140,140,0.5,0.5571683673469388,0.5357246557859132,0.8571428571428571,1.4788554906845093,1.4378543496131897,0.0410011410713195,0.1143367346938775
adult_celltype__epithelial_cell,ZJU_HCL_adult_celltype,Epithelial cell,trrust_dorothea_intersection,formal_abs,pearson,8,140,140,0.5,0.5418877551020409,0.5675749714015342,1.5714285714285714,0.0571384783834219,0.0532487332820892,0.0038897451013326,0.0837755102040815
adult_celltype__epithelial_cell,ZJU_HCL_adult_celltype,Epithelial cell,trrust_dorothea_intersection,formal_abs,spearman,8,140,140,0.5,0.5192857142857142,0.5440260829172738,1.4285714285714286,0.0524266622960567,0.051048818975687,0.0013778433203697,0.0385714285714284
adult_celltype__epithelial_cell,ZJU_HCL_adult_celltype,Epithelial cell,trrust_dorothea_intersection,formal_abs,mutual_information,8,140,140,0.5,0.5140051020408163,0.5438139294843201,1.5714285714285714,0.0015326363500207,0.0013241342967376,0.0002085020532831,0.0280102040816325
adult_celltype__epithelial_cell,ZJU_HCL_adult_celltype,Epithelial cell,trrust_dorothea_intersection,formal_abs,coexpression_probability,8,140,140,0.5,0.5071938775510203,0.5168358745555814,1.1428571428571428,0.0287321601063013,0.0272219292819499,0.0015102308243513,0.0143877551020408
adult_celltype__epithelial_cell,ZJU_HCL_adult_celltype,Epithelial cell,trrust_dorothea_intersection,formal_abs,codetection_odds_ratio,8,140,140,0.5,0.5447193877551021,0.535596722074068,1.1428571428571428,1.4788554906845093,1.425672709941864,0.0531827807426452,0.0894387755102041
adult_celltype__epithelial_cell,ZJU_HCL_adult_celltype,Epithelial cell,trrust_dorothea_intersection,formal_abs,pearson,9,140,140,0.5,0.5056122448979592,0.5254560627202518,1.1428571428571428,0.0571384783834219,0.0597880370914936,-0.0026495587080717,0.0112244897959183
adult_celltype__epithelial_cell,ZJU_HCL_adult_celltype,Epithelial cell,trrust_dorothea_intersection,formal_abs,spearman,9,140,140,0.5,0.4740816326530612,0.4995572310945254,1.0,0.0524266622960567,0.0554070249199867,-0.0029803626239299,-0.0518367346938775
adult_celltype__epithelial_cell,ZJU_HCL_adult_celltype,Epithelial cell,trrust_dorothea_intersection,formal_abs,mutual_information,9,140,140,0.5,0.4705102040816327,0.4956491170401875,0.8571428571428571,0.0015326363500207,0.0016822807956486,-0.0001496444456279,-0.0589795918367347
adult_celltype__epithelial_cell,ZJU_HCL_adult_celltype,Epithelial cell,trrust_dorothea_intersection,formal_abs,coexpression_probability,9,140,140,0.5,0.5101275510204082,0.5163394032395311,1.0,0.0287321601063013,0.0260137431323528,0.0027184169739484,0.0202551020408163
adult_celltype__epithelial_cell,ZJU_HCL_adult_celltype,Epithelial cell,trrust_dorothea_intersection,formal_abs,codetection_odds_ratio,9,140,140,0.5,0.5195918367346939,0.5056893333480161,1.0,1.4788554906845093,1.4385928511619568,0.0402626395225524,0.0391836734693877
adult_celltype__epithelial_cell,ZJU_HCL_adult_celltype,Epithelial cell,trrust_dorothea_union,formal_abs,pearson,0,646,646,0.5,0.5169631646042807,0.5209091566390035,1.2,0.053781259804964,0.0516864378005266,0.0020948220044374,0.0339263292085614
adult_celltype__epithelial_cell,ZJU_HCL_adult_celltype,Epithelial cell,trrust_dorothea_union,formal_abs,spearman,0,646,646,0.5,0.5022716598452971,0.5113062305351961,1.1076923076923078,0.0494773294776678,0.0499777719378471,-0.0005004424601793,0.0045433196905941
adult_celltype__epithelial_cell,ZJU_HCL_adult_celltype,Epithelial cell,trrust_dorothea_union,formal_abs,mutual_information,0,646,646,0.5,0.5040065561828446,0.510540671808183,1.1384615384615384,0.0013104032259434,0.0013292802032083,-1.887697726488113e-05,0.0080131123656892
adult_celltype__epithelial_cell,ZJU_HCL_adult_celltype,Epithelial cell,trrust_dorothea_union,formal_abs,coexpression_probability,0,646,646,0.5,0.5083833354100968,0.5096264168394848,1.015384615384615,0.0265423245728015,0.0249943360686302,0.0015479885041713,0.0167666708201938
adult_celltype__epithelial_cell,ZJU_HCL_adult_celltype,Epithelial cell,trrust_dorothea_union,formal_abs,codetection_odds_ratio,0,646,646,0.5,0.5223715361979889,0.5141966523602535,0.9846153846153848,1.473627746105194,1.470068335533142,0.003559410572052,0.044743072395978
adult_celltype__epithelial_cell,ZJU_HCL_adult_celltype,Epithelial cell,trrust_dorothea_union,formal_abs,pearson,1,646,646,0.5,0.5183997258672086,0.5299241112139856,1.1076923076923078,0.053781259804964,0.0523346047848463,0.0014466550201177,0.036799451734417
adult_celltype__epithelial_cell,ZJU_HCL_adult_celltype,Epithelial cell,trrust_dorothea_union,formal_abs,spearman,1,646,646,0.5,0.5070390303750635,0.5174680211915762,0.9846153846153848,0.0494773294776678,0.0474166739732027,0.0020606555044651,0.0140780607501269
adult_celltype__epithelial_cell,ZJU_HCL_adult_celltype,Epithelial cell,trrust_dorothea_union,formal_abs,mutual_information,1,646,646,0.5,0.5040964161450795,0.5152514272499822,1.0769230769230769,0.0013104032259434,0.0012664443347603,4.395889118313789e-05,0.0081928322901589
adult_celltype__epithelial_cell,ZJU_HCL_adult_celltype,Epithelial cell,trrust_dorothea_union,formal_abs,coexpression_probability,1,646,646,0.5,0.509712064718343,0.5127726022719288,1.1076923076923078,0.0265423245728015,0.0246167778968811,0.0019255466759204,0.0194241294366859
adult_celltype__epithelial_cell,ZJU_HCL_adult_celltype,Epithelial cell,trrust_dorothea_union,formal_abs,codetection_odds_ratio,1,646,646,0.5,0.531543243010093,0.5179628973257222,0.8923076923076924,1.473627746105194,1.439586520195007,0.0340412259101867,0.063086486020186
adult_celltype__epithelial_cell,ZJU_HCL_adult_celltype,Epithelial cell,trrust_dorothea_union,formal_abs,pearson,2,646,646,0.5,0.5029581899567714,0.5229967003048666,1.2307692307692308,0.053781259804964,0.0551594216376543,-0.0013781618326902,0.0059163799135426
adult_celltype__epithelial_cell,ZJU_HCL_adult_celltype,Epithelial cell,trrust_dorothea_union,formal_abs,spearman,2,646,646,0.5,0.4907827641403637,0.5122122688800336,1.0461538461538462,0.0494773294776678,0.0497361421585083,-0.0002588126808404,-0.0184344717192727
adult_celltype__epithelial_cell,ZJU_HCL_adult_celltype,Epithelial cell,trrust_dorothea_union,formal_abs,mutual_information,2,646,646,0.5,0.4944885889829289,0.5120385683622134,1.1384615384615384,0.0013104032259434,0.0013158587971702,-5.455571226775646e-06,-0.0110228220341419
adult_celltype__epithelial_cell,ZJU_HCL_adult_celltype,Epithelial cell,trrust_dorothea_union,formal_abs,coexpression_probability,2,646,646,0.5,0.5060685427829271,0.5107920686115381,1.1076923076923078,0.0265423245728015,0.0251453593373298,0.0013969652354717,0.0121370855658542
adult_celltype__epithelial_cell,ZJU_HCL_adult_celltype,Epithelial cell,trrust_dorothea_union,formal_abs,codetection_odds_ratio,2,646,646,0.5,0.5143668107621083,0.5109403749445066,0.8923076923076924,1.473627746105194,1.459029734134674,0.01459801197052,0.0287336215242166
adult_celltype__epithelial_cell,ZJU_HCL_adult_celltype,Epithelial cell,trrust_dorothea_union,formal_abs,pearson,3,646,646,0.5,0.5111198707933556,0.5217754408423841,1.1384615384615384,0.053781259804964,0.0536580048501491,0.0001232549548149,0.0222397415867112
adult_celltype__epithelial_cell,ZJU_HCL_adult_celltype,Epithelial cell,trrust_dorothea_union,formal_abs,spearman,3,646,646,0.5,0.4987767063807762,0.5125322001248416,1.015384615384615,0.0494773294776678,0.0496408306062221,-0.0001635011285543,-0.0024465872384475
adult_celltype__epithelial_cell,ZJU_HCL_adult_celltype,Epithelial cell,trrust_dorothea_union,formal_abs,mutual_information,3,646,646,0.5,0.503642323802586,0.5115391056463312,1.0769230769230769,0.0013104032259434,0.0012560167815536,5.43864443898201e-05,0.007284647605172
adult_celltype__epithelial_cell,ZJU_HCL_adult_celltype,Epithelial cell,trrust_dorothea_union,formal_abs,coexpression_probability,3,646,646,0.5,0.5085139318885449,0.5110347934362143,1.0769230769230769,0.0265423245728015,0.0248433127999305,0.001699011772871,0.0170278637770897
adult_celltype__epithelial_cell,ZJU_HCL_adult_celltype,Epithelial cell,trrust_dorothea_union,formal_abs,codetection_odds_ratio,3,646,646,0.5,0.518693268410509,0.5121498920676827,0.953846153846154,1.473627746105194,1.4637438654899595,0.0098838806152343,0.0373865368210182
adult_celltype__epithelial_cell,ZJU_HCL_adult_celltype,Epithelial cell,trrust_dorothea_union,formal_abs,pearson,4,646,646,0.5,0.5126966135973698,0.5239573977624308,1.1384615384615384,0.053781259804964,0.0519697424024343,0.0018115174025297,0.0253932271947396
adult_celltype__epithelial_cell,ZJU_HCL_adult_celltype,Epithelial cell,trrust_dorothea_union,formal_abs,spearman,4,646,646,0.5,0.5005499429688773,0.5138825673759781,0.9846153846153848,0.0494773294776678,0.0474480614066123,0.0020292680710554,0.0010998859377546
adult_celltype__epithelial_cell,ZJU_HCL_adult_celltype,Epithelial cell,trrust_dorothea_union,formal_abs,mutual_information,4,646,646,0.5,0.5022069606724879,0.5141734329912716,1.1076923076923078,0.0013104032259434,0.0012679707724601,4.243245348334312e-05,0.004413921344976
adult_celltype__epithelial_cell,ZJU_HCL_adult_celltype,Epithelial cell,trrust_dorothea_union,formal_abs,coexpression_probability,4,646,646,0.5,0.5065453996491867,0.5101006264100364,1.1076923076923078,0.0265423245728015,0.0249943360686302,0.0015479885041713,0.0130907992983733
adult_celltype__epithelial_cell,ZJU_HCL_adult_celltype,Epithelial cell,trrust_dorothea_union,formal_abs,codetection_odds_ratio,4,646,646,0.5,0.519079067181704,0.5108994399686954,0.8923076923076924,1.473627746105194,1.46200031042099,0.0116274356842041,0.038158134363408
adult_celltype__epithelial_cell,ZJU_HCL_adult_celltype,Epithelial cell,trrust_dorothea_union,formal_abs,pearson,5,646,646,0.5,0.5115991239252748,0.5229906259396395,1.1384615384615384,0.053781259804964,0.0517560709267854,0.0020251888781785,0.0231982478505496
adult_celltype__epithelial_cell,ZJU_HCL_adult_celltype,Epithelial cell,trrust_dorothea_union,formal_abs,spearman,5,646,646,0.5,0.4956855236798972,0.510727373834074,0.9846153846153848,0.0494773294776678,0.0491937175393104,0.0002836119383573,-0.0086289526402054
adult_celltype__epithelial_cell,ZJU_HCL_adult_celltype,Epithelial cell,trrust_dorothea_union,formal_abs,mutual_information,5,646,646,0.5,0.4968357311965033,0.5110392392850298,1.1076923076923078,0.0013104032259434,0.0013151549501344,-4.751724191009998e-06,-0.0063285376069932
adult_celltype__epithelial_cell,ZJU_HCL_adult_celltype,Epithelial cell,trrust_dorothea_union,formal_abs,coexpression_probability,5,646,646,0.5,0.5056036672449655,0.5101730439283723,0.9846153846153848,0.0265423245728015,0.0252208709716796,0.0013214536011219,0.0112073344899308
adult_celltype__epithelial_cell,ZJU_HCL_adult_celltype,Epithelial cell,trrust_dorothea_union,formal_abs,codetection_odds_ratio,5,646,646,0.5,0.5119238179221501,0.5056374920283624,0.953846153846154,1.473627746105194,1.4659451246261597,0.0076826214790344,0.0238476358443002
adult_celltype__epithelial_cell,ZJU_HCL_adult_celltype,Epithelial cell,trrust_dorothea_union,formal_abs,pearson,6,646,646,0.5,0.5047889369207028,0.5189092454095586,1.2307692307692308,0.053781259804964,0.0547010637819767,-0.0009198039770126,0.0095778738414056
adult_celltype__epithelial_cell,ZJU_HCL_adult_celltype,Epithelial cell,trrust_dorothea_union,formal_abs,spearman,6,646,646,0.5,0.4947581688696335,0.5105778331082811,1.015384615384615,0.0494773294776678,0.0489917043596506,0.0004856251180171,-0.0104836622607328
adult_celltype__epithelial_cell,ZJU_HCL_adult_celltype,Epithelial cell,trrust_dorothea_union,formal_abs,mutual_information,6,646,646,0.5,0.4961887394684124,0.5100149847436874,1.1384615384615384,0.0013104032259434,0.0013461989583447,-3.57957324013114e-05,-0.0076225210631751
adult_celltype__epithelial_cell,ZJU_HCL_adult_celltype,Epithelial cell,trrust_dorothea_union,formal_abs,coexpression_probability,6,646,646,0.5,0.5050573186745776,0.5093119475068032,1.0769230769230769,0.0265423245728015,0.0262780338525772,0.0002642907202243,0.0101146373491551
adult_celltype__epithelial_cell,ZJU_HCL_adult_celltype,Epithelial cell,trrust_dorothea_union,formal_abs,codetection_odds_ratio,6,646,646,0.5,0.5147118730170902,0.5059420909876072,0.8923076923076924,1.473627746105194,1.4523887038230896,0.0212390422821044,0.0294237460341804
adult_celltype__epithelial_cell,ZJU_HCL_adult_celltype,Epithelial cell,trrust_dorothea_union,formal_abs,pearson,7,646,646,0.5,0.5101362037400915,0.517874400550068,1.0769230769230769,0.053781259804964,0.0533806532621383,0.0004006065428256,0.0202724074801827
adult_celltype__epithelial_cell,ZJU_HCL_adult_celltype,Epithelial cell,trrust_dorothea_union,formal_abs,spearman,7,646,646,0.5,0.4928998648506167,0.5065541480236244,0.9846153846153848,0.0494773294776678,0.0493348725140094,0.0001424569636583,-0.0142002702987663
adult_celltype__epithelial_cell,ZJU_HCL_adult_celltype,Epithelial cell,trrust_dorothea_union,formal_abs,mutual_information,7,646,646,0.5,0.4969124116976104,0.5068726431949364,1.0769230769230769,0.0013104032259434,0.0012988790404051,1.1524185538291933e-05,-0.006175176604779
adult_celltype__epithelial_cell,ZJU_HCL_adult_celltype,Epithelial cell,trrust_dorothea_union,formal_abs,coexpression_probability,7,646,646,0.5,0.50646632288242,0.5101098081582771,1.0769230769230769,0.0265423245728015,0.0251453593373298,0.0013969652354717,0.0129326457648399
adult_celltype__epithelial_cell,ZJU_HCL_adult_celltype,Epithelial cell,trrust_dorothea_union,formal_abs,codetection_odds_ratio,7,646,646,0.5,0.5166456594043842,0.5050993968512494,0.8615384615384616,1.473627746105194,1.4678362011909485,0.0057915449142456,0.0332913188087684
adult_celltype__epithelial_cell,ZJU_HCL_adult_celltype,Epithelial cell,trrust_dorothea_union,formal_abs,pearson,8,646,646,0.5,0.5146292018518341,0.5279610219117798,1.2307692307692308,0.053781259804964,0.0515677630901336,0.0022134967148303,0.0292584037036682
adult_celltype__epithelial_cell,ZJU_HCL_adult_celltype,Epithelial cell,trrust_dorothea_union,formal_abs,spearman,8,646,646,0.5,0.4961899376012422,0.5150077592216757,1.1384615384615384,0.0494773294776678,0.0486143641173839,0.0008629653602838,-0.0076201247975155
adult_celltype__epithelial_cell,ZJU_HCL_adult_celltype,Epithelial cell,trrust_dorothea_union,formal_abs,mutual_information,8,646,646,0.5,0.49875394185701,0.513982547303622,1.1692307692307693,0.0013104032259434,0.0012525474885478,5.785573739558458e-05,-0.0024921162859798
adult_celltype__epithelial_cell,ZJU_HCL_adult_celltype,Epithelial cell,trrust_dorothea_union,formal_abs,coexpression_probability,8,646,646,0.5,0.5082850885180534,0.5119066667311865,1.0461538461538462,0.0265423245728015,0.0254096500575542,0.0011326745152473,0.0165701770361068
adult_celltype__epithelial_cell,ZJU_HCL_adult_celltype,Epithelial cell,trrust_dorothea_union,formal_abs,codetection_odds_ratio,8,646,646,0.5,0.5247366504040103,0.5161003412271454,0.8923076923076924,1.473627746105194,1.444703996181488,0.028923749923706,0.0494733008080208
adult_celltype__epithelial_cell,ZJU_HCL_adult_celltype,Epithelial cell,trrust_dorothea_union,formal_abs,pearson,9,646,646,0.5,0.5091465460226783,0.5197955086877419,1.1692307692307693,0.053781259804964,0.0518007241189479,0.001980535686016,0.0182930920453565
adult_celltype__epithelial_cell,ZJU_HCL_adult_celltype,Epithelial cell,trrust_dorothea_union,formal_abs,spearman,9,646,646,0.5,0.4936379146737724,0.5075135246917926,1.015384615384615,0.0494773294776678,0.0488328002393245,0.0006445292383432,-0.0127241706524552
adult_celltype__epithelial_cell,ZJU_HCL_adult_celltype,Epithelial cell,trrust_dorothea_union,formal_abs,mutual_information,9,646,646,0.5,0.4961336253582417,0.5078595175465472,1.1384615384615384,0.0013104032259434,0.0012982651824131,1.2138043530285358e-05,-0.0077327492835165
adult_celltype__epithelial_cell,ZJU_HCL_adult_celltype,Epithelial cell,trrust_dorothea_union,formal_abs,coexpression_probability,9,646,646,0.5,0.5055305811423478,0.5088174073531417,0.9846153846153848,0.0265423245728015,0.025900475680828,0.0006418488919734,0.0110611622846954
adult_celltype__epithelial_cell,ZJU_HCL_adult_celltype,Epithelial cell,trrust_dorothea_union,formal_abs,codetection_odds_ratio,9,646,646,0.5,0.5165318367855534,0.5073127487858984,0.8307692307692308,1.473627746105194,1.46817547082901,0.005452275276184,0.0330636735711067
adult_celltype__fibroblast,ZJU_HCL_adult_celltype,Fibroblast,trrust,formal_abs,pearson,0,413,413,0.5,0.556982804612796,0.5691589280390688,1.380952380952381,0.0348484478890895,0.0306228660047054,0.0042255818843841,0.113965609225592
adult_celltype__fibroblast,ZJU_HCL_adult_celltype,Fibroblast,trrust,formal_abs,spearman,0,413,413,0.5,0.5618136941648247,0.5702715995867533,1.3333333333333333,0.0322857983410358,0.0276855751872062,0.0046002231538295,0.1236273883296494
adult_celltype__fibroblast,ZJU_HCL_adult_celltype,Fibroblast,trrust,formal_abs,mutual_information,0,413,413,0.5,0.5525857570836435,0.5661795368316811,1.3333333333333333,0.0005107352626509,0.0003900900192093,0.0001206452434416,0.1051715141672871
adult_celltype__fibroblast,ZJU_HCL_adult_celltype,Fibroblast,trrust,formal_abs,coexpression_probability,0,413,413,0.5,0.51561538145853,0.5195190731435674,1.1428571428571428,0.0222228467464447,0.020986683666706,0.0012361630797386,0.03123076291706
adult_celltype__fibroblast,ZJU_HCL_adult_celltype,Fibroblast,trrust,formal_abs,codetection_odds_ratio,0,413,413,0.5,0.5726656074667729,0.570264568558807,1.238095238095238,1.298895001411438,1.2487061023712158,0.0501888990402221,0.1453312149335459
adult_celltype__fibroblast,ZJU_HCL_adult_celltype,Fibroblast,trrust,formal_abs,pearson,1,413,413,0.5,0.5703967309417304,0.5771200935675398,1.4285714285714286,0.0348484478890895,0.0277635585516691,0.0070848893374204,0.1407934618834607
adult_celltype__fibroblast,ZJU_HCL_adult_celltype,Fibroblast,trrust,formal_abs,spearman,1,413,413,0.5,0.5739847217255187,0.5775028746917945,1.3333333333333333,0.0322857983410358,0.0262619722634553,0.0060238260775804,0.1479694434510374
adult_celltype__fibroblast,ZJU_HCL_adult_celltype,Fibroblast,trrust,formal_abs,mutual_information,1,413,413,0.5,0.5628689855718214,0.5718325610294056,1.3333333333333333,0.0005107352626509,0.0003495594719424,0.0001611757907085,0.1257379711436428
adult_celltype__fibroblast,ZJU_HCL_adult_celltype,Fibroblast,trrust,formal_abs,coexpression_probability,1,413,413,0.5,0.5204345455504811,0.5214872770854164,1.0952380952380951,0.0222228467464447,0.0203686021268367,0.0018542446196079,0.0408690911009621
adult_celltype__fibroblast,ZJU_HCL_adult_celltype,Fibroblast,trrust,formal_abs,codetection_odds_ratio,1,413,413,0.5,0.5920595184353546,0.5875323029014536,1.4285714285714286,1.298895001411438,1.2426735162734983,0.0562214851379394,0.1841190368707093
adult_celltype__fibroblast,ZJU_HCL_adult_celltype,Fibroblast,trrust,formal_abs,pearson,2,413,413,0.5,0.5652433912375636,0.5743479892405957,1.380952380952381,0.0348484478890895,0.0295354910194873,0.0053129568696022,0.1304867824751274
adult_celltype__fibroblast,ZJU_HCL_adult_celltype,Fibroblast,trrust,formal_abs,spearman,2,413,413,0.5,0.5676881496637725,0.5686356375495477,1.2857142857142858,0.0322857983410358,0.0269457772374153,0.0053400211036205,0.1353762993275449
adult_celltype__fibroblast,ZJU_HCL_adult_celltype,Fibroblast,trrust,formal_abs,mutual_information,2,413,413,0.5,0.5609753237692664,0.5659886300977418,1.2857142857142858,0.0005107352626509,0.0003866486076731,0.0001240866549778,0.1219506475385328
adult_celltype__fibroblast,ZJU_HCL_adult_celltype,Fibroblast,trrust,formal_abs,coexpression_probability,2,413,413,0.5,0.5171015835233836,0.5198329568323405,1.0952380952380951,0.0222228467464447,0.0208181161433458,0.0014047306030988,0.034203167046767
adult_celltype__fibroblast,ZJU_HCL_adult_celltype,Fibroblast,trrust,formal_abs,codetection_odds_ratio,2,413,413,0.5,0.5883835867009831,0.5753129153200469,1.1904761904761905,1.298895001411438,1.242464542388916,0.0564304590225219,0.1767671734019664
adult_celltype__fibroblast,ZJU_HCL_adult_celltype,Fibroblast,trrust,formal_abs,pearson,3,413,413,0.5,0.5509793690529933,0.5615778561498964,1.3333333333333333,0.0348484478890895,0.0297290962189435,0.0051193516701459,0.1019587381059863
adult_celltype__fibroblast,ZJU_HCL_adult_celltype,Fibroblast,trrust,formal_abs,spearman,3,413,413,0.5,0.5606294226969731,0.5626201903830964,1.238095238095238,0.0322857983410358,0.0273745972663164,0.0049112010747194,0.121258845393946
adult_celltype__fibroblast,ZJU_HCL_adult_celltype,Fibroblast,trrust,formal_abs,mutual_information,3,413,413,0.5,0.548786708018456,0.5576402388740119,1.238095238095238,0.0005107352626509,0.0004013988364022,0.0001093364262487,0.0975734160369117
adult_celltype__fibroblast,ZJU_HCL_adult_celltype,Fibroblast,trrust,formal_abs,coexpression_probability,3,413,413,0.5,0.5137832783213832,0.5181117047620525,1.0476190476190477,0.0222228467464447,0.0206776428967714,0.0015452038496732,0.0275665566427663
adult_celltype__fibroblast,ZJU_HCL_adult_celltype,Fibroblast,trrust,formal_abs,codetection_odds_ratio,3,413,413,0.5,0.5629686519824821,0.5557838813732175,1.1904761904761905,1.298895001411438,1.2673264741897583,0.0315685272216796,0.1259373039649642
adult_celltype__fibroblast,ZJU_HCL_adult_celltype,Fibroblast,trrust,formal_abs,pearson,4,413,413,0.5,0.5731668708850963,0.5829101133196084,1.380952380952381,0.0348484478890895,0.0280894078314304,0.0067590400576591,0.1463337417701926
adult_celltype__fibroblast,ZJU_HCL_adult_celltype,Fibroblast,trrust,formal_abs,spearman,4,413,413,0.5,0.583051433730631,0.5849113745239699,1.3333333333333333,0.0322857983410358,0.0262155905365943,0.0060702078044414,0.1661028674612619
adult_celltype__fibroblast,ZJU_HCL_adult_celltype,Fibroblast,trrust,formal_abs,mutual_information,4,413,413,0.5,0.5714080518734354,0.5788526837264912,1.3333333333333333,0.0005107352626509,0.0003725704154931,0.0001381648471578,0.1428161037468707
adult_celltype__fibroblast,ZJU_HCL_adult_celltype,Fibroblast,trrust,formal_abs,coexpression_probability,4,413,413,0.5,0.5186874519988979,0.5213534722516775,1.0952380952380951,0.0222228467464447,0.0201438441872596,0.002079002559185,0.0373749039977955
adult_celltype__fibroblast,ZJU_HCL_adult_celltype,Fibroblast,trrust,formal_abs,codetection_odds_ratio,4,413,413,0.5,0.5983531591320814,0.5853640022796558,1.2857142857142858,1.298895001411438,1.225152850151062,0.0737421512603759,0.1967063182641628
adult_celltype__fibroblast,ZJU_HCL_adult_celltype,Fibroblast,trrust,formal_abs,pearson,5,413,413,0.5,0.5666856228271258,0.5700881945815196,1.3333333333333333,0.0348484478890895,0.028461517766118,0.0063869301229715,0.1333712456542513
adult_celltype__fibroblast,ZJU_HCL_adult_celltype,Fibroblast,trrust,formal_abs,spearman,5,413,413,0.5,0.5742719954974234,0.5745251122348047,1.2857142857142858,0.0322857983410358,0.0263475440442562,0.0059382542967796,0.1485439909948467
adult_celltype__fibroblast,ZJU_HCL_adult_celltype,Fibroblast,trrust,formal_abs,mutual_information,5,413,413,0.5,0.5638128851080795,0.5684231513839093,1.238095238095238,0.0005107352626509,0.0003681655216496,0.0001425697410013,0.1276257702161589
adult_celltype__fibroblast,ZJU_HCL_adult_celltype,Fibroblast,trrust,formal_abs,coexpression_probability,5,413,413,0.5,0.5190978431016187,0.520907006639185,1.0952380952380951,0.0222228467464447,0.0207619257271289,0.0014609210193157,0.0381956862032373
adult_celltype__fibroblast,ZJU_HCL_adult_celltype,Fibroblast,trrust,formal_abs,codetection_odds_ratio,5,413,413,0.5,0.5924405958878812,0.5839631133155258,1.2857142857142858,1.298895001411438,1.2382080554962158,0.0606869459152221,0.1848811917757622
adult_celltype__fibroblast,ZJU_HCL_adult_celltype,Fibroblast,trrust,formal_abs,pearson,6,413,413,0.5,0.5510467904484402,0.5650163095737255,1.380952380952381,0.0348484478890895,0.0312292035669088,0.0036192443221807,0.1020935808968803
adult_celltype__fibroblast,ZJU_HCL_adult_celltype,Fibroblast,trrust,formal_abs,spearman,6,413,413,0.5,0.5602630020695437,0.5663020156405315,1.2857142857142858,0.0322857983410358,0.0276127215474843,0.0046730767935514,0.1205260041390874
adult_celltype__fibroblast,ZJU_HCL_adult_celltype,Fibroblast,trrust,formal_abs,mutual_information,6,413,413,0.5,0.5507243402963025,0.562791201078044,1.2857142857142858,0.0005107352626509,0.0004122443206142,9.849094203673304e-05,0.1014486805926047
adult_celltype__fibroblast,ZJU_HCL_adult_celltype,Fibroblast,trrust,formal_abs,coexpression_probability,6,413,413,0.5,0.51577074380456,0.519337662614159,1.0952380952380951,0.0222228467464447,0.0206214524805545,0.0016013942658901,0.03154148760912
adult_celltype__fibroblast,ZJU_HCL_adult_celltype,Fibroblast,trrust,formal_abs,codetection_odds_ratio,6,413,413,0.5,0.5772180173419554,0.5667916149273013,1.238095238095238,1.298895001411438,1.250516653060913,0.0483783483505249,0.1544360346839108
adult_celltype__fibroblast,ZJU_HCL_adult_celltype,Fibroblast,trrust,formal_abs,pearson,7,413,413,0.5,0.5601721297539412,0.5674785238676573,1.380952380952381,0.0348484478890895,0.0292488243430852,0.0055996235460042,0.1203442595078825
adult_celltype__fibroblast,ZJU_HCL_adult_celltype,Fibroblast,trrust,formal_abs,spearman,7,413,413,0.5,0.5738264280144693,0.5717821154124362,1.2857142857142858,0.0322857983410358,0.0254918579012155,0.0067939404398202,0.1476528560289385
adult_celltype__fibroblast,ZJU_HCL_adult_celltype,Fibroblast,trrust,formal_abs,mutual_information,7,413,413,0.5,0.5626227509101888,0.5680449945390227,1.238095238095238,0.0005107352626509,0.0003567328967619,0.000154002365889,0.1252455018203777
adult_celltype__fibroblast,ZJU_HCL_adult_celltype,Fibroblast,trrust,formal_abs,coexpression_probability,7,413,413,0.5,0.5167263688008958,0.5198393332090773,1.1428571428571428,0.0222228467464447,0.0205090753734111,0.0017137713730335,0.0334527376017916
adult_celltype__fibroblast,ZJU_HCL_adult_celltype,Fibroblast,trrust,formal_abs,codetection_odds_ratio,7,413,413,0.5,0.5811079387227456,0.5714898477875852,1.1904761904761905,1.298895001411438,1.251075267791748,0.0478197336196899,0.1622158774454913
adult_celltype__fibroblast,ZJU_HCL_adult_celltype,Fibroblast,trrust,formal_abs,pearson,8,413,413,0.5,0.5821133969244118,0.579091248495349,1.380952380952381,0.0348484478890895,0.0275510177016258,0.0072974301874637,0.1642267938488235
adult_celltype__fibroblast,ZJU_HCL_adult_celltype,Fibroblast,trrust,formal_abs,spearman,8,413,413,0.5,0.5858186423089776,0.5775172900791978,1.2857142857142858,0.0322857983410358,0.0240160413086414,0.0082697570323944,0.1716372846179552
adult_celltype__fibroblast,ZJU_HCL_adult_celltype,Fibroblast,trrust,formal_abs,mutual_information,8,413,413,0.5,0.5757933739425101,0.5734730994317045,1.238095238095238,0.0005107352626509,0.0003199972270522,0.0001907380355987,0.1515867478850201
adult_celltype__fibroblast,ZJU_HCL_adult_celltype,Fibroblast,trrust,formal_abs,coexpression_probability,8,413,413,0.5,0.518743147934267,0.5207254941389223,1.0952380952380951,0.0222228467464447,0.0207057371735572,0.0015171095728874,0.0374862958685342
adult_celltype__fibroblast,ZJU_HCL_adult_celltype,Fibroblast,trrust,formal_abs,codetection_odds_ratio,8,413,413,0.5,0.6016480134139263,0.5833554338505753,1.2857142857142858,1.298895001411438,1.224599003791809,0.0742959976196289,0.2032960268278527
adult_celltype__fibroblast,ZJU_HCL_adult_celltype,Fibroblast,trrust,formal_abs,pearson,9,413,413,0.5,0.5533420492586578,0.5639211596707414,1.4285714285714286,0.0348484478890895,0.0295317284762859,0.0053167194128036,0.1066840985173156
adult_celltype__fibroblast,ZJU_HCL_adult_celltype,Fibroblast,trrust,formal_abs,spearman,9,413,413,0.5,0.5605121680961958,0.561891591679006,1.2857142857142858,0.0322857983410358,0.0262619722634553,0.0060238260775804,0.1210243361923912
adult_celltype__fibroblast,ZJU_HCL_adult_celltype,Fibroblast,trrust,formal_abs,mutual_information,9,413,413,0.5,0.5453394227556004,0.5570669167083248,1.2857142857142858,0.0005107352626509,0.0004349644004832,7.577086216770113e-05,0.0906788455112006
adult_celltype__fibroblast,ZJU_HCL_adult_celltype,Fibroblast,trrust,formal_abs,coexpression_probability,9,413,413,0.5,0.5153105194965087,0.5188669714574875,1.0952380952380951,0.0222228467464447,0.0203686021268367,0.0018542446196079,0.0306210389930174
adult_celltype__fibroblast,ZJU_HCL_adult_celltype,Fibroblast,trrust,formal_abs,codetection_odds_ratio,9,413,413,0.5,0.5679519725155215,0.5611762743558104,1.238095238095238,1.298895001411438,1.2608751058578491,0.0380198955535888,0.135903945031043
adult_celltype__fibroblast,ZJU_HCL_adult_celltype,Fibroblast,dorothea_ab,formal_abs,pearson,0,486,486,0.5,0.5869955460719063,0.5808634200908183,1.3877551020408163,0.0371454153209924,0.0283180717378854,0.0088273435831069,0.1739910921438128
adult_celltype__fibroblast,ZJU_HCL_adult_celltype,Fibroblast,dorothea_ab,formal_abs,spearman,0,486,486,0.5,0.5817117986756761,0.5761878026121837,1.346938775510204,0.0339378267526626,0.0252096196636557,0.0087282070890069,0.1634235973513522
adult_celltype__fibroblast,ZJU_HCL_adult_celltype,Fibroblast,dorothea_ab,formal_abs,mutual_information,0,486,486,0.5,0.5821902149062643,0.5735447216117829,1.346938775510204,0.0006943801417946,0.000417700241087,0.0002766799007076,0.1643804298125286
adult_celltype__fibroblast,ZJU_HCL_adult_celltype,Fibroblast,dorothea_ab,formal_abs,coexpression_probability,0,486,486,0.5,0.5138486680553439,0.5123089773276299,1.1020408163265305,0.0274905879050493,0.0258611002936959,0.0016294876113533,0.0276973361106878
adult_celltype__fibroblast,ZJU_HCL_adult_celltype,Fibroblast,dorothea_ab,formal_abs,codetection_odds_ratio,0,486,486,0.5,0.5926137614523531,0.5817270474157858,1.346938775510204,1.3027800917625427,1.2041304111480713,0.0986496806144714,0.1852275229047062
adult_celltype__fibroblast,ZJU_HCL_adult_celltype,Fibroblast,dorothea_ab,formal_abs,pearson,1,486,486,0.5,0.5921057088181002,0.5788678168289402,1.3877551020408163,0.0371454153209924,0.0271613486111164,0.009984066709876,0.1842114176362004
adult_celltype__fibroblast,ZJU_HCL_adult_celltype,Fibroblast,dorothea_ab,formal_abs,spearman,1,486,486,0.5,0.5893198868736134,0.5782743555051234,1.346938775510204,0.0339378267526626,0.0242533506825566,0.009684476070106,0.1786397737472269
adult_celltype__fibroblast,ZJU_HCL_adult_celltype,Fibroblast,dorothea_ab,formal_abs,mutual_information,1,486,486,0.5,0.5907127978458567,0.5740637115069717,1.3877551020408163,0.0006943801417946,0.0004014851583633,0.0002928949834313,0.1814255956917136
adult_celltype__fibroblast,ZJU_HCL_adult_celltype,Fibroblast,dorothea_ab,formal_abs,coexpression_probability,1,486,486,0.5,0.5142043048993209,0.5122566872180773,1.1020408163265305,0.0274905879050493,0.0259734783321619,0.0015171095728874,0.0284086097986417
adult_celltype__fibroblast,ZJU_HCL_adult_celltype,Fibroblast,dorothea_ab,formal_abs,codetection_odds_ratio,1,486,486,0.5,0.5926010601364968,0.583432293977567,1.3061224489795915,1.3027800917625427,1.213883101940155,0.0888969898223877,0.1852021202729936
adult_celltype__fibroblast,ZJU_HCL_adult_celltype,Fibroblast,dorothea_ab,formal_abs,pearson,2,486,486,0.5,0.6060432860844382,0.5959088934570574,1.469387755102041,0.0371454153209924,0.0261284103617072,0.0110170049592852,0.2120865721688767
adult_celltype__fibroblast,ZJU_HCL_adult_celltype,Fibroblast,dorothea_ab,formal_abs,spearman,2,486,486,0.5,0.6007849413199208,0.5951507861885462,1.3877551020408163,0.0339378267526626,0.0232657566666603,0.0106720700860023,0.2015698826398415
adult_celltype__fibroblast,ZJU_HCL_adult_celltype,Fibroblast,dorothea_ab,formal_abs,mutual_information,2,486,486,0.5,0.5976731189351216,0.587802494948005,1.3877551020408163,0.0006943801417946,0.000410531356465,0.0002838487853296,0.1953462378702433
adult_celltype__fibroblast,ZJU_HCL_adult_celltype,Fibroblast,dorothea_ab,formal_abs,coexpression_probability,2,486,486,0.5,0.5166810614913039,0.513453823496983,1.183673469387755,0.0274905879050493,0.0259032417088747,0.0015873461961746,0.0333621229826077
adult_celltype__fibroblast,ZJU_HCL_adult_celltype,Fibroblast,dorothea_ab,formal_abs,codetection_odds_ratio,2,486,486,0.5,0.6082617825873428,0.612657669470372,1.510204081632653,1.3027800917625427,1.2062175869941711,0.0965625047683715,0.2165235651746855
adult_celltype__fibroblast,ZJU_HCL_adult_celltype,Fibroblast,dorothea_ab,formal_abs,pearson,3,486,486,0.5,0.6084396010093313,0.5959463713709398,1.3877551020408163,0.0371454153209924,0.0253104986622929,0.0118349166586995,0.2168792020186625
adult_celltype__fibroblast,ZJU_HCL_adult_celltype,Fibroblast,dorothea_ab,formal_abs,spearman,3,486,486,0.5,0.6080500939897374,0.594466976337836,1.346938775510204,0.0339378267526626,0.0225867386907339,0.0113510880619287,0.2161001879794746
adult_celltype__fibroblast,ZJU_HCL_adult_celltype,Fibroblast,dorothea_ab,formal_abs,mutual_information,3,486,486,0.5,0.6060432860844384,0.5879187032520188,1.2653061224489797,0.0006943801417946,0.0003631821309681,0.0003311980108264,0.2120865721688767
adult_celltype__fibroblast,ZJU_HCL_adult_celltype,Fibroblast,dorothea_ab,formal_abs,coexpression_probability,3,486,486,0.5,0.5174960625920846,0.5138790004652084,1.0612244897959184,0.0274905879050493,0.0257627693936228,0.0017278185114264,0.0349921251841691
adult_celltype__fibroblast,ZJU_HCL_adult_celltype,Fibroblast,dorothea_ab,formal_abs,codetection_odds_ratio,3,486,486,0.5,0.6113439685684771,0.6026575234022652,1.3877551020408163,1.3027800917625427,1.1867536306381226,0.1160264611244201,0.2226879371369541
adult_celltype__fibroblast,ZJU_HCL_adult_celltype,Fibroblast,dorothea_ab,formal_abs,pearson,4,486,486,0.5,0.5879777811647954,0.5772701074302394,1.346938775510204,0.0371454153209924,0.027657076716423,0.0094883386045694,0.1759555623295907
adult_celltype__fibroblast,ZJU_HCL_adult_celltype,Fibroblast,dorothea_ab,formal_abs,spearman,4,486,486,0.5,0.5865382987010788,0.577142723366375,1.346938775510204,0.0339378267526626,0.0250264732167124,0.0089113535359501,0.1730765974021575
adult_celltype__fibroblast,ZJU_HCL_adult_celltype,Fibroblast,dorothea_ab,formal_abs,mutual_information,4,486,486,0.5,0.5879523785330827,0.5746696577908323,1.346938775510204,0.0006943801417946,0.0004099240759387,0.0002844560658559,0.1759047570661653
adult_celltype__fibroblast,ZJU_HCL_adult_celltype,Fibroblast,dorothea_ab,formal_abs,coexpression_probability,4,486,486,0.5,0.5132051347186235,0.5112568689246874,1.1020408163265305,0.0274905879050493,0.0259734792634844,0.0015171086415648,0.026410269437247
adult_celltype__fibroblast,ZJU_HCL_adult_celltype,Fibroblast,dorothea_ab,formal_abs,codetection_odds_ratio,4,486,486,0.5,0.588240275025826,0.5814487962444986,1.183673469387755,1.3027800917625427,1.2113170623779297,0.091463029384613,0.1764805500516519
adult_celltype__fibroblast,ZJU_HCL_adult_celltype,Fibroblast,dorothea_ab,formal_abs,pearson,5,486,486,0.5,0.5896310691120933,0.5831493042087167,1.3877551020408163,0.0371454153209924,0.026487685739994,0.0106577295809984,0.1792621382241868
adult_celltype__fibroblast,ZJU_HCL_adult_celltype,Fibroblast,dorothea_ab,formal_abs,spearman,5,486,486,0.5,0.5801474199393724,0.5772669655586495,1.346938775510204,0.0339378267526626,0.0249241227284073,0.0090137040242552,0.1602948398787447
adult_celltype__fibroblast,ZJU_HCL_adult_celltype,Fibroblast,dorothea_ab,formal_abs,mutual_information,5,486,486,0.5,0.5833227489034531,0.574950530344321,1.3061224489795915,0.0006943801417946,0.0004488697450142,0.0002455103967804,0.166645497806906
adult_celltype__fibroblast,ZJU_HCL_adult_celltype,Fibroblast,dorothea_ab,formal_abs,coexpression_probability,5,486,486,0.5,0.5150552930616945,0.5123297948789457,1.020408163265306,0.0274905879050493,0.0256222961470484,0.0018682917580008,0.030110586123389
adult_celltype__fibroblast,ZJU_HCL_adult_celltype,Fibroblast,dorothea_ab,formal_abs,codetection_odds_ratio,5,486,486,0.5,0.5949021151924673,0.5882742453137637,1.3877551020408163,1.3027800917625427,1.1996801495552063,0.1030999422073364,0.1898042303849345
adult_celltype__fibroblast,ZJU_HCL_adult_celltype,Fibroblast,dorothea_ab,formal_abs,pearson,6,486,486,0.5,0.5869045199749361,0.5818237984836484,1.3877551020408163,0.0371454153209924,0.0284950956702232,0.0086503196507692,0.1738090399498721
adult_celltype__fibroblast,ZJU_HCL_adult_celltype,Fibroblast,dorothea_ab,formal_abs,spearman,6,486,486,0.5,0.590482057274467,0.5820032949696714,1.346938775510204,0.0339378267526626,0.0241802698001265,0.0097575569525361,0.180964114548934
adult_celltype__fibroblast,ZJU_HCL_adult_celltype,Fibroblast,dorothea_ab,formal_abs,mutual_information,6,486,486,0.5,0.5864726752358211,0.5764144623887958,1.2653061224489797,0.0006943801417946,0.0004220390692353,0.0002723410725593,0.1729453504716422
adult_celltype__fibroblast,ZJU_HCL_adult_celltype,Fibroblast,dorothea_ab,formal_abs,coexpression_probability,6,486,486,0.5,0.5148901759555623,0.5126677975920244,1.0612244897959184,0.0274905879050493,0.0257487213239073,0.0017418665811419,0.0297803519111246
adult_celltype__fibroblast,ZJU_HCL_adult_celltype,Fibroblast,dorothea_ab,formal_abs,codetection_odds_ratio,6,486,486,0.5,0.5981240156480211,0.5941880043383547,1.4285714285714286,1.3027800917625427,1.2059433460235596,0.0968367457389831,0.1962480312960421
adult_celltype__fibroblast,ZJU_HCL_adult_celltype,Fibroblast,dorothea_ab,formal_abs,pearson,7,486,486,0.5,0.5931302816305103,0.5899205237557297,1.3877551020408163,0.0371454153209924,0.0279272478073835,0.0092181675136089,0.1862605632610205
adult_celltype__fibroblast,ZJU_HCL_adult_celltype,Fibroblast,dorothea_ab,formal_abs,spearman,7,486,486,0.5,0.5924359430303645,0.5866170192824257,1.346938775510204,0.0339378267526626,0.024854652583599,0.0090831741690635,0.1848718860607292
adult_celltype__fibroblast,ZJU_HCL_adult_celltype,Fibroblast,dorothea_ab,formal_abs,mutual_information,7,486,486,0.5,0.5872030008975596,0.5808756713943293,1.3061224489795915,0.0006943801417946,0.0004138007643632,0.0002805793774314,0.1744060017951192
adult_celltype__fibroblast,ZJU_HCL_adult_celltype,Fibroblast,dorothea_ab,formal_abs,coexpression_probability,7,486,486,0.5,0.5155654625819235,0.5128504138260358,1.0612244897959184,0.0274905879050493,0.025383492000401,0.0021070959046483,0.0311309251638469
adult_celltype__fibroblast,ZJU_HCL_adult_celltype,Fibroblast,dorothea_ab,formal_abs,codetection_odds_ratio,7,486,486,0.5,0.5988331724499992,0.5944283383665256,1.346938775510204,1.3027800917625427,1.208862602710724,0.0939174890518188,0.1976663448999982
adult_celltype__fibroblast,ZJU_HCL_adult_celltype,Fibroblast,dorothea_ab,formal_abs,pearson,8,486,486,0.5,0.5934033599214212,0.5851088133910849,1.3877551020408163,0.0371454153209924,0.0283094346523284,0.0088359806686639,0.1868067198428424
adult_celltype__fibroblast,ZJU_HCL_adult_celltype,Fibroblast,dorothea_ab,formal_abs,spearman,8,486,486,0.5,0.5895717963047638,0.5807921581611546,1.3061224489795915,0.0339378267526626,0.0245548067614436,0.009383019991219,0.1791435926095277
adult_celltype__fibroblast,ZJU_HCL_adult_celltype,Fibroblast,dorothea_ab,formal_abs,mutual_information,8,486,486,0.5,0.5916632796491049,0.5769204380783317,1.2653061224489797,0.0006943801417946,0.0003925787750631,0.0003018013667315,0.18332655929821
adult_celltype__fibroblast,ZJU_HCL_adult_celltype,Fibroblast,dorothea_ab,formal_abs,coexpression_probability,8,486,486,0.5,0.5164968924113872,0.5122408863590124,1.0612244897959184,0.0274905879050493,0.0259875264018774,0.0015030615031719,0.0329937848227743
adult_celltype__fibroblast,ZJU_HCL_adult_celltype,Fibroblast,dorothea_ab,formal_abs,codetection_odds_ratio,8,486,486,0.5,0.6034755033954851,0.5959150118371481,1.2653061224489797,1.3027800917625427,1.1947311758995056,0.1080489158630371,0.2069510067909701
adult_celltype__fibroblast,ZJU_HCL_adult_celltype,Fibroblast,dorothea_ab,formal_abs,pearson,9,486,486,0.5,0.591309759691104,0.5916910626926528,1.469387755102041,0.0371454153209924,0.0276810247451066,0.0094643905758857,0.182619519382208
adult_celltype__fibroblast,ZJU_HCL_adult_celltype,Fibroblast,dorothea_ab,formal_abs,spearman,9,486,486,0.5,0.5927915798743416,0.5891214442864142,1.510204081632653,0.0339378267526626,0.0248381290584802,0.0090996976941823,0.1855831597486832
adult_celltype__fibroblast,ZJU_HCL_adult_celltype,Fibroblast,dorothea_ab,formal_abs,mutual_information,9,486,486,0.5,0.5918135785534048,0.5871453008774346,1.4285714285714286,0.0006943801417946,0.0004288282943889,0.0002655518474057,0.1836271571068095
adult_celltype__fibroblast,ZJU_HCL_adult_celltype,Fibroblast,dorothea_ab,formal_abs,coexpression_probability,9,486,486,0.5,0.5146467340683162,0.5132149919629756,1.0612244897959184,0.0274905879050493,0.0257206270471215,0.0017699608579277,0.0292934681366323
adult_celltype__fibroblast,ZJU_HCL_adult_celltype,Fibroblast,dorothea_ab,formal_abs,codetection_odds_ratio,9,486,486,0.5,0.6002260834222426,0.5904572929209315,1.3061224489795915,1.3027800917625427,1.1923308968544006,0.110449194908142,0.2004521668444852
adult_celltype__fibroblast,ZJU_HCL_adult_celltype,Fibroblast,trrust_dorothea_intersection,formal_abs,pearson,0,186,186,0.5,0.6283674413226963,0.6124146061297634,1.368421052631579,0.042053647339344,0.02784039452672,0.0142132528126239,0.2567348826453925
adult_celltype__fibroblast,ZJU_HCL_adult_celltype,Fibroblast,trrust_dorothea_intersection,formal_abs,spearman,0,186,186,0.5,0.6274424788992947,0.6108435546957027,1.368421052631579,0.0381412152200937,0.0256052566692233,0.0125359585508704,0.2548849577985894
adult_celltype__fibroblast,ZJU_HCL_adult_celltype,Fibroblast,trrust_dorothea_intersection,formal_abs,mutual_information,0,186,186,0.5,0.6148687709561799,0.6066203702713401,1.368421052631579,0.0007638905663043,0.0004219113034196,0.0003419792628847,0.2297375419123597
adult_celltype__fibroblast,ZJU_HCL_adult_celltype,Fibroblast,trrust_dorothea_intersection,formal_abs,coexpression_probability,0,186,186,0.5,0.5197999768759394,0.5279089901807823,1.4736842105263157,0.0232763951644301,0.0218154741451144,0.0014609210193157,0.0395999537518787
adult_celltype__fibroblast,ZJU_HCL_adult_celltype,Fibroblast,trrust_dorothea_intersection,formal_abs,codetection_odds_ratio,0,186,186,0.5,0.6435137010058966,0.6052890833935393,1.1578947368421053,1.353862702846527,1.230374813079834,0.1234878897666931,0.2870274020117933
adult_celltype__fibroblast,ZJU_HCL_adult_celltype,Fibroblast,trrust_dorothea_intersection,formal_abs,pearson,1,186,186,0.5,0.6097814776274714,0.5984249656857897,1.368421052631579,0.042053647339344,0.0288342470303177,0.0132194003090262,0.2195629552549427
adult_celltype__fibroblast,ZJU_HCL_adult_celltype,Fibroblast,trrust_dorothea_intersection,formal_abs,spearman,1,186,186,0.5,0.6047230893744941,0.5933169235257777,1.368421052631579,0.0381412152200937,0.0271409098058938,0.0110003054141998,0.2094461787489883
adult_celltype__fibroblast,ZJU_HCL_adult_celltype,Fibroblast,trrust_dorothea_intersection,formal_abs,mutual_information,1,186,186,0.5,0.5934790149150191,0.5877785113421383,1.368421052631579,0.0007638905663043,0.0004379716410767,0.0003259189252275,0.1869580298300381
adult_celltype__fibroblast,ZJU_HCL_adult_celltype,Fibroblast,trrust_dorothea_intersection,formal_abs,coexpression_probability,1,186,186,0.5,0.5132096196092034,0.5222474509842997,1.263157894736842,0.0232763951644301,0.0218435693532228,0.0014328258112072,0.0264192392184068
adult_celltype__fibroblast,ZJU_HCL_adult_celltype,Fibroblast,trrust_dorothea_intersection,formal_abs,codetection_odds_ratio,1,186,186,0.5,0.6174702277719968,0.5839681309460726,1.263157894736842,1.353862702846527,1.235196232795715,0.1186664700508117,0.2349404555439935
adult_celltype__fibroblast,ZJU_HCL_adult_celltype,Fibroblast,trrust_dorothea_intersection,formal_abs,pearson,2,186,186,0.5,0.6054168111920453,0.5904942853306703,1.368421052631579,0.042053647339344,0.0312394527718424,0.0108141945675015,0.2108336223840905
adult_celltype__fibroblast,ZJU_HCL_adult_celltype,Fibroblast,trrust_dorothea_intersection,formal_abs,spearman,2,186,186,0.5,0.5987397386981154,0.5847770939076434,1.368421052631579,0.0381412152200937,0.0299216276034712,0.0082195876166224,0.1974794773962307
adult_celltype__fibroblast,ZJU_HCL_adult_celltype,Fibroblast,trrust_dorothea_intersection,formal_abs,mutual_information,2,186,186,0.5,0.5938836859752573,0.582013333812724,1.263157894736842,0.0007638905663043,0.000482456816826,0.0002814337494783,0.1877673719505144
adult_celltype__fibroblast,ZJU_HCL_adult_celltype,Fibroblast,trrust_dorothea_intersection,formal_abs,coexpression_probability,2,186,186,0.5,0.5151607122210661,0.5228154476857971,1.1578947368421053,0.0232763951644301,0.0220823734998703,0.0011940216645598,0.0303214244421319
adult_celltype__fibroblast,ZJU_HCL_adult_celltype,Fibroblast,trrust_dorothea_intersection,formal_abs,codetection_odds_ratio,2,186,186,0.5,0.6108220603537982,0.5845877478342443,1.263157894736842,1.353862702846527,1.2707101106643677,0.0831525921821594,0.2216441207075963
adult_celltype__fibroblast,ZJU_HCL_adult_celltype,Fibroblast,trrust_dorothea_intersection,formal_abs,pearson,3,186,186,0.5,0.6124551971326165,0.5916353877393965,1.368421052631579,0.042053647339344,0.0286367479711771,0.0134168993681669,0.224910394265233
adult_celltype__fibroblast,ZJU_HCL_adult_celltype,Fibroblast,trrust_dorothea_intersection,formal_abs,spearman,3,186,186,0.5,0.6057781246386865,0.5888758565320511,1.368421052631579,0.0381412152200937,0.0279068266972899,0.0102343885228037,0.211556249277373
adult_celltype__fibroblast,ZJU_HCL_adult_celltype,Fibroblast,trrust_dorothea_intersection,formal_abs,mutual_information,3,186,186,0.5,0.6003439704012024,0.5861935405575673,1.368421052631579,0.0007638905663043,0.0003974063438363,0.0003664842224679,0.2006879408024049
adult_celltype__fibroblast,ZJU_HCL_adult_celltype,Fibroblast,trrust_dorothea_intersection,formal_abs,coexpression_probability,3,186,186,0.5,0.5166926812348249,0.5251430787335413,1.368421052631579,0.0232763951644301,0.0218435693532228,0.0014328258112072,0.0333853624696496
adult_celltype__fibroblast,ZJU_HCL_adult_celltype,Fibroblast,trrust_dorothea_intersection,formal_abs,codetection_odds_ratio,3,186,186,0.5,0.627803792345936,0.5911100575602095,1.1578947368421053,1.353862702846527,1.227509379386902,0.1263533234596252,0.2556075846918719
adult_celltype__fibroblast,ZJU_HCL_adult_celltype,Fibroblast,trrust_dorothea_intersection,formal_abs,pearson,4,186,186,0.5,0.6186697884148457,0.6029313632287119,1.368421052631579,0.042053647339344,0.0289375726133584,0.0131160747259855,0.2373395768296913
adult_celltype__fibroblast,ZJU_HCL_adult_celltype,Fibroblast,trrust_dorothea_intersection,formal_abs,spearman,4,186,186,0.5,0.6033500982772575,0.5913866432522545,1.368421052631579,0.0381412152200937,0.0280506880953907,0.0100905271247029,0.206700196554515
adult_celltype__fibroblast,ZJU_HCL_adult_celltype,Fibroblast,trrust_dorothea_intersection,formal_abs,mutual_information,4,186,186,0.5,0.596037114117239,0.5854570966672806,1.368421052631579,0.0007638905663043,0.0004262229776941,0.0003376675886102,0.192074228234478
adult_celltype__fibroblast,ZJU_HCL_adult_celltype,Fibroblast,trrust_dorothea_intersection,formal_abs,coexpression_probability,4,186,186,0.5,0.5193664007399699,0.5233640197361393,1.1578947368421053,0.0232763951644301,0.0214221496134996,0.0018542455509305,0.0387328014799399
adult_celltype__fibroblast,ZJU_HCL_adult_celltype,Fibroblast,trrust_dorothea_intersection,formal_abs,codetection_odds_ratio,4,186,186,0.5,0.6268210197710717,0.5961382100004866,1.263157894736842,1.353862702846527,1.2539485692977903,0.0999141335487365,0.2536420395421437
adult_celltype__fibroblast,ZJU_HCL_adult_celltype,Fibroblast,trrust_dorothea_intersection,formal_abs,pearson,5,186,186,0.5,0.6320672910163025,0.6118611602792753,1.368421052631579,0.042053647339344,0.0264491001144051,0.0156045472249388,0.2641345820326048
adult_celltype__fibroblast,ZJU_HCL_adult_celltype,Fibroblast,trrust_dorothea_intersection,formal_abs,spearman,5,186,186,0.5,0.6235113885998381,0.6091220474003973,1.368421052631579,0.0381412152200937,0.0269076582044363,0.0112335570156574,0.2470227771996762
adult_celltype__fibroblast,ZJU_HCL_adult_celltype,Fibroblast,trrust_dorothea_intersection,formal_abs,mutual_information,5,186,186,0.5,0.6145508151231356,0.6014162342744991,1.368421052631579,0.0007638905663043,0.0003852769732475,0.0003786135930567,0.2291016302462711
adult_celltype__fibroblast,ZJU_HCL_adult_celltype,Fibroblast,trrust_dorothea_intersection,formal_abs,coexpression_probability,5,186,186,0.5,0.5223580760781594,0.5265220261928392,1.263157894736842,0.0232763951644301,0.0213378658518195,0.0019385293126106,0.0447161521563186
adult_celltype__fibroblast,ZJU_HCL_adult_celltype,Fibroblast,trrust_dorothea_intersection,formal_abs,codetection_odds_ratio,5,186,186,0.5,0.6456237715342814,0.6179140841711042,1.368421052631579,1.353862702846527,1.2240771651268003,0.1297855377197265,0.2912475430685628
adult_celltype__fibroblast,ZJU_HCL_adult_celltype,Fibroblast,trrust_dorothea_intersection,formal_abs,pearson,6,186,186,0.5,0.586686322118164,0.5834837972826642,1.368421052631579,0.042053647339344,0.0322168469429016,0.0098368003964424,0.1733726442363279
adult_celltype__fibroblast,ZJU_HCL_adult_celltype,Fibroblast,trrust_dorothea_intersection,formal_abs,spearman,6,186,186,0.5,0.5843450109839288,0.5816519752373684,1.368421052631579,0.0381412152200937,0.0292249489575624,0.0089162662625312,0.1686900219678575
adult_celltype__fibroblast,ZJU_HCL_adult_celltype,Fibroblast,trrust_dorothea_intersection,formal_abs,mutual_information,6,186,186,0.5,0.5786507110648629,0.5804904123581087,1.368421052631579,0.0007638905663043,0.0004947234410792,0.000269167125225,0.1573014221297259
adult_celltype__fibroblast,ZJU_HCL_adult_celltype,Fibroblast,trrust_dorothea_intersection,formal_abs,coexpression_probability,6,186,186,0.5,0.5148861140016187,0.5225340334788313,1.263157894736842,0.0232763951644301,0.0230937795713543,0.0001826155930757,0.0297722280032373
adult_celltype__fibroblast,ZJU_HCL_adult_celltype,Fibroblast,trrust_dorothea_intersection,formal_abs,codetection_odds_ratio,6,186,186,0.5,0.609058850734189,0.5782503041361235,1.0526315789473684,1.353862702846527,1.2573885321617126,0.0964741706848144,0.2181177014683779
adult_celltype__fibroblast,ZJU_HCL_adult_celltype,Fibroblast,trrust_dorothea_intersection,formal_abs,pearson,7,186,186,0.5,0.6155046826222684,0.6020401754289465,1.368421052631579,0.042053647339344,0.0293600540608167,0.0126935932785272,0.2310093652445368
adult_celltype__fibroblast,ZJU_HCL_adult_celltype,Fibroblast,trrust_dorothea_intersection,formal_abs,spearman,7,186,186,0.5,0.6147820557289859,0.5980014752226451,1.368421052631579,0.0381412152200937,0.0285351406782865,0.0096060745418071,0.229564111457972
adult_celltype__fibroblast,ZJU_HCL_adult_celltype,Fibroblast,trrust_dorothea_intersection,formal_abs,mutual_information,7,186,186,0.5,0.6078159324777431,0.5974397912912234,1.263157894736842,0.0007638905663043,0.0004583390546031,0.0003055515117011,0.2156318649554862
adult_celltype__fibroblast,ZJU_HCL_adult_celltype,Fibroblast,trrust_dorothea_intersection,formal_abs,coexpression_probability,7,186,186,0.5,0.5178633368019424,0.5273702628677803,1.263157894736842,0.0232763951644301,0.0216328594833612,0.0016435356810688,0.0357266736038848
adult_celltype__fibroblast,ZJU_HCL_adult_celltype,Fibroblast,trrust_dorothea_intersection,formal_abs,codetection_odds_ratio,7,186,186,0.5,0.6320094808648399,0.5896819365175054,1.0526315789473684,1.353862702846527,1.241832673549652,0.112030029296875,0.2640189617296797
adult_celltype__fibroblast,ZJU_HCL_adult_celltype,Fibroblast,trrust_dorothea_intersection,formal_abs,pearson,8,186,186,0.5,0.6265753266273557,0.606794556321813,1.368421052631579,0.042053647339344,0.0266141006723046,0.0154395466670393,0.2531506532547114
adult_celltype__fibroblast,ZJU_HCL_adult_celltype,Fibroblast,trrust_dorothea_intersection,formal_abs,spearman,8,186,186,0.5,0.6259972251127297,0.603678235129645,1.368421052631579,0.0381412152200937,0.0257650827988982,0.0123761324211955,0.2519944502254596
adult_celltype__fibroblast,ZJU_HCL_adult_celltype,Fibroblast,trrust_dorothea_intersection,formal_abs,mutual_information,8,186,186,0.5,0.6148109608047173,0.5981500535342835,1.368421052631579,0.0007638905663043,0.0003680539084598,0.0003958366578444,0.2296219216094346
adult_celltype__fibroblast,ZJU_HCL_adult_celltype,Fibroblast,trrust_dorothea_intersection,formal_abs,coexpression_probability,8,186,186,0.5,0.5198577870274019,0.5250765116217357,1.263157894736842,0.0232763951644301,0.0226302184164524,0.0006461767479777,0.039715574054804
adult_celltype__fibroblast,ZJU_HCL_adult_celltype,Fibroblast,trrust_dorothea_intersection,formal_abs,codetection_odds_ratio,8,186,186,0.5,0.6455081512313563,0.6114233595877325,1.0526315789473684,1.353862702846527,1.2244002223014832,0.1294624805450439,0.2910163024627124
adult_celltype__fibroblast,ZJU_HCL_adult_celltype,Fibroblast,trrust_dorothea_intersection,formal_abs,pearson,9,186,186,0.5,0.6228465718580183,0.6034076460166683,1.368421052631579,0.042053647339344,0.0262732440605759,0.015780403278768,0.2456931437160365
adult_celltype__fibroblast,ZJU_HCL_adult_celltype,Fibroblast,trrust_dorothea_intersection,formal_abs,spearman,9,186,186,0.5,0.6073534512660423,0.5920015143853918,1.368421052631579,0.0381412152200937,0.0271409098058938,0.0110003054141998,0.2147069025320847
adult_celltype__fibroblast,ZJU_HCL_adult_celltype,Fibroblast,trrust_dorothea_intersection,formal_abs,mutual_information,9,186,186,0.5,0.601890391952827,0.5904532568394519,1.368421052631579,0.0007638905663043,0.0003917643043678,0.0003721262619365,0.2037807839056538
adult_celltype__fibroblast,ZJU_HCL_adult_celltype,Fibroblast,trrust_dorothea_intersection,formal_abs,coexpression_probability,9,186,186,0.5,0.5176176436582264,0.5240891732277158,1.1578947368421053,0.0232763951644301,0.0218576164916157,0.0014187786728143,0.0352352873164527
adult_celltype__fibroblast,ZJU_HCL_adult_celltype,Fibroblast,trrust_dorothea_intersection,formal_abs,codetection_odds_ratio,9,186,186,0.5,0.6211700774656029,0.5842090039658482,1.1578947368421053,1.353862702846527,1.2611414194107056,0.0927212834358215,0.2423401549312058
adult_celltype__fibroblast,ZJU_HCL_adult_celltype,Fibroblast,trrust_dorothea_union,formal_abs,pearson,0,713,713,0.5,0.5821735786407118,0.5788585007457787,1.4166666666666667,0.0349484086036682,0.0262082386761903,0.0087401699274778,0.1643471572814234
adult_celltype__fibroblast,ZJU_HCL_adult_celltype,Fibroblast,trrust_dorothea_union,formal_abs,spearman,0,713,713,0.5,0.5838849339751243,0.576843468860626,1.3055555555555556,0.03182203322649,0.0236536525189876,0.0081683807075023,0.1677698679502488
adult_celltype__fibroblast,ZJU_HCL_adult_celltype,Fibroblast,trrust_dorothea_union,formal_abs,mutual_information,0,713,713,0.5,0.5815126414081111,0.5743758947201534,1.2777777777777777,0.0005973871448077,0.0003725704154931,0.0002248167293146,0.1630252828162219
adult_celltype__fibroblast,ZJU_HCL_adult_celltype,Fibroblast,trrust_dorothea_union,formal_abs,coexpression_probability,0,713,713,0.5,0.5189183447456474,0.5162649483006978,1.0,0.0255380123853683,0.0238242391496896,0.0017137732356786,0.0378366894912947
adult_celltype__fibroblast,ZJU_HCL_adult_celltype,Fibroblast,trrust_dorothea_union,formal_abs,codetection_odds_ratio,0,713,713,0.5,0.6001251059761707,0.591777937988743,1.3333333333333333,1.2925602197647097,1.197983980178833,0.0945762395858764,0.2002502119523417
adult_celltype__fibroblast,ZJU_HCL_adult_celltype,Fibroblast,trrust_dorothea_union,formal_abs,pearson,1,713,713,0.5,0.5877020432009032,0.5859882932178035,1.3333333333333333,0.0349484086036682,0.0257807616144418,0.0091676469892263,0.1754040864018065
adult_celltype__fibroblast,ZJU_HCL_adult_celltype,Fibroblast,trrust_dorothea_union,formal_abs,spearman,1,713,713,0.5,0.5917404483750976,0.5875784504077598,1.3055555555555556,0.03182203322649,0.0230854786932468,0.0087365545332431,0.1834808967501953
adult_celltype__fibroblast,ZJU_HCL_adult_celltype,Fibroblast,trrust_dorothea_union,formal_abs,mutual_information,1,713,713,0.5,0.5869073448617048,0.5819768849392514,1.2777777777777777,0.0005973871448077,0.0003565552469808,0.0002408318978268,0.1738146897234096
adult_celltype__fibroblast,ZJU_HCL_adult_celltype,Fibroblast,trrust_dorothea_union,formal_abs,coexpression_probability,1,713,713,0.5,0.5179269388967462,0.5162094684999521,1.0555555555555556,0.0255380123853683,0.0241613760590553,0.001376636326313,0.0358538777934924
adult_celltype__fibroblast,ZJU_HCL_adult_celltype,Fibroblast,trrust_dorothea_union,formal_abs,codetection_odds_ratio,1,713,713,0.5,0.5974410320062788,0.5930068724318137,1.3055555555555556,1.2925602197647097,1.2009906768798828,0.0915695428848266,0.1948820640125577
adult_celltype__fibroblast,ZJU_HCL_adult_celltype,Fibroblast,trrust_dorothea_union,formal_abs,pearson,2,713,713,0.5,0.5858343053962771,0.5850614616818426,1.4722222222222223,0.0349484086036682,0.0257072001695632,0.0092412084341049,0.1716686107925542
adult_celltype__fibroblast,ZJU_HCL_adult_celltype,Fibroblast,trrust_dorothea_union,formal_abs,spearman,2,713,713,0.5,0.5828050097468571,0.5816032197777609,1.3333333333333333,0.03182203322649,0.0241724643856287,0.0076495688408613,0.1656100194937142
adult_celltype__fibroblast,ZJU_HCL_adult_celltype,Fibroblast,trrust_dorothea_union,formal_abs,mutual_information,2,713,713,0.5,0.5805173014090159,0.5782131845822233,1.3333333333333333,0.0005973871448077,0.0003639891801867,0.0002333979646209,0.1610346028180318
adult_celltype__fibroblast,ZJU_HCL_adult_celltype,Fibroblast,trrust_dorothea_union,formal_abs,coexpression_probability,2,713,713,0.5,0.5176702355965844,0.5167591523667768,1.0555555555555556,0.0255380123853683,0.0238242391496896,0.0017137732356786,0.0353404711931686
adult_celltype__fibroblast,ZJU_HCL_adult_celltype,Fibroblast,trrust_dorothea_union,formal_abs,codetection_odds_ratio,2,713,713,0.5,0.5976741304052765,0.5924980962668847,1.2777777777777777,1.2925602197647097,1.20149564743042,0.0910645723342895,0.195348260810553
adult_celltype__fibroblast,ZJU_HCL_adult_celltype,Fibroblast,trrust_dorothea_union,formal_abs,pearson,3,713,713,0.5,0.5653531194860426,0.5668362548557108,1.2777777777777777,0.0349484086036682,0.028173491358757,0.0067749172449111,0.1307062389720852
adult_celltype__fibroblast,ZJU_HCL_adult_celltype,Fibroblast,trrust_dorothea_union,formal_abs,spearman,3,713,713,0.5,0.570158683948077,0.5668305962966671,1.25,0.03182203322649,0.0250843651592731,0.0067376680672168,0.1403173678961542
adult_celltype__fibroblast,ZJU_HCL_adult_celltype,Fibroblast,trrust_dorothea_union,formal_abs,mutual_information,3,713,713,0.5,0.5661301141493679,0.5644894394566456,1.2222222222222223,0.0005973871448077,0.0003852637892123,0.0002121233555953,0.1322602282987357
adult_celltype__fibroblast,ZJU_HCL_adult_celltype,Fibroblast,trrust_dorothea_union,formal_abs,coexpression_probability,3,713,713,0.5,0.5156893909738792,0.5142472194010148,1.0277777777777777,0.0255380123853683,0.023992808535695,0.0015452038496732,0.0313787819477584
adult_celltype__fibroblast,ZJU_HCL_adult_celltype,Fibroblast,trrust_dorothea_union,formal_abs,codetection_odds_ratio,3,713,713,0.5,0.5777102852455598,0.5739943918291605,1.2777777777777777,1.2925602197647097,1.2200886011123655,0.0724716186523437,0.1554205704911195
adult_celltype__fibroblast,ZJU_HCL_adult_celltype,Fibroblast,trrust_dorothea_union,formal_abs,pearson,4,713,713,0.5,0.5825335533834675,0.5815553865467393,1.3611111111111112,0.0349484086036682,0.0264652762562036,0.0084831323474645,0.1650671067669351
adult_celltype__fibroblast,ZJU_HCL_adult_celltype,Fibroblast,trrust_dorothea_union,formal_abs,spearman,4,713,713,0.5,0.5834875848055251,0.5822493502457411,1.3333333333333333,0.03182203322649,0.0237183757126331,0.0081036575138568,0.1669751696110502
adult_celltype__fibroblast,ZJU_HCL_adult_celltype,Fibroblast,trrust_dorothea_union,formal_abs,mutual_information,4,713,713,0.5,0.5778755195537101,0.5758654029350877,1.2777777777777777,0.0005973871448077,0.0003807594184763,0.0002166277263313,0.1557510391074199
adult_celltype__fibroblast,ZJU_HCL_adult_celltype,Fibroblast,trrust_dorothea_union,formal_abs,coexpression_probability,4,713,713,0.5,0.5172345284625932,0.5156441041121125,1.0833333333333333,0.0255380123853683,0.0238523352891206,0.0016856770962476,0.0344690569251862
adult_celltype__fibroblast,ZJU_HCL_adult_celltype,Fibroblast,trrust_dorothea_union,formal_abs,codetection_odds_ratio,4,713,713,0.5,0.5914089962212488,0.5919017197802259,1.3888888888888888,1.2925602197647097,1.2132465839385986,0.0793136358261108,0.1828179924424975
adult_celltype__fibroblast,ZJU_HCL_adult_celltype,Fibroblast,trrust_dorothea_union,formal_abs,pearson,5,713,713,0.5,0.582873857375253,0.5791545445935761,1.3055555555555556,0.0349484086036682,0.026172773912549,0.0087756346911191,0.1657477147505059
adult_celltype__fibroblast,ZJU_HCL_adult_celltype,Fibroblast,trrust_dorothea_union,formal_abs,spearman,5,713,713,0.5,0.5798524300262211,0.5760081586063,1.3055555555555556,0.03182203322649,0.0231165550649166,0.0087054781615734,0.1597048600524422
adult_celltype__fibroblast,ZJU_HCL_adult_celltype,Fibroblast,trrust_dorothea_union,formal_abs,mutual_information,5,713,713,0.5,0.5773975203051327,0.5724232273104527,1.2777777777777777,0.0005973871448077,0.0003601874050218,0.0002371997397858,0.1547950406102654
adult_celltype__fibroblast,ZJU_HCL_adult_celltype,Fibroblast,trrust_dorothea_union,formal_abs,coexpression_probability,5,713,713,0.5,0.5186459048447092,0.517058048684331,1.0555555555555556,0.0255380123853683,0.0236837677657604,0.0018542446196079,0.0372918096894185
adult_celltype__fibroblast,ZJU_HCL_adult_celltype,Fibroblast,trrust_dorothea_union,formal_abs,codetection_odds_ratio,5,713,713,0.5,0.5963109473630375,0.5913440874230717,1.3333333333333333,1.2925602197647097,1.2045347690582275,0.0880254507064819,0.1926218947260749
adult_celltype__fibroblast,ZJU_HCL_adult_celltype,Fibroblast,trrust_dorothea_union,formal_abs,pearson,6,713,713,0.5,0.5608563858142412,0.5684190143685844,1.3055555555555556,0.0349484086036682,0.0295354910194873,0.0054129175841808,0.1217127716284824
adult_celltype__fibroblast,ZJU_HCL_adult_celltype,Fibroblast,trrust_dorothea_union,formal_abs,spearman,6,713,713,0.5,0.5641630390523419,0.5672681738477088,1.2777777777777777,0.03182203322649,0.0254869852215051,0.0063350480049848,0.1283260781046837
adult_celltype__fibroblast,ZJU_HCL_adult_celltype,Fibroblast,trrust_dorothea_union,formal_abs,mutual_information,6,713,713,0.5,0.5640489486967144,0.5663520556771275,1.2777777777777777,0.0005973871448077,0.0003934385895263,0.0002039485552813,0.1280978973934288
adult_celltype__fibroblast,ZJU_HCL_adult_celltype,Fibroblast,trrust_dorothea_union,formal_abs,coexpression_probability,6,713,713,0.5,0.5159696991752054,0.5148604252411385,1.0833333333333333,0.0255380123853683,0.0238804295659065,0.0016575828194618,0.0319393983504108
adult_celltype__fibroblast,ZJU_HCL_adult_celltype,Fibroblast,trrust_dorothea_union,formal_abs,codetection_odds_ratio,6,713,713,0.5,0.5785974361143186,0.5793038896278275,1.3055555555555556,1.2925602197647097,1.2271480560302734,0.065412163734436,0.1571948722286371
adult_celltype__fibroblast,ZJU_HCL_adult_celltype,Fibroblast,trrust_dorothea_union,formal_abs,pearson,7,713,713,0.5,0.5701301613591702,0.5743591208957847,1.3888888888888888,0.0349484086036682,0.0276129320263862,0.0073354765772819,0.1402603227183403
adult_celltype__fibroblast,ZJU_HCL_adult_celltype,Fibroblast,trrust_dorothea_union,formal_abs,spearman,7,713,713,0.5,0.5742334800115665,0.574570945319024,1.3055555555555556,0.03182203322649,0.02442067861557,0.0074013546109199,0.1484669600231327
adult_celltype__fibroblast,ZJU_HCL_adult_celltype,Fibroblast,trrust_dorothea_union,formal_abs,mutual_information,7,713,713,0.5,0.570641600884397,0.5697730155433746,1.2777777777777777,0.0005973871448077,0.0003804639272857,0.0002169232175219,0.1412832017687939
adult_celltype__fibroblast,ZJU_HCL_adult_celltype,Fibroblast,trrust_dorothea_union,formal_abs,coexpression_probability,7,713,713,0.5,0.5168017719412473,0.5151830827098871,1.0277777777777777,0.0255380123853683,0.0243299435824155,0.0012080688029527,0.0336035438824948
adult_celltype__fibroblast,ZJU_HCL_adult_celltype,Fibroblast,trrust_dorothea_union,formal_abs,codetection_odds_ratio,7,713,713,0.5,0.5831207252999296,0.5824584382377863,1.3333333333333333,1.2925602197647097,1.221197247505188,0.0713629722595214,0.1662414505998595
adult_celltype__fibroblast,ZJU_HCL_adult_celltype,Fibroblast,trrust_dorothea_union,formal_abs,pearson,8,713,713,0.5,0.5677952432190003,0.5741272955971348,1.3333333333333333,0.0349484086036682,0.028896739706397,0.0060516688972711,0.1355904864380006
adult_celltype__fibroblast,ZJU_HCL_adult_celltype,Fibroblast,trrust_dorothea_union,formal_abs,spearman,8,713,713,0.5,0.5668274422712636,0.5710601294509534,1.2777777777777777,0.03182203322649,0.0264843478798866,0.0053376853466033,0.1336548845425271
adult_celltype__fibroblast,ZJU_HCL_adult_celltype,Fibroblast,trrust_dorothea_union,formal_abs,mutual_information,8,713,713,0.5,0.5595551656375586,0.564759281826003,1.2777777777777777,0.0005973871448077,0.0004046178073622,0.0001927693374454,0.1191103312751171
adult_celltype__fibroblast,ZJU_HCL_adult_celltype,Fibroblast,trrust_dorothea_union,formal_abs,coexpression_probability,8,713,713,0.5,0.5153933461717768,0.5146007187682508,1.0833333333333333,0.0255380123853683,0.0240770913660526,0.0014609210193157,0.0307866923435535
adult_celltype__fibroblast,ZJU_HCL_adult_celltype,Fibroblast,trrust_dorothea_union,formal_abs,codetection_odds_ratio,8,713,713,0.5,0.5761966209583984,0.5760073052210855,1.3055555555555556,1.2925602197647097,1.228124737739563,0.0644354820251464,0.1523932419167966
adult_celltype__fibroblast,ZJU_HCL_adult_celltype,Fibroblast,trrust_dorothea_union,formal_abs,pearson,9,713,713,0.5,0.5703967000348172,0.5746951676770105,1.3611111111111112,0.0349484086036682,0.0279193110764026,0.0070290975272655,0.1407934000696344
adult_celltype__fibroblast,ZJU_HCL_adult_celltype,Fibroblast,trrust_dorothea_union,formal_abs,spearman,9,713,713,0.5,0.5693718539092667,0.5698596377691809,1.25,0.03182203322649,0.0252188872545957,0.0066031459718942,0.1387437078185334
adult_celltype__fibroblast,ZJU_HCL_adult_celltype,Fibroblast,trrust_dorothea_union,formal_abs,mutual_information,9,713,713,0.5,0.5639427266414749,0.5654538901173433,1.2222222222222223,0.0005973871448077,0.0003906663041561,0.0002067208406515,0.1278854532829501
adult_celltype__fibroblast,ZJU_HCL_adult_celltype,Fibroblast,trrust_dorothea_union,formal_abs,coexpression_probability,9,713,713,0.5,0.5167476773760792,0.5156032789669286,1.0555555555555556,0.0255380123853683,0.0233747269958257,0.0021632853895425,0.0334953547521583
adult_celltype__fibroblast,ZJU_HCL_adult_celltype,Fibroblast,trrust_dorothea_union,formal_abs,codetection_odds_ratio,9,713,713,0.5,0.5798032531487955,0.5778650547558554,1.3333333333333333,1.2925602197647097,1.22364342212677,0.0689167976379394,0.1596065062975908
adult_celltype__loop_of_henle,ZJU_HCL_adult_celltype,Loop of Henle,trrust,formal_abs,pearson,0,302,302,0.5,0.5516205429586422,0.5509615372503383,1.1612903225806452,0.0477971080690622,0.0383691545575857,0.0094279535114765,0.1032410859172843
adult_celltype__loop_of_henle,ZJU_HCL_adult_celltype,Loop of Henle,trrust,formal_abs,spearman,0,302,302,0.5,0.5634730932853821,0.5551874717178471,1.1612903225806452,0.0419781375676393,0.0356666520237922,0.006311485543847,0.1269461865707644
adult_celltype__loop_of_henle,ZJU_HCL_adult_celltype,Loop of Henle,trrust,formal_abs,mutual_information,0,302,302,0.5,0.5538846980395598,0.5484498983364757,1.1612903225806452,0.0010250498307868,0.0006982611957937,0.0003267886349931,0.1077693960791192
adult_celltype__loop_of_henle,ZJU_HCL_adult_celltype,Loop of Henle,trrust,formal_abs,coexpression_probability,0,302,302,0.5,0.5141879742116574,0.5201336799477576,1.032258064516129,0.0226107221096754,0.0223193475976586,0.0002913745120167,0.0283759484233148
adult_celltype__loop_of_henle,ZJU_HCL_adult_celltype,Loop of Henle,trrust,formal_abs,codetection_odds_ratio,0,302,302,0.5,0.5729079864918205,0.5711980702422651,1.3548387096774193,1.4316558837890625,1.3300812244415283,0.1015746593475341,0.145815972983641
adult_celltype__loop_of_henle,ZJU_HCL_adult_celltype,Loop of Henle,trrust,formal_abs,pearson,1,302,302,0.5,0.5371146002368317,0.5459099083074246,1.1612903225806452,0.0477971080690622,0.0419846996665,0.0058124084025621,0.0742292004736633
adult_celltype__loop_of_henle,ZJU_HCL_adult_celltype,Loop of Henle,trrust,formal_abs,spearman,1,302,302,0.5,0.5590544274373931,0.5493048777556289,1.1612903225806452,0.0419781375676393,0.0352662540972232,0.006711883470416,0.1181088548747861
adult_celltype__loop_of_henle,ZJU_HCL_adult_celltype,Loop of Henle,trrust,formal_abs,mutual_information,1,302,302,0.5,0.548243498092189,0.5425589382626506,1.2258064516129032,0.0010250498307868,0.0007893334841355,0.0002357163466513,0.0964869961843779
adult_celltype__loop_of_henle,ZJU_HCL_adult_celltype,Loop of Henle,trrust,formal_abs,coexpression_probability,1,302,302,0.5,0.5157339590368843,0.5188352457195655,1.096774193548387,0.0226107221096754,0.0217365967109799,0.0008741253986954,0.0314679180737687
adult_celltype__loop_of_henle,ZJU_HCL_adult_celltype,Loop of Henle,trrust,formal_abs,codetection_odds_ratio,1,302,302,0.5,0.5797881671856497,0.5748407646568526,1.3548387096774193,1.4316558837890625,1.3226078152656555,0.1090480685234069,0.1595763343712994
adult_celltype__loop_of_henle,ZJU_HCL_adult_celltype,Loop of Henle,trrust,formal_abs,pearson,2,302,302,0.5,0.5493837989561862,0.5490781353872732,1.1612903225806452,0.0477971080690622,0.0407105665653944,0.0070865415036678,0.0987675979123723
adult_celltype__loop_of_henle,ZJU_HCL_adult_celltype,Loop of Henle,trrust,formal_abs,spearman,2,302,302,0.5,0.5650300425419937,0.5519691490607628,1.2258064516129032,0.0419781375676393,0.0340937227010726,0.0078844148665666,0.1300600850839874
adult_celltype__loop_of_henle,ZJU_HCL_adult_celltype,Loop of Henle,trrust,formal_abs,mutual_information,2,302,302,0.5,0.5546138327266348,0.5469498470273882,1.2258064516129032,0.0010250498307868,0.000710932421498,0.0003141174092888,0.1092276654532695
adult_celltype__loop_of_henle,ZJU_HCL_adult_celltype,Loop of Henle,trrust,formal_abs,coexpression_probability,2,302,302,0.5,0.5128229025042761,0.5205162841041724,1.032258064516129,0.0226107221096754,0.0222027972340583,0.000407924875617,0.0256458050085521
adult_celltype__loop_of_henle,ZJU_HCL_adult_celltype,Loop of Henle,trrust,formal_abs,codetection_odds_ratio,2,302,302,0.5,0.577891320556116,0.562021020505055,1.1612903225806452,1.4316558837890625,1.3105730414390564,0.1210828423500061,0.1557826411122318
adult_celltype__loop_of_henle,ZJU_HCL_adult_celltype,Loop of Henle,trrust,formal_abs,pearson,3,302,302,0.5,0.5555348449629403,0.5577124429970037,1.2258064516129032,0.0477971080690622,0.0402328185737133,0.0075642894953489,0.1110696899258805
adult_celltype__loop_of_henle,ZJU_HCL_adult_celltype,Loop of Henle,trrust,formal_abs,spearman,3,302,302,0.5,0.5653809043463006,0.5568191232507407,1.1612903225806452,0.0419781375676393,0.0360035616904497,0.0059745758771896,0.1307618086926012
adult_celltype__loop_of_henle,ZJU_HCL_adult_celltype,Loop of Henle,trrust,formal_abs,mutual_information,3,302,302,0.5,0.5571575808078593,0.5534767984352705,1.2258064516129032,0.0010250498307868,0.0007005934021435,0.0003244564286433,0.1143151616157185
adult_celltype__loop_of_henle,ZJU_HCL_adult_celltype,Loop of Henle,trrust,formal_abs,coexpression_probability,3,302,302,0.5,0.5133108197008903,0.5202063695144359,1.032258064516129,0.0226107221096754,0.0212121214717626,0.0013986006379127,0.0266216394017806
adult_celltype__loop_of_henle,ZJU_HCL_adult_celltype,Loop of Henle,trrust,formal_abs,codetection_odds_ratio,3,302,302,0.5,0.571630630235516,0.5687831988440906,1.2903225806451613,1.4316558837890625,1.3226078152656555,0.1090480685234069,0.1432612604710319
adult_celltype__loop_of_henle,ZJU_HCL_adult_celltype,Loop of Henle,trrust,formal_abs,pearson,4,302,302,0.5,0.5451076707161967,0.5475845173191669,1.2258064516129032,0.0477971080690622,0.0419696699827909,0.0058274380862712,0.0902153414323934
adult_celltype__loop_of_henle,ZJU_HCL_adult_celltype,Loop of Henle,trrust,formal_abs,spearman,4,302,302,0.5,0.5605126968115434,0.5542623606187949,1.2258064516129032,0.0419781375676393,0.0356608461588621,0.0063172914087772,0.1210253936230867
adult_celltype__loop_of_henle,ZJU_HCL_adult_celltype,Loop of Henle,trrust,formal_abs,mutual_information,4,302,302,0.5,0.5534790140783299,0.5484619997277933,1.3548387096774193,0.0010250498307868,0.0006863945163786,0.0003386553144082,0.1069580281566597
adult_celltype__loop_of_henle,ZJU_HCL_adult_celltype,Loop of Henle,trrust,formal_abs,coexpression_probability,4,302,302,0.5,0.5124227007587385,0.5173476315805778,1.096774193548387,0.0226107221096754,0.0224941726773977,0.0001165494322776,0.0248454015174772
adult_celltype__loop_of_henle,ZJU_HCL_adult_celltype,Loop of Henle,trrust,formal_abs,codetection_odds_ratio,4,302,302,0.5,0.5721733695890532,0.5701539863106534,1.1612903225806452,1.4316558837890625,1.3228358626365662,0.1088200211524963,0.1443467391781061
adult_celltype__loop_of_henle,ZJU_HCL_adult_celltype,Loop of Henle,trrust,formal_abs,pearson,5,302,302,0.5,0.5517740449980264,0.5666930434823118,1.3548387096774193,0.0477971080690622,0.0403171721845865,0.0074799358844757,0.1035480899960528
adult_celltype__loop_of_henle,ZJU_HCL_adult_celltype,Loop of Henle,trrust,formal_abs,spearman,5,302,302,0.5,0.5645585719924564,0.5713306603205794,1.4193548387096775,0.0419781375676393,0.0369751080870628,0.0050030294805765,0.129117143984913
adult_celltype__loop_of_henle,ZJU_HCL_adult_celltype,Loop of Henle,trrust,formal_abs,mutual_information,5,302,302,0.5,0.5523113021358712,0.5604030625662743,1.4193548387096775,0.0010250498307868,0.000736913178116,0.0002881366526708,0.1046226042717424
adult_celltype__loop_of_henle,ZJU_HCL_adult_celltype,Loop of Henle,trrust,formal_abs,coexpression_probability,5,302,302,0.5,0.5146594447611946,0.5241249138393225,1.096774193548387,0.0226107221096754,0.021503496915102,0.0011072251945734,0.0293188895223894
adult_celltype__loop_of_henle,ZJU_HCL_adult_celltype,Loop of Henle,trrust,formal_abs,codetection_odds_ratio,5,302,302,0.5,0.5858734266040962,0.5953243600841533,1.4838709677419355,1.4316558837890625,1.3350144028663635,0.0966414809226989,0.1717468532081927
adult_celltype__loop_of_henle,ZJU_HCL_adult_celltype,Loop of Henle,trrust,formal_abs,pearson,6,302,302,0.5,0.5576400157887812,0.5606903461459967,1.3548387096774193,0.0477971080690622,0.0398890972137451,0.0079080108553171,0.1152800315775623
adult_celltype__loop_of_henle,ZJU_HCL_adult_celltype,Loop of Henle,trrust,formal_abs,spearman,6,302,302,0.5,0.571016622077979,0.5655984528809459,1.2903225806451613,0.0419781375676393,0.0333918500691652,0.0085862874984741,0.1420332441559579
adult_celltype__loop_of_henle,ZJU_HCL_adult_celltype,Loop of Henle,trrust,formal_abs,mutual_information,6,302,302,0.5,0.5566093592386299,0.5547352656602063,1.3548387096774193,0.0010250498307868,0.000654824427329,0.0003702254034578,0.1132187184772597
adult_celltype__loop_of_henle,ZJU_HCL_adult_celltype,Loop of Henle,trrust,formal_abs,coexpression_probability,6,302,302,0.5,0.5155091881935003,0.5205338005358529,1.096774193548387,0.0226107221096754,0.02237762324512,0.0002330988645553,0.0310183763870006
adult_celltype__loop_of_henle,ZJU_HCL_adult_celltype,Loop of Henle,trrust,formal_abs,codetection_odds_ratio,6,302,302,0.5,0.5876496644883996,0.5861582031795283,1.3548387096774193,1.4316558837890625,1.3164880275726318,0.1151678562164306,0.1752993289767992
adult_celltype__loop_of_henle,ZJU_HCL_adult_celltype,Loop of Henle,trrust,formal_abs,pearson,7,302,302,0.5,0.5348888206657603,0.550289649824289,1.2903225806451613,0.0477971080690622,0.0424004532396793,0.0053966548293828,0.0697776413315205
adult_celltype__loop_of_henle,ZJU_HCL_adult_celltype,Loop of Henle,trrust,formal_abs,spearman,7,302,302,0.5,0.5506995307223368,0.5557616982392866,1.2903225806451613,0.0419781375676393,0.0367495603859424,0.0052285771816968,0.1013990614446735
adult_celltype__loop_of_henle,ZJU_HCL_adult_celltype,Loop of Henle,trrust,formal_abs,mutual_information,7,302,302,0.5,0.5383426165519056,0.5482126464156425,1.3548387096774193,0.0010250498307868,0.0007438943721354,0.0002811554586514,0.0766852331038112
adult_celltype__loop_of_henle,ZJU_HCL_adult_celltype,Loop of Henle,trrust,formal_abs,coexpression_probability,7,302,302,0.5,0.5134917328187361,0.5192136066079728,1.096774193548387,0.0226107221096754,0.0210955711081624,0.001515151001513,0.0269834656374721
adult_celltype__loop_of_henle,ZJU_HCL_adult_celltype,Loop of Henle,trrust,formal_abs,codetection_odds_ratio,7,302,302,0.5,0.5654137976404543,0.5677969079456238,1.2258064516129032,1.4316558837890625,1.337779939174652,0.0938759446144104,0.1308275952809088
adult_celltype__loop_of_henle,ZJU_HCL_adult_celltype,Loop of Henle,trrust,formal_abs,pearson,8,302,302,0.5,0.5555458093943247,0.5526769721218605,1.2258064516129032,0.0477971080690622,0.0378562435507774,0.0099408645182847,0.1110916187886497
adult_celltype__loop_of_henle,ZJU_HCL_adult_celltype,Loop of Henle,trrust,formal_abs,spearman,8,302,302,0.5,0.553276172097715,0.5467653599879823,1.1612903225806452,0.0419781375676393,0.0361621398478746,0.0058159977197647,0.1065523441954299
adult_celltype__loop_of_henle,ZJU_HCL_adult_celltype,Loop of Henle,trrust,formal_abs,mutual_information,8,302,302,0.5,0.5484298934257269,0.5443426907930677,1.2258064516129032,0.0010250498307868,0.0007167170988395,0.0003083327319473,0.0968597868514538
adult_celltype__loop_of_henle,ZJU_HCL_adult_celltype,Loop of Henle,trrust,formal_abs,coexpression_probability,8,302,302,0.5,0.5169181176264199,0.520276281208715,1.032258064516129,0.0226107221096754,0.0206876453012228,0.0019230768084526,0.0338362352528398
adult_celltype__loop_of_henle,ZJU_HCL_adult_celltype,Loop of Henle,trrust,formal_abs,codetection_odds_ratio,8,302,302,0.5,0.5697776413315205,0.5661088962112784,1.2258064516129032,1.4316558837890625,1.3303151726722715,0.1013407111167907,0.139555282663041
adult_celltype__loop_of_henle,ZJU_HCL_adult_celltype,Loop of Henle,trrust,formal_abs,pearson,9,302,302,0.5,0.5585281347309328,0.5590305799048978,1.2903225806451613,0.0477971080690622,0.0388423651456832,0.0089547429233789,0.1170562694618657
adult_celltype__loop_of_henle,ZJU_HCL_adult_celltype,Loop of Henle,trrust,formal_abs,spearman,9,302,302,0.5,0.5726174290601289,0.564731230400034,1.2903225806451613,0.0419781375676393,0.0321769248694181,0.0098012126982212,0.1452348581202578
adult_celltype__loop_of_henle,ZJU_HCL_adult_celltype,Loop of Henle,trrust,formal_abs,mutual_information,9,302,302,0.5,0.5646462874435332,0.5584020997918107,1.3548387096774193,0.0010250498307868,0.00062036071904,0.0004046891117468,0.1292925748870663
adult_celltype__loop_of_henle,ZJU_HCL_adult_celltype,Loop of Henle,trrust,formal_abs,coexpression_probability,9,302,302,0.5,0.518913644138415,0.5218755312697136,1.096774193548387,0.0226107221096754,0.0212703961879014,0.0013403259217739,0.03782728827683
adult_celltype__loop_of_henle,ZJU_HCL_adult_celltype,Loop of Henle,trrust,formal_abs,codetection_odds_ratio,9,302,302,0.5,0.5916955396693128,0.586574315556059,1.3548387096774193,1.4316558837890625,1.3101097345352173,0.1215461492538452,0.1833910793386255
adult_celltype__loop_of_henle,ZJU_HCL_adult_celltype,Loop of Henle,dorothea_ab,formal_abs,pearson,0,591,591,0.5,0.5636421677674995,0.5619749358077168,1.2666666666666666,0.0461203083395957,0.0378322638571262,0.0082880444824695,0.127284335534999
adult_celltype__loop_of_henle,ZJU_HCL_adult_celltype,Loop of Henle,dorothea_ab,formal_abs,spearman,0,591,591,0.5,0.5732876967255591,0.5668752245457256,1.2666666666666666,0.0409633256494998,0.0320717394351959,0.0088915862143039,0.1465753934511182
adult_celltype__loop_of_henle,ZJU_HCL_adult_celltype,Loop of Henle,dorothea_ab,formal_abs,mutual_information,0,591,591,0.5,0.5708698726813082,0.5633928628701024,1.2333333333333334,0.0008924579015001,0.0005805900436826,0.0003118678578175,0.1417397453626163
adult_celltype__loop_of_henle,ZJU_HCL_adult_celltype,Loop of Henle,dorothea_ab,formal_abs,coexpression_probability,0,591,591,0.5,0.5156607430693338,0.5119168177789063,1.0333333333333334,0.0171328671276569,0.0165501162409782,0.0005827508866786,0.0313214861386677
adult_celltype__loop_of_henle,ZJU_HCL_adult_celltype,Loop of Henle,dorothea_ab,formal_abs,codetection_odds_ratio,0,591,591,0.5,0.5805225592001856,0.5722680244955114,1.2666666666666666,1.4396756887435913,1.343128323554993,0.0965473651885986,0.1610451184003709
adult_celltype__loop_of_henle,ZJU_HCL_adult_celltype,Loop of Henle,dorothea_ab,formal_abs,pearson,1,591,591,0.5,0.5771914303955841,0.5695552369188915,1.3,0.0461203083395957,0.0362311601638793,0.0098891481757164,0.1543828607911681
adult_celltype__loop_of_henle,ZJU_HCL_adult_celltype,Loop of Henle,dorothea_ab,formal_abs,spearman,1,591,591,0.5,0.5878275657708264,0.5737314817253502,1.2,0.0409633256494998,0.0309308916330337,0.0100324340164661,0.1756551315416528
adult_celltype__loop_of_henle,ZJU_HCL_adult_celltype,Loop of Henle,dorothea_ab,formal_abs,mutual_information,1,591,591,0.5,0.5824593951574807,0.5668277003708134,1.2,0.0008924579015001,0.000537634070497,0.0003548238310031,0.1649187903149613
adult_celltype__loop_of_henle,ZJU_HCL_adult_celltype,Loop of Henle,dorothea_ab,formal_abs,coexpression_probability,1,591,591,0.5,0.5208585637352161,0.5141645424882425,1.0,0.0171328671276569,0.0165501162409782,0.0005827508866786,0.0417171274704322
adult_celltype__loop_of_henle,ZJU_HCL_adult_celltype,Loop of Henle,dorothea_ab,formal_abs,codetection_odds_ratio,1,591,591,0.5,0.6032377942115374,0.5873729899350052,1.2333333333333334,1.4396756887435913,1.3072398900985718,0.1324357986450195,0.2064755884230749
adult_celltype__loop_of_henle,ZJU_HCL_adult_celltype,Loop of Henle,dorothea_ab,formal_abs,pearson,2,591,591,0.5,0.5686453027791376,0.5663326947086743,1.3666666666666667,0.0461203083395957,0.0363022461533546,0.0098180621862411,0.1372906055582754
adult_celltype__loop_of_henle,ZJU_HCL_adult_celltype,Loop of Henle,dorothea_ab,formal_abs,spearman,2,591,591,0.5,0.5851878573412238,0.5742123194441016,1.2,0.0409633256494998,0.0307615119963884,0.0102018136531114,0.1703757146824476
adult_celltype__loop_of_henle,ZJU_HCL_adult_celltype,Loop of Henle,dorothea_ab,formal_abs,mutual_information,2,591,591,0.5,0.5787675252876623,0.5670040143466666,1.2666666666666666,0.0008924579015001,0.0005448444280773,0.0003476134734228,0.1575350505753248
adult_celltype__loop_of_henle,ZJU_HCL_adult_celltype,Loop of Henle,dorothea_ab,formal_abs,coexpression_probability,2,591,591,0.5,0.5183018830110999,0.5132555996507691,1.0,0.0171328671276569,0.0165501162409782,0.0005827508866786,0.0366037660221998
adult_celltype__loop_of_henle,ZJU_HCL_adult_celltype,Loop of Henle,dorothea_ab,formal_abs,codetection_odds_ratio,2,591,591,0.5,0.5930311124853628,0.5845763400834078,1.4333333333333331,1.4396756887435913,1.3023048639297483,0.1373708248138427,0.1860622249707255
adult_celltype__loop_of_henle,ZJU_HCL_adult_celltype,Loop of Henle,dorothea_ab,formal_abs,pearson,3,591,591,0.5,0.5709758045814115,0.5649536434207051,1.3,0.0461203083395957,0.0362247042357921,0.0098956041038036,0.141951609162823
adult_celltype__loop_of_henle,ZJU_HCL_adult_celltype,Loop of Henle,dorothea_ab,formal_abs,spearman,3,591,591,0.5,0.5792699860570716,0.5715042401294219,1.2333333333333334,0.0409633256494998,0.030761731788516,0.0102015938609838,0.1585399721141429
adult_celltype__loop_of_henle,ZJU_HCL_adult_celltype,Loop of Henle,dorothea_ab,formal_abs,mutual_information,3,591,591,0.5,0.5741365834385495,0.5635917177658716,1.2666666666666666,0.0008924579015001,0.000564853195101,0.0003276047063991,0.1482731668770989
adult_celltype__loop_of_henle,ZJU_HCL_adult_celltype,Loop of Henle,dorothea_ab,formal_abs,coexpression_probability,3,591,591,0.5,0.520420521013167,0.514022239772982,0.9666666666666668,0.0171328671276569,0.0160839166492223,0.0010489504784345,0.040841042026334
adult_celltype__loop_of_henle,ZJU_HCL_adult_celltype,Loop of Henle,dorothea_ab,formal_abs,codetection_odds_ratio,3,591,591,0.5,0.5943094528474209,0.5875806450430143,1.4,1.4396756887435913,1.3154876232147217,0.1241880655288696,0.1886189056948417
adult_celltype__loop_of_henle,ZJU_HCL_adult_celltype,Loop of Henle,dorothea_ab,formal_abs,pearson,4,591,591,0.5,0.55130969047844,0.5484091971459275,1.2,0.0461203083395957,0.0380315370857715,0.0080887712538242,0.10261938095688
adult_celltype__loop_of_henle,ZJU_HCL_adult_celltype,Loop of Henle,dorothea_ab,formal_abs,spearman,4,591,591,0.5,0.556657819921496,0.5522528503133765,1.1666666666666667,0.0409633256494998,0.0332152433693409,0.0077480822801589,0.1133156398429917
adult_celltype__loop_of_henle,ZJU_HCL_adult_celltype,Loop of Henle,dorothea_ab,formal_abs,mutual_information,4,591,591,0.5,0.556793813577034,0.5488314165338803,1.2,0.0008924579015001,0.0005932988133281,0.000299159088172,0.1135876271540679
adult_celltype__loop_of_henle,ZJU_HCL_adult_celltype,Loop of Henle,dorothea_ab,formal_abs,coexpression_probability,4,591,591,0.5,0.5155376330232677,0.5104392474954127,0.9333333333333332,0.0171328671276569,0.0170163176953792,0.0001165494322776,0.0310752660465356
adult_celltype__loop_of_henle,ZJU_HCL_adult_celltype,Loop of Henle,dorothea_ab,formal_abs,codetection_odds_ratio,4,591,591,0.5,0.5735840197434159,0.5653944136892443,1.2,1.4396756887435913,1.3428229093551636,0.0968527793884277,0.1471680394868315
adult_celltype__loop_of_henle,ZJU_HCL_adult_celltype,Loop of Henle,dorothea_ab,formal_abs,pearson,5,591,591,0.5,0.5728195922480753,0.5634359199909956,1.2666666666666666,0.0461203083395957,0.0361815206706523,0.0099387876689434,0.1456391844961506
adult_celltype__loop_of_henle,ZJU_HCL_adult_celltype,Loop of Henle,dorothea_ab,formal_abs,spearman,5,591,591,0.5,0.5821816817977502,0.5644693457773811,1.2666666666666666,0.0409633256494998,0.0308494474738836,0.0101138781756162,0.1643633635955004
adult_celltype__loop_of_henle,ZJU_HCL_adult_celltype,Loop of Henle,dorothea_ab,formal_abs,mutual_information,5,591,591,0.5,0.5819669549732164,0.5621279353156021,1.2666666666666666,0.0008924579015001,0.0005206919158808,0.0003717659856192,0.1639339099464327
adult_celltype__loop_of_henle,ZJU_HCL_adult_celltype,Loop of Henle,dorothea_ab,formal_abs,coexpression_probability,5,591,591,0.5,0.5212794283113024,0.5126640886832768,0.9333333333333332,0.0171328671276569,0.0162004660815,0.0009324010461568,0.0425588566226047
adult_celltype__loop_of_henle,ZJU_HCL_adult_celltype,Loop of Henle,dorothea_ab,formal_abs,codetection_odds_ratio,5,591,591,0.5,0.592998187705601,0.5771613304946889,1.2666666666666666,1.4396756887435913,1.3042477369308472,0.1354279518127441,0.1859963754112019
adult_celltype__loop_of_henle,ZJU_HCL_adult_celltype,Loop of Henle,dorothea_ab,formal_abs,pearson,6,591,591,0.5,0.5809076359721829,0.5750898300056921,1.3666666666666667,0.0461203083395957,0.0350781679153442,0.0110421404242515,0.1618152719443657
adult_celltype__loop_of_henle,ZJU_HCL_adult_celltype,Loop of Henle,dorothea_ab,formal_abs,spearman,6,591,591,0.5,0.5955863616973154,0.5825826310004887,1.2,0.0409633256494998,0.028614405542612,0.0123489201068878,0.1911727233946307
adult_celltype__loop_of_henle,ZJU_HCL_adult_celltype,Loop of Henle,dorothea_ab,formal_abs,mutual_information,6,591,591,0.5,0.591894491827497,0.578197012942773,1.2333333333333334,0.0008924579015001,0.0004791112733073,0.0004133466281928,0.1837889836549942
adult_celltype__loop_of_henle,ZJU_HCL_adult_celltype,Loop of Henle,dorothea_ab,formal_abs,coexpression_probability,6,591,591,0.5,0.5263570019554457,0.5176066385764,0.9333333333333332,0.0171328671276569,0.0162004660815,0.0009324010461568,0.0527140039108913
adult_celltype__loop_of_henle,ZJU_HCL_adult_celltype,Loop of Henle,dorothea_ab,formal_abs,codetection_odds_ratio,6,591,591,0.5,0.6203529536390471,0.6009854716814003,1.2333333333333334,1.4396756887435913,1.2806673049926758,0.1590083837509155,0.2407059072780941
adult_celltype__loop_of_henle,ZJU_HCL_adult_celltype,Loop of Henle,dorothea_ab,formal_abs,pearson,7,591,591,0.5,0.5841543055591343,0.5777491842678946,1.3666666666666667,0.0461203083395957,0.0336822606623172,0.0124380476772785,0.1683086111182687
adult_celltype__loop_of_henle,ZJU_HCL_adult_celltype,Loop of Henle,dorothea_ab,formal_abs,spearman,7,591,591,0.5,0.5931642431165738,0.5842296210337843,1.2666666666666666,0.0409633256494998,0.0289589036256074,0.0120044220238924,0.1863284862331475
adult_celltype__loop_of_henle,ZJU_HCL_adult_celltype,Loop of Henle,dorothea_ab,formal_abs,mutual_information,7,591,591,0.5,0.5899275941147671,0.578675750646337,1.2333333333333334,0.0008924579015001,0.0004805004864465,0.0004119574150536,0.1798551882295342
adult_celltype__loop_of_henle,ZJU_HCL_adult_celltype,Loop of Henle,dorothea_ab,formal_abs,coexpression_probability,7,591,591,0.5,0.5189346113873929,0.5144887594610239,1.0,0.0171328671276569,0.0164335668087005,0.0006993003189563,0.0378692227747858
adult_celltype__loop_of_henle,ZJU_HCL_adult_celltype,Loop of Henle,dorothea_ab,formal_abs,codetection_odds_ratio,7,591,591,0.5,0.602219989063247,0.5941740357311205,1.4333333333333331,1.4396756887435913,1.3013782501220703,0.138297438621521,0.204439978126494
adult_celltype__loop_of_henle,ZJU_HCL_adult_celltype,Loop of Henle,dorothea_ab,formal_abs,pearson,8,591,591,0.5,0.5611928504556503,0.5577818253316771,1.3666666666666667,0.0461203083395957,0.0356572158634662,0.0104630924761295,0.1223857009113007
adult_celltype__loop_of_henle,ZJU_HCL_adult_celltype,Loop of Henle,dorothea_ab,formal_abs,spearman,8,591,591,0.5,0.5717745883686773,0.5632284776285875,1.2666666666666666,0.0409633256494998,0.030761731788516,0.0102015938609838,0.1435491767373546
adult_celltype__loop_of_henle,ZJU_HCL_adult_celltype,Loop of Henle,dorothea_ab,formal_abs,mutual_information,8,591,591,0.5,0.5688342623847276,0.5589991008497968,1.2333333333333334,0.0008924579015001,0.000537634070497,0.0003548238310031,0.1376685247694549
adult_celltype__loop_of_henle,ZJU_HCL_adult_celltype,Loop of Henle,dorothea_ab,formal_abs,coexpression_probability,8,591,591,0.5,0.5158339560411245,0.5115683327299816,0.9333333333333332,0.0171328671276569,0.0165501162409782,0.0005827508866786,0.0316679120822489
adult_celltype__loop_of_henle,ZJU_HCL_adult_celltype,Loop of Henle,dorothea_ab,formal_abs,codetection_odds_ratio,8,591,591,0.5,0.5797910564846069,0.5741394127431569,1.3666666666666667,1.4396756887435913,1.3209054470062256,0.1187702417373657,0.1595821129692138
adult_celltype__loop_of_henle,ZJU_HCL_adult_celltype,Loop of Henle,dorothea_ab,formal_abs,pearson,9,591,591,0.5,0.5610468362149673,0.5591170723403036,1.3,0.0461203083395957,0.0378322638571262,0.0082880444824695,0.1220936724299346
adult_celltype__loop_of_henle,ZJU_HCL_adult_celltype,Loop of Henle,dorothea_ab,formal_abs,spearman,9,591,591,0.5,0.5708956399002523,0.5636635950426656,1.2,0.0409633256494998,0.0327582955360412,0.0082050301134586,0.1417912798005045
adult_celltype__loop_of_henle,ZJU_HCL_adult_celltype,Loop of Henle,dorothea_ab,formal_abs,mutual_information,9,591,591,0.5,0.5668458919895443,0.5591171783206805,1.2333333333333334,0.0008924579015001,0.0006085853674449,0.0002838725340552,0.1336917839790885
adult_celltype__loop_of_henle,ZJU_HCL_adult_celltype,Loop of Henle,dorothea_ab,formal_abs,coexpression_probability,9,591,591,0.5,0.5168947065543216,0.5124165558690457,1.0,0.0171328671276569,0.0170163176953792,0.0001165494322776,0.0337894131086431
adult_celltype__loop_of_henle,ZJU_HCL_adult_celltype,Loop of Henle,dorothea_ab,formal_abs,codetection_odds_ratio,9,591,591,0.5,0.5860839839556116,0.5708327155587412,1.1666666666666667,1.4396756887435913,1.326468825340271,0.1132068634033203,0.1721679679112233
adult_celltype__loop_of_henle,ZJU_HCL_adult_celltype,Loop of Henle,trrust_dorothea_intersection,formal_abs,pearson,0,141,141,0.5,0.576580654896635,0.5940116385997147,1.6,0.0508833937346935,0.0394493378698825,0.0114340558648109,0.15316130979327
adult_celltype__loop_of_henle,ZJU_HCL_adult_celltype,Loop of Henle,trrust_dorothea_intersection,formal_abs,spearman,0,141,141,0.5,0.5906141542175947,0.6028156875734532,1.7333333333333334,0.0459783896803855,0.0368555970489978,0.0091227926313877,0.1812283084351893
adult_celltype__loop_of_henle,ZJU_HCL_adult_celltype,Loop of Henle,trrust_dorothea_intersection,formal_abs,mutual_information,0,141,141,0.5,0.5677279814898647,0.5839153651492484,1.7333333333333334,0.0012139597674831,0.0008289808756671,0.0003849788918159,0.1354559629797294
adult_celltype__loop_of_henle,ZJU_HCL_adult_celltype,Loop of Henle,trrust_dorothea_intersection,formal_abs,coexpression_probability,0,141,141,0.5,0.5185855842261455,0.5239440416895937,0.9333333333333332,0.0217948723584413,0.0205128211528062,0.001282051205635,0.037171168452291
adult_celltype__loop_of_henle,ZJU_HCL_adult_celltype,Loop of Henle,trrust_dorothea_intersection,formal_abs,codetection_odds_ratio,0,141,141,0.5,0.6112368593129118,0.6105516188221283,1.6,1.4339518547058103,1.3021782636642456,0.1317735910415649,0.2224737186258236
adult_celltype__loop_of_henle,ZJU_HCL_adult_celltype,Loop of Henle,trrust_dorothea_intersection,formal_abs,pearson,1,141,141,0.5,0.5496202404305619,0.5481330544284205,1.2,0.0508833937346935,0.0421093218028545,0.0087740719318389,0.0992404808611235
adult_celltype__loop_of_henle,ZJU_HCL_adult_celltype,Loop of Henle,trrust_dorothea_intersection,formal_abs,spearman,1,141,141,0.5,0.5604848850661436,0.5602907363497477,1.3333333333333333,0.0459783896803855,0.0380326546728611,0.0079457350075244,0.1209697701322871
adult_celltype__loop_of_henle,ZJU_HCL_adult_celltype,Loop of Henle,trrust_dorothea_intersection,formal_abs,mutual_information,1,141,141,0.5,0.5517831095015342,0.5498430834243251,1.3333333333333333,0.0012139597674831,0.0007937791524454,0.0004201806150376,0.1035662190030681
adult_celltype__loop_of_henle,ZJU_HCL_adult_celltype,Loop of Henle,trrust_dorothea_intersection,formal_abs,coexpression_probability,1,141,141,0.5,0.5120718273728686,0.5159182482700464,0.9333333333333332,0.0217948723584413,0.019696969538927,0.0020979028195142,0.0241436547457372
adult_celltype__loop_of_henle,ZJU_HCL_adult_celltype,Loop of Henle,trrust_dorothea_intersection,formal_abs,codetection_odds_ratio,1,141,141,0.5,0.5701423469644383,0.5645014479272632,1.2,1.4339518547058103,1.3435120582580566,0.0904397964477539,0.1402846939288768
adult_celltype__loop_of_henle,ZJU_HCL_adult_celltype,Loop of Henle,trrust_dorothea_intersection,formal_abs,pearson,2,141,141,0.5,0.5674764850862631,0.5880557168108458,1.6,0.0508833937346935,0.0448046214878559,0.0060787722468376,0.1349529701725265
adult_celltype__loop_of_henle,ZJU_HCL_adult_celltype,Loop of Henle,trrust_dorothea_intersection,formal_abs,spearman,2,141,141,0.5,0.5915195412705598,0.6026750424629634,1.6,0.0459783896803855,0.0382049046456813,0.0077734850347042,0.1830390825411196
adult_celltype__loop_of_henle,ZJU_HCL_adult_celltype,Loop of Henle,trrust_dorothea_intersection,formal_abs,mutual_information,2,141,141,0.5,0.5671243901212213,0.5816670829790702,1.4666666666666666,0.0012139597674831,0.0008609255892224,0.0003530341782607,0.1342487802424425
adult_celltype__loop_of_henle,ZJU_HCL_adult_celltype,Loop of Henle,trrust_dorothea_intersection,formal_abs,coexpression_probability,2,141,141,0.5,0.5173029525677783,0.5223999593137639,0.9333333333333332,0.0217948723584413,0.0217948723584413,0.0,0.0346059051355565
adult_celltype__loop_of_henle,ZJU_HCL_adult_celltype,Loop of Henle,trrust_dorothea_intersection,formal_abs,codetection_odds_ratio,2,141,141,0.5,0.6142548161561289,0.6218101348066745,1.6,1.4339518547058103,1.276384353637695,0.1575675010681152,0.2285096323122579
adult_celltype__loop_of_henle,ZJU_HCL_adult_celltype,Loop of Henle,trrust_dorothea_intersection,formal_abs,pearson,3,141,141,0.5,0.5575675267843669,0.5516348690453438,1.2,0.0508833937346935,0.0441673547029495,0.006716039031744,0.1151350535687338
adult_celltype__loop_of_henle,ZJU_HCL_adult_celltype,Loop of Henle,trrust_dorothea_intersection,formal_abs,spearman,3,141,141,0.5,0.563553141190081,0.5582964458469376,1.2,0.0459783896803855,0.0380326546728611,0.0079457350075244,0.1271062823801618
adult_celltype__loop_of_henle,ZJU_HCL_adult_celltype,Loop of Henle,trrust_dorothea_intersection,formal_abs,mutual_information,3,141,141,0.5,0.5571651325386047,0.5480393281640691,1.3333333333333333,0.0012139597674831,0.0007657196256332,0.0004482401418499,0.1143302650772093
adult_celltype__loop_of_henle,ZJU_HCL_adult_celltype,Loop of Henle,trrust_dorothea_intersection,formal_abs,coexpression_probability,3,141,141,0.5,0.5164981640762537,0.5173603113818146,0.8,0.0217948723584413,0.0203962698578834,0.0013986025005578,0.0329963281525074
adult_celltype__loop_of_henle,ZJU_HCL_adult_celltype,Loop of Henle,trrust_dorothea_intersection,formal_abs,codetection_odds_ratio,3,141,141,0.5,0.5961470750968261,0.5759750156351091,1.3333333333333333,1.4339518547058103,1.280674934387207,0.1532769203186035,0.1922941501936521
adult_celltype__loop_of_henle,ZJU_HCL_adult_celltype,Loop of Henle,trrust_dorothea_intersection,formal_abs,pearson,4,141,141,0.5,0.5487148533775967,0.5842204754718812,1.6,0.0508833937346935,0.0455921292304992,0.0052912645041942,0.0974297067551934
adult_celltype__loop_of_henle,ZJU_HCL_adult_celltype,Loop of Henle,trrust_dorothea_intersection,formal_abs,spearman,4,141,141,0.5,0.5615411699612696,0.5920937726201745,1.6,0.0459783896803855,0.0415936298668384,0.0043847598135471,0.1230823399225391
adult_celltype__loop_of_henle,ZJU_HCL_adult_celltype,Loop of Henle,trrust_dorothea_intersection,formal_abs,mutual_information,4,141,141,0.5,0.5478597656053519,0.5751437337519197,1.4666666666666666,0.0012139597674831,0.0009303240221925,0.0002836357452906,0.0957195312107037
adult_celltype__loop_of_henle,ZJU_HCL_adult_celltype,Loop of Henle,trrust_dorothea_intersection,formal_abs,coexpression_probability,4,141,141,0.5,0.5119460791710678,0.5223282749203373,0.9333333333333332,0.0217948723584413,0.0206293705850839,0.0011655017733573,0.0238921583421356
adult_celltype__loop_of_henle,ZJU_HCL_adult_celltype,Loop of Henle,trrust_dorothea_intersection,formal_abs,codetection_odds_ratio,4,141,141,0.5,0.5880991901815804,0.6013559222180697,1.6,1.4339518547058103,1.336896896362305,0.0970549583435058,0.1761983803631608
adult_celltype__loop_of_henle,ZJU_HCL_adult_celltype,Loop of Henle,trrust_dorothea_intersection,formal_abs,pearson,5,141,141,0.5,0.5502238317992052,0.5655696138137288,1.2,0.0508833937346935,0.0421093218028545,0.0087740719318389,0.1004476635984106
adult_celltype__loop_of_henle,ZJU_HCL_adult_celltype,Loop of Henle,trrust_dorothea_intersection,formal_abs,spearman,5,141,141,0.5,0.5709974347366833,0.5758877943172611,1.3333333333333333,0.0459783896803855,0.0363407060503959,0.0096376836299896,0.1419948694733666
adult_celltype__loop_of_henle,ZJU_HCL_adult_celltype,Loop of Henle,trrust_dorothea_intersection,formal_abs,mutual_information,5,141,141,0.5,0.5603339872239826,0.5680950928360554,1.4666666666666666,0.0012139597674831,0.0008415164193138,0.0003724433481693,0.1206679744479652
adult_celltype__loop_of_henle,ZJU_HCL_adult_celltype,Loop of Henle,trrust_dorothea_intersection,formal_abs,coexpression_probability,5,141,141,0.5,0.5137568532769982,0.5182577180462739,0.9333333333333332,0.0217948723584413,0.0195804201066494,0.0022144522517919,0.0275137065539963
adult_celltype__loop_of_henle,ZJU_HCL_adult_celltype,Loop of Henle,trrust_dorothea_intersection,formal_abs,codetection_odds_ratio,5,141,141,0.5,0.5821135757758664,0.5744414682885557,1.4666666666666666,1.4339518547058103,1.321879506111145,0.1120723485946655,0.1642271515517328
adult_celltype__loop_of_henle,ZJU_HCL_adult_celltype,Loop of Henle,trrust_dorothea_intersection,formal_abs,pearson,6,141,141,0.5,0.5833710577938735,0.6000179935668866,1.6,0.0508833937346935,0.039336048066616,0.0115473456680774,0.1667421155877471
adult_celltype__loop_of_henle,ZJU_HCL_adult_celltype,Loop of Henle,trrust_dorothea_intersection,formal_abs,spearman,6,141,141,0.5,0.5914692419898396,0.600491422701205,1.4666666666666666,0.0459783896803855,0.0337213166058063,0.0122570730745792,0.182938483979679
adult_celltype__loop_of_henle,ZJU_HCL_adult_celltype,Loop of Henle,trrust_dorothea_intersection,formal_abs,mutual_information,6,141,141,0.5,0.579749509582013,0.5857143287066549,1.4666666666666666,0.0012139597674831,0.0006717057549394,0.0005422540125437,0.1594990191640259
adult_celltype__loop_of_henle,ZJU_HCL_adult_celltype,Loop of Henle,trrust_dorothea_intersection,formal_abs,coexpression_probability,6,141,141,0.5,0.5197424676827122,0.5215660136896172,0.9333333333333332,0.0217948723584413,0.0203962698578834,0.0013986025005578,0.0394849353654243
adult_celltype__loop_of_henle,ZJU_HCL_adult_celltype,Loop of Henle,trrust_dorothea_intersection,formal_abs,codetection_odds_ratio,6,141,141,0.5,0.6139530204718073,0.6126914420170005,1.6,1.4339518547058103,1.2688616514205933,0.1650902032852172,0.2279060409436144
adult_celltype__loop_of_henle,ZJU_HCL_adult_celltype,Loop of Henle,trrust_dorothea_intersection,formal_abs,pearson,7,141,141,0.5,0.5414214576731553,0.5523392178810947,1.3333333333333333,0.0508833937346935,0.0461487807333469,0.0047346130013465,0.0828429153463106
adult_celltype__loop_of_henle,ZJU_HCL_adult_celltype,Loop of Henle,trrust_dorothea_intersection,formal_abs,spearman,7,141,141,0.5,0.5583220159951712,0.5597142769183937,1.3333333333333333,0.0459783896803855,0.0380326546728611,0.0079457350075244,0.1166440319903425
adult_celltype__loop_of_henle,ZJU_HCL_adult_celltype,Loop of Henle,trrust_dorothea_intersection,formal_abs,mutual_information,7,141,141,0.5,0.539610683567225,0.5465329804652632,1.4666666666666666,0.0012139597674831,0.0009071086533367,0.0003068511141464,0.0792213671344499
adult_celltype__loop_of_henle,ZJU_HCL_adult_celltype,Loop of Henle,trrust_dorothea_intersection,formal_abs,coexpression_probability,7,141,141,0.5,0.5081233338363261,0.5169976634153262,0.9333333333333332,0.0217948723584413,0.0205128211528062,0.001282051205635,0.0162466676726522
adult_celltype__loop_of_henle,ZJU_HCL_adult_celltype,Loop of Henle,trrust_dorothea_intersection,formal_abs,codetection_odds_ratio,7,141,141,0.5,0.5657160102610532,0.5442651119309111,1.0666666666666669,1.4339518547058103,1.3230582475662231,0.1108936071395874,0.1314320205221064
adult_celltype__loop_of_henle,ZJU_HCL_adult_celltype,Loop of Henle,trrust_dorothea_intersection,formal_abs,pearson,8,141,141,0.5,0.524822695035461,0.5337156496270647,1.2,0.0508833937346935,0.0461667366325855,0.004716657102108,0.0496453900709219
adult_celltype__loop_of_henle,ZJU_HCL_adult_celltype,Loop of Henle,trrust_dorothea_intersection,formal_abs,spearman,8,141,141,0.5,0.5335244706000705,0.5367706878416924,1.3333333333333333,0.0459783896803855,0.0426579378545284,0.0033204518258571,0.0670489412001409
adult_celltype__loop_of_henle,ZJU_HCL_adult_celltype,Loop of Henle,trrust_dorothea_intersection,formal_abs,mutual_information,8,141,141,0.5,0.5196921684019917,0.527153299237606,1.3333333333333333,0.0012139597674831,0.0010633553611114,0.0001506044063717,0.0393843368039836
adult_celltype__loop_of_henle,ZJU_HCL_adult_celltype,Loop of Henle,trrust_dorothea_intersection,formal_abs,coexpression_probability,8,141,141,0.5,0.5046778331069866,0.5124883675023556,0.9333333333333332,0.0217948723584413,0.0217948723584413,0.0,0.0093556662139731
adult_celltype__loop_of_henle,ZJU_HCL_adult_celltype,Loop of Henle,trrust_dorothea_intersection,formal_abs,codetection_odds_ratio,8,141,141,0.5,0.537850208742015,0.5399233516026117,1.2,1.4339518547058103,1.393858551979065,0.0400933027267456,0.0757004174840298
adult_celltype__loop_of_henle,ZJU_HCL_adult_celltype,Loop of Henle,trrust_dorothea_intersection,formal_abs,pearson,9,141,141,0.5,0.543131633217645,0.5453297512170823,1.2,0.0508833937346935,0.0447381027042865,0.0061452910304069,0.08626326643529
adult_celltype__loop_of_henle,ZJU_HCL_adult_celltype,Loop of Henle,trrust_dorothea_intersection,formal_abs,spearman,9,141,141,0.5,0.5512801166943313,0.5445734010077722,1.2,0.0459783896803855,0.0431316755712032,0.0028467141091823,0.1025602333886626
adult_celltype__loop_of_henle,ZJU_HCL_adult_celltype,Loop of Henle,trrust_dorothea_intersection,formal_abs,mutual_information,9,141,141,0.5,0.5450933051657361,0.5404632211595066,1.3333333333333333,0.0012139597674831,0.0009784521535038,0.0002355076139792,0.0901866103314723
adult_celltype__loop_of_henle,ZJU_HCL_adult_celltype,Loop of Henle,trrust_dorothea_intersection,formal_abs,coexpression_probability,9,141,141,0.5,0.5090035712489311,0.5151943538518482,0.9333333333333332,0.0217948723584413,0.0217948723584413,0.0,0.0180071424978622
adult_celltype__loop_of_henle,ZJU_HCL_adult_celltype,Loop of Henle,trrust_dorothea_intersection,formal_abs,codetection_odds_ratio,9,141,141,0.5,0.5691363613500326,0.5483087517241602,1.2,1.4339518547058103,1.321879506111145,0.1120723485946655,0.1382727227000653
adult_celltype__loop_of_henle,ZJU_HCL_adult_celltype,Loop of Henle,trrust_dorothea_union,formal_abs,pearson,0,752,752,0.5,0.5656219938320507,0.5646930357986453,1.3421052631578947,0.0455768406391143,0.036845238879323,0.0087316017597913,0.1312439876641014
adult_celltype__loop_of_henle,ZJU_HCL_adult_celltype,Loop of Henle,trrust_dorothea_union,formal_abs,spearman,0,752,752,0.5,0.5797173848460841,0.5705356582543256,1.236842105263158,0.040364833548665,0.0303917303681373,0.0099731031805276,0.1594347696921683
adult_celltype__loop_of_henle,ZJU_HCL_adult_celltype,Loop of Henle,trrust_dorothea_union,formal_abs,mutual_information,0,752,752,0.5,0.5748137944205522,0.5636061024458856,1.263157894736842,0.0008822859381325,0.0005293420981615,0.0003529438399709,0.1496275888411045
adult_celltype__loop_of_henle,ZJU_HCL_adult_celltype,Loop of Henle,trrust_dorothea_union,formal_abs,coexpression_probability,0,752,752,0.5,0.5189839505998189,0.5153622167533655,1.0526315789473684,0.018414918333292,0.0174825172871351,0.0009324010461568,0.0379679011996378
adult_celltype__loop_of_henle,ZJU_HCL_adult_celltype,Loop of Henle,trrust_dorothea_union,formal_abs,codetection_odds_ratio,0,752,752,0.5,0.5921293218085106,0.5903367675738946,1.3157894736842106,1.4351056218147278,1.3186714053153992,0.1164342164993286,0.1842586436170212
adult_celltype__loop_of_henle,ZJU_HCL_adult_celltype,Loop of Henle,trrust_dorothea_union,formal_abs,pearson,1,752,752,0.5,0.5612091161158895,0.5602069420687046,1.263157894736842,0.0455768406391143,0.0370836220681667,0.0084932185709476,0.122418232231779
adult_celltype__loop_of_henle,ZJU_HCL_adult_celltype,Loop of Henle,trrust_dorothea_union,formal_abs,spearman,1,752,752,0.5,0.5712143503847895,0.5636294257054715,1.236842105263158,0.040364833548665,0.0323574356734752,0.0080073978751897,0.142428700769579
adult_celltype__loop_of_henle,ZJU_HCL_adult_celltype,Loop of Henle,trrust_dorothea_union,formal_abs,mutual_information,1,752,752,0.5,0.5680437273653236,0.5588923824657464,1.2105263157894737,0.0008822859381325,0.0005864421837031,0.0002958437544293,0.1360874547306474
adult_celltype__loop_of_henle,ZJU_HCL_adult_celltype,Loop of Henle,trrust_dorothea_union,formal_abs,coexpression_probability,1,752,752,0.5,0.5191006606496152,0.5154785827438382,1.0263157894736843,0.018414918333292,0.0174242425709962,0.0009906757622957,0.0382013212992304
adult_celltype__loop_of_henle,ZJU_HCL_adult_celltype,Loop of Henle,trrust_dorothea_union,formal_abs,codetection_odds_ratio,1,752,752,0.5,0.5853504130828429,0.5800514329932261,1.3157894736842106,1.4351056218147278,1.3088284134864807,0.126277208328247,0.1707008261656859
adult_celltype__loop_of_henle,ZJU_HCL_adult_celltype,Loop of Henle,trrust_dorothea_union,formal_abs,pearson,2,752,752,0.5,0.5576441545948393,0.5580663631749777,1.2894736842105263,0.0455768406391143,0.0371712539345026,0.0084055867046117,0.1152883091896785
adult_celltype__loop_of_henle,ZJU_HCL_adult_celltype,Loop of Henle,trrust_dorothea_union,formal_abs,spearman,2,752,752,0.5,0.5718014373019465,0.5646444504852443,1.236842105263158,0.040364833548665,0.0314852632582187,0.0088795702904462,0.1436028746038931
adult_celltype__loop_of_henle,ZJU_HCL_adult_celltype,Loop of Henle,trrust_dorothea_union,formal_abs,mutual_information,2,752,752,0.5,0.5688403618718877,0.5610971912698683,1.263157894736842,0.0008822859381325,0.0005852354806847,0.0002970504574477,0.1376807237437753
adult_celltype__loop_of_henle,ZJU_HCL_adult_celltype,Loop of Henle,trrust_dorothea_union,formal_abs,coexpression_probability,2,752,752,0.5,0.5172660140334994,0.5150609972853437,1.0263157894736843,0.018414918333292,0.0170163176953792,0.0013986006379127,0.0345320280669987
adult_celltype__loop_of_henle,ZJU_HCL_adult_celltype,Loop of Henle,trrust_dorothea_union,formal_abs,codetection_odds_ratio,2,752,752,0.5,0.5818199340765052,0.5822267463856279,1.3157894736842106,1.4351056218147278,1.3229201436042786,0.1121854782104492,0.1636398681530104
adult_celltype__loop_of_henle,ZJU_HCL_adult_celltype,Loop of Henle,trrust_dorothea_union,formal_abs,pearson,3,752,752,0.5,0.5665282650520598,0.5608391668963977,1.1842105263157894,0.0455768406391143,0.0358460415154695,0.0097307991236448,0.1330565301041195
adult_celltype__loop_of_henle,ZJU_HCL_adult_celltype,Loop of Henle,trrust_dorothea_union,formal_abs,spearman,3,752,752,0.5,0.5744663167722952,0.5645324064817334,1.1842105263157894,0.040364833548665,0.0317705292254686,0.0085943043231964,0.1489326335445904
adult_celltype__loop_of_henle,ZJU_HCL_adult_celltype,Loop of Henle,trrust_dorothea_union,formal_abs,mutual_information,3,752,752,0.5,0.5735759605590766,0.5618087246177378,1.2105263157894737,0.0008822859381325,0.0005378478672355,0.000344438070897,0.1471519211181531
adult_celltype__loop_of_henle,ZJU_HCL_adult_celltype,Loop of Henle,trrust_dorothea_union,formal_abs,coexpression_probability,3,752,752,0.5,0.5190652939678588,0.516107997577195,1.0263157894736843,0.018414918333292,0.0176573423668742,0.0007575759664177,0.0381305879357174
adult_celltype__loop_of_henle,ZJU_HCL_adult_celltype,Loop of Henle,trrust_dorothea_union,formal_abs,codetection_odds_ratio,3,752,752,0.5,0.5921125226346763,0.579163805549229,1.1842105263157894,1.4351056218147278,1.3115164041519165,0.1235892176628112,0.1842250452693525
adult_celltype__loop_of_henle,ZJU_HCL_adult_celltype,Loop of Henle,trrust_dorothea_union,formal_abs,pearson,4,752,752,0.5,0.567601643843368,0.5670371317002507,1.3157894736842106,0.0455768406391143,0.0364834927022457,0.0090933479368686,0.1352032876867361
adult_celltype__loop_of_henle,ZJU_HCL_adult_celltype,Loop of Henle,trrust_dorothea_union,formal_abs,spearman,4,752,752,0.5,0.5751577354006338,0.5687340781750748,1.2105263157894737,0.040364833548665,0.0312571860849857,0.0091076474636793,0.1503154708012675
adult_celltype__loop_of_henle,ZJU_HCL_adult_celltype,Loop of Henle,trrust_dorothea_union,formal_abs,mutual_information,4,752,752,0.5,0.5707147960049797,0.562394030202886,1.2105263157894737,0.0008822859381325,0.0005621842574328,0.0003201016806997,0.1414295920099593
adult_celltype__loop_of_henle,ZJU_HCL_adult_celltype,Loop of Henle,trrust_dorothea_union,formal_abs,coexpression_probability,4,752,752,0.5,0.5197947317790856,0.5167729654762987,1.0263157894736843,0.018414918333292,0.0173659678548574,0.0010489504784345,0.039589463558171
adult_celltype__loop_of_henle,ZJU_HCL_adult_celltype,Loop of Henle,trrust_dorothea_union,formal_abs,codetection_odds_ratio,4,752,752,0.5,0.5921929818356723,0.5846250851423223,1.3421052631578947,1.4351056218147278,1.306576132774353,0.1285294890403747,0.1843859636713445
adult_celltype__loop_of_henle,ZJU_HCL_adult_celltype,Loop of Henle,trrust_dorothea_union,formal_abs,pearson,5,752,752,0.5,0.5621100823336351,0.5624824539510791,1.236842105263158,0.0455768406391143,0.0379631370306015,0.0076137036085128,0.1242201646672702
adult_celltype__loop_of_henle,ZJU_HCL_adult_celltype,Loop of Henle,trrust_dorothea_union,formal_abs,spearman,5,752,752,0.5,0.5737563306360344,0.5679447074882468,1.1842105263157894,0.040364833548665,0.0317787062376737,0.0085861273109912,0.1475126612720687
adult_celltype__loop_of_henle,ZJU_HCL_adult_celltype,Loop of Henle,trrust_dorothea_union,formal_abs,mutual_information,5,752,752,0.5,0.5748951377885921,0.5646956006205006,1.1842105263157894,0.0008822859381325,0.0005295673618093,0.0003527185763232,0.1497902755771842
adult_celltype__loop_of_henle,ZJU_HCL_adult_celltype,Loop of Henle,trrust_dorothea_union,formal_abs,coexpression_probability,5,752,752,0.5,0.5193385015844273,0.5166470872930448,1.0263157894736843,0.018414918333292,0.0174825172871351,0.0009324010461568,0.0386770031688545
adult_celltype__loop_of_henle,ZJU_HCL_adult_celltype,Loop of Henle,trrust_dorothea_union,formal_abs,codetection_odds_ratio,5,752,752,0.5,0.5894007823110005,0.5876676627873467,1.368421052631579,1.4351056218147278,1.32426655292511,0.1108390688896179,0.1788015646220009
adult_celltype__loop_of_henle,ZJU_HCL_adult_celltype,Loop of Henle,trrust_dorothea_union,formal_abs,pearson,6,752,752,0.5,0.5560066772295157,0.554133978861696,1.263157894736842,0.0455768406391143,0.0375706832855939,0.0080061573535203,0.1120133544590311
adult_celltype__loop_of_henle,ZJU_HCL_adult_celltype,Loop of Henle,trrust_dorothea_union,formal_abs,spearman,6,752,752,0.5,0.5625477450203713,0.5532117432763874,1.1842105263157894,0.040364833548665,0.0332649555057287,0.0070998780429363,0.1250954900407423
adult_celltype__loop_of_henle,ZJU_HCL_adult_celltype,Loop of Henle,trrust_dorothea_union,formal_abs,mutual_information,6,752,752,0.5,0.5577573279764599,0.5496277385539178,1.263157894736842,0.0008822859381325,0.0006456283153966,0.0002366576227359,0.1155146559529198
adult_celltype__loop_of_henle,ZJU_HCL_adult_celltype,Loop of Henle,trrust_dorothea_union,formal_abs,coexpression_probability,6,752,752,0.5,0.5148646163422362,0.5130489017658494,1.0263157894736843,0.018414918333292,0.0177156180143356,0.0006993003189563,0.0297292326844726
adult_celltype__loop_of_henle,ZJU_HCL_adult_celltype,Loop of Henle,trrust_dorothea_union,formal_abs,codetection_odds_ratio,6,752,752,0.5,0.573511416364871,0.561023914389176,1.105263157894737,1.4351056218147278,1.3244121074676514,0.1106935143470764,0.147022832729742
adult_celltype__loop_of_henle,ZJU_HCL_adult_celltype,Loop of Henle,trrust_dorothea_union,formal_abs,pearson,7,752,752,0.5,0.5604027557718424,0.562982851384997,1.263157894736842,0.0455768406391143,0.0372055321931839,0.0083713084459304,0.120805511543685
adult_celltype__loop_of_henle,ZJU_HCL_adult_celltype,Loop of Henle,trrust_dorothea_union,formal_abs,spearman,7,752,752,0.5,0.5681427540742418,0.5640724009878471,1.2105263157894737,0.040364833548665,0.0323291644454002,0.0080356691032648,0.1362855081484835
adult_celltype__loop_of_henle,ZJU_HCL_adult_celltype,Loop of Henle,trrust_dorothea_union,formal_abs,mutual_information,7,752,752,0.5,0.5659429464689905,0.5594943240965382,1.2105263157894737,0.0008822859381325,0.0005859427037648,0.0002963432343676,0.1318858929379809
adult_celltype__loop_of_henle,ZJU_HCL_adult_celltype,Loop of Henle,trrust_dorothea_union,formal_abs,coexpression_probability,7,752,752,0.5,0.5180909418854686,0.5162330110408162,1.0263157894736843,0.018414918333292,0.0174825172871351,0.0009324010461568,0.0361818837709371
adult_celltype__loop_of_henle,ZJU_HCL_adult_celltype,Loop of Henle,trrust_dorothea_union,formal_abs,codetection_odds_ratio,7,752,752,0.5,0.5871806388637393,0.5794029322310879,1.263157894736842,1.4351056218147278,1.308390974998474,0.1267146468162536,0.1743612777274785
adult_celltype__loop_of_henle,ZJU_HCL_adult_celltype,Loop of Henle,trrust_dorothea_union,formal_abs,pearson,8,752,752,0.5,0.5697678531009507,0.5668375316497631,1.3157894736842106,0.0455768406391143,0.0363783556967973,0.009198484942317,0.1395357062019013
adult_celltype__loop_of_henle,ZJU_HCL_adult_celltype,Loop of Henle,trrust_dorothea_union,formal_abs,spearman,8,752,752,0.5,0.5769914978497057,0.5694607236893676,1.2105263157894737,0.040364833548665,0.0309070674702525,0.0094577660784125,0.1539829956994114
adult_celltype__loop_of_henle,ZJU_HCL_adult_celltype,Loop of Henle,trrust_dorothea_union,formal_abs,mutual_information,8,752,752,0.5,0.5722099224762336,0.5634312982124785,1.2894736842105263,0.0008822859381325,0.000568403978832,0.0003138819593004,0.1444198449524671
adult_celltype__loop_of_henle,ZJU_HCL_adult_celltype,Loop of Henle,trrust_dorothea_union,formal_abs,coexpression_probability,8,752,752,0.5,0.5213473291081937,0.516894646730384,1.0263157894736843,0.018414918333292,0.0168997664004564,0.0015151519328355,0.0426946582163874
adult_celltype__loop_of_henle,ZJU_HCL_adult_celltype,Loop of Henle,trrust_dorothea_union,formal_abs,codetection_odds_ratio,8,752,752,0.5,0.5941133926550475,0.5891102168908589,1.3157894736842106,1.4351056218147278,1.3070803880691528,0.1280252337455749,0.1882267853100949
adult_celltype__loop_of_henle,ZJU_HCL_adult_celltype,Loop of Henle,trrust_dorothea_union,formal_abs,pearson,9,752,752,0.5,0.5669632752376641,0.5701451895904023,1.236842105263158,0.0455768406391143,0.0364834927022457,0.0090933479368686,0.1339265504753282
adult_celltype__loop_of_henle,ZJU_HCL_adult_celltype,Loop of Henle,trrust_dorothea_union,formal_abs,spearman,9,752,752,0.5,0.5704026850384789,0.5693848252975713,1.236842105263158,0.040364833548665,0.0311530428007245,0.0092117907479405,0.1408053700769578
adult_celltype__loop_of_henle,ZJU_HCL_adult_celltype,Loop of Henle,trrust_dorothea_union,formal_abs,mutual_information,9,752,752,0.5,0.566476099196469,0.5652766272640104,1.3157894736842106,0.0008822859381325,0.0005846022395417,0.0002976836985908,0.132952198392938
adult_celltype__loop_of_henle,ZJU_HCL_adult_celltype,Loop of Henle,trrust_dorothea_union,formal_abs,coexpression_probability,9,752,752,0.5,0.5171042114644635,0.5173044075555815,1.0789473684210529,0.018414918333292,0.0174825172871351,0.0009324010461568,0.034208422928927
adult_celltype__loop_of_henle,ZJU_HCL_adult_celltype,Loop of Henle,trrust_dorothea_union,formal_abs,codetection_odds_ratio,9,752,752,0.5,0.5892999872679946,0.580120135023408,1.263157894736842,1.4351056218147278,1.3107656836509705,0.1243399381637573,0.1785999745359892
adult_celltype__smooth_muscle_cell,ZJU_HCL_adult_celltype,Smooth muscle cell,trrust,formal_abs,pearson,0,393,393,0.5,0.490475820497381,0.5124843589517668,1.1,0.0447146818041801,0.0453876592218875,-0.0006729774177074,-0.0190483590052379
adult_celltype__smooth_muscle_cell,ZJU_HCL_adult_celltype,Smooth muscle cell,trrust,formal_abs,spearman,0,393,393,0.5,0.485671645656495,0.5116373438436205,1.15,0.0442497879266738,0.0455929040908813,-0.0013431161642074,-0.0286567086870099
adult_celltype__smooth_muscle_cell,ZJU_HCL_adult_celltype,Smooth muscle cell,trrust,formal_abs,mutual_information,0,393,393,0.5,0.4788473865159373,0.5061522285646893,1.1,0.0008624388137832,0.0010396890575066,-0.0001772502437233,-0.0423052269681254
adult_celltype__smooth_muscle_cell,ZJU_HCL_adult_celltype,Smooth muscle cell,trrust,formal_abs,coexpression_probability,0,393,393,0.5,0.5244676236168573,0.520400122101262,1.2,0.0192722715437412,0.0184190720319747,0.0008531995117664,0.0489352472337147
adult_celltype__smooth_muscle_cell,ZJU_HCL_adult_celltype,Smooth muscle cell,trrust,formal_abs,codetection_odds_ratio,0,393,393,0.5,0.5487669068754087,0.5324860330862776,1.1,1.4571717977523804,1.3445541858673096,0.1126176118850708,0.0975338137508174
adult_celltype__smooth_muscle_cell,ZJU_HCL_adult_celltype,Smooth muscle cell,trrust,formal_abs,pearson,1,393,393,0.5,0.5030592622807528,0.516794020611718,1.1,0.0447146818041801,0.0467875190079212,-0.002072837203741,0.0061185245615056
adult_celltype__smooth_muscle_cell,ZJU_HCL_adult_celltype,Smooth muscle cell,trrust,formal_abs,spearman,1,393,393,0.5,0.4941631218071984,0.5131819531160814,1.1,0.0442497879266738,0.0463916659355163,-0.0021418780088424,-0.0116737563856029
adult_celltype__smooth_muscle_cell,ZJU_HCL_adult_celltype,Smooth muscle cell,trrust,formal_abs,mutual_information,1,393,393,0.5,0.4891193856871847,0.5080096045944746,1.1,0.0008624388137832,0.0010310361394658,-0.0001685973256826,-0.0217612286256304
adult_celltype__smooth_muscle_cell,ZJU_HCL_adult_celltype,Smooth muscle cell,trrust,formal_abs,coexpression_probability,1,393,393,0.5,0.5234705307253527,0.5181714612641155,1.15,0.0192722715437412,0.0173149313777685,0.0019573401659727,0.0469410614507053
adult_celltype__smooth_muscle_cell,ZJU_HCL_adult_celltype,Smooth muscle cell,trrust,formal_abs,codetection_odds_ratio,1,393,393,0.5,0.5440436648990928,0.5314435517989606,1.05,1.4571717977523804,1.37119722366333,0.0859745740890502,0.0880873297981859
adult_celltype__smooth_muscle_cell,ZJU_HCL_adult_celltype,Smooth muscle cell,trrust,formal_abs,pearson,2,393,393,0.5,0.5082195417257477,0.5176260894583049,1.05,0.0447146818041801,0.0417799949645996,0.0029346868395805,0.0164390834514953
adult_celltype__smooth_muscle_cell,ZJU_HCL_adult_celltype,Smooth muscle cell,trrust,formal_abs,spearman,2,393,393,0.5,0.4992003832980466,0.5147273140933495,1.1,0.0442497879266738,0.0427768491208553,0.0014729388058185,-0.0015992334039067
adult_celltype__smooth_muscle_cell,ZJU_HCL_adult_celltype,Smooth muscle cell,trrust,formal_abs,mutual_information,2,393,393,0.5,0.4956134387402962,0.5111867638946699,1.1,0.0008624388137832,0.0008605724433436,1.866370439529419e-06,-0.0087731225194076
adult_celltype__smooth_muscle_cell,ZJU_HCL_adult_celltype,Smooth muscle cell,trrust,formal_abs,coexpression_probability,2,393,393,0.5,0.5254517672500307,0.5191547587650851,1.1,0.0192722715437412,0.0168130490928888,0.0024592224508523,0.0509035345000614
adult_celltype__smooth_muscle_cell,ZJU_HCL_adult_celltype,Smooth muscle cell,trrust,formal_abs,codetection_odds_ratio,2,393,393,0.5,0.5520527811769581,0.5335750332452723,1.1,1.4571717977523804,1.3445541858673096,0.1126176118850708,0.1041055623539162
adult_celltype__smooth_muscle_cell,ZJU_HCL_adult_celltype,Smooth muscle cell,trrust,formal_abs,pearson,3,393,393,0.5,0.5151473949329552,0.5355201214068559,1.2,0.0447146818041801,0.0432948097586631,0.0014198720455169,0.0302947898659105
adult_celltype__smooth_muscle_cell,ZJU_HCL_adult_celltype,Smooth muscle cell,trrust,formal_abs,spearman,3,393,393,0.5,0.5085303239256971,0.5291963042721818,1.2,0.0442497879266738,0.0428240112960338,0.00142577663064,0.0170606478513943
adult_celltype__smooth_muscle_cell,ZJU_HCL_adult_celltype,Smooth muscle cell,trrust,formal_abs,mutual_information,3,393,393,0.5,0.5036031311306645,0.5223914785279316,1.2,0.0008624388137832,0.0009150725672952,-5.263375351205468e-05,0.0072062622613289
adult_celltype__smooth_muscle_cell,ZJU_HCL_adult_celltype,Smooth muscle cell,trrust,formal_abs,coexpression_probability,3,393,393,0.5,0.5342928733756774,0.5257388079750608,1.2,0.0192722715437412,0.0176160596311092,0.0016562119126319,0.0685857467513548
adult_celltype__smooth_muscle_cell,ZJU_HCL_adult_celltype,Smooth muscle cell,trrust,formal_abs,codetection_odds_ratio,3,393,393,0.5,0.576442709243828,0.5630808022124646,1.15,1.4571717977523804,1.3094005584716797,0.1477712392807006,0.152885418487656
adult_celltype__smooth_muscle_cell,ZJU_HCL_adult_celltype,Smooth muscle cell,trrust,formal_abs,pearson,4,393,393,0.5,0.4951084176653783,0.50941500892446,1.0,0.0447146818041801,0.0459782034158706,-0.0012635216116905,-0.0097831646692435
adult_celltype__smooth_muscle_cell,ZJU_HCL_adult_celltype,Smooth muscle cell,trrust,formal_abs,spearman,4,393,393,0.5,0.483622425525578,0.5053910926888747,1.1,0.0442497879266738,0.0472780130803585,-0.0030282251536846,-0.0327551489488439
adult_celltype__smooth_muscle_cell,ZJU_HCL_adult_celltype,Smooth muscle cell,trrust,formal_abs,mutual_information,4,393,393,0.5,0.4804563318635925,0.5012585779668792,1.1,0.0008624388137832,0.0010237630922347,-0.0001613242784515,-0.039087336272815
adult_celltype__smooth_muscle_cell,ZJU_HCL_adult_celltype,Smooth muscle cell,trrust,formal_abs,coexpression_probability,4,393,393,0.5,0.5248366774792973,0.5179453334202164,1.15,0.0192722715437412,0.0177666246891021,0.001505646854639,0.0496733549585948
adult_celltype__smooth_muscle_cell,ZJU_HCL_adult_celltype,Smooth muscle cell,trrust,formal_abs,codetection_odds_ratio,4,393,393,0.5,0.5385272808499892,0.5287989793147441,1.05,1.4571717977523804,1.3590162992477417,0.0981554985046386,0.0770545616999787
adult_celltype__smooth_muscle_cell,ZJU_HCL_adult_celltype,Smooth muscle cell,trrust,formal_abs,pearson,5,393,393,0.5,0.4912333521097579,0.5082498269894749,1.1,0.0447146818041801,0.046273373067379,-0.0015586912631988,-0.0175332957804841
adult_celltype__smooth_muscle_cell,ZJU_HCL_adult_celltype,Smooth muscle cell,trrust,formal_abs,spearman,5,393,393,0.5,0.4865586698521842,0.5092588770475946,1.1,0.0442497879266738,0.0456866957247257,-0.0014369077980518,-0.0268826602956315
adult_celltype__smooth_muscle_cell,ZJU_HCL_adult_celltype,Smooth muscle cell,trrust,formal_abs,mutual_information,5,393,393,0.5,0.4852119469857364,0.5058818020302893,1.1,0.0008624388137832,0.0010243614669889,-0.0001619226532056,-0.0295761060285272
adult_celltype__smooth_muscle_cell,ZJU_HCL_adult_celltype,Smooth muscle cell,trrust,formal_abs,coexpression_probability,5,393,393,0.5,0.5189739007698334,0.5152674842224243,1.15,0.0192722715437412,0.0176160596311092,0.0016562119126319,0.0379478015396668
adult_celltype__smooth_muscle_cell,ZJU_HCL_adult_celltype,Smooth muscle cell,trrust,formal_abs,codetection_odds_ratio,5,393,393,0.5,0.5278409054121425,0.5238674404552436,1.05,1.4571717977523804,1.3989710807800293,0.058200716972351,0.0556818108242851
adult_celltype__smooth_muscle_cell,ZJU_HCL_adult_celltype,Smooth muscle cell,trrust,formal_abs,pearson,6,393,393,0.5,0.5031563817182371,0.5181227686045448,1.1,0.0447146818041801,0.0438137874007225,0.0009008944034576,0.0063127634364741
adult_celltype__smooth_muscle_cell,ZJU_HCL_adult_celltype,Smooth muscle cell,trrust,formal_abs,spearman,6,393,393,0.5,0.4965781584859726,0.5165662580999708,1.1,0.0442497879266738,0.0449296049773693,-0.0006798170506954,-0.0068436830280546
adult_celltype__smooth_muscle_cell,ZJU_HCL_adult_celltype,Smooth muscle cell,trrust,formal_abs,mutual_information,6,393,393,0.5,0.4881870390873363,0.5107327469589733,1.1,0.0008624388137832,0.0009960769675672,-0.0001336381537839,-0.0236259218253274
adult_celltype__smooth_muscle_cell,ZJU_HCL_adult_celltype,Smooth muscle cell,trrust,formal_abs,coexpression_probability,6,393,393,0.5,0.528588725080771,0.5216827370821124,1.2,0.0192722715437412,0.0170138012617826,0.0022584702819585,0.057177450161542
adult_celltype__smooth_muscle_cell,ZJU_HCL_adult_celltype,Smooth muscle cell,trrust,formal_abs,codetection_odds_ratio,6,393,393,0.5,0.5567663112095255,0.5391524600109391,1.05,1.4571717977523804,1.3198498487472534,0.1373219490051269,0.1135326224190509
adult_celltype__smooth_muscle_cell,ZJU_HCL_adult_celltype,Smooth muscle cell,trrust,formal_abs,pearson,7,393,393,0.5,0.494774974263349,0.5080718292444638,1.1,0.0447146818041801,0.0441376753151416,0.0005770064890384,-0.0104500514733019
adult_celltype__smooth_muscle_cell,ZJU_HCL_adult_celltype,Smooth muscle cell,trrust,formal_abs,spearman,7,393,393,0.5,0.484311973531716,0.5026824622318404,1.1,0.0442497879266738,0.0447372533380985,-0.0004874654114246,-0.031376052936568
adult_celltype__smooth_muscle_cell,ZJU_HCL_adult_celltype,Smooth muscle cell,trrust,formal_abs,mutual_information,7,393,393,0.5,0.4816379516863172,0.499645208153384,1.1,0.0008624388137832,0.0010021202033385,-0.0001396813895553,-0.0367240966273656
adult_celltype__smooth_muscle_cell,ZJU_HCL_adult_celltype,Smooth muscle cell,trrust,formal_abs,coexpression_probability,7,393,393,0.5,0.5204857266800045,0.5160273047636834,1.15,0.0192722715437412,0.0182183180004358,0.0010539535433053,0.0409714533600087
adult_celltype__smooth_muscle_cell,ZJU_HCL_adult_celltype,Smooth muscle cell,trrust,formal_abs,codetection_odds_ratio,7,393,393,0.5,0.5370089803106527,0.5225166007697759,1.05,1.4571717977523804,1.346135139465332,0.1110366582870483,0.0740179606213053
adult_celltype__smooth_muscle_cell,ZJU_HCL_adult_celltype,Smooth muscle cell,trrust,formal_abs,pearson,8,393,393,0.5,0.4953123684840951,0.5058193041074666,0.95,0.0447146818041801,0.0453876592218875,-0.0006729774177074,-0.0093752630318098
adult_celltype__smooth_muscle_cell,ZJU_HCL_adult_celltype,Smooth muscle cell,trrust,formal_abs,spearman,8,393,393,0.5,0.4887988915434868,0.5047298578613757,1.1,0.0442497879266738,0.0456392094492912,-0.0013894215226173,-0.0224022169130263
adult_celltype__smooth_muscle_cell,ZJU_HCL_adult_celltype,Smooth muscle cell,trrust,formal_abs,mutual_information,8,393,393,0.5,0.4863514817188845,0.5006475725315045,1.1,0.0008624388137832,0.0009881688747555,-0.0001257300609722,-0.0272970365622309
adult_celltype__smooth_muscle_cell,ZJU_HCL_adult_celltype,Smooth muscle cell,trrust,formal_abs,coexpression_probability,8,393,393,0.5,0.5233669366587028,0.5153885912377825,1.1,0.0192722715437412,0.018017565831542,0.0012547057121992,0.0467338733174056
adult_celltype__smooth_muscle_cell,ZJU_HCL_adult_celltype,Smooth muscle cell,trrust,formal_abs,codetection_odds_ratio,8,393,393,0.5,0.5360895829691356,0.5253718869668837,1.1,1.4571717977523804,1.3790496587753296,0.0781221389770507,0.0721791659382709
adult_celltype__smooth_muscle_cell,ZJU_HCL_adult_celltype,Smooth muscle cell,trrust,formal_abs,pearson,9,393,393,0.5,0.4920880031596191,0.5071264120339652,1.0,0.0447146818041801,0.0453795976936817,-0.0006649158895015,-0.0158239936807619
adult_celltype__smooth_muscle_cell,ZJU_HCL_adult_celltype,Smooth muscle cell,trrust,formal_abs,spearman,9,393,393,0.5,0.4880154614144475,0.506577937119155,1.1,0.0442497879266738,0.0446830205619335,-0.0004332326352596,-0.023969077171105
adult_celltype__smooth_muscle_cell,ZJU_HCL_adult_celltype,Smooth muscle cell,trrust,formal_abs,mutual_information,9,393,393,0.5,0.4824537549611846,0.5014233662579608,1.1,0.0008624388137832,0.0010168775916099,-0.0001544387778267,-0.0350924900776308
adult_celltype__smooth_muscle_cell,ZJU_HCL_adult_celltype,Smooth muscle cell,trrust,formal_abs,coexpression_probability,9,393,393,0.5,0.5270024409351954,0.5169273446178672,1.1,0.0192722715437412,0.0179673768579959,0.0013048946857452,0.0540048818703908
adult_celltype__smooth_muscle_cell,ZJU_HCL_adult_celltype,Smooth muscle cell,trrust,formal_abs,codetection_odds_ratio,9,393,393,0.5,0.5488963994587209,0.5339230426174129,1.1,1.4571717977523804,1.3430237770080566,0.1141480207443237,0.097792798917442
adult_celltype__smooth_muscle_cell,ZJU_HCL_adult_celltype,Smooth muscle cell,dorothea_ab,formal_abs,pearson,0,592,592,0.5,0.5357640157048941,0.524446429483702,1.0,0.0519636329263448,0.043916979804635,0.0080466531217098,0.0715280314097881
adult_celltype__smooth_muscle_cell,ZJU_HCL_adult_celltype,Smooth muscle cell,dorothea_ab,formal_abs,spearman,0,592,592,0.5,0.5314754154492329,0.5205350778537439,0.9666666666666668,0.0538311805576086,0.0487440954893827,0.0050870850682258,0.062950830898466
adult_celltype__smooth_muscle_cell,ZJU_HCL_adult_celltype,Smooth muscle cell,dorothea_ab,formal_abs,mutual_information,0,592,592,0.5,0.5233889928780131,0.513669025385217,0.9333333333333332,0.0013032138813287,0.0010981906671077,0.000205023214221,0.0467779857560262
adult_celltype__smooth_muscle_cell,ZJU_HCL_adult_celltype,Smooth muscle cell,dorothea_ab,formal_abs,coexpression_probability,0,592,592,0.5,0.529420996165084,0.5164333426921535,1.0666666666666669,0.0213299877941608,0.0198243418708443,0.0015056459233164,0.0588419923301679
adult_celltype__smooth_muscle_cell,ZJU_HCL_adult_celltype,Smooth muscle cell,dorothea_ab,formal_abs,codetection_odds_ratio,0,592,592,0.5,0.5777255295836378,0.5491111686897117,1.2,1.5725980401039124,1.4213228821754456,0.1512751579284668,0.1554510591672753
adult_celltype__smooth_muscle_cell,ZJU_HCL_adult_celltype,Smooth muscle cell,dorothea_ab,formal_abs,pearson,1,592,592,0.5,0.5346497785792549,0.5196995135195858,1.0333333333333334,0.0519636329263448,0.0447132289409637,0.0072504039853811,0.0692995571585097
adult_celltype__smooth_muscle_cell,ZJU_HCL_adult_celltype,Smooth muscle cell,dorothea_ab,formal_abs,spearman,1,592,592,0.5,0.5331203775566107,0.5191575120055282,0.9666666666666668,0.0538311805576086,0.046191718429327,0.0076394621282815,0.0662407551132213
adult_celltype__smooth_muscle_cell,ZJU_HCL_adult_celltype,Smooth muscle cell,dorothea_ab,formal_abs,mutual_information,1,592,592,0.5,0.5261524721512052,0.5135007105469545,0.8666666666666667,0.0013032138813287,0.0010919668711721,0.0002112470101565,0.0523049443024106
adult_celltype__smooth_muscle_cell,ZJU_HCL_adult_celltype,Smooth muscle cell,dorothea_ab,formal_abs,coexpression_probability,1,592,592,0.5,0.5281626643535428,0.5159979989869061,1.1333333333333333,0.0213299877941608,0.0207026349380612,0.0006273528560996,0.0563253287070855
adult_celltype__smooth_muscle_cell,ZJU_HCL_adult_celltype,Smooth muscle cell,dorothea_ab,formal_abs,codetection_odds_ratio,1,592,592,0.5,0.5817045402666179,0.5511849820276353,1.1666666666666667,1.5725980401039124,1.4108899235725405,0.161708116531372,0.163409080533236
adult_celltype__smooth_muscle_cell,ZJU_HCL_adult_celltype,Smooth muscle cell,dorothea_ab,formal_abs,pearson,2,592,592,0.5,0.5369210532322863,0.5271217077249656,1.1,0.0519636329263448,0.0442489236593246,0.0077147092670202,0.0738421064645726
adult_celltype__smooth_muscle_cell,ZJU_HCL_adult_celltype,Smooth muscle cell,dorothea_ab,formal_abs,spearman,2,592,592,0.5,0.5378512486303871,0.5261334166201534,1.0333333333333334,0.0538311805576086,0.0474440678954124,0.0063871126621961,0.0757024972607742
adult_celltype__smooth_muscle_cell,ZJU_HCL_adult_celltype,Smooth muscle cell,dorothea_ab,formal_abs,mutual_information,2,592,592,0.5,0.5270484272279036,0.5175866624498706,1.0,0.0013032138813287,0.0010898897890001,0.0002133240923285,0.0540968544558071
adult_celltype__smooth_muscle_cell,ZJU_HCL_adult_celltype,Smooth muscle cell,dorothea_ab,formal_abs,coexpression_probability,2,592,592,0.5,0.5303740184441199,0.5159079196121424,1.1,0.0213299877941608,0.0206273533403873,0.0007026344537734,0.0607480368882396
adult_celltype__smooth_muscle_cell,ZJU_HCL_adult_celltype,Smooth muscle cell,dorothea_ab,formal_abs,codetection_odds_ratio,2,592,592,0.5,0.5859046863586559,0.5571170632788064,1.2333333333333334,1.5725980401039124,1.4002292156219482,0.1723688244819641,0.171809372717312
adult_celltype__smooth_muscle_cell,ZJU_HCL_adult_celltype,Smooth muscle cell,dorothea_ab,formal_abs,pearson,3,592,592,0.5,0.5279301155040175,0.5193057926756656,1.0666666666666669,0.0519636329263448,0.0452636033296585,0.0067000295966863,0.0558602310080351
adult_celltype__smooth_muscle_cell,ZJU_HCL_adult_celltype,Smooth muscle cell,dorothea_ab,formal_abs,spearman,3,592,592,0.5,0.5256131870891162,0.5172253821502033,0.9,0.0538311805576086,0.0486106220632791,0.0052205584943294,0.0512263741782323
adult_celltype__smooth_muscle_cell,ZJU_HCL_adult_celltype,Smooth muscle cell,dorothea_ab,formal_abs,mutual_information,3,592,592,0.5,0.5184412664353544,0.5113064263689829,0.8333333333333334,0.0013032138813287,0.0011738360626623,0.0001293778186663,0.0368825328707085
adult_celltype__smooth_muscle_cell,ZJU_HCL_adult_celltype,Smooth muscle cell,dorothea_ab,formal_abs,coexpression_probability,3,592,592,0.5,0.5274778579254931,0.5148388166743472,1.1333333333333333,0.0213299877941608,0.0200501885265111,0.0012797992676496,0.0549557158509861
adult_celltype__smooth_muscle_cell,ZJU_HCL_adult_celltype,Smooth muscle cell,dorothea_ab,formal_abs,codetection_odds_ratio,3,592,592,0.5,0.5727606829802776,0.5451871223894187,1.2,1.5725980401039124,1.4334836602211,0.1391143798828125,0.1455213659605552
adult_celltype__smooth_muscle_cell,ZJU_HCL_adult_celltype,Smooth muscle cell,dorothea_ab,formal_abs,pearson,4,592,592,0.5,0.5397587198685172,0.5250263845463795,1.0666666666666669,0.0519636329263448,0.0435187220573425,0.0084449108690023,0.0795174397370344
adult_celltype__smooth_muscle_cell,ZJU_HCL_adult_celltype,Smooth muscle cell,dorothea_ab,formal_abs,spearman,4,592,592,0.5,0.534163280679328,0.5211617564308142,1.0,0.0538311805576086,0.0470247939229011,0.0068063866347074,0.0683265613586558
adult_celltype__smooth_muscle_cell,ZJU_HCL_adult_celltype,Smooth muscle cell,dorothea_ab,formal_abs,mutual_information,4,592,592,0.5,0.5248912869795471,0.5134731928250114,0.9,0.0013032138813287,0.0011410575825721,0.0001621562987565,0.0497825739590942
adult_celltype__smooth_muscle_cell,ZJU_HCL_adult_celltype,Smooth muscle cell,dorothea_ab,formal_abs,coexpression_probability,4,592,592,0.5,0.5291941540357925,0.5167133377835829,1.1333333333333333,0.0213299877941608,0.0199247170239686,0.0014052707701921,0.058388308071585
adult_celltype__smooth_muscle_cell,ZJU_HCL_adult_celltype,Smooth muscle cell,dorothea_ab,formal_abs,codetection_odds_ratio,4,592,592,0.5,0.5797728154674945,0.5463628883793147,1.1333333333333333,1.5725980401039124,1.4162063598632812,0.1563916802406311,0.1595456309349889
adult_celltype__smooth_muscle_cell,ZJU_HCL_adult_celltype,Smooth muscle cell,dorothea_ab,formal_abs,pearson,5,592,592,0.5,0.5445766184258582,0.534784387411536,1.0666666666666669,0.0519636329263448,0.043570764362812,0.0083928685635328,0.0891532368517165
adult_celltype__smooth_muscle_cell,ZJU_HCL_adult_celltype,Smooth muscle cell,dorothea_ab,formal_abs,spearman,5,592,592,0.5,0.5499694690467494,0.5362291228617815,1.0333333333333334,0.0538311805576086,0.0441028773784637,0.0097283031791448,0.0999389380934989
adult_celltype__smooth_muscle_cell,ZJU_HCL_adult_celltype,Smooth muscle cell,dorothea_ab,formal_abs,mutual_information,5,592,592,0.5,0.5412039467677137,0.5305031638032791,0.8666666666666667,0.0013032138813287,0.0010032667778432,0.0002999471034854,0.0824078935354273
adult_celltype__smooth_muscle_cell,ZJU_HCL_adult_celltype,Smooth muscle cell,dorothea_ab,formal_abs,coexpression_probability,5,592,592,0.5,0.5286220553323594,0.5203928640778857,1.1,0.0213299877941608,0.0199749059975147,0.0013550817966461,0.0572441106647187
adult_celltype__smooth_muscle_cell,ZJU_HCL_adult_celltype,Smooth muscle cell,dorothea_ab,formal_abs,codetection_odds_ratio,5,592,592,0.5,0.5897510157962016,0.5615935941670763,1.2666666666666666,1.5725980401039124,1.3760347962379456,0.1965632438659668,0.1795020315924032
adult_celltype__smooth_muscle_cell,ZJU_HCL_adult_celltype,Smooth muscle cell,dorothea_ab,formal_abs,pearson,6,592,592,0.5,0.534388696128561,0.5292300879702113,1.1,0.0519636329263448,0.0444335304200649,0.0075301025062799,0.0687773922571219
adult_celltype__smooth_muscle_cell,ZJU_HCL_adult_celltype,Smooth muscle cell,dorothea_ab,formal_abs,spearman,6,592,592,0.5,0.5368568526296567,0.5299994737769192,1.0666666666666669,0.0538311805576086,0.0463648904114961,0.0074662901461124,0.0737137052593133
adult_celltype__smooth_muscle_cell,ZJU_HCL_adult_celltype,Smooth muscle cell,dorothea_ab,formal_abs,mutual_information,6,592,592,0.5,0.5280970370708546,0.5240079328523922,1.0333333333333334,0.0013032138813287,0.001098861452192,0.0002043524291366,0.0561940741417092
adult_celltype__smooth_muscle_cell,ZJU_HCL_adult_celltype,Smooth muscle cell,dorothea_ab,formal_abs,coexpression_probability,6,592,592,0.5,0.5257044946128561,0.5182571975414103,1.1,0.0213299877941608,0.0207277284935116,0.0006022593006491,0.0514089892257121
adult_celltype__smooth_muscle_cell,ZJU_HCL_adult_celltype,Smooth muscle cell,dorothea_ab,formal_abs,codetection_odds_ratio,6,592,592,0.5,0.5827502967494522,0.5501839079503871,1.1,1.5725980401039124,1.3915112018585205,0.1810868382453918,0.1655005934989042
adult_celltype__smooth_muscle_cell,ZJU_HCL_adult_celltype,Smooth muscle cell,dorothea_ab,formal_abs,pearson,7,592,592,0.5,0.5381265978816654,0.5294652537103086,1.1,0.0519636329263448,0.0432492177933454,0.0087144151329994,0.076253195763331
adult_celltype__smooth_muscle_cell,ZJU_HCL_adult_celltype,Smooth muscle cell,dorothea_ab,formal_abs,spearman,7,592,592,0.5,0.5425863997443389,0.5305321889891011,0.9666666666666668,0.0538311805576086,0.0454050563275814,0.0084261242300271,0.0851727994886779
adult_celltype__smooth_muscle_cell,ZJU_HCL_adult_celltype,Smooth muscle cell,dorothea_ab,formal_abs,mutual_information,7,592,592,0.5,0.5345128172936449,0.525289899698896,0.9666666666666668,0.0013032138813287,0.0010260108392685,0.0002772030420601,0.0690256345872899
adult_celltype__smooth_muscle_cell,ZJU_HCL_adult_celltype,Smooth muscle cell,dorothea_ab,formal_abs,coexpression_probability,7,592,592,0.5,0.5264463682432432,0.5163269018184293,1.0666666666666669,0.0213299877941608,0.0206273533403873,0.0007026344537734,0.0528927364864864
adult_celltype__smooth_muscle_cell,ZJU_HCL_adult_celltype,Smooth muscle cell,dorothea_ab,formal_abs,codetection_odds_ratio,7,592,592,0.5,0.5831854341672754,0.5542012119574089,1.2333333333333334,1.5725980401039124,1.4124920964241028,0.1601059436798095,0.1663708683345508
adult_celltype__smooth_muscle_cell,ZJU_HCL_adult_celltype,Smooth muscle cell,dorothea_ab,formal_abs,pearson,8,592,592,0.5,0.5391851944850256,0.5284662753152403,1.0666666666666669,0.0519636329263448,0.0449674576520919,0.0069961752742528,0.0783703889700511
adult_celltype__smooth_muscle_cell,ZJU_HCL_adult_celltype,Smooth muscle cell,dorothea_ab,formal_abs,spearman,8,592,592,0.5,0.5414193754565377,0.5271265734211172,0.9333333333333332,0.0538311805576086,0.0466324053704738,0.0071987751871347,0.0828387509130752
adult_celltype__smooth_muscle_cell,ZJU_HCL_adult_celltype,Smooth muscle cell,dorothea_ab,formal_abs,mutual_information,8,592,592,0.5,0.5322372626004382,0.5190163686504218,0.8333333333333334,0.0013032138813287,0.0010850242106243,0.0002181896707043,0.0644745252008764
adult_celltype__smooth_muscle_cell,ZJU_HCL_adult_celltype,Smooth muscle cell,dorothea_ab,formal_abs,coexpression_probability,8,592,592,0.5,0.5302527506391527,0.5163412371536713,1.1,0.0213299877941608,0.0200250940397381,0.0013048937544226,0.0605055012783053
adult_celltype__smooth_muscle_cell,ZJU_HCL_adult_celltype,Smooth muscle cell,dorothea_ab,formal_abs,codetection_odds_ratio,8,592,592,0.5,0.5875895955076698,0.5560862485117388,1.1666666666666667,1.5725980401039124,1.384663999080658,0.1879340410232544,0.1751791910153397
adult_celltype__smooth_muscle_cell,ZJU_HCL_adult_celltype,Smooth muscle cell,dorothea_ab,formal_abs,pearson,9,592,592,0.5,0.5434252876186998,0.5311859110415417,1.0666666666666669,0.0519636329263448,0.0458994600921869,0.0060641728341579,0.0868505752373995
adult_celltype__smooth_muscle_cell,ZJU_HCL_adult_celltype,Smooth muscle cell,dorothea_ab,formal_abs,spearman,9,592,592,0.5,0.5451401570489408,0.5290063136918406,0.9666666666666668,0.0538311805576086,0.046532217413187,0.0072989631444215,0.0902803140978816
adult_celltype__smooth_muscle_cell,ZJU_HCL_adult_celltype,Smooth muscle cell,dorothea_ab,formal_abs,mutual_information,9,592,592,0.5,0.5377214207450693,0.5219747773358125,0.9333333333333332,0.0013032138813287,0.001039917813614,0.0002632960677146,0.0754428414901386
adult_celltype__smooth_muscle_cell,ZJU_HCL_adult_celltype,Smooth muscle cell,dorothea_ab,formal_abs,coexpression_probability,9,592,592,0.5,0.5326895201789628,0.5189394103889443,1.0333333333333334,0.0213299877941608,0.0195232117548584,0.0018067760393023,0.0653790403579255
adult_celltype__smooth_muscle_cell,ZJU_HCL_adult_celltype,Smooth muscle cell,dorothea_ab,formal_abs,codetection_odds_ratio,9,592,592,0.5,0.5906769311541271,0.5576283765830081,1.2,1.5725980401039124,1.360601246356964,0.2119967937469482,0.1813538623082542
adult_celltype__smooth_muscle_cell,ZJU_HCL_adult_celltype,Smooth muscle cell,trrust_dorothea_intersection,formal_abs,pearson,0,192,192,0.5,0.538180881076389,0.5287331985862637,0.9,0.0593560393899679,0.0475700292736291,0.0117860101163387,0.0763617621527776
adult_celltype__smooth_muscle_cell,ZJU_HCL_adult_celltype,Smooth muscle cell,trrust_dorothea_intersection,formal_abs,spearman,0,192,192,0.5,0.5260823567708334,0.523993805768034,1.0,0.0555298533290624,0.0493198428303003,0.0062100104987621,0.0521647135416667
adult_celltype__smooth_muscle_cell,ZJU_HCL_adult_celltype,Smooth muscle cell,trrust_dorothea_intersection,formal_abs,mutual_information,0,192,192,0.5,0.5140109592013888,0.5145506477275996,1.0,0.001432133372873,0.0012811277993023,0.0001510055735707,0.0280219184027776
adult_celltype__smooth_muscle_cell,ZJU_HCL_adult_celltype,Smooth muscle cell,trrust_dorothea_intersection,formal_abs,coexpression_probability,0,192,192,0.5,0.5342881944444444,0.524743789709582,1.2,0.0207026349380612,0.0183939775452017,0.0023086573928594,0.0685763888888888
adult_celltype__smooth_muscle_cell,ZJU_HCL_adult_celltype,Smooth muscle cell,trrust_dorothea_intersection,formal_abs,codetection_odds_ratio,0,192,192,0.5,0.5744493272569444,0.5485498834185687,1.2,1.5830839276313782,1.4234779477119446,0.1596059799194336,0.1488986545138888
adult_celltype__smooth_muscle_cell,ZJU_HCL_adult_celltype,Smooth muscle cell,trrust_dorothea_intersection,formal_abs,pearson,1,192,192,0.5,0.5361870659722222,0.5227100129425117,0.8,0.0593560393899679,0.0494274608790874,0.0099285785108804,0.0723741319444444
adult_celltype__smooth_muscle_cell,ZJU_HCL_adult_celltype,Smooth muscle cell,trrust_dorothea_intersection,formal_abs,spearman,1,192,192,0.5,0.5335015190972222,0.5271810029955557,1.0,0.0555298533290624,0.0453281886875629,0.0102016646414995,0.0670030381944444
adult_celltype__smooth_muscle_cell,ZJU_HCL_adult_celltype,Smooth muscle cell,trrust_dorothea_intersection,formal_abs,mutual_information,1,192,192,0.5,0.5203721788194444,0.5182734287244102,1.0,0.001432133372873,0.0011731842532753,0.0002589491195976,0.0407443576388888
adult_celltype__smooth_muscle_cell,ZJU_HCL_adult_celltype,Smooth muscle cell,trrust_dorothea_intersection,formal_abs,coexpression_probability,1,192,192,0.5,0.5282253689236112,0.5237163754615699,1.2,0.0207026349380612,0.0194228356704115,0.0012797992676496,0.0564507378472223
adult_celltype__smooth_muscle_cell,ZJU_HCL_adult_celltype,Smooth muscle cell,trrust_dorothea_intersection,formal_abs,codetection_odds_ratio,1,192,192,0.5,0.567138671875,0.5442741710631926,1.3,1.5830839276313782,1.4278535842895508,0.1552303433418274,0.13427734375
adult_celltype__smooth_muscle_cell,ZJU_HCL_adult_celltype,Smooth muscle cell,trrust_dorothea_intersection,formal_abs,pearson,2,192,192,0.5,0.5442843967013888,0.5222923156235324,0.6,0.0593560393899679,0.048170244321227,0.0111857950687408,0.0885687934027776
adult_celltype__smooth_muscle_cell,ZJU_HCL_adult_celltype,Smooth muscle cell,trrust_dorothea_intersection,formal_abs,spearman,2,192,192,0.5,0.5370415581597222,0.5184337117804961,0.8,0.0555298533290624,0.0472011398524045,0.0083287134766578,0.0740831163194444
adult_celltype__smooth_muscle_cell,ZJU_HCL_adult_celltype,Smooth muscle cell,trrust_dorothea_intersection,formal_abs,mutual_information,2,192,192,0.5,0.5279541015625,0.5106928486122795,0.9,0.001432133372873,0.0012229038402438,0.0002092295326292,0.055908203125
adult_celltype__smooth_muscle_cell,ZJU_HCL_adult_celltype,Smooth muscle cell,trrust_dorothea_intersection,formal_abs,coexpression_probability,2,192,192,0.5,0.5317925347222222,0.5242935701190805,1.0,0.0207026349380612,0.0197741528972983,0.0009284820407629,0.0635850694444444
adult_celltype__smooth_muscle_cell,ZJU_HCL_adult_celltype,Smooth muscle cell,trrust_dorothea_intersection,formal_abs,codetection_odds_ratio,2,192,192,0.5,0.5858425564236112,0.539856785399613,0.9,1.5830839276313782,1.3756746649742126,0.2074092626571655,0.1716851128472223
adult_celltype__smooth_muscle_cell,ZJU_HCL_adult_celltype,Smooth muscle cell,trrust_dorothea_intersection,formal_abs,pearson,3,192,192,0.5,0.5354682074652779,0.5224680396586486,0.8,0.0593560393899679,0.049825707450509,0.0095303319394588,0.0709364149305555
adult_celltype__smooth_muscle_cell,ZJU_HCL_adult_celltype,Smooth muscle cell,trrust_dorothea_intersection,formal_abs,spearman,3,192,192,0.5,0.5259195963541666,0.5154339697787789,1.0,0.0555298533290624,0.0497080609202384,0.0058217924088239,0.0518391927083332
adult_celltype__smooth_muscle_cell,ZJU_HCL_adult_celltype,Smooth muscle cell,trrust_dorothea_intersection,formal_abs,mutual_information,3,192,192,0.5,0.5126003689236112,0.5081092289020096,1.0,0.001432133372873,0.00129482941702,0.0001373039558529,0.0252007378472223
adult_celltype__smooth_muscle_cell,ZJU_HCL_adult_celltype,Smooth muscle cell,trrust_dorothea_intersection,formal_abs,coexpression_probability,3,192,192,0.5,0.5323079427083334,0.5250869309195568,1.1,0.0207026349380612,0.0186951057985425,0.0020075291395187,0.0646158854166667
adult_celltype__smooth_muscle_cell,ZJU_HCL_adult_celltype,Smooth muscle cell,trrust_dorothea_intersection,formal_abs,codetection_odds_ratio,3,192,192,0.5,0.5742051866319444,0.5340706068733807,1.0,1.5830839276313782,1.3904573917388916,0.1926265358924865,0.1484103732638888
adult_celltype__smooth_muscle_cell,ZJU_HCL_adult_celltype,Smooth muscle cell,trrust_dorothea_intersection,formal_abs,pearson,4,192,192,0.5,0.528171115451389,0.5143045256483918,0.8,0.0593560393899679,0.0503412969410419,0.0090147424489259,0.0563422309027776
adult_celltype__smooth_muscle_cell,ZJU_HCL_adult_celltype,Smooth muscle cell,trrust_dorothea_intersection,formal_abs,spearman,4,192,192,0.5,0.5210367838541667,0.5123443821417848,0.9,0.0555298533290624,0.0517277885228395,0.0038020648062229,0.0420735677083332
adult_celltype__smooth_muscle_cell,ZJU_HCL_adult_celltype,Smooth muscle cell,trrust_dorothea_intersection,formal_abs,mutual_information,4,192,192,0.5,0.5077446831597222,0.5055704101465779,1.0,0.001432133372873,0.0013481767382472,8.39566346257925e-05,0.0154893663194444
adult_celltype__smooth_muscle_cell,ZJU_HCL_adult_celltype,Smooth muscle cell,trrust_dorothea_intersection,formal_abs,coexpression_probability,4,192,192,0.5,0.5316297743055556,0.5206749464008602,1.1,0.0207026349380612,0.0185445416718721,0.002158093266189,0.0632595486111111
adult_celltype__smooth_muscle_cell,ZJU_HCL_adult_celltype,Smooth muscle cell,trrust_dorothea_intersection,formal_abs,codetection_odds_ratio,4,192,192,0.5,0.5742594401041667,0.5342146139921129,1.2,1.5830839276313782,1.414865791797638,0.1682181358337402,0.1485188802083332
adult_celltype__smooth_muscle_cell,ZJU_HCL_adult_celltype,Smooth muscle cell,trrust_dorothea_intersection,formal_abs,pearson,5,192,192,0.5,0.5460611979166667,0.5321281909625175,1.0,0.0593560393899679,0.0488376151770353,0.0105184242129325,0.0921223958333332
adult_celltype__smooth_muscle_cell,ZJU_HCL_adult_celltype,Smooth muscle cell,trrust_dorothea_intersection,formal_abs,spearman,5,192,192,0.5,0.5331759982638888,0.5358450654410085,1.2,0.0555298533290624,0.051178328692913,0.0043515246361494,0.0663519965277776
adult_celltype__smooth_muscle_cell,ZJU_HCL_adult_celltype,Smooth muscle cell,trrust_dorothea_intersection,formal_abs,mutual_information,5,192,192,0.5,0.522705078125,0.5246181991089307,1.0,0.001432133372873,0.0013141082599759,0.0001180251128971,0.04541015625
adult_celltype__smooth_muscle_cell,ZJU_HCL_adult_celltype,Smooth muscle cell,trrust_dorothea_intersection,formal_abs,coexpression_probability,5,192,192,0.5,0.5355495876736112,0.5305352103106613,1.2,0.0207026349380612,0.0205269763246178,0.0001756586134433,0.0710991753472223
adult_celltype__smooth_muscle_cell,ZJU_HCL_adult_celltype,Smooth muscle cell,trrust_dorothea_intersection,formal_abs,codetection_odds_ratio,5,192,192,0.5,0.5951334635416667,0.569819034258751,1.3,1.5830839276313782,1.422041416168213,0.1610425114631652,0.1902669270833332
adult_celltype__smooth_muscle_cell,ZJU_HCL_adult_celltype,Smooth muscle cell,trrust_dorothea_intersection,formal_abs,pearson,6,192,192,0.5,0.5303141276041667,0.5108948610772721,0.8,0.0593560393899679,0.0490685105323791,0.0102875288575887,0.0606282552083332
adult_celltype__smooth_muscle_cell,ZJU_HCL_adult_celltype,Smooth muscle cell,trrust_dorothea_intersection,formal_abs,spearman,6,192,192,0.5,0.5273844401041666,0.5097255906357472,1.0,0.0555298533290624,0.0482326578348875,0.0072971954941749,0.0547688802083332
adult_celltype__smooth_muscle_cell,ZJU_HCL_adult_celltype,Smooth muscle cell,trrust_dorothea_intersection,formal_abs,mutual_information,6,192,192,0.5,0.5225830078125,0.5066515389171681,1.0,0.001432133372873,0.001209476031363,0.00022265734151,0.045166015625
adult_celltype__smooth_muscle_cell,ZJU_HCL_adult_celltype,Smooth muscle cell,trrust_dorothea_intersection,formal_abs,coexpression_probability,6,192,192,0.5,0.5196668836805556,0.5180222664107694,1.2,0.0207026349380612,0.0194981172680854,0.0012045176699757,0.0393337673611111
adult_celltype__smooth_muscle_cell,ZJU_HCL_adult_celltype,Smooth muscle cell,trrust_dorothea_intersection,formal_abs,codetection_odds_ratio,6,192,192,0.5,0.5540771484375,0.5171937396220008,0.9,1.5830839276313782,1.4446560144424438,0.1384279131889343,0.108154296875
adult_celltype__smooth_muscle_cell,ZJU_HCL_adult_celltype,Smooth muscle cell,trrust_dorothea_intersection,formal_abs,pearson,7,192,192,0.5,0.5437147352430556,0.5244082955563938,0.8,0.0593560393899679,0.0459105167537927,0.0134455226361751,0.0874294704861111
adult_celltype__smooth_muscle_cell,ZJU_HCL_adult_celltype,Smooth muscle cell,trrust_dorothea_intersection,formal_abs,spearman,7,192,192,0.5,0.5364447699652779,0.5233547243283145,1.0,0.0555298533290624,0.0443576108664274,0.011172242462635,0.0728895399305555
adult_celltype__smooth_muscle_cell,ZJU_HCL_adult_celltype,Smooth muscle cell,trrust_dorothea_intersection,formal_abs,mutual_information,7,192,192,0.5,0.5315619574652778,0.5179463404538347,1.0,0.001432133372873,0.0011012791655957,0.0003308542072772,0.0631239149305555
adult_celltype__smooth_muscle_cell,ZJU_HCL_adult_celltype,Smooth muscle cell,trrust_dorothea_intersection,formal_abs,coexpression_probability,7,192,192,0.5,0.5313313802083333,0.5231308383611151,1.3,0.0207026349380612,0.0183688830584287,0.0023337518796324,0.0626627604166667
adult_celltype__smooth_muscle_cell,ZJU_HCL_adult_celltype,Smooth muscle cell,trrust_dorothea_intersection,formal_abs,codetection_odds_ratio,7,192,192,0.5,0.5784369574652778,0.5482662905403148,1.2,1.5830839276313782,1.3803052306175232,0.2027786970138549,0.1568739149305555
adult_celltype__smooth_muscle_cell,ZJU_HCL_adult_celltype,Smooth muscle cell,trrust_dorothea_intersection,formal_abs,pearson,8,192,192,0.5,0.5214572482638888,0.5072372755666056,0.6,0.0593560393899679,0.0598390139639377,-0.0004829745739698,0.0429144965277776
adult_celltype__smooth_muscle_cell,ZJU_HCL_adult_celltype,Smooth muscle cell,trrust_dorothea_intersection,formal_abs,spearman,8,192,192,0.5,0.510959201388889,0.5057218946447477,1.0,0.0555298533290624,0.0575409289449453,-0.0020110756158828,0.0219184027777776
adult_celltype__smooth_muscle_cell,ZJU_HCL_adult_celltype,Smooth muscle cell,trrust_dorothea_intersection,formal_abs,mutual_information,8,192,192,0.5,0.5012749565972223,0.498018075144812,1.0,0.001432133372873,0.0015381744597107,-0.0001060410868376,0.0025499131944444
adult_celltype__smooth_muscle_cell,ZJU_HCL_adult_celltype,Smooth muscle cell,trrust_dorothea_intersection,formal_abs,coexpression_probability,8,192,192,0.5,0.5248074001736112,0.5180079609733994,1.2,0.0207026349380612,0.0207528239116072,-5.018897354602814e-05,0.0496148003472223
adult_celltype__smooth_muscle_cell,ZJU_HCL_adult_celltype,Smooth muscle cell,trrust_dorothea_intersection,formal_abs,codetection_odds_ratio,8,192,192,0.5,0.5540635850694444,0.5246808345709996,1.2,1.5830839276313782,1.484932005405426,0.0981519222259521,0.1081271701388888
adult_celltype__smooth_muscle_cell,ZJU_HCL_adult_celltype,Smooth muscle cell,trrust_dorothea_intersection,formal_abs,pearson,9,192,192,0.5,0.5324164496527778,0.512364221256498,0.8,0.0593560393899679,0.0535731967538595,0.0057828426361083,0.0648328993055555
adult_celltype__smooth_muscle_cell,ZJU_HCL_adult_celltype,Smooth muscle cell,trrust_dorothea_intersection,formal_abs,spearman,9,192,192,0.5,0.5148383246527777,0.5089407505820449,1.0,0.0555298533290624,0.0555423144251108,-1.2461096048355104e-05,0.0296766493055555
adult_celltype__smooth_muscle_cell,ZJU_HCL_adult_celltype,Smooth muscle cell,trrust_dorothea_intersection,formal_abs,mutual_information,9,192,192,0.5,0.5111490885416667,0.505219861411602,1.0,0.001432133372873,0.0013168656732887,0.0001152676995843,0.0222981770833332
adult_celltype__smooth_muscle_cell,ZJU_HCL_adult_celltype,Smooth muscle cell,trrust_dorothea_intersection,formal_abs,coexpression_probability,9,192,192,0.5,0.5279947916666667,0.5244488829166685,1.1,0.0207026349380612,0.0198996243998408,0.0008030105382204,0.0559895833333332
adult_celltype__smooth_muscle_cell,ZJU_HCL_adult_celltype,Smooth muscle cell,trrust_dorothea_intersection,formal_abs,codetection_odds_ratio,9,192,192,0.5,0.5705023871527778,0.5347525581253751,0.9,1.5830839276313782,1.4389692544937134,0.1441146731376648,0.1410047743055555
adult_celltype__smooth_muscle_cell,ZJU_HCL_adult_celltype,Smooth muscle cell,trrust_dorothea_union,formal_abs,pearson,0,793,793,0.5,0.5122859382777105,0.5204133441123011,1.025,0.047466829419136,0.0432516522705554,0.0042151771485805,0.024571876555421
adult_celltype__smooth_muscle_cell,ZJU_HCL_adult_celltype,Smooth muscle cell,trrust_dorothea_union,formal_abs,spearman,0,793,793,0.5,0.5092581843972083,0.5172604690796336,1.05,0.0485231913626194,0.045384008437395,0.0031391829252243,0.0185163687944165
adult_celltype__smooth_muscle_cell,ZJU_HCL_adult_celltype,Smooth muscle cell,trrust_dorothea_union,formal_abs,mutual_information,0,793,793,0.5,0.5035334396651661,0.5118471665332427,0.95,0.0010942338267341,0.0010327914496883,6.144237704575062e-05,0.0070668793303321
adult_celltype__smooth_muscle_cell,ZJU_HCL_adult_celltype,Smooth muscle cell,trrust_dorothea_union,formal_abs,coexpression_probability,0,793,793,0.5,0.5273897231290818,0.516924710566498,1.05,0.0201254710555076,0.0185696352273225,0.001555835828185,0.0547794462581636
adult_celltype__smooth_muscle_cell,ZJU_HCL_adult_celltype,Smooth muscle cell,trrust_dorothea_union,formal_abs,codetection_odds_ratio,0,793,793,0.5,0.5675965136304582,0.5464747188809925,1.15,1.5169076919555664,1.3976938724517822,0.1192138195037841,0.1351930272609163
adult_celltype__smooth_muscle_cell,ZJU_HCL_adult_celltype,Smooth muscle cell,trrust_dorothea_union,formal_abs,pearson,1,793,793,0.5,0.5178015708063461,0.5272442918451444,1.15,0.047466829419136,0.0439988039433956,0.0034680254757404,0.0356031416126922
adult_celltype__smooth_muscle_cell,ZJU_HCL_adult_celltype,Smooth muscle cell,trrust_dorothea_union,formal_abs,spearman,1,793,793,0.5,0.5141361439709692,0.5237365394510127,1.1,0.0485231913626194,0.0459445342421531,0.0025786571204662,0.0282722879419383
adult_celltype__smooth_muscle_cell,ZJU_HCL_adult_celltype,Smooth muscle cell,trrust_dorothea_union,formal_abs,mutual_information,1,793,793,0.5,0.5065810711315435,0.5165495096846427,1.025,0.0010942338267341,0.0010366674978286,5.756632890552282e-05,0.0131621422630869
adult_celltype__smooth_muscle_cell,ZJU_HCL_adult_celltype,Smooth muscle cell,trrust_dorothea_union,formal_abs,coexpression_probability,1,793,793,0.5,0.5324775900096843,0.5211702800103882,1.05,0.0201254710555076,0.0189711414277553,0.0011543296277523,0.0649551800193686
adult_celltype__smooth_muscle_cell,ZJU_HCL_adult_celltype,Smooth muscle cell,trrust_dorothea_union,formal_abs,codetection_odds_ratio,1,793,793,0.5,0.5798689351497737,0.5581208463120118,1.25,1.5169076919555664,1.35100257396698,0.1659051179885864,0.1597378702995473
adult_celltype__smooth_muscle_cell,ZJU_HCL_adult_celltype,Smooth muscle cell,trrust_dorothea_union,formal_abs,pearson,2,793,793,0.5,0.5231311491311905,0.52215196857254,1.025,0.047466829419136,0.0420719943940639,0.005394835025072,0.046262298262381
adult_celltype__smooth_muscle_cell,ZJU_HCL_adult_celltype,Smooth muscle cell,trrust_dorothea_union,formal_abs,spearman,2,793,793,0.5,0.5193400959530825,0.5181781751589495,1.075,0.0485231913626194,0.0459445342421531,0.0025786571204662,0.038680191906165
adult_celltype__smooth_muscle_cell,ZJU_HCL_adult_celltype,Smooth muscle cell,trrust_dorothea_union,formal_abs,mutual_information,2,793,793,0.5,0.5129919901279958,0.5128730797812726,0.95,0.0010942338267341,0.0010397898731753,5.4443953558802605e-05,0.0259839802559915
adult_celltype__smooth_muscle_cell,ZJU_HCL_adult_celltype,Smooth muscle cell,trrust_dorothea_union,formal_abs,coexpression_probability,2,793,793,0.5,0.5300493441191765,0.5181286172798681,1.05,0.0201254710555076,0.0187202002853155,0.0014052707701921,0.0600986882383529
adult_celltype__smooth_muscle_cell,ZJU_HCL_adult_celltype,Smooth muscle cell,trrust_dorothea_union,formal_abs,codetection_odds_ratio,2,793,793,0.5,0.5718932525932299,0.5457902166650328,1.15,1.5169076919555664,1.3635411262512207,0.1533665657043457,0.1437865051864597
adult_celltype__smooth_muscle_cell,ZJU_HCL_adult_celltype,Smooth muscle cell,trrust_dorothea_union,formal_abs,pearson,3,793,793,0.5,0.5144215861041362,0.5197364197458678,1.025,0.047466829419136,0.0439482480287551,0.0035185813903808,0.0288431722082724
adult_celltype__smooth_muscle_cell,ZJU_HCL_adult_celltype,Smooth muscle cell,trrust_dorothea_union,formal_abs,spearman,3,793,793,0.5,0.5128281988203844,0.5172472959820905,1.0,0.0485231913626194,0.0461970791220665,0.0023261122405529,0.0256563976407691
adult_celltype__smooth_muscle_cell,ZJU_HCL_adult_celltype,Smooth muscle cell,trrust_dorothea_union,formal_abs,mutual_information,3,793,793,0.5,0.5063910414105771,0.5122696553742574,0.95,0.0010942338267341,0.0010533272288739,4.090659786015749e-05,0.0127820828211542
adult_celltype__smooth_muscle_cell,ZJU_HCL_adult_celltype,Smooth muscle cell,trrust_dorothea_union,formal_abs,coexpression_probability,3,793,793,0.5,0.5260452032204869,0.5169656220588836,1.05,0.0201254710555076,0.0188707653433084,0.0012547057121992,0.0520904064409739
adult_celltype__smooth_muscle_cell,ZJU_HCL_adult_celltype,Smooth muscle cell,trrust_dorothea_union,formal_abs,codetection_odds_ratio,3,793,793,0.5,0.5654831287002127,0.5426246937366317,1.15,1.5169076919555664,1.3920069932937622,0.1249006986618042,0.1309662574004251
adult_celltype__smooth_muscle_cell,ZJU_HCL_adult_celltype,Smooth muscle cell,trrust_dorothea_union,formal_abs,pearson,4,793,793,0.5,0.5244049048340699,0.5259166777961966,1.075,0.047466829419136,0.0421328917145729,0.0053339377045631,0.0488098096681397
adult_celltype__smooth_muscle_cell,ZJU_HCL_adult_celltype,Smooth muscle cell,trrust_dorothea_union,formal_abs,spearman,4,793,793,0.5,0.5254417197133175,0.5254654214917454,1.1,0.0485231913626194,0.0436949506402015,0.0048282407224178,0.050883439426635
adult_celltype__smooth_muscle_cell,ZJU_HCL_adult_celltype,Smooth muscle cell,trrust_dorothea_union,formal_abs,mutual_information,4,793,793,0.5,0.519815567807216,0.5198133716848289,1.025,0.0010942338267341,0.0009298588847741,0.0001643749419599,0.0396311356144321
adult_celltype__smooth_muscle_cell,ZJU_HCL_adult_celltype,Smooth muscle cell,trrust_dorothea_union,formal_abs,coexpression_probability,4,793,793,0.5,0.5283009116655986,0.5167250948383884,1.025,0.0201254710555076,0.0191217064857482,0.0010037645697593,0.0566018233311971
adult_celltype__smooth_muscle_cell,ZJU_HCL_adult_celltype,Smooth muscle cell,trrust_dorothea_union,formal_abs,codetection_odds_ratio,4,793,793,0.5,0.5721476856924317,0.5512401754216198,1.175,1.5169076919555664,1.3415216207504272,0.1753860712051391,0.1442953713848633
adult_celltype__smooth_muscle_cell,ZJU_HCL_adult_celltype,Smooth muscle cell,trrust_dorothea_union,formal_abs,pearson,5,793,793,0.5,0.5158980931829422,0.523538367431039,1.0,0.047466829419136,0.0440648682415485,0.0034019611775875,0.0317961863658844
adult_celltype__smooth_muscle_cell,ZJU_HCL_adult_celltype,Smooth muscle cell,trrust_dorothea_union,formal_abs,spearman,5,793,793,0.5,0.5144287420350513,0.5222916492677445,1.075,0.0485231913626194,0.0464657582342624,0.0020574331283569,0.0288574840701025
adult_celltype__smooth_muscle_cell,ZJU_HCL_adult_celltype,Smooth muscle cell,trrust_dorothea_union,formal_abs,mutual_information,5,793,793,0.5,0.5077975793871025,0.5158547481442147,0.95,0.0010942338267341,0.0010396890575066,5.454476922750473e-05,0.0155951587742049
adult_celltype__smooth_muscle_cell,ZJU_HCL_adult_celltype,Smooth muscle cell,trrust_dorothea_union,formal_abs,coexpression_probability,5,793,793,0.5,0.5296979084009038,0.516833021534709,1.05,0.0201254710555076,0.0186198242008686,0.001505646854639,0.0593958168018078
adult_celltype__smooth_muscle_cell,ZJU_HCL_adult_celltype,Smooth muscle cell,trrust_dorothea_union,formal_abs,codetection_odds_ratio,5,793,793,0.5,0.5698204179381696,0.5519325142447411,1.175,1.5169076919555664,1.3851388692855835,0.1317688226699829,0.1396408358763392
adult_celltype__smooth_muscle_cell,ZJU_HCL_adult_celltype,Smooth muscle cell,trrust_dorothea_union,formal_abs,pearson,6,793,793,0.5,0.5175368013624893,0.5178651298171184,1.0,0.047466829419136,0.0422210395336151,0.0052457898855209,0.0350736027249785
adult_celltype__smooth_muscle_cell,ZJU_HCL_adult_celltype,Smooth muscle cell,trrust_dorothea_union,formal_abs,spearman,6,793,793,0.5,0.5175924586029397,0.5171907111123054,1.05,0.0485231913626194,0.044479701668024,0.0040434896945953,0.0351849172058793
adult_celltype__smooth_muscle_cell,ZJU_HCL_adult_celltype,Smooth muscle cell,trrust_dorothea_union,formal_abs,mutual_information,6,793,793,0.5,0.5104230109294918,0.5110394303651937,0.95,0.0010942338267341,0.0009742107940837,0.0001200230326503,0.0208460218589836
adult_celltype__smooth_muscle_cell,ZJU_HCL_adult_celltype,Smooth muscle cell,trrust_dorothea_union,formal_abs,coexpression_probability,6,793,793,0.5,0.5287493500029419,0.5163995589435542,1.05,0.0201254710555076,0.0189711414277553,0.0011543296277523,0.0574987000058837
adult_celltype__smooth_muscle_cell,ZJU_HCL_adult_celltype,Smooth muscle cell,trrust_dorothea_union,formal_abs,codetection_odds_ratio,6,793,793,0.5,0.5706489157174457,0.5437174736475474,1.125,1.5169076919555664,1.3586500883102417,0.1582576036453247,0.1412978314348913
adult_celltype__smooth_muscle_cell,ZJU_HCL_adult_celltype,Smooth muscle cell,trrust_dorothea_union,formal_abs,pearson,7,793,793,0.5,0.5144048889320012,0.5199185689843302,1.1,0.047466829419136,0.0445168316364288,0.0029499977827072,0.0288097778640024
adult_celltype__smooth_muscle_cell,ZJU_HCL_adult_celltype,Smooth muscle cell,trrust_dorothea_union,formal_abs,spearman,7,793,793,0.5,0.511269000984338,0.5189331930594675,1.075,0.0485231913626194,0.0461863577365875,0.0023368336260318,0.022538001968676
adult_celltype__smooth_muscle_cell,ZJU_HCL_adult_celltype,Smooth muscle cell,trrust_dorothea_union,formal_abs,mutual_information,7,793,793,0.5,0.5060340399682595,0.5123208296606094,1.0,0.0010942338267341,0.0010020036716014,9.223015513271092e-05,0.0120680799365189
adult_celltype__smooth_muscle_cell,ZJU_HCL_adult_celltype,Smooth muscle cell,trrust_dorothea_union,formal_abs,coexpression_probability,7,793,793,0.5,0.5278071524324599,0.5161545717653958,1.075,0.0201254710555076,0.0189711414277553,0.0011543296277523,0.0556143048649198
adult_celltype__smooth_muscle_cell,ZJU_HCL_adult_celltype,Smooth muscle cell,trrust_dorothea_union,formal_abs,codetection_odds_ratio,7,793,793,0.5,0.5668165171607175,0.5547082121984969,1.275,1.5169076919555664,1.3841891288757324,0.1327185630798339,0.1336330343214349
adult_celltype__smooth_muscle_cell,ZJU_HCL_adult_celltype,Smooth muscle cell,trrust_dorothea_union,formal_abs,pearson,8,793,793,0.5,0.5243897978688048,0.5309306176226267,1.125,0.047466829419136,0.0417752340435981,0.0056915953755378,0.0487795957376095
adult_celltype__smooth_muscle_cell,ZJU_HCL_adult_celltype,Smooth muscle cell,trrust_dorothea_union,formal_abs,spearman,8,793,793,0.5,0.5243023364909541,0.5299908107673779,1.125,0.0485231913626194,0.044165913015604,0.0043572783470153,0.0486046729819082
adult_celltype__smooth_muscle_cell,ZJU_HCL_adult_celltype,Smooth muscle cell,trrust_dorothea_union,formal_abs,mutual_information,8,793,793,0.5,0.5193695147801778,0.5244562788586187,1.025,0.0010942338267341,0.0008766561513766,0.0002175776753574,0.0387390295603555
adult_celltype__smooth_muscle_cell,ZJU_HCL_adult_celltype,Smooth muscle cell,trrust_dorothea_union,formal_abs,coexpression_probability,8,793,793,0.5,0.5285322867651853,0.519479546554807,1.125,0.0201254710555076,0.0191217064857482,0.0010037645697593,0.0570645735303705
adult_celltype__smooth_muscle_cell,ZJU_HCL_adult_celltype,Smooth muscle cell,trrust_dorothea_union,formal_abs,codetection_odds_ratio,8,793,793,0.5,0.5763450367258277,0.5564436219600282,1.2,1.5169076919555664,1.345569372177124,0.1713383197784423,0.1526900734516554
adult_celltype__smooth_muscle_cell,ZJU_HCL_adult_celltype,Smooth muscle cell,trrust_dorothea_union,formal_abs,pearson,9,793,793,0.5,0.5167830433061036,0.5191419557977851,0.975,0.047466829419136,0.0439621098339557,0.0035047195851802,0.0335660866122073
adult_celltype__smooth_muscle_cell,ZJU_HCL_adult_celltype,Smooth muscle cell,trrust_dorothea_union,formal_abs,spearman,9,793,793,0.5,0.5174557008121186,0.5192604544606323,0.975,0.0485231913626194,0.0453202202916145,0.0032029710710048,0.0349114016242373
adult_celltype__smooth_muscle_cell,ZJU_HCL_adult_celltype,Smooth muscle cell,trrust_dorothea_union,formal_abs,mutual_information,9,793,793,0.5,0.5099173251448281,0.5143753777491711,0.95,0.0010942338267341,0.0010424981592223,5.173566751182079e-05,0.0198346502896562
adult_celltype__smooth_muscle_cell,ZJU_HCL_adult_celltype,Smooth muscle cell,trrust_dorothea_union,formal_abs,coexpression_probability,9,793,793,0.5,0.5249002542740785,0.517007640879303,1.05,0.0201254710555076,0.0193224586546421,0.0008030124008655,0.0498005085481569
adult_celltype__smooth_muscle_cell,ZJU_HCL_adult_celltype,Smooth muscle cell,trrust_dorothea_union,formal_abs,codetection_odds_ratio,9,793,793,0.5,0.5642864980305288,0.540884784310631,1.175,1.5169076919555664,1.3717797994613647,0.1451278924942016,0.1285729960610575
