tf,target,mode,weight,confidence,tf_detection_rate,target_detection_rate,tf_mean_counts,target_mean_counts,target_z_mean_counts,target_z_detection_rate,edge_id_original
AHR,CYP1B1,Activation,1.0,A,0.1982703197249447,0.1523639375880771,0.39844927,0.40816274,0.1243351503195322,1.0411927255410358,0
AHR,FOS,Activation,1.0,A,0.1982703197249447,0.5457703815437629,0.39844927,9.007235,3.9674814825100784,4.546534819365286,1
AHR,MYC,Activation,1.0,A,0.1982703197249447,0.1647523552829711,0.39844927,0.23737915,0.048007575941545276,1.1515763826696435,2
ARNT,BHLHE40,Activation,1.0,A,0.1289903810489583,0.2166736727577287,0.1504624,0.34329468,0.09534394762607835,1.61420728896863,3
ARNT,CYP1B1,Activation,1.0,A,0.1289903810489583,0.1523639375880771,0.1504624,0.40816274,0.1243351503195322,1.0411927255410358,4
ATF1,BCL2,Activation,1.0,A,0.153940308103146,0.2813852278627349,0.18076366,0.47219273,0.15295179799713846,2.1908021606376797,5
ATF1,LDHA,Activation,1.0,A,0.153940308103146,0.62687619000498,0.18076366,1.3056952,0.5254654673324698,5.269206267229968,6
ATF1,MAP1LC3B,Activation,1.0,A,0.153940308103146,0.5748003264015278,0.18076366,1.0498929,0.4111408470378026,4.805198319302218,7
ATF1,PLAUR,Activation,1.0,A,0.153940308103146,0.2705979080634899,0.18076366,1.0925252,0.43019431727551494,2.0946846548042046,8
ATF1,SLC20A1,Activation,1.0,A,0.153940308103146,0.2369810340989097,0.18076366,0.33589658,0.0920375466539136,1.7951505592617811,9
ATF2,ATF3,Activation,1.0,A,0.1649316287925279,0.0880171113473996,0.1904546,0.14093259,0.004903130239818428,0.4678476721212983,10
ATF2,CDKN1A,Activation,1.0,A,0.1649316287925279,0.2153878489650451,0.1904546,0.5721349,0.19761852162188726,1.6027503025999923,11
ATF2,DUSP1,Activation,1.0,A,0.1649316287925279,0.6385598773519083,0.1904546,5.4021,2.3562540229211106,5.373310614521451,12
ATF2,DUSP10,Activation,0.5,B,0.1649316287925279,0.0518594990232612,0.1904546,0.05674495,-0.032722489140867894,0.14567501216797618,13
ATF2,IMPDH2,Activation,1.0,A,0.1649316287925279,0.2164696718675434,0.1904546,0.27353987,0.06416873080051949,1.6123895940159143,14
ATF2,JUN,Activation,1.0,A,0.1649316287925279,0.4852995722168302,0.1904546,1.781715,0.7382109465081591,4.0077259700491465,15
ATF2,PCK2,Activation,1.0,A,0.1649316287925279,0.0666835637100868,0.1904546,0.07432793,-0.024864203612752128,0.2777608453989048,16
ATF3,CCL5,Activation,1.0,A,0.0880171113473996,0.5062807546801764,0.14093259,5.4849777,2.393294196459016,4.194673141853123,17
ATF3,DDIT3,Activation,1.0,A,0.0880171113473996,0.1333485818847369,0.14093259,0.15854393,0.012774090580598339,0.8717615232817569,18
ATF3,LDLR,Repression,-1.0,A,0.0880171113473996,0.0832076358151396,0.14093259,0.11775983,-0.005453371590616454,0.4249941365692782,19
ATF4,ATF3,Activation,1.0,A,0.506373482357533,0.0880171113473996,0.9171078,0.14093259,0.004903130239818428,0.4678476721212983,20
ATF4,CEBPB,Activation,1.0,A,0.506373482357533,0.5820083578547122,0.9171078,3.4182923,1.4696393910740277,4.869423540964583,21
ATF4,DDIT3,Activation,1.0,A,0.506373482357533,0.1333485818847369,0.9171078,0.15854393,0.012774090580598339,0.8717615232817569,22
ATF4,DDIT4,Activation,1.0,A,0.506373482357533,0.5176924408401922,0.9171078,1.2381781,0.49529034060023536,4.296353895874327,23
ATF4,DISC1,Activation,1.0,A,0.506373482357533,0.0515071338493042,0.9171078,0.056368154,-0.03289088895442918,0.14253535724964364,24
ATF4,MCL1,Activation,1.0,A,0.506373482357533,0.652438119729609,0.9171078,2.517699,1.0671411060217773,5.496968952970857,25
ATF4,TNFRSF10B,Activation,0.5,B,0.506373482357533,0.1262394599540343,0.9171078,0.15450473,0.010968868319914135,0.808417608262846,26
ATF5,DISC1,Activation,1.0,A,0.1051470042778529,0.0515071338493042,0.14597522,0.056368154,-0.03289088895442918,0.14253535724964364,27
ATF6,ATP2A2,Activation,1.0,A,0.266171706930963,0.1897702826338872,0.35966274,0.24228299,0.05019922803375007,1.374491881870977,28
ATF6,DDIT3,Activation,1.0,A,0.266171706930963,0.1333485818847369,0.35966274,0.15854393,0.012774090580598339,0.8717615232817569,29
ATF6,DNAJC3,Activation,1.0,A,0.266171706930963,0.3356494646522895,0.35966274,0.5118113,0.17065835486495273,2.6743090180624614,30
ATF6,HSPA5,Activation,1.0,A,0.266171706930963,0.5379008926587683,0.35966274,1.1390129,0.45097086483146887,4.476415859522928,31
ATF6,RTN3,Activation,1.0,A,0.266171706930963,0.3953846344059312,0.35966274,0.8284924,0.3121912750615168,3.2065631492194075,32
ATF6,SRF,Activation,1.0,A,0.266171706930963,0.0758141490071923,0.35966274,0.082644254,-0.02114742474271293,0.35911646494946287,33
ATF6,XBP1,Activation,1.0,A,0.266171706930963,0.4882668578922672,0.35966274,0.9849954,0.38213648685193585,4.034165169361507,34
BACH1,HMOX1,Repression,-1.0,A,0.3507702579067041,0.1934113894314383,0.8274167,0.4157285,0.12771648285344836,1.4069349826937056,35
BCL6,CCND2,Repression,-1.0,A,0.2115551049676229,0.28315941742284,0.49769422,0.4242582,0.13152862494023732,2.206610598559862,36
BCL6,HDAC7,Repression,-1.0,A,0.2115551049676229,0.2013983333744538,0.49769422,0.24026619,0.04929786829534941,1.4781004941758218,37
BCL6,IRF4,Repression,-1.0,A,0.2115551049676229,0.0570089760391585,0.49769422,0.098478176,-0.014070838174001947,0.19155803930781265,38
BCL6,LITAF,Repression,-1.0,A,0.2115551049676229,0.6061175539674215,0.49769422,1.2746867,0.5116069719694212,5.084242035375578,39
CEBPA,BCL2,Activation,1.0,A,0.1568025024108984,0.2813852278627349,0.2365706,0.47219273,0.15295179799713846,2.1908021606376797,40
CEBPA,CSF3R,Activation,1.0,A,0.1568025024108984,0.3230755916026251,0.2365706,1.4721482,0.5998575897719797,2.5622729109763362,41
CEBPA,GAPDH,Activation,1.0,A,0.1568025024108984,0.925428401867364,0.2365706,8.194764,3.604367317487213,7.929375289686127,42
CEBPA,HOMER3,Activation,1.0,A,0.1568025024108984,0.1198845231324903,0.2365706,0.16684438,0.016483774952180882,0.7517936564023597,43
CEBPA,HSD17B11,Activation,1.0,A,0.1568025024108984,0.4371182710619215,0.2365706,0.75391805,0.2788620819797047,3.5784194712147035,44
CEBPA,HSPA4,Activation,1.0,A,0.1568025024108984,0.2683724438069121,0.2365706,0.35799283,0.10191292850617231,2.0748552553199344,45
CEBPA,ICAM1,Activation,1.0,A,0.1568025024108984,0.1540948542320743,0.2365706,0.38763273,0.11515976136526664,1.0566155918065103,46
CEBPA,INSR,Activation,1.0,A,0.1568025024108984,0.0964429662965905,0.2365706,0.12457346,-0.002408185278459161,0.5429239818351859,47
CEBPA,ITGAX,Activation,1.0,A,0.1568025024108984,0.287975074800268,0.2365706,0.6287578,0.22292475046534532,2.2495192157772133,48
CEBPA,MAD1L1,Activation,1.0,A,0.1568025024108984,0.2614611409212067,0.2365706,0.32306266,0.0863017380591819,2.0132739535882296,49
CEBPA,MYC,Repression,-1.0,A,0.1568025024108984,0.1647523552829711,0.2365706,0.23737915,0.048007575941545276,1.1515763826696435,50
CEBPA,PCK2,Activation,1.0,A,0.1568025024108984,0.0666835637100868,0.2365706,0.07432793,-0.024864203612752128,0.2777608453989048,51
CEBPA,SOCS3,Activation,1.0,A,0.1568025024108984,0.296759476768593,0.2365706,0.7793637,0.2902343967493569,2.3277902620748447,53
CEBPA,SPI1,Activation,1.0,A,0.1568025024108984,0.3698845231326442,0.2365706,1.7534617,0.7255838208154999,2.9793512801288142,54
CEBPA,STAT3,Activation,1.0,A,0.1568025024108984,0.5248201083063342,0.2365706,0.8508685,0.3221917290690668,4.359863055888654,55
CEBPB,BCL2L1,Activation,1.0,A,0.5820083578547122,0.0879862021216139,3.4182923,0.09948734,-0.013619816853571885,0.4675722637951288,56
CEBPB,CDKN1A,Activation,1.0,A,0.5820083578547122,0.2153878489650451,3.4182923,0.5721349,0.19761852162188726,1.6027503025999923,57
CEBPB,CSF3R,Activation,1.0,A,0.5820083578547122,0.3230755916026251,3.4182923,1.4721482,0.5998575897719797,2.5622729109763362,58
CEBPB,CSRP1,Activation,1.0,A,0.5820083578547122,0.1509544768922509,3.4182923,0.17707859,0.02105770635258615,1.0286341058677217,59
CEBPB,FURIN,Activation,1.0,A,0.5820083578547122,0.1721334784005875,3.4182923,0.21538404,0.03817739615391459,1.2173438909588428,60
CEBPB,GFER,Repression,-1.0,A,0.5820083578547122,0.1344118592517637,3.4182923,0.15085411,0.009337312445161963,0.8812355697019765,61
CEBPB,INSR,Activation,1.0,A,0.5820083578547122,0.0964429662965905,3.4182923,0.12457346,-0.002408185278459161,0.5429239818351859,63
CEBPB,MAD1L1,Activation,0.5,B,0.5820083578547122,0.2614611409212067,3.4182923,0.32306266,0.0863017380591819,2.0132739535882296,64
CEBPB,SLC19A1,Activation,1.0,A,0.5820083578547122,0.0611631759847563,3.4182923,0.06755093,-0.02789301903676106,0.22857291834499147,66
CEBPB,TOP1,Activation,1.0,A,0.5820083578547122,0.4996105437556567,3.4182923,0.9489647,0.36603344127161436,4.13524002506605,67
CEBPB,XBP1,Activation,1.0,A,0.5820083578547122,0.4882668578922672,3.4182923,0.9849954,0.38213648685193585,4.034165169361507,68
CEBPD,GAPDH,Activation,1.0,A,0.4118530699046067,0.925428401867364,3.0075126,8.194764,3.604367317487213,7.929375289686127,69
CEBPZ,MLH1,Repression,-1.0,A,0.4377488192679519,0.0815509013130243,0.69266963,0.08973052,-0.01798039039721639,0.4102322502865769,70
CLOCK,BHLHE40,Activation,1.0,A,0.1292809277713436,0.2166736727577287,0.15374559,0.34329468,0.09534394762607835,1.61420728896863,71
CLOCK,PER1,Activation,1.0,A,0.1292809277713436,0.2242217056945878,0.15374559,0.32267925,0.08613038227908461,1.6814620022191442,72
CLOCK,PER2,Activation,1.0,A,0.1292809277713436,0.0538562350090173,0.15374559,0.06105339,-0.030796936606499143,0.1634663900385251,73
CREB1,AQP3,Activation,1.0,A,0.3097475334437872,0.1565552286046131,0.43463948,0.25353527,0.05522816107481059,1.0785380945695768,74
CREB1,BCL2,Activation,1.0,A,0.3097475334437872,0.2813852278627349,0.43463948,0.47219273,0.15295179799713846,2.1908021606376797,75
CREB1,CCL5,Activation,1.0,A,0.3097475334437872,0.5062807546801764,0.43463948,5.4849777,2.393294196459016,4.194673141853123,76
CREB1,CD4,Activation,1.0,A,0.3097475334437872,0.3655881407484177,0.43463948,0.786835,0.2935735126822767,2.9410695227911265,77
CREB1,CXCR4,Activation,1.0,A,0.3097475334437872,0.7221260601856532,0.43463948,2.908632,1.2418591081103243,6.1179045651491,78
CREB1,ETV3,Activation,1.0,A,0.3097475334437872,0.1274449197596751,0.43463948,0.1651768,0.015738490604420997,0.8191585329834432,79
CREB1,FOS,Activation,1.0,A,0.3097475334437872,0.5457703815437629,0.43463948,9.007235,3.9674814825100784,4.546534819365286,80
CREB1,HLA-DOB,Activation,1.0,A,0.3097475334437872,0.0546536930342883,0.43463948,0.08158636,-0.021620224752181207,0.1705719248536977,81
CREB1,HLA-DQB1,Activation,1.0,A,0.3097475334437872,0.4412539254720619,0.43463948,3.037455,1.2994334167080965,3.6152691052563046,82
CREB1,HMOX1,Activation,1.0,A,0.3097475334437872,0.1934113894314383,0.43463948,0.4157285,0.12771648285344836,1.4069349826937056,83
CREB1,JUN,Repression,-1.0,A,0.3097475334437872,0.4852995722168302,0.43463948,1.781715,0.7382109465081591,4.0077259700491465,84
CREB1,NF1,Activation,1.0,A,0.3097475334437872,0.1628236195939457,0.43463948,0.2006423,0.03158893378284636,1.1343909031166866,85
CREB1,NOLC1,Activation,1.0,A,0.3097475334437872,0.1783833238544487,0.43463948,0.216338,0.038603745388367534,1.273031454510251,86
CREB1,ODC1,Activation,1.0,A,0.3097475334437872,0.24640216611838,0.43463948,0.37705782,0.1104335623811282,1.8790950170781475,87
CREB1,POLD2,Activation,1.0,A,0.3097475334437872,0.1259674587671204,0.43463948,0.14216587,0.005454314758945142,0.8059940149925567,88
CREB1,PPP2CA,Activation,1.0,A,0.3097475334437872,0.3278974308252103,0.43463948,0.45237547,0.14409495533082664,2.6052366098589212,89
CREB1,PSEN1,Activation,1.0,A,0.3097475334437872,0.1909942879749994,0.43463948,0.2546542,0.05572823964089977,1.385398051587276,90
CREB1,RRM2B,Activation,1.0,A,0.3097475334437872,0.0898902104300151,0.43463948,0.10421633,-0.011506309718853868,0.4845374166871888,91
CREB1,SLC19A1,Activation,1.0,A,0.3097475334437872,0.0611631759847563,0.43463948,0.06755093,-0.02789301903676106,0.22857291834499147,92
CREB1,SLC20A1,Activation,1.0,A,0.3097475334437872,0.2369810340989097,0.43463948,0.33589658,0.0920375466539136,1.7951505592617811,93
CREB1,UXT,Activation,1.0,A,0.3097475334437872,0.7016641527156358,0.43463948,1.4956377,0.6103556508465345,5.935584253225922,94
CREM,CD247,Repression,-1.0,A,0.1612163398530912,0.4102396083185878,0.22310163,1.0433661,0.40822385242227643,3.33892439077691,95
CREM,DUSP1,Repression,-1.0,A,0.1612163398530912,0.6385598773519083,0.22310163,5.4021,2.3562540229211106,5.373310614521451,96
CREM,FOS,Repression,-1.0,A,0.1612163398530912,0.5457703815437629,0.22310163,9.007235,3.9674814825100784,4.546534819365286,97
CTCF,APP,Activation,1.0,A,0.3447615044139441,0.2245246161072873,0.4817202,0.37548304,0.10972975273771358,1.684161003815602,98
CTCF,BBC3,Activation,1.0,A,0.3447615044139441,0.1095979327909984,0.4817202,0.12896217,-0.0004467580186831235,0.6601377654530514,99
CTCF,BCL6,Repression,-1.0,A,0.3447615044139441,0.2115551049676229,0.4817202,0.49769422,0.16434906909750877,1.5685996701550147,100
CTCF,PBXIP1,Activation,1.0,A,0.3447615044139441,0.339519299720672,0.4817202,0.5009671,0.16581180326084508,2.7087901404989987,101
CTCF,MYC,Repression,-1.0,A,0.3447615044139441,0.1647523552829711,0.4817202,0.23737915,0.048007575941545276,1.1515763826696435,102
CTCF,NF1,Activation,1.0,A,0.3447615044139441,0.1628236195939457,0.4817202,0.2006423,0.03158893378284636,1.1343909031166866,103
CTCF,RAD21,Activation,1.0,A,0.3447615044139441,0.5805618060879496,0.4817202,1.0286528,0.4016481006179277,4.856534431299923,104
CTCF,RBL2,Activation,1.0,A,0.3447615044139441,0.4664202171068621,0.4817202,0.7147212,0.26134400261530094,3.8395065644242568,105
CUX1,FTO,Activation,0.5,B,0.3591899310107566,0.0770443361934644,0.6950003,0.0835161,-0.02075777436464587,0.37007771633102016,106
DDIT3,TNFRSF10B,Activation,1.0,A,0.1333485818847369,0.1262394599540343,0.15854393,0.15450473,0.010968868319914135,0.808417608262846,107
DNMT1,MSH2,Activation,1.0,A,0.4007690215378179,0.0908298508939013,0.6294743,0.10511946,-0.01110267771739523,0.4929098298027499,108
E2F3,CDKN1A,Activation,1.0,A,0.1660629064562832,0.2153878489650451,0.21647018,0.5721349,0.19761852162188726,1.6027503025999923,109
E2F3,MAP3K5,Activation,1.0,A,0.1660629064562832,0.1637508963675156,0.21647018,0.2032826,0.03276895169106693,1.142653152901762,110
E2F4,CUX1,Activation,1.0,A,0.2277082663632106,0.3591899310107566,0.27460706,0.6950003,0.2525302257088028,2.88405999927385,111
E2F4,HCFC1,Activation,1.0,A,0.2277082663632106,0.1876746371256192,0.27460706,0.22597337,0.04291003980655153,1.3558191973567064,112
E2F4,LIN54,Activation,1.0,A,0.2277082663632106,0.0649341015306143,0.27460706,0.07120539,-0.026259746967346325,0.2621727341376941,113
E2F4,LTBP4,Activation,0.5,B,0.2277082663632106,0.0804381691847379,0.27460706,0.08863598,-0.018469568445644118,0.40031755054446405,114
E2F4,MAP3K5,Activation,1.0,A,0.2277082663632106,0.1637508963675156,0.27460706,0.2032826,0.03276895169106693,1.142653152901762,115
E2F4,MYC,Repression,-1.0,A,0.2277082663632106,0.1647523552829711,0.27460706,0.23737915,0.048007575941545276,1.1515763826696435,116
E2F4,TOPBP1,Repression,-1.0,A,0.2277082663632106,0.1875819094482622,0.27460706,0.23478304,0.04684730767971498,1.354992972378199,117
ELF2,VCP,Activation,1.0,A,0.4027781212138951,0.3611743033062051,0.59605753,0.5187879,0.1737763766573595,2.9017412138139913,118
ELK1,CITED2,Activation,1.0,A,0.0973702430701624,0.2354293909644694,0.10706221,0.34160697,0.0945896666641108,1.7813250612880884,119
ELK1,FOS,Activation,1.0,A,0.0973702430701624,0.5457703815437629,0.10706221,9.007235,3.9674814825100784,4.546534819365286,120
ELK1,FUT4,Activation,1.0,A,0.0973702430701624,0.0802094409139235,0.10706221,0.100400425,-0.013211735706835686,0.3982795289308078,121
ELK1,MCL1,Activation,1.0,A,0.0973702430701624,0.652438119729609,0.10706221,2.517699,1.0671411060217773,5.496968952970857,122
ELK1,PSEN1,Activation,1.0,A,0.0973702430701624,0.1909942879749994,0.10706221,0.2546542,0.05572823964089977,1.385398051587276,123
ELK1,SRF,Activation,1.0,A,0.0973702430701624,0.0758141490071923,0.10706221,0.082644254,-0.02114742474271293,0.35911646494946287,124
ELK4,FOS,Activation,1.0,A,0.2851066986473455,0.5457703815437629,0.3640897,9.007235,3.9674814825100784,4.546534819365286,125
ERF,ETS2,Repression,-1.0,A,0.0707635815138035,0.2351450260872413,0.07600355,0.62905085,0.22305572203978916,1.778791304687332,126
ETS1,ANPEP,Activation,1.0,A,0.6404453401248253,0.1715214757300314,2.1206756,0.3166959,0.08345626943162351,1.2118908061006934,127
ETS1,ATXN2,Activation,1.0,A,0.6404453401248253,0.2475952622337066,2.1206756,0.3272765,0.0881850114229573,1.8897257784682775,128
ETS1,BAX,Repression,-1.0,A,0.6404453401248253,0.5263841151310817,2.1206756,0.90363324,0.3457736470793694,4.373798717192752,129
ETS1,EMSY,Activation,1.0,A,0.6404453401248253,0.1223016245889346,2.1206756,0.13693373,0.00311593696160501,0.7733305875088377,130
ETS1,CD6,Activation,1.0,A,0.6404453401248253,0.2008976039167261,2.1206756,0.27211016,0.06352975666744291,1.4736388792918818,131
ETS1,CD8A,Activation,1.0,A,0.6404453401248253,0.1778887762418781,2.1206756,0.41118473,0.12568575529565743,1.2686249212915444,132
ETS1,CDKN1A,Activation,1.0,A,0.6404453401248253,0.2153878489650451,2.1206756,0.5721349,0.19761852162188726,1.6027503025999923,133
ETS1,CHUK,Activation,1.0,A,0.6404453401248253,0.092838950569974,2.1206756,0.10319733,-0.011961727000403976,0.5108113710037873,134
ETS1,CSF3R,Activation,1.0,A,0.6404453401248253,0.3230755916026251,2.1206756,1.4721482,0.5998575897719797,2.5622729109763362,135
ETS1,CSNK2A1,Activation,1.0,A,0.6404453401248253,0.3550357310651448,2.1206756,0.506136,0.16812191747733612,2.8470451202365474,136
ETS1,CSNK2B,Activation,1.0,A,0.6404453401248253,0.484137385327284,2.1206756,0.77309215,0.28743147991706486,3.997370616985139,137
ETS1,CTSB,Activation,1.0,A,0.6404453401248253,0.3926893499174092,2.1206756,1.2235745,0.48876361654445005,3.1825475431773476,138
ETS1,CXCR4,Activation,1.0,A,0.6404453401248253,0.7221260601856532,2.1206756,2.908632,1.2418591081103243,6.1179045651491,139
ETS1,DUSP6,Activation,1.0,A,0.6404453401248253,0.2209020548452075,2.1206756,0.68424547,0.24772361585391217,1.651883147988574,140
ETS1,ECE1,Activation,1.0,A,0.6404453401248253,0.1580079622165393,2.1206756,0.20171665,0.03206908840152483,1.0914822858995283,141
ETS1,F13A1,Activation,1.0,A,0.6404453401248253,0.1541814000642741,2.1206756,0.42275128,0.13085514367437523,1.0573867351197836,142
ETS1,FLI1,Activation,1.0,A,0.6404453401248253,0.3618852154992786,2.1206756,0.5139074,0.17159515581083812,2.9080756053159114,143
ETS1,HMOX1,Activation,1.0,A,0.6404453401248253,0.1934113894314383,2.1206756,0.4157285,0.12771648285344836,1.4069349826937056,144
ETS1,IL2RB,Activation,1.0,A,0.6404453401248253,0.1770975000617651,2.1206756,0.38012168,0.1118028801360351,1.2615744681416134,145
ETS1,LCK,Activation,1.0,A,0.6404453401248253,0.4156610865214175,2.1206756,0.7432449,0.2740919770154491,3.3872310111872004,146
ETS1,MDM2,Repression,-1.0,A,0.6404453401248253,0.2347370243068705,2.1206756,0.32882783,0.08887834065886221,1.7751559147818985,147
ETS1,MGAT5,Activation,1.0,A,0.6404453401248253,0.1017902623575223,2.1206756,0.11678734,-0.005888002358167645,0.5905696222625608,148
ETS1,NDRG1,Repression,-1.0,A,0.6404453401248253,0.1682760070225367,2.1206756,0.2097128,0.03564277328461308,1.1829729318529294,149
ETS1,PARP1,Activation,1.0,A,0.6404453401248253,0.4274993199973798,2.1206756,0.679477,0.2455924640928197,3.4927124001104692,150
ETS1,SQSTM1,Activation,0.5,B,0.6404453401248253,0.5409176330954355,2.1206756,1.1110467,0.4384720515053778,4.503295712156919,151
ETS1,TAF12,Activation,1.0,A,0.6404453401248253,0.2426806953337861,2.1206756,0.29831102,0.07523959418998956,1.8459358546073783,152
ETS1,TBXAS1,Repression,-1.0,A,0.6404453401248253,0.2523738285401808,2.1206756,0.48023078,0.15654420906677916,1.9323039056941274,153
ETS1,TGFBR2,Activation,1.0,A,0.6404453401248253,0.408477782448797,2.1206756,0.6002384,0.21017869784567872,3.3232261161851957,154
ETS1,TP53,Activation,1.0,A,0.6404453401248253,0.1820924309487283,2.1206756,0.22152007,0.04091974561624034,1.3060804536505521,155
ETS1,WAS,Activation,1.0,A,0.6404453401248253,0.5624799090034176,2.1206756,1.1915872,0.474467670312725,4.695420560491676,156
ETS2,ANPEP,Activation,1.0,A,0.2351450260872413,0.1715214757300314,0.62905085,0.3166959,0.08345626943162351,1.2118908061006934,157
ETS2,CD163,Activation,1.0,A,0.2351450260872413,0.1690672832026497,0.62905085,0.33741066,0.09271422790774027,1.1900233850028603,158
ETS2,CSF3R,Activation,1.0,A,0.2351450260872413,0.3230755916026251,0.62905085,1.4721482,0.5998575897719797,2.5622729109763362,159
ETS2,FLI1,Activation,1.0,A,0.2351450260872413,0.3618852154992786,0.62905085,0.5139074,0.17159515581083812,2.9080756053159114,160
ETS2,ICAM1,Activation,1.0,A,0.2351450260872413,0.1540948542320743,0.62905085,0.38763273,0.11515976136526664,1.0566155918065103,161
ETS2,MDM2,Activation,1.0,A,0.2351450260872413,0.2347370243068705,0.62905085,0.32882783,0.08887834065886221,1.7751559147818985,162
ETS2,MYC,Activation,1.0,A,0.2351450260872413,0.1647523552829711,0.62905085,0.23737915,0.048007575941545276,1.1515763826696435,163
ETS2,PDE7A,Activation,1.0,A,0.2351450260872413,0.2713768205532921,0.62905085,0.35905847,0.10238919040206149,2.101624944623699,164
ETS2,TP53,Activation,1.0,A,0.2351450260872413,0.1820924309487283,0.62905085,0.22152007,0.04091974561624034,1.3060804536505521,165
ETV3,NFKB1,Repression,-1.0,A,0.1274449197596751,0.3499851635717447,0.1651768,0.6159069,0.2171813530723401,2.8020433997403007,166
FLI1,EYA3,Activation,1.0,A,0.3618852154992786,0.0768897900645358,0.5139074,0.08400491,-0.02053931261646676,0.3687006747001718,167
FLI1,HMOX1,Activation,1.0,A,0.3618852154992786,0.1934113894314383,0.5139074,0.4157285,0.12771648285344836,1.4069349826937056,168
FLI1,ID2,Activation,1.0,A,0.3618852154992786,0.6266907346502668,0.5139074,2.9971206,1.281406937021193,5.267553817272961,169
FLI1,TGFBR2,Activation,1.0,A,0.3618852154992786,0.408477782448797,0.5139074,0.6002384,0.21017869784567872,3.3232261161851957,170
FOS,BATF3,Activation,1.0,A,0.5457703815437629,0.0838629114017971,9.007235,0.14832114,0.00820526307161143,0.4308327930840775,171
FOS,BCL2L1,Activation,1.0,A,0.5457703815437629,0.0879862021216139,9.007235,0.09948734,-0.013619816853571885,0.4675722637951288,172
FOS,CD40LG,Activation,1.0,A,0.5457703815437629,0.0846480057367548,9.007235,0.10896245,-0.009385146747008319,0.4378281645687911,173
FOS,CREM,Activation,1.0,A,0.5457703815437629,0.1612163398530912,9.007235,0.22310163,0.041626585415856024,1.1200696701558892,174
FOS,CSTA,Activation,1.0,A,0.5457703815437629,0.3407742142875756,9.007235,1.7462976,0.7223820004555851,2.719971718541517,175
FOS,DDIT3,Activation,1.0,A,0.5457703815437629,0.1333485818847369,9.007235,0.15854393,0.012774090580598339,0.8717615232817569,176
FOS,ERCC4,Activation,1.0,A,0.5457703815437629,0.0845985509754976,9.007235,0.09871325,-0.013965777563557283,0.4373875112469192,177
FOS,EZR,Activation,1.0,A,0.5457703815437629,0.5565082465816542,9.007235,1.2109382,0.4831161294052433,4.642211671876029,178
FOS,FAS,Activation,1.0,A,0.5457703815437629,0.1062535545609821,9.007235,0.13014755,8.301875973088675e-05,0.6303385845614793,179
FOS,GSTP1,Activation,1.0,A,0.5457703815437629,0.6779691402284524,9.007235,3.5258172,1.5176950315617095,5.724456230385577,180
FOS,HSPH1,Activation,1.0,A,0.5457703815437629,0.2009037857618832,9.007235,0.2741391,0.06443654208376116,1.4736939609571154,181
FOS,LRIG2,Activation,1.0,A,0.5457703815437629,0.0810996266165526,9.007235,0.088870846,-0.018364600795743678,0.40621128872449785,182
FOS,MYC,Activation,1.0,A,0.5457703815437629,0.1647523552829711,9.007235,0.23737915,0.048007575941545276,1.1515763826696435,183
FOS,NFKB1,Repression,-1.0,A,0.5457703815437629,0.3499851635717447,9.007235,0.6159069,0.2171813530723401,2.8020433997403007,184
FOS,PDHA1,Activation,1.0,A,0.5457703815437629,0.192045201651712,9.007235,0.22711818,0.04342168480958527,1.3947619346770281,185
FOS,PLAUR,Activation,1.0,A,0.5457703815437629,0.2705979080634899,9.007235,1.0925252,0.43019431727551494,2.0946846548042046,186
FOS,SMAD4,Activation,1.0,A,0.5457703815437629,0.1658836329467264,9.007235,0.19124013,0.027386862436357646,1.1616563274074354,187
FOS,SMAD7,Activation,1.0,A,0.5457703815437629,0.0661581068717293,9.007235,0.0756572,-0.02427011869631826,0.27307890385401784,188
FOS,TP53,Activation,1.0,A,0.5457703815437629,0.1820924309487283,9.007235,0.22152007,0.04091974561624034,1.3060804536505521,189
FOSL2,BCL6,Activation,1.0,A,0.2961845651689771,0.2115551049676229,0.51324356,0.49769422,0.16434906909750877,1.5685996701550147,190
FOSL2,PLAUR,Activation,1.0,A,0.2961845651689771,0.2705979080634899,0.51324356,1.0925252,0.43019431727551494,2.0946846548042046,191
FOXO1,CDKN1B,Activation,1.0,A,0.1906171954204144,0.5187000816008003,0.2324466,0.8652857,0.3286351461756068,4.305332207307402,192
FOXO1,KLF2,Activation,1.0,A,0.1906171954204144,0.9302502410899058,0.2324466,5.9081435,2.582417865037012,7.9723389885683265,193
FOXO1,TNFSF10,Activation,1.0,A,0.1906171954204144,0.3881024208107961,0.2324466,1.0999718,0.4335223941438084,3.1416769475736577,194
FOXO1,TXNIP,Activation,1.0,A,0.1906171954204144,0.9914443263000878,0.2324466,18.254152,8.1001662743251,8.517592392715619,195
FOXO3,BCL2L11,Activation,1.0,A,0.2298471847875786,0.1381889666427718,0.33652702,0.17731598,0.02116380204293667,0.9148904671598505,196
FOXO3,BCL6,Activation,1.0,A,0.2298471847875786,0.2115551049676229,0.33652702,0.49769422,0.16434906909750877,1.5685996701550147,197
FOXO3,CCND2,Repression,-1.0,A,0.2298471847875786,0.28315941742284,0.33652702,0.4242582,0.13152862494023732,2.206610598559862,198
FOXO3,GALT,Activation,1.0,A,0.2298471847875786,0.1393696990677841,0.33652702,0.15493618,0.011161694410321195,0.9254110652195127,199
FOXO3,PIK3CA,Activation,1.0,A,0.2298471847875786,0.1937823001408663,0.33652702,0.23666397,0.047687943624156647,1.4102398826077363,200
FOXO3,SIRT1,Activation,1.0,A,0.2298471847875786,0.1215227120991342,0.33652702,0.1397777,0.004386980225795461,0.7663902976893595,201
FOXO3,TNFSF10,Activation,1.0,A,0.2298471847875786,0.3881024208107961,0.33652702,1.0999718,0.4335223941438084,3.1416769475736577,202
FOXO3,TXNIP,Activation,1.0,A,0.2298471847875786,0.9914443263000878,0.33652702,18.254152,8.1001662743251,8.517592392715619,203
GABPA,TOMM70,Activation,1.0,A,0.1522773917558773,0.1407977052990818,0.1783707,0.16286759,0.014706445324020276,0.9381349298885292,204
GATA3,CD40LG,Activation,1.0,A,0.1448406320318466,0.0846480057367548,0.19789933,0.10896245,-0.009385146747008319,0.4378281645687911,205
GATA3,CD8A,Activation,1.0,A,0.1448406320318466,0.1778887762418781,0.19789933,0.41118473,0.12568575529565743,1.2686249212915444,206
GATA3,CD8B,Activation,1.0,A,0.1448406320318466,0.1584097821517529,0.19789933,0.43148285,0.134757506650886,1.0950625941397274,207
GATA3,NFKB1,Activation,1.0,A,0.1448406320318466,0.3499851635717447,0.19789933,0.6159069,0.2171813530723401,2.8020433997403007,208
GATA3,TCF7L2,Activation,1.0,A,0.1448406320318466,0.1551148586830012,0.19789933,0.36792907,0.10635368945772235,1.0657040665700932,209
GATA3,TGFBR3,Activation,1.0,A,0.1448406320318466,0.1289532899780155,0.19789933,0.19109972,0.027324109599750724,0.8325984593004995,210
GATA3,ZEB1,Activation,1.0,A,0.1448406320318466,0.1359758660765183,0.19789933,0.17646751,0.020784598999877956,0.8951712310061373,211
GTF2I,SIRT1,Activation,1.0,A,0.5468274770656278,0.1215227120991342,1.0250188,0.1397777,0.004386980225795461,0.7663902976893595,212
HBP1,MIF,Repression,-1.0,A,0.2875547093295811,0.3984261022232541,0.3690072,0.56333023,0.19368348837719068,3.2336633285145764,213
HBP1,NCF1,Repression,-1.0,A,0.2875547093295811,0.4582539996542532,0.3690072,1.762061,0.729427068930548,3.7667436846500335,214
HHEX,TLE1,Activation,0.5,B,0.1860920847653932,0.0667886550777582,0.27990118,0.0837634,-0.02064724964067399,0.27869723370788135,215
HIF1A,ALDOA,Activation,1.0,A,0.4284884152225255,0.114895774090673,1.1845853,0.13115148,0.0005317008710818155,0.7073427525585544,216
HIF1A,BAX,Activation,1.0,A,0.4284884152225255,0.5263841151310817,1.1845853,0.90363324,0.3457736470793694,4.373798717192752,217
HIF1A,BNIP3,Activation,1.0,A,0.4284884152225255,0.1309005712025123,1.1845853,0.1518967,0.009803272703818805,0.8499491838491577,218
HIF1A,CXCR4,Activation,1.0,A,0.4284884152225255,0.7221260601856532,1.1845853,2.908632,1.2418591081103243,6.1179045651491,219
HIF1A,E2F3,Activation,1.0,A,0.4284884152225255,0.1660629064562832,1.1845853,0.21647018,0.038662820026517976,1.163253695699216,220
HIF1A,EGLN1,Activation,1.0,A,0.4284884152225255,0.156598501520713,1.1845853,0.18171021,0.023127696332540148,1.0789236662262134,221
HIF1A,ENO1,Activation,1.0,A,0.4284884152225255,0.7456108899374949,1.1845853,2.2079372,0.9287005987753895,6.327159811371503,222
HIF1A,FAM162A,Activation,1.0,A,0.4284884152225255,0.2898852649538306,1.1845853,0.38221574,0.11273876935350598,2.266539450334544,223
HIF1A,GAPDH,Activation,1.0,A,0.4284884152225255,0.925428401867364,1.1845853,8.194764,3.604367317487213,7.929375289686127,224
HIF1A,ITGB2,Activation,1.0,A,0.4284884152225255,0.7094594594587451,1.1845853,3.5586774,1.5323810992311824,6.005042233085478,225
HIF1A,LDHA,Activation,1.0,A,0.4284884152225255,0.62687619000498,1.1845853,1.3056952,0.5254654673324698,5.269206267229968,226
HIF1A,MIF,Activation,1.0,A,0.4284884152225255,0.3984261022232541,1.1845853,0.56333023,0.19368348837719068,3.2336633285145764,227
HIF1A,NR3C1,Activation,1.0,A,0.4284884152225255,0.4836861106308113,1.1845853,0.79871505,0.2988830122658679,3.9933496554230516,228
HIF1A,PFKFB3,Activation,1.0,A,0.4284884152225255,0.1567901387205841,1.1845853,0.37312979,0.10867802484977661,1.0806311978484622,229
HIF1A,PGK1,Activation,1.0,A,0.4284884152225255,0.637657327958971,1.1845853,1.546881,0.6332575982299072,5.365268691397347,230
HIF1A,RORA,Activation,1.0,A,0.4284884152225255,0.3646546821296865,1.1845853,0.7372962,0.2714333501432634,2.932752191340781,231
HIF1A,SOCS1,Activation,1.0,A,0.4284884152225255,0.0793007096758229,1.1845853,0.092889436,-0.01656858967359995,0.39018252414141524,232
HIF1A,TFRC,Activation,1.0,A,0.4284884152225255,0.1506639301698656,1.1845853,0.20608538,0.03402158608594723,1.026045267601731,233
HIF1A,TLR2,Activation,1.0,A,0.4284884152225255,0.227491901782711,1.1845853,0.5283207,0.17803682990717393,1.7106002031278433,234
HIF1A,TLR6,Activation,1.0,A,0.4284884152225255,0.0713941297198325,1.1845853,0.08567358,-0.019793541119701084,0.3197330743071819,235
HIF1A,VEGFB,Activation,1.0,A,0.4284884152225255,0.1724920254197012,1.1845853,0.22088005,0.04063370423396584,1.2205386275424055,236
HIF1A,VHL,Activation,1.0,A,0.4284884152225255,0.2208896911548933,1.1845853,0.27445367,0.06457713149912643,1.6517729846581068,237
HIF1A,ZNF217,Activation,1.0,A,0.4284884152225255,0.2951769244083599,1.1845853,0.42536142,0.13202168230368358,2.3136893557749194,238
HSF1,HSPA1A,Activation,1.0,A,0.1853626270368515,0.2064798100936169,0.21439917,0.31153747,0.08115083452714213,1.5233776229980351,239
HSF1,HSPA4,Activation,1.0,A,0.1853626270368515,0.2683724438069121,0.21439917,0.35799283,0.10191292850617231,2.0748552553199344,240
HSF1,STIP1,Activation,0.5,B,0.1853626270368515,0.2181944066663834,0.21439917,0.27277347,0.06382620694911614,1.627757378616154,241
HSF1,UBB,Activation,0.5,B,0.1853626270368515,0.8873544175447545,0.21439917,3.0689878,1.3135262352121821,7.590127313512455,242
HSF2,HSPA4,Activation,1.0,A,0.0769516085161072,0.2683724438069121,0.08467854,0.35799283,0.10191292850617231,2.0748552553199344,243
HSF2,MAP2K4,Repression,-1.0,A,0.0769516085161072,0.1126703098341003,0.08467854,0.1280285,-0.0008640391308174619,0.6875133530743296,244
HSF2,MAPK8,Repression,-1.0,A,0.0769516085161072,0.1118913973442998,0.08467854,0.12524591,-0.0021076500959484957,0.6805730632548505,245
IRF1,CASP7,Activation,1.0,A,0.6600912440341049,0.0851425533493265,2.7993789,0.096599616,-0.014910414904550305,0.4422346977875076,246
IRF1,CCL5,Activation,1.0,A,0.6600912440341049,0.5062807546801764,2.7993789,5.4849777,2.393294196459016,4.194673141853123,247
IRF1,CD40,Activation,1.0,A,0.6600912440341049,0.1041084542914522,2.7993789,0.14482486,0.006642685708374905,0.611225246725295,248
IRF1,CIITA,Activation,1.0,A,0.6600912440341049,0.1989997774534863,2.7993789,0.35057378,0.09859716444073134,1.4567288080650935,249
IRF1,CYBB,Activation,1.0,A,0.6600912440341049,0.4062894092631622,2.7993789,2.804442,1.1952939201174821,3.30372720669233,250
IRF1,DST,Repression,-1.0,A,0.6600912440341049,0.0971786058702909,2.7993789,0.16903964,0.01746489304982141,0.5494786999980267,251
IRF1,EIF2AK2,Activation,1.0,A,0.6600912440341049,0.3704408891967887,2.7993789,0.676179,0.24411850315606576,2.9843086299998824,252
IRF1,ERAP2,Activation,0.5,B,0.6600912440341049,0.3161024702653481,2.7993789,0.44218946,0.13954256574884208,2.5001407925922905,253
IRF1,HLA-A,Activation,1.0,A,0.6600912440341049,0.9969585321802256,2.7993789,14.214294,6.29464993653465,8.566725238103981,254
IRF1,IFIT3,Activation,1.0,A,0.6600912440341049,0.1022291733636797,2.7993789,0.2421588,0.05014372433188971,0.5944804204941719,255
IRF1,IRF2,Activation,1.0,A,0.6600912440341049,0.459094730595627,2.7993789,0.71323425,0.26067944645553554,3.7742347911218688,256
IRF1,PSMB10,Activation,0.5,B,0.6600912440341049,0.2708142726439905,2.7993789,0.34834534,0.09760121734858461,2.0966125130873974,257
IRF1,PSMB9,Activation,1.0,A,0.6600912440341049,0.7002608738649729,2.7993789,1.6227636,0.6671714818500785,5.923080715217898,258
IRF1,SOCS1,Activation,1.0,A,0.6600912440341049,0.0793007096758229,2.7993789,0.092889436,-0.01656858967359995,0.39018252414141524,259
IRF1,TAP1,Activation,1.0,A,0.6600912440341049,0.3353712816202173,2.7993789,0.46935675,0.15168432566923806,2.671830343126928,260
IRF1,TAP2,Activation,1.0,A,0.6600912440341049,0.2157896689002588,2.7993789,0.2619514,0.05898954581060288,1.6063306108401922,261
IRF1,TNFSF10,Activation,1.0,A,0.6600912440341049,0.3881024208107961,2.7993789,1.0999718,0.4335223941438084,3.1416769475736577,262
IRF1,TP53,Activation,1.0,A,0.6600912440341049,0.1820924309487283,2.7993789,0.22152007,0.04091974561624034,1.3060804536505521,263
IRF2,CIITA,Activation,1.0,A,0.459094730595627,0.1989997774534863,0.71323425,0.35057378,0.09859716444073134,1.4567288080650935,264
IRF2,TAP1,Activation,1.0,A,0.459094730595627,0.3353712816202173,0.71323425,0.46935675,0.15168432566923806,2.671830343126928,265
IRF3,IRF7,Activation,1.0,A,0.3719245320345072,0.2163027620483008,0.494203,0.36095887,0.10323852798975316,1.6109023890546004,266
IRF3,PURA,Repression,-1.0,A,0.3719245320345072,0.3105264459335894,0.494203,0.42003196,0.1296398096978641,2.4504571305511487,267
IRF4,CD68,Repression,-1.0,A,0.0570089760391585,0.339173116391871,0.098478176,1.3802872,0.55880254865277,2.705705567245889,268
IRF8,CD68,Repression,-1.0,A,0.2473294428919499,0.339173116391871,0.5525537,1.3802872,0.55880254865277,2.705705567245889,269
IRF8,CYBB,Activation,1.0,A,0.2473294428919499,0.4062894092631622,0.5525537,2.804442,1.1952939201174821,3.30372720669233,270
IRF8,NCF2,Activation,1.0,A,0.2473294428919499,0.3480626097278678,0.5525537,1.6149696,0.6636881429959062,2.7849130018525017,271
IRF8,NF1,Activation,1.0,A,0.2473294428919499,0.1628236195939457,0.5525537,0.2006423,0.03158893378284636,1.1343909031166866,272
IRF8,TLR4,Activation,0.5,B,0.2473294428919499,0.1857273559011224,0.5525537,0.33510542,0.09168395692234226,1.3384684728080485,273
IRF9,IFIT3,Activation,1.0,A,0.245332706906196,0.1022291733636797,0.33514842,0.2421588,0.05014372433188971,0.5944804204941719,274
IRF9,PML,Activation,1.0,A,0.245332706906196,0.1412675255310239,0.33514842,0.16386989,0.015154398946491001,0.9423211364463007,275
JUN,APP,Activation,1.0,A,0.4852995722168302,0.2245246161072873,1.781715,0.37548304,0.10972975273771358,1.684161003815602,276
JUN,ATF3,Activation,1.0,A,0.4852995722168302,0.0880171113473996,1.781715,0.14093259,0.004903130239818428,0.4678476721212983,277
JUN,BATF3,Activation,1.0,A,0.4852995722168302,0.0838629114017971,1.781715,0.14832114,0.00820526307161143,0.4308327930840775,278
JUN,CCL5,Activation,1.0,A,0.4852995722168302,0.5062807546801764,1.781715,5.4849777,2.393294196459016,4.194673141853123,279
JUN,CD82,Activation,1.0,A,0.4852995722168302,0.164004352018958,1.781715,0.2251626,0.04254768586213309,1.1449115011763489,280
JUN,CDKN1A,Activation,1.0,A,0.4852995722168302,0.2153878489650451,1.781715,0.5721349,0.19761852162188726,1.6027503025999923,281
JUN,CREM,Activation,1.0,A,0.4852995722168302,0.1612163398530912,1.781715,0.22310163,0.041626585415856024,1.1200696701558892,282
JUN,CSTA,Activation,1.0,A,0.4852995722168302,0.3407742142875756,1.781715,1.7462976,0.7223820004555851,2.719971718541517,283
JUN,CTSL,Activation,1.0,A,0.4852995722168302,0.0823854504092391,1.781715,0.14918697,0.008592224744707147,0.41766827509316157,284
JUN,DDIT3,Activation,1.0,A,0.4852995722168302,0.1333485818847369,1.781715,0.15854393,0.012774090580598339,0.8717615232817569,285
JUN,ETS1,Activation,1.0,A,0.4852995722168302,0.6404453401248253,1.781715,2.1206756,0.8897011476902932,5.390110522417695,286
JUN,ETS2,Activation,1.0,A,0.4852995722168302,0.2351450260872413,1.781715,0.62905085,0.22305572203978916,1.778791304687332,287
JUN,EZR,Activation,1.0,A,0.4852995722168302,0.5565082465816542,1.781715,1.2109382,0.4831161294052433,4.642211671876029,288
JUN,FAS,Activation,1.0,A,0.4852995722168302,0.1062535545609821,1.781715,0.13014755,8.301875973088675e-05,0.6303385845614793,289
JUN,GCLC,Activation,1.0,A,0.4852995722168302,0.097772063005377,1.781715,0.11275542,-0.007689970999804079,0.5547665398604871,290
JUN,ITGAX,Activation,1.0,A,0.4852995722168302,0.287975074800268,1.781715,0.6287578,0.22292475046534532,2.2495192157772133,292
JUN,MAT2A,Activation,1.0,A,0.4852995722168302,0.2783375782002548,1.781715,0.4275657,0.13300683167107835,2.1636468996772766,293
JUN,MYC,Activation,1.0,A,0.4852995722168302,0.1647523552829711,1.781715,0.23737915,0.048007575941545276,1.1515763826696435,294
JUN,NFKB2,Activation,1.0,A,0.4852995722168302,0.2591244034518001,1.781715,0.47174475,0.1527515842250199,1.9924530841297468,295
JUN,PDHA1,Activation,1.0,A,0.4852995722168302,0.192045201651712,1.781715,0.22711818,0.04342168480958527,1.3947619346770281,296
JUN,PLAUR,Activation,1.0,A,0.4852995722168302,0.2705979080634899,1.781715,1.0925252,0.43019431727551494,2.0946846548042046,297
JUN,POLD2,Activation,1.0,A,0.4852995722168302,0.1259674587671204,1.781715,0.14216587,0.005454314758945142,0.8059940149925567,298
JUN,PPARA,Activation,1.0,A,0.4852995722168302,0.0739225043891054,1.781715,0.08584047,-0.01971895369073357,0.3422614753878709,299
JUN,PPARD,Activation,1.0,A,0.4852995722168302,0.0593642590440287,1.781715,0.06312954,-0.02986905182819663,0.21254415376192762,300
JUN,RELB,Activation,1.0,A,0.4852995722168302,0.1469115501594861,1.781715,0.18670212,0.02535870917056057,0.9926106968047931,301
JUN,RHOB,Activation,1.0,A,0.4852995722168302,0.2111532850324092,1.781715,0.48759523,0.15983557098936177,1.565019361914815,302
JUN,RUNX2,Activation,1.0,A,0.4852995722168302,0.0917633095126305,1.781715,0.11549347,-0.006466266105056009,0.5012271612530783,303
JUN,SMAD7,Activation,1.0,A,0.4852995722168302,0.0661581068717293,1.781715,0.0756572,-0.02427011869631826,0.27307890385401784,304
JUN,SPI1,Activation,1.0,A,0.4852995722168302,0.3698845231326442,1.781715,1.7534617,0.7255838208154999,2.9793512801288142,305
JUN,STMN1,Activation,1.0,A,0.4852995722168302,0.1776600479710642,1.781715,0.379569,0.11155587324382006,1.2665868996778924,306
JUN,TIMP2,Activation,1.0,A,0.4852995722168302,0.2951707425632028,1.781715,0.7161851,0.26199825713783403,2.313634274109686,307
JUN,TNFRSF10A,Activation,1.0,A,0.4852995722168302,0.0897418461462435,1.781715,0.100890346,-0.012992777424211236,0.483215456721573,308
JUN,TP53,Repression,-1.0,A,0.4852995722168302,0.1820924309487283,1.781715,0.22152007,0.04091974561624034,1.3060804536505521,309
JUN,TXN,Activation,1.0,A,0.4852995722168302,0.5322197769593888,1.781715,1.1535763,0.45747962247438045,4.42579580917326,310
JUND,CCL5,Activation,1.0,A,0.9242476694423568,0.5062807546801764,5.299025,5.4849777,2.393294196459016,4.194673141853123,311
JUND,CD40LG,Activation,1.0,A,0.9242476694423568,0.0846480057367548,5.299025,0.10896245,-0.009385146747008319,0.4378281645687911,312
JUND,CSTA,Activation,1.0,A,0.9242476694423568,0.3407742142875756,5.299025,1.7462976,0.7223820004555851,2.719971718541517,313
JUND,ITGAV,Repression,-1.0,A,0.9242476694423568,0.0548329665438453,5.299025,0.060978975,-0.03083019458197172,0.1721692931454803,314
JUND,NQO2,Activation,1.0,A,0.9242476694423568,0.2104856457554389,5.299025,0.2949679,0.07374546796595051,1.5590705420695607,315
JUND,PLAUR,Activation,1.0,A,0.9242476694423568,0.2705979080634899,5.299025,1.0925252,0.43019431727551494,2.0946846548042046,316
JUND,SOX4,Activation,1.0,A,0.9242476694423568,0.2003659652332126,5.299025,0.5692849,0.19634478339576575,1.468901856081771,317
JUND,TGFB1,Activation,1.0,A,0.9242476694423568,0.6248423629482924,5.299025,1.3392029,0.5404409193884038,5.251084399368118,318
KLF10,CDKN1A,Activation,1.0,A,0.3380974753345251,0.2153878489650451,0.957887,0.5721349,0.19761852162188726,1.6027503025999923,319
KLF4,ATF3,Activation,1.0,A,0.1942150293018656,0.0880171113473996,0.3809811,0.14093259,0.004903130239818428,0.4678476721212983,320
KLF4,CDKN1A,Activation,1.0,A,0.1942150293018656,0.2153878489650451,0.3809811,0.5721349,0.19761852162188726,1.6027503025999923,321
KLF4,PFKP,Activation,1.0,A,0.1942150293018656,0.114345589871687,0.3809811,0.13216503,0.0009846824076030281,0.7024404843527323,322
KLF4,RARA,Repression,-1.0,A,0.1942150293018656,0.2219776959025486,0.3809811,0.33046767,0.08961122728788787,1.6614673577392614,323
KLF6,ATF3,Activation,1.0,A,0.7044398011911759,0.0880171113473996,3.4459355,0.14093259,0.004903130239818428,0.4678476721212983,324
KLF6,IGF1R,Activation,0.5,B,0.7044398011911759,0.0765683341163642,3.4459355,0.0869907,-0.01920488635044173,0.36583642810800604,325
LEF1,CD1D,Repression,-1.0,A,0.2566207561631501,0.1662236344303687,0.5130559,0.2661753,0.06087731524685363,1.1646858189952964,326
LEF1,CTNNB1,Activation,1.0,A,0.2566207561631501,0.3899013377515298,0.5130559,0.6698853,0.2413056869196654,3.1577057121567753,327
LEF1,MYC,Activation,1.0,A,0.2566207561631501,0.1647523552829711,0.5130559,0.23737915,0.048007575941545276,1.1515763826696435,328
LEF1,MYCBP,Activation,1.0,A,0.2566207561631501,0.1302638411513277,0.5130559,0.15142767,0.00959365114585467,0.8442757723300731,329
LEF1,TCF3,Activation,1.0,A,0.2566207561631501,0.1387144234811281,0.5130559,0.16467996,0.01551644004292407,0.9195724087047268,330
MAF,ITGB7,Activation,1.0,A,0.1714040206720459,0.2454068890480816,0.26568082,0.3332556,0.09085722483622152,1.8702268689754997,331
MAX,ODC1,Activation,1.0,A,0.3952671793479451,0.24640216611838,0.5717311,0.37705782,0.1104335623811282,1.8790950170781475,332
MBD1,SETDB1,Repression,-1.0,A,0.1110692119383993,0.1127383101308289,0.12197011,0.12774386,-0.0009912520601799983,0.688119251391903,333
MEF2A,JUN,Activation,1.0,A,0.3271679730966654,0.4852995722168302,0.52573925,1.781715,0.7382109465081591,4.0077259700491465,334
MEF2C,JUN,Activation,1.0,A,0.3436982270469125,0.4852995722168302,1.0017421,1.781715,0.7382109465081591,4.0077259700491465,335
MEF2D,ATF3,Activation,1.0,A,0.1826302514773989,0.0880171113473996,0.22258988,0.14093259,0.004903130239818428,0.4678476721212983,336
MEF2D,JUN,Activation,1.0,A,0.1826302514773989,0.4852995722168302,0.22258988,1.781715,0.7382109465081591,4.0077259700491465,337
MXD1,ODC1,Activation,1.0,A,0.2956281991048327,0.24640216611838,0.78625625,0.37705782,0.1104335623811282,1.8790950170781475,338
MXD4,ODC1,Activation,1.0,A,0.3980922825847675,0.24640216611838,0.60623217,0.37705782,0.1104335623811282,1.8790950170781475,339
MYBL1,NCL,Activation,1.0,A,0.232523923740617,0.8926522588443935,0.4936176,3.6062045,1.5536221813528313,7.637332300617641,340
MYC,BCL2,Activation,1.0,A,0.1647523552829711,0.2813852278627349,0.23737915,0.47219273,0.15295179799713846,2.1908021606376797,341
MYC,BRD7,Repression,-1.0,A,0.1647523552829711,0.5326215968946006,0.23737915,0.91525054,0.350965716937026,4.429376117413443,342
MYC,CCND2,Activation,1.0,A,0.1647523552829711,0.28315941742284,0.23737915,0.4242582,0.13152862494023732,2.206610598559862,343
MYC,CDK4,Activation,1.0,A,0.1647523552829711,0.1255532751415925,0.23737915,0.14058305,0.004746911832955788,0.8023035434218897,344
MYC,CDK6,Activation,1.0,A,0.1647523552829711,0.1502806557701234,0.23737915,0.21991356,0.04020175502057491,1.0226302043572335,345
MYC,CDKN1A,Repression,-1.0,A,0.1647523552829711,0.2153878489650451,0.23737915,0.5721349,0.19761852162188726,1.6027503025999923,346
MYC,CEBPA,Repression,-1.0,A,0.1647523552829711,0.1568025024108984,0.23737915,0.2365706,0.04764621417216613,1.0807413611789303,347
MYC,CFLAR,Repression,-1.0,A,0.1647523552829711,0.6513562968271156,0.23737915,1.7789475,0.7369740796517411,5.487329661554979,348
MYC,CXCR4,Activation,1.0,A,0.1647523552829711,0.7221260601856532,0.23737915,2.908632,1.2418591081103243,6.1179045651491,349
MYC,DDX18,Activation,1.0,A,0.1647523552829711,0.6406431591698527,0.23737915,1.2400632,0.4961328402248184,5.39187313570517,350
MYC,HDAC2,Activation,1.0,A,0.1647523552829711,0.2282522687370383,0.23737915,0.29196766,0.0724045836236562,1.717375247951605,351
MYC,HLA-F,Activation,1.0,A,0.1647523552829711,0.7898852649526806,0.23737915,1.9656807,0.8204299445380544,6.721654697774465,352
MYC,HNRNPA1,Activation,1.0,A,0.1647523552829711,0.9554783511760512,0.23737915,5.470443,2.3867982655835047,8.197127264386602,353
MYC,HNRNPA2B1,Activation,1.0,A,0.1647523552829711,0.9558987166467344,0.23737915,5.4205976,2.364521075626902,8.200872817622486,354
MYC,HSPA4,Activation,1.0,A,0.1647523552829711,0.2683724438069121,0.23737915,0.35799283,0.10191292850617231,2.0748552553199344,355
MYC,ID2,Activation,1.0,A,0.1647523552829711,0.6266907346502668,0.23737915,2.9971206,1.281406937021193,5.267553817272961,356
MYC,IER3,Repression,-1.0,A,0.1647523552829711,0.278535397245284,0.23737915,1.6667019,0.6868086370433397,2.165409512964768,357
MYC,LDHA,Activation,1.0,A,0.1647523552829711,0.62687619000498,0.23737915,1.3056952,0.5254654673324698,5.269206267229968,359
MYC,NDRG1,Repression,-1.0,A,0.1647523552829711,0.1682760070225367,0.23737915,0.2097128,0.03564277328461308,1.1829729318529294,360
MYC,NOL7,Activation,1.0,A,0.1647523552829711,0.5082156722143503,0.23737915,0.81112474,0.3044292215736988,4.211913703071236,361
MYC,ODC1,Activation,1.0,A,0.1647523552829711,0.24640216611838,0.23737915,0.37705782,0.1104335623811282,1.8790950170781475,362
MYC,PCNA,Activation,1.0,A,0.1647523552829711,0.1225612620855348,0.23737915,0.16112904,0.013929442659801486,0.7756440174486644,363
MYC,PMAIP1,Activation,1.0,A,0.1647523552829711,0.2432123340172995,0.23737915,0.5233942,0.17583505047875725,1.850672877817488,364
MYC,PRDX3,Activation,1.0,A,0.1647523552829711,0.2981009371676968,0.23737915,0.4613097,0.148087892268357,2.3397429834306402,365
MYC,SRSF1,Activation,1.0,A,0.1647523552829711,0.3442607749562141,0.23737915,0.44999674,0.1430318397762224,2.75103777773354,366
MYC,ST3GAL1,Activation,1.0,A,0.1647523552829711,0.2904910857792323,0.23737915,0.38478148,0.11388546448202842,2.2719374535274843,367
MYC,TFAP4,Activation,1.0,A,0.1647523552829711,0.0545918745827169,0.23737915,0.0576469,-0.03231938451172744,0.1700211082013587,368
MYC,TFRC,Activation,1.0,A,0.1647523552829711,0.1506639301698656,0.23737915,0.20608538,0.03402158608594723,1.026045267601731,369
MYC,TP53,Activation,1.0,A,0.1647523552829711,0.1820924309487283,0.23737915,0.22152007,0.04091974561624034,1.3060804536505521,370
MYC,WRN,Activation,1.0,A,0.1647523552829711,0.094823322865418,0.23737915,0.10835904,-0.00965482617964831,0.5284925855438878,371
NCOA3,BCL2,Activation,1.0,A,0.3838802205684555,0.2813852278627349,0.6064863,0.47219273,0.15295179799713846,2.1908021606376797,372
NFATC1,ICAM1,Activation,1.0,A,0.1088190203011979,0.1540948542320743,0.12137582,0.38763273,0.11515976136526664,1.0566155918065103,373
NFE2,GCLC,Activation,0.5,B,0.1095732054103698,0.097772063005377,0.16004135,0.11275542,-0.007689970999804079,0.5547665398604871,374
NFE2L2,GCLC,Activation,1.0,A,0.4174661853073084,0.097772063005377,0.7542215,0.11275542,-0.007689970999804079,0.5547665398604871,375
NFE2L2,HMOX1,Activation,1.0,A,0.4174661853073084,0.1934113894314383,0.7542215,0.4157285,0.12771648285344836,1.4069349826937056,376
NFE2L2,MTHFR,Activation,1.0,A,0.4174661853073084,0.1760651319205239,0.7542215,0.22854845,0.044060909221050104,1.2523758300475623,377
NFIA,CDKN1A,Repression,-1.0,A,0.0632897307188133,0.2153878489650451,0.076857105,0.5721349,0.19761852162188726,1.6027503025999923,378
NFIC,ALAS1,Activation,1.0,A,0.2702764521153176,0.0838814569372686,0.39539483,0.09496717,-0.015639996964999126,0.43099803807978,379
NFIC,GTF3C1,Activation,1.0,A,0.2702764521153176,0.1788840533121765,0.39539483,0.22116657,0.04076175738363193,1.2774930693941922,380
NFIC,GTF3C2,Activation,1.0,A,0.2702764521153176,0.0886662050889,0.39539483,0.096482396,-0.014962803534327836,0.47363124697086406,381
NFIC,HMGB1,Activation,1.0,A,0.2702764521153176,0.9788209984892796,0.39539483,6.3385215,2.774764851100774,8.405115632308632,382
NFIC,ITGA5,Repression,-1.0,A,0.2702764521153176,0.1471588239657714,0.39539483,0.18030432,0.0224993679694798,0.9948139634141465,383
NFIC,JUN,Activation,1.0,A,0.2702764521153176,0.4852995722168302,0.39539483,1.781715,0.7382109465081591,4.0077259700491465,384
NFIC,POLD2,Activation,1.0,A,0.2702764521153176,0.1259674587671204,0.39539483,0.14216587,0.005454314758945142,0.8059940149925567,385
NFIC,SMUG1,Activation,1.0,A,0.2702764521153176,0.070615217230032,0.39539483,0.07677629,-0.023769968622118148,0.31279278448770276,386
NFKB1,AGER,Activation,1.0,A,0.3499851635717447,0.0562918820009303,0.6159069,0.060453143,-0.031065202413170987,0.18516856614068053,388
NFKB1,AKT1,Repression,-1.0,A,0.3499851635717447,0.2424148759920294,0.6159069,0.30322737,0.07743683732261851,1.8435673430023234,389
NFKB1,ALOX5AP,Activation,1.0,A,0.3499851635717447,0.3273905195223232,0.6159069,0.5882191,0.20480696385928499,2.600719913309727,390
NFKB1,ATF3,Activation,1.0,A,0.3499851635717447,0.0880171113473996,0.6159069,0.14093259,0.004903130239818428,0.4678476721212983,391
NFKB1,BCL2,Activation,1.0,A,0.3499851635717447,0.2813852278627349,0.6159069,0.47219273,0.15295179799713846,2.1908021606376797,393
NFKB1,BCL2A1,Activation,1.0,A,0.3499851635717447,0.3251279641948024,0.6159069,1.6689782,0.6878259739991714,2.580560023834052,394
NFKB1,BCL2L1,Activation,1.0,A,0.3499851635717447,0.0879862021216139,0.6159069,0.09948734,-0.013619816853571885,0.4675722637951288,395
NFKB1,BCL3,Activation,1.0,A,0.3499851635717447,0.1931950248509387,0.6159069,0.3501747,0.09841880533501887,1.405007124410522,396
NFKB1,BIRC2,Activation,1.0,A,0.3499851635717447,0.3038129620929131,0.6159069,0.4268566,0.13268991666190544,2.3906384421069333,397
NFKB1,BIRC3,Activation,1.0,A,0.3499851635717447,0.3656561410451465,0.6159069,0.76260644,0.2827451467047756,2.941675421108702,398
NFKB1,BST1,Activation,1.0,A,0.3499851635717447,0.2051259860042048,0.6159069,0.40230647,0.12171783278918533,1.5113147383118248,399
NFKB1,CCL5,Activation,1.0,A,0.3499851635717447,0.5062807546801764,0.6159069,5.4849777,2.393294196459016,4.194673141853123,401
NFKB1,CCND2,Activation,1.0,A,0.3499851635717447,0.28315941742284,0.6159069,0.4242582,0.13152862494023732,2.206610598559862,402
NFKB1,CCR7,Activation,1.0,A,0.3499851635717447,0.232103558269932,0.6159069,0.46630076,0.15031852521953804,1.7516911253922849,403
NFKB1,CD40,Activation,1.0,A,0.3499851635717447,0.1041084542914522,0.6159069,0.14482486,0.006642685708374905,0.611225246725295,404
NFKB1,CD40LG,Activation,1.0,A,0.3499851635717447,0.0846480057367548,0.6159069,0.10896245,-0.009385146747008319,0.4378281645687911,405
NFKB1,CD58,Activation,1.0,A,0.3499851635717447,0.1925768403352254,0.6159069,0.24990088,0.05360385880406192,1.3994989578871382,406
NFKB1,CD69,Activation,1.0,A,0.3499851635717447,0.449080141441027,0.6159069,1.0719713,0.4210082512664346,3.685002493442654,407
NFKB1,CD74,Activation,1.0,A,0.3499851635717447,0.7540985633382,0.6159069,15.493398,6.866314378634623,6.40278693773722,408
NFKB1,CD83,Activation,1.0,A,0.3499851635717447,0.2471687149178644,0.6159069,1.0851697,0.42690695533788797,1.8859251435671427,409
NFKB1,CD86,Activation,1.0,A,0.3499851635717447,0.2066590836031737,0.6159069,0.3615703,0.10351179176645404,1.524974991289816,410
NFKB1,CDK4,Activation,1.0,A,0.3499851635717447,0.1255532751415925,0.6159069,0.14058305,0.004746911832955788,0.8023035434218897,411
NFKB1,CFLAR,Activation,1.0,A,0.3499851635717447,0.6513562968271156,0.6159069,1.7789475,0.7369740796517411,5.487329661554979,412
NFKB1,CSNK2A1,Activation,1.0,A,0.3499851635717447,0.3550357310651448,0.6159069,0.506136,0.16812191747733612,2.8470451202365474,413
NFKB1,CTCF,Repression,-1.0,A,0.3499851635717447,0.3447615044139441,0.6159069,0.4817202,0.15720986913300716,2.755499392617501,414
NFKB1,CTSB,Activation,1.0,A,0.3499851635717447,0.3926893499174092,0.6159069,1.2235745,0.48876361654445005,3.1825475431773476,415
NFKB1,ERAP1,Activation,0.5,B,0.3499851635717447,0.1872295442743056,0.6159069,0.22384578,0.04195916517058175,1.3518533174598701,416
NFKB1,FAS,Activation,1.0,A,0.3499851635717447,0.1062535545609821,0.6159069,0.13014755,8.301875973088675e-05,0.6303385845614793,417
NFKB1,FBP1,Activation,1.0,A,0.3499851635717447,0.1915259266585129,0.6159069,0.3455734,0.09636236614208801,1.3901350747973864,418
NFKB1,GATA3,Activation,1.0,A,0.3499851635717447,0.1448406320318466,0.6159069,0.19789933,0.03036303001368689,0.9741583389514579,419
NFKB1,GSTP1,Activation,1.0,A,0.3499851635717447,0.6779691402284524,0.6159069,3.5258172,1.5176950315617095,5.724456230385577,420
NFKB1,HDAC7,Activation,0.5,B,0.3499851635717447,0.2013983333744538,0.6159069,0.24026619,0.04929786829534941,1.4781004941758218,421
NFKB1,HIF1A,Activation,1.0,A,0.3499851635717447,0.4284884152225255,0.6159069,1.1845853,0.47133834130027574,3.5015254665479234,422
NFKB1,HLA-F,Activation,1.0,A,0.3499851635717447,0.7898852649526806,0.6159069,1.9656807,0.8204299445380544,6.721654697774465,423
NFKB1,HMOX1,Activation,1.0,A,0.3499851635717447,0.1934113894314383,0.6159069,0.4157285,0.12771648285344836,1.4069349826937056,424
NFKB1,ICAM1,Activation,1.0,A,0.3499851635717447,0.1540948542320743,0.6159069,0.38763273,0.11515976136526664,1.0566155918065103,425
NFKB1,IER3,Activation,1.0,A,0.3499851635717447,0.278535397245284,0.6159069,1.6667019,0.6868086370433397,2.165409512964768,426
NFKB1,IL18,Activation,1.0,A,0.3499851635717447,0.1342016765164212,0.6159069,0.24589315,0.051812701294948256,0.8793627930840263,427
NFKB1,IL1RN,Activation,1.0,A,0.3499851635717447,0.1260478227541631,0.6159069,0.4632876,0.14897186659728534,0.8067100766405964,429
NFKB1,IRF1,Activation,1.0,A,0.3499851635717447,0.6600912440341049,0.6159069,2.7993789,1.1930310906393502,5.56516005453004,430
NFKB1,IRF4,Activation,1.0,A,0.3499851635717447,0.0570089760391585,0.6159069,0.098478176,-0.014070838174001947,0.19155803930781265,431
NFKB1,IRF7,Activation,1.0,A,0.3499851635717447,0.2163027620483008,0.6159069,0.36095887,0.10323852798975316,1.6109023890546004,432
NFKB1,KDM2A,Activation,0.5,B,0.3499851635717447,0.4132007121488676,0.6159069,0.62161046,0.21973042058005152,3.3653085084240355,434
NFKB1,MAT2A,Activation,1.0,A,0.3499851635717447,0.2783375782002548,0.6159069,0.4275657,0.13300683167107835,2.1636468996772766,435
NFKB1,MICA,Activation,1.0,A,0.3499851635717447,0.0580166167997723,0.6159069,0.06106458,-0.03079193550799026,0.20053635074093829,436
NFKB1,MYC,Activation,1.0,A,0.3499851635717447,0.1647523552829711,0.6159069,0.23737915,0.048007575941545276,1.1515763826696435,437
NFKB1,NCOR2,Activation,0.5,B,0.3499851635717447,0.2743564699190435,0.6159069,0.3859618,0.11441297981643396,2.128174307266528,438
NFKB1,NOD2,Activation,1.0,A,0.3499851635717447,0.0986931579337918,0.6159069,0.12183571,-0.0036317560954992143,0.5629737079803466,440
NFKB1,NOLC1,Activation,1.0,A,0.3499851635717447,0.1783833238544487,0.6159069,0.216338,0.038603745388367534,1.273031454510251,441
NFKB1,PDE7A,Activation,1.0,A,0.3499851635717447,0.2713768205532921,0.6159069,0.35905847,0.10238919040206149,2.101624944623699,442
NFKB1,PLAUR,Activation,1.0,A,0.3499851635717447,0.2705979080634899,0.6159069,1.0925252,0.43019431727551494,2.0946846548042046,443
NFKB1,PTAFR,Activation,1.0,A,0.3499851635717447,0.1853749907271658,0.6159069,0.38877028,0.11566816168776649,1.3353288178897194,444
NFKB1,RIPK2,Activation,1.0,A,0.3499851635717447,0.2263358967383272,0.6159069,0.5070576,0.16853380419635142,1.7002999317291163,445
NFKB1,RRM2B,Activation,1.0,A,0.3499851635717447,0.0898902104300151,0.6159069,0.10421633,-0.011506309718853868,0.4845374166871888,446
NFKB1,SERPINB1,Activation,1.0,A,0.3499851635717447,0.6227467174400338,0.6159069,2.1554704,0.9052518378061712,5.232411714853931,447
NFKB1,SOCS3,Activation,1.0,A,0.3499851635717447,0.296759476768593,0.6159069,0.7793637,0.2902343967493569,2.3277902620748447,448
NFKB1,SQSTM1,Activation,0.5,B,0.3499851635717447,0.5409176330954355,0.6159069,1.1110467,0.4384720515053778,4.503295712156919,449
NFKB1,TBX21,Activation,1.0,A,0.3499851635717447,0.1146175910586014,0.6159069,0.16641034,0.016289791324227976,0.7048640776230263,450
NFKB1,TIMP1,Repression,-1.0,A,0.3499851635717447,0.4870984891575639,0.6159069,1.6799457,0.6927276315412724,4.0237547346322655,451
NFKB1,TLR2,Activation,1.0,A,0.3499851635717447,0.227491901782711,0.6159069,0.5283207,0.17803682990717393,1.7106002031278433,452
NFKB1,TNFAIP3,Activation,1.0,A,0.3499851635717447,0.4911661432709755,0.6159069,2.7951894,1.1911586954469517,4.059998470356292,453
NFKB1,TNFRSF10A,Activation,1.0,A,0.3499851635717447,0.0897418461462435,0.6159069,0.100890346,-0.012992777424211236,0.483215456721573,454
NFKB1,TNFRSF10B,Activation,1.0,A,0.3499851635717447,0.1262394599540343,0.6159069,0.15450473,0.010968868319914135,0.808417608262846,455
NFKB1,TNFSF10,Activation,1.0,A,0.3499851635717447,0.3881024208107961,0.6159069,1.0999718,0.4335223941438084,3.1416769475736577,456
NFKB1,TP53,Activation,1.0,A,0.3499851635717447,0.1820924309487283,0.6159069,0.22152007,0.04091974561624034,1.3060804536505521,457
NFKB1,XIAP,Activation,1.0,A,0.3499851635717447,0.2885438045547268,0.6159069,0.3998026,0.12059878895331204,2.2545867289787487,458
NFKB2,CCND2,Activation,1.0,A,0.2591244034518001,0.28315941742284,0.47174475,0.4242582,0.13152862494023732,2.206610598559862,459
NFKB2,CDK6,Activation,1.0,A,0.2591244034518001,0.1502806557701234,0.47174475,0.21991356,0.04020175502057491,1.0226302043572335,460
NFKB2,SND1,Activation,1.0,A,0.2591244034518001,0.2489305407876473,0.47174475,0.3326536,0.0905881755688092,1.9016234181587863,461
NFYA,DDIT3,Activation,1.0,A,0.0568482480650729,0.1333485818847369,0.062214907,0.15854393,0.012774090580598339,0.8717615232817569,462
NFYA,FXR2,Activation,1.0,A,0.0568482480650729,0.0641613708859709,0.062214907,0.06797098,-0.027705287899258486,0.25528752598344856,463
NFYA,SP3,Activation,1.0,A,0.0568482480650729,0.3583862911403258,0.062214907,0.5164158,0.17271622422010238,2.8768993827934204,464
NFYB,FXR2,Activation,1.0,A,0.1499097450606954,0.0641613708859709,0.17901869,0.06797098,-0.027705287899258486,0.25528752598344856,465
NR3C1,ATF2,Repression,-1.0,A,0.4836861106308113,0.1649316287925279,0.79871505,0.1904546,0.02703578889644002,1.1531737509614242,466
NR3C1,CDK6,Repression,-1.0,A,0.4836861106308113,0.1502806557701234,0.79871505,0.21991356,0.04020175502057491,1.0226302043572335,467
NR3C1,ETS1,Repression,-1.0,A,0.4836861106308113,0.6404453401248253,0.79871505,2.1206756,0.8897011476902932,5.390110522417695,468
NRF1,CAPNS1,Activation,1.0,A,0.0548329665438453,0.5683217526768818,0.058030095,1.2911689,0.5189732906327825,4.747472734137418,469
NRF1,FMR1,Activation,1.0,A,0.0548329665438453,0.2650033381962597,0.058030095,0.33867794,0.09328060790044178,2.0448357477673595,470
NRF1,FXR2,Activation,1.0,A,0.0548329665438453,0.0641613708859709,0.058030095,0.06797098,-0.027705287899258486,0.25528752598344856,471
NRF1,PRDX5,Activation,1.0,A,0.0548329665438453,0.5635988229768536,0.058030095,1.012433,0.3943990552565082,4.705390341898956,472
PAX5,BCL2,Repression,-1.0,A,0.0555129695111307,0.2813852278627349,0.10139346,0.47219273,0.15295179799713846,2.1908021606376797,473
PAX5,BLK,Activation,1.0,A,0.0555129695111307,0.0618802700229845,0.10139346,0.10990731,-0.008962864536365106,0.23496239151212361,474
PAX5,CD79A,Activation,1.0,A,0.0555129695111307,0.1126517642986288,0.10139346,0.6398682,0.22789027368902964,0.6873481080786272,475
PAX5,PRDM1,Repression,-1.0,A,0.0555129695111307,0.2702579065798461,0.10139346,0.5221778,0.17529141006533472,2.0916551632163305,476
PAX5,PRKCE,Activation,0.5,B,0.0555129695111307,0.0577569793031724,0.10139346,0.06383495,-0.029553785974832287,0.19822292080111428,477
PAX5,TP53,Activation,1.0,A,0.0555129695111307,0.1820924309487283,0.10139346,0.22152007,0.04091974561624034,1.3060804536505521,478
PAX5,XBP1,Repression,-1.0,A,0.0555129695111307,0.4882668578922672,0.10139346,0.9849954,0.38213648685193585,4.034165169361507,479
PKNOX1,PTPN6,Activation,1.0,A,0.0930367696150027,0.5158440691382178,0.10625077,1.1630167,0.4616987797901269,4.2798844779694845,480
POU2F1,PTGIR,Activation,1.0,A,0.1417126183823374,0.1207437996093337,0.17154206,0.21449013,0.03777788480734889,0.7594500078698803,481
POU2F1,RRM2B,Activation,1.0,A,0.1417126183823374,0.0898902104300151,0.17154206,0.10421633,-0.011506309718853868,0.4845374166871888,482
POU2F1,SNAPC1,Activation,1.0,A,0.1417126183823374,0.072766499344719,0.17154206,0.0866566,-0.01935420422459864,0.33196120398912055,483
POU2F1,ST6GAL1,Activation,1.0,A,0.1417126183823374,0.2525098291336384,0.17154206,0.31953296,0.08472422443927274,1.9335157023292777,484
POU2F1,TXNRD1,Activation,1.0,A,0.1417126183823374,0.2194616849235956,0.17154206,0.2952673,0.07387927751854728,1.6390491199890904,485
POU2F2,HLA-DOB,Activation,1.0,A,0.5205546351479318,0.0546536930342883,1.9923346,0.08158636,-0.021620224752181207,0.1705719248536977,486
POU2F2,SPI1,Activation,1.0,A,0.5205546351479318,0.3698845231326442,1.9923346,1.7534617,0.7255838208154999,2.9793512801288142,488
PPARA,ACOX1,Activation,1.0,A,0.0739225043891054,0.1286627432556303,0.08584047,0.1551735,0.011267758815873174,0.8300096210345094,489
PPARA,ACSL1,Activation,1.0,A,0.0739225043891054,0.1829331618900984,0.08584047,0.53258973,0.17994476909996673,1.3135715601223543,490
PPARA,APOBR,Repression,-1.0,A,0.0739225043891054,0.2226824262504617,0.08584047,0.33509254,0.09167820051941158,1.6677466675759185,491
PPARA,CD36,Activation,1.0,A,0.0739225043891054,0.2961845651689771,0.08584047,1.1392119,0.4510598030444507,2.3226676672080755,492
PPARA,CPT1A,Activation,1.0,A,0.0739225043891054,0.1655930862243411,0.08584047,0.21036206,0.03593294426029435,1.1590674891414445,493
PPARA,TUBA1B,Repression,-1.0,A,0.0739225043891054,0.5597475334439772,0.08584047,1.501753,0.6130887355392366,4.67107446445843,495
PRDM1,CIITA,Repression,-1.0,A,0.2702579065798461,0.1989997774534863,0.5221778,0.35057378,0.09859716444073134,1.4567288080650935,497
PRDM1,MYC,Repression,-1.0,A,0.2702579065798461,0.1647523552829711,0.5221778,0.23737915,0.048007575941545276,1.1515763826696435,498
RARA,CDKN1A,Activation,1.0,A,0.2219776959025486,0.2153878489650451,0.33046767,0.5721349,0.19761852162188726,1.6027503025999923,499
RARA,ETS1,Activation,1.0,A,0.2219776959025486,0.6404453401248253,0.33046767,2.1206756,0.8897011476902932,5.390110522417695,500
RARA,ICAM1,Activation,1.0,A,0.2219776959025486,0.1540948542320743,0.33046767,0.38763273,0.11515976136526664,1.0566155918065103,501
RARA,PRKCA,Activation,1.0,A,0.2219776959025486,0.1621436166266611,0.33046767,0.19938134,0.031025378360526996,1.1283319199409647,502
RBPJ,NFKB1,Activation,1.0,A,0.4156734502117318,0.3499851635717447,0.79195565,0.6159069,0.2171813530723401,2.8020433997403007,503
RBPJ,PTEN,Repression,-1.0,A,0.4156734502117318,0.4837912019984831,0.79195565,0.92425805,0.35499140458936707,3.9942860437320316,504
REL,BIRC3,Activation,1.0,A,0.5875472911154782,0.3656561410451465,1.9441515,0.76260644,0.2827451467047756,2.941675421108702,505
REL,CCL5,Activation,1.0,A,0.5875472911154782,0.5062807546801764,1.9441515,5.4849777,2.393294196459016,4.194673141853123,506
REL,CD40LG,Activation,1.0,A,0.5875472911154782,0.0846480057367548,1.9441515,0.10896245,-0.009385146747008319,0.4378281645687911,507
REL,CSRP1,Activation,1.0,A,0.5875472911154782,0.1509544768922509,1.9441515,0.17707859,0.02105770635258615,1.0286341058677217,508
REL,ICAM1,Activation,1.0,A,0.5875472911154782,0.1540948542320743,1.9441515,0.38763273,0.11515976136526664,1.0566155918065103,509
REL,IER3,Activation,1.0,A,0.5875472911154782,0.278535397245284,1.9441515,1.6667019,0.6868086370433397,2.165409512964768,510
REL,TNFAIP3,Activation,1.0,A,0.5875472911154782,0.4911661432709755,1.9441515,2.7951894,1.1911586954469517,4.059998470356292,512
RELA,AGER,Activation,1.0,A,0.23764867337588,0.0562918820009303,0.28659898,0.060453143,-0.031065202413170987,0.18516856614068053,513
RELA,AKT1,Repression,-1.0,A,0.23764867337588,0.2424148759920294,0.28659898,0.30322737,0.07743683732261851,1.8435673430023234,514
RELA,BAX,Repression,-1.0,A,0.23764867337588,0.5263841151310817,0.28659898,0.90363324,0.3457736470793694,4.373798717192752,515
RELA,BCL2,Activation,1.0,A,0.23764867337588,0.2813852278627349,0.28659898,0.47219273,0.15295179799713846,2.1908021606376797,516
RELA,BCL2A1,Activation,1.0,A,0.23764867337588,0.3251279641948024,0.28659898,1.6689782,0.6878259739991714,2.580560023834052,517
RELA,BCL2L1,Activation,1.0,A,0.23764867337588,0.0879862021216139,0.28659898,0.09948734,-0.013619816853571885,0.4675722637951288,518
RELA,BCL3,Activation,1.0,A,0.23764867337588,0.1931950248509387,0.28659898,0.3501747,0.09841880533501887,1.405007124410522,519
RELA,BIRC2,Activation,1.0,A,0.23764867337588,0.3038129620929131,0.28659898,0.4268566,0.13268991666190544,2.3906384421069333,520
RELA,BIRC3,Activation,1.0,A,0.23764867337588,0.3656561410451465,0.28659898,0.76260644,0.2827451467047756,2.941675421108702,521
RELA,CCL5,Activation,1.0,A,0.23764867337588,0.5062807546801764,0.28659898,5.4849777,2.393294196459016,4.194673141853123,523
RELA,CD40,Activation,1.0,A,0.23764867337588,0.1041084542914522,0.28659898,0.14482486,0.006642685708374905,0.611225246725295,524
RELA,CD40LG,Activation,1.0,A,0.23764867337588,0.0846480057367548,0.28659898,0.10896245,-0.009385146747008319,0.4378281645687911,525
RELA,CD58,Activation,1.0,A,0.23764867337588,0.1925768403352254,0.28659898,0.24990088,0.05360385880406192,1.3994989578871382,526
RELA,CD69,Activation,1.0,A,0.23764867337588,0.449080141441027,0.28659898,1.0719713,0.4210082512664346,3.685002493442654,527
RELA,CD74,Activation,1.0,A,0.23764867337588,0.7540985633382,0.28659898,15.493398,6.866314378634623,6.40278693773722,528
RELA,CD83,Activation,1.0,A,0.23764867337588,0.2471687149178644,0.28659898,1.0851697,0.42690695533788797,1.8859251435671427,529
RELA,CD86,Activation,1.0,A,0.23764867337588,0.2066590836031737,0.28659898,0.3615703,0.10351179176645404,1.524974991289816,530
RELA,CDK4,Activation,1.0,A,0.23764867337588,0.1255532751415925,0.28659898,0.14058305,0.004746911832955788,0.8023035434218897,531
RELA,CDK6,Activation,1.0,A,0.23764867337588,0.1502806557701234,0.28659898,0.21991356,0.04020175502057491,1.0226302043572335,532
RELA,CDKN1A,Activation,1.0,A,0.23764867337588,0.2153878489650451,0.28659898,0.5721349,0.19761852162188726,1.6027503025999923,533
RELA,CFLAR,Activation,1.0,A,0.23764867337588,0.6513562968271156,0.28659898,1.7789475,0.7369740796517411,5.487329661554979,534
RELA,CTSB,Activation,1.0,A,0.23764867337588,0.3926893499174092,0.28659898,1.2235745,0.48876361654445005,3.1825475431773476,535
RELA,CXCR4,Activation,1.0,A,0.23764867337588,0.7221260601856532,0.28659898,2.908632,1.2418591081103243,6.1179045651491,536
RELA,GATA3,Activation,1.0,A,0.23764867337588,0.1448406320318466,0.28659898,0.19789933,0.03036303001368689,0.9741583389514579,537
RELA,GSTP1,Activation,1.0,A,0.23764867337588,0.6779691402284524,0.28659898,3.5258172,1.5176950315617095,5.724456230385577,538
RELA,HDAC1,Activation,1.0,A,0.23764867337588,0.3868413243987354,0.28659898,0.5311056,0.17928147327065666,3.1304402878659046,539
RELA,HIF1A,Activation,1.0,A,0.23764867337588,0.4284884152225255,0.28659898,1.1845853,0.47133834130027574,3.5015254665479234,540
RELA,ICAM1,Activation,1.0,A,0.23764867337588,0.1540948542320743,0.28659898,0.38763273,0.11515976136526664,1.0566155918065103,541
RELA,IER3,Activation,1.0,A,0.23764867337588,0.278535397245284,0.28659898,1.6667019,0.6868086370433397,2.165409512964768,542
RELA,IL18,Activation,1.0,A,0.23764867337588,0.1342016765164212,0.28659898,0.24589315,0.051812701294948256,0.8793627930840263,543
RELA,IRF1,Activation,1.0,A,0.23764867337588,0.6600912440341049,0.28659898,2.7993789,1.1930310906393502,5.56516005453004,545
RELA,IRF4,Activation,1.0,A,0.23764867337588,0.0570089760391585,0.28659898,0.098478176,-0.014070838174001947,0.19155803930781265,546
RELA,IRF7,Activation,1.0,A,0.23764867337588,0.2163027620483008,0.28659898,0.36095887,0.10323852798975316,1.6109023890546004,547
RELA,KDM2A,Activation,0.5,B,0.23764867337588,0.4132007121488676,0.28659898,0.62161046,0.21973042058005152,3.3653085084240355,548
RELA,MAT2A,Activation,1.0,A,0.23764867337588,0.2783375782002548,0.28659898,0.4275657,0.13300683167107835,2.1636468996772766,549
RELA,MCL1,Activation,1.0,A,0.23764867337588,0.652438119729609,0.28659898,2.517699,1.0671411060217773,5.496968952970857,550
RELA,MICA,Activation,1.0,A,0.23764867337588,0.0580166167997723,0.28659898,0.06106458,-0.03079193550799026,0.20053635074093829,551
RELA,MYC,Activation,1.0,A,0.23764867337588,0.1647523552829711,0.28659898,0.23737915,0.048007575941545276,1.1515763826696435,552
RELA,NCOR2,Activation,0.5,B,0.23764867337588,0.2743564699190435,0.28659898,0.3859618,0.11441297981643396,2.128174307266528,553
RELA,NFKB1,Activation,1.0,A,0.23764867337588,0.3499851635717447,0.28659898,0.6159069,0.2171813530723401,2.8020433997403007,554
RELA,NFKBIZ,Activation,0.5,B,0.23764867337588,0.4879083108731519,0.28659898,3.0387094,1.2999940402978674,4.03097043277793,556
RELA,NOLC1,Activation,1.0,A,0.23764867337588,0.1783833238544487,0.28659898,0.216338,0.038603745388367534,1.273031454510251,557
RELA,OPTN,Activation,1.0,A,0.23764867337588,0.3138522786281417,0.28659898,0.5073086,0.1686459825453888,2.480091066447084,558
RELA,PCK2,Repression,-1.0,A,0.23764867337588,0.0666835637100868,0.28659898,0.07432793,-0.024864203612752128,0.2777608453989048,559
RELA,PLAUR,Activation,1.0,A,0.23764867337588,0.2705979080634899,0.28659898,1.0925252,0.43019431727551494,2.0946846548042046,560
RELA,POU2F2,Activation,0.5,B,0.23764867337588,0.5205546351479318,0.28659898,1.9923346,0.8323422572767281,4.321856706877479,561
RELA,PPARA,Repression,-1.0,A,0.23764867337588,0.0739225043891054,0.28659898,0.08584047,-0.01971895369073357,0.3422614753878709,562
RELA,PPARD,Repression,-1.0,A,0.23764867337588,0.0593642590440287,0.28659898,0.06312954,-0.02986905182819663,0.21254415376192762,563
RELA,RIPK2,Activation,1.0,A,0.23764867337588,0.2263358967383272,0.28659898,0.5070576,0.16853380419635142,1.7002999317291163,564
RELA,S100A6,Activation,1.0,A,0.23764867337588,0.9587114561932172,0.28659898,18.290825,8.116556380278276,8.225934975303769,565
RELA,SIRT1,Activation,1.0,A,0.23764867337588,0.1215227120991342,0.28659898,0.1397777,0.004386980225795461,0.7663902976893595,566
RELA,SOCS3,Activation,1.0,A,0.23764867337588,0.296759476768593,0.28659898,0.7793637,0.2902343967493569,2.3277902620748447,567
RELA,STAT1,Activation,0.5,B,0.23764867337588,0.4270975000621644,0.28659898,0.9495111,0.366277641470475,3.489132091870254,568
RELA,STAT3,Activation,0.5,B,0.23764867337588,0.5248201083063342,0.28659898,0.8508685,0.3221917290690668,4.359863055888654,569
RELA,TBX21,Activation,1.0,A,0.23764867337588,0.1146175910586014,0.28659898,0.16641034,0.016289791324227976,0.7048640776230263,570
RELA,TIMP1,Repression,-1.0,A,0.23764867337588,0.4870984891575639,0.28659898,1.6799457,0.6927276315412724,4.0237547346322655,571
RELA,TNFAIP3,Activation,1.0,A,0.23764867337588,0.4911661432709755,0.28659898,2.7951894,1.1911586954469517,4.059998470356292,572
RELA,TNFRSF10A,Repression,-1.0,A,0.23764867337588,0.0897418461462435,0.28659898,0.100890346,-0.012992777424211236,0.483215456721573,573
RELA,TNFRSF10B,Activation,1.0,A,0.23764867337588,0.1262394599540343,0.28659898,0.15450473,0.010968868319914135,0.808417608262846,574
RELA,TP53,Activation,1.0,A,0.23764867337588,0.1820924309487283,0.28659898,0.22152007,0.04091974561624034,1.3060804536505521,575
RELA,XIAP,Activation,1.0,A,0.23764867337588,0.2885438045547268,0.28659898,0.3998026,0.12059878895331204,2.2545867289787487,576
RELB,CD40,Activation,1.0,A,0.1469115501594861,0.1041084542914522,0.18670212,0.14482486,0.006642685708374905,0.611225246725295,577
RFX1,MYC,Repression,-1.0,A,0.1693516480798778,0.1647523552829711,0.20922527,0.23737915,0.048007575941545276,1.1515763826696435,578
RFX1,PCNA,Repression,-1.0,A,0.1693516480798778,0.1225612620855348,0.20922527,0.16112904,0.013929442659801486,0.7756440174486644,579
RFX5,HLA-DMA,Activation,1.0,A,0.0984767933532917,0.3805111149578031,0.110208794,1.3015571,0.5236160441207107,3.0740366626662037,580
RFX5,HLA-DMB,Activation,1.0,A,0.0984767933532917,0.3510978957000336,0.110208794,1.14607,0.45412486414219233,2.811958099482436,581
RFX5,HLA-DOA,Activation,1.0,A,0.0984767933532917,0.0592344402957288,0.110208794,0.081549466,-0.02163671362871262,0.21138743879201607,582
RFX5,HLA-DOB,Activation,1.0,A,0.0984767933532917,0.0546536930342883,0.110208794,0.08158636,-0.021620224752181207,0.1705719248536977,583
RFX5,HLA-DPB1,Activation,1.0,A,0.0984767933532917,0.6063771914640199,0.110208794,5.5461235,2.4206218255210445,5.086555465315389,585
RFX5,HLA-DQA1,Activation,1.0,A,0.0984767933532917,0.2688731732646421,0.110208794,1.5766073,0.6465430454689093,2.079316870203895,586
RFX5,HLA-DQA2,Activation,1.0,A,0.0984767933532917,0.0886662050889,0.110208794,0.2552541,0.05599635036435601,0.47363124697086406,587
RFX5,HLA-DQB1,Activation,1.0,A,0.0984767933532917,0.4412539254720619,0.110208794,3.037455,1.2994334167080965,3.6152691052563046,588
RFX5,HLA-DRB5,Activation,1.0,A,0.0984767933532917,0.3940184466261987,0.110208794,2.6343052,1.119255412808714,3.194390101202676,591
RORA,TUBA1B,Activation,1.0,A,0.3646546821296865,0.5597475334439772,0.7372962,1.501753,0.6130887355392366,4.67107446445843,592
RUNX1,CSF1R,Activation,1.0,A,0.2516505526567931,0.2180584060729265,0.33464053,0.51985395,0.17425282179278298,1.62654558198101,593
RUNX1,ITGB2,Activation,1.0,A,0.2516505526567931,0.7094594594587451,0.33464053,3.5586774,1.5323810992311824,6.005042233085478,594
RUNX1,LGALS3,Activation,1.0,A,0.2516505526567931,0.4008617492151753,0.33464053,1.7604882,0.7287241442000062,3.2553655046168055,595
RUNX1,NFKB1,Activation,1.0,A,0.2516505526567931,0.3499851635717447,0.33464053,0.6159069,0.2171813530723401,2.8020433997403007,596
RUNX1,PIK3CD,Activation,1.0,A,0.2516505526567931,0.2355715734030835,0.33464053,0.286577,0.06999535916540212,1.782591939588467,597
RUNX1,PRKCQ,Activation,1.0,A,0.2516505526567931,0.1199710689646904,0.33464053,0.14250283,0.005604910840585107,0.7525647997156355,598
RUNX1,SPI1,Activation,1.0,A,0.2516505526567931,0.3698845231326442,0.33464053,1.7534617,0.7255838208154999,2.9793512801288142,599
RUNX1,TIMP1,Activation,0.5,B,0.2516505526567931,0.4870984891575639,0.33464053,1.6799457,0.6927276315412724,4.0237547346322655,600
RUNX2,LGALS3,Activation,1.0,A,0.0917633095126305,0.4008617492151753,0.11549347,1.7604882,0.7287241442000062,3.2553655046168055,601
RUNX3,CASP8,Activation,1.0,A,0.4394797359119568,0.4175836403652944,0.8529315,0.62558156,0.22150520720101682,3.404361409075,602
RUNX3,CFLAR,Repression,-1.0,A,0.4394797359119568,0.6513562968271156,0.8529315,1.7789475,0.7369740796517411,5.487329661554979,603
RUNX3,ICAM3,Repression,-1.0,A,0.4394797359119568,0.6620447071037501,0.8529315,1.2954494,0.5208863560632784,5.582565860743853,604
RUNX3,RUNX1,Repression,-1.0,A,0.4394797359119568,0.2516505526567931,0.8529315,0.33464053,0.09147618563674871,1.92585935086174,605
RUNX3,TCF4,Activation,1.0,A,0.4394797359119568,0.1623228901362179,0.8529315,0.4155397,0.12763210328253896,1.1299292882327454,606
RXRA,NOL7,Activation,1.0,A,0.2722670062559232,0.5082156722143503,0.57247657,0.81112474,0.3044292215736988,4.211913703071236,607
SATB1,CD8B,Activation,1.0,A,0.3895056996614716,0.1584097821517529,0.643516,0.43148285,0.134757506650886,1.0950625941397274,608
SKIL,SMAD7,Repression,-1.0,A,0.2227689720826616,0.0661581068717293,0.37312382,0.0756572,-0.02427011869631826,0.27307890385401784,609
SMAD3,AHR,Activation,1.0,A,0.1865557231521782,0.1982703197249447,0.24304646,0.39844927,0.11999395100469555,1.4502291715675015,610
SMAD3,CCND2,Activation,1.0,A,0.1865557231521782,0.28315941742284,0.24304646,0.4242582,0.13152862494023732,2.206610598559862,611
SMAD3,CDKN1A,Activation,1.0,A,0.1865557231521782,0.2153878489650451,0.24304646,0.5721349,0.19761852162188726,1.6027503025999923,612
SMAD3,JUN,Activation,1.0,A,0.1865557231521782,0.4852995722168302,0.24304646,1.781715,0.7382109465081591,4.0077259700491465,613
SMAD3,MYC,Repression,-1.0,A,0.1865557231521782,0.1647523552829711,0.24304646,0.23737915,0.048007575941545276,1.1515763826696435,614
SMAD3,POR,Activation,1.0,A,0.1865557231521782,0.1818822482133858,0.24304646,0.22531594,0.04261621744795536,1.304207677032602,615
SMAD3,SMAD7,Activation,1.0,A,0.1865557231521782,0.0661581068717293,0.24304646,0.0756572,-0.02427011869631826,0.27307890385401784,616
SMAD3,TGFB1,Activation,1.0,A,0.1865557231521782,0.6248423629482924,0.24304646,1.3392029,0.5404409193884038,5.251084399368118,617
SMAD3,ZFP36,Activation,1.0,A,0.1865557231521782,0.6323162137432323,0.24304646,3.5284352,1.5188650830269677,5.317678132635526,618
SMAD4,AHR,Activation,1.0,A,0.1658836329467264,0.1982703197249447,0.19124013,0.39844927,0.11999395100469555,1.4502291715675015,619
SMAD4,BTRC,Repression,-1.0,A,0.1658836329467264,0.0576395242451867,0.19124013,0.062196113,-0.03028622433738748,0.19717636916166986,620
SMAD4,CDKN1A,Activation,1.0,A,0.1658836329467264,0.2153878489650451,0.19124013,0.5721349,0.19761852162188726,1.6027503025999923,621
SMAD4,JUN,Activation,1.0,A,0.1658836329467264,0.4852995722168302,0.19124013,1.781715,0.7382109465081591,4.0077259700491465,622
SMAD4,MYC,Repression,-1.0,A,0.1658836329467264,0.1647523552829711,0.19124013,0.23737915,0.048007575941545276,1.1515763826696435,623
SMAD4,POR,Activation,1.0,A,0.1658836329467264,0.1818822482133858,0.19124013,0.22531594,0.04261621744795536,1.304207677032602,624
SMAD4,SKIL,Repression,-0.5,B,0.1658836329467264,0.2227689720826616,0.19124013,0.37312382,0.10867535670338714,1.6685178108891927,625
SMAD4,SMAD7,Activation,1.0,A,0.1658836329467264,0.0661581068717293,0.19124013,0.0756572,-0.02427011869631826,0.27307890385401784,626
SMAD4,TGFB1,Activation,1.0,A,0.1658836329467264,0.6248423629482924,0.19124013,1.3392029,0.5404409193884038,5.251084399368118,627
SMAD4,ZFP36,Activation,1.0,A,0.1658836329467264,0.6323162137432323,0.19124013,3.5284352,1.5188650830269677,5.317678132635526,628
SOX4,HDAC8,Activation,1.0,A,0.2003659652332126,0.0885240226502857,0.5692849,0.096637264,-0.014893589046046086,0.4723643686704836,629
SP1,ABCC1,Repression,-1.0,A,0.2316708291089327,0.0977967903860056,0.3080096,0.108768135,-0.00947199111311667,0.554986866521423,630
SP1,ADA,Activation,1.0,A,0.2316708291089327,0.1343129497292496,0.3080096,0.18237266,0.02342376225811705,0.8803542630582354,631
SP1,ADAM10,Activation,1.0,A,0.2316708291089327,0.4420761108779642,0.3080096,0.753519,0.2786837362817631,3.6225949667324384,632
SP1,ADAM17,Activation,1.0,A,0.2316708291089327,0.2528621943075965,0.3080096,0.3622585,0.10381936602863537,1.93665535724762,633
SP1,AHR,Repression,-1.0,A,0.2316708291089327,0.1982703197249447,0.3080096,0.39844927,0.11999395100469555,1.4502291715675015,634
SP1,ALOX5,Activation,1.0,A,0.2316708291089327,0.2356395736998119,0.3080096,0.3856959,0.11429414227456526,1.7831978379060387,635
SP1,APEX1,Repression,-1.0,A,0.2316708291089327,0.4512623327815047,0.3080096,0.75967747,0.2814361147566481,3.704446321270286,636
SP1,APP,Activation,1.0,A,0.2316708291089327,0.2245246161072873,0.3080096,0.37548304,0.10972975273771358,1.684161003815602,637
SP1,ATF2,Activation,1.0,A,0.2316708291089327,0.1649316287925279,0.3080096,0.1904546,0.02703578889644002,1.1531737509614242,638
SP1,ATM,Activation,1.0,A,0.2316708291089327,0.7135703864882199,0.3080096,1.6663079,0.6866325483201496,6.0416715404658135,639
SP1,ATP2A2,Activation,1.0,A,0.2316708291089327,0.1897702826338872,0.3080096,0.24228299,0.05019922803375007,1.374491881870977,640
SP1,B4GALT1,Activation,1.0,A,0.2316708291089327,0.370762345144961,0.3080096,0.5995554,0.20987344759710294,2.9871728765920538,641
SP1,BAX,Activation,1.0,A,0.2316708291089327,0.5263841151310817,0.3080096,0.90363324,0.3457736470793694,4.373798717192752,642
SP1,BCL2,Activation,1.0,A,0.2316708291089327,0.2813852278627349,0.3080096,0.47219273,0.15295179799713846,2.1908021606376797,643
SP1,BLMH,Activation,1.0,A,0.2316708291089327,0.1051037313617528,0.3080096,0.119372025,-0.004732840222384182,0.6200933948279626,644
SP1,BRD7,Activation,1.0,A,0.2316708291089327,0.5326215968946006,0.3080096,0.91525054,0.350965716937026,4.429376117413443,645
SP1,BSG,Activation,1.0,A,0.2316708291089327,0.4202480156280306,0.3080096,0.6275525,0.22238607092711923,3.4281016067908903,646
SP1,BTK,Activation,1.0,A,0.2316708291089327,0.2302366410324779,0.3080096,0.37305444,0.10864434899878071,1.7350564624916662,647
SP1,C1QBP,Activation,1.0,A,0.2316708291089327,0.5015640068253053,0.3080096,0.8316593,0.31360664403986915,4.152645831279894,648
SP1,CAT,Activation,1.0,A,0.2316708291089327,0.3209799460943477,0.3080096,0.5484749,0.18704425971661187,2.5436002264619826,649
SP1,CCND2,Activation,1.0,A,0.2316708291089327,0.28315941742284,0.3080096,0.4242582,0.13152862494023732,2.206610598559862,650
SP1,CD14,Activation,1.0,A,0.2316708291089327,0.3217341312035213,0.3080096,2.4816856,1.051045792255951,2.5503201896205407,651
SP1,CD151,Activation,1.0,A,0.2316708291089327,0.1464973665339582,0.3080096,0.18858913,0.02620206242321795,0.9889202252341261,652
SP1,CD163,Activation,1.0,A,0.2316708291089327,0.1690672832026497,0.3080096,0.33741066,0.09271422790774027,1.1900233850028603,653
SP1,CD28,Activation,1.0,A,0.2316708291089327,0.108992111965598,0.3080096,0.13969888,0.004351753542643564,0.654739762260123,654
SP1,CD44,Activation,1.0,A,0.2316708291089327,0.7370428525497474,0.3080096,2.928341,1.2506675666010711,6.25081662335775,655
SP1,CD83,Activation,1.0,A,0.2316708291089327,0.2471687149178644,0.3080096,1.0851697,0.42690695533788797,1.8859251435671427,656
SP1,ADGRE5,Activation,1.0,A,0.2316708291089327,0.5011374595094651,0.3080096,1.0426323,0.40789589834847706,4.148845196378777,657
SP1,CD99,Activation,1.0,A,0.2316708291089327,0.6771469548225575,0.3080096,1.712543,0.7072962024459567,5.71713036890951,658
SP1,CDK6,Repression,-1.0,A,0.2316708291089327,0.1502806557701234,0.3080096,0.21991356,0.04020175502057491,1.0226302043572335,659
SP1,CDKN1A,Activation,1.0,A,0.2316708291089327,0.2153878489650451,0.3080096,0.5721349,0.19761852162188726,1.6027503025999923,660
SP1,CDKN1B,Activation,1.0,A,0.2316708291089327,0.5187000816008003,0.3080096,0.8652857,0.3286351461756068,4.305332207307402,661
SP1,CERS2,Activation,1.0,A,0.2316708291089327,0.2394723176972342,0.3080096,0.29353243,0.07310391954088011,1.8173484703510172,662
SP1,CES1,Activation,1.0,A,0.2316708291089327,0.0862367399421414,0.3080096,0.15470208,0.011057069105501874,0.4519841525339181,663
SP1,CIC,Activation,0.5,B,0.2316708291089327,0.1502559283894949,0.3080096,0.17338741,0.01940802317171064,1.0224098776962982,664
SP1,CREM,Activation,1.0,A,0.2316708291089327,0.1612163398530912,0.3080096,0.22310163,0.041626585415856024,1.1200696701558892,665
SP1,CSNK2A1,Activation,1.0,A,0.2316708291089327,0.3550357310651448,0.3080096,0.506136,0.16812191747733612,2.8470451202365474,666
SP1,CTSL,Activation,1.0,A,0.2316708291089327,0.0823854504092391,0.3080096,0.14918697,0.008592224744707147,0.41766827509316157,667
SP1,CYP1B1,Activation,1.0,A,0.2316708291089327,0.1523639375880771,0.3080096,0.40816274,0.1243351503195322,1.0411927255410358,668
SP1,CYP27A1,Activation,1.0,A,0.2316708291089327,0.0709861279394608,0.3080096,0.101666875,-0.01264572666245969,0.31609768440174035,669
SP1,DCK,Activation,1.0,A,0.2316708291089327,0.278189213916483,0.3080096,0.35449523,0.10034976120102053,2.162324939711659,670
SP1,DPYSL2,Activation,0.5,B,0.2316708291089327,0.3179570238124963,0.3080096,0.67849404,0.24515315401325888,2.5166652921625166,671
SP1,DRG2,Activation,1.0,A,0.2316708291089327,0.1417188002274946,0.3080096,0.16082191,0.01379217837159493,0.946342098008371,672
SP1,EAPP,Activation,1.0,A,0.2316708291089327,0.4330444351033528,0.3080096,0.62733203,0.22228753721950067,3.5421206538254424,673
SP1,EZR,Activation,1.0,A,0.2316708291089327,0.5565082465816542,0.3080096,1.2109382,0.4831161294052433,4.642211671876029,674
SP1,FAS,Activation,1.0,A,0.2316708291089327,0.1062535545609821,0.3080096,0.13014755,8.301875973088675e-05,0.6303385845614793,675
SP1,FES,Activation,1.0,A,0.2316708291089327,0.1851338987660376,0.3080096,0.27628875,0.06539727590052682,1.3331806329455997,676
SP1,FGL2,Activation,1.0,A,0.2316708291089327,0.4059308622440469,0.3080096,3.0900078,1.322920613286945,3.3005324701087537,677
SP1,FMR1,Activation,1.0,A,0.2316708291089327,0.2650033381962597,0.3080096,0.33867794,0.09328060790044178,2.0448357477673595,678
SP1,FOS,Activation,1.0,A,0.2316708291089327,0.5457703815437629,0.3080096,9.007235,3.9674814825100784,4.546534819365286,679
SP1,FXR2,Activation,1.0,A,0.2316708291089327,0.0641613708859709,0.3080096,0.06797098,-0.027705287899258486,0.25528752598344856,680
SP1,GCLC,Activation,1.0,A,0.2316708291089327,0.097772063005377,0.3080096,0.11275542,-0.007689970999804079,0.5547665398604871,681
SP1,GFER,Activation,1.0,A,0.2316708291089327,0.1344118592517637,0.3080096,0.15085411,0.009337312445161963,0.8812355697019765,682
SP1,GSTP1,Activation,1.0,A,0.2316708291089327,0.6779691402284524,0.3080096,3.5258172,1.5176950315617095,5.724456230385577,683
SP1,HDAC4,Activation,1.0,A,0.2316708291089327,0.1076135604955543,0.3080096,0.123031504,-0.0030973250329143927,0.64245655091295,684
SP1,HRAS,Activation,1.0,A,0.2316708291089327,0.1036077248337234,0.3080096,0.11476057,-0.0067938179457312535,0.606763631841345,685
SP1,HTT,Activation,1.0,A,0.2316708291089327,0.1972070423579178,0.3080096,0.24297681,0.05050931401832818,1.4407551251472812,686
SP1,IFNGR1,Activation,1.0,A,0.2316708291089327,0.3833918548010399,0.3080096,0.8696847,0.3306011723007677,3.0997047186652864,687
SP1,IGF1R,Activation,1.0,A,0.2316708291089327,0.0765683341163642,0.3080096,0.0869907,-0.01920488635044173,0.36583642810800604,688
SP1,IL2RB,Activation,1.0,A,0.2316708291089327,0.1770975000617651,0.3080096,0.38012168,0.1118028801360351,1.2615744681416134,689
SP1,IMPDH2,Activation,1.0,A,0.2316708291089327,0.2164696718675434,0.3080096,0.27353987,0.06416873080051949,1.6123895940159143,690
SP1,INSR,Activation,1.0,A,0.2316708291089327,0.0964429662965905,0.3080096,0.12457346,-0.002408185278459161,0.5429239818351859,691
SP1,IRS2,Activation,1.0,A,0.2316708291089327,0.2393672263295629,0.3080096,0.45971313,0.14737434411408373,1.8164120820420415,692
SP1,ITGA5,Activation,1.0,A,0.2316708291089327,0.1471588239657714,0.3080096,0.18030432,0.0224993679694798,0.9948139634141465,693
SP1,ITGAV,Activation,1.0,A,0.2316708291089327,0.0548329665438453,0.3080096,0.060978975,-0.03083019458197172,0.1721692931454803,694
SP1,ITGAX,Activation,1.0,A,0.2316708291089327,0.287975074800268,0.3080096,0.6287578,0.22292475046534532,2.2495192157772133,695
SP1,LDHA,Activation,1.0,A,0.2316708291089327,0.62687619000498,0.3080096,1.3056952,0.5254654673324698,5.269206267229968,696
SP1,LDLR,Activation,1.0,A,0.2316708291089327,0.0832076358151396,0.3080096,0.11775983,-0.005453371590616454,0.4249941365692782,697
SP1,LTBP4,Activation,0.5,B,0.2316708291089327,0.0804381691847379,0.3080096,0.08863598,-0.018469568445644118,0.40031755054446405,698
SP1,MAT2A,Activation,1.0,A,0.2316708291089327,0.2783375782002548,0.3080096,0.4275657,0.13300683167107835,2.1636468996772766,699
SP1,MAT2B,Activation,1.0,A,0.2316708291089327,0.3658045053289183,0.3080096,0.500284,0.16550650831969993,2.9429973810743193,700
SP1,MCTS1,Activation,1.0,A,0.2316708291089327,0.267327711975352,0.3080096,0.34698743,0.09699433248029243,2.0655464538953745,701
SP1,MIF,Activation,1.0,A,0.2316708291089327,0.3984261022232541,0.3080096,0.56333023,0.19368348837719068,3.2336633285145764,702
SP1,MPG,Activation,1.0,A,0.2316708291089327,0.3052842412403173,0.3080096,0.39713496,0.11940655209663456,2.403747878432645,704
SP1,MYBL1,Activation,1.0,A,0.2316708291089327,0.232523923740617,0.3080096,0.4936176,0.16252712287737842,1.7554366786281854,705
SP1,MYC,Activation,1.0,A,0.2316708291089327,0.1647523552829711,0.3080096,0.23737915,0.048007575941545276,1.1515763826696435,706
SP1,NFKB1,Activation,1.0,A,0.2316708291089327,0.3499851635717447,0.3080096,0.6159069,0.2171813530723401,2.8020433997403007,707
SP1,NFKB2,Activation,1.0,A,0.2316708291089327,0.2591244034518001,0.3080096,0.47174475,0.1527515842250199,1.9924530841297468,708
SP1,NOL7,Activation,1.0,A,0.2316708291089327,0.5082156722143503,0.3080096,0.81112474,0.3044292215736988,4.211913703071236,709
SP1,NQO2,Activation,1.0,A,0.2316708291089327,0.2104856457554389,0.3080096,0.2949679,0.07374546796595051,1.5590705420695607,710
SP1,ODC1,Activation,1.0,A,0.2316708291089327,0.24640216611838,0.3080096,0.37705782,0.1104335623811282,1.8790950170781475,711
SP1,PDHA1,Activation,1.0,A,0.2316708291089327,0.192045201651712,0.3080096,0.22711818,0.04342168480958527,1.3947619346770281,712
SP1,PLAUR,Activation,1.0,A,0.2316708291089327,0.2705979080634899,0.3080096,1.0925252,0.43019431727551494,2.0946846548042046,713
SP1,PRKCE,Repression,-1.0,A,0.2316708291089327,0.0577569793031724,0.3080096,0.06383495,-0.029553785974832287,0.19822292080111428,714
SP1,PSEN1,Activation,1.0,A,0.2316708291089327,0.1909942879749994,0.3080096,0.2546542,0.05572823964089977,1.385398051587276,715
SP1,PTGIR,Activation,1.0,A,0.2316708291089327,0.1207437996093337,0.3080096,0.21449013,0.03777788480734889,0.7594500078698803,716
SP1,RARA,Activation,1.0,A,0.2316708291089327,0.2219776959025486,0.3080096,0.33046767,0.08961122728788787,1.6614673577392614,717
SP1,RELA,Activation,1.0,A,0.2316708291089327,0.23764867337588,0.3080096,0.28659898,0.07000518259214251,1.801099379107035,718
SP1,RORA,Activation,1.0,A,0.2316708291089327,0.3646546821296865,0.3080096,0.7372962,0.2714333501432634,2.932752191340781,719
SP1,RPS3A,Activation,1.0,A,0.2316708291089327,0.997873445263477,0.3080096,33.384094,14.862126093413268,8.574877324558551,720
SP1,SIGIRR,Activation,1.0,A,0.2316708291089327,0.4336873469996974,0.3080096,0.6074417,0.21339803769277385,3.547849147009787,721
SP1,SKP2,Activation,1.0,A,0.2316708291089327,0.0513154966494329,0.3080096,0.0537037,-0.034081701905847556,0.14082782562739307,722
SP1,SLC19A1,Activation,1.0,A,0.2316708291089327,0.0611631759847563,0.3080096,0.06755093,-0.02789301903676106,0.22857291834499147,723
SP1,SLC3A2,Activation,0.5,B,0.2316708291089327,0.333046907841125,0.3080096,0.45855892,0.14685849800953224,2.6511196369989127,724
SP1,SMPD1,Activation,1.0,A,0.2316708291089327,0.0806607156103952,0.3080096,0.08663279,-0.019364845525357922,0.40230049049288685,725
SP1,SOCS1,Activation,1.0,A,0.2316708291089327,0.0793007096758229,0.3080096,0.092889436,-0.01656858967359995,0.39018252414141524,726
SP1,SOD1,Activation,1.0,A,0.2316708291089327,0.6960077643968847,0.3080096,1.4125293,0.5732123715511673,5.885184529537189,727
SP1,SP3,Activation,1.0,A,0.2316708291089327,0.3583862911403258,0.3080096,0.5164158,0.17271622422010238,2.8768993827934204,728
SP1,SPN,Activation,1.0,A,0.2316708291089327,0.4690104102277124,0.3080096,0.9319555,0.3584315927678439,3.862585782157338,729
SP1,SQSTM1,Activation,0.5,B,0.2316708291089327,0.5409176330954355,0.3080096,1.1110467,0.4384720515053778,4.503295712156919,730
SP1,SRC,Activation,1.0,A,0.2316708291089327,0.0630857298286274,0.3080096,0.08114132,-0.021819124562761246,0.24570331623273958,731
SP1,SREBF1,Activation,1.0,A,0.2316708291089327,0.0957938725550901,0.3080096,0.10615908,-0.010638044828047704,0.5371404069856202,732
SP1,ST6GAL1,Activation,0.5,B,0.2316708291089327,0.2525098291336384,0.3080096,0.31953296,0.08472422443927274,1.9335157023292777,733
SP1,STARD3,Activation,1.0,A,0.2316708291089327,0.132606760465881,0.3080096,0.14599422,0.007165302737181031,0.865151723453697,734
SP1,STK11,Activation,1.0,A,0.2316708291089327,0.1977695902672169,0.3080096,0.2318128,0.045519831108221956,1.4457675566835604,735
SP1,TAF7,Activation,1.0,A,0.2316708291089327,0.5349645162091434,0.3080096,0.9030038,0.34549233417093084,4.450252068536973,736
SP1,TGFB1,Activation,1.0,A,0.2316708291089327,0.6248423629482924,0.3080096,1.3392029,0.5404409193884038,5.251084399368118,737
SP1,TGFBR2,Activation,1.0,A,0.2316708291089327,0.408477782448797,0.3080096,0.6002384,0.21017869784567872,3.3232261161851957,738
SP1,TIMP1,Activation,1.0,A,0.2316708291089327,0.4870984891575639,0.3080096,1.6799457,0.6927276315412724,4.0237547346322655,739
SP1,TIMP2,Activation,1.0,A,0.2316708291089327,0.2951707425632028,0.3080096,0.7161851,0.26199825713783403,2.313634274109686,740
SP1,TINF2,Activation,1.0,A,0.2316708291089327,0.2092987314852694,0.3080096,0.24648108,0.05207546231785478,1.5484948623446642,741
SP1,TMPO,Activation,1.0,A,0.2316708291089327,0.5585111644125562,0.3080096,1.208038,0.48181995550931433,4.660058131411712,742
SP1,TNFRSF10B,Activation,1.0,A,0.2316708291089327,0.1262394599540343,0.3080096,0.15450473,0.010968868319914135,0.808417608262846,743
SP1,TNFSF10,Activation,1.0,A,0.2316708291089327,0.3881024208107961,0.3080096,1.0999718,0.4335223941438084,3.1416769475736577,744
SP1,TPMT,Activation,1.0,A,0.2316708291089327,0.1635901683934301,0.3080096,0.21609317,0.038494324570858295,1.1412210296056817,745
SP1,UBC,Activation,1.0,A,0.2316708291089327,0.9662038525236284,0.3080096,6.5813246,2.8832797949221085,8.292693953566879,746
SP1,UTRN,Activation,1.0,A,0.2316708291089327,0.6807571523943068,0.3080096,1.800702,0.7466967246482886,5.749298061405926,747
SP1,VAMP2,Activation,1.0,A,0.2316708291089327,0.6650676293855744,0.3080096,1.1974245,0.47707650966266846,5.609500795043078,748
SP1,XIAP,Activation,1.0,A,0.2316708291089327,0.2885438045547268,0.3080096,0.3998026,0.12059878895331204,2.2545867289787487,750
SP1,YY1,Activation,1.0,A,0.2316708291089327,0.6587312380995418,0.3080096,1.3631247,0.551132186440205,5.55304208817865,751
SP100,ETS1,Repression,-1.0,A,0.7005081476712571,0.6404453401248253,1.5922408,2.1206756,0.8897011476902932,5.390110522417695,752
SP3,BTK,Activation,1.0,A,0.3583862911403258,0.2302366410324779,0.5164158,0.37305444,0.10864434899878071,1.7350564624916662,753
SP3,CD14,Activation,1.0,A,0.3583862911403258,0.3217341312035213,0.5164158,2.4816856,1.051045792255951,2.5503201896205407,754
SP3,CD2AP,Activation,1.0,A,0.3583862911403258,0.204433619346606,0.5164158,0.2755566,0.06507005925412158,1.5051455918056358,755
SP3,CD83,Activation,1.0,A,0.3583862911403258,0.2471687149178644,0.5164158,1.0851697,0.42690695533788797,1.8859251435671427,756
SP3,ADGRE5,Activation,1.0,A,0.3583862911403258,0.5011374595094651,0.5164158,1.0426323,0.40789589834847706,4.148845196378777,757
SP3,CDKN1A,Activation,1.0,A,0.3583862911403258,0.2153878489650451,0.5164158,0.5721349,0.19761852162188726,1.6027503025999923,758
SP3,CTSB,Activation,1.0,A,0.3583862911403258,0.3926893499174092,0.5164158,1.2235745,0.48876361654445005,3.1825475431773476,759
SP3,CTSL,Activation,1.0,A,0.3583862911403258,0.0823854504092391,0.5164158,0.14918697,0.008592224744707147,0.41766827509316157,760
SP3,CYP27A1,Activation,1.0,A,0.3583862911403258,0.0709861279394608,0.5164158,0.101666875,-0.01264572666245969,0.31609768440174035,761
SP3,DNASE2,Activation,1.0,A,0.3583862911403258,0.1784945970672771,0.5164158,0.23704989,0.0478604211877443,1.2740229244844603,762
SP3,EAPP,Repression,-1.0,A,0.3583862911403258,0.4330444351033528,0.5164158,0.62733203,0.22228753721950067,3.5421206538254424,763
SP3,ETF1,Repression,-1.0,A,0.3583862911403258,0.2658502509827907,0.5164158,0.38152257,0.11242897387062856,2.052381935904429,764
SP3,ITGAV,Activation,1.0,A,0.3583862911403258,0.0548329665438453,0.5164158,0.060978975,-0.03083019458197172,0.1721692931454803,765
SP3,MSH6,Activation,1.0,A,0.3583862911403258,0.1424791671818219,0.5164158,0.17064008,0.018180170806528045,0.9531171428321326,766
SP3,PLAUR,Repression,-1.0,A,0.3583862911403258,0.2705979080634899,0.5164158,1.0925252,0.43019431727551494,2.0946846548042046,767
SP3,RORA,Activation,1.0,A,0.3583862911403258,0.3646546821296865,0.5164158,0.7372962,0.2714333501432634,2.932752191340781,768
SP3,TIMP1,Activation,1.0,A,0.3583862911403258,0.4870984891575639,0.5164158,1.6799457,0.6927276315412724,4.0237547346322655,769
SP3,TIMP2,Activation,1.0,A,0.3583862911403258,0.2951707425632028,0.5164158,0.7161851,0.26199825713783403,2.313634274109686,770
SP3,TPMT,Activation,1.0,A,0.3583862911403258,0.1635901683934301,0.5164158,0.21609317,0.038494324570858295,1.1412210296056817,771
SP3,UBC,Activation,1.0,A,0.3583862911403258,0.9662038525236284,0.5164158,6.5813246,2.8832797949221085,8.292693953566879,772
SP3,UTRN,Activation,1.0,A,0.3583862911403258,0.6807571523943068,0.5164158,1.800702,0.7466967246482886,5.749298061405926,773
SP4,YY1,Activation,1.0,A,0.1152914121807304,0.6587312380995418,0.13443998,1.3631247,0.551132186440205,5.55304208817865,774
SPI1,ACP5,Activation,1.0,A,0.3698845231326442,0.0849261887688263,1.7534617,0.104587086,-0.011340609336480567,0.4403068395043184,775
SPI1,BCL6,Repression,-1.0,A,0.3698845231326442,0.2115551049676229,1.7534617,0.49769422,0.16434906909750877,1.5685996701550147,776
SPI1,BTK,Activation,1.0,A,0.3698845231326442,0.2302366410324779,1.7534617,0.37305444,0.10864434899878071,1.7350564624916662,777
SPI1,CCL5,Activation,1.0,A,0.3698845231326442,0.5062807546801764,1.7534617,5.4849777,2.393294196459016,4.194673141853123,778
SPI1,CD163,Activation,1.0,A,0.3698845231326442,0.1690672832026497,1.7534617,0.33741066,0.09271422790774027,1.1900233850028603,779
SPI1,CD22,Activation,1.0,A,0.3698845231326442,0.0733661383249622,1.7534617,0.16170996,0.014189070733597459,0.3373041255168144,780
SPI1,CD40,Activation,1.0,A,0.3698845231326442,0.1041084542914522,1.7534617,0.14482486,0.006642685708374905,0.611225246725295,781
SPI1,CD68,Repression,-1.0,A,0.3698845231326442,0.339173116391871,1.7534617,1.3802872,0.55880254865277,2.705705567245889,782
SPI1,CSF2RA,Activation,1.0,A,0.3698845231326442,0.1709589278207323,1.7534617,0.28891906,0.07104208595483022,1.206878374564414,783
SPI1,CSF3R,Activation,1.0,A,0.3698845231326442,0.3230755916026251,1.7534617,1.4721482,0.5998575897719797,2.5622729109763362,784
SPI1,CTSS,Activation,1.0,A,0.3698845231326442,0.7494127247091145,1.7534617,15.898513,7.047370680906628,6.36103503549016,785
SPI1,CYBB,Activation,1.0,A,0.3698845231326442,0.4062894092631622,1.7534617,2.804442,1.1952939201174821,3.30372720669233,786
SPI1,ERAP2,Activation,1.0,A,0.3698845231326442,0.3161024702653481,1.7534617,0.44218946,0.13954256574884208,2.5001407925922905,787
SPI1,FCGR1A,Activation,1.0,A,0.3698845231326442,0.1297322024678142,1.7534617,0.20807762,0.03491196932931855,0.8395387491199625,788
SPI1,FES,Activation,1.0,A,0.3698845231326442,0.1851338987660376,1.7534617,0.27628875,0.06539727590052682,1.3331806329455997,789
SPI1,FLI1,Activation,1.0,A,0.3698845231326442,0.3618852154992786,1.7534617,0.5139074,0.17159515581083812,2.9080756053159114,790
SPI1,HCK,Activation,1.0,A,0.3698845231326442,0.2913812714818634,1.7534617,0.8070796,0.3026213445743959,2.2798692133211924,791
SPI1,IFIT3,Activation,1.0,A,0.3698845231326442,0.1022291733636797,1.7534617,0.2421588,0.05014372433188971,0.5944804204941719,792
SPI1,JCHAIN,Activation,1.0,A,0.3698845231326442,0.1018520808090937,1.7534617,1.3866315,0.5616379793292552,0.5911204389149,793
SPI1,ITGAM,Activation,1.0,A,0.3698845231326442,0.2840681486609426,1.7534617,0.5197061,0.1741867438290173,2.214707603349272,795
SPI1,ITGAX,Activation,1.0,A,0.3698845231326442,0.287975074800268,1.7534617,0.6287578,0.22292475046534532,2.2495192157772133,796
SPI1,ITGB2,Activation,1.0,A,0.3698845231326442,0.7094594594587451,1.7534617,3.5586774,1.5323810992311824,6.005042233085478,797
SPI1,NCF2,Activation,1.0,A,0.3698845231326442,0.3480626097278678,1.7534617,1.6149696,0.6636881429959062,2.7849130018525017,799
SPI1,P2RY10,Activation,1.0,A,0.3698845231326442,0.1273831013081038,1.7534617,0.15726864,0.012204130713092896,0.8186077163311052,800
SPI1,PARG,Repression,-1.0,A,0.3698845231326442,0.1301649316288135,1.7534617,0.15051255,0.009184660505332459,0.8433944656863313,801
SPI1,PTGIR,Activation,1.0,A,0.3698845231326442,0.1207437996093337,1.7534617,0.21449013,0.03777788480734889,0.7594500078698803,802
SPI1,RNASE2,Activation,1.0,A,0.3698845231326442,0.1271976459533898,1.7534617,0.25687417,0.05672040127242362,0.8169552663740901,803
SPI1,SCARB2,Activation,1.0,A,0.3698845231326442,0.2101209168911681,1.7534617,0.31195974,0.081339557839684,1.5558207238207649,804
SPI1,STAT3,Activation,1.0,A,0.3698845231326442,0.5248201083063342,1.7534617,0.8508685,0.3221917290690668,4.359863055888654,805
SPI1,TLR4,Activation,1.0,A,0.3698845231326442,0.1857273559011224,1.7534617,0.33510542,0.09168395692234226,1.3384684728080485,806
SPI1,WAS,Activation,1.0,A,0.3698845231326442,0.5624799090034176,1.7534617,1.1915872,0.474467670312725,4.695420560491676,807
SPIB,CD40,Activation,1.0,A,0.0594940777923286,0.1041084542914522,0.1285406,0.14482486,0.006642685708374905,0.611225246725295,808
SPIB,IRF7,Repression,-1.0,A,0.0594940777923286,0.2163027620483008,0.1285406,0.36095887,0.10323852798975316,1.6109023890546004,809
SREBF1,ACLY,Activation,1.0,A,0.0957938725550901,0.1945364852500365,0.10615908,0.23301798,0.046058457015364804,1.4169598457662644,810
SREBF1,CIC,Activation,0.5,B,0.0957938725550901,0.1502559283894949,0.10615908,0.17338741,0.01940802317171064,1.0224098776962982,811
SREBF1,FDFT1,Activation,1.0,A,0.0957938725550901,0.2442508840036978,0.10615908,0.30465907,0.07807670083782488,1.8599265975767723,812
SREBF1,FDPS,Activation,1.0,A,0.0957938725550901,0.3232486832670256,0.10615908,0.41868848,0.12903937396732734,2.5638151976028904,813
SREBF1,HK2,Activation,1.0,A,0.0957938725550901,0.0929007690215455,0.10615908,0.11672875,-0.005914187734542542,0.5113621876561271,814
SREBF1,HMOX1,Activation,1.0,A,0.0957938725550901,0.1934113894314383,0.10615908,0.4157285,0.12771648285344836,1.4069349826937056,815
SREBF1,IRS2,Repression,-1.0,A,0.0957938725550901,0.2393672263295629,0.10615908,0.45971313,0.14737434411408373,1.8164120820420415,816
SREBF1,LDLR,Activation,1.0,A,0.0957938725550901,0.0832076358151396,0.10615908,0.11775983,-0.005453371590616454,0.4249941365692782,817
SREBF1,LRP1,Repression,-1.0,A,0.0957938725550901,0.2776390296974957,0.10615908,0.7387844,0.27209846496014556,2.1574226715058256,818
SREBF2,FDFT1,Activation,1.0,A,0.1225921713113205,0.2442508840036978,0.13879472,0.30465907,0.07807670083782488,1.8599265975767723,819
SREBF2,FDPS,Activation,0.5,B,0.1225921713113205,0.3232486832670256,0.13879472,0.41868848,0.12903937396732734,2.5638151976028904,820
SREBF2,HMGCR,Activation,1.0,A,0.1225921713113205,0.0892102074627289,0.13879472,0.10158925,-0.012680419269408,0.4784784335114525,821
SREBF2,LDLR,Activation,1.0,A,0.1225921713113205,0.0832076358151396,0.13879472,0.11775983,-0.005453371590616454,0.4249941365692782,822
SREBF2,LRP1,Repression,-1.0,A,0.1225921713113205,0.2776390296974957,0.13879472,0.7387844,0.27209846496014556,2.1574226715058256,823
SRF,FOS,Activation,1.0,A,0.0758141490071923,0.5457703815437629,0.082644254,9.007235,3.9674814825100784,4.546534819365286,824
SRF,SAMD4A,Activation,1.0,A,0.0758141490071923,0.0602668084369711,0.082644254,0.0746993,-0.0246982288180031,0.2205860768860768,825
STAT1,APP,Activation,1.0,A,0.4270975000621644,0.2245246161072873,0.9495111,0.37548304,0.10972975273771358,1.684161003815602,826
STAT1,BAX,Activation,1.0,A,0.4270975000621644,0.5263841151310817,0.9495111,0.90363324,0.3457736470793694,4.373798717192752,827
STAT1,CCR1,Activation,1.0,A,0.4270975000621644,0.1553992235602293,0.9495111,0.27353516,0.06416662578050368,1.0682378231708498,828
STAT1,CD40,Activation,1.0,A,0.4270975000621644,0.1041084542914522,0.9495111,0.14482486,0.006642685708374905,0.611225246725295,829
STAT1,CD86,Activation,1.0,A,0.4270975000621644,0.2066590836031737,0.9495111,0.3615703,0.10351179176645404,1.524974991289816,830
STAT1,CDKN1A,Activation,1.0,A,0.4270975000621644,0.2153878489650451,0.9495111,0.5721349,0.19761852162188726,1.6027503025999923,831
STAT1,CIITA,Activation,1.0,A,0.4270975000621644,0.1989997774534863,0.9495111,0.35057378,0.09859716444073134,1.4567288080650935,832
STAT1,CTSB,Activation,1.0,A,0.4270975000621644,0.3926893499174092,0.9495111,1.2235745,0.48876361654445005,3.1825475431773476,833
STAT1,CTSL,Activation,1.0,A,0.4270975000621644,0.0823854504092391,0.9495111,0.14918697,0.008592224744707147,0.41766827509316157,834
STAT1,FAS,Activation,1.0,A,0.4270975000621644,0.1062535545609821,0.9495111,0.13014755,8.301875973088675e-05,0.6303385845614793,835
STAT1,FCGR1A,Activation,1.0,A,0.4270975000621644,0.1297322024678142,0.9495111,0.20807762,0.03491196932931855,0.8395387491199625,836
STAT1,FCGRT,Repression,-1.0,A,0.4270975000621644,0.4270665908363786,0.9495111,1.7231158,0.7120214584168821,3.488856683544084,837
STAT1,GLS,Activation,1.0,A,0.4270975000621644,0.4042988551225566,0.9495111,0.5830468,0.20249533009543647,3.2859909104869556,838
STAT1,HLA-E,Activation,1.0,A,0.4270975000621644,0.9916977819515292,0.9495111,8.397583,3.695012339692033,8.519850740990197,839
STAT1,HMOX1,Activation,1.0,A,0.4270975000621644,0.1934113894314383,0.9495111,0.4157285,0.12771648285344836,1.4069349826937056,840
STAT1,HSP90AA1,Repression,-1.0,A,0.4270975000621644,0.9387070052648254,0.9495111,4.895587,2.1298803491921694,8.047690706607876,841
STAT1,ICAM1,Activation,1.0,A,0.4270975000621644,0.1540948542320743,0.9495111,0.38763273,0.11515976136526664,1.0566155918065103,842
STAT1,IFIT3,Activation,1.0,A,0.4270975000621644,0.1022291733636797,0.9495111,0.2421588,0.05014372433188971,0.5944804204941719,843
STAT1,IRF1,Activation,1.0,A,0.4270975000621644,0.6600912440341049,0.9495111,2.7993789,1.1930310906393502,5.56516005453004,845
STAT1,IRF7,Activation,1.0,A,0.4270975000621644,0.2163027620483008,0.9495111,0.36095887,0.10323852798975316,1.6109023890546004,846
STAT1,IRF8,Activation,1.0,A,0.4270975000621644,0.2473294428919499,0.9495111,0.5525537,0.18886718023475377,1.8873572668632228,847
STAT1,JAK2,Activation,1.0,A,0.4270975000621644,0.2472861699758499,0.9495111,0.4022599,0.1216970194596448,1.8869716952065851,848
STAT1,LY96,Activation,1.0,A,0.4270975000621644,0.269058628619357,0.9495111,0.50449413,0.16738812358915292,2.0809693201609183,849
STAT1,MVP,Activation,1.0,A,0.4270975000621644,0.2868561608268219,0.9495111,0.37968493,0.11160768533945313,2.2395494343698434,850
STAT1,PIM1,Activation,1.0,A,0.4270975000621644,0.2800437674636311,0.9495111,0.41725427,0.1283983886686306,2.178849439281884,851
STAT1,PLSCR1,Activation,1.0,A,0.4270975000621644,0.2960176553497338,0.9495111,0.6157228,0.2170990740521896,2.3211804622467547,852
STAT1,PML,Activation,1.0,A,0.4270975000621644,0.1412675255310239,0.9495111,0.16386989,0.015154398946491001,0.9423211364463007,853
STAT1,PPARA,Activation,1.0,A,0.4270975000621644,0.0739225043891054,0.9495111,0.08584047,-0.01971895369073357,0.3422614753878709,854
STAT1,PRKCE,Repression,-1.0,A,0.4270975000621644,0.0577569793031724,0.9495111,0.06383495,-0.029553785974832287,0.19822292080111428,855
STAT1,PSMB9,Activation,1.0,A,0.4270975000621644,0.7002608738649729,0.9495111,1.6227636,0.6671714818500785,5.923080715217898,856
STAT1,SMARCA4,Activation,1.0,A,0.4270975000621644,0.2567196656856647,0.9495111,0.330491,0.08962165406431433,1.9710263163536883,858
STAT1,SOCS3,Activation,1.0,A,0.4270975000621644,0.296759476768593,0.9495111,0.7793637,0.2902343967493569,2.3277902620748447,859
STAT1,STAT2,Activation,1.0,A,0.4270975000621644,0.2950100145891166,0.9495111,0.4640118,0.14929553018442818,2.3122021508135986,860
STAT1,STAT3,Activation,1.0,A,0.4270975000621644,0.5248201083063342,0.9495111,0.8508685,0.3221917290690668,4.359863055888654,861
STAT1,TAP1,Activation,1.0,A,0.4270975000621644,0.3353712816202173,0.9495111,0.46935675,0.15168432566923806,2.671830343126928,862
STAT1,TBX21,Activation,1.0,A,0.4270975000621644,0.1146175910586014,0.9495111,0.16641034,0.016289791324227976,0.7048640776230263,863
STAT1,TIMP1,Activation,1.0,A,0.4270975000621644,0.4870984891575639,0.9495111,1.6799457,0.6927276315412724,4.0237547346322655,864
STAT1,TNFSF13B,Activation,1.0,A,0.4270975000621644,0.3360883756584479,0.9495111,1.1621329,0.4613037868623212,2.678219816294082,865
STAT1,TP53,Activation,1.0,A,0.4270975000621644,0.1820924309487283,0.9495111,0.22152007,0.04091974561624034,1.3060804536505521,866
STAT1,UPP1,Activation,1.0,A,0.4270975000621644,0.3739027224847985,0.9495111,0.5892042,0.20524723035982964,3.0151543625309682,867
STAT2,IFIT3,Activation,1.0,A,0.2950100145891166,0.1022291733636797,0.4640118,0.2421588,0.05014372433188971,0.5944804204941719,868
STAT2,IRF1,Activation,1.0,A,0.2950100145891166,0.6600912440341049,0.4640118,2.7993789,1.1930310906393502,5.56516005453004,869
STAT2,PML,Activation,1.0,A,0.2950100145891166,0.1412675255310239,0.4640118,0.16386989,0.015154398946491001,0.9423211364463007,870
STAT2,STAT1,Activation,0.5,B,0.2950100145891166,0.4270975000621644,0.4640118,0.9495111,0.366277641470475,3.489132091870254,871
STAT3,BCL2,Activation,1.0,A,0.5248201083063342,0.2813852278627349,0.8508685,0.47219273,0.15295179799713846,2.1908021606376797,872
STAT3,BCL2L1,Activation,1.0,A,0.5248201083063342,0.0879862021216139,0.8508685,0.09948734,-0.013619816853571885,0.4675722637951288,873
STAT3,BCL6,Activation,1.0,A,0.5248201083063342,0.2115551049676229,0.8508685,0.49769422,0.16434906909750877,1.5685996701550147,874
STAT3,CCND2,Activation,1.0,A,0.5248201083063342,0.28315941742284,0.8508685,0.4242582,0.13152862494023732,2.206610598559862,875
STAT3,CCND3,Activation,1.0,A,0.5248201083063342,0.6200267055709077,0.8508685,1.1313993,0.4475681513723816,5.208175782151152,876
STAT3,CDK4,Activation,1.0,A,0.5248201083063342,0.1255532751415925,0.8508685,0.14058305,0.004746911832955788,0.8023035434218897,877
STAT3,CDKN1A,Activation,1.0,A,0.5248201083063342,0.2153878489650451,0.8508685,0.5721349,0.19761852162188726,1.6027503025999923,878
STAT3,CISH,Activation,1.0,A,0.5248201083063342,0.0504624020177476,0.8508685,0.05846963,-0.031951685336016236,0.13322655582511495,879
STAT3,COPS5,Activation,1.0,A,0.5248201083063342,0.3159293786009476,0.8508685,0.40687984,0.12376178934750016,2.4985985059657363,880
STAT3,CSRP1,Activation,1.0,A,0.5248201083063342,0.1509544768922509,0.8508685,0.17707859,0.02105770635258615,1.0286341058677217,881
STAT3,ETV6,Activation,1.0,A,0.5248201083063342,0.2371417620729952,0.8508685,0.35592768,0.10098995991049695,1.7965826825578612,882
STAT3,FAS,Repression,-1.0,A,0.5248201083063342,0.1062535545609821,0.8508685,0.13014755,8.301875973088675e-05,0.6303385845614793,883
STAT3,FOS,Activation,1.0,A,0.5248201083063342,0.5457703815437629,0.8508685,9.007235,3.9674814825100784,4.546534819365286,884
STAT3,HIF1A,Activation,1.0,A,0.5248201083063342,0.4284884152225255,0.8508685,1.1845853,0.47133834130027574,3.5015254665479234,885
STAT3,HMOX1,Activation,1.0,A,0.5248201083063342,0.1934113894314383,0.8508685,0.4157285,0.12771648285344836,1.4069349826937056,886
STAT3,HSPB1,Activation,1.0,A,0.5248201083063342,0.2687557182066561,0.8508685,0.3744135,0.10925174783162027,2.0782703185644484,887
STAT3,ICAM1,Activation,0.5,B,0.5248201083063342,0.1540948542320743,0.8508685,0.38763273,0.11515976136526664,1.0566155918065103,888
STAT3,IFNAR1,Activation,1.0,A,0.5248201083063342,0.3295603471724865,0.8508685,0.49685752,0.16397512636986109,2.62005357780689,889
STAT3,IRF1,Activation,1.0,A,0.5248201083063342,0.6600912440341049,0.8508685,2.7993789,1.1930310906393502,5.56516005453004,890
STAT3,KLF11,Activation,1.0,A,0.5248201083063342,0.141224252614924,0.8508685,0.18503872,0.02461529297219898,0.9419355647896641,892
STAT3,MCL1,Activation,1.0,A,0.5248201083063342,0.652438119729609,0.8508685,2.517699,1.0671411060217773,5.496968952970857,893
STAT3,MYC,Activation,1.0,A,0.5248201083063342,0.1647523552829711,0.8508685,0.23737915,0.048007575941545276,1.1515763826696435,894
STAT3,MYD88,Activation,1.0,A,0.5248201083063342,0.3201144877723453,0.8508685,0.587384,0.20443373621274671,2.535888793329211,895
STAT3,PIM1,Activation,1.0,A,0.5248201083063342,0.2800437674636311,0.8508685,0.41725427,0.1283983886686306,2.178849439281884,896
STAT3,SOCS1,Activation,1.0,A,0.5248201083063342,0.0793007096758229,0.8508685,0.092889436,-0.01656858967359995,0.39018252414141524,898
STAT3,SOCS3,Activation,1.0,A,0.5248201083063342,0.296759476768593,0.8508685,0.7793637,0.2902343967493569,2.3277902620748447,899
STAT3,STAT1,Activation,1.0,A,0.5248201083063342,0.4270975000621644,0.8508685,0.9495111,0.366277641470475,3.489132091870254,900
STAT3,TIMP1,Activation,1.0,A,0.5248201083063342,0.4870984891575639,0.8508685,1.6799457,0.6927276315412724,4.0237547346322655,901
STAT3,TP53,Repression,-1.0,A,0.5248201083063342,0.1820924309487283,0.8508685,0.22152007,0.04091974561624034,1.3060804536505521,902
STAT3,USP7,Repression,-1.0,A,0.5248201083063342,0.3846096782970005,0.8508685,0.5478991,0.18678691990236598,3.110555806716401,903
STAT3,VEGFB,Activation,1.0,A,0.5248201083063342,0.1724920254197012,0.8508685,0.22088005,0.04063370423396584,1.2205386275424055,904
STAT3,ZFP36,Activation,1.0,A,0.5248201083063342,0.6323162137432323,0.8508685,3.5284352,1.5188650830269677,5.317678132635526,905
STAT4,IRF1,Activation,1.0,A,0.1855789916173512,0.6600912440341049,0.24402483,2.7993789,1.1930310906393502,5.56516005453004,906
STAT4,MYC,Activation,1.0,A,0.1855789916173512,0.1647523552829711,0.24402483,0.23737915,0.048007575941545276,1.1515763826696435,907
STAT4,PIM1,Activation,1.0,A,0.1855789916173512,0.2800437674636311,0.24402483,0.41725427,0.1283983886686306,2.178849439281884,908
STAT4,PRF1,Activation,1.0,A,0.1855789916173512,0.2419388739149301,0.24402483,1.2238575,0.4888900965156755,1.839326054779317,909
STAT4,SOCS3,Repression,-1.0,A,0.1855789916173512,0.296759476768593,0.24402483,0.7793637,0.2902343967493569,2.3277902620748447,911
STAT4,TBX21,Activation,1.0,A,0.1855789916173512,0.1146175910586014,0.24402483,0.16641034,0.016289791324227976,0.7048640776230263,912
STAT5A,BCL2L1,Activation,1.0,A,0.1950681239335499,0.0879862021216139,0.240542,0.09948734,-0.013619816853571885,0.4675722637951288,913
STAT5A,BCL6,Repression,-1.0,A,0.1950681239335499,0.2115551049676229,0.240542,0.49769422,0.16434906909750877,1.5685996701550147,914
STAT5A,CCND2,Activation,1.0,A,0.1950681239335499,0.28315941742284,0.240542,0.4242582,0.13152862494023732,2.206610598559862,915
STAT5B,BCL2L1,Activation,1.0,A,0.2472861699758499,0.0879862021216139,0.3010163,0.09948734,-0.013619816853571885,0.4675722637951288,916
STAT5B,BCL6,Activation,1.0,A,0.2472861699758499,0.2115551049676229,0.3010163,0.49769422,0.16434906909750877,1.5685996701550147,917
STAT6,CISH,Activation,1.0,A,0.3597092060039581,0.0504624020177476,0.5437085,0.05846963,-0.031951685336016236,0.13322655582511495,918
STAT6,FOS,Activation,1.0,A,0.3597092060039581,0.5457703815437629,0.5437085,9.007235,3.9674814825100784,4.546534819365286,919
STAT6,RHOA,Activation,1.0,A,0.3597092060039581,0.8033802329306408,0.5437085,3.041417,1.3012041363052522,6.841897972979388,920
STAT6,SOCS1,Activation,1.0,A,0.3597092060039581,0.0793007096758229,0.5437085,0.092889436,-0.01656858967359995,0.39018252414141524,921
TBP,APP,Activation,1.0,A,0.0944585940011464,0.2245246161072873,0.102771275,0.37548304,0.10972975273771358,1.684161003815602,922
TBP,CDKN1A,Activation,1.0,A,0.0944585940011464,0.2153878489650451,0.102771275,0.5721349,0.19761852162188726,1.6027503025999923,923
TBP,FUS,Repression,-1.0,A,0.0944585940011464,0.8026198659763168,0.102771275,2.222215,0.9350817144402728,6.835122928155657,924
TBP,MYC,Activation,1.0,A,0.0944585940011464,0.1647523552829711,0.102771275,0.23737915,0.048007575941545276,1.1515763826696435,925
TBX21,GATA3,Activation,1.0,A,0.1146175910586014,0.1448406320318466,0.16641034,0.19789933,0.03036303001368689,0.9741583389514579,926
TCF3,BBC3,Repression,-1.0,A,0.1387144234811281,0.1095979327909984,0.16467996,0.12896217,-0.0004467580186831235,0.6601377654530514,927
TCF3,CDK6,Repression,-1.0,A,0.1387144234811281,0.1502806557701234,0.16467996,0.21991356,0.04020175502057491,1.0226302043572335,928
TCF4,CD44,Activation,0.5,B,0.1623228901362179,0.7370428525497474,0.4155397,2.928341,1.2506675666010711,6.25081662335775,929
TCF7L2,CTNNB1,Activation,1.0,A,0.1551148586830012,0.3899013377515298,0.36792907,0.6698853,0.2413056869196654,3.1577057121567753,931
TCF7L2,GLCE,Activation,1.0,A,0.1551148586830012,0.0548267846986882,0.36792907,0.060428783,-0.031076089523061626,0.17211421148024678,932
TCF7L2,STAT3,Activation,1.0,A,0.1551148586830012,0.5248201083063342,0.36792907,0.8508685,0.3221917290690668,4.359863055888654,933
TFAP4,MDM2,Repression,-1.0,A,0.0545918745827169,0.2347370243068705,0.0576469,0.32882783,0.08887834065886221,1.7751559147818985,934
TFDP1,DHFR,Activation,1.0,A,0.1848062609727096,0.0672522934645442,0.23116049,0.08252666,-0.021199980522699783,0.2828283586004283,935
TFDP1,PCNA,Activation,1.0,A,0.1848062609727096,0.1225612620855348,0.23116049,0.16112904,0.013929442659801486,0.7756440174486644,936
TFDP1,RRM1,Activation,1.0,A,0.1848062609727096,0.0740955960535055,0.23116049,0.0889078,-0.018348085103670666,0.34380376201442175,937
TP53,AKT1,Repression,-1.0,A,0.1820924309487283,0.2424148759920294,0.22152007,0.30322737,0.07743683732261851,1.8435673430023234,938
TP53,ALOX5,Activation,1.0,A,0.1820924309487283,0.2356395736998119,0.22152007,0.3856959,0.11429414227456526,1.7831978379060387,939
TP53,APAF1,Activation,1.0,A,0.1820924309487283,0.2221755149475769,0.22152007,0.3379184,0.09294114995929499,1.6632299710267446,940
TP53,ATF3,Activation,1.0,A,0.1820924309487283,0.0880171113473996,0.22152007,0.14093259,0.004903130239818428,0.4678476721212983,941
TP53,BAX,Activation,1.0,A,0.1820924309487283,0.5263841151310817,0.22152007,0.90363324,0.3457736470793694,4.373798717192752,942
TP53,BBC3,Activation,1.0,A,0.1820924309487283,0.1095979327909984,0.22152007,0.12896217,-0.0004467580186831235,0.6601377654530514,943
TP53,BCL2,Repression,-1.0,A,0.1820924309487283,0.2813852278627349,0.22152007,0.47219273,0.15295179799713846,2.1908021606376797,944
TP53,BCL2L1,Repression,-1.0,A,0.1820924309487283,0.0879862021216139,0.22152007,0.09948734,-0.013619816853571885,0.4675722637951288,945
TP53,BCL3,Repression,-1.0,A,0.1820924309487283,0.1931950248509387,0.22152007,0.3501747,0.09841880533501887,1.405007124410522,946
TP53,BTG2,Activation,1.0,A,0.1820924309487283,0.6603570633758604,0.22152007,2.1141677,0.8867925999703715,5.567528566135084,947
TP53,BTG3,Activation,1.0,A,0.1820924309487283,0.1248979995549362,0.22152007,0.17156844,0.018595078743230554,0.796464886907101,948
TP53,CASP1,Activation,1.0,A,0.1820924309487283,0.4390655522864271,0.22152007,1.090913,0.42947378367265415,3.595770195763439,949
TP53,CASP3,Activation,1.0,A,0.1820924309487283,0.1405627951831108,0.22152007,0.17454134,0.019923744137067968,0.9360418266096436,950
TP53,CD82,Activation,1.0,A,0.1820924309487283,0.164004352018958,0.22152007,0.2251626,0.04254768586213309,1.1449115011763489,951
TP53,CDKN1A,Activation,1.0,A,0.1820924309487283,0.2153878489650451,0.22152007,0.5721349,0.19761852162188726,1.6027503025999923,952
TP53,CDKN1B,Activation,1.0,A,0.1820924309487283,0.5187000816008003,0.22152007,0.8652857,0.3286351461756068,4.305332207307402,953
TP53,CHUK,Repression,-1.0,A,0.1820924309487283,0.092838950569974,0.22152007,0.10319733,-0.011961727000403976,0.5108113710037873,954
TP53,CTNNB1,Repression,-1.0,A,0.1820924309487283,0.3899013377515298,0.22152007,0.6698853,0.2413056869196654,3.1577057121567753,955
TP53,CTSD,Activation,1.0,A,0.1820924309487283,0.5214262753150836,0.22152007,1.7028245,0.7029527550948824,4.329623221675415,956
TP53,DDB1,Activation,1.0,A,0.1820924309487283,0.2468781681954792,0.22152007,0.3102681,0.08058352045974149,1.8833363053011525,957
TP53,DDB2,Activation,1.0,A,0.1820924309487283,0.1309623896540837,0.22152007,0.15398143,0.010734992104570488,0.8505000005014965,958
TP53,DNMT1,Repression,-1.0,A,0.1820924309487283,0.4007690215378179,0.22152007,0.6294743,0.22324497272464922,3.2545392796382937,959
TP53,DUSP1,Activation,1.0,A,0.1820924309487283,0.6385598773519083,0.22152007,5.4021,2.3562540229211106,5.373310614521451,960
TP53,E2F3,Repression,-1.0,A,0.1820924309487283,0.1660629064562832,0.22152007,0.21647018,0.038662820026517976,1.163253695699216,961
TP53,ELF4,Repression,-1.0,A,0.1820924309487283,0.114178680052444,0.22152007,0.13126826,0.0005838928535542658,0.700953279391415,962
TP53,EZH2,Repression,-1.0,A,0.1820924309487283,0.1122623080537286,0.22152007,0.1563512,0.011794103204962051,0.683877963168888,963
TP53,FAS,Activation,1.0,A,0.1820924309487283,0.1062535545609821,0.22152007,0.13014755,8.301875973088675e-05,0.6303385845614793,964
TP53,GSTP1,Activation,1.0,A,0.1820924309487283,0.6779691402284524,0.22152007,3.5258172,1.5176950315617095,5.724456230385577,965
TP53,HIPK2,Activation,1.0,A,0.1820924309487283,0.2685269899358412,0.22152007,0.39764372,0.11963393001239651,2.076232296950787,966
TP53,HRAS,Activation,1.0,A,0.1820924309487283,0.1036077248337234,0.22152007,0.11476057,-0.0067938179457312535,0.606763631841345,967
TP53,HSP90AB1,Repression,-1.0,A,0.1820924309487283,0.8875336910543106,0.22152007,3.9118326,1.6902152318605106,7.591724681804229,968
TP53,IER3,Activation,1.0,A,0.1820924309487283,0.278535397245284,0.22152007,1.6667019,0.6868086370433397,2.165409512964768,969
TP53,IFI16,Activation,1.0,A,0.1820924309487283,0.6679669147642566,0.22152007,1.6905751,0.6974781835064429,5.6353340960376315,970
TP53,IGF1R,Repression,-1.0,A,0.1820924309487283,0.0765683341163642,0.22152007,0.0869907,-0.01920488635044173,0.36583642810800604,971
TP53,ING1,Activation,1.0,A,0.1820924309487283,0.1751502188372683,0.22152007,0.2200846,0.04027819719116993,1.244223743592955,972
TP53,MAD1L1,Repression,-1.0,A,0.1820924309487283,0.2614611409212067,0.22152007,0.32306266,0.0863017380591819,2.0132739535882296,973
TP53,MAP4,Repression,-1.0,A,0.1820924309487283,0.2983605746642976,0.22152007,0.40508565,0.12295991973770194,2.342056413370473,974
TP53,MCM7,Repression,-1.0,A,0.1820924309487283,0.1028226304987657,0.22152007,0.123527095,-0.002875832681608502,0.5997682603566313,975
TP53,MDM2,Activation,1.0,A,0.1820924309487283,0.2347370243068705,0.22152007,0.32882783,0.08887834065886221,1.7751559147818985,976
TP53,MDM4,Activation,1.0,A,0.1820924309487283,0.5729705002350247,0.22152007,1.0496399,0.41102777483737857,4.788894146393075,977
TP53,MGMT,Repression,-1.0,A,0.1820924309487283,0.2909299967853907,0.22152007,0.35696593,0.10145398051164453,2.275848251759105,978
TP53,MYC,Repression,-1.0,A,0.1820924309487283,0.1647523552829711,0.22152007,0.23737915,0.048007575941545276,1.1515763826696435,979
TP53,NLRC4,Activation,1.0,A,0.1820924309487283,0.0653359214658288,0.22152007,0.077963725,-0.023239273411404256,0.2657530423779012,980
TP53,NME1,Activation,1.0,A,0.1820924309487283,0.1475297346751993,0.22152007,0.18082504,0.022732091116534535,0.9981188633281762,981
TP53,OGG1,Activation,1.0,A,0.1820924309487283,0.0828490887960251,0.22152007,0.0894027,-0.018126901578018897,0.42179939998570853,982
TP53,PAX5,Activation,1.0,A,0.1820924309487283,0.0555129695111307,0.22152007,0.10139346,-0.012767922850914082,0.1782282763212094,983
TP53,PLAGL1,Activation,1.0,A,0.1820924309487283,0.1016913528350079,0.22152007,0.12832756,-0.0007303815329564372,0.589688315618817,984
TP53,PLK3,Activation,1.0,A,0.1820924309487283,0.2237147943917029,0.22152007,0.40477604,0.12282154707377581,1.6769453056699692,985
TP53,PMAIP1,Activation,1.0,A,0.1820924309487283,0.2432123340172995,0.22152007,0.5233942,0.17583505047875725,1.850672877817488,986
TP53,PML,Activation,1.0,A,0.1820924309487283,0.1412675255310239,0.22152007,0.16386989,0.015154398946491001,0.9423211364463007,987
TP53,PTPA,Repression,-1.0,A,0.1820924309487283,0.1257325486511494,0.22152007,0.14073104,0.004813052366318504,0.8039009117136715,988
TP53,PTEN,Activation,1.0,A,0.1820924309487283,0.4837912019984831,0.22152007,0.92425805,0.35499140458936707,3.9942860437320316,989
TP53,RASSF1,Repression,-1.0,A,0.1820924309487283,0.2360475754801827,0.22152007,0.29073054,0.0718516829098669,1.7868332278114725,990
TP53,RB1,Repression,-1.0,A,0.1820924309487283,0.2884325313418979,0.22152007,0.4340581,0.13590845204275248,2.2535952590045354,991
TP53,RELA,Activation,1.0,A,0.1820924309487283,0.23764867337588,0.22152007,0.28659898,0.07000518259214251,1.801099379107035,992
TP53,RRM2B,Activation,1.0,A,0.1820924309487283,0.0898902104300151,0.22152007,0.10421633,-0.011506309718853868,0.4845374166871888,993
TP53,S100B,Activation,1.0,A,0.1820924309487283,0.0502893103533477,0.22152007,0.17574851,0.020463259426340637,0.13168426919856593,994
TP53,SIAH1,Activation,1.0,A,0.1820924309487283,0.0937847728790174,0.22152007,0.104100026,-0.011558288964696265,0.5192388657845828,995
TP53,SIVA1,Activation,1.0,A,0.1820924309487283,0.4503474196982449,0.22152007,0.6386485,0.22734515842081895,3.6962942348156407,996
TP53,SLC6A6,Repression,-1.0,A,0.1820924309487283,0.2096696421946974,0.22152007,0.28865534,0.07092422271097311,1.5517997622586945,997
TP53,SMAD3,Activation,0.5,B,0.1820924309487283,0.1865557231521782,0.22152007,0.24304646,0.050540442392871816,1.3458494159493826,998
TP53,STAT1,Activation,1.0,A,0.1820924309487283,0.4270975000621644,0.22152007,0.9495111,0.366277641470475,3.489132091870254,999
TP53,STAT3,Repression,-1.0,A,0.1820924309487283,0.5248201083063342,0.22152007,0.8508685,0.3221917290690668,4.359863055888654,1000
TP53,TBXAS1,Repression,-1.0,A,0.1820924309487283,0.2523738285401808,0.22152007,0.48023078,0.15654420906677916,1.9323039056941274,1001
TP53,TCF7L2,Repression,-1.0,A,0.1820924309487283,0.1551148586830012,0.22152007,0.36792907,0.10635368945772235,1.0657040665700932,1002
TP53,THBS1,Activation,1.0,A,0.1820924309487283,0.1340347666971786,0.22152007,1.5104674,0.6169834248015921,0.8778755881227125,1003
TP53,TNFRSF10A,Activation,1.0,A,0.1820924309487283,0.0897418461462435,0.22152007,0.100890346,-0.012992777424211236,0.483215456721573,1004
TP53,TNFRSF10B,Activation,1.0,A,0.1820924309487283,0.1262394599540343,0.22152007,0.15450473,0.010968868319914135,0.808417608262846,1005
TP53,TRIM22,Activation,1.0,A,0.1820924309487283,0.4923159664702073,0.22152007,0.88223445,0.3362099780212127,4.070243660089831,1006
TP53,WRN,Repression,-1.0,A,0.1820924309487283,0.094823322865418,0.22152007,0.10835904,-0.00965482617964831,0.5284925855438878,1008
TP53,XPC,Activation,1.0,A,0.1820924309487283,0.3132031848866399,0.22152007,0.4402866,0.13869212872394468,2.474307491597506,1009
TRPS1,RUNX2,Repression,-1.0,A,0.1897393734081015,0.0917633095126305,0.26680088,0.11549347,-0.006466266105056009,0.5012271612530783,1010
USF1,APC,Activation,1.0,A,0.0959113276130758,0.2452028881578962,0.10466375,0.3372158,0.09262713996712904,1.8684091740227828,1011
USF1,APEX1,Activation,1.0,A,0.0959113276130758,0.4512623327815047,0.10466375,0.75967747,0.2814361147566481,3.704446321270286,1012
USF1,CD2,Activation,1.0,A,0.0959113276130758,0.4955119804164593,0.10466375,1.4210185,0.5770064131473746,4.098720881015852,1014
USF1,CIITA,Activation,1.0,A,0.0959113276130758,0.1989997774534863,0.10466375,0.35057378,0.09859716444073134,1.4567288080650935,1015
USF1,CTSB,Activation,1.0,A,0.0959113276130758,0.3926893499174092,0.10466375,1.2235745,0.48876361654445005,3.1825475431773476,1016
USF1,CTSD,Activation,1.0,A,0.0959113276130758,0.5214262753150836,0.10466375,1.7028245,0.7029527550948824,4.329623221675415,1017
USF1,CXCR4,Activation,1.0,A,0.0959113276130758,0.7221260601856532,0.10466375,2.908632,1.2418591081103243,6.1179045651491,1018
USF1,FBP1,Activation,1.0,A,0.0959113276130758,0.1915259266585129,0.10466375,0.3455734,0.09636236614208801,1.3901350747973864,1019
USF1,FMR1,Activation,1.0,A,0.0959113276130758,0.2650033381962597,0.10466375,0.33867794,0.09328060790044178,2.0448357477673595,1020
USF1,HMOX1,Activation,1.0,A,0.0959113276130758,0.1934113894314383,0.10466375,0.4157285,0.12771648285344836,1.4069349826937056,1021
USF1,ISG20,Activation,1.0,A,0.0959113276130758,0.5445525580478132,0.10466375,1.1129781,0.43933524378956423,4.535683731314269,1022
USF1,MYH9,Activation,1.0,A,0.0959113276130758,0.7474468979491551,0.10466375,1.8577718,0.7722026845841164,6.3435190659458796,1023
USF1,P4HA1,Activation,1.0,A,0.0959113276130758,0.1785873247446341,0.10466375,0.23235704,0.045763065947584884,1.274849149462968,1024
USF1,PTPN6,Activation,1.0,A,0.0959113276130758,0.5158440691382178,0.10466375,1.1630167,0.4616987797901269,4.2798844779694845,1025
USF1,S100A6,Activation,1.0,A,0.0959113276130758,0.9587114561932172,0.10466375,18.290825,8.116556380278276,8.225934975303769,1026
USF1,SERBP1,Activation,1.0,A,0.0959113276130758,0.8006478573712004,0.10466375,2.345883,0.9903521210886921,6.817551876946142,1027
USF1,SF1,Activation,1.0,A,0.0959113276130758,0.799213669294752,0.10466375,1.9350232,0.8067283200933807,6.80477293061195,1028
USF1,SLC19A1,Activation,1.0,A,0.0959113276130758,0.0611631759847563,0.10466375,0.06755093,-0.02789301903676106,0.22857291834499147,1029
USF1,TGFB1,Activation,1.0,A,0.0959113276130758,0.6248423629482924,0.10466375,1.3392029,0.5404409193884038,5.251084399368118,1030
USF1,TOP3A,Activation,1.0,A,0.0959113276130758,0.1031379046017802,0.10466375,0.117040455,-0.005774878761288788,0.6025774252835635,1031
USF2,APC,Activation,1.0,A,0.4316411562526773,0.2452028881578962,0.6658343,0.3372158,0.09262713996712904,1.8684091740227828,1032
USF2,ATP5F1A,Activation,1.0,A,0.4316411562526773,0.6063401003930773,0.6658343,1.2511029,0.5010667658019811,5.0862249753239865,1033
USF2,CD2,Activation,1.0,A,0.4316411562526773,0.4955119804164593,0.6658343,1.4210185,0.5770064131473746,4.098720881015852,1035
USF2,CTSB,Activation,1.0,A,0.4316411562526773,0.3926893499174092,0.6658343,1.2235745,0.48876361654445005,3.1825475431773476,1036
USF2,CTSD,Activation,1.0,A,0.4316411562526773,0.5214262753150836,0.6658343,1.7028245,0.7029527550948824,4.329623221675415,1037
USF2,CXCR4,Activation,1.0,A,0.4316411562526773,0.7221260601856532,0.6658343,2.908632,1.2418591081103243,6.1179045651491,1038
USF2,FBP1,Activation,1.0,A,0.4316411562526773,0.1915259266585129,0.6658343,0.3455734,0.09636236614208801,1.3901350747973864,1039
USF2,FMR1,Activation,1.0,A,0.4316411562526773,0.2650033381962597,0.6658343,0.33867794,0.09328060790044178,2.0448357477673595,1040
USF2,HMOX1,Activation,1.0,A,0.4316411562526773,0.1934113894314383,0.6658343,0.4157285,0.12771648285344836,1.4069349826937056,1041
USF2,IGF2R,Activation,1.0,A,0.4316411562526773,0.290324175959989,0.6658343,0.42208868,0.1305590107099443,2.270450248566165,1042
USF2,MYH9,Activation,1.0,A,0.4316411562526773,0.7474468979491551,0.6658343,1.8577718,0.7722026845841164,6.3435190659458796,1043
USF2,P4HA1,Activation,1.0,A,0.4316411562526773,0.1785873247446341,0.6658343,0.23235704,0.045763065947584884,1.274849149462968,1044
USF2,PTPN6,Activation,1.0,A,0.4316411562526773,0.5158440691382178,0.6658343,1.1630167,0.4616987797901269,4.2798844779694845,1045
USF2,SF1,Activation,1.0,A,0.4316411562526773,0.799213669294752,0.6658343,1.9350232,0.8067283200933807,6.80477293061195,1046
USF2,SLC19A1,Activation,1.0,A,0.4316411562526773,0.0611631759847563,0.6658343,0.06755093,-0.02789301903676106,0.22857291834499147,1047
USF2,TGFB1,Activation,1.0,A,0.4316411562526773,0.6248423629482924,0.6658343,1.3392029,0.5404409193884038,5.251084399368118,1048
USF2,THBS1,Activation,1.0,A,0.4316411562526773,0.1340347666971786,0.6658343,1.5104674,0.6169834248015921,0.8778755881227125,1049
USF2,TOP3A,Activation,1.0,A,0.4316411562526773,0.1031379046017802,0.6658343,0.117040455,-0.005774878761288788,0.6025774252835635,1050
YBX1,KPNA2,Repression,-1.0,A,0.944746667983317,0.089846937513915,5.9961324,0.10706088,-0.01023500723776126,0.4841518450305503,1051
YBX1,RBBP8,Repression,-1.0,A,0.944746667983317,0.082762542963825,5.9961324,0.110774204,-0.008575427334331637,0.4210282566724327,1052
YBX1,SUMO1,Repression,-1.0,A,0.944746667983317,0.5485089389483604,5.9961324,0.85961074,0.3260988607427259,4.570935997063766,1053
YY1,APH1A,Activation,1.0,A,0.6587312380995418,0.3686605177915265,1.3631247,0.50567377,0.16791533501408695,2.9684451104124667,1054
YY1,CREBBP,Repression,-1.0,A,0.6587312380995418,0.3978697361591097,1.3631247,0.5814832,0.2017965170812738,3.228705978643509,1055
YY1,CTCF,Activation,1.0,A,0.6587312380995418,0.3447615044139441,1.3631247,0.4817202,0.15720986913300716,2.755499392617501,1056
YY1,CXCR4,Repression,-1.0,A,0.6587312380995418,0.7221260601856532,1.3631247,2.908632,1.2418591081103243,6.1179045651491,1057
YY1,DEK,Activation,1.0,A,0.6587312380995418,0.7554462055824489,1.3631247,2.1395838,0.8981517080857847,6.4147947407581425,1058
YY1,FAS,Repression,-1.0,A,0.6587312380995418,0.1062535545609821,1.3631247,0.13014755,8.301875973088675e-05,0.6303385845614793,1059
YY1,FDPS,Repression,-1.0,A,0.6587312380995418,0.3232486832670256,1.3631247,0.41868848,0.12903937396732734,2.5638151976028904,1060
YY1,GNAS,Activation,0.5,B,0.6587312380995418,0.9132810761336528,1.3631247,3.9613311,1.7123373832940811,7.821139817502127,1061
YY1,HCFC1,Activation,1.0,A,0.6587312380995418,0.1876746371256192,1.3631247,0.22597337,0.04291003980655153,1.3558191973567064,1062
YY1,HSPA5,Activation,1.0,A,0.6587312380995418,0.5379008926587683,1.3631247,1.1390129,0.45097086483146887,4.476415859522928,1063
YY1,LDLR,Repression,-1.0,A,0.6587312380995418,0.0832076358151396,1.3631247,0.11775983,-0.005453371590616454,0.4249941365692782,1064
YY1,MYC,Repression,-1.0,A,0.6587312380995418,0.1647523552829711,1.3631247,0.23737915,0.048007575941545276,1.1515763826696435,1065
YY1,NR3C1,Activation,1.0,A,0.6587312380995418,0.4836861106308113,1.3631247,0.79871505,0.2988830122658679,3.9933496554230516,1066
YY1,PRDM2,Activation,1.0,A,0.6587312380995418,0.4626616552513086,1.3631247,0.7402073,0.27273439552925016,3.8060169119619354,1067
YY1,SMAD7,Activation,0.5,B,0.6587312380995418,0.0661581068717293,1.3631247,0.0756572,-0.02427011869631826,0.27307890385401784,1068
YY1,TNFRSF10B,Repression,-1.0,A,0.6587312380995418,0.1262394599540343,1.3631247,0.15450473,0.010968868319914135,0.808417608262846,1069
YY1,TOP3A,Activation,1.0,A,0.6587312380995418,0.1031379046017802,1.3631247,0.117040455,-0.005774878761288788,0.6025774252835635,1070
YY1,TP53,Activation,1.0,A,0.6587312380995418,0.1820924309487283,1.3631247,0.22152007,0.04091974561624034,1.3060804536505521,1071
ZBTB7A,PFKP,Repression,-1.0,A,0.5198684503354931,0.114345589871687,1.058202,0.13216503,0.0009846824076030281,0.7024404843527323,1072
ZNF148,IRS2,Activation,1.0,A,0.3710405281770332,0.2393672263295629,0.52232635,0.45971313,0.14737434411408373,1.8164120820420415,1074
ZNF224,ALDOA,Repression,-1.0,A,0.1525246655621626,0.114895774090673,0.17088987,0.13115148,0.0005317008710818155,0.7073427525585544,1075
