dataset,condition,edge_set,repeat,edge_id,tf,target,reason,in_common_supported_subset
NYGC_multimodal_PBMC,all,trrust_dorothea_union,0,3615,NFKB1,JUNB,all_caliper_candidates_excluded,False
NYGC_multimodal_PBMC,all,trrust_dorothea_union,0,6101,TP53,IL1B,all_caliper_candidates_excluded,False
NYGC_multimodal_PBMC,all,trrust_dorothea_union,0,4721,SP1,VIM,all_caliper_candidates_excluded,False
NYGC_multimodal_PBMC,all,trrust_dorothea_union,0,5816,STAT3,S100A11,all_caliper_candidates_excluded,False
NYGC_multimodal_PBMC,all,trrust_dorothea_union,0,3941,REL,IL1B,all_caliper_candidates_excluded,False
NYGC_multimodal_PBMC,all,trrust_dorothea_union,0,4412,SFPQ,NEAT1,all_caliper_candidates_excluded,False
NYGC_multimodal_PBMC,all,trrust_dorothea_union,0,4358,RUNX1,ZEB2,all_caliper_candidates_excluded,False
NYGC_multimodal_PBMC,all,trrust_dorothea_union,0,5408,STAT1,IL7R,all_caliper_candidates_excluded,False
NYGC_multimodal_PBMC,all,trrust_dorothea_union,0,3394,MYC,RPL26,all_caliper_candidates_excluded,False
NYGC_multimodal_PBMC,all,trrust_dorothea_union,0,4104,RFX1,HLA-DRA,all_caliper_candidates_excluded,False
NYGC_multimodal_PBMC,all,trrust_dorothea_union,0,6514,ZEB2,VIM,all_caliper_candidates_excluded,False
NYGC_multimodal_PBMC,all,trrust_dorothea_union,0,5377,STAT1,HLA-DRB1,all_caliper_candidates_excluded,False
NYGC_multimodal_PBMC,all,trrust_dorothea_union,0,1768,ETS1,TMSB4X,all_caliper_candidates_excluded,False
NYGC_multimodal_PBMC,all,trrust_dorothea_union,0,4017,RELA,IL1B,all_caliper_candidates_excluded,False
NYGC_multimodal_PBMC,all,trrust_dorothea_union,0,3405,MYC,RPS6,all_caliper_candidates_excluded,False
NYGC_multimodal_PBMC,all,trrust_dorothea_union,0,2508,GATA3,TMSB4X,all_caliper_candidates_excluded,False
NYGC_multimodal_PBMC,all,trrust_dorothea_union,0,5939,TCF4,VCAN,all_caliper_candidates_excluded,False
NYGC_multimodal_PBMC,all,trrust_dorothea_union,0,2127,FOXO1,IL1B,all_caliper_candidates_excluded,False
NYGC_multimodal_PBMC,all,trrust_dorothea_union,0,5940,TCF4,VIM,all_caliper_candidates_excluded,False
NYGC_multimodal_PBMC,all,trrust_dorothea_union,0,1621,ETS1,LCP1,all_caliper_candidates_excluded,False
NYGC_multimodal_PBMC,all,trrust_dorothea_union,0,5115,SPI1,TYROBP,all_caliper_candidates_excluded,False
NYGC_multimodal_PBMC,all,trrust_dorothea_union,0,5133,SPI1,ZEB2,all_caliper_candidates_excluded,False
NYGC_multimodal_PBMC,all,trrust_dorothea_union,0,4023,RELA,JUNB,all_caliper_candidates_excluded,False
NYGC_multimodal_PBMC,all,trrust_dorothea_union,0,2630,HDGF,VIM,all_caliper_candidates_excluded,False
NYGC_multimodal_PBMC,all,trrust_dorothea_union,0,559,CEBPB,GNLY,all_caliper_candidates_excluded,False
NYGC_multimodal_PBMC,all,trrust_dorothea_union,0,5884,SUGP1,IL1B,all_caliper_candidates_excluded,False
NYGC_multimodal_PBMC,all,trrust_dorothea_union,0,1542,ETS1,EEF1A1,all_caliper_candidates_excluded,False
NYGC_multimodal_PBMC,all,trrust_dorothea_union,0,3858,PPARA,NFKBIA,all_caliper_candidates_excluded,False
NYGC_multimodal_PBMC,all,trrust_dorothea_union,0,2749,HIPK2,VIM,all_caliper_candidates_excluded,False
NYGC_multimodal_PBMC,all,trrust_dorothea_union,0,4969,SPI1,MNDA,all_caliper_candidates_excluded,False
NYGC_multimodal_PBMC,all,trrust_dorothea_union,0,5956,TCF7L2,VIM,all_caliper_candidates_excluded,False
NYGC_multimodal_PBMC,all,trrust_dorothea_union,0,4783,SPI1,AIF1,all_caliper_candidates_excluded,False
NYGC_multimodal_PBMC,all,trrust_dorothea_union,0,3628,NFKB1,NFKBIA,all_caliper_candidates_excluded,False
NYGC_multimodal_PBMC,all,trrust_dorothea_union,0,2780,HSF1,IL1B,all_caliper_candidates_excluded,False
NYGC_multimodal_PBMC,all,trrust_dorothea_union,0,2920,JUN,CCL4,all_caliper_candidates_excluded,False
NYGC_multimodal_PBMC,all,trrust_dorothea_union,0,2982,JUNB,IL1B,all_caliper_candidates_excluded,False
NYGC_multimodal_PBMC,all,trrust_dorothea_union,0,3831,POU2F1,HLA-DRA,all_caliper_candidates_excluded,False
NYGC_multimodal_PBMC,all,trrust_dorothea_union,0,4126,RFX5,HLA-DRA,all_caliper_candidates_excluded,False
NYGC_multimodal_PBMC,all,trrust_dorothea_union,0,633,CREB1,HLA-DRA,all_caliper_candidates_excluded,False
NYGC_multimodal_PBMC,all,trrust_dorothea_union,0,3926,RBMX,JUNB,all_caliper_candidates_excluded,False
NYGC_multimodal_PBMC,all,trrust_dorothea_union,0,3306,MYC,JUNB,all_caliper_candidates_excluded,False
NYGC_multimodal_PBMC,all,trrust_dorothea_union,0,3791,PARP1,VIM,all_caliper_candidates_excluded,False
NYGC_multimodal_PBMC,all,trrust_dorothea_union,0,2892,IRF8,IL1B,all_caliper_candidates_excluded,False
NYGC_multimodal_PBMC,all,trrust_dorothea_union,0,6067,TP53,EEF1A1,all_caliper_candidates_excluded,False
NYGC_multimodal_PBMC,all,trrust_dorothea_union,0,4141,RFXANK,HLA-DRA,all_caliper_candidates_excluded,False
NYGC_multimodal_PBMC,all,trrust_dorothea_union,0,596,CIITA,HLA-DRB1,all_caliper_candidates_excluded,False
NYGC_multimodal_PBMC,all,trrust_dorothea_union,0,6523,ZNF148,VIM,all_caliper_candidates_excluded,False
NYGC_multimodal_PBMC,all,trrust_dorothea_union,0,685,CREM,CCL4,all_caliper_candidates_excluded,False
NYGC_multimodal_PBMC,all,trrust_dorothea_union,0,5625,STAT1,SRGN,all_caliper_candidates_excluded,False
NYGC_multimodal_PBMC,all,trrust_dorothea_union,0,4618,SP1,LYZ,all_caliper_candidates_excluded,False
NYGC_multimodal_PBMC,all,trrust_dorothea_union,0,2680,HIF1A,IL1B,all_caliper_candidates_excluded,False
NYGC_multimodal_PBMC,all,trrust_dorothea_union,0,595,CIITA,HLA-DRA,all_caliper_candidates_excluded,False
NYGC_multimodal_PBMC,all,trrust_dorothea_union,0,2809,ILF3,HLA-DRB1,all_caliper_candidates_excluded,False
NYGC_multimodal_PBMC,all,trrust_dorothea_union,0,3608,NFKB1,IL1B,all_caliper_candidates_excluded,False
NYGC_multimodal_PBMC,all,trrust_dorothea_union,0,4628,SP1,MNDA,all_caliper_candidates_excluded,False
NYGC_multimodal_PBMC,all,trrust_dorothea_union,0,5837,STAT4,S100A4,all_caliper_candidates_excluded,False
NYGC_multimodal_PBMC,all,trrust_dorothea_union,0,2555,HDAC1,HLA-DRA,all_caliper_candidates_excluded,False
NYGC_multimodal_PBMC,all,trrust_dorothea_union,0,18,AHR,IL1B,all_caliper_candidates_excluded,False
NYGC_multimodal_PBMC,all,trrust_dorothea_union,0,3558,NFKB1,CCL4,all_caliper_candidates_excluded,False
NYGC_multimodal_PBMC,all,trrust_dorothea_union,0,1424,EP300,S100A4,all_caliper_candidates_excluded,False
NYGC_multimodal_PBMC,all,trrust_dorothea_union,0,3671,NFKB1,VIM,all_caliper_candidates_excluded,False
NYGC_multimodal_PBMC,all,trrust_dorothea_union,0,4142,RFXANK,HLA-DRB1,all_caliper_candidates_excluded,False
NYGC_multimodal_PBMC,all,trrust_dorothea_union,0,3484,NFAT5,LTB,all_caliper_candidates_excluded,False
NYGC_multimodal_PBMC,all,trrust_dorothea_union,0,567,CEBPB,S100A9,all_caliper_candidates_excluded,False
NYGC_multimodal_PBMC,all,trrust_dorothea_union,0,3965,RELA,CCL4,all_caliper_candidates_excluded,False
NYGC_multimodal_PBMC,all,trrust_dorothea_union,0,3544,NFKB1,B2M,all_caliper_candidates_excluded,False
NYGC_multimodal_PBMC,all,trrust_dorothea_union,0,5692,STAT1,ZEB2,all_caliper_candidates_excluded,False
NYGC_multimodal_PBMC,all,trrust_dorothea_union,0,4894,SPI1,FOS,all_caliper_candidates_excluded,False
NYGC_multimodal_PBMC,all,trrust_dorothea_union,0,3841,POU2F2,HLA-DRA,all_caliper_candidates_excluded,False
NYGC_multimodal_PBMC,all,trrust_dorothea_union,0,6433,YY1,IL1B,all_caliper_candidates_excluded,False
NYGC_multimodal_PBMC,all,trrust_dorothea_union,0,681,CREBBP,S100A4,all_caliper_candidates_excluded,False
NYGC_multimodal_PBMC,all,trrust_dorothea_union,0,3390,MYC,RPL13,all_caliper_candidates_excluded,False
NYGC_multimodal_PBMC,all,trrust_dorothea_union,0,2761,HMGA1,IL1B,all_caliper_candidates_excluded,False
NYGC_multimodal_PBMC,all,trrust_dorothea_union,0,456,CEBPA,S100A9,all_caliper_candidates_excluded,False
NYGC_multimodal_PBMC,all,trrust_dorothea_union,0,4153,RFXAP,HLA-DRA,all_caliper_candidates_excluded,False
NYGC_multimodal_PBMC,all,trrust_dorothea_union,0,2738,HIF1A,VIM,all_caliper_candidates_excluded,False
NYGC_multimodal_PBMC,all,trrust_dorothea_union,0,2808,ILF3,HLA-DRA,all_caliper_candidates_excluded,False
NYGC_multimodal_PBMC,all,trrust_dorothea_union,0,6333,USF2,B2M,all_caliper_candidates_excluded,False
NYGC_multimodal_PBMC,all,trrust_dorothea_union,0,5794,STAT3,JUNB,all_caliper_candidates_excluded,False
NYGC_multimodal_PBMC,all,trrust_dorothea_union,0,3691,NFKBIA,IL1B,all_caliper_candidates_excluded,False
NYGC_multimodal_PBMC,all,trrust_dorothea_union,0,3402,MYC,RPS16,all_caliper_candidates_excluded,False
NYGC_multimodal_PBMC,all,trrust_dorothea_union,0,5586,STAT1,S100A11,all_caliper_candidates_excluded,False
NYGC_multimodal_PBMC,all,trrust_dorothea_union,0,4944,SPI1,LCP1,all_caliper_candidates_excluded,False
NYGC_multimodal_PBMC,all,trrust_dorothea_union,0,4136,RFXANK,HLA-DPA1,all_caliper_candidates_excluded,False
NYGC_multimodal_PBMC,all,trrust_dorothea_union,0,988,CTNNB1,VIM,all_caliper_candidates_excluded,False
NYGC_multimodal_PBMC,all,trrust_dorothea_union,0,5585,STAT1,S100A10,all_caliper_candidates_excluded,False
NYGC_multimodal_PBMC,all,trrust_dorothea_union,0,5404,STAT1,IL1B,all_caliper_candidates_excluded,False
NYGC_multimodal_PBMC,all,trrust_dorothea_union,0,602,CIITA,S100A4,all_caliper_candidates_excluded,False
NYGC_multimodal_PBMC,all,trrust_dorothea_union,0,3942,REL,NFKBIA,all_caliper_candidates_excluded,False
NYGC_multimodal_PBMC,all,trrust_dorothea_union,0,4148,RFXAP,HLA-DPA1,all_caliper_candidates_excluded,False
NYGC_multimodal_PBMC,all,trrust_dorothea_union,0,3535,NFIL3,IL1B,all_caliper_candidates_excluded,False
NYGC_multimodal_PBMC,all,trrust_dorothea_union,0,6296,USF1,B2M,all_caliper_candidates_excluded,False
NYGC_multimodal_PBMC,all,trrust_dorothea_union,0,4154,RFXAP,HLA-DRB1,all_caliper_candidates_excluded,False
NYGC_multimodal_PBMC,all,trrust_dorothea_union,0,561,CEBPB,IL1B,all_caliper_candidates_excluded,False
NYGC_multimodal_PBMC,all,trrust_dorothea_union,0,1961,FOS,HLA-DRA,all_caliper_candidates_excluded,False
NYGC_multimodal_PBMC,all,trrust_dorothea_union,0,1627,ETS1,LTB,all_caliper_candidates_excluded,False
NYGC_multimodal_PBMC,all,trrust_dorothea_union,0,1385,ELK1,JUNB,all_caliper_candidates_excluded,False
NYGC_multimodal_PBMC,all,trrust_dorothea_union,0,2943,JUN,IL1B,all_caliper_candidates_excluded,False
NYGC_multimodal_PBMC,all,trrust_dorothea_union,0,3868,PPARD,SAT1,all_caliper_candidates_excluded,False
NYGC_multimodal_PBMC,all,trrust_dorothea_union,0,1966,FOS,IL1B,all_caliper_candidates_excluded,False
NYGC_multimodal_PBMC,all,trrust_dorothea_union,0,4804,SPI1,B2M,all_caliper_candidates_excluded,False
NYGC_multimodal_PBMC,all,trrust_dorothea_union,0,6429,YY1,HLA-DRA,all_caliper_candidates_excluded,False
NYGC_multimodal_PBMC,all,trrust_dorothea_union,0,4427,SIRT1,IL1B,all_caliper_candidates_excluded,False
NYGC_multimodal_PBMC,all,trrust_dorothea_union,0,4121,RFX5,HLA-DPA1,all_caliper_candidates_excluded,False
NYGC_multimodal_PBMC,all,trrust_dorothea_union,0,5428,STAT1,JUNB,all_caliper_candidates_excluded,False
NYGC_multimodal_PBMC,all,trrust_dorothea_union,0,6256,TP53,VCAN,all_caliper_candidates_excluded,False
NYGC_multimodal_PBMC,all,trrust_dorothea_union,0,4924,SPI1,IL1B,all_caliper_candidates_excluded,False
NYGC_multimodal_PBMC,all,trrust_dorothea_union,0,3316,MYC,LTB,all_caliper_candidates_excluded,False
NYGC_multimodal_PBMC,all,trrust_dorothea_union,0,3031,KLF4,IL1B,all_caliper_candidates_excluded,False
NYGC_multimodal_PBMC,all,trrust_dorothea_union,0,4037,RELA,NFKBIA,all_caliper_candidates_excluded,False
NYGC_multimodal_PBMC,all,trrust_dorothea_union,0,4127,RFX5,HLA-DRB1,all_caliper_candidates_excluded,False
NYGC_multimodal_PBMC,all,trrust_dorothea_union,0,2979,JUN,VIM,all_caliper_candidates_excluded,False
NYGC_multimodal_PBMC,all,trrust_dorothea_union,0,3485,NFAT5,S100A4,all_caliper_candidates_excluded,False
NYGC_multimodal_PBMC,all,trrust_dorothea_union,1,596,CIITA,HLA-DRB1,all_caliper_candidates_excluded,False
NYGC_multimodal_PBMC,all,trrust_dorothea_union,1,6067,TP53,EEF1A1,all_caliper_candidates_excluded,False
NYGC_multimodal_PBMC,all,trrust_dorothea_union,1,3306,MYC,JUNB,all_caliper_candidates_excluded,False
NYGC_multimodal_PBMC,all,trrust_dorothea_union,1,602,CIITA,S100A4,all_caliper_candidates_excluded,False
NYGC_multimodal_PBMC,all,trrust_dorothea_union,1,2920,JUN,CCL4,all_caliper_candidates_excluded,False
NYGC_multimodal_PBMC,all,trrust_dorothea_union,1,4894,SPI1,FOS,all_caliper_candidates_excluded,False
NYGC_multimodal_PBMC,all,trrust_dorothea_union,1,3841,POU2F2,HLA-DRA,all_caliper_candidates_excluded,False
NYGC_multimodal_PBMC,all,trrust_dorothea_union,1,2738,HIF1A,VIM,all_caliper_candidates_excluded,False
NYGC_multimodal_PBMC,all,trrust_dorothea_union,1,5884,SUGP1,IL1B,all_caliper_candidates_excluded,False
NYGC_multimodal_PBMC,all,trrust_dorothea_union,1,2809,ILF3,HLA-DRB1,all_caliper_candidates_excluded,False
NYGC_multimodal_PBMC,all,trrust_dorothea_union,1,5377,STAT1,HLA-DRB1,all_caliper_candidates_excluded,False
NYGC_multimodal_PBMC,all,trrust_dorothea_union,1,5133,SPI1,ZEB2,all_caliper_candidates_excluded,False
NYGC_multimodal_PBMC,all,trrust_dorothea_union,1,567,CEBPB,S100A9,all_caliper_candidates_excluded,False
NYGC_multimodal_PBMC,all,trrust_dorothea_union,1,5816,STAT3,S100A11,all_caliper_candidates_excluded,False
NYGC_multimodal_PBMC,all,trrust_dorothea_union,1,3628,NFKB1,NFKBIA,all_caliper_candidates_excluded,False
NYGC_multimodal_PBMC,all,trrust_dorothea_union,1,6296,USF1,B2M,all_caliper_candidates_excluded,False
NYGC_multimodal_PBMC,all,trrust_dorothea_union,1,4944,SPI1,LCP1,all_caliper_candidates_excluded,False
NYGC_multimodal_PBMC,all,trrust_dorothea_union,1,6523,ZNF148,VIM,all_caliper_candidates_excluded,False
NYGC_multimodal_PBMC,all,trrust_dorothea_union,1,3402,MYC,RPS16,all_caliper_candidates_excluded,False
NYGC_multimodal_PBMC,all,trrust_dorothea_union,1,4924,SPI1,IL1B,all_caliper_candidates_excluded,False
NYGC_multimodal_PBMC,all,trrust_dorothea_union,1,4628,SP1,MNDA,all_caliper_candidates_excluded,False
NYGC_multimodal_PBMC,all,trrust_dorothea_union,1,1966,FOS,IL1B,all_caliper_candidates_excluded,False
NYGC_multimodal_PBMC,all,trrust_dorothea_union,1,4121,RFX5,HLA-DPA1,all_caliper_candidates_excluded,False
NYGC_multimodal_PBMC,all,trrust_dorothea_union,1,5404,STAT1,IL1B,all_caliper_candidates_excluded,False
NYGC_multimodal_PBMC,all,trrust_dorothea_union,1,559,CEBPB,GNLY,all_caliper_candidates_excluded,False
NYGC_multimodal_PBMC,all,trrust_dorothea_union,1,3691,NFKBIA,IL1B,all_caliper_candidates_excluded,False
NYGC_multimodal_PBMC,all,trrust_dorothea_union,1,4023,RELA,JUNB,all_caliper_candidates_excluded,False
NYGC_multimodal_PBMC,all,trrust_dorothea_union,1,4154,RFXAP,HLA-DRB1,all_caliper_candidates_excluded,False
NYGC_multimodal_PBMC,all,trrust_dorothea_union,1,4618,SP1,LYZ,all_caliper_candidates_excluded,False
NYGC_multimodal_PBMC,all,trrust_dorothea_union,1,3831,POU2F1,HLA-DRA,all_caliper_candidates_excluded,False
NYGC_multimodal_PBMC,all,trrust_dorothea_union,1,4142,RFXANK,HLA-DRB1,all_caliper_candidates_excluded,False
NYGC_multimodal_PBMC,all,trrust_dorothea_union,1,5939,TCF4,VCAN,all_caliper_candidates_excluded,False
NYGC_multimodal_PBMC,all,trrust_dorothea_union,1,3615,NFKB1,JUNB,all_caliper_candidates_excluded,False
NYGC_multimodal_PBMC,all,trrust_dorothea_union,1,3394,MYC,RPL26,all_caliper_candidates_excluded,False
NYGC_multimodal_PBMC,all,trrust_dorothea_union,1,3031,KLF4,IL1B,all_caliper_candidates_excluded,False
NYGC_multimodal_PBMC,all,trrust_dorothea_union,1,2780,HSF1,IL1B,all_caliper_candidates_excluded,False
NYGC_multimodal_PBMC,all,trrust_dorothea_union,1,2127,FOXO1,IL1B,all_caliper_candidates_excluded,False
NYGC_multimodal_PBMC,all,trrust_dorothea_union,1,988,CTNNB1,VIM,all_caliper_candidates_excluded,False
NYGC_multimodal_PBMC,all,trrust_dorothea_union,1,4126,RFX5,HLA-DRA,all_caliper_candidates_excluded,False
NYGC_multimodal_PBMC,all,trrust_dorothea_union,1,6101,TP53,IL1B,all_caliper_candidates_excluded,False
NYGC_multimodal_PBMC,all,trrust_dorothea_union,1,3316,MYC,LTB,all_caliper_candidates_excluded,False
NYGC_multimodal_PBMC,all,trrust_dorothea_union,1,4148,RFXAP,HLA-DPA1,all_caliper_candidates_excluded,False
NYGC_multimodal_PBMC,all,trrust_dorothea_union,1,3942,REL,NFKBIA,all_caliper_candidates_excluded,False
NYGC_multimodal_PBMC,all,trrust_dorothea_union,1,4037,RELA,NFKBIA,all_caliper_candidates_excluded,False
NYGC_multimodal_PBMC,all,trrust_dorothea_union,1,1542,ETS1,EEF1A1,all_caliper_candidates_excluded,False
NYGC_multimodal_PBMC,all,trrust_dorothea_union,1,1424,EP300,S100A4,all_caliper_candidates_excluded,False
NYGC_multimodal_PBMC,all,trrust_dorothea_union,1,1627,ETS1,LTB,all_caliper_candidates_excluded,False
NYGC_multimodal_PBMC,all,trrust_dorothea_union,1,5428,STAT1,JUNB,all_caliper_candidates_excluded,False
NYGC_multimodal_PBMC,all,trrust_dorothea_union,1,4427,SIRT1,IL1B,all_caliper_candidates_excluded,False
NYGC_multimodal_PBMC,all,trrust_dorothea_union,1,4412,SFPQ,NEAT1,all_caliper_candidates_excluded,False
NYGC_multimodal_PBMC,all,trrust_dorothea_union,1,5625,STAT1,SRGN,all_caliper_candidates_excluded,False
NYGC_multimodal_PBMC,all,trrust_dorothea_union,1,3535,NFIL3,IL1B,all_caliper_candidates_excluded,False
NYGC_multimodal_PBMC,all,trrust_dorothea_union,1,2630,HDGF,VIM,all_caliper_candidates_excluded,False
NYGC_multimodal_PBMC,all,trrust_dorothea_union,1,5115,SPI1,TYROBP,all_caliper_candidates_excluded,False
NYGC_multimodal_PBMC,all,trrust_dorothea_union,1,2749,HIPK2,VIM,all_caliper_candidates_excluded,False
NYGC_multimodal_PBMC,all,trrust_dorothea_union,1,3941,REL,IL1B,all_caliper_candidates_excluded,False
NYGC_multimodal_PBMC,all,trrust_dorothea_union,1,6256,TP53,VCAN,all_caliper_candidates_excluded,False
NYGC_multimodal_PBMC,all,trrust_dorothea_union,1,4136,RFXANK,HLA-DPA1,all_caliper_candidates_excluded,False
NYGC_multimodal_PBMC,all,trrust_dorothea_union,1,4358,RUNX1,ZEB2,all_caliper_candidates_excluded,False
NYGC_multimodal_PBMC,all,trrust_dorothea_union,1,6429,YY1,HLA-DRA,all_caliper_candidates_excluded,False
NYGC_multimodal_PBMC,all,trrust_dorothea_union,1,3558,NFKB1,CCL4,all_caliper_candidates_excluded,False
NYGC_multimodal_PBMC,all,trrust_dorothea_union,1,2982,JUNB,IL1B,all_caliper_candidates_excluded,False
NYGC_multimodal_PBMC,all,trrust_dorothea_union,1,6514,ZEB2,VIM,all_caliper_candidates_excluded,False
NYGC_multimodal_PBMC,all,trrust_dorothea_union,1,1961,FOS,HLA-DRA,all_caliper_candidates_excluded,False
NYGC_multimodal_PBMC,all,trrust_dorothea_union,1,3965,RELA,CCL4,all_caliper_candidates_excluded,False
NYGC_multimodal_PBMC,all,trrust_dorothea_union,1,4969,SPI1,MNDA,all_caliper_candidates_excluded,False
NYGC_multimodal_PBMC,all,trrust_dorothea_union,1,3390,MYC,RPL13,all_caliper_candidates_excluded,False
NYGC_multimodal_PBMC,all,trrust_dorothea_union,1,3858,PPARA,NFKBIA,all_caliper_candidates_excluded,False
NYGC_multimodal_PBMC,all,trrust_dorothea_union,1,2508,GATA3,TMSB4X,all_caliper_candidates_excluded,False
NYGC_multimodal_PBMC,all,trrust_dorothea_union,1,5408,STAT1,IL7R,all_caliper_candidates_excluded,False
NYGC_multimodal_PBMC,all,trrust_dorothea_union,1,5837,STAT4,S100A4,all_caliper_candidates_excluded,False
NYGC_multimodal_PBMC,all,trrust_dorothea_union,1,3671,NFKB1,VIM,all_caliper_candidates_excluded,False
NYGC_multimodal_PBMC,all,trrust_dorothea_union,1,4783,SPI1,AIF1,all_caliper_candidates_excluded,False
NYGC_multimodal_PBMC,all,trrust_dorothea_union,1,4721,SP1,VIM,all_caliper_candidates_excluded,False
NYGC_multimodal_PBMC,all,trrust_dorothea_union,1,1768,ETS1,TMSB4X,all_caliper_candidates_excluded,False
NYGC_multimodal_PBMC,all,trrust_dorothea_union,1,3608,NFKB1,IL1B,all_caliper_candidates_excluded,False
NYGC_multimodal_PBMC,all,trrust_dorothea_union,1,3868,PPARD,SAT1,all_caliper_candidates_excluded,False
NYGC_multimodal_PBMC,all,trrust_dorothea_union,1,5586,STAT1,S100A11,all_caliper_candidates_excluded,False
NYGC_multimodal_PBMC,all,trrust_dorothea_union,1,2979,JUN,VIM,all_caliper_candidates_excluded,False
NYGC_multimodal_PBMC,all,trrust_dorothea_union,1,4141,RFXANK,HLA-DRA,all_caliper_candidates_excluded,False
NYGC_multimodal_PBMC,all,trrust_dorothea_union,1,2943,JUN,IL1B,all_caliper_candidates_excluded,False
NYGC_multimodal_PBMC,all,trrust_dorothea_union,1,595,CIITA,HLA-DRA,all_caliper_candidates_excluded,False
NYGC_multimodal_PBMC,all,trrust_dorothea_union,1,5585,STAT1,S100A10,all_caliper_candidates_excluded,False
NYGC_multimodal_PBMC,all,trrust_dorothea_union,1,5940,TCF4,VIM,all_caliper_candidates_excluded,False
NYGC_multimodal_PBMC,all,trrust_dorothea_union,1,561,CEBPB,IL1B,all_caliper_candidates_excluded,False
NYGC_multimodal_PBMC,all,trrust_dorothea_union,1,6433,YY1,IL1B,all_caliper_candidates_excluded,False
NYGC_multimodal_PBMC,all,trrust_dorothea_union,1,5692,STAT1,ZEB2,all_caliper_candidates_excluded,False
NYGC_multimodal_PBMC,all,trrust_dorothea_union,1,681,CREBBP,S100A4,all_caliper_candidates_excluded,False
NYGC_multimodal_PBMC,all,trrust_dorothea_union,1,5794,STAT3,JUNB,all_caliper_candidates_excluded,False
NYGC_multimodal_PBMC,all,trrust_dorothea_union,1,18,AHR,IL1B,all_caliper_candidates_excluded,False
NYGC_multimodal_PBMC,all,trrust_dorothea_union,1,3405,MYC,RPS6,all_caliper_candidates_excluded,False
NYGC_multimodal_PBMC,all,trrust_dorothea_union,1,3484,NFAT5,LTB,all_caliper_candidates_excluded,False
NYGC_multimodal_PBMC,all,trrust_dorothea_union,1,4104,RFX1,HLA-DRA,all_caliper_candidates_excluded,False
NYGC_multimodal_PBMC,all,trrust_dorothea_union,1,3791,PARP1,VIM,all_caliper_candidates_excluded,False
NYGC_multimodal_PBMC,all,trrust_dorothea_union,1,4804,SPI1,B2M,all_caliper_candidates_excluded,False
NYGC_multimodal_PBMC,all,trrust_dorothea_union,1,3544,NFKB1,B2M,all_caliper_candidates_excluded,False
NYGC_multimodal_PBMC,all,trrust_dorothea_union,1,4127,RFX5,HLA-DRB1,all_caliper_candidates_excluded,False
NYGC_multimodal_PBMC,all,trrust_dorothea_union,1,685,CREM,CCL4,all_caliper_candidates_excluded,False
NYGC_multimodal_PBMC,all,trrust_dorothea_union,1,4017,RELA,IL1B,all_caliper_candidates_excluded,False
NYGC_multimodal_PBMC,all,trrust_dorothea_union,1,5956,TCF7L2,VIM,all_caliper_candidates_excluded,False
NYGC_multimodal_PBMC,all,trrust_dorothea_union,1,4153,RFXAP,HLA-DRA,all_caliper_candidates_excluded,False
NYGC_multimodal_PBMC,all,trrust_dorothea_union,1,2761,HMGA1,IL1B,all_caliper_candidates_excluded,False
NYGC_multimodal_PBMC,all,trrust_dorothea_union,1,2680,HIF1A,IL1B,all_caliper_candidates_excluded,False
NYGC_multimodal_PBMC,all,trrust_dorothea_union,1,1385,ELK1,JUNB,all_caliper_candidates_excluded,False
NYGC_multimodal_PBMC,all,trrust_dorothea_union,1,6333,USF2,B2M,all_caliper_candidates_excluded,False
NYGC_multimodal_PBMC,all,trrust_dorothea_union,1,3485,NFAT5,S100A4,all_caliper_candidates_excluded,False
NYGC_multimodal_PBMC,all,trrust_dorothea_union,1,2892,IRF8,IL1B,all_caliper_candidates_excluded,False
NYGC_multimodal_PBMC,all,trrust_dorothea_union,1,2555,HDAC1,HLA-DRA,all_caliper_candidates_excluded,False
NYGC_multimodal_PBMC,all,trrust_dorothea_union,1,633,CREB1,HLA-DRA,all_caliper_candidates_excluded,False
NYGC_multimodal_PBMC,all,trrust_dorothea_union,1,1621,ETS1,LCP1,all_caliper_candidates_excluded,False
NYGC_multimodal_PBMC,all,trrust_dorothea_union,1,3926,RBMX,JUNB,all_caliper_candidates_excluded,False
NYGC_multimodal_PBMC,all,trrust_dorothea_union,1,456,CEBPA,S100A9,all_caliper_candidates_excluded,False
NYGC_multimodal_PBMC,all,trrust_dorothea_union,1,2808,ILF3,HLA-DRA,all_caliper_candidates_excluded,False
NYGC_multimodal_PBMC,all,trrust_dorothea_union,2,2982,JUNB,IL1B,all_caliper_candidates_excluded,False
NYGC_multimodal_PBMC,all,trrust_dorothea_union,2,3615,NFKB1,JUNB,all_caliper_candidates_excluded,False
NYGC_multimodal_PBMC,all,trrust_dorothea_union,2,4126,RFX5,HLA-DRA,all_caliper_candidates_excluded,False
NYGC_multimodal_PBMC,all,trrust_dorothea_union,2,1768,ETS1,TMSB4X,all_caliper_candidates_excluded,False
NYGC_multimodal_PBMC,all,trrust_dorothea_union,2,3544,NFKB1,B2M,all_caliper_candidates_excluded,False
NYGC_multimodal_PBMC,all,trrust_dorothea_union,2,2808,ILF3,HLA-DRA,all_caliper_candidates_excluded,False
NYGC_multimodal_PBMC,all,trrust_dorothea_union,2,2555,HDAC1,HLA-DRA,all_caliper_candidates_excluded,False
NYGC_multimodal_PBMC,all,trrust_dorothea_union,2,1621,ETS1,LCP1,all_caliper_candidates_excluded,False
NYGC_multimodal_PBMC,all,trrust_dorothea_union,2,2680,HIF1A,IL1B,all_caliper_candidates_excluded,False
NYGC_multimodal_PBMC,all,trrust_dorothea_union,2,3535,NFIL3,IL1B,all_caliper_candidates_excluded,False
NYGC_multimodal_PBMC,all,trrust_dorothea_union,2,5837,STAT4,S100A4,all_caliper_candidates_excluded,False
NYGC_multimodal_PBMC,all,trrust_dorothea_union,2,1627,ETS1,LTB,all_caliper_candidates_excluded,False
NYGC_multimodal_PBMC,all,trrust_dorothea_union,2,5625,STAT1,SRGN,all_caliper_candidates_excluded,False
NYGC_multimodal_PBMC,all,trrust_dorothea_union,2,4412,SFPQ,NEAT1,all_caliper_candidates_excluded,False
NYGC_multimodal_PBMC,all,trrust_dorothea_union,2,6067,TP53,EEF1A1,all_caliper_candidates_excluded,False
NYGC_multimodal_PBMC,all,trrust_dorothea_union,2,1966,FOS,IL1B,all_caliper_candidates_excluded,False
NYGC_multimodal_PBMC,all,trrust_dorothea_union,2,2508,GATA3,TMSB4X,all_caliper_candidates_excluded,False
NYGC_multimodal_PBMC,all,trrust_dorothea_union,2,2630,HDGF,VIM,all_caliper_candidates_excluded,False
NYGC_multimodal_PBMC,all,trrust_dorothea_union,2,6333,USF2,B2M,all_caliper_candidates_excluded,False
NYGC_multimodal_PBMC,all,trrust_dorothea_union,2,3841,POU2F2,HLA-DRA,all_caliper_candidates_excluded,False
NYGC_multimodal_PBMC,all,trrust_dorothea_union,2,3691,NFKBIA,IL1B,all_caliper_candidates_excluded,False
NYGC_multimodal_PBMC,all,trrust_dorothea_union,2,3031,KLF4,IL1B,all_caliper_candidates_excluded,False
NYGC_multimodal_PBMC,all,trrust_dorothea_union,2,5408,STAT1,IL7R,all_caliper_candidates_excluded,False
NYGC_multimodal_PBMC,all,trrust_dorothea_union,2,5428,STAT1,JUNB,all_caliper_candidates_excluded,False
NYGC_multimodal_PBMC,all,trrust_dorothea_union,2,4969,SPI1,MNDA,all_caliper_candidates_excluded,False
NYGC_multimodal_PBMC,all,trrust_dorothea_union,2,4104,RFX1,HLA-DRA,all_caliper_candidates_excluded,False
NYGC_multimodal_PBMC,all,trrust_dorothea_union,2,559,CEBPB,GNLY,all_caliper_candidates_excluded,False
NYGC_multimodal_PBMC,all,trrust_dorothea_union,2,602,CIITA,S100A4,all_caliper_candidates_excluded,False
NYGC_multimodal_PBMC,all,trrust_dorothea_union,2,5377,STAT1,HLA-DRB1,all_caliper_candidates_excluded,False
NYGC_multimodal_PBMC,all,trrust_dorothea_union,2,6296,USF1,B2M,all_caliper_candidates_excluded,False
NYGC_multimodal_PBMC,all,trrust_dorothea_union,2,5956,TCF7L2,VIM,all_caliper_candidates_excluded,False
NYGC_multimodal_PBMC,all,trrust_dorothea_union,2,4618,SP1,LYZ,all_caliper_candidates_excluded,False
NYGC_multimodal_PBMC,all,trrust_dorothea_union,2,2761,HMGA1,IL1B,all_caliper_candidates_excluded,False
NYGC_multimodal_PBMC,all,trrust_dorothea_union,2,595,CIITA,HLA-DRA,all_caliper_candidates_excluded,False
NYGC_multimodal_PBMC,all,trrust_dorothea_union,2,681,CREBBP,S100A4,all_caliper_candidates_excluded,False
NYGC_multimodal_PBMC,all,trrust_dorothea_union,2,5816,STAT3,S100A11,all_caliper_candidates_excluded,False
NYGC_multimodal_PBMC,all,trrust_dorothea_union,2,2738,HIF1A,VIM,all_caliper_candidates_excluded,False
NYGC_multimodal_PBMC,all,trrust_dorothea_union,2,3306,MYC,JUNB,all_caliper_candidates_excluded,False
NYGC_multimodal_PBMC,all,trrust_dorothea_union,2,2809,ILF3,HLA-DRB1,all_caliper_candidates_excluded,False
NYGC_multimodal_PBMC,all,trrust_dorothea_union,2,4142,RFXANK,HLA-DRB1,all_caliper_candidates_excluded,False
NYGC_multimodal_PBMC,all,trrust_dorothea_union,2,4136,RFXANK,HLA-DPA1,all_caliper_candidates_excluded,False
NYGC_multimodal_PBMC,all,trrust_dorothea_union,2,4894,SPI1,FOS,all_caliper_candidates_excluded,False
NYGC_multimodal_PBMC,all,trrust_dorothea_union,2,5404,STAT1,IL1B,all_caliper_candidates_excluded,False
NYGC_multimodal_PBMC,all,trrust_dorothea_union,2,5939,TCF4,VCAN,all_caliper_candidates_excluded,False
NYGC_multimodal_PBMC,all,trrust_dorothea_union,2,4924,SPI1,IL1B,all_caliper_candidates_excluded,False
NYGC_multimodal_PBMC,all,trrust_dorothea_union,2,4427,SIRT1,IL1B,all_caliper_candidates_excluded,False
NYGC_multimodal_PBMC,all,trrust_dorothea_union,2,6523,ZNF148,VIM,all_caliper_candidates_excluded,False
NYGC_multimodal_PBMC,all,trrust_dorothea_union,2,3394,MYC,RPL26,all_caliper_candidates_excluded,False
NYGC_multimodal_PBMC,all,trrust_dorothea_union,2,3671,NFKB1,VIM,all_caliper_candidates_excluded,False
NYGC_multimodal_PBMC,all,trrust_dorothea_union,2,3390,MYC,RPL13,all_caliper_candidates_excluded,False
NYGC_multimodal_PBMC,all,trrust_dorothea_union,2,5115,SPI1,TYROBP,all_caliper_candidates_excluded,False
NYGC_multimodal_PBMC,all,trrust_dorothea_union,2,3965,RELA,CCL4,all_caliper_candidates_excluded,False
NYGC_multimodal_PBMC,all,trrust_dorothea_union,2,5692,STAT1,ZEB2,all_caliper_candidates_excluded,False
NYGC_multimodal_PBMC,all,trrust_dorothea_union,2,3831,POU2F1,HLA-DRA,all_caliper_candidates_excluded,False
NYGC_multimodal_PBMC,all,trrust_dorothea_union,2,3868,PPARD,SAT1,all_caliper_candidates_excluded,False
NYGC_multimodal_PBMC,all,trrust_dorothea_union,2,1961,FOS,HLA-DRA,all_caliper_candidates_excluded,False
NYGC_multimodal_PBMC,all,trrust_dorothea_union,2,2127,FOXO1,IL1B,all_caliper_candidates_excluded,False
NYGC_multimodal_PBMC,all,trrust_dorothea_union,2,3558,NFKB1,CCL4,all_caliper_candidates_excluded,False
NYGC_multimodal_PBMC,all,trrust_dorothea_union,2,5586,STAT1,S100A11,all_caliper_candidates_excluded,False
NYGC_multimodal_PBMC,all,trrust_dorothea_union,2,3405,MYC,RPS6,all_caliper_candidates_excluded,False
NYGC_multimodal_PBMC,all,trrust_dorothea_union,2,6433,YY1,IL1B,all_caliper_candidates_excluded,False
NYGC_multimodal_PBMC,all,trrust_dorothea_union,2,2943,JUN,IL1B,all_caliper_candidates_excluded,False
NYGC_multimodal_PBMC,all,trrust_dorothea_union,2,5585,STAT1,S100A10,all_caliper_candidates_excluded,False
NYGC_multimodal_PBMC,all,trrust_dorothea_union,2,1424,EP300,S100A4,all_caliper_candidates_excluded,False
NYGC_multimodal_PBMC,all,trrust_dorothea_union,2,3485,NFAT5,S100A4,all_caliper_candidates_excluded,False
NYGC_multimodal_PBMC,all,trrust_dorothea_union,2,685,CREM,CCL4,all_caliper_candidates_excluded,False
NYGC_multimodal_PBMC,all,trrust_dorothea_union,2,4141,RFXANK,HLA-DRA,all_caliper_candidates_excluded,False
NYGC_multimodal_PBMC,all,trrust_dorothea_union,2,4358,RUNX1,ZEB2,all_caliper_candidates_excluded,False
NYGC_multimodal_PBMC,all,trrust_dorothea_union,2,4154,RFXAP,HLA-DRB1,all_caliper_candidates_excluded,False
NYGC_multimodal_PBMC,all,trrust_dorothea_union,2,3628,NFKB1,NFKBIA,all_caliper_candidates_excluded,False
NYGC_multimodal_PBMC,all,trrust_dorothea_union,2,2920,JUN,CCL4,all_caliper_candidates_excluded,False
NYGC_multimodal_PBMC,all,trrust_dorothea_union,2,2749,HIPK2,VIM,all_caliper_candidates_excluded,False
NYGC_multimodal_PBMC,all,trrust_dorothea_union,2,2979,JUN,VIM,all_caliper_candidates_excluded,False
NYGC_multimodal_PBMC,all,trrust_dorothea_union,2,4023,RELA,JUNB,all_caliper_candidates_excluded,False
NYGC_multimodal_PBMC,all,trrust_dorothea_union,2,3926,RBMX,JUNB,all_caliper_candidates_excluded,False
NYGC_multimodal_PBMC,all,trrust_dorothea_union,2,4127,RFX5,HLA-DRB1,all_caliper_candidates_excluded,False
NYGC_multimodal_PBMC,all,trrust_dorothea_union,2,3402,MYC,RPS16,all_caliper_candidates_excluded,False
NYGC_multimodal_PBMC,all,trrust_dorothea_union,2,4153,RFXAP,HLA-DRA,all_caliper_candidates_excluded,False
NYGC_multimodal_PBMC,all,trrust_dorothea_union,2,5133,SPI1,ZEB2,all_caliper_candidates_excluded,False
NYGC_multimodal_PBMC,all,trrust_dorothea_union,2,1385,ELK1,JUNB,all_caliper_candidates_excluded,False
NYGC_multimodal_PBMC,all,trrust_dorothea_union,2,5940,TCF4,VIM,all_caliper_candidates_excluded,False
NYGC_multimodal_PBMC,all,trrust_dorothea_union,2,3608,NFKB1,IL1B,all_caliper_candidates_excluded,False
NYGC_multimodal_PBMC,all,trrust_dorothea_union,2,596,CIITA,HLA-DRB1,all_caliper_candidates_excluded,False
NYGC_multimodal_PBMC,all,trrust_dorothea_union,2,4804,SPI1,B2M,all_caliper_candidates_excluded,False
NYGC_multimodal_PBMC,all,trrust_dorothea_union,2,4783,SPI1,AIF1,all_caliper_candidates_excluded,False
NYGC_multimodal_PBMC,all,trrust_dorothea_union,2,6514,ZEB2,VIM,all_caliper_candidates_excluded,False
NYGC_multimodal_PBMC,all,trrust_dorothea_union,2,2892,IRF8,IL1B,all_caliper_candidates_excluded,False
NYGC_multimodal_PBMC,all,trrust_dorothea_union,2,3858,PPARA,NFKBIA,all_caliper_candidates_excluded,False
NYGC_multimodal_PBMC,all,trrust_dorothea_union,2,4121,RFX5,HLA-DPA1,all_caliper_candidates_excluded,False
NYGC_multimodal_PBMC,all,trrust_dorothea_union,2,18,AHR,IL1B,all_caliper_candidates_excluded,False
NYGC_multimodal_PBMC,all,trrust_dorothea_union,2,6256,TP53,VCAN,all_caliper_candidates_excluded,False
NYGC_multimodal_PBMC,all,trrust_dorothea_union,2,6101,TP53,IL1B,all_caliper_candidates_excluded,False
NYGC_multimodal_PBMC,all,trrust_dorothea_union,2,5794,STAT3,JUNB,all_caliper_candidates_excluded,False
NYGC_multimodal_PBMC,all,trrust_dorothea_union,2,3942,REL,NFKBIA,all_caliper_candidates_excluded,False
NYGC_multimodal_PBMC,all,trrust_dorothea_union,2,633,CREB1,HLA-DRA,all_caliper_candidates_excluded,False
NYGC_multimodal_PBMC,all,trrust_dorothea_union,2,4721,SP1,VIM,all_caliper_candidates_excluded,False
NYGC_multimodal_PBMC,all,trrust_dorothea_union,2,456,CEBPA,S100A9,all_caliper_candidates_excluded,False
NYGC_multimodal_PBMC,all,trrust_dorothea_union,2,4148,RFXAP,HLA-DPA1,all_caliper_candidates_excluded,False
NYGC_multimodal_PBMC,all,trrust_dorothea_union,2,2780,HSF1,IL1B,all_caliper_candidates_excluded,False
NYGC_multimodal_PBMC,all,trrust_dorothea_union,2,567,CEBPB,S100A9,all_caliper_candidates_excluded,False
NYGC_multimodal_PBMC,all,trrust_dorothea_union,2,4037,RELA,NFKBIA,all_caliper_candidates_excluded,False
NYGC_multimodal_PBMC,all,trrust_dorothea_union,2,4628,SP1,MNDA,all_caliper_candidates_excluded,False
NYGC_multimodal_PBMC,all,trrust_dorothea_union,2,3316,MYC,LTB,all_caliper_candidates_excluded,False
NYGC_multimodal_PBMC,all,trrust_dorothea_union,2,5884,SUGP1,IL1B,all_caliper_candidates_excluded,False
NYGC_multimodal_PBMC,all,trrust_dorothea_union,2,4944,SPI1,LCP1,all_caliper_candidates_excluded,False
NYGC_multimodal_PBMC,all,trrust_dorothea_union,2,1542,ETS1,EEF1A1,all_caliper_candidates_excluded,False
NYGC_multimodal_PBMC,all,trrust_dorothea_union,2,4017,RELA,IL1B,all_caliper_candidates_excluded,False
NYGC_multimodal_PBMC,all,trrust_dorothea_union,2,6429,YY1,HLA-DRA,all_caliper_candidates_excluded,False
NYGC_multimodal_PBMC,all,trrust_dorothea_union,2,988,CTNNB1,VIM,all_caliper_candidates_excluded,False
NYGC_multimodal_PBMC,all,trrust_dorothea_union,2,3791,PARP1,VIM,all_caliper_candidates_excluded,False
NYGC_multimodal_PBMC,all,trrust_dorothea_union,2,3484,NFAT5,LTB,all_caliper_candidates_excluded,False
NYGC_multimodal_PBMC,all,trrust_dorothea_union,2,561,CEBPB,IL1B,all_caliper_candidates_excluded,False
NYGC_multimodal_PBMC,all,trrust_dorothea_union,2,3941,REL,IL1B,all_caliper_candidates_excluded,False
NYGC_multimodal_PBMC,all,trrust_dorothea_union,3,3608,NFKB1,IL1B,all_caliper_candidates_excluded,False
NYGC_multimodal_PBMC,all,trrust_dorothea_union,3,681,CREBBP,S100A4,all_caliper_candidates_excluded,False
NYGC_multimodal_PBMC,all,trrust_dorothea_union,3,559,CEBPB,GNLY,all_caliper_candidates_excluded,False
NYGC_multimodal_PBMC,all,trrust_dorothea_union,3,3394,MYC,RPL26,all_caliper_candidates_excluded,False
NYGC_multimodal_PBMC,all,trrust_dorothea_union,3,3942,REL,NFKBIA,all_caliper_candidates_excluded,False
NYGC_multimodal_PBMC,all,trrust_dorothea_union,3,5956,TCF7L2,VIM,all_caliper_candidates_excluded,False
NYGC_multimodal_PBMC,all,trrust_dorothea_union,3,4427,SIRT1,IL1B,all_caliper_candidates_excluded,False
NYGC_multimodal_PBMC,all,trrust_dorothea_union,3,2555,HDAC1,HLA-DRA,all_caliper_candidates_excluded,False
NYGC_multimodal_PBMC,all,trrust_dorothea_union,3,5586,STAT1,S100A11,all_caliper_candidates_excluded,False
NYGC_multimodal_PBMC,all,trrust_dorothea_union,3,5625,STAT1,SRGN,all_caliper_candidates_excluded,False
NYGC_multimodal_PBMC,all,trrust_dorothea_union,3,3868,PPARD,SAT1,all_caliper_candidates_excluded,False
NYGC_multimodal_PBMC,all,trrust_dorothea_union,3,5428,STAT1,JUNB,all_caliper_candidates_excluded,False
NYGC_multimodal_PBMC,all,trrust_dorothea_union,3,3691,NFKBIA,IL1B,all_caliper_candidates_excluded,False
NYGC_multimodal_PBMC,all,trrust_dorothea_union,3,4017,RELA,IL1B,all_caliper_candidates_excluded,False
NYGC_multimodal_PBMC,all,trrust_dorothea_union,3,1627,ETS1,LTB,all_caliper_candidates_excluded,False
NYGC_multimodal_PBMC,all,trrust_dorothea_union,3,1768,ETS1,TMSB4X,all_caliper_candidates_excluded,False
NYGC_multimodal_PBMC,all,trrust_dorothea_union,3,567,CEBPB,S100A9,all_caliper_candidates_excluded,False
NYGC_multimodal_PBMC,all,trrust_dorothea_union,3,5377,STAT1,HLA-DRB1,all_caliper_candidates_excluded,False
NYGC_multimodal_PBMC,all,trrust_dorothea_union,3,2982,JUNB,IL1B,all_caliper_candidates_excluded,False
NYGC_multimodal_PBMC,all,trrust_dorothea_union,3,2809,ILF3,HLA-DRB1,all_caliper_candidates_excluded,False
NYGC_multimodal_PBMC,all,trrust_dorothea_union,3,5837,STAT4,S100A4,all_caliper_candidates_excluded,False
NYGC_multimodal_PBMC,all,trrust_dorothea_union,3,4358,RUNX1,ZEB2,all_caliper_candidates_excluded,False
NYGC_multimodal_PBMC,all,trrust_dorothea_union,3,1961,FOS,HLA-DRA,all_caliper_candidates_excluded,False
NYGC_multimodal_PBMC,all,trrust_dorothea_union,3,6296,USF1,B2M,all_caliper_candidates_excluded,False
NYGC_multimodal_PBMC,all,trrust_dorothea_union,3,3615,NFKB1,JUNB,all_caliper_candidates_excluded,False
NYGC_multimodal_PBMC,all,trrust_dorothea_union,3,3791,PARP1,VIM,all_caliper_candidates_excluded,False
NYGC_multimodal_PBMC,all,trrust_dorothea_union,3,4618,SP1,LYZ,all_caliper_candidates_excluded,False
NYGC_multimodal_PBMC,all,trrust_dorothea_union,3,4121,RFX5,HLA-DPA1,all_caliper_candidates_excluded,False
NYGC_multimodal_PBMC,all,trrust_dorothea_union,3,2943,JUN,IL1B,all_caliper_candidates_excluded,False
NYGC_multimodal_PBMC,all,trrust_dorothea_union,3,3628,NFKB1,NFKBIA,all_caliper_candidates_excluded,False
NYGC_multimodal_PBMC,all,trrust_dorothea_union,3,2808,ILF3,HLA-DRA,all_caliper_candidates_excluded,False
NYGC_multimodal_PBMC,all,trrust_dorothea_union,3,685,CREM,CCL4,all_caliper_candidates_excluded,False
NYGC_multimodal_PBMC,all,trrust_dorothea_union,3,6101,TP53,IL1B,all_caliper_candidates_excluded,False
NYGC_multimodal_PBMC,all,trrust_dorothea_union,3,5404,STAT1,IL1B,all_caliper_candidates_excluded,False
NYGC_multimodal_PBMC,all,trrust_dorothea_union,3,2749,HIPK2,VIM,all_caliper_candidates_excluded,False
NYGC_multimodal_PBMC,all,trrust_dorothea_union,3,4721,SP1,VIM,all_caliper_candidates_excluded,False
NYGC_multimodal_PBMC,all,trrust_dorothea_union,3,5115,SPI1,TYROBP,all_caliper_candidates_excluded,False
NYGC_multimodal_PBMC,all,trrust_dorothea_union,3,4127,RFX5,HLA-DRB1,all_caliper_candidates_excluded,False
NYGC_multimodal_PBMC,all,trrust_dorothea_union,3,3031,KLF4,IL1B,all_caliper_candidates_excluded,False
NYGC_multimodal_PBMC,all,trrust_dorothea_union,3,4023,RELA,JUNB,all_caliper_candidates_excluded,False
NYGC_multimodal_PBMC,all,trrust_dorothea_union,3,6067,TP53,EEF1A1,all_caliper_candidates_excluded,False
NYGC_multimodal_PBMC,all,trrust_dorothea_union,3,4894,SPI1,FOS,all_caliper_candidates_excluded,False
NYGC_multimodal_PBMC,all,trrust_dorothea_union,3,1966,FOS,IL1B,all_caliper_candidates_excluded,False
NYGC_multimodal_PBMC,all,trrust_dorothea_union,3,3405,MYC,RPS6,all_caliper_candidates_excluded,False
NYGC_multimodal_PBMC,all,trrust_dorothea_union,3,561,CEBPB,IL1B,all_caliper_candidates_excluded,False
NYGC_multimodal_PBMC,all,trrust_dorothea_union,3,456,CEBPA,S100A9,all_caliper_candidates_excluded,False
NYGC_multimodal_PBMC,all,trrust_dorothea_union,3,3926,RBMX,JUNB,all_caliper_candidates_excluded,False
NYGC_multimodal_PBMC,all,trrust_dorothea_union,3,3485,NFAT5,S100A4,all_caliper_candidates_excluded,False
NYGC_multimodal_PBMC,all,trrust_dorothea_union,3,3941,REL,IL1B,all_caliper_candidates_excluded,False
NYGC_multimodal_PBMC,all,trrust_dorothea_union,3,5585,STAT1,S100A10,all_caliper_candidates_excluded,False
NYGC_multimodal_PBMC,all,trrust_dorothea_union,3,2892,IRF8,IL1B,all_caliper_candidates_excluded,False
NYGC_multimodal_PBMC,all,trrust_dorothea_union,3,2780,HSF1,IL1B,all_caliper_candidates_excluded,False
NYGC_multimodal_PBMC,all,trrust_dorothea_union,3,5692,STAT1,ZEB2,all_caliper_candidates_excluded,False
NYGC_multimodal_PBMC,all,trrust_dorothea_union,3,4804,SPI1,B2M,all_caliper_candidates_excluded,False
NYGC_multimodal_PBMC,all,trrust_dorothea_union,3,2127,FOXO1,IL1B,all_caliper_candidates_excluded,False
NYGC_multimodal_PBMC,all,trrust_dorothea_union,3,18,AHR,IL1B,all_caliper_candidates_excluded,False
NYGC_multimodal_PBMC,all,trrust_dorothea_union,3,3858,PPARA,NFKBIA,all_caliper_candidates_excluded,False
NYGC_multimodal_PBMC,all,trrust_dorothea_union,3,6514,ZEB2,VIM,all_caliper_candidates_excluded,False
NYGC_multimodal_PBMC,all,trrust_dorothea_union,3,6333,USF2,B2M,all_caliper_candidates_excluded,False
NYGC_multimodal_PBMC,all,trrust_dorothea_union,3,6429,YY1,HLA-DRA,all_caliper_candidates_excluded,False
NYGC_multimodal_PBMC,all,trrust_dorothea_union,3,3671,NFKB1,VIM,all_caliper_candidates_excluded,False
NYGC_multimodal_PBMC,all,trrust_dorothea_union,3,988,CTNNB1,VIM,all_caliper_candidates_excluded,False
NYGC_multimodal_PBMC,all,trrust_dorothea_union,3,595,CIITA,HLA-DRA,all_caliper_candidates_excluded,False
NYGC_multimodal_PBMC,all,trrust_dorothea_union,3,4126,RFX5,HLA-DRA,all_caliper_candidates_excluded,False
NYGC_multimodal_PBMC,all,trrust_dorothea_union,3,2920,JUN,CCL4,all_caliper_candidates_excluded,False
NYGC_multimodal_PBMC,all,trrust_dorothea_union,3,2630,HDGF,VIM,all_caliper_candidates_excluded,False
NYGC_multimodal_PBMC,all,trrust_dorothea_union,3,3558,NFKB1,CCL4,all_caliper_candidates_excluded,False
NYGC_multimodal_PBMC,all,trrust_dorothea_union,3,6256,TP53,VCAN,all_caliper_candidates_excluded,False
NYGC_multimodal_PBMC,all,trrust_dorothea_union,3,4153,RFXAP,HLA-DRA,all_caliper_candidates_excluded,False
NYGC_multimodal_PBMC,all,trrust_dorothea_union,3,3316,MYC,LTB,all_caliper_candidates_excluded,False
NYGC_multimodal_PBMC,all,trrust_dorothea_union,3,5940,TCF4,VIM,all_caliper_candidates_excluded,False
NYGC_multimodal_PBMC,all,trrust_dorothea_union,3,3841,POU2F2,HLA-DRA,all_caliper_candidates_excluded,False
NYGC_multimodal_PBMC,all,trrust_dorothea_union,3,4628,SP1,MNDA,all_caliper_candidates_excluded,False
NYGC_multimodal_PBMC,all,trrust_dorothea_union,3,4148,RFXAP,HLA-DPA1,all_caliper_candidates_excluded,False
NYGC_multimodal_PBMC,all,trrust_dorothea_union,3,4412,SFPQ,NEAT1,all_caliper_candidates_excluded,False
NYGC_multimodal_PBMC,all,trrust_dorothea_union,3,6523,ZNF148,VIM,all_caliper_candidates_excluded,False
NYGC_multimodal_PBMC,all,trrust_dorothea_union,3,4136,RFXANK,HLA-DPA1,all_caliper_candidates_excluded,False
NYGC_multimodal_PBMC,all,trrust_dorothea_union,3,3965,RELA,CCL4,all_caliper_candidates_excluded,False
NYGC_multimodal_PBMC,all,trrust_dorothea_union,3,4104,RFX1,HLA-DRA,all_caliper_candidates_excluded,False
NYGC_multimodal_PBMC,all,trrust_dorothea_union,3,2979,JUN,VIM,all_caliper_candidates_excluded,False
NYGC_multimodal_PBMC,all,trrust_dorothea_union,3,5794,STAT3,JUNB,all_caliper_candidates_excluded,False
NYGC_multimodal_PBMC,all,trrust_dorothea_union,3,3390,MYC,RPL13,all_caliper_candidates_excluded,False
NYGC_multimodal_PBMC,all,trrust_dorothea_union,3,4141,RFXANK,HLA-DRA,all_caliper_candidates_excluded,False
NYGC_multimodal_PBMC,all,trrust_dorothea_union,3,4944,SPI1,LCP1,all_caliper_candidates_excluded,False
NYGC_multimodal_PBMC,all,trrust_dorothea_union,3,6433,YY1,IL1B,all_caliper_candidates_excluded,False
NYGC_multimodal_PBMC,all,trrust_dorothea_union,3,4969,SPI1,MNDA,all_caliper_candidates_excluded,False
NYGC_multimodal_PBMC,all,trrust_dorothea_union,3,5939,TCF4,VCAN,all_caliper_candidates_excluded,False
NYGC_multimodal_PBMC,all,trrust_dorothea_union,3,3402,MYC,RPS16,all_caliper_candidates_excluded,False
NYGC_multimodal_PBMC,all,trrust_dorothea_union,3,602,CIITA,S100A4,all_caliper_candidates_excluded,False
NYGC_multimodal_PBMC,all,trrust_dorothea_union,3,1424,EP300,S100A4,all_caliper_candidates_excluded,False
NYGC_multimodal_PBMC,all,trrust_dorothea_union,3,5408,STAT1,IL7R,all_caliper_candidates_excluded,False
NYGC_multimodal_PBMC,all,trrust_dorothea_union,3,1385,ELK1,JUNB,all_caliper_candidates_excluded,False
NYGC_multimodal_PBMC,all,trrust_dorothea_union,3,2738,HIF1A,VIM,all_caliper_candidates_excluded,False
NYGC_multimodal_PBMC,all,trrust_dorothea_union,3,5133,SPI1,ZEB2,all_caliper_candidates_excluded,False
NYGC_multimodal_PBMC,all,trrust_dorothea_union,3,3544,NFKB1,B2M,all_caliper_candidates_excluded,False
NYGC_multimodal_PBMC,all,trrust_dorothea_union,3,596,CIITA,HLA-DRB1,all_caliper_candidates_excluded,False
NYGC_multimodal_PBMC,all,trrust_dorothea_union,3,2761,HMGA1,IL1B,all_caliper_candidates_excluded,False
NYGC_multimodal_PBMC,all,trrust_dorothea_union,3,4142,RFXANK,HLA-DRB1,all_caliper_candidates_excluded,False
NYGC_multimodal_PBMC,all,trrust_dorothea_union,3,4037,RELA,NFKBIA,all_caliper_candidates_excluded,False
NYGC_multimodal_PBMC,all,trrust_dorothea_union,3,4154,RFXAP,HLA-DRB1,all_caliper_candidates_excluded,False
NYGC_multimodal_PBMC,all,trrust_dorothea_union,3,5884,SUGP1,IL1B,all_caliper_candidates_excluded,False
NYGC_multimodal_PBMC,all,trrust_dorothea_union,3,1621,ETS1,LCP1,all_caliper_candidates_excluded,False
NYGC_multimodal_PBMC,all,trrust_dorothea_union,3,3306,MYC,JUNB,all_caliper_candidates_excluded,False
NYGC_multimodal_PBMC,all,trrust_dorothea_union,3,2680,HIF1A,IL1B,all_caliper_candidates_excluded,False
NYGC_multimodal_PBMC,all,trrust_dorothea_union,3,3535,NFIL3,IL1B,all_caliper_candidates_excluded,False
NYGC_multimodal_PBMC,all,trrust_dorothea_union,3,633,CREB1,HLA-DRA,all_caliper_candidates_excluded,False
NYGC_multimodal_PBMC,all,trrust_dorothea_union,3,4924,SPI1,IL1B,all_caliper_candidates_excluded,False
NYGC_multimodal_PBMC,all,trrust_dorothea_union,3,3831,POU2F1,HLA-DRA,all_caliper_candidates_excluded,False
NYGC_multimodal_PBMC,all,trrust_dorothea_union,3,1542,ETS1,EEF1A1,all_caliper_candidates_excluded,False
NYGC_multimodal_PBMC,all,trrust_dorothea_union,3,3484,NFAT5,LTB,all_caliper_candidates_excluded,False
NYGC_multimodal_PBMC,all,trrust_dorothea_union,3,4783,SPI1,AIF1,all_caliper_candidates_excluded,False
NYGC_multimodal_PBMC,all,trrust_dorothea_union,3,5816,STAT3,S100A11,all_caliper_candidates_excluded,False
NYGC_multimodal_PBMC,all,trrust_dorothea_union,3,2508,GATA3,TMSB4X,all_caliper_candidates_excluded,False
NYGC_multimodal_PBMC,all,trrust_dorothea_union,4,3394,MYC,RPL26,all_caliper_candidates_excluded,False
NYGC_multimodal_PBMC,all,trrust_dorothea_union,4,2127,FOXO1,IL1B,all_caliper_candidates_excluded,False
NYGC_multimodal_PBMC,all,trrust_dorothea_union,4,6101,TP53,IL1B,all_caliper_candidates_excluded,False
NYGC_multimodal_PBMC,all,trrust_dorothea_union,4,3535,NFIL3,IL1B,all_caliper_candidates_excluded,False
NYGC_multimodal_PBMC,all,trrust_dorothea_union,4,4126,RFX5,HLA-DRA,all_caliper_candidates_excluded,False
NYGC_multimodal_PBMC,all,trrust_dorothea_union,4,602,CIITA,S100A4,all_caliper_candidates_excluded,False
NYGC_multimodal_PBMC,all,trrust_dorothea_union,4,4127,RFX5,HLA-DRB1,all_caliper_candidates_excluded,False
NYGC_multimodal_PBMC,all,trrust_dorothea_union,4,3671,NFKB1,VIM,all_caliper_candidates_excluded,False
NYGC_multimodal_PBMC,all,trrust_dorothea_union,4,633,CREB1,HLA-DRA,all_caliper_candidates_excluded,False
NYGC_multimodal_PBMC,all,trrust_dorothea_union,4,5625,STAT1,SRGN,all_caliper_candidates_excluded,False
NYGC_multimodal_PBMC,all,trrust_dorothea_union,4,6256,TP53,VCAN,all_caliper_candidates_excluded,False
NYGC_multimodal_PBMC,all,trrust_dorothea_union,4,3484,NFAT5,LTB,all_caliper_candidates_excluded,False
NYGC_multimodal_PBMC,all,trrust_dorothea_union,4,1961,FOS,HLA-DRA,all_caliper_candidates_excluded,False
NYGC_multimodal_PBMC,all,trrust_dorothea_union,4,4121,RFX5,HLA-DPA1,all_caliper_candidates_excluded,False
NYGC_multimodal_PBMC,all,trrust_dorothea_union,4,6514,ZEB2,VIM,all_caliper_candidates_excluded,False
NYGC_multimodal_PBMC,all,trrust_dorothea_union,4,3485,NFAT5,S100A4,all_caliper_candidates_excluded,False
NYGC_multimodal_PBMC,all,trrust_dorothea_union,4,1621,ETS1,LCP1,all_caliper_candidates_excluded,False
NYGC_multimodal_PBMC,all,trrust_dorothea_union,4,3791,PARP1,VIM,all_caliper_candidates_excluded,False
NYGC_multimodal_PBMC,all,trrust_dorothea_union,4,1385,ELK1,JUNB,all_caliper_candidates_excluded,False
NYGC_multimodal_PBMC,all,trrust_dorothea_union,4,2680,HIF1A,IL1B,all_caliper_candidates_excluded,False
NYGC_multimodal_PBMC,all,trrust_dorothea_union,4,5408,STAT1,IL7R,all_caliper_candidates_excluded,False
NYGC_multimodal_PBMC,all,trrust_dorothea_union,4,2761,HMGA1,IL1B,all_caliper_candidates_excluded,False
NYGC_multimodal_PBMC,all,trrust_dorothea_union,4,4154,RFXAP,HLA-DRB1,all_caliper_candidates_excluded,False
NYGC_multimodal_PBMC,all,trrust_dorothea_union,4,2982,JUNB,IL1B,all_caliper_candidates_excluded,False
NYGC_multimodal_PBMC,all,trrust_dorothea_union,4,2508,GATA3,TMSB4X,all_caliper_candidates_excluded,False
NYGC_multimodal_PBMC,all,trrust_dorothea_union,4,3841,POU2F2,HLA-DRA,all_caliper_candidates_excluded,False
NYGC_multimodal_PBMC,all,trrust_dorothea_union,4,2979,JUN,VIM,all_caliper_candidates_excluded,False
NYGC_multimodal_PBMC,all,trrust_dorothea_union,4,4427,SIRT1,IL1B,all_caliper_candidates_excluded,False
NYGC_multimodal_PBMC,all,trrust_dorothea_union,4,2808,ILF3,HLA-DRA,all_caliper_candidates_excluded,False
NYGC_multimodal_PBMC,all,trrust_dorothea_union,4,3544,NFKB1,B2M,all_caliper_candidates_excluded,False
NYGC_multimodal_PBMC,all,trrust_dorothea_union,4,4023,RELA,JUNB,all_caliper_candidates_excluded,False
NYGC_multimodal_PBMC,all,trrust_dorothea_union,4,3390,MYC,RPL13,all_caliper_candidates_excluded,False
NYGC_multimodal_PBMC,all,trrust_dorothea_union,4,4037,RELA,NFKBIA,all_caliper_candidates_excluded,False
NYGC_multimodal_PBMC,all,trrust_dorothea_union,4,5884,SUGP1,IL1B,all_caliper_candidates_excluded,False
NYGC_multimodal_PBMC,all,trrust_dorothea_union,4,4104,RFX1,HLA-DRA,all_caliper_candidates_excluded,False
NYGC_multimodal_PBMC,all,trrust_dorothea_union,4,596,CIITA,HLA-DRB1,all_caliper_candidates_excluded,False
NYGC_multimodal_PBMC,all,trrust_dorothea_union,4,3405,MYC,RPS6,all_caliper_candidates_excluded,False
NYGC_multimodal_PBMC,all,trrust_dorothea_union,4,3558,NFKB1,CCL4,all_caliper_candidates_excluded,False
NYGC_multimodal_PBMC,all,trrust_dorothea_union,4,561,CEBPB,IL1B,all_caliper_candidates_excluded,False
NYGC_multimodal_PBMC,all,trrust_dorothea_union,4,5939,TCF4,VCAN,all_caliper_candidates_excluded,False
NYGC_multimodal_PBMC,all,trrust_dorothea_union,4,4628,SP1,MNDA,all_caliper_candidates_excluded,False
NYGC_multimodal_PBMC,all,trrust_dorothea_union,4,1768,ETS1,TMSB4X,all_caliper_candidates_excluded,False
NYGC_multimodal_PBMC,all,trrust_dorothea_union,4,3306,MYC,JUNB,all_caliper_candidates_excluded,False
NYGC_multimodal_PBMC,all,trrust_dorothea_union,4,2920,JUN,CCL4,all_caliper_candidates_excluded,False
NYGC_multimodal_PBMC,all,trrust_dorothea_union,4,5586,STAT1,S100A11,all_caliper_candidates_excluded,False
NYGC_multimodal_PBMC,all,trrust_dorothea_union,4,4894,SPI1,FOS,all_caliper_candidates_excluded,False
NYGC_multimodal_PBMC,all,trrust_dorothea_union,4,3402,MYC,RPS16,all_caliper_candidates_excluded,False
NYGC_multimodal_PBMC,all,trrust_dorothea_union,4,5115,SPI1,TYROBP,all_caliper_candidates_excluded,False
NYGC_multimodal_PBMC,all,trrust_dorothea_union,4,559,CEBPB,GNLY,all_caliper_candidates_excluded,False
NYGC_multimodal_PBMC,all,trrust_dorothea_union,4,681,CREBBP,S100A4,all_caliper_candidates_excluded,False
NYGC_multimodal_PBMC,all,trrust_dorothea_union,4,6067,TP53,EEF1A1,all_caliper_candidates_excluded,False
NYGC_multimodal_PBMC,all,trrust_dorothea_union,4,3965,RELA,CCL4,all_caliper_candidates_excluded,False
NYGC_multimodal_PBMC,all,trrust_dorothea_union,4,2809,ILF3,HLA-DRB1,all_caliper_candidates_excluded,False
NYGC_multimodal_PBMC,all,trrust_dorothea_union,4,6296,USF1,B2M,all_caliper_candidates_excluded,False
NYGC_multimodal_PBMC,all,trrust_dorothea_union,4,5133,SPI1,ZEB2,all_caliper_candidates_excluded,False
NYGC_multimodal_PBMC,all,trrust_dorothea_union,4,5428,STAT1,JUNB,all_caliper_candidates_excluded,False
NYGC_multimodal_PBMC,all,trrust_dorothea_union,4,2749,HIPK2,VIM,all_caliper_candidates_excluded,False
NYGC_multimodal_PBMC,all,trrust_dorothea_union,4,6523,ZNF148,VIM,all_caliper_candidates_excluded,False
NYGC_multimodal_PBMC,all,trrust_dorothea_union,4,5816,STAT3,S100A11,all_caliper_candidates_excluded,False
NYGC_multimodal_PBMC,all,trrust_dorothea_union,4,1542,ETS1,EEF1A1,all_caliper_candidates_excluded,False
NYGC_multimodal_PBMC,all,trrust_dorothea_union,4,3628,NFKB1,NFKBIA,all_caliper_candidates_excluded,False
NYGC_multimodal_PBMC,all,trrust_dorothea_union,4,2892,IRF8,IL1B,all_caliper_candidates_excluded,False
NYGC_multimodal_PBMC,all,trrust_dorothea_union,4,3608,NFKB1,IL1B,all_caliper_candidates_excluded,False
NYGC_multimodal_PBMC,all,trrust_dorothea_union,4,595,CIITA,HLA-DRA,all_caliper_candidates_excluded,False
NYGC_multimodal_PBMC,all,trrust_dorothea_union,4,5837,STAT4,S100A4,all_caliper_candidates_excluded,False
NYGC_multimodal_PBMC,all,trrust_dorothea_union,4,4783,SPI1,AIF1,all_caliper_candidates_excluded,False
NYGC_multimodal_PBMC,all,trrust_dorothea_union,4,4136,RFXANK,HLA-DPA1,all_caliper_candidates_excluded,False
NYGC_multimodal_PBMC,all,trrust_dorothea_union,4,2555,HDAC1,HLA-DRA,all_caliper_candidates_excluded,False
NYGC_multimodal_PBMC,all,trrust_dorothea_union,4,3868,PPARD,SAT1,all_caliper_candidates_excluded,False
NYGC_multimodal_PBMC,all,trrust_dorothea_union,4,3316,MYC,LTB,all_caliper_candidates_excluded,False
NYGC_multimodal_PBMC,all,trrust_dorothea_union,4,4924,SPI1,IL1B,all_caliper_candidates_excluded,False
NYGC_multimodal_PBMC,all,trrust_dorothea_union,4,1627,ETS1,LTB,all_caliper_candidates_excluded,False
NYGC_multimodal_PBMC,all,trrust_dorothea_union,4,3615,NFKB1,JUNB,all_caliper_candidates_excluded,False
NYGC_multimodal_PBMC,all,trrust_dorothea_union,4,4412,SFPQ,NEAT1,all_caliper_candidates_excluded,False
NYGC_multimodal_PBMC,all,trrust_dorothea_union,4,2738,HIF1A,VIM,all_caliper_candidates_excluded,False
NYGC_multimodal_PBMC,all,trrust_dorothea_union,4,3858,PPARA,NFKBIA,all_caliper_candidates_excluded,False
NYGC_multimodal_PBMC,all,trrust_dorothea_union,4,4141,RFXANK,HLA-DRA,all_caliper_candidates_excluded,False
NYGC_multimodal_PBMC,all,trrust_dorothea_union,4,567,CEBPB,S100A9,all_caliper_candidates_excluded,False
NYGC_multimodal_PBMC,all,trrust_dorothea_union,4,3031,KLF4,IL1B,all_caliper_candidates_excluded,False
NYGC_multimodal_PBMC,all,trrust_dorothea_union,4,4969,SPI1,MNDA,all_caliper_candidates_excluded,False
NYGC_multimodal_PBMC,all,trrust_dorothea_union,4,3941,REL,IL1B,all_caliper_candidates_excluded,False
NYGC_multimodal_PBMC,all,trrust_dorothea_union,4,1424,EP300,S100A4,all_caliper_candidates_excluded,False
NYGC_multimodal_PBMC,all,trrust_dorothea_union,4,3691,NFKBIA,IL1B,all_caliper_candidates_excluded,False
NYGC_multimodal_PBMC,all,trrust_dorothea_union,4,2630,HDGF,VIM,all_caliper_candidates_excluded,False
NYGC_multimodal_PBMC,all,trrust_dorothea_union,4,4721,SP1,VIM,all_caliper_candidates_excluded,False
NYGC_multimodal_PBMC,all,trrust_dorothea_union,4,4618,SP1,LYZ,all_caliper_candidates_excluded,False
NYGC_multimodal_PBMC,all,trrust_dorothea_union,4,4944,SPI1,LCP1,all_caliper_candidates_excluded,False
NYGC_multimodal_PBMC,all,trrust_dorothea_union,4,6433,YY1,IL1B,all_caliper_candidates_excluded,False
NYGC_multimodal_PBMC,all,trrust_dorothea_union,4,5794,STAT3,JUNB,all_caliper_candidates_excluded,False
NYGC_multimodal_PBMC,all,trrust_dorothea_union,4,4148,RFXAP,HLA-DPA1,all_caliper_candidates_excluded,False
NYGC_multimodal_PBMC,all,trrust_dorothea_union,4,3926,RBMX,JUNB,all_caliper_candidates_excluded,False
NYGC_multimodal_PBMC,all,trrust_dorothea_union,4,3942,REL,NFKBIA,all_caliper_candidates_excluded,False
NYGC_multimodal_PBMC,all,trrust_dorothea_union,4,6429,YY1,HLA-DRA,all_caliper_candidates_excluded,False
NYGC_multimodal_PBMC,all,trrust_dorothea_union,4,4804,SPI1,B2M,all_caliper_candidates_excluded,False
NYGC_multimodal_PBMC,all,trrust_dorothea_union,4,5585,STAT1,S100A10,all_caliper_candidates_excluded,False
NYGC_multimodal_PBMC,all,trrust_dorothea_union,4,2943,JUN,IL1B,all_caliper_candidates_excluded,False
NYGC_multimodal_PBMC,all,trrust_dorothea_union,4,4153,RFXAP,HLA-DRA,all_caliper_candidates_excluded,False
NYGC_multimodal_PBMC,all,trrust_dorothea_union,4,5940,TCF4,VIM,all_caliper_candidates_excluded,False
NYGC_multimodal_PBMC,all,trrust_dorothea_union,4,5956,TCF7L2,VIM,all_caliper_candidates_excluded,False
NYGC_multimodal_PBMC,all,trrust_dorothea_union,4,4142,RFXANK,HLA-DRB1,all_caliper_candidates_excluded,False
NYGC_multimodal_PBMC,all,trrust_dorothea_union,4,6333,USF2,B2M,all_caliper_candidates_excluded,False
NYGC_multimodal_PBMC,all,trrust_dorothea_union,4,2780,HSF1,IL1B,all_caliper_candidates_excluded,False
NYGC_multimodal_PBMC,all,trrust_dorothea_union,4,3831,POU2F1,HLA-DRA,all_caliper_candidates_excluded,False
NYGC_multimodal_PBMC,all,trrust_dorothea_union,4,5692,STAT1,ZEB2,all_caliper_candidates_excluded,False
NYGC_multimodal_PBMC,all,trrust_dorothea_union,4,685,CREM,CCL4,all_caliper_candidates_excluded,False
NYGC_multimodal_PBMC,all,trrust_dorothea_union,4,4017,RELA,IL1B,all_caliper_candidates_excluded,False
NYGC_multimodal_PBMC,all,trrust_dorothea_union,4,1966,FOS,IL1B,all_caliper_candidates_excluded,False
NYGC_multimodal_PBMC,all,trrust_dorothea_union,4,4358,RUNX1,ZEB2,all_caliper_candidates_excluded,False
NYGC_multimodal_PBMC,all,trrust_dorothea_union,4,456,CEBPA,S100A9,all_caliper_candidates_excluded,False
NYGC_multimodal_PBMC,all,trrust_dorothea_union,4,5404,STAT1,IL1B,all_caliper_candidates_excluded,False
NYGC_multimodal_PBMC,all,trrust_dorothea_union,4,18,AHR,IL1B,all_caliper_candidates_excluded,False
NYGC_multimodal_PBMC,all,trrust_dorothea_union,4,5377,STAT1,HLA-DRB1,all_caliper_candidates_excluded,False
NYGC_multimodal_PBMC,all,trrust_dorothea_union,4,988,CTNNB1,VIM,all_caliper_candidates_excluded,False
NYGC_multimodal_PBMC,all,trrust_dorothea_union,5,4783,SPI1,AIF1,all_caliper_candidates_excluded,False
NYGC_multimodal_PBMC,all,trrust_dorothea_union,5,5939,TCF4,VCAN,all_caliper_candidates_excluded,False
NYGC_multimodal_PBMC,all,trrust_dorothea_union,5,2808,ILF3,HLA-DRA,all_caliper_candidates_excluded,False
NYGC_multimodal_PBMC,all,trrust_dorothea_union,5,3558,NFKB1,CCL4,all_caliper_candidates_excluded,False
NYGC_multimodal_PBMC,all,trrust_dorothea_union,5,2982,JUNB,IL1B,all_caliper_candidates_excluded,False
NYGC_multimodal_PBMC,all,trrust_dorothea_union,5,3306,MYC,JUNB,all_caliper_candidates_excluded,False
NYGC_multimodal_PBMC,all,trrust_dorothea_union,5,3791,PARP1,VIM,all_caliper_candidates_excluded,False
NYGC_multimodal_PBMC,all,trrust_dorothea_union,5,3858,PPARA,NFKBIA,all_caliper_candidates_excluded,False
NYGC_multimodal_PBMC,all,trrust_dorothea_union,5,3544,NFKB1,B2M,all_caliper_candidates_excluded,False
NYGC_multimodal_PBMC,all,trrust_dorothea_union,5,4412,SFPQ,NEAT1,all_caliper_candidates_excluded,False
NYGC_multimodal_PBMC,all,trrust_dorothea_union,5,3535,NFIL3,IL1B,all_caliper_candidates_excluded,False
NYGC_multimodal_PBMC,all,trrust_dorothea_union,5,5794,STAT3,JUNB,all_caliper_candidates_excluded,False
NYGC_multimodal_PBMC,all,trrust_dorothea_union,5,4618,SP1,LYZ,all_caliper_candidates_excluded,False
NYGC_multimodal_PBMC,all,trrust_dorothea_union,5,1961,FOS,HLA-DRA,all_caliper_candidates_excluded,False
NYGC_multimodal_PBMC,all,trrust_dorothea_union,5,6433,YY1,IL1B,all_caliper_candidates_excluded,False
NYGC_multimodal_PBMC,all,trrust_dorothea_union,5,6101,TP53,IL1B,all_caliper_candidates_excluded,False
NYGC_multimodal_PBMC,all,trrust_dorothea_union,5,18,AHR,IL1B,all_caliper_candidates_excluded,False
NYGC_multimodal_PBMC,all,trrust_dorothea_union,5,5956,TCF7L2,VIM,all_caliper_candidates_excluded,False
NYGC_multimodal_PBMC,all,trrust_dorothea_union,5,5428,STAT1,JUNB,all_caliper_candidates_excluded,False
NYGC_multimodal_PBMC,all,trrust_dorothea_union,5,3628,NFKB1,NFKBIA,all_caliper_candidates_excluded,False
NYGC_multimodal_PBMC,all,trrust_dorothea_union,5,5837,STAT4,S100A4,all_caliper_candidates_excluded,False
NYGC_multimodal_PBMC,all,trrust_dorothea_union,5,5404,STAT1,IL1B,all_caliper_candidates_excluded,False
NYGC_multimodal_PBMC,all,trrust_dorothea_union,5,3608,NFKB1,IL1B,all_caliper_candidates_excluded,False
NYGC_multimodal_PBMC,all,trrust_dorothea_union,5,2943,JUN,IL1B,all_caliper_candidates_excluded,False
NYGC_multimodal_PBMC,all,trrust_dorothea_union,5,633,CREB1,HLA-DRA,all_caliper_candidates_excluded,False
NYGC_multimodal_PBMC,all,trrust_dorothea_union,5,4628,SP1,MNDA,all_caliper_candidates_excluded,False
NYGC_multimodal_PBMC,all,trrust_dorothea_union,5,2780,HSF1,IL1B,all_caliper_candidates_excluded,False
NYGC_multimodal_PBMC,all,trrust_dorothea_union,5,5408,STAT1,IL7R,all_caliper_candidates_excluded,False
NYGC_multimodal_PBMC,all,trrust_dorothea_union,5,596,CIITA,HLA-DRB1,all_caliper_candidates_excluded,False
NYGC_multimodal_PBMC,all,trrust_dorothea_union,5,3615,NFKB1,JUNB,all_caliper_candidates_excluded,False
NYGC_multimodal_PBMC,all,trrust_dorothea_union,5,4358,RUNX1,ZEB2,all_caliper_candidates_excluded,False
NYGC_multimodal_PBMC,all,trrust_dorothea_union,5,4142,RFXANK,HLA-DRB1,all_caliper_candidates_excluded,False
NYGC_multimodal_PBMC,all,trrust_dorothea_union,5,1385,ELK1,JUNB,all_caliper_candidates_excluded,False
NYGC_multimodal_PBMC,all,trrust_dorothea_union,5,3316,MYC,LTB,all_caliper_candidates_excluded,False
NYGC_multimodal_PBMC,all,trrust_dorothea_union,5,2920,JUN,CCL4,all_caliper_candidates_excluded,False
NYGC_multimodal_PBMC,all,trrust_dorothea_union,5,4969,SPI1,MNDA,all_caliper_candidates_excluded,False
NYGC_multimodal_PBMC,all,trrust_dorothea_union,5,2127,FOXO1,IL1B,all_caliper_candidates_excluded,False
NYGC_multimodal_PBMC,all,trrust_dorothea_union,5,4037,RELA,NFKBIA,all_caliper_candidates_excluded,False
NYGC_multimodal_PBMC,all,trrust_dorothea_union,5,2555,HDAC1,HLA-DRA,all_caliper_candidates_excluded,False
NYGC_multimodal_PBMC,all,trrust_dorothea_union,5,3841,POU2F2,HLA-DRA,all_caliper_candidates_excluded,False
NYGC_multimodal_PBMC,all,trrust_dorothea_union,5,4127,RFX5,HLA-DRB1,all_caliper_candidates_excluded,False
NYGC_multimodal_PBMC,all,trrust_dorothea_union,5,4924,SPI1,IL1B,all_caliper_candidates_excluded,False
NYGC_multimodal_PBMC,all,trrust_dorothea_union,5,1966,FOS,IL1B,all_caliper_candidates_excluded,False
NYGC_multimodal_PBMC,all,trrust_dorothea_union,5,4721,SP1,VIM,all_caliper_candidates_excluded,False
NYGC_multimodal_PBMC,all,trrust_dorothea_union,5,5133,SPI1,ZEB2,all_caliper_candidates_excluded,False
NYGC_multimodal_PBMC,all,trrust_dorothea_union,5,6067,TP53,EEF1A1,all_caliper_candidates_excluded,False
NYGC_multimodal_PBMC,all,trrust_dorothea_union,5,3402,MYC,RPS16,all_caliper_candidates_excluded,False
NYGC_multimodal_PBMC,all,trrust_dorothea_union,5,5884,SUGP1,IL1B,all_caliper_candidates_excluded,False
NYGC_multimodal_PBMC,all,trrust_dorothea_union,5,5625,STAT1,SRGN,all_caliper_candidates_excluded,False
NYGC_multimodal_PBMC,all,trrust_dorothea_union,5,1621,ETS1,LCP1,all_caliper_candidates_excluded,False
NYGC_multimodal_PBMC,all,trrust_dorothea_union,5,5586,STAT1,S100A11,all_caliper_candidates_excluded,False
NYGC_multimodal_PBMC,all,trrust_dorothea_union,5,456,CEBPA,S100A9,all_caliper_candidates_excluded,False
NYGC_multimodal_PBMC,all,trrust_dorothea_union,5,1627,ETS1,LTB,all_caliper_candidates_excluded,False
NYGC_multimodal_PBMC,all,trrust_dorothea_union,5,595,CIITA,HLA-DRA,all_caliper_candidates_excluded,False
NYGC_multimodal_PBMC,all,trrust_dorothea_union,5,2809,ILF3,HLA-DRB1,all_caliper_candidates_excluded,False
NYGC_multimodal_PBMC,all,trrust_dorothea_union,5,5816,STAT3,S100A11,all_caliper_candidates_excluded,False
NYGC_multimodal_PBMC,all,trrust_dorothea_union,5,3405,MYC,RPS6,all_caliper_candidates_excluded,False
NYGC_multimodal_PBMC,all,trrust_dorothea_union,5,2680,HIF1A,IL1B,all_caliper_candidates_excluded,False
NYGC_multimodal_PBMC,all,trrust_dorothea_union,5,4894,SPI1,FOS,all_caliper_candidates_excluded,False
NYGC_multimodal_PBMC,all,trrust_dorothea_union,5,6256,TP53,VCAN,all_caliper_candidates_excluded,False
NYGC_multimodal_PBMC,all,trrust_dorothea_union,5,559,CEBPB,GNLY,all_caliper_candidates_excluded,False
NYGC_multimodal_PBMC,all,trrust_dorothea_union,5,567,CEBPB,S100A9,all_caliper_candidates_excluded,False
NYGC_multimodal_PBMC,all,trrust_dorothea_union,5,685,CREM,CCL4,all_caliper_candidates_excluded,False
NYGC_multimodal_PBMC,all,trrust_dorothea_union,5,3941,REL,IL1B,all_caliper_candidates_excluded,False
NYGC_multimodal_PBMC,all,trrust_dorothea_union,5,4153,RFXAP,HLA-DRA,all_caliper_candidates_excluded,False
NYGC_multimodal_PBMC,all,trrust_dorothea_union,5,1768,ETS1,TMSB4X,all_caliper_candidates_excluded,False
NYGC_multimodal_PBMC,all,trrust_dorothea_union,5,2979,JUN,VIM,all_caliper_candidates_excluded,False
NYGC_multimodal_PBMC,all,trrust_dorothea_union,5,4023,RELA,JUNB,all_caliper_candidates_excluded,False
NYGC_multimodal_PBMC,all,trrust_dorothea_union,5,4136,RFXANK,HLA-DPA1,all_caliper_candidates_excluded,False
NYGC_multimodal_PBMC,all,trrust_dorothea_union,5,4017,RELA,IL1B,all_caliper_candidates_excluded,False
NYGC_multimodal_PBMC,all,trrust_dorothea_union,5,602,CIITA,S100A4,all_caliper_candidates_excluded,False
NYGC_multimodal_PBMC,all,trrust_dorothea_union,5,6296,USF1,B2M,all_caliper_candidates_excluded,False
NYGC_multimodal_PBMC,all,trrust_dorothea_union,5,3031,KLF4,IL1B,all_caliper_candidates_excluded,False
NYGC_multimodal_PBMC,all,trrust_dorothea_union,5,6523,ZNF148,VIM,all_caliper_candidates_excluded,False
NYGC_multimodal_PBMC,all,trrust_dorothea_union,5,3671,NFKB1,VIM,all_caliper_candidates_excluded,False
NYGC_multimodal_PBMC,all,trrust_dorothea_union,5,6333,USF2,B2M,all_caliper_candidates_excluded,False
NYGC_multimodal_PBMC,all,trrust_dorothea_union,5,3390,MYC,RPL13,all_caliper_candidates_excluded,False
NYGC_multimodal_PBMC,all,trrust_dorothea_union,5,4121,RFX5,HLA-DPA1,all_caliper_candidates_excluded,False
NYGC_multimodal_PBMC,all,trrust_dorothea_union,5,4126,RFX5,HLA-DRA,all_caliper_candidates_excluded,False
NYGC_multimodal_PBMC,all,trrust_dorothea_union,5,3926,RBMX,JUNB,all_caliper_candidates_excluded,False
NYGC_multimodal_PBMC,all,trrust_dorothea_union,5,5585,STAT1,S100A10,all_caliper_candidates_excluded,False
NYGC_multimodal_PBMC,all,trrust_dorothea_union,5,5377,STAT1,HLA-DRB1,all_caliper_candidates_excluded,False
NYGC_multimodal_PBMC,all,trrust_dorothea_union,5,2892,IRF8,IL1B,all_caliper_candidates_excluded,False
NYGC_multimodal_PBMC,all,trrust_dorothea_union,5,3691,NFKBIA,IL1B,all_caliper_candidates_excluded,False
NYGC_multimodal_PBMC,all,trrust_dorothea_union,5,3868,PPARD,SAT1,all_caliper_candidates_excluded,False
NYGC_multimodal_PBMC,all,trrust_dorothea_union,5,2738,HIF1A,VIM,all_caliper_candidates_excluded,False
NYGC_multimodal_PBMC,all,trrust_dorothea_union,5,2630,HDGF,VIM,all_caliper_candidates_excluded,False
NYGC_multimodal_PBMC,all,trrust_dorothea_union,5,6514,ZEB2,VIM,all_caliper_candidates_excluded,False
NYGC_multimodal_PBMC,all,trrust_dorothea_union,5,1542,ETS1,EEF1A1,all_caliper_candidates_excluded,False
NYGC_multimodal_PBMC,all,trrust_dorothea_union,5,3485,NFAT5,S100A4,all_caliper_candidates_excluded,False
NYGC_multimodal_PBMC,all,trrust_dorothea_union,5,3965,RELA,CCL4,all_caliper_candidates_excluded,False
NYGC_multimodal_PBMC,all,trrust_dorothea_union,5,3484,NFAT5,LTB,all_caliper_candidates_excluded,False
NYGC_multimodal_PBMC,all,trrust_dorothea_union,5,5115,SPI1,TYROBP,all_caliper_candidates_excluded,False
NYGC_multimodal_PBMC,all,trrust_dorothea_union,5,6429,YY1,HLA-DRA,all_caliper_candidates_excluded,False
NYGC_multimodal_PBMC,all,trrust_dorothea_union,5,3942,REL,NFKBIA,all_caliper_candidates_excluded,False
NYGC_multimodal_PBMC,all,trrust_dorothea_union,5,4141,RFXANK,HLA-DRA,all_caliper_candidates_excluded,False
NYGC_multimodal_PBMC,all,trrust_dorothea_union,5,3394,MYC,RPL26,all_caliper_candidates_excluded,False
NYGC_multimodal_PBMC,all,trrust_dorothea_union,5,2508,GATA3,TMSB4X,all_caliper_candidates_excluded,False
NYGC_multimodal_PBMC,all,trrust_dorothea_union,5,4804,SPI1,B2M,all_caliper_candidates_excluded,False
NYGC_multimodal_PBMC,all,trrust_dorothea_union,5,4148,RFXAP,HLA-DPA1,all_caliper_candidates_excluded,False
NYGC_multimodal_PBMC,all,trrust_dorothea_union,5,2761,HMGA1,IL1B,all_caliper_candidates_excluded,False
NYGC_multimodal_PBMC,all,trrust_dorothea_union,5,988,CTNNB1,VIM,all_caliper_candidates_excluded,False
NYGC_multimodal_PBMC,all,trrust_dorothea_union,5,1424,EP300,S100A4,all_caliper_candidates_excluded,False
NYGC_multimodal_PBMC,all,trrust_dorothea_union,5,4944,SPI1,LCP1,all_caliper_candidates_excluded,False
NYGC_multimodal_PBMC,all,trrust_dorothea_union,5,681,CREBBP,S100A4,all_caliper_candidates_excluded,False
NYGC_multimodal_PBMC,all,trrust_dorothea_union,5,5692,STAT1,ZEB2,all_caliper_candidates_excluded,False
NYGC_multimodal_PBMC,all,trrust_dorothea_union,5,2749,HIPK2,VIM,all_caliper_candidates_excluded,False
NYGC_multimodal_PBMC,all,trrust_dorothea_union,5,3831,POU2F1,HLA-DRA,all_caliper_candidates_excluded,False
NYGC_multimodal_PBMC,all,trrust_dorothea_union,5,5940,TCF4,VIM,all_caliper_candidates_excluded,False
NYGC_multimodal_PBMC,all,trrust_dorothea_union,5,4427,SIRT1,IL1B,all_caliper_candidates_excluded,False
NYGC_multimodal_PBMC,all,trrust_dorothea_union,5,561,CEBPB,IL1B,all_caliper_candidates_excluded,False
NYGC_multimodal_PBMC,all,trrust_dorothea_union,5,4154,RFXAP,HLA-DRB1,all_caliper_candidates_excluded,False
NYGC_multimodal_PBMC,all,trrust_dorothea_union,5,4104,RFX1,HLA-DRA,all_caliper_candidates_excluded,False
NYGC_multimodal_PBMC,all,trrust_dorothea_union,6,5956,TCF7L2,VIM,all_caliper_candidates_excluded,False
NYGC_multimodal_PBMC,all,trrust_dorothea_union,6,3926,RBMX,JUNB,all_caliper_candidates_excluded,False
NYGC_multimodal_PBMC,all,trrust_dorothea_union,6,3394,MYC,RPL26,all_caliper_candidates_excluded,False
NYGC_multimodal_PBMC,all,trrust_dorothea_union,6,2508,GATA3,TMSB4X,all_caliper_candidates_excluded,False
NYGC_multimodal_PBMC,all,trrust_dorothea_union,6,3558,NFKB1,CCL4,all_caliper_candidates_excluded,False
NYGC_multimodal_PBMC,all,trrust_dorothea_union,6,3390,MYC,RPL13,all_caliper_candidates_excluded,False
NYGC_multimodal_PBMC,all,trrust_dorothea_union,6,602,CIITA,S100A4,all_caliper_candidates_excluded,False
NYGC_multimodal_PBMC,all,trrust_dorothea_union,6,5585,STAT1,S100A10,all_caliper_candidates_excluded,False
NYGC_multimodal_PBMC,all,trrust_dorothea_union,6,5837,STAT4,S100A4,all_caliper_candidates_excluded,False
NYGC_multimodal_PBMC,all,trrust_dorothea_union,6,1627,ETS1,LTB,all_caliper_candidates_excluded,False
NYGC_multimodal_PBMC,all,trrust_dorothea_union,6,3615,NFKB1,JUNB,all_caliper_candidates_excluded,False
NYGC_multimodal_PBMC,all,trrust_dorothea_union,6,3691,NFKBIA,IL1B,all_caliper_candidates_excluded,False
NYGC_multimodal_PBMC,all,trrust_dorothea_union,6,2892,IRF8,IL1B,all_caliper_candidates_excluded,False
NYGC_multimodal_PBMC,all,trrust_dorothea_union,6,4104,RFX1,HLA-DRA,all_caliper_candidates_excluded,False
NYGC_multimodal_PBMC,all,trrust_dorothea_union,6,4412,SFPQ,NEAT1,all_caliper_candidates_excluded,False
NYGC_multimodal_PBMC,all,trrust_dorothea_union,6,5940,TCF4,VIM,all_caliper_candidates_excluded,False
NYGC_multimodal_PBMC,all,trrust_dorothea_union,6,3316,MYC,LTB,all_caliper_candidates_excluded,False
NYGC_multimodal_PBMC,all,trrust_dorothea_union,6,3306,MYC,JUNB,all_caliper_candidates_excluded,False
NYGC_multimodal_PBMC,all,trrust_dorothea_union,6,4358,RUNX1,ZEB2,all_caliper_candidates_excluded,False
NYGC_multimodal_PBMC,all,trrust_dorothea_union,6,6429,YY1,HLA-DRA,all_caliper_candidates_excluded,False
NYGC_multimodal_PBMC,all,trrust_dorothea_union,6,4121,RFX5,HLA-DPA1,all_caliper_candidates_excluded,False
NYGC_multimodal_PBMC,all,trrust_dorothea_union,6,5377,STAT1,HLA-DRB1,all_caliper_candidates_excluded,False
NYGC_multimodal_PBMC,all,trrust_dorothea_union,6,3942,REL,NFKBIA,all_caliper_candidates_excluded,False
NYGC_multimodal_PBMC,all,trrust_dorothea_union,6,4628,SP1,MNDA,all_caliper_candidates_excluded,False
NYGC_multimodal_PBMC,all,trrust_dorothea_union,6,456,CEBPA,S100A9,all_caliper_candidates_excluded,False
NYGC_multimodal_PBMC,all,trrust_dorothea_union,6,4894,SPI1,FOS,all_caliper_candidates_excluded,False
NYGC_multimodal_PBMC,all,trrust_dorothea_union,6,559,CEBPB,GNLY,all_caliper_candidates_excluded,False
NYGC_multimodal_PBMC,all,trrust_dorothea_union,6,5408,STAT1,IL7R,all_caliper_candidates_excluded,False
NYGC_multimodal_PBMC,all,trrust_dorothea_union,6,6101,TP53,IL1B,all_caliper_candidates_excluded,False
NYGC_multimodal_PBMC,all,trrust_dorothea_union,6,681,CREBBP,S100A4,all_caliper_candidates_excluded,False
NYGC_multimodal_PBMC,all,trrust_dorothea_union,6,596,CIITA,HLA-DRB1,all_caliper_candidates_excluded,False
NYGC_multimodal_PBMC,all,trrust_dorothea_union,6,2920,JUN,CCL4,all_caliper_candidates_excluded,False
NYGC_multimodal_PBMC,all,trrust_dorothea_union,6,1621,ETS1,LCP1,all_caliper_candidates_excluded,False
NYGC_multimodal_PBMC,all,trrust_dorothea_union,6,3608,NFKB1,IL1B,all_caliper_candidates_excluded,False
NYGC_multimodal_PBMC,all,trrust_dorothea_union,6,6333,USF2,B2M,all_caliper_candidates_excluded,False
NYGC_multimodal_PBMC,all,trrust_dorothea_union,6,2749,HIPK2,VIM,all_caliper_candidates_excluded,False
NYGC_multimodal_PBMC,all,trrust_dorothea_union,6,561,CEBPB,IL1B,all_caliper_candidates_excluded,False
NYGC_multimodal_PBMC,all,trrust_dorothea_union,6,6514,ZEB2,VIM,all_caliper_candidates_excluded,False
NYGC_multimodal_PBMC,all,trrust_dorothea_union,6,3841,POU2F2,HLA-DRA,all_caliper_candidates_excluded,False
NYGC_multimodal_PBMC,all,trrust_dorothea_union,6,4141,RFXANK,HLA-DRA,all_caliper_candidates_excluded,False
NYGC_multimodal_PBMC,all,trrust_dorothea_union,6,2943,JUN,IL1B,all_caliper_candidates_excluded,False
NYGC_multimodal_PBMC,all,trrust_dorothea_union,6,3868,PPARD,SAT1,all_caliper_candidates_excluded,False
NYGC_multimodal_PBMC,all,trrust_dorothea_union,6,6523,ZNF148,VIM,all_caliper_candidates_excluded,False
NYGC_multimodal_PBMC,all,trrust_dorothea_union,6,685,CREM,CCL4,all_caliper_candidates_excluded,False
NYGC_multimodal_PBMC,all,trrust_dorothea_union,6,5794,STAT3,JUNB,all_caliper_candidates_excluded,False
NYGC_multimodal_PBMC,all,trrust_dorothea_union,6,6256,TP53,VCAN,all_caliper_candidates_excluded,False
NYGC_multimodal_PBMC,all,trrust_dorothea_union,6,4721,SP1,VIM,all_caliper_candidates_excluded,False
NYGC_multimodal_PBMC,all,trrust_dorothea_union,6,3031,KLF4,IL1B,all_caliper_candidates_excluded,False
NYGC_multimodal_PBMC,all,trrust_dorothea_union,6,5133,SPI1,ZEB2,all_caliper_candidates_excluded,False
NYGC_multimodal_PBMC,all,trrust_dorothea_union,6,3535,NFIL3,IL1B,all_caliper_candidates_excluded,False
NYGC_multimodal_PBMC,all,trrust_dorothea_union,6,5625,STAT1,SRGN,all_caliper_candidates_excluded,False
NYGC_multimodal_PBMC,all,trrust_dorothea_union,6,3858,PPARA,NFKBIA,all_caliper_candidates_excluded,False
NYGC_multimodal_PBMC,all,trrust_dorothea_union,6,1424,EP300,S100A4,all_caliper_candidates_excluded,False
NYGC_multimodal_PBMC,all,trrust_dorothea_union,6,6067,TP53,EEF1A1,all_caliper_candidates_excluded,False
NYGC_multimodal_PBMC,all,trrust_dorothea_union,6,4153,RFXAP,HLA-DRA,all_caliper_candidates_excluded,False
NYGC_multimodal_PBMC,all,trrust_dorothea_union,6,4427,SIRT1,IL1B,all_caliper_candidates_excluded,False
NYGC_multimodal_PBMC,all,trrust_dorothea_union,6,4804,SPI1,B2M,all_caliper_candidates_excluded,False
NYGC_multimodal_PBMC,all,trrust_dorothea_union,6,4783,SPI1,AIF1,all_caliper_candidates_excluded,False
NYGC_multimodal_PBMC,all,trrust_dorothea_union,6,5115,SPI1,TYROBP,all_caliper_candidates_excluded,False
NYGC_multimodal_PBMC,all,trrust_dorothea_union,6,2738,HIF1A,VIM,all_caliper_candidates_excluded,False
NYGC_multimodal_PBMC,all,trrust_dorothea_union,6,4969,SPI1,MNDA,all_caliper_candidates_excluded,False
NYGC_multimodal_PBMC,all,trrust_dorothea_union,6,4154,RFXAP,HLA-DRB1,all_caliper_candidates_excluded,False
NYGC_multimodal_PBMC,all,trrust_dorothea_union,6,4127,RFX5,HLA-DRB1,all_caliper_candidates_excluded,False
NYGC_multimodal_PBMC,all,trrust_dorothea_union,6,2780,HSF1,IL1B,all_caliper_candidates_excluded,False
NYGC_multimodal_PBMC,all,trrust_dorothea_union,6,5692,STAT1,ZEB2,all_caliper_candidates_excluded,False
NYGC_multimodal_PBMC,all,trrust_dorothea_union,6,988,CTNNB1,VIM,all_caliper_candidates_excluded,False
NYGC_multimodal_PBMC,all,trrust_dorothea_union,6,5884,SUGP1,IL1B,all_caliper_candidates_excluded,False
NYGC_multimodal_PBMC,all,trrust_dorothea_union,6,2982,JUNB,IL1B,all_caliper_candidates_excluded,False
NYGC_multimodal_PBMC,all,trrust_dorothea_union,6,3965,RELA,CCL4,all_caliper_candidates_excluded,False
NYGC_multimodal_PBMC,all,trrust_dorothea_union,6,2761,HMGA1,IL1B,all_caliper_candidates_excluded,False
NYGC_multimodal_PBMC,all,trrust_dorothea_union,6,4618,SP1,LYZ,all_caliper_candidates_excluded,False
NYGC_multimodal_PBMC,all,trrust_dorothea_union,6,3941,REL,IL1B,all_caliper_candidates_excluded,False
NYGC_multimodal_PBMC,all,trrust_dorothea_union,6,1542,ETS1,EEF1A1,all_caliper_candidates_excluded,False
NYGC_multimodal_PBMC,all,trrust_dorothea_union,6,4126,RFX5,HLA-DRA,all_caliper_candidates_excluded,False
NYGC_multimodal_PBMC,all,trrust_dorothea_union,6,3831,POU2F1,HLA-DRA,all_caliper_candidates_excluded,False
NYGC_multimodal_PBMC,all,trrust_dorothea_union,6,4136,RFXANK,HLA-DPA1,all_caliper_candidates_excluded,False
NYGC_multimodal_PBMC,all,trrust_dorothea_union,6,4037,RELA,NFKBIA,all_caliper_candidates_excluded,False
NYGC_multimodal_PBMC,all,trrust_dorothea_union,6,3671,NFKB1,VIM,all_caliper_candidates_excluded,False
NYGC_multimodal_PBMC,all,trrust_dorothea_union,6,3628,NFKB1,NFKBIA,all_caliper_candidates_excluded,False
NYGC_multimodal_PBMC,all,trrust_dorothea_union,6,5586,STAT1,S100A11,all_caliper_candidates_excluded,False
NYGC_multimodal_PBMC,all,trrust_dorothea_union,6,5404,STAT1,IL1B,all_caliper_candidates_excluded,False
NYGC_multimodal_PBMC,all,trrust_dorothea_union,6,3544,NFKB1,B2M,all_caliper_candidates_excluded,False
NYGC_multimodal_PBMC,all,trrust_dorothea_union,6,4142,RFXANK,HLA-DRB1,all_caliper_candidates_excluded,False
NYGC_multimodal_PBMC,all,trrust_dorothea_union,6,1385,ELK1,JUNB,all_caliper_candidates_excluded,False
NYGC_multimodal_PBMC,all,trrust_dorothea_union,6,595,CIITA,HLA-DRA,all_caliper_candidates_excluded,False
NYGC_multimodal_PBMC,all,trrust_dorothea_union,6,567,CEBPB,S100A9,all_caliper_candidates_excluded,False
NYGC_multimodal_PBMC,all,trrust_dorothea_union,6,3402,MYC,RPS16,all_caliper_candidates_excluded,False
NYGC_multimodal_PBMC,all,trrust_dorothea_union,6,1966,FOS,IL1B,all_caliper_candidates_excluded,False
NYGC_multimodal_PBMC,all,trrust_dorothea_union,6,5428,STAT1,JUNB,all_caliper_candidates_excluded,False
NYGC_multimodal_PBMC,all,trrust_dorothea_union,6,6433,YY1,IL1B,all_caliper_candidates_excluded,False
NYGC_multimodal_PBMC,all,trrust_dorothea_union,6,5816,STAT3,S100A11,all_caliper_candidates_excluded,False
NYGC_multimodal_PBMC,all,trrust_dorothea_union,6,2979,JUN,VIM,all_caliper_candidates_excluded,False
NYGC_multimodal_PBMC,all,trrust_dorothea_union,6,5939,TCF4,VCAN,all_caliper_candidates_excluded,False
NYGC_multimodal_PBMC,all,trrust_dorothea_union,6,1768,ETS1,TMSB4X,all_caliper_candidates_excluded,False
NYGC_multimodal_PBMC,all,trrust_dorothea_union,6,4924,SPI1,IL1B,all_caliper_candidates_excluded,False
NYGC_multimodal_PBMC,all,trrust_dorothea_union,6,4148,RFXAP,HLA-DPA1,all_caliper_candidates_excluded,False
NYGC_multimodal_PBMC,all,trrust_dorothea_union,6,2555,HDAC1,HLA-DRA,all_caliper_candidates_excluded,False
NYGC_multimodal_PBMC,all,trrust_dorothea_union,6,3485,NFAT5,S100A4,all_caliper_candidates_excluded,False
NYGC_multimodal_PBMC,all,trrust_dorothea_union,6,4023,RELA,JUNB,all_caliper_candidates_excluded,False
NYGC_multimodal_PBMC,all,trrust_dorothea_union,6,1961,FOS,HLA-DRA,all_caliper_candidates_excluded,False
NYGC_multimodal_PBMC,all,trrust_dorothea_union,6,3405,MYC,RPS6,all_caliper_candidates_excluded,False
NYGC_multimodal_PBMC,all,trrust_dorothea_union,6,633,CREB1,HLA-DRA,all_caliper_candidates_excluded,False
NYGC_multimodal_PBMC,all,trrust_dorothea_union,6,18,AHR,IL1B,all_caliper_candidates_excluded,False
NYGC_multimodal_PBMC,all,trrust_dorothea_union,6,4944,SPI1,LCP1,all_caliper_candidates_excluded,False
NYGC_multimodal_PBMC,all,trrust_dorothea_union,6,2127,FOXO1,IL1B,all_caliper_candidates_excluded,False
NYGC_multimodal_PBMC,all,trrust_dorothea_union,6,3484,NFAT5,LTB,all_caliper_candidates_excluded,False
NYGC_multimodal_PBMC,all,trrust_dorothea_union,6,2680,HIF1A,IL1B,all_caliper_candidates_excluded,False
NYGC_multimodal_PBMC,all,trrust_dorothea_union,6,6296,USF1,B2M,all_caliper_candidates_excluded,False
NYGC_multimodal_PBMC,all,trrust_dorothea_union,6,2809,ILF3,HLA-DRB1,all_caliper_candidates_excluded,False
NYGC_multimodal_PBMC,all,trrust_dorothea_union,6,2630,HDGF,VIM,all_caliper_candidates_excluded,False
NYGC_multimodal_PBMC,all,trrust_dorothea_union,6,4017,RELA,IL1B,all_caliper_candidates_excluded,False
NYGC_multimodal_PBMC,all,trrust_dorothea_union,6,2808,ILF3,HLA-DRA,all_caliper_candidates_excluded,False
NYGC_multimodal_PBMC,all,trrust_dorothea_union,6,3791,PARP1,VIM,all_caliper_candidates_excluded,False
NYGC_multimodal_PBMC,all,trrust_dorothea_union,7,559,CEBPB,GNLY,all_caliper_candidates_excluded,False
NYGC_multimodal_PBMC,all,trrust_dorothea_union,7,3628,NFKB1,NFKBIA,all_caliper_candidates_excluded,False
NYGC_multimodal_PBMC,all,trrust_dorothea_union,7,3858,PPARA,NFKBIA,all_caliper_candidates_excluded,False
NYGC_multimodal_PBMC,all,trrust_dorothea_union,7,5408,STAT1,IL7R,all_caliper_candidates_excluded,False
NYGC_multimodal_PBMC,all,trrust_dorothea_union,7,4628,SP1,MNDA,all_caliper_candidates_excluded,False
NYGC_multimodal_PBMC,all,trrust_dorothea_union,7,5939,TCF4,VCAN,all_caliper_candidates_excluded,False
NYGC_multimodal_PBMC,all,trrust_dorothea_union,7,1627,ETS1,LTB,all_caliper_candidates_excluded,False
NYGC_multimodal_PBMC,all,trrust_dorothea_union,7,6514,ZEB2,VIM,all_caliper_candidates_excluded,False
NYGC_multimodal_PBMC,all,trrust_dorothea_union,7,2508,GATA3,TMSB4X,all_caliper_candidates_excluded,False
NYGC_multimodal_PBMC,all,trrust_dorothea_union,7,681,CREBBP,S100A4,all_caliper_candidates_excluded,False
NYGC_multimodal_PBMC,all,trrust_dorothea_union,7,3941,REL,IL1B,all_caliper_candidates_excluded,False
NYGC_multimodal_PBMC,all,trrust_dorothea_union,7,2630,HDGF,VIM,all_caliper_candidates_excluded,False
NYGC_multimodal_PBMC,all,trrust_dorothea_union,7,5692,STAT1,ZEB2,all_caliper_candidates_excluded,False
NYGC_multimodal_PBMC,all,trrust_dorothea_union,7,3615,NFKB1,JUNB,all_caliper_candidates_excluded,False
NYGC_multimodal_PBMC,all,trrust_dorothea_union,7,4104,RFX1,HLA-DRA,all_caliper_candidates_excluded,False
NYGC_multimodal_PBMC,all,trrust_dorothea_union,7,5625,STAT1,SRGN,all_caliper_candidates_excluded,False
NYGC_multimodal_PBMC,all,trrust_dorothea_union,7,4037,RELA,NFKBIA,all_caliper_candidates_excluded,False
NYGC_multimodal_PBMC,all,trrust_dorothea_union,7,1966,FOS,IL1B,all_caliper_candidates_excluded,False
NYGC_multimodal_PBMC,all,trrust_dorothea_union,7,4017,RELA,IL1B,all_caliper_candidates_excluded,False
NYGC_multimodal_PBMC,all,trrust_dorothea_union,7,4126,RFX5,HLA-DRA,all_caliper_candidates_excluded,False
NYGC_multimodal_PBMC,all,trrust_dorothea_union,7,2982,JUNB,IL1B,all_caliper_candidates_excluded,False
NYGC_multimodal_PBMC,all,trrust_dorothea_union,7,3544,NFKB1,B2M,all_caliper_candidates_excluded,False
NYGC_multimodal_PBMC,all,trrust_dorothea_union,7,2738,HIF1A,VIM,all_caliper_candidates_excluded,False
NYGC_multimodal_PBMC,all,trrust_dorothea_union,7,2892,IRF8,IL1B,all_caliper_candidates_excluded,False
NYGC_multimodal_PBMC,all,trrust_dorothea_union,7,4721,SP1,VIM,all_caliper_candidates_excluded,False
NYGC_multimodal_PBMC,all,trrust_dorothea_union,7,4142,RFXANK,HLA-DRB1,all_caliper_candidates_excluded,False
NYGC_multimodal_PBMC,all,trrust_dorothea_union,7,4427,SIRT1,IL1B,all_caliper_candidates_excluded,False
NYGC_multimodal_PBMC,all,trrust_dorothea_union,7,5837,STAT4,S100A4,all_caliper_candidates_excluded,False
NYGC_multimodal_PBMC,all,trrust_dorothea_union,7,4127,RFX5,HLA-DRB1,all_caliper_candidates_excluded,False
NYGC_multimodal_PBMC,all,trrust_dorothea_union,7,633,CREB1,HLA-DRA,all_caliper_candidates_excluded,False
NYGC_multimodal_PBMC,all,trrust_dorothea_union,7,3831,POU2F1,HLA-DRA,all_caliper_candidates_excluded,False
NYGC_multimodal_PBMC,all,trrust_dorothea_union,7,3485,NFAT5,S100A4,all_caliper_candidates_excluded,False
NYGC_multimodal_PBMC,all,trrust_dorothea_union,7,5794,STAT3,JUNB,all_caliper_candidates_excluded,False
NYGC_multimodal_PBMC,all,trrust_dorothea_union,7,3841,POU2F2,HLA-DRA,all_caliper_candidates_excluded,False
NYGC_multimodal_PBMC,all,trrust_dorothea_union,7,1768,ETS1,TMSB4X,all_caliper_candidates_excluded,False
NYGC_multimodal_PBMC,all,trrust_dorothea_union,7,4141,RFXANK,HLA-DRA,all_caliper_candidates_excluded,False
NYGC_multimodal_PBMC,all,trrust_dorothea_union,7,5585,STAT1,S100A10,all_caliper_candidates_excluded,False
NYGC_multimodal_PBMC,all,trrust_dorothea_union,7,5956,TCF7L2,VIM,all_caliper_candidates_excluded,False
NYGC_multimodal_PBMC,all,trrust_dorothea_union,7,4023,RELA,JUNB,all_caliper_candidates_excluded,False
NYGC_multimodal_PBMC,all,trrust_dorothea_union,7,3868,PPARD,SAT1,all_caliper_candidates_excluded,False
NYGC_multimodal_PBMC,all,trrust_dorothea_union,7,3691,NFKBIA,IL1B,all_caliper_candidates_excluded,False
NYGC_multimodal_PBMC,all,trrust_dorothea_union,7,5133,SPI1,ZEB2,all_caliper_candidates_excluded,False
NYGC_multimodal_PBMC,all,trrust_dorothea_union,7,6256,TP53,VCAN,all_caliper_candidates_excluded,False
NYGC_multimodal_PBMC,all,trrust_dorothea_union,7,5884,SUGP1,IL1B,all_caliper_candidates_excluded,False
NYGC_multimodal_PBMC,all,trrust_dorothea_union,7,6523,ZNF148,VIM,all_caliper_candidates_excluded,False
NYGC_multimodal_PBMC,all,trrust_dorothea_union,7,561,CEBPB,IL1B,all_caliper_candidates_excluded,False
NYGC_multimodal_PBMC,all,trrust_dorothea_union,7,4154,RFXAP,HLA-DRB1,all_caliper_candidates_excluded,False
NYGC_multimodal_PBMC,all,trrust_dorothea_union,7,3402,MYC,RPS16,all_caliper_candidates_excluded,False
NYGC_multimodal_PBMC,all,trrust_dorothea_union,7,4894,SPI1,FOS,all_caliper_candidates_excluded,False
NYGC_multimodal_PBMC,all,trrust_dorothea_union,7,3316,MYC,LTB,all_caliper_candidates_excluded,False
NYGC_multimodal_PBMC,all,trrust_dorothea_union,7,6296,USF1,B2M,all_caliper_candidates_excluded,False
NYGC_multimodal_PBMC,all,trrust_dorothea_union,7,4924,SPI1,IL1B,all_caliper_candidates_excluded,False
NYGC_multimodal_PBMC,all,trrust_dorothea_union,7,3965,RELA,CCL4,all_caliper_candidates_excluded,False
NYGC_multimodal_PBMC,all,trrust_dorothea_union,7,1621,ETS1,LCP1,all_caliper_candidates_excluded,False
NYGC_multimodal_PBMC,all,trrust_dorothea_union,7,18,AHR,IL1B,all_caliper_candidates_excluded,False
NYGC_multimodal_PBMC,all,trrust_dorothea_union,7,1424,EP300,S100A4,all_caliper_candidates_excluded,False
NYGC_multimodal_PBMC,all,trrust_dorothea_union,7,5586,STAT1,S100A11,all_caliper_candidates_excluded,False
NYGC_multimodal_PBMC,all,trrust_dorothea_union,7,3405,MYC,RPS6,all_caliper_candidates_excluded,False
NYGC_multimodal_PBMC,all,trrust_dorothea_union,7,3671,NFKB1,VIM,all_caliper_candidates_excluded,False
NYGC_multimodal_PBMC,all,trrust_dorothea_union,7,4412,SFPQ,NEAT1,all_caliper_candidates_excluded,False
NYGC_multimodal_PBMC,all,trrust_dorothea_union,7,6333,USF2,B2M,all_caliper_candidates_excluded,False
NYGC_multimodal_PBMC,all,trrust_dorothea_union,7,2808,ILF3,HLA-DRA,all_caliper_candidates_excluded,False
NYGC_multimodal_PBMC,all,trrust_dorothea_union,7,685,CREM,CCL4,all_caliper_candidates_excluded,False
NYGC_multimodal_PBMC,all,trrust_dorothea_union,7,4136,RFXANK,HLA-DPA1,all_caliper_candidates_excluded,False
NYGC_multimodal_PBMC,all,trrust_dorothea_union,7,3390,MYC,RPL13,all_caliper_candidates_excluded,False
NYGC_multimodal_PBMC,all,trrust_dorothea_union,7,1385,ELK1,JUNB,all_caliper_candidates_excluded,False
NYGC_multimodal_PBMC,all,trrust_dorothea_union,7,3306,MYC,JUNB,all_caliper_candidates_excluded,False
NYGC_multimodal_PBMC,all,trrust_dorothea_union,7,2680,HIF1A,IL1B,all_caliper_candidates_excluded,False
NYGC_multimodal_PBMC,all,trrust_dorothea_union,7,4969,SPI1,MNDA,all_caliper_candidates_excluded,False
NYGC_multimodal_PBMC,all,trrust_dorothea_union,7,6101,TP53,IL1B,all_caliper_candidates_excluded,False
NYGC_multimodal_PBMC,all,trrust_dorothea_union,7,2555,HDAC1,HLA-DRA,all_caliper_candidates_excluded,False
NYGC_multimodal_PBMC,all,trrust_dorothea_union,7,4121,RFX5,HLA-DPA1,all_caliper_candidates_excluded,False
NYGC_multimodal_PBMC,all,trrust_dorothea_union,7,4783,SPI1,AIF1,all_caliper_candidates_excluded,False
NYGC_multimodal_PBMC,all,trrust_dorothea_union,7,3558,NFKB1,CCL4,all_caliper_candidates_excluded,False
NYGC_multimodal_PBMC,all,trrust_dorothea_union,7,3394,MYC,RPL26,all_caliper_candidates_excluded,False
NYGC_multimodal_PBMC,all,trrust_dorothea_union,7,2979,JUN,VIM,all_caliper_candidates_excluded,False
NYGC_multimodal_PBMC,all,trrust_dorothea_union,7,2780,HSF1,IL1B,all_caliper_candidates_excluded,False
NYGC_multimodal_PBMC,all,trrust_dorothea_union,7,5816,STAT3,S100A11,all_caliper_candidates_excluded,False
NYGC_multimodal_PBMC,all,trrust_dorothea_union,7,456,CEBPA,S100A9,all_caliper_candidates_excluded,False
NYGC_multimodal_PBMC,all,trrust_dorothea_union,7,602,CIITA,S100A4,all_caliper_candidates_excluded,False
NYGC_multimodal_PBMC,all,trrust_dorothea_union,7,6433,YY1,IL1B,all_caliper_candidates_excluded,False
NYGC_multimodal_PBMC,all,trrust_dorothea_union,7,3942,REL,NFKBIA,all_caliper_candidates_excluded,False
NYGC_multimodal_PBMC,all,trrust_dorothea_union,7,2749,HIPK2,VIM,all_caliper_candidates_excluded,False
NYGC_multimodal_PBMC,all,trrust_dorothea_union,7,2127,FOXO1,IL1B,all_caliper_candidates_excluded,False
NYGC_multimodal_PBMC,all,trrust_dorothea_union,7,4944,SPI1,LCP1,all_caliper_candidates_excluded,False
NYGC_multimodal_PBMC,all,trrust_dorothea_union,7,6067,TP53,EEF1A1,all_caliper_candidates_excluded,False
NYGC_multimodal_PBMC,all,trrust_dorothea_union,7,1961,FOS,HLA-DRA,all_caliper_candidates_excluded,False
NYGC_multimodal_PBMC,all,trrust_dorothea_union,7,1542,ETS1,EEF1A1,all_caliper_candidates_excluded,False
NYGC_multimodal_PBMC,all,trrust_dorothea_union,7,4358,RUNX1,ZEB2,all_caliper_candidates_excluded,False
NYGC_multimodal_PBMC,all,trrust_dorothea_union,7,3484,NFAT5,LTB,all_caliper_candidates_excluded,False
NYGC_multimodal_PBMC,all,trrust_dorothea_union,7,3926,RBMX,JUNB,all_caliper_candidates_excluded,False
NYGC_multimodal_PBMC,all,trrust_dorothea_union,7,3608,NFKB1,IL1B,all_caliper_candidates_excluded,False
NYGC_multimodal_PBMC,all,trrust_dorothea_union,7,4618,SP1,LYZ,all_caliper_candidates_excluded,False
NYGC_multimodal_PBMC,all,trrust_dorothea_union,7,2920,JUN,CCL4,all_caliper_candidates_excluded,False
NYGC_multimodal_PBMC,all,trrust_dorothea_union,7,3791,PARP1,VIM,all_caliper_candidates_excluded,False
NYGC_multimodal_PBMC,all,trrust_dorothea_union,7,4148,RFXAP,HLA-DPA1,all_caliper_candidates_excluded,False
NYGC_multimodal_PBMC,all,trrust_dorothea_union,7,988,CTNNB1,VIM,all_caliper_candidates_excluded,False
NYGC_multimodal_PBMC,all,trrust_dorothea_union,7,3031,KLF4,IL1B,all_caliper_candidates_excluded,False
NYGC_multimodal_PBMC,all,trrust_dorothea_union,7,4153,RFXAP,HLA-DRA,all_caliper_candidates_excluded,False
NYGC_multimodal_PBMC,all,trrust_dorothea_union,7,5428,STAT1,JUNB,all_caliper_candidates_excluded,False
NYGC_multimodal_PBMC,all,trrust_dorothea_union,7,4804,SPI1,B2M,all_caliper_candidates_excluded,False
NYGC_multimodal_PBMC,all,trrust_dorothea_union,7,596,CIITA,HLA-DRB1,all_caliper_candidates_excluded,False
NYGC_multimodal_PBMC,all,trrust_dorothea_union,7,5404,STAT1,IL1B,all_caliper_candidates_excluded,False
NYGC_multimodal_PBMC,all,trrust_dorothea_union,7,5940,TCF4,VIM,all_caliper_candidates_excluded,False
NYGC_multimodal_PBMC,all,trrust_dorothea_union,7,5377,STAT1,HLA-DRB1,all_caliper_candidates_excluded,False
NYGC_multimodal_PBMC,all,trrust_dorothea_union,7,567,CEBPB,S100A9,all_caliper_candidates_excluded,False
NYGC_multimodal_PBMC,all,trrust_dorothea_union,7,3535,NFIL3,IL1B,all_caliper_candidates_excluded,False
NYGC_multimodal_PBMC,all,trrust_dorothea_union,7,5115,SPI1,TYROBP,all_caliper_candidates_excluded,False
NYGC_multimodal_PBMC,all,trrust_dorothea_union,7,595,CIITA,HLA-DRA,all_caliper_candidates_excluded,False
NYGC_multimodal_PBMC,all,trrust_dorothea_union,7,2761,HMGA1,IL1B,all_caliper_candidates_excluded,False
NYGC_multimodal_PBMC,all,trrust_dorothea_union,7,6429,YY1,HLA-DRA,all_caliper_candidates_excluded,False
NYGC_multimodal_PBMC,all,trrust_dorothea_union,7,2809,ILF3,HLA-DRB1,all_caliper_candidates_excluded,False
NYGC_multimodal_PBMC,all,trrust_dorothea_union,7,2943,JUN,IL1B,all_caliper_candidates_excluded,False
NYGC_multimodal_PBMC,all,trrust_dorothea_union,8,3402,MYC,RPS16,all_caliper_candidates_excluded,False
NYGC_multimodal_PBMC,all,trrust_dorothea_union,8,4924,SPI1,IL1B,all_caliper_candidates_excluded,False
NYGC_multimodal_PBMC,all,trrust_dorothea_union,8,4804,SPI1,B2M,all_caliper_candidates_excluded,False
NYGC_multimodal_PBMC,all,trrust_dorothea_union,8,3831,POU2F1,HLA-DRA,all_caliper_candidates_excluded,False
NYGC_multimodal_PBMC,all,trrust_dorothea_union,8,5837,STAT4,S100A4,all_caliper_candidates_excluded,False
NYGC_multimodal_PBMC,all,trrust_dorothea_union,8,3941,REL,IL1B,all_caliper_candidates_excluded,False
NYGC_multimodal_PBMC,all,trrust_dorothea_union,8,5133,SPI1,ZEB2,all_caliper_candidates_excluded,False
NYGC_multimodal_PBMC,all,trrust_dorothea_union,8,2761,HMGA1,IL1B,all_caliper_candidates_excluded,False
NYGC_multimodal_PBMC,all,trrust_dorothea_union,8,3394,MYC,RPL26,all_caliper_candidates_excluded,False
NYGC_multimodal_PBMC,all,trrust_dorothea_union,8,5692,STAT1,ZEB2,all_caliper_candidates_excluded,False
NYGC_multimodal_PBMC,all,trrust_dorothea_union,8,3671,NFKB1,VIM,all_caliper_candidates_excluded,False
NYGC_multimodal_PBMC,all,trrust_dorothea_union,8,2127,FOXO1,IL1B,all_caliper_candidates_excluded,False
NYGC_multimodal_PBMC,all,trrust_dorothea_union,8,3031,KLF4,IL1B,all_caliper_candidates_excluded,False
NYGC_multimodal_PBMC,all,trrust_dorothea_union,8,5408,STAT1,IL7R,all_caliper_candidates_excluded,False
NYGC_multimodal_PBMC,all,trrust_dorothea_union,8,3841,POU2F2,HLA-DRA,all_caliper_candidates_excluded,False
NYGC_multimodal_PBMC,all,trrust_dorothea_union,8,6429,YY1,HLA-DRA,all_caliper_candidates_excluded,False
NYGC_multimodal_PBMC,all,trrust_dorothea_union,8,2680,HIF1A,IL1B,all_caliper_candidates_excluded,False
NYGC_multimodal_PBMC,all,trrust_dorothea_union,8,1621,ETS1,LCP1,all_caliper_candidates_excluded,False
NYGC_multimodal_PBMC,all,trrust_dorothea_union,8,3544,NFKB1,B2M,all_caliper_candidates_excluded,False
NYGC_multimodal_PBMC,all,trrust_dorothea_union,8,3868,PPARD,SAT1,all_caliper_candidates_excluded,False
NYGC_multimodal_PBMC,all,trrust_dorothea_union,8,6256,TP53,VCAN,all_caliper_candidates_excluded,False
NYGC_multimodal_PBMC,all,trrust_dorothea_union,8,559,CEBPB,GNLY,all_caliper_candidates_excluded,False
NYGC_multimodal_PBMC,all,trrust_dorothea_union,8,1961,FOS,HLA-DRA,all_caliper_candidates_excluded,False
NYGC_multimodal_PBMC,all,trrust_dorothea_union,8,4023,RELA,JUNB,all_caliper_candidates_excluded,False
NYGC_multimodal_PBMC,all,trrust_dorothea_union,8,6523,ZNF148,VIM,all_caliper_candidates_excluded,False
NYGC_multimodal_PBMC,all,trrust_dorothea_union,8,4154,RFXAP,HLA-DRB1,all_caliper_candidates_excluded,False
NYGC_multimodal_PBMC,all,trrust_dorothea_union,8,6333,USF2,B2M,all_caliper_candidates_excluded,False
NYGC_multimodal_PBMC,all,trrust_dorothea_union,8,2780,HSF1,IL1B,all_caliper_candidates_excluded,False
NYGC_multimodal_PBMC,all,trrust_dorothea_union,8,3628,NFKB1,NFKBIA,all_caliper_candidates_excluded,False
NYGC_multimodal_PBMC,all,trrust_dorothea_union,8,3691,NFKBIA,IL1B,all_caliper_candidates_excluded,False
NYGC_multimodal_PBMC,all,trrust_dorothea_union,8,596,CIITA,HLA-DRB1,all_caliper_candidates_excluded,False
NYGC_multimodal_PBMC,all,trrust_dorothea_union,8,602,CIITA,S100A4,all_caliper_candidates_excluded,False
NYGC_multimodal_PBMC,all,trrust_dorothea_union,8,5884,SUGP1,IL1B,all_caliper_candidates_excluded,False
NYGC_multimodal_PBMC,all,trrust_dorothea_union,8,4944,SPI1,LCP1,all_caliper_candidates_excluded,False
NYGC_multimodal_PBMC,all,trrust_dorothea_union,8,5585,STAT1,S100A10,all_caliper_candidates_excluded,False
NYGC_multimodal_PBMC,all,trrust_dorothea_union,8,1385,ELK1,JUNB,all_caliper_candidates_excluded,False
NYGC_multimodal_PBMC,all,trrust_dorothea_union,8,2738,HIF1A,VIM,all_caliper_candidates_excluded,False
NYGC_multimodal_PBMC,all,trrust_dorothea_union,8,4894,SPI1,FOS,all_caliper_candidates_excluded,False
NYGC_multimodal_PBMC,all,trrust_dorothea_union,8,4969,SPI1,MNDA,all_caliper_candidates_excluded,False
NYGC_multimodal_PBMC,all,trrust_dorothea_union,8,3558,NFKB1,CCL4,all_caliper_candidates_excluded,False
NYGC_multimodal_PBMC,all,trrust_dorothea_union,8,6101,TP53,IL1B,all_caliper_candidates_excluded,False
NYGC_multimodal_PBMC,all,trrust_dorothea_union,8,988,CTNNB1,VIM,all_caliper_candidates_excluded,False
NYGC_multimodal_PBMC,all,trrust_dorothea_union,8,1424,EP300,S100A4,all_caliper_candidates_excluded,False
NYGC_multimodal_PBMC,all,trrust_dorothea_union,8,3390,MYC,RPL13,all_caliper_candidates_excluded,False
NYGC_multimodal_PBMC,all,trrust_dorothea_union,8,2920,JUN,CCL4,all_caliper_candidates_excluded,False
NYGC_multimodal_PBMC,all,trrust_dorothea_union,8,4127,RFX5,HLA-DRB1,all_caliper_candidates_excluded,False
NYGC_multimodal_PBMC,all,trrust_dorothea_union,8,4017,RELA,IL1B,all_caliper_candidates_excluded,False
NYGC_multimodal_PBMC,all,trrust_dorothea_union,8,6514,ZEB2,VIM,all_caliper_candidates_excluded,False
NYGC_multimodal_PBMC,all,trrust_dorothea_union,8,4721,SP1,VIM,all_caliper_candidates_excluded,False
NYGC_multimodal_PBMC,all,trrust_dorothea_union,8,5956,TCF7L2,VIM,all_caliper_candidates_excluded,False
NYGC_multimodal_PBMC,all,trrust_dorothea_union,8,4358,RUNX1,ZEB2,all_caliper_candidates_excluded,False
NYGC_multimodal_PBMC,all,trrust_dorothea_union,8,567,CEBPB,S100A9,all_caliper_candidates_excluded,False
NYGC_multimodal_PBMC,all,trrust_dorothea_union,8,4618,SP1,LYZ,all_caliper_candidates_excluded,False
NYGC_multimodal_PBMC,all,trrust_dorothea_union,8,3965,RELA,CCL4,all_caliper_candidates_excluded,False
NYGC_multimodal_PBMC,all,trrust_dorothea_union,8,4136,RFXANK,HLA-DPA1,all_caliper_candidates_excluded,False
NYGC_multimodal_PBMC,all,trrust_dorothea_union,8,4153,RFXAP,HLA-DRA,all_caliper_candidates_excluded,False
NYGC_multimodal_PBMC,all,trrust_dorothea_union,8,4628,SP1,MNDA,all_caliper_candidates_excluded,False
NYGC_multimodal_PBMC,all,trrust_dorothea_union,8,456,CEBPA,S100A9,all_caliper_candidates_excluded,False
NYGC_multimodal_PBMC,all,trrust_dorothea_union,8,633,CREB1,HLA-DRA,all_caliper_candidates_excluded,False
NYGC_multimodal_PBMC,all,trrust_dorothea_union,8,1627,ETS1,LTB,all_caliper_candidates_excluded,False
NYGC_multimodal_PBMC,all,trrust_dorothea_union,8,4121,RFX5,HLA-DPA1,all_caliper_candidates_excluded,False
NYGC_multimodal_PBMC,all,trrust_dorothea_union,8,4104,RFX1,HLA-DRA,all_caliper_candidates_excluded,False
NYGC_multimodal_PBMC,all,trrust_dorothea_union,8,3858,PPARA,NFKBIA,all_caliper_candidates_excluded,False
NYGC_multimodal_PBMC,all,trrust_dorothea_union,8,4126,RFX5,HLA-DRA,all_caliper_candidates_excluded,False
NYGC_multimodal_PBMC,all,trrust_dorothea_union,8,2809,ILF3,HLA-DRB1,all_caliper_candidates_excluded,False
NYGC_multimodal_PBMC,all,trrust_dorothea_union,8,5115,SPI1,TYROBP,all_caliper_candidates_excluded,False
NYGC_multimodal_PBMC,all,trrust_dorothea_union,8,6067,TP53,EEF1A1,all_caliper_candidates_excluded,False
NYGC_multimodal_PBMC,all,trrust_dorothea_union,8,5404,STAT1,IL1B,all_caliper_candidates_excluded,False
NYGC_multimodal_PBMC,all,trrust_dorothea_union,8,3942,REL,NFKBIA,all_caliper_candidates_excluded,False
NYGC_multimodal_PBMC,all,trrust_dorothea_union,8,5625,STAT1,SRGN,all_caliper_candidates_excluded,False
NYGC_multimodal_PBMC,all,trrust_dorothea_union,8,18,AHR,IL1B,all_caliper_candidates_excluded,False
NYGC_multimodal_PBMC,all,trrust_dorothea_union,8,3608,NFKB1,IL1B,all_caliper_candidates_excluded,False
NYGC_multimodal_PBMC,all,trrust_dorothea_union,8,5939,TCF4,VCAN,all_caliper_candidates_excluded,False
NYGC_multimodal_PBMC,all,trrust_dorothea_union,8,2892,IRF8,IL1B,all_caliper_candidates_excluded,False
NYGC_multimodal_PBMC,all,trrust_dorothea_union,8,4783,SPI1,AIF1,all_caliper_candidates_excluded,False
NYGC_multimodal_PBMC,all,trrust_dorothea_union,8,685,CREM,CCL4,all_caliper_candidates_excluded,False
NYGC_multimodal_PBMC,all,trrust_dorothea_union,8,595,CIITA,HLA-DRA,all_caliper_candidates_excluded,False
NYGC_multimodal_PBMC,all,trrust_dorothea_union,8,2982,JUNB,IL1B,all_caliper_candidates_excluded,False
NYGC_multimodal_PBMC,all,trrust_dorothea_union,8,4412,SFPQ,NEAT1,all_caliper_candidates_excluded,False
NYGC_multimodal_PBMC,all,trrust_dorothea_union,8,6433,YY1,IL1B,all_caliper_candidates_excluded,False
NYGC_multimodal_PBMC,all,trrust_dorothea_union,8,3926,RBMX,JUNB,all_caliper_candidates_excluded,False
NYGC_multimodal_PBMC,all,trrust_dorothea_union,8,4037,RELA,NFKBIA,all_caliper_candidates_excluded,False
NYGC_multimodal_PBMC,all,trrust_dorothea_union,8,5816,STAT3,S100A11,all_caliper_candidates_excluded,False
NYGC_multimodal_PBMC,all,trrust_dorothea_union,8,4142,RFXANK,HLA-DRB1,all_caliper_candidates_excluded,False
NYGC_multimodal_PBMC,all,trrust_dorothea_union,8,5428,STAT1,JUNB,all_caliper_candidates_excluded,False
NYGC_multimodal_PBMC,all,trrust_dorothea_union,8,1768,ETS1,TMSB4X,all_caliper_candidates_excluded,False
NYGC_multimodal_PBMC,all,trrust_dorothea_union,8,2630,HDGF,VIM,all_caliper_candidates_excluded,False
NYGC_multimodal_PBMC,all,trrust_dorothea_union,8,2555,HDAC1,HLA-DRA,all_caliper_candidates_excluded,False
NYGC_multimodal_PBMC,all,trrust_dorothea_union,8,2808,ILF3,HLA-DRA,all_caliper_candidates_excluded,False
NYGC_multimodal_PBMC,all,trrust_dorothea_union,8,3316,MYC,LTB,all_caliper_candidates_excluded,False
NYGC_multimodal_PBMC,all,trrust_dorothea_union,8,5794,STAT3,JUNB,all_caliper_candidates_excluded,False
NYGC_multimodal_PBMC,all,trrust_dorothea_union,8,2979,JUN,VIM,all_caliper_candidates_excluded,False
NYGC_multimodal_PBMC,all,trrust_dorothea_union,8,4141,RFXANK,HLA-DRA,all_caliper_candidates_excluded,False
NYGC_multimodal_PBMC,all,trrust_dorothea_union,8,3791,PARP1,VIM,all_caliper_candidates_excluded,False
NYGC_multimodal_PBMC,all,trrust_dorothea_union,8,561,CEBPB,IL1B,all_caliper_candidates_excluded,False
NYGC_multimodal_PBMC,all,trrust_dorothea_union,8,1542,ETS1,EEF1A1,all_caliper_candidates_excluded,False
NYGC_multimodal_PBMC,all,trrust_dorothea_union,8,3615,NFKB1,JUNB,all_caliper_candidates_excluded,False
NYGC_multimodal_PBMC,all,trrust_dorothea_union,8,5586,STAT1,S100A11,all_caliper_candidates_excluded,False
NYGC_multimodal_PBMC,all,trrust_dorothea_union,8,2749,HIPK2,VIM,all_caliper_candidates_excluded,False
NYGC_multimodal_PBMC,all,trrust_dorothea_union,8,681,CREBBP,S100A4,all_caliper_candidates_excluded,False
NYGC_multimodal_PBMC,all,trrust_dorothea_union,8,6296,USF1,B2M,all_caliper_candidates_excluded,False
NYGC_multimodal_PBMC,all,trrust_dorothea_union,8,1966,FOS,IL1B,all_caliper_candidates_excluded,False
NYGC_multimodal_PBMC,all,trrust_dorothea_union,8,3405,MYC,RPS6,all_caliper_candidates_excluded,False
NYGC_multimodal_PBMC,all,trrust_dorothea_union,8,3484,NFAT5,LTB,all_caliper_candidates_excluded,False
NYGC_multimodal_PBMC,all,trrust_dorothea_union,8,4427,SIRT1,IL1B,all_caliper_candidates_excluded,False
NYGC_multimodal_PBMC,all,trrust_dorothea_union,8,5377,STAT1,HLA-DRB1,all_caliper_candidates_excluded,False
NYGC_multimodal_PBMC,all,trrust_dorothea_union,8,4148,RFXAP,HLA-DPA1,all_caliper_candidates_excluded,False
NYGC_multimodal_PBMC,all,trrust_dorothea_union,8,2508,GATA3,TMSB4X,all_caliper_candidates_excluded,False
NYGC_multimodal_PBMC,all,trrust_dorothea_union,8,3535,NFIL3,IL1B,all_caliper_candidates_excluded,False
NYGC_multimodal_PBMC,all,trrust_dorothea_union,8,3306,MYC,JUNB,all_caliper_candidates_excluded,False
NYGC_multimodal_PBMC,all,trrust_dorothea_union,8,2943,JUN,IL1B,all_caliper_candidates_excluded,False
NYGC_multimodal_PBMC,all,trrust_dorothea_union,8,5940,TCF4,VIM,all_caliper_candidates_excluded,False
NYGC_multimodal_PBMC,all,trrust_dorothea_union,8,3485,NFAT5,S100A4,all_caliper_candidates_excluded,False
NYGC_multimodal_PBMC,all,trrust_dorothea_union,9,4804,SPI1,B2M,all_caliper_candidates_excluded,False
NYGC_multimodal_PBMC,all,trrust_dorothea_union,9,5956,TCF7L2,VIM,all_caliper_candidates_excluded,False
NYGC_multimodal_PBMC,all,trrust_dorothea_union,9,2127,FOXO1,IL1B,all_caliper_candidates_excluded,False
NYGC_multimodal_PBMC,all,trrust_dorothea_union,9,3608,NFKB1,IL1B,all_caliper_candidates_excluded,False
NYGC_multimodal_PBMC,all,trrust_dorothea_union,9,2979,JUN,VIM,all_caliper_candidates_excluded,False
NYGC_multimodal_PBMC,all,trrust_dorothea_union,9,5428,STAT1,JUNB,all_caliper_candidates_excluded,False
NYGC_multimodal_PBMC,all,trrust_dorothea_union,9,1542,ETS1,EEF1A1,all_caliper_candidates_excluded,False
NYGC_multimodal_PBMC,all,trrust_dorothea_union,9,5837,STAT4,S100A4,all_caliper_candidates_excluded,False
NYGC_multimodal_PBMC,all,trrust_dorothea_union,9,4944,SPI1,LCP1,all_caliper_candidates_excluded,False
NYGC_multimodal_PBMC,all,trrust_dorothea_union,9,1768,ETS1,TMSB4X,all_caliper_candidates_excluded,False
NYGC_multimodal_PBMC,all,trrust_dorothea_union,9,3394,MYC,RPL26,all_caliper_candidates_excluded,False
NYGC_multimodal_PBMC,all,trrust_dorothea_union,9,2892,IRF8,IL1B,all_caliper_candidates_excluded,False
NYGC_multimodal_PBMC,all,trrust_dorothea_union,9,3941,REL,IL1B,all_caliper_candidates_excluded,False
NYGC_multimodal_PBMC,all,trrust_dorothea_union,9,4412,SFPQ,NEAT1,all_caliper_candidates_excluded,False
NYGC_multimodal_PBMC,all,trrust_dorothea_union,9,2808,ILF3,HLA-DRA,all_caliper_candidates_excluded,False
NYGC_multimodal_PBMC,all,trrust_dorothea_union,9,4721,SP1,VIM,all_caliper_candidates_excluded,False
NYGC_multimodal_PBMC,all,trrust_dorothea_union,9,2749,HIPK2,VIM,all_caliper_candidates_excluded,False
NYGC_multimodal_PBMC,all,trrust_dorothea_union,9,685,CREM,CCL4,all_caliper_candidates_excluded,False
NYGC_multimodal_PBMC,all,trrust_dorothea_union,9,1627,ETS1,LTB,all_caliper_candidates_excluded,False
NYGC_multimodal_PBMC,all,trrust_dorothea_union,9,4358,RUNX1,ZEB2,all_caliper_candidates_excluded,False
NYGC_multimodal_PBMC,all,trrust_dorothea_union,9,4037,RELA,NFKBIA,all_caliper_candidates_excluded,False
NYGC_multimodal_PBMC,all,trrust_dorothea_union,9,5816,STAT3,S100A11,all_caliper_candidates_excluded,False
NYGC_multimodal_PBMC,all,trrust_dorothea_union,9,3316,MYC,LTB,all_caliper_candidates_excluded,False
NYGC_multimodal_PBMC,all,trrust_dorothea_union,9,602,CIITA,S100A4,all_caliper_candidates_excluded,False
NYGC_multimodal_PBMC,all,trrust_dorothea_union,9,1621,ETS1,LCP1,all_caliper_candidates_excluded,False
NYGC_multimodal_PBMC,all,trrust_dorothea_union,9,5585,STAT1,S100A10,all_caliper_candidates_excluded,False
NYGC_multimodal_PBMC,all,trrust_dorothea_union,9,3558,NFKB1,CCL4,all_caliper_candidates_excluded,False
NYGC_multimodal_PBMC,all,trrust_dorothea_union,9,4783,SPI1,AIF1,all_caliper_candidates_excluded,False
NYGC_multimodal_PBMC,all,trrust_dorothea_union,9,5408,STAT1,IL7R,all_caliper_candidates_excluded,False
NYGC_multimodal_PBMC,all,trrust_dorothea_union,9,6429,YY1,HLA-DRA,all_caliper_candidates_excluded,False
NYGC_multimodal_PBMC,all,trrust_dorothea_union,9,4126,RFX5,HLA-DRA,all_caliper_candidates_excluded,False
NYGC_multimodal_PBMC,all,trrust_dorothea_union,9,4154,RFXAP,HLA-DRB1,all_caliper_candidates_excluded,False
NYGC_multimodal_PBMC,all,trrust_dorothea_union,9,3615,NFKB1,JUNB,all_caliper_candidates_excluded,False
NYGC_multimodal_PBMC,all,trrust_dorothea_union,9,5625,STAT1,SRGN,all_caliper_candidates_excluded,False
NYGC_multimodal_PBMC,all,trrust_dorothea_union,9,3965,RELA,CCL4,all_caliper_candidates_excluded,False
NYGC_multimodal_PBMC,all,trrust_dorothea_union,9,6514,ZEB2,VIM,all_caliper_candidates_excluded,False
NYGC_multimodal_PBMC,all,trrust_dorothea_union,9,2780,HSF1,IL1B,all_caliper_candidates_excluded,False
NYGC_multimodal_PBMC,all,trrust_dorothea_union,9,1385,ELK1,JUNB,all_caliper_candidates_excluded,False
NYGC_multimodal_PBMC,all,trrust_dorothea_union,9,3926,RBMX,JUNB,all_caliper_candidates_excluded,False
NYGC_multimodal_PBMC,all,trrust_dorothea_union,9,4628,SP1,MNDA,all_caliper_candidates_excluded,False
NYGC_multimodal_PBMC,all,trrust_dorothea_union,9,456,CEBPA,S100A9,all_caliper_candidates_excluded,False
NYGC_multimodal_PBMC,all,trrust_dorothea_union,9,2630,HDGF,VIM,all_caliper_candidates_excluded,False
NYGC_multimodal_PBMC,all,trrust_dorothea_union,9,2738,HIF1A,VIM,all_caliper_candidates_excluded,False
NYGC_multimodal_PBMC,all,trrust_dorothea_union,9,3484,NFAT5,LTB,all_caliper_candidates_excluded,False
NYGC_multimodal_PBMC,all,trrust_dorothea_union,9,3868,PPARD,SAT1,all_caliper_candidates_excluded,False
NYGC_multimodal_PBMC,all,trrust_dorothea_union,9,2555,HDAC1,HLA-DRA,all_caliper_candidates_excluded,False
NYGC_multimodal_PBMC,all,trrust_dorothea_union,9,2943,JUN,IL1B,all_caliper_candidates_excluded,False
NYGC_multimodal_PBMC,all,trrust_dorothea_union,9,559,CEBPB,GNLY,all_caliper_candidates_excluded,False
NYGC_multimodal_PBMC,all,trrust_dorothea_union,9,3544,NFKB1,B2M,all_caliper_candidates_excluded,False
NYGC_multimodal_PBMC,all,trrust_dorothea_union,9,6333,USF2,B2M,all_caliper_candidates_excluded,False
NYGC_multimodal_PBMC,all,trrust_dorothea_union,9,4023,RELA,JUNB,all_caliper_candidates_excluded,False
NYGC_multimodal_PBMC,all,trrust_dorothea_union,9,595,CIITA,HLA-DRA,all_caliper_candidates_excluded,False
NYGC_multimodal_PBMC,all,trrust_dorothea_union,9,5692,STAT1,ZEB2,all_caliper_candidates_excluded,False
NYGC_multimodal_PBMC,all,trrust_dorothea_union,9,633,CREB1,HLA-DRA,all_caliper_candidates_excluded,False
NYGC_multimodal_PBMC,all,trrust_dorothea_union,9,681,CREBBP,S100A4,all_caliper_candidates_excluded,False
NYGC_multimodal_PBMC,all,trrust_dorothea_union,9,3402,MYC,RPS16,all_caliper_candidates_excluded,False
NYGC_multimodal_PBMC,all,trrust_dorothea_union,9,6296,USF1,B2M,all_caliper_candidates_excluded,False
NYGC_multimodal_PBMC,all,trrust_dorothea_union,9,2920,JUN,CCL4,all_caliper_candidates_excluded,False
NYGC_multimodal_PBMC,all,trrust_dorothea_union,9,2680,HIF1A,IL1B,all_caliper_candidates_excluded,False
NYGC_multimodal_PBMC,all,trrust_dorothea_union,9,2982,JUNB,IL1B,all_caliper_candidates_excluded,False
NYGC_multimodal_PBMC,all,trrust_dorothea_union,9,18,AHR,IL1B,all_caliper_candidates_excluded,False
NYGC_multimodal_PBMC,all,trrust_dorothea_union,9,4924,SPI1,IL1B,all_caliper_candidates_excluded,False
NYGC_multimodal_PBMC,all,trrust_dorothea_union,9,4017,RELA,IL1B,all_caliper_candidates_excluded,False
NYGC_multimodal_PBMC,all,trrust_dorothea_union,9,5115,SPI1,TYROBP,all_caliper_candidates_excluded,False
NYGC_multimodal_PBMC,all,trrust_dorothea_union,9,3671,NFKB1,VIM,all_caliper_candidates_excluded,False
NYGC_multimodal_PBMC,all,trrust_dorothea_union,9,6101,TP53,IL1B,all_caliper_candidates_excluded,False
NYGC_multimodal_PBMC,all,trrust_dorothea_union,9,4104,RFX1,HLA-DRA,all_caliper_candidates_excluded,False
NYGC_multimodal_PBMC,all,trrust_dorothea_union,9,3535,NFIL3,IL1B,all_caliper_candidates_excluded,False
NYGC_multimodal_PBMC,all,trrust_dorothea_union,9,5133,SPI1,ZEB2,all_caliper_candidates_excluded,False
NYGC_multimodal_PBMC,all,trrust_dorothea_union,9,6067,TP53,EEF1A1,all_caliper_candidates_excluded,False
NYGC_multimodal_PBMC,all,trrust_dorothea_union,9,1961,FOS,HLA-DRA,all_caliper_candidates_excluded,False
NYGC_multimodal_PBMC,all,trrust_dorothea_union,9,6256,TP53,VCAN,all_caliper_candidates_excluded,False
NYGC_multimodal_PBMC,all,trrust_dorothea_union,9,2508,GATA3,TMSB4X,all_caliper_candidates_excluded,False
NYGC_multimodal_PBMC,all,trrust_dorothea_union,9,567,CEBPB,S100A9,all_caliper_candidates_excluded,False
NYGC_multimodal_PBMC,all,trrust_dorothea_union,9,3691,NFKBIA,IL1B,all_caliper_candidates_excluded,False
NYGC_multimodal_PBMC,all,trrust_dorothea_union,9,3031,KLF4,IL1B,all_caliper_candidates_excluded,False
NYGC_multimodal_PBMC,all,trrust_dorothea_union,9,2761,HMGA1,IL1B,all_caliper_candidates_excluded,False
NYGC_multimodal_PBMC,all,trrust_dorothea_union,9,5404,STAT1,IL1B,all_caliper_candidates_excluded,False
NYGC_multimodal_PBMC,all,trrust_dorothea_union,9,596,CIITA,HLA-DRB1,all_caliper_candidates_excluded,False
NYGC_multimodal_PBMC,all,trrust_dorothea_union,9,5794,STAT3,JUNB,all_caliper_candidates_excluded,False
NYGC_multimodal_PBMC,all,trrust_dorothea_union,9,2809,ILF3,HLA-DRB1,all_caliper_candidates_excluded,False
NYGC_multimodal_PBMC,all,trrust_dorothea_union,9,5940,TCF4,VIM,all_caliper_candidates_excluded,False
NYGC_multimodal_PBMC,all,trrust_dorothea_union,9,1966,FOS,IL1B,all_caliper_candidates_excluded,False
NYGC_multimodal_PBMC,all,trrust_dorothea_union,9,4141,RFXANK,HLA-DRA,all_caliper_candidates_excluded,False
NYGC_multimodal_PBMC,all,trrust_dorothea_union,9,5939,TCF4,VCAN,all_caliper_candidates_excluded,False
NYGC_multimodal_PBMC,all,trrust_dorothea_union,9,4142,RFXANK,HLA-DRB1,all_caliper_candidates_excluded,False
NYGC_multimodal_PBMC,all,trrust_dorothea_union,9,6433,YY1,IL1B,all_caliper_candidates_excluded,False
NYGC_multimodal_PBMC,all,trrust_dorothea_union,9,4618,SP1,LYZ,all_caliper_candidates_excluded,False
NYGC_multimodal_PBMC,all,trrust_dorothea_union,9,4969,SPI1,MNDA,all_caliper_candidates_excluded,False
NYGC_multimodal_PBMC,all,trrust_dorothea_union,9,4153,RFXAP,HLA-DRA,all_caliper_candidates_excluded,False
NYGC_multimodal_PBMC,all,trrust_dorothea_union,9,4136,RFXANK,HLA-DPA1,all_caliper_candidates_excluded,False
NYGC_multimodal_PBMC,all,trrust_dorothea_union,9,5884,SUGP1,IL1B,all_caliper_candidates_excluded,False
NYGC_multimodal_PBMC,all,trrust_dorothea_union,9,4148,RFXAP,HLA-DPA1,all_caliper_candidates_excluded,False
NYGC_multimodal_PBMC,all,trrust_dorothea_union,9,561,CEBPB,IL1B,all_caliper_candidates_excluded,False
NYGC_multimodal_PBMC,all,trrust_dorothea_union,9,3628,NFKB1,NFKBIA,all_caliper_candidates_excluded,False
NYGC_multimodal_PBMC,all,trrust_dorothea_union,9,3942,REL,NFKBIA,all_caliper_candidates_excluded,False
NYGC_multimodal_PBMC,all,trrust_dorothea_union,9,3831,POU2F1,HLA-DRA,all_caliper_candidates_excluded,False
NYGC_multimodal_PBMC,all,trrust_dorothea_union,9,3485,NFAT5,S100A4,all_caliper_candidates_excluded,False
NYGC_multimodal_PBMC,all,trrust_dorothea_union,9,3405,MYC,RPS6,all_caliper_candidates_excluded,False
NYGC_multimodal_PBMC,all,trrust_dorothea_union,9,3791,PARP1,VIM,all_caliper_candidates_excluded,False
NYGC_multimodal_PBMC,all,trrust_dorothea_union,9,1424,EP300,S100A4,all_caliper_candidates_excluded,False
NYGC_multimodal_PBMC,all,trrust_dorothea_union,9,5586,STAT1,S100A11,all_caliper_candidates_excluded,False
NYGC_multimodal_PBMC,all,trrust_dorothea_union,9,3858,PPARA,NFKBIA,all_caliper_candidates_excluded,False
NYGC_multimodal_PBMC,all,trrust_dorothea_union,9,3841,POU2F2,HLA-DRA,all_caliper_candidates_excluded,False
NYGC_multimodal_PBMC,all,trrust_dorothea_union,9,3306,MYC,JUNB,all_caliper_candidates_excluded,False
NYGC_multimodal_PBMC,all,trrust_dorothea_union,9,988,CTNNB1,VIM,all_caliper_candidates_excluded,False
NYGC_multimodal_PBMC,all,trrust_dorothea_union,9,6523,ZNF148,VIM,all_caliper_candidates_excluded,False
NYGC_multimodal_PBMC,all,trrust_dorothea_union,9,5377,STAT1,HLA-DRB1,all_caliper_candidates_excluded,False
NYGC_multimodal_PBMC,all,trrust_dorothea_union,9,4894,SPI1,FOS,all_caliper_candidates_excluded,False
NYGC_multimodal_PBMC,all,trrust_dorothea_union,9,4127,RFX5,HLA-DRB1,all_caliper_candidates_excluded,False
NYGC_multimodal_PBMC,all,trrust_dorothea_union,9,4427,SIRT1,IL1B,all_caliper_candidates_excluded,False
NYGC_multimodal_PBMC,all,trrust_dorothea_union,9,4121,RFX5,HLA-DPA1,all_caliper_candidates_excluded,False
NYGC_multimodal_PBMC,all,trrust_dorothea_union,9,3390,MYC,RPL13,all_caliper_candidates_excluded,False
