tf,target,mode,pearson,spearman,mutual_information,coexpression_probability,codetection_odds_ratio
AHR,CYP1B1,Unknown,0.2870554029941559,0.27812495827674866,0.027045805,0.04054053872823715,6.035816192626953
AHR,MYC,Unknown,-0.0235101580619812,-0.01397282350808382,6.1483166e-05,0.0074106366373598576,0.8913848996162415
ATF1,LDHA,Unknown,-5.7623117754701525e-05,0.013846470974385738,0.0002504338,0.012641673907637596,1.2236086130142212
ATF1,MAP1LC3B,Unknown,-0.005080763716250658,0.012382695451378822,0.0005376623,0.01133391447365284,1.2416380643844604
ATF1,PLAUR,Unknown,-0.013749739155173302,-0.005845099687576294,1.044597e-05,0.003487358335405588,0.9724938273429871
ATF1,SLC20A1,Unknown,-0.015799948945641518,-0.008086889050900936,2.208631e-05,0.004359197802841663,0.9381101727485657
ATF4,CEBPB,Unknown,0.03681419417262077,0.05775732547044754,0.007366185,0.04795117676258087,1.6136260032653809
ATF4,MCL1,Unknown,0.027293028309941292,0.03174804896116257,0.019193377,0.1412380188703537,1.5054506063461304
ATF4,TNFRSF10B,Unknown,-0.012052541598677635,0.009628762491047382,0.0016103932,0.02266782894730568,1.2153176069259644
BCL6,CCND2,Unknown,-0.03923187777400017,-0.03782791271805763,0.00083947036,0.005231037270277739,0.6036214232444763
BCL6,HDAC7,Unknown,0.006591745652258396,-0.009971250779926777,7.83631e-05,0.00566695723682642,0.8652520775794983
BCL6,LITAF,Unknown,-0.025018181651830673,-0.02020443044602871,0.0016576444,0.008282476104795933,0.8560864329338074
CEBPB,CDKN1A,Unknown,0.3733610212802887,0.3804606795310974,0.04968299,0.050130777060985565,11.423294067382812
CEBPB,FURIN,Unknown,0.0398375429213047,0.043584760278463364,0.0009141667,0.013513513840734959,1.5475986003875732
CEBPB,S100A9,Unknown,0.38903290033340454,0.38325366377830505,0.04969007,0.04838709533214569,10.955357551574707
CEBPB,XBP1,Unknown,-0.015737393870949745,0.0009977873414754868,0.0031649931,0.017872711643576622,1.0884146690368652
CEBPD,GAPDH,Unknown,0.10143297165632248,0.11169497668743134,0.005966969,0.03487358242273331,2.5967907905578613
CREB1,AQP3,Unknown,0.006755495443940163,0.01352505199611187,0.000101139674,0.00566695723682642,1.2738051414489746
CREB1,CD4,Unknown,0.01047858688980341,0.002259403932839632,2.0835797e-07,0.006102877203375101,1.0389769077301025
CREB1,HLA-DQB1,Unknown,0.0083926385268569,0.036045681685209274,0.0007442562,0.010897994972765446,1.575721025466919
CREB1,JUN,Unknown,0.014746788889169693,0.017478447407484055,0.00014616022,0.005231037270277739,1.3485476970672607
CREB1,NOLC1,Unknown,0.013007810339331627,0.022226890549063683,0.00024485384,0.005231037270277739,1.4639296531677246
CREB1,PPP2CA,Unknown,0.05835582688450813,0.0817575752735138,0.005288594,0.01918047107756138,2.2363710403442383
CREB1,PSEN1,Unknown,0.03503957390785217,0.03620099648833275,0.00058159285,0.006974716670811176,1.6519651412963867
CREB1,SLC20A1,Unknown,-0.02070588618516922,-0.0011678743176162243,7.0815695e-06,0.006102877203375101,1.085265040397644
CREB1,UXT,Unknown,0.00878742802888155,0.030679257586598396,0.0014917895,0.016564952209591866,1.450379729270935
CREM,CD247,Unknown,0.007050751708447933,0.01432863250374794,0.0005043544,0.02179598994553089,1.1829006671905518
CREM,DUSP1,Unknown,-0.00393850589171052,0.004891837947070599,2.2390199e-05,0.00566695723682642,1.13770592212677
CTCF,ATXN7,Unknown,0.02025289461016655,0.022709500044584274,0.00023509568,0.003923278301954269,1.5484986305236816
CTCF,BCL6,Unknown,-0.005703253205865622,0.0037342398427426815,1.430936e-05,0.0030514386016875505,1.1789906024932861
CTCF,PBXIP1,Unknown,0.03796696662902832,0.04857328534126282,0.0025871543,0.01830863207578659,1.6987677812576294
CTCF,MYC,Unknown,0.014600188471376896,0.002274547005072236,1.9089101e-07,0.003487358335405588,1.0661591291427612
CTCF,RAD21,Unknown,0.04941455274820328,0.058153655380010605,0.0017526395,0.012205754406750202,1.9439777135849
CTCF,RBL2,Unknown,-0.0029328407254070044,0.01485199574381113,0.0047765453,0.016564952209591866,1.409633755683899
E2F4,HCFC1,Unknown,0.009755482897162437,0.01790624111890793,0.00020213201,0.011769833974540234,1.2568038702011108
E2F4,MYC,Unknown,0.00040012074168771505,0.013820943422615528,0.00013628844,0.006538796704262495,1.292363166809082
ETS1,ANPEP,Unknown,-0.2244003862142563,-0.23023159801959991,0.03892901,0.006974716670811176,0.09028512984514236
ETS1,CD6,Unknown,0.11223381012678146,0.1225772425532341,0.029493174,0.1455972045660019,2.15702223777771
ETS1,CD8A,Unknown,0.05601227283477783,0.06594410538673401,0.01133879,0.08413252234458923,1.7101203203201294
ETS1,CDKN1A,Unknown,-0.1720551997423172,-0.17691944539546967,0.020996982,0.01307759340852499,0.22071199119091034
ETS1,CSNK2B,Unknown,-0.021069934591650963,-0.02122325822710991,0.012553678,0.111159548163414,1.0090267658233643
ETS1,CTSB,Unknown,-0.19895173609256744,-0.1827402114868164,0.02394721,0.05492589250206947,0.4253297746181488
ETS1,DUSP6,Unknown,-0.1892339587211609,-0.19235141575336456,0.024805078,0.00566695723682642,0.10636542737483978
ETS1,FLI1,Unknown,0.041569050401449203,0.04312955588102341,0.0023516302,0.046207498759031296,1.4316540956497192
ETS1,IL2RB,Unknown,0.023075388744473457,0.02504695951938629,0.0016359253,0.05536181479692459,1.277923345565796
ETS1,LCK,Unknown,0.14697964489459991,0.15904642641544342,0.030008873,0.13993024826049805,2.6603829860687256
ETS1,MDM2,Unknown,-0.04166967794299126,-0.03310111537575722,0.0055410014,0.023103749379515648,0.9890759587287903
ETS1,MGAT5,Unknown,0.015439744107425213,0.016498703509569168,0.0013805608,0.023975588381290436,1.2985279560089111
ETS1,NDRG1,Unknown,0.01593802496790886,0.024162540212273598,0.0023668169,0.035745423287153244,1.397865653038025
ETS1,PARP1,Unknown,0.028710631653666496,0.029092416167259216,0.002622241,0.042284220457077026,1.36575448513031
ETS1,TGFBR2,Unknown,0.08886118233203888,0.09327778220176697,0.013177068,0.13077594339847565,1.723043441772461
ETS1,TP53,Unknown,0.01136512029916048,0.018113959580659866,0.005698076,0.07061900943517685,1.2612415552139282
ETS1,WAS,Unknown,-0.04567461088299751,-0.04057770222425461,0.0029043974,0.05710549280047417,0.857038676738739
FLI1,ID2,Unknown,0.01432568859308958,0.004983267281204462,6.8250347e-06,0.0074106366373598576,1.0734483003616333
FLI1,TGFBR2,Unknown,0.015087106265127659,0.01592000015079975,0.00024470728,0.02571926824748516,1.152385950088501
FOXO1,CDKN1B,Unknown,-0.0022351813968271017,0.009557957760989666,0.0027578168,0.02964254654943943,1.2608009576797485
FOXO1,KLF2,Unknown,0.07717864215373993,0.08990491181612015,0.0048781247,0.03312990441918373,2.1209299564361572
FOXO1,TXNIP,Unknown,0.054761145263910294,0.04529881104826927,0.0022386913,0.046643417328596115,1.565788745880127
GATA3,CD8A,Unknown,0.04627449810504913,0.04157590493559837,0.0013213577,0.01830863207578659,1.400678038597107
GATA3,CD8B,Unknown,0.012869819067418575,0.02206103876233101,0.00027521868,0.007846556603908539,1.3848596811294556
GATA3,NFKB1,Unknown,-0.024940812960267067,-0.015622149221599102,0.00016199019,0.01830863207578659,0.9152097702026367
GATA3,TGFBR3,Unknown,0.042429208755493164,0.057752516120672226,0.0015223562,0.009154316037893295,2.0630693435668945
HBP1,MIF,Unknown,0.005189765710383654,0.01942511275410652,0.009436558,0.057977333664894104,1.3234680891036987
HIF1A,ALDOA,Unknown,0.021629633381962776,0.039084404706954956,0.006558271,0.07018308341503143,1.4141900539398193
HIF1A,EGLN1,Unknown,0.009091256186366081,0.018813244998455048,0.00025418197,0.013513513840734959,1.2720692157745361
HIF1A,GAPDH,Unknown,0.01838000677525997,0.027639828622341156,0.004225908,0.07933740317821503,1.2203973531723022
HIF1A,ITGB2,Unknown,-0.013883262872695923,-0.00508817657828331,0.00010187296,0.014821273274719715,0.9954220056533813
HIF1A,LDHA,Unknown,-0.03005834110081196,-0.00994561705738306,0.0048463866,0.031822144985198975,1.050906777381897
HIF1A,MIF,Unknown,0.003598240204155445,0.016795655712485313,0.0106834825,0.06277245283126831,1.2321197986602783
HIF1A,NR3C1,Unknown,0.05127586051821709,0.0552309975028038,0.0031251472,0.04577157646417618,1.4387367963790894
HIF1A,PFKFB3,Unknown,0.004323862958699465,0.02297566831111908,0.00141019,0.02223190851509571,1.3075541257858276
HIF1A,PGK1,Unknown,0.03770054876804352,0.05741114541888237,0.007768,0.07105492800474167,1.558165192604065
HIF1A,RORA,Unknown,0.00029219588031992316,0.011424782685935497,0.0002781249,0.017000872641801834,1.1711350679397583
HIF1A,VEGFB,Unknown,0.0020519434474408627,0.013837496750056744,0.00062043354,0.017872711643576622,1.2218639850616455
HIF1A,VHL,Unknown,0.02707538567483425,0.034972649067640305,0.0027958225,0.024847427383065224,1.3791913986206055
HIF1A,ZNF217,Unknown,-0.01048040110617876,0.006091331597417593,0.0011646389,0.020052310079336166,1.1379176378250122
HSF1,HSPA1A,Unknown,-0.023719996213912964,0.009724284522235394,0.00016886309,0.010026155039668083,1.2545113563537598
HSF1,STIP1,Unknown,0.03948478400707245,0.06100596487522125,0.0018228199,0.010026155039668083,2.1430227756500244
HSF1,UBB,Unknown,0.04873868450522423,0.05586467683315277,0.0033179005,0.05579773336648941,1.6330108642578125
IRF1,CYBB,Unknown,0.14355571568012238,0.16854825615882874,0.012991023,0.037053182721138,3.463268280029297
IRF1,ERAP2,Unknown,-0.02376898005604744,-0.008819147944450378,0.00019631453,0.023539667949080467,1.0081194639205933
IRF1,IFIT3,Unknown,0.10678407549858093,0.122442826628685,0.0073305797,0.023539667949080467,3.0777482986450195
IRF1,IRF2,Unknown,-0.00683092325925827,0.016364406794309616,0.0029459016,0.01874455064535141,1.3190354108810425
IRF1,PSMB10,Unknown,0.06715564429759979,0.07992751151323318,0.0072577484,0.06059285253286362,1.6717575788497925
IRF1,PSMB9,Unknown,0.08478353917598724,0.09420479089021683,0.0063662687,0.06233653053641319,1.7587710618972778
IRF1,TAP1,Unknown,0.15982523560523987,0.15750068426132202,0.022230936,0.09633827209472656,2.254894733428955
IRF1,TAP2,Unknown,0.036974821239709854,0.05356279015541077,0.0023670397,0.02964254654943943,1.5845447778701782
IRF1,TP53,Unknown,0.04495356231927872,0.05716828629374504,0.006663069,0.04054053872823715,1.5468103885650635
IRF2,TAP1,Unknown,0.05742274597287178,0.06560372561216354,0.004180623,0.03443766385316849,1.7966136932373047
IRF3,IRF7,Unknown,-0.008377800695598125,-0.007613829802721739,2.2500304e-05,0.010897994972765446,0.9532337188720703
IRF3,PURA,Unknown,-0.009152387268841267,-0.0020909388549625874,2.6925637e-08,0.006102877203375101,1.0264111757278442
IRF8,CYBB,Unknown,0.05016287788748741,0.07151614129543304,0.0023223117,0.00959023553878069,2.436412811279297
IRF9,IFIT3,Unknown,0.07690604776144028,0.07763795554637909,0.0028107443,0.017000872641801834,2.1083035469055176
IRF9,PML,Unknown,0.028885703533887863,0.035806477069854736,0.0007519896,0.014821273274719715,1.485801100730896
JUN,CDKN1A,Unknown,-0.03678051382303238,-0.032190822064876556,0.00054439774,0.0030514386016875505,0.5980657339096069
JUN,CREM,Unknown,0.054025810211896896,0.06534010171890259,0.0018355498,0.007846556603908539,2.38010311126709
JUN,CTSL,Unknown,-0.022437451407313347,-0.01466984674334526,8.636275e-05,0.0030514386016875505,0.8347923159599304
JUN,ETS1,Unknown,0.0121641019359231,0.015400504693388939,0.00041376043,0.02659110724925995,1.2151334285736084
JUN,EZR,Unknown,0.03499360755085945,0.03952302038669586,0.0021793947,0.024411508813500404,1.5225982666015625
JUN,GCLC,Unknown,0.007614579983055592,0.03032800741493702,0.00047865452,0.004795117769390345,1.7414789199829102
JUN,ITGAX,Unknown,-0.04065212234854698,-0.04283564165234566,0.001179621,0.0013077593175694346,0.3693082928657532
JUN,MYC,Unknown,-0.036479029804468155,-0.03677449747920036,0.0008111828,0.001743679167702794,0.46828341484069824
JUN,NFKB2,Unknown,0.020413745194673538,0.030080335214734077,0.0004874486,0.006102877203375101,1.6362476348876953
JUN,PDHA1,Unknown,0.0403139665722847,0.05356763303279877,0.0012446715,0.006102877203375101,2.230267286300659
JUN,PLAUR,Unknown,-0.0208780225366354,-0.012059912085533142,5.6143323e-05,0.0030514386016875505,0.8735455274581909
JUN,RELB,Unknown,0.053042933344841,0.05547100305557251,0.0012043081,0.00566695723682642,2.270986795425415
JUN,SMAD7,Unknown,0.06154761090874672,0.06620073318481445,0.001892303,0.010897994972765446,2.1110000610351562
JUN,SPI1,Unknown,-0.04430923983454704,-0.042850419878959656,0.001143279,0.0013077593175694346,0.37475618720054626
JUN,STMN1,Unknown,0.0029702403116971254,0.020644547417759895,0.0002533588,0.004359197802841663,1.5334997177124023
JUN,TP53,Unknown,-0.013383334502577782,-0.0038881918881088495,0.00014971582,0.008718395605683327,1.0176154375076294
JUN,TXN,Unknown,0.011091159656643867,0.022843273356556892,0.00028259764,0.008282476104795933,1.3798295259475708
JUND,PLAUR,Unknown,0.03823687136173248,0.052360523492097855,0.0047413046,0.03312990441918373,1.8155428171157837
JUND,TGFB1,Unknown,0.03401811793446541,0.04759515821933746,0.0029560004,0.039232783019542694,1.59538996219635
LEF1,CTNNB1,Unknown,0.004725140519440174,0.01131887175142765,0.004234811,0.06495204567909241,1.128882884979248
LEF1,MYC,Unknown,0.16536858677864075,0.18300539255142212,0.016560065,0.03748910129070282,4.271716594696045
LEF1,TCF3,Unknown,0.019633665680885315,0.020118098706007004,0.00033931033,0.02179598994553089,1.203338384628296
MAF,ITGB7,Unknown,0.011515030637383461,0.014407445676624775,0.00010271059,0.009154316037893295,1.207069754600525
MBD1,SETDB1,Unknown,0.00830194540321827,0.019456632435321808,0.00024075268,0.0074106366373598576,1.369966745376587
MEF2A,JUN,Unknown,-0.0010214372305199504,-0.01609090529382229,0.00017022826,0.0030514386016875505,0.7609561681747437
MEF2D,JUN,Unknown,0.07787083089351654,0.07813070714473724,0.0024954446,0.012205754406750202,2.2754762172698975
MYC,CCND2,Unknown,0.020954294130206108,0.03524411469697952,0.0012701313,0.013949433341622353,1.5237345695495605
MYC,CDKN1A,Unknown,-0.04815549775958061,-0.05260114744305611,0.0017815968,0.0021795989014208317,0.3600161671638489
MYC,CFLAR,Unknown,-0.0046438840217888355,0.00956924818456173,0.0013483792,0.016564952209591866,1.205989956855774
MYC,DDX18,Unknown,0.014327604323625565,0.024220524355769157,0.00033096055,0.006974716670811176,1.4602161645889282
MYC,HDAC2,Unknown,0.002321393694728613,0.019381700083613396,0.00022825423,0.005231037270277739,1.4453991651535034
MYC,HLA-F,Unknown,-0.020410312339663506,-0.016591748222708702,0.001825322,0.03792502358555794,1.0507400035858154
MYC,HNRNPA1,Unknown,0.06377224624156952,0.10524813830852509,0.008014955,0.02223190851509571,2.7753140926361084
MYC,HNRNPA2B1,Unknown,0.008851642720401287,0.0018023948650807142,0.0028195211,0.04489973932504654,1.366349697113037
MYC,ID2,Unknown,-0.03481537476181984,-0.02700231410562992,0.00034613532,0.003487358335405588,0.6792011260986328
MYC,IER3,Unknown,-0.03676419332623482,-0.03275075927376747,0.00062147225,0.001743679167702794,0.5149219036102295
MYC,JUNB,Unknown,-0.00487457774579525,0.005689733661711216,0.00019808162,0.013949433341622353,1.1389470100402832
MYC,LDHA,Unknown,-0.047496162354946136,-0.030744776129722595,0.0013098583,0.010462074540555477,0.8158814907073975
MYC,NDRG1,Unknown,0.03206096962094307,0.049874335527420044,0.0011855591,0.008282476104795933,1.9449996948242188
MYC,NOL7,Unknown,0.030278224498033524,0.05698874592781067,0.0016712212,0.010026155039668083,2.065352439880371
MYC,PCNA,Unknown,-0.007175133563578129,0.017293816432356834,0.0011016201,0.010897994972765446,1.3501965999603271
MYC,PRDX3,Unknown,0.0034401884768158197,0.001604197546839714,3.422126e-06,0.007846556603908539,1.0561410188674927
MYC,SRSF1,Unknown,0.03650754690170288,0.058043837547302246,0.003920065,0.016129031777381897,1.9102078676223755
MYC,ST3GAL1,Unknown,0.0058021084405481815,0.02217094413936138,0.00027599963,0.005231037270277739,1.4971500635147095
MYC,TP53,Unknown,0.017533190548419952,0.03147612512111664,0.0009346914,0.013513513840734959,1.4648921489715576
NFE2L2,GCLC,Unknown,0.06749329715967178,0.09887029975652695,0.007627456,0.015257192775607109,2.8655924797058105
NFKB1,AKT1,Unknown,0.006521762814372778,0.02659868262708187,0.0020786964,0.030950305983424187,1.3203974962234497
NFKB1,ALOX5AP,Unknown,0.010497682727873325,0.03348832204937935,0.0015796586,0.024411508813500404,1.4238090515136719
NFKB1,BCL3,Unknown,0.07055293023586273,0.09294310957193375,0.004288276,0.028334787115454674,2.114886999130249
NFKB1,BIRC2,Unknown,-0.008150845766067505,0.012474716641008854,0.004654424,0.042720139026641846,1.2209352254867554
NFKB1,BIRC3,Unknown,0.11342046409845352,0.10869238525629044,0.00793684,0.07497820258140564,1.7500206232070923
NFKB1,CCL4,Unknown,0.031842101365327835,0.020522737875580788,0.0004917619,0.014821273274719715,1.1875779628753662
NFKB1,CCND2,Unknown,-0.019978052005171776,-0.014989674091339111,0.0016851446,0.031822144985198975,0.9470521211624146
NFKB1,CD58,Unknown,0.059891097247600555,0.07683902233839035,0.0025760368,0.019616391509771347,1.978474736213684
NFKB1,CD69,Unknown,0.10135584324598312,0.09191974252462387,0.003599329,0.023975588381290436,2.1064586639404297
NFKB1,CD83,Unknown,0.20780935883522034,0.20265769958496094,0.016581053,0.04097646102309227,3.734252452850342
NFKB1,CFLAR,Unknown,0.09612131118774414,0.10733067989349365,0.0076805637,0.06669572740793228,1.8598366975784302
NFKB1,CTCF,Unknown,-0.015725119039416313,0.008713332936167717,0.0008108374,0.012641673907637596,1.1954891681671143
NFKB1,CTSB,Unknown,0.05168529227375984,0.06786413490772247,0.00498342,0.05884917080402374,1.5719226598739624
NFKB1,ERAP1,Unknown,-0.021786369383335114,-0.010421087965369225,0.00013390523,0.013513513840734959,0.9266374111175537
NFKB1,GATA3,Unknown,-0.024940812960267067,-0.015622149221599102,0.00016199019,0.01830863207578659,0.9152097702026367
NFKB1,GSTP1,Unknown,0.12408997863531113,0.14556285738945007,0.0129825855,0.07323452830314636,2.3400630950927734
NFKB1,HDAC7,Unknown,0.00044021502253599465,0.013598962686955929,0.0005104559,0.02964254654943943,1.1893006563186646
NFKB1,HIF1A,Unknown,0.07146395742893219,0.09007350355386734,0.0077847918,0.05231037363409996,1.846694827079773
NFKB1,HLA-F,Unknown,0.01146930456161499,0.01769143156707287,0.010198758,0.13339145481586456,1.368617296218872
NFKB1,IER3,Unknown,0.07723474502563477,0.09845876693725586,0.0045828787,0.020924149081110954,2.517421245574951
NFKB1,IRF1,Unknown,0.05718541145324707,0.08087683469057083,0.0068764454,0.06059285253286362,1.741627812385559
NFKB1,IRF7,Unknown,0.029233591631054878,0.0428033210337162,0.0056866677,0.042284220457077026,1.3902438879013062
NFKB1,JUNB,Unknown,0.11586569249629974,0.1330239325761795,0.010218255,0.06451612710952759,2.2075605392456055
NFKB1,KDM2A,Unknown,0.0027713088784366846,0.031225532293319702,0.004597856,0.046207498759031296,1.3523365259170532
NFKB1,MYC,Unknown,0.014358890242874622,0.01670152321457863,0.00096148765,0.017000872641801834,1.2480270862579346
NFKB1,NCOR2,Unknown,0.08097194880247116,0.09074109047651291,0.003960806,0.02571926824748516,2.12160062789917
NFKB1,NFKBIA,Unknown,0.11103400588035583,0.12526178359985352,0.010640149,0.06669572740793228,2.0629217624664307
NFKB1,NOLC1,Unknown,0.041778117418289185,0.06007004901766777,0.0019647721,0.017436791211366653,1.8076469898223877
NFKB1,PDE7A,Unknown,0.002248033182695508,0.01629982702434063,0.00050547183,0.020924149081110954,1.2185307741165161
NFKB1,PLAUR,Unknown,0.06281747668981552,0.08431984484195709,0.0038958963,0.023103749379515648,2.206646203994751
NFKB1,SERPINB1,Unknown,0.020127801224589348,0.0245050098747015,0.00038692847,0.02223190851509571,1.255469560623169
NFKB1,SOD2,Unknown,0.12448713928461075,0.11978981643915176,0.006828239,0.05143853649497032,1.989863634109497
NFKB1,TNFAIP3,Unknown,0.040326476097106934,0.04984534904360771,0.0045257187,0.07585004717111588,1.3992434740066528
NFKB1,TNFRSF10B,Unknown,0.03935149684548378,0.05152713134884834,0.001498044,0.023539667949080467,1.5874918699264526
NFKB1,TP53,Unknown,0.08292219787836075,0.10034947097301483,0.006573676,0.04925893619656563,1.9458942413330078
NFKB1,TRAF1,Unknown,0.08530941605567932,0.09341578185558319,0.0042967154,0.035745423287153244,1.9467952251434326
NFKB1,XIAP,Unknown,0.002287470968440175,0.015841379761695862,0.00023095173,0.02223190851509571,1.1863062381744385
NFKB2,CCND2,Unknown,-0.035962726920843124,-0.027444563806056976,0.0010467516,0.008718395605683327,0.7756483554840088
NFKB2,SND1,Unknown,0.008184610866010189,0.03709177300333977,0.00080225983,0.0074106366373598576,1.7752174139022827
NR3C1,ETS1,Unknown,0.028310168534517288,0.03113449551165104,0.0052550053,0.10331299155950546,1.325331687927246
POU2F2,SPI1,Unknown,0.051782138645648956,0.07473060488700867,0.0026496968,0.013949433341622353,2.2114603519439697
RARA,CDKN1A,Unknown,0.08282575011253357,0.08968260139226913,0.003304618,0.01133391447365284,2.703003406524658
RARA,ETS1,Unknown,-0.028195256367325783,-0.020143980160355568,0.0022121067,0.024411508813500404,0.9921305179595947
RBPJ,NFKB1,Unknown,0.030534813180565834,0.04096594825387001,0.002415542,0.037053182721138,1.3405567407608032
RBPJ,PTEN,Unknown,-0.024269916117191315,-0.010443663224577904,0.0003235824,0.008282476104795933,0.9631784558296204
RELA,AKT1,Unknown,0.029022658243775368,0.05127757042646408,0.0022531033,0.023975588381290436,1.646167516708374
RELA,BCL3,Unknown,0.04680309817194939,0.06910023838281631,0.0029917406,0.01874455064535141,1.9816964864730835
RELA,BIRC2,Unknown,-0.017594242468476295,-0.0010174224153161049,0.0058489135,0.02615518681704998,1.0935038328170776
RELA,BIRC3,Unknown,0.0012550174724310637,0.014056926593184471,0.004448814,0.04010462015867233,1.1730198860168457
RELA,CCL4,Unknown,0.03296899423003197,0.020612485706806183,0.0015032191,0.010026155039668083,1.231236457824707
RELA,CD58,Unknown,0.04105043783783913,0.07645583152770996,0.005527085,0.015257192775607109,2.363111972808838
RELA,CD69,Unknown,0.013540886342525482,0.029486214742064476,0.0007045852,0.012641673907637596,1.444282054901123
RELA,CD83,Unknown,-0.00521395169198513,0.013455896638333797,0.0021021666,0.014385352842509747,1.2356563806533813
RELA,CDKN1A,Unknown,0.04116222634911537,0.06268976628780365,0.004047023,0.019616391509771347,1.8463000059127808
RELA,CFLAR,Unknown,0.01934422366321087,0.03331954777240753,0.005834862,0.03748910129070282,1.357144832611084
RELA,CTSB,Unknown,0.030141491442918777,0.052516985684633255,0.005059577,0.038796860724687576,1.5281697511672974
RELA,GATA3,Unknown,0.025628792122006416,0.04705003276467323,0.0017720996,0.01830863207578659,1.6278890371322632
RELA,GSTP1,Unknown,-0.0024784021079540253,0.022242330014705658,0.007051486,0.035745423287153244,1.2969838380813599
RELA,HDAC1,Unknown,-0.0037873059045523405,0.017815010622143745,0.006233167,0.02266782894730568,1.2826558351516724
RELA,HIF1A,Unknown,0.003275922266766429,0.010289674624800682,0.0021778052,0.02615518681704998,1.1547335386276245
RELA,IER3,Unknown,0.04039401561021805,0.05881652608513832,0.0020270797,0.012641673907637596,2.011601209640503
RELA,IRF1,Unknown,0.008796480484306812,0.03309423476457596,0.007375098,0.035745423287153244,1.3950055837631226
RELA,IRF7,Unknown,-0.02445320226252079,-0.0015179895563051105,0.00540539,0.023975588381290436,1.100289225578308
RELA,KDM2A,Unknown,-0.011896033771336079,0.012194975279271603,0.0066479924,0.028770705685019493,1.2252607345581055
RELA,MCL1,Unknown,0.03179238736629486,0.04021236672997475,0.010068411,0.08195292204618454,1.5345379114151
RELA,MYC,Unknown,0.011525816284120083,0.020531632006168365,0.002304268,0.011769833974540234,1.3261644840240479
RELA,NCOR2,Unknown,0.04407944902777672,0.06392737478017807,0.0021285529,0.016564952209591866,1.9113825559616089
RELA,NFKB1,Unknown,0.05893438309431076,0.07742815464735031,0.0049499553,0.043156057596206665,1.7128671407699585
RELA,NFKBIA,Unknown,0.045123688876628876,0.0630406066775322,0.005774403,0.039232783019542694,1.5975335836410522
RELA,NFKBIZ,Unknown,0.03568060323596001,0.0528910756111145,0.00288257,0.023539667949080467,1.6358973979949951
RELA,NOLC1,Unknown,0.0038023400120437145,0.014203621074557304,0.0011277939,0.009154316037893295,1.281537652015686
RELA,OPTN,Unknown,-0.003035769797861576,0.017328092828392982,0.0019108809,0.01830863207578659,1.2750163078308105
RELA,PLAUR,Unknown,0.008412482216954231,0.024905720725655556,0.0010018655,0.011769833974540234,1.4338594675064087
RELA,POU2F2,Unknown,0.0034012673422694206,-0.004190344363451004,3.9175422e-05,0.016129031777381897,0.9534888863563538
RELA,S100A6,Unknown,0.03917965665459633,0.056134723126888275,0.00663173,0.07802964001893997,1.5774215459823608
RELA,SOD2,Unknown,0.005792549345642328,0.02932826057076454,0.0054664295,0.027462946251034737,1.3539807796478271
RELA,STAT1,Unknown,-0.017190750688314438,0.009047910571098328,0.006023789,0.03400174528360367,1.2180083990097046
RELA,STAT3,Unknown,-0.011839370243251324,0.012791418470442295,0.00019812273,0.010026155039668083,1.2777668237686157
RELA,TNFAIP3,Unknown,0.058197345584630966,0.07240231335163116,0.0060887113,0.05492589250206947,1.6464133262634277
RELA,TNFRSF10B,Unknown,0.062360212206840515,0.06490395218133926,0.0019499309,0.017436791211366653,1.8119040727615356
RELA,TP53,Unknown,0.016082128509879112,0.03155824914574623,0.0059400424,0.02659110724925995,1.3547825813293457
RELA,TRAF1,Unknown,0.07365584373474121,0.09964795410633087,0.005504475,0.027027027681469917,2.2718703746795654
RELA,XIAP,Unknown,0.01272412110120058,0.02952134609222412,0.00061532005,0.016564952209591866,1.3986842632293701
RFX1,MYC,Unknown,0.024565985426306725,0.0472303070127964,0.0010985782,0.006538796704262495,2.0613901615142822
RFX1,PCNA,Unknown,0.011428802274167538,0.015946414321660995,0.0005412928,0.008282476104795933,1.2560092210769653
RORA,TUBA1B,Unknown,-0.05325954779982567,-0.04520842060446739,0.00351156,0.02964254654943943,0.8163909316062927
RUNX1,CSF1R,Unknown,0.003732474986463785,0.008626664057374,4.93094e-05,0.00566695723682642,1.1939671039581299
RUNX1,ITGB2,Unknown,-0.018427306786179543,-0.011733083985745907,4.505964e-05,0.0074106366373598576,0.909810483455658
RUNX1,LGALS3,Unknown,0.019648518413305283,0.04215838015079498,0.001049641,0.014385352842509747,1.6057826280593872
RUNX1,NFKB1,Unknown,-0.014217213727533817,0.0018505154876038432,0.00059809873,0.021360069513320923,1.1196593046188354
RUNX1,PIK3CD,Unknown,-0.01731930859386921,-0.0082834642380476,0.002545641,0.025283347815275192,1.0357239246368408
RUNX1,PRKCQ,Unknown,0.02983829937875271,0.04065999761223793,0.0009137995,0.010026155039668083,1.6930062770843506
RUNX1,SPI1,Unknown,0.0214823167771101,0.025926092639565468,0.00035663828,0.007846556603908539,1.4476056098937988
RUNX3,CASP8,Unknown,0.022199690341949463,0.03258272260427475,0.001987056,0.057977333664894104,1.28986394405365
RUNX3,CFLAR,Unknown,0.039955101907253265,0.05705418810248375,0.0068227635,0.0601569302380085,1.5255955457687378
RUNX3,ICAM3,Unknown,0.05840460956096649,0.0706566572189331,0.0032411127,0.02571926824748516,1.87814199924469
RUNX3,RUNX1,Unknown,0.037376441061496735,0.05210713669657707,0.0032574914,0.027462946251034737,1.6379632949829102
RXRA,NOL7,Unknown,0.042215991765260696,0.05382268503308296,0.001299975,0.008282476104795933,2.0139894485473633
SATB1,CD8B,Unknown,0.05616207793354988,0.06401683390140533,0.0027406774,0.017436791211366653,1.8859813213348389
SKIL,SMAD7,Unknown,0.08759510517120361,0.08345986157655716,0.0037243343,0.03966870158910751,1.788360834121704
SMAD3,AHR,Unknown,0.010319824330508709,0.04061431065201759,0.0020045245,0.023103749379515648,1.5259689092636108
SMAD3,CCND2,Unknown,0.046133771538734436,0.05654367804527283,0.003050865,0.028770705685019493,1.5804187059402466
SMAD3,CDKN1A,Unknown,-0.024582182988524437,0.002674494171515107,0.0017325011,0.013513513840734959,1.1507853269577026
SMAD3,JUN,Unknown,-0.007468714378774166,0.008777757175266743,0.00010824815,0.009154316037893295,1.213855266571045
SMAD3,MYC,Unknown,0.019436724483966827,0.021965693682432175,0.0012298749,0.01133391447365284,1.308454155921936
SMAD3,POR,Unknown,-0.0012889106292277575,-0.000598997576162219,0.0005037162,0.008282476104795933,1.0343847274780273
SMAD3,SMAD7,Unknown,0.005181560758501291,0.022195661440491676,0.0013573474,0.017872711643576622,1.315977931022644
SMAD3,TGFB1,Unknown,0.0014362770598381758,0.005882632918655872,4.3806303e-05,0.011769833974540234,1.1017965078353882
SMAD3,ZFP36,Unknown,0.019037790596485138,0.02902243472635746,0.0041826474,0.07061900943517685,1.3655283451080322
SMAD4,AHR,Unknown,-0.0033910516649484634,0.010416430421173573,0.00014076143,0.014385352842509747,1.1895982027053833
SMAD4,CDKN1A,Unknown,-0.02466219663619995,-0.009655110538005829,8.192506e-06,0.008718395605683327,0.972790002822876
SMAD4,JUN,Unknown,0.030758151784539223,0.04331769421696663,0.00093694177,0.009154316037893295,1.7516071796417236
SMAD4,MYC,Unknown,0.0003182090003974736,0.014392039738595486,0.0001628041,0.008282476104795933,1.279249668121338
SMAD4,POR,Unknown,-0.026756146922707558,-0.02435882017016411,0.00031272066,0.004359197802841663,0.7116990685462952
SMAD4,SKIL,Unknown,0.0057792067527771,0.012272289954125881,0.00022846938,0.02920662611722946,1.1290127038955688
SMAD4,SMAD7,Unknown,0.03481456637382507,0.05494723469018936,0.0016708651,0.016564952209591866,1.7591733932495117
SMAD4,TGFB1,Unknown,-0.034274499863386154,-0.028079040348529816,0.00034213907,0.006102877203375101,0.7301318049430847
SMAD4,ZFP36,Unknown,0.020811675116419792,0.026681112125515938,0.00086424814,0.050566695630550385,1.2478877305984497
SP100,ETS1,Unknown,0.021536577492952347,0.02579476684331894,0.0047366354,0.08849171549081802,1.2497743368148804
SP3,CD14,Unknown,-0.0009676433401182294,-0.0020609351340681314,1.3877307e-06,0.005231037270277739,1.00992751121521
SP3,CD83,Unknown,0.00044324141344986856,0.004072046838700771,1.2637823e-05,0.006102877203375101,1.104780673980713
SP3,ADGRE5,Unknown,0.006639495491981506,0.032336704432964325,0.0027528119,0.016564952209591866,1.5090104341506958
SP3,CDKN1A,Unknown,-0.013045752421021461,0.00041333286208100617,5.6795275e-06,0.006102877203375101,1.0792509317398071
SP3,CTSB,Unknown,0.004503248725086451,0.010278836823999882,0.0007684657,0.015257192775607109,1.1577585935592651
SP3,CTSL,Unknown,-0.014528675936162472,-0.0021424666047096252,6.834956e-10,0.004359197802841663,1.042254090309143
SP3,EAPP,Unknown,0.021640928462147713,0.017008081078529358,0.00014130176,0.006102877203375101,1.310810923576355
SP3,ETF1,Unknown,0.004062267951667309,0.022861134260892868,0.00032140635,0.006102877203375101,1.492156744003296
SP3,F2R,Unknown,0.015589684247970581,0.029391972348093987,0.00045598176,0.006538796704262495,1.5825326442718506
SP3,PLAUR,Unknown,-0.011925354599952698,0.006354278884828091,4.8315058e-05,0.004795117769390345,1.213642954826355
SP3,RORA,Unknown,0.005230048205703497,0.021585676819086075,0.00029641966,0.007846556603908539,1.4016810655593872
SP3,UBC,Unknown,-0.00947305466979742,-0.005582963582128286,0.0026542125,0.03661726415157318,1.106887936592102
SP3,UTRN,Unknown,0.03912282735109329,0.0455004908144474,0.00096706534,0.008718395605683327,1.7899075746536255
SPI1,BCL6,Unknown,0.04714600741863251,0.06741444021463394,0.0019565253,0.0074106366373598576,2.5248031616210938
SPI1,CTSS,Unknown,0.30501094460487366,0.32058200240135193,0.03596958,0.039232783019542694,10.086712837219238
SPI1,CYBB,Unknown,0.3062610328197479,0.34418928623199463,0.035940677,0.02964254654943943,13.36658000946045
SPI1,ERAP2,Unknown,-0.053263381123542786,-0.03992621600627899,0.0006527616,0.004795117769390345,0.6191709637641907
SPI1,FLI1,Unknown,-0.031988874077796936,-0.020022552460432053,0.0001492292,0.004795117769390345,0.8031156063079834
SPI1,HCK,Unknown,0.3405742347240448,0.4292656183242798,0.049043585,0.030514385551214218,24.307106018066406
SPI1,IFIT3,Unknown,0.11849343776702881,0.15562564134597778,0.008336385,0.012641673907637596,5.026895046234131
SPI1,ITGAX,Unknown,0.2859556972980499,0.3649836778640747,0.0375859,0.027027027681469917,16.806276321411133
SPI1,ITGB2,Unknown,0.03658125177025795,0.05627083778381348,0.0015416004,0.010026155039668083,2.003636598587036
SPI1,STAT3,Unknown,0.06808346509933472,0.10191146284341812,0.0042261663,0.010026155039668083,3.3863301277160645
SPI1,WAS,Unknown,0.0940060019493103,0.1284412145614624,0.010490176,0.02179598994553089,3.2764532566070557
SREBF2,FDFT1,Unknown,0.05672762542963028,0.08849164843559265,0.004044542,0.017436791211366653,2.4460809230804443
SREBF2,FDPS,Unknown,-0.01407531276345253,0.008925250731408596,9.143616e-05,0.0074106366373598576,1.2210360765457153
SREBF2,LDLR,Unknown,0.0061473548412323,0.021768946200609207,0.0002765259,0.006102877203375101,1.4508906602859497
STAT1,CDKN1A,Unknown,0.13213250041007996,0.15248729288578033,0.0109451385,0.037053182721138,3.0662293434143066
STAT1,CTSB,Unknown,0.17379061877727509,0.1832047551870346,0.018352924,0.07454228401184082,2.6851043701171875
STAT1,CTSL,Unknown,0.08053942769765854,0.10865798592567444,0.006576288,0.02571926824748516,2.6055519580841064
STAT1,FCGRT,Unknown,0.1242481917142868,0.1429804116487503,0.00909347,0.023975588381290436,3.625568151473999
STAT1,GLS,Unknown,-0.002624956890940666,0.010530497878789902,0.008756862,0.05623365193605423,1.1940124034881592
STAT1,HSP90AA1,Unknown,0.07048738747835159,0.08188027143478394,0.013623951,0.07236268371343613,1.6675857305526733
STAT1,IFIT3,Unknown,0.17376413941383362,0.1761942207813263,0.012655736,0.028334787115454674,4.240365505218506
STAT1,IRF1,Unknown,0.14159512519836426,0.1487436443567276,0.012895513,0.0671316459774971,2.2586607933044434
STAT1,IRF7,Unknown,0.1584523618221283,0.17371755838394165,0.01800978,0.06059285253286362,2.8634023666381836
STAT1,IRF8,Unknown,0.07129447907209396,0.07631535828113556,0.0028818804,0.01874455064535141,2.018852949142456
STAT1,MVP,Unknown,0.12691612541675568,0.14341463148593903,0.012489051,0.05884917080402374,2.423654794692993
STAT1,PIM1,Unknown,0.018118802458047867,0.03864957019686699,0.002556185,0.02659110724925995,1.4676401615142822
STAT1,PLSCR1,Unknown,0.12155496329069138,0.12164754420518875,0.0063437093,0.02223190851509571,2.9414093494415283
STAT1,PML,Unknown,0.05148313194513321,0.062268488109111786,0.0020355172,0.019616391509771347,1.8050518035888672
STAT1,PSMB9,Unknown,0.09636684507131577,0.1071508601307869,0.009548655,0.0671316459774971,1.901073694229126
STAT1,SMARCA4,Unknown,0.0014349520206451416,0.006564379669725895,0.0004462446,0.013513513840734959,1.071918249130249
STAT1,STAT2,Unknown,0.107244573533535,0.12678830325603485,0.00979562,0.047079335898160934,2.3487038612365723
STAT1,STAT3,Unknown,0.06916752457618713,0.08208538591861725,0.0035480936,0.020488230511546135,2.1192264556884766
STAT1,TAP1,Unknown,0.14328603446483612,0.14505882561206818,0.014812227,0.09764603525400162,2.1408324241638184
STAT1,TP53,Unknown,0.02276533655822277,0.045314397662878036,0.008996725,0.04097646102309227,1.4847885370254517
STAT1,UPP1,Unknown,0.009648875333368778,0.02901976928114891,0.0040051257,0.03269398584961891,1.37647545337677
STAT2,IFIT3,Unknown,0.13718220591545105,0.1598132997751236,0.010598112,0.020488230511546135,4.229987621307373
STAT2,IRF1,Unknown,0.06315704435110092,0.07270506769418716,0.003424682,0.03792502358555794,1.6961660385131836
STAT2,PML,Unknown,0.027516458183526993,0.03106101043522358,0.00069988734,0.010897994972765446,1.4298851490020752
STAT2,STAT1,Unknown,0.107244573533535,0.12678830325603485,0.00979562,0.047079335898160934,2.3487038612365723
STAT3,BCL6,Unknown,-0.03336356207728386,-0.014001436531543732,5.9718037e-05,0.0026155186351388693,0.8647182583808899
STAT3,CCND2,Unknown,-0.020733153447508812,-0.008842487819492817,0.00039653707,0.008718395605683327,0.9860210418701172
STAT3,CCND3,Unknown,0.013968790881335735,0.03251864016056061,0.00057013385,0.0074106366373598576,1.6195635795593262
STAT3,CDKN1A,Unknown,0.043949227780103683,0.0686199814081192,0.00212817,0.010026155039668083,2.2908341884613037
STAT3,COPS5,Unknown,-0.00030495846294797957,0.027086060494184494,0.00050814246,0.007846556603908539,1.555828332901001
STAT3,ETV6,Unknown,0.020740415900945663,0.03633289784193039,0.0006900632,0.007846556603908539,1.6758960485458374
STAT3,HIF1A,Unknown,0.015973256900906563,0.012477084062993526,0.00039973686,0.010897994972765446,1.1596394777297974
STAT3,HSPB1,Unknown,0.01720939762890339,0.03247519209980965,0.00053710444,0.006538796704262495,1.6467195749282837
STAT3,IFNAR1,Unknown,0.010761499404907227,0.03021268919110298,0.0004948388,0.005231037270277739,1.7130881547927856
STAT3,IRF1,Unknown,0.0867810770869255,0.09358786046504974,0.0045306417,0.021360069513320923,2.3954992294311523
STAT3,JUNB,Unknown,0.014614325948059559,0.0361524261534214,0.0011565039,0.015257192775607109,1.5471025705337524
STAT3,MCL1,Unknown,0.03355802223086357,0.04347636178135872,0.0024234378,0.035745423287153244,1.6870676279067993
STAT3,MYC,Unknown,-0.01744261384010315,-0.015745604410767555,0.00012527738,0.0030514386016875505,0.7963463664054871
STAT3,MYD88,Unknown,-0.00022523645020555705,0.02538757584989071,0.00042417087,0.007846556603908539,1.4974685907363892
STAT3,PIM1,Unknown,-0.027952831238508224,-0.011533251032233238,2.7923868e-05,0.005231037270277739,0.9276018142700195
STAT3,S100A11,Unknown,-0.0004838819440919906,0.01394478790462017,0.0004392415,0.028770705685019493,1.1446017026901245
STAT3,STAT1,Unknown,0.06916752457618713,0.08208538591861725,0.0035480936,0.020488230511546135,2.1192264556884766
STAT3,TP53,Unknown,0.002984635764732957,0.025783956050872803,0.0023951204,0.011769833974540234,1.4493911266326904
STAT3,USP7,Unknown,0.008433444425463676,0.029256334528326988,0.0005959014,0.010026155039668083,1.5298393964767456
STAT3,VEGFB,Unknown,-0.010112321935594082,0.00591288972645998,4.236505e-05,0.006102877203375101,1.1727776527404785
STAT3,ZFP36,Unknown,0.06179533153772354,0.06397219002246857,0.0024623799,0.03312990441918373,1.6577333211898804
STAT4,IRF1,Unknown,-0.016213471069931984,-0.006825839634984732,0.0002268385,0.02223190851509571,0.9985703229904175
STAT4,MYC,Unknown,-0.031073102727532387,-0.020417114719748497,0.00014492057,0.006102877203375101,0.8193745613098145
STAT4,PIM1,Unknown,0.013547896407544613,0.010519209317862988,5.657182e-05,0.011769833974540234,1.1339033842086792
STAT4,PRF1,Unknown,0.14475879073143005,0.15352562069892883,0.008971087,0.020924149081110954,3.6349289417266846
STAT4,S100A4,Unknown,-0.06000690534710884,-0.055345319211483,0.0047413725,0.013513513840734959,0.6450722217559814
STAT5A,BCL6,Unknown,0.026108810678124428,0.02879485674202442,0.0004133307,0.00566695723682642,1.6025729179382324
STAT5A,CCND2,Unknown,0.03223613649606705,0.046624112874269485,0.0014574695,0.015693113207817078,1.6331307888031006
STAT5B,BCL6,Unknown,-0.018212677910923958,-0.01254934910684824,0.00092340284,0.010026155039668083,0.9497780203819275
STAT6,RHOA,Unknown,0.05713067203760147,0.06586536020040512,0.0199287,0.12598082423210144,1.6265184879302979
TP53,AKT1,Unknown,0.02629333734512329,0.05375444516539574,0.0028758673,0.02571926824748516,1.6687618494033813
TP53,BCL3,Unknown,0.05170290172100067,0.07568567991256714,0.006046709,0.020488230511546135,2.0733001232147217
TP53,BTG2,Unknown,0.03290896490216255,0.04124162718653679,0.003174471,0.054489973932504654,1.3717800378799438
TP53,BTG3,Unknown,0.008082245476543903,0.03176947310566902,0.0019826393,0.012205754406750202,1.5521585941314697
TP53,CASP1,Unknown,0.009352537803351879,0.03845016285777092,0.0025574525,0.02266782894730568,1.5087388753890991
TP53,CASP3,Unknown,0.011870336718857288,0.03722802922129631,0.0020900967,0.016564952209591866,1.5583441257476807
TP53,CDKN1A,Unknown,-0.03069339692592621,-0.005167442373931408,0.0042706416,0.013949433341622353,1.0630806684494019
TP53,CDKN1B,Unknown,0.020669272169470787,0.033212531358003616,0.008383696,0.06233653053641319,1.4210857152938843
TP53,CTNNB1,Unknown,0.009250075556337833,0.019730299711227417,0.0070804693,0.042284220457077026,1.251416563987732
TP53,CTSD,Unknown,-0.043350204825401306,-0.018841713666915894,0.0043944954,0.020488230511546135,0.9599090218544006
TP53,DDB1,Unknown,-0.008100905455648899,0.007447078358381987,0.0011286816,0.014821273274719715,1.1578502655029297
TP53,DDB2,Unknown,0.001812914153560996,0.020501118153333664,0.00089360826,0.011769833974540234,1.3563652038574219
TP53,DNMT1,Unknown,-0.006382964551448822,0.016313599422574043,0.0011599675,0.02179598994553089,1.2475603818893433
TP53,DUSP1,Unknown,-0.018939519301056862,0.0029907464049756527,0.0007654017,0.012641673907637596,1.1182403564453125
TP53,ELF4,Unknown,0.011481311172246933,0.03606583923101425,0.00178243,0.015693113207817078,1.5370880365371704
TP53,GSTP1,Unknown,0.04127668961882591,0.056220587342977524,0.005012266,0.042284220457077026,1.5402984619140625
TP53,HIPK2,Unknown,-0.012551916763186455,0.009261878207325935,0.0019395864,0.010462074540555477,1.254815936088562
TP53,HSP90AB1,Unknown,0.029076214879751205,0.04869790002703667,0.011328347,0.07105492800474167,1.571906328201294
TP53,IER3,Unknown,-0.06591334193944931,-0.05501438304781914,0.0029886875,0.003923278301954269,0.45629847049713135
TP53,IFI16,Unknown,0.02096923440694809,0.03797464817762375,0.0064922934,0.032258063554763794,1.43593430519104
TP53,MAP4,Unknown,0.03811292722821236,0.04909730702638626,0.0015045609,0.01830863207578659,1.5975147485733032
TP53,MCM7,Unknown,0.03531196340918541,0.05089837312698364,0.002473615,0.027898866683244705,1.54246985912323
TP53,MDM2,Unknown,0.0036663548089563847,0.02334115281701088,0.0007802783,0.010897994972765446,1.4040050506591797
TP53,MDM4,Unknown,0.014848947525024414,0.03191114217042923,0.0032644423,0.03661726415157318,1.3503533601760864
TP53,MYC,Unknown,0.017533190548419952,0.03147612512111664,0.0009346914,0.013513513840734959,1.4648921489715576
TP53,PLK3,Unknown,-0.031033527106046677,-0.015506171621382236,0.0010385079,0.01133391447365284,0.9272051453590393
TP53,PML,Unknown,-0.005431023892015219,0.006958680227398872,0.0005027036,0.010462074540555477,1.1546247005462646
TP53,PTEN,Unknown,-0.010286591947078705,0.008268595673143864,8.9797475e-05,0.010462074540555477,1.175563097000122
TP53,RB1,Unknown,-0.0029014507308602333,0.007054498419165611,0.0010843588,0.00959023553878069,1.1792086362838745
TP53,RELA,Unknown,0.016082128509879112,0.03155824914574623,0.0059400424,0.02659110724925995,1.3547825813293457
TP53,SIVA1,Unknown,0.03463148698210716,0.04652635008096695,0.0011987684,0.019616391509771347,1.5421961545944214
TP53,SLC6A6,Unknown,0.00736519368365407,0.031247997656464577,0.0042464393,0.027898866683244705,1.3813420534133911
TP53,SMAD3,Unknown,0.018241992220282555,0.04825654625892639,0.011210024,0.028770705685019493,1.586949110031128
TP53,STAT1,Unknown,0.02276533655822277,0.045314397662878036,0.008996725,0.04097646102309227,1.4847885370254517
TP53,STAT3,Unknown,0.002984635764732957,0.025783956050872803,0.0023951204,0.011769833974540234,1.4493911266326904
TP53,TNFRSF10B,Unknown,0.033200763165950775,0.05320793390274048,0.0021475495,0.017872711643576622,1.7220431566238403
TP53,TRIM22,Unknown,0.019483938813209534,0.03464389964938164,0.0083408775,0.05274629592895508,1.3686355352401733
TP53,VCAN,Unknown,-0.07416198402643204,-0.07179374992847443,0.003583279,0.004359197802841663,0.36242955923080444
TP53,XPC,Unknown,0.0052822912111878395,0.025906523689627647,0.006483524,0.025283347815275192,1.3331862688064575
USF2,CD2,Unknown,0.056259721517562866,0.06390030682086945,0.0054635103,0.04838709533214569,1.5476406812667847
USF2,CTSB,Unknown,-0.039066556841135025,-0.019174298271536827,0.004353591,0.02964254654943943,0.9926033616065979
USF2,CTSD,Unknown,-0.021832967177033424,-0.005545326974242926,0.0044086357,0.020488230511546135,1.0361075401306152
USF2,FMR1,Unknown,0.030423711985349655,0.04683379828929901,0.0021108403,0.023103749379515648,1.571713924407959
USF2,IGF2R,Unknown,0.003303081961348653,0.03290164843201637,0.0017918866,0.010897994972765446,1.6402393579483032
USF2,MYH9,Unknown,0.02646716497838497,0.036313410848379135,0.0071967766,0.0762859657406807,1.4503235816955566
USF2,PTPN6,Unknown,0.017366988584399223,0.02830202504992485,0.00067635294,0.017872711643576622,1.3564398288726807
USF2,SF1,Unknown,0.035801395773887634,0.04911445826292038,0.009344946,0.05274629592895508,1.5136151313781738
USF2,TGFB1,Unknown,-0.018128300085663795,0.0010282277362421155,0.00039103033,0.012205754406750202,1.1005903482437134
YY1,APH1A,Unknown,0.015997665002942085,0.032220933586359024,0.003149553,0.01830863207578659,1.4562379121780396
YY1,CREBBP,Unknown,0.030456962063908577,0.04862189292907715,0.0061394796,0.035745423287153244,1.4971414804458618
YY1,CTCF,Unknown,-0.024554045870900154,1.2721364328172058e-05,0.0013616148,0.009154316037893295,1.1336660385131836
YY1,DEK,Unknown,0.027602147310972214,0.04509032145142555,0.0062250514,0.050566695630550385,1.4434094429016113
YY1,FDPS,Unknown,-0.01972167007625103,0.003636014647781849,0.0022334713,0.014821273274719715,1.1544300317764282
YY1,HCFC1,Unknown,-0.010365275666117668,0.006043724250048399,0.0010117994,0.02223190851509571,1.1462833881378174
YY1,HSPA5,Unknown,0.0180842075496912,0.03770110383629799,0.002038481,0.02179598994553089,1.4860671758651733
YY1,LDLR,Unknown,0.007065303158015013,0.012224049307405949,0.00011723293,0.010897994972765446,1.2029194831848145
YY1,LSS,Unknown,0.008023626171052456,0.02409658394753933,0.001674356,0.013513513840734959,1.3900718688964844
YY1,MYC,Unknown,0.003920713905245066,0.02090814709663391,0.0029929297,0.013949433341622353,1.388319492340088
YY1,NR3C1,Unknown,0.01719709299504757,0.02998395264148712,0.0052070636,0.042284220457077026,1.3034707307815552
YY1,PRDM2,Unknown,0.013812270015478134,0.026796702295541763,0.0018794835,0.023103749379515648,1.3121206760406494
YY1,SMAD7,Unknown,0.014030132442712784,0.026266053318977356,0.00055275543,0.020924149081110954,1.306311845779419
YY1,TNFRSF10B,Unknown,0.006627297028899193,0.0214878860861063,0.0017313177,0.015693113207817078,1.3015074729919434
YY1,TP53,Unknown,0.010714128613471985,0.03213553875684738,0.0045130597,0.030950305983424187,1.3898282051086426
ZBTB7A,PFKP,Unknown,-0.001096405670978129,0.0127294035628438,0.00011669982,0.006538796704262495,1.2697489261627197
STAT3,S100A6,Unknown,-0.0031288200989365578,0.011568734422326088,0.00028990934,0.027462946251034737,1.067499041557312
STAT1,TALDO1,Unknown,0.15901651978492737,0.17259173095226288,0.01562177,0.074106365442276,2.6197798252105713
NFKB1,CD8A,Unknown,-0.025132663547992706,-0.019446315243840218,0.0009960997,0.03269398584961891,0.9217303395271301
ETS1,SOD2,Unknown,-0.16924436390399933,-0.15737971663475037,0.01656695,0.039232783019542694,0.4116989076137543
ATF4,DUSP2,Unknown,0.027236856520175934,0.04577938839793205,0.005549683,0.04359197989106178,1.4674384593963623
SMAD4,ZFP36L1,Unknown,0.023650359362363815,0.025670433416962624,0.0026690813,0.054054055362939835,1.355390191078186
GATA3,SOD2,Unknown,-0.08582437038421631,-0.07228992879390717,0.0060310964,0.0074106366373598576,0.46653831005096436
ETS1,TALDO1,Unknown,-0.1815430372953415,-0.17232903838157654,0.019850709,0.05710549280047417,0.4482620656490326
RELA,SAT1,Unknown,0.0037870302330702543,0.020776627585291862,0.005955792,0.042720139026641846,1.2647942304611206
RORA,HSP90AB1,Unknown,0.012490013614296913,0.01686731167137623,0.0038031403,0.04010462015867233,1.344070553779602
NFKB1,RPL5,Unknown,-0.06311092525720596,-0.06351688504219055,0.011524947,0.12162162363529205,0.9742405414581299
HIF1A,TMEM123,Unknown,0.007293432950973511,0.013201002031564713,0.0067095784,0.07977332174777985,1.2279421091079712
SMAD3,ZFP36L1,Unknown,0.02291194535791874,0.03111247345805168,0.0053883796,0.07236268371343613,1.3476322889328003
SP3,TALDO1,Unknown,0.0009898572461679578,0.01459045335650444,0.00047030888,0.016129031777381897,1.2406322956085205
RELA,TALDO1,Unknown,-0.0019142681267112494,0.018611758947372437,0.004201688,0.03356582298874855,1.2014015913009644
RELA,CD8A,Unknown,0.018257182091474533,0.023456208407878876,0.0028569761,0.02615518681704998,1.2361459732055664
TP53,TUBA1B,Unknown,0.030293725430965424,0.05142737925052643,0.010648548,0.06974716484546661,1.5704410076141357
RELA,S100A11,Unknown,0.013016988523304462,0.028043776750564575,0.009097673,0.074106365442276,1.3495887517929077
STAT3,ZFP36L1,Unknown,0.004381184931844473,0.01220456138253212,0.0010368457,0.03007846511900425,1.2455453872680664
MYC,RPL5,Unknown,0.09396469593048096,0.11212854087352753,0.007588623,0.050566695630550385,2.4713618755340576
NFKB1,SAT1,Unknown,0.09842958301305771,0.10720276832580566,0.008096617,0.07672188431024551,1.7736681699752808
CEBPD,TMEM123,Unknown,-0.08228838443756104,-0.07488204538822174,0.0044436594,0.016564952209591866,0.5740875601768494
NFKB1,TALDO1,Unknown,0.12197887897491455,0.12992168962955475,0.010582131,0.06800349056720734,2.0582666397094727
FOXO1,UBC,Unknown,-0.03098219633102417,-0.033187299966812134,0.001124791,0.03792502358555794,0.8828229308128357
RELA,C11ORF31,Unknown,0.006556174252182245,0.026405131444334984,0.0032316947,0.03618134185671806,1.3180958032608032
MYC,RPL23A,Unknown,0.05533212050795555,0.0772436261177063,0.004138181,0.04925893619656563,2.0006089210510254
SP3,CD44,Unknown,0.03694906085729599,0.039310552179813385,0.0073923655,0.04489973932504654,1.8517377376556396
CREB1,MAFB,Unknown,-0.040407247841358185,-0.0361098051071167,0.0006521679,0.005231037270277739,0.6293997764587402
AHR,HLA-DQB1,Unknown,0.13867828249931335,0.13040828704833984,0.006463237,0.02571926824748516,2.612123727798462
USF2,TALDO1,Unknown,-0.0371709018945694,-0.022049976512789726,0.00339954,0.028770705685019493,0.9417633414268494
USF2,ZFP36L1,Unknown,0.03484967350959778,0.04425663873553276,0.0058869035,0.07933740317821503,1.5506871938705444
RBPJ,CTSB,Unknown,-0.054510701447725296,-0.034292932599782944,0.0040743523,0.027027027681469917,0.8886411786079407
RUNX1,CTSB,Unknown,-0.00962335616350174,0.0063225566409528255,0.0013588424,0.020924149081110954,1.1548490524291992
GATA3,TALDO1,Unknown,-0.06275992095470428,-0.05330730229616165,0.0020548431,0.013513513840734959,0.6487126350402832
NFKB1,IL10RA,Unknown,0.006961706560105085,0.023900695145130157,0.0062332065,0.07454228401184082,1.3074671030044556
STAT3,UBB,Unknown,0.014671377837657928,0.020170627161860466,0.0028522406,0.03400174528360367,1.5019382238388062
ATF4,RPL10A,Unknown,-0.0024278436321765184,0.005793576594442129,0.013264946,0.1342632919549942,1.3181754350662231
RELA,CCDC64,Unknown,0.03730493783950806,0.03828630968928337,0.0034068672,0.050566695630550385,1.3237850666046143
HSF1,RPL10A,Unknown,0.056903064250946045,0.06610420346260071,0.0052840146,0.05884917080402374,1.8953202962875366
RELA,RPL10A,Unknown,-0.0020175802055746317,0.0069722142070531845,0.01224724,0.07672188431024551,1.3088754415512085
JUN,CLEC2D,Unknown,0.015938833355903625,0.023692848160862923,0.0005858489,0.02659110724925995,1.1720638275146484
SP100,RHOA,Unknown,0.010967214591801167,0.02380080707371235,0.009129423,0.08936356008052826,1.3162921667099
RARA,CLEC2D,Unknown,-0.03990240767598152,-0.025515751913189888,0.0017044495,0.023975588381290436,0.9266116619110107
HIF1A,TCF7,Unknown,-0.009055628441274166,-0.00636347196996212,0.004416779,0.061464689671993256,1.073008418083191
NR3C1,RHOA,Unknown,-0.01035360898822546,-0.0018558764131739736,0.00994304,0.09808195382356644,1.2069460153579712
STAT6,FYB,Unknown,0.01442110538482666,0.02270134724676609,0.013857657,0.11551874130964279,1.346958041191101
CREM,IL10RA,Unknown,0.005698054097592831,0.017046086490154266,0.0010117685,0.023103749379515648,1.249619960784912
SP3,CXCL16,Unknown,-0.004099441226571798,0.007458166219294071,5.692101e-05,0.006538796704262495,1.189561367034912
SP3,SLC7A11,Unknown,-0.006732781883329153,-0.007529774215072393,3.108718e-05,0.005231037270277739,0.9224822521209717
NFKB1,CD14,Unknown,0.06196196377277374,0.07505372911691666,0.0028065285,0.02615518681704998,1.8323112726211548
RELA,SLC7A11,Unknown,0.017856871709227562,0.04240044578909874,0.003501575,0.017436791211366653,1.5928462743759155
TP53,CD37,Unknown,0.07177281379699707,0.08071828633546829,0.009635065,0.06887532770633698,1.7372809648513794
FOXO1,CD37,Unknown,0.02400491200387478,0.03131527826189995,0.0018801265,0.031386226415634155,1.3864994049072266
TP53,CD247,Unknown,0.049868203699588776,0.05090390890836716,0.0049285516,0.0531822144985199,1.3930697441101074
CEBPB,CXCL16,Unknown,0.40570899844169617,0.41981855034828186,0.05965293,0.05361813306808472,14.573443412780762
HIF1A,ATP5B,Unknown,0.04192351922392845,0.0606815405189991,0.0065926868,0.0693112462759018,1.5479100942611694
FOXO1,ARPC5,Unknown,-0.015013009309768677,-0.01257841382175684,0.0014252315,0.020488230511546135,0.941127598285675
IRF1,IL2RG,Unknown,0.027730584144592285,0.04204600676894188,0.015162234,0.07802964001893997,1.3902618885040283
IRF2,IL2RG,Unknown,0.021554438397288322,0.040476176887750626,0.0026936475,0.031822144985198975,1.5367372035980225
STAT1,IL2RG,Unknown,-0.04115604981780052,-0.02703242003917694,0.00824725,0.06800349056720734,0.9860208034515381
SPI1,LGALS1,Unknown,0.3139706552028656,0.3524589538574219,0.044888385,0.042284220457077026,13.416433334350586
USF2,YWHAB,Unknown,0.04164363816380501,0.058048516511917114,0.0098476885,0.0531822144985199,1.5609835386276245
JUN,MYL12A,Unknown,-0.01508144848048687,-0.0028028700035065413,0.0012163537,0.020052310079336166,1.0875413417816162
HIF1A,SON,Unknown,0.03168449178338051,0.043781496584415436,0.010520659,0.06843940913677216,1.43701171875
HBP1,SON,Unknown,0.027812542393803596,0.03675242140889168,0.007243574,0.05972101166844368,1.3770763874053955
TP53,FAM65B,Unknown,0.0509016290307045,0.05115228891372681,0.0040301746,0.05361813306808472,1.4473086595535278
TP53,RPLP0P2,Unknown,0.04302677512168884,0.046709612011909485,0.0053204685,0.04751525819301605,1.4267621040344238
STAT4,AMICA1,Unknown,0.036632053554058075,0.05542810261249542,0.0024908886,0.027027027681469917,1.6366604566574097
LEF1,UBA1,Unknown,-0.018378600478172302,-0.01087221596390009,0.004429959,0.0601569302380085,1.0129531621932983
STAT1,WDR1,Unknown,0.03560662642121315,0.06178249791264534,0.017236192,0.07149084657430649,1.6372413635253906
RELA,CRIP1,Unknown,-0.004315235652029514,0.005496586207300425,0.0020970502,0.03312990441918373,1.107798457145691
NFKB1,STAT1,Unknown,0.055695414543151855,0.07530473172664642,0.0064891116,0.061028771102428436,1.6525964736938477
ETS1,MT2A,Unknown,0.0088731674477458,0.022668179124593735,0.002796952,0.05143853649497032,1.3286187648773193
TP53,CRIP1,Unknown,-0.008281783200800419,0.007211282383650541,0.004353925,0.03661726415157318,1.1703722476959229
JUN,GBP1,Unknown,-0.019742503762245178,-0.010156919248402119,2.734921e-05,0.006102877203375101,0.9300064444541931
RUNX1,JTB,Unknown,-0.0041452436707913876,0.004022251348942518,0.002210656,0.027027027681469917,1.1338012218475342
SMAD4,HSP90AA1,Unknown,0.051458511501550674,0.0729776993393898,0.0039832317,0.03836094215512276,1.8164223432540894
ETS1,PBXIP1,Unknown,0.1302497386932373,0.1418556571006775,0.021643281,0.14210985600948334,2.222686767578125
RELA,DYNLL1,Unknown,0.04756997153162956,0.06766116619110107,0.0074195554,0.04010462015867233,1.7075313329696655
NFKB1,SLC3A2,Unknown,0.08094034343957901,0.09712103754281998,0.007040431,0.06277245283126831,1.809067964553833
FLI1,RHOG,Unknown,-0.03136361017823219,-0.020246140658855438,0.0005781884,0.02179598994553089,0.9171833992004395
ETS1,SAMSN1,Unknown,-0.05302860587835312,-0.048505090177059174,0.014381462,0.0950305163860321,0.938036322593689
ETS1,CD2,Unknown,0.1361926943063736,0.14182889461517334,0.02302566,0.1455972045660019,2.177389144897461
MYC,CD81,Unknown,-0.010097735561430454,0.006684193387627602,0.0020843467,0.013949433341622353,1.2005529403686523
USF2,CD6,Unknown,0.07531442493200302,0.08575013279914856,0.010625584,0.05187445506453514,1.7502485513687134
ETS1,RBM5,Unknown,0.08812090754508972,0.08893716335296631,0.013278565,0.1342632919549942,1.6190035343170166
NFKB1,PPP1R16B,Unknown,0.011271409690380096,0.029919443652033806,0.004284804,0.04795117676258087,1.3160514831542969
STAT3,DDX24,Unknown,0.0022028449457138777,0.03230271115899086,0.004455977,0.015693113207817078,1.577612042427063
HSF1,FCGR3A,Unknown,0.01684718206524849,0.037331853061914444,0.0008004442,0.01133391447365284,1.587487816810608
RELA,GIMAP6,Unknown,-0.017428573220968246,0.00382874789647758,0.003104036,0.03356582298874855,1.1684917211532593
CTCF,PPP2R5C,Unknown,0.0020970453042536974,0.015164058655500412,0.0025942882,0.015693113207817078,1.2914327383041382
YY1,GAS5,Unknown,-0.010509807616472244,0.007789896335452795,0.004210643,0.04446381703019142,1.1676963567733765
CTCF,ATF4,Unknown,0.033590104430913925,0.05678187683224678,0.0035249693,0.019616391509771347,1.9117817878723145
TP53,RASAL3,Unknown,0.029308639466762543,0.04134513437747955,0.0047006146,0.04054053872823715,1.4130843877792358
STAT2,PPP1R18,Unknown,0.03994248807430267,0.04829085245728493,0.0032412317,0.03618134185671806,1.4454777240753174
STAT3,GIMAP6,Unknown,0.007579151540994644,0.01739290915429592,0.0009163875,0.014821273274719715,1.2683947086334229
STAT1,ZYX,Unknown,0.025059865787625313,0.03792520612478256,0.007925295,0.05928509309887886,1.349578619003296
RUNX3,RAN,Unknown,0.027833078056573868,0.04914642497897148,0.006284873,0.06233653053641319,1.4924533367156982
STAT1,TUBA1A,Unknown,0.06237777695059776,0.07626549154520035,0.006149763,0.04795117676258087,1.6933162212371826
STAT1,VPS28,Unknown,0.02300923690199852,0.0362868569791317,0.0034377605,0.05579773336648941,1.341971516609192
HIF1A,RASAL3,Unknown,-0.00968713779002428,0.003305895486846566,0.0024955855,0.03792502358555794,1.0929582118988037
YY1,DEF6,Unknown,-0.012084809131920338,-0.005787113215774298,0.001659537,0.03618134185671806,1.024213433265686
IRF1,TRAF3IP3,Unknown,-0.04592384025454521,-0.03579803556203842,0.004283372,0.04141237959265709,0.8802387714385986
SPI1,VCAN,Unknown,0.15886330604553223,0.19166861474514008,0.012578957,0.017000872641801834,5.860061168670654
RELA,TXNRD1,Unknown,0.028674516826868057,0.062085218727588654,0.006782017,0.024847427383065224,1.8015198707580566
IRF1,STK17A,Unknown,-0.03050578385591507,-0.023324405774474144,0.0042114835,0.0440278984606266,0.9450380802154541
MYC,SRSF3,Unknown,0.030845405533909798,0.048119399696588516,0.002294435,0.020488230511546135,1.6580802202224731
NFKB1,LEPROTL1,Unknown,-0.039124175906181335,-0.021739300340414047,0.0051020784,0.04751525819301605,1.0059654712677002
RELA,CAB39,Unknown,-0.007756594102829695,0.011780058033764362,0.0069256695,0.03487358242273331,1.209916114807129
STAT1,TCIRG1,Unknown,0.06631919741630554,0.08514519780874252,0.010152677,0.05928509309887886,1.7871760129928589
RUNX3,RPL6,Unknown,0.02422928251326084,0.04135870561003685,0.0053172074,0.057977333664894104,1.420749306678772
STAT3,MED15,Unknown,0.017689621075987816,0.03864269703626633,0.0024006718,0.016564952209591866,1.5863665342330933
RELA,ARHGAP9,Unknown,-0.014513771049678326,-0.005429444834589958,0.0013152347,0.02964254654943943,1.0249131917953491
STAT2,MED15,Unknown,-0.01880977861583233,0.001902700518257916,0.0032089113,0.02964254654943943,1.1391656398773193
NFKB1,TCIRG1,Unknown,0.03609420731663704,0.052987318485975266,0.006347664,0.05536181479692459,1.490022897720337
STAT4,MRFAP1,Unknown,0.029899990186095238,0.042554352432489395,0.001514693,0.028334787115454674,1.451136827468872
TP53,YBX1,Unknown,0.0671694427728653,0.09764935076236725,0.012251411,0.047079335898160934,2.047793388366699
SP3,LDHA,Unknown,0.010420089587569237,0.02810760959982872,0.0006485257,0.015693113207817078,1.4149115085601807
MYC,NAP1L4,Unknown,0.02711097151041031,0.04469234496355057,0.0017116388,0.017436791211366653,1.6261495351791382
RUNX1,MX1,Unknown,-0.026425514370203018,-0.02297244593501091,0.0002564877,0.007846556603908539,0.7814752459526062
HIF1A,ADGRE5,Unknown,0.029288016259670258,0.0403648242354393,0.004718483,0.03836094215512276,1.382238745689392
ATF1,ADGRE5,Unknown,0.013190909288823605,0.026628287509083748,0.0008309082,0.013949433341622353,1.382461428642273
RELA,NKTR,Unknown,0.026541410014033318,0.037352826446294785,0.0030500903,0.030514385551214218,1.3776259422302246
NFKB1,RPN2,Unknown,0.023902403190732002,0.04569830372929573,0.0058476375,0.04751525819301605,1.4472604990005493
RELA,CBX3,Unknown,0.026831086724996567,0.04794982820749283,0.0036262542,0.03312990441918373,1.519531488418579
NFKB1,CBX3,Unknown,-0.017714010551571846,0.0011968911858275533,0.0026836689,0.04097646102309227,1.1106139421463013
MYC,ANXA2P3,Unknown,-0.03669014200568199,-0.023459188640117645,0.0013216736,0.008718395605683327,0.8319680094718933
STAT3,ANXA2P3,Unknown,0.05166001245379448,0.07701148837804794,0.004039059,0.016129031777381897,2.234027147293091
MYC,COX5B,Unknown,-0.0009347369195893407,0.009278432466089725,0.000996929,0.012205754406750202,1.1789530515670776
NFKB1,INSIG1,Unknown,0.04908861592411995,0.06332661211490631,0.0036720973,0.043156057596206665,1.5764981508255005
BCL6,KDM2A,Unknown,0.026298051699995995,0.03615856170654297,0.0017173562,0.01307759340852499,1.5432755947113037
CREB1,PSMA1,Unknown,-0.009311609901487827,0.006909861695021391,0.0014298775,0.014385352842509747,1.187134861946106
NFKB2,ANXA2P3,Unknown,0.026119587942957878,0.052708446979522705,0.00257902,0.016564952209591866,1.7644407749176025
SMAD3,ANXA2P3,Unknown,-0.012403536587953568,0.012248941697180271,0.0033335034,0.024411508813500404,1.2301961183547974
BCL6,IRF7,Unknown,0.04225236177444458,0.051610175520181656,0.0019091208,0.01307759340852499,1.7782775163650513
STAT5A,CYB5R3,Unknown,-0.0030364275444298983,0.02264886163175106,0.0017009096,0.013513513840734959,1.37758469581604
SMAD3,STK25,Unknown,0.025437138974666595,0.04447530582547188,0.0032174701,0.023975588381290436,1.513131022453308
SMAD4,PPP1R35,Unknown,0.020992131903767586,0.04923658072948456,0.0015464354,0.01830863207578659,1.6774468421936035
YY1,MGEA5,Unknown,-0.00015506836643908173,0.013722781091928482,0.0038054825,0.030514385551214218,1.1870769262313843
STAT1,APBB1IP,Unknown,-0.009092560969293118,0.0065521905198693275,0.005971956,0.03748910129070282,1.1491470336914062
TP53,ARHGAP30,Unknown,0.02652716264128685,0.031773075461387634,0.0033116452,0.030514385551214218,1.3240330219268799
RELA,GNG2,Unknown,-0.0015298952348530293,0.0031631540041416883,0.001251271,0.024847427383065224,1.0693962574005127
NFKB1,TAF7,Unknown,0.010045326314866543,0.027034416794776917,0.0075584087,0.043156057596206665,1.3254485130310059
STAT3,GNG2,Unknown,-0.004214645363390446,0.0004685839230660349,6.732134e-05,0.010026155039668083,1.0392439365386963
RELA,ISG20,Unknown,0.002817485947161913,0.004169050138443708,0.0014233369,0.023539667949080467,1.0561403036117554
NFKB1,TAB2,Unknown,0.040578242391347885,0.05768858641386032,0.0044882223,0.04446381703019142,1.5131498575210571
IRF3,TNFRSF14,Unknown,-0.003978569060564041,-0.00019820134912151843,3.7043497e-05,0.011769833974540234,1.0246878862380981
ATF1,CSK,Unknown,-0.0008604523609392345,0.006552057806402445,0.00030278997,0.010462074540555477,1.119867205619812
TP53,XRN2,Unknown,0.026192059740424156,0.029893113300204277,0.0010000203,0.025283347815275192,1.2753872871398926
STAT1,ARCN1,Unknown,0.01571325771510601,0.03828737139701843,0.007177063,0.03966870158910751,1.4266639947891235
USF2,MAGED2,Unknown,0.01735931821167469,0.04140432924032211,0.0039067254,0.02615518681704998,1.4894789457321167
TP53,KARS,Unknown,0.05486230179667473,0.07871180027723312,0.008440475,0.03443766385316849,1.8846940994262695
ETS1,PSMG2,Unknown,0.036021966487169266,0.04575463384389877,0.009390238,0.07585004717111588,1.5048028230667114
MYC,ARCN1,Unknown,0.010912158526480198,0.031196346506476402,0.001330516,0.013513513840734959,1.4812986850738525
MYC,UBE2Q1,Unknown,0.010519648902118206,0.01398103591054678,0.00164233,0.011769833974540234,1.2341859340667725
RELA,GGA2,Unknown,0.00033775062183849514,0.017766643315553665,0.0025120708,0.025283347815275192,1.2437924146652222
STAT3,PAK2,Unknown,0.029031546786427498,0.04479251801967621,0.001319437,0.01307759340852499,1.6901555061340332
YY1,PAK2,Unknown,0.0011706725927069783,0.01764625310897827,0.0052145747,0.028334787115454674,1.232986330986023
NFKB1,ARCN1,Unknown,0.03875703364610672,0.05802605301141739,0.004547446,0.042720139026641846,1.5349233150482178
ETS1,SCAMP3,Unknown,0.0028273197822272778,0.005192880053073168,0.003031869,0.0671316459774971,1.1725739240646362
SPI1,SCAMP3,Unknown,0.014665470458567142,0.03551367670297623,0.0030877343,0.013513513840734959,1.5796796083450317
JUN,BRI3,Unknown,0.006322837900370359,0.014104241505265236,0.00019115314,0.010026155039668083,1.2159135341644287
ETS1,ABR,Unknown,-0.035344693809747696,-0.028796033933758736,0.0009294085,0.04577157646417618,0.8952149748802185
IRF1,GGA2,Unknown,0.019768087193369865,0.020377254113554955,0.0017054854,0.03443766385316849,1.175653100013733
CTCF,HMGN4,Unknown,-0.021528836339712143,-0.005906463135033846,0.0025460043,0.0074106366373598576,1.0172686576843262
CREB1,ANKH,Unknown,0.04365004971623421,0.06118452176451683,0.0026668096,0.017000872641801834,1.8778330087661743
TP53,ACIN1,Unknown,0.03167390078306198,0.05920827016234398,0.014312445,0.030950305983424187,1.698129653930664
TP53,CD5,Unknown,0.020968344062566757,0.04166703671216965,0.0046602767,0.027027027681469917,1.4842075109481812
TP53,SLAMF7,Unknown,0.039697688072919846,0.04766056314110756,0.0023000692,0.016129031777381897,1.6094306707382202
TP53,DOCK8,Unknown,0.01971466839313507,0.033745478838682175,0.0041942317,0.02615518681704998,1.3946025371551514
TP53,WDR6,Unknown,0.04407791793346405,0.05697325989603996,0.009444902,0.02920662611722946,1.631415605545044
RELA,LILRB2,Unknown,-0.015869151800870895,0.0035524924751371145,0.0013309369,0.010026155039668083,1.147145390510559
NFKB1,LILRB2,Unknown,0.10804019868373871,0.11438527703285217,0.00593437,0.02571926824748516,2.6060845851898193
STAT1,CXXC1,Unknown,-0.01995023526251316,0.00031311545171774924,0.0039739045,0.03007846511900425,1.1169854402542114
TP53,HSPD1,Unknown,0.021213022992014885,0.028819480910897255,0.0005164231,0.02223190851509571,1.3084014654159546
RELA,XPO1,Unknown,0.008612185716629028,0.03451026231050491,0.011111522,0.024847427383065224,1.4704176187515259
MYC,DIAPH1,Unknown,-0.009847407229244709,0.0220072902739048,0.0008218064,0.01133391447365284,1.4382033348083496
RFX1,DGUOK,Unknown,0.012066556140780449,0.02869420498609543,0.0006868548,0.00959023553878069,1.491658329963684
STAT1,SNAP23,Unknown,0.038909412920475006,0.05875002592802048,0.0026901562,0.035745423287153244,1.5888760089874268
NFKB1,RHOH,Unknown,-0.004885106347501278,0.002642088569700718,0.0012536749,0.027898866683244705,1.0919768810272217
BCL6,HSPD1,Unknown,0.034981753677129745,0.029933344572782516,0.00039830018,0.008718395605683327,1.4513710737228394
E2F4,CCNI,Unknown,-0.016708970069885254,0.006761801429092884,0.00010691194,0.01133391447365284,1.187675952911377
YY1,METTL17,Unknown,0.04129239171743393,0.051214203238487244,0.0029450853,0.027462946251034737,1.5424107313156128
STAT3,EBLN3,Unknown,-0.010751877911388874,0.0037746659945696592,3.3399097e-05,0.007846556603908539,1.1331987380981445
TP53,PHF1,Unknown,0.019982950761914253,0.044316668063402176,0.0037420813,0.024411508813500404,1.5601577758789062
HIF1A,SLC12A6,Unknown,-0.015244989655911922,0.00018651039863470942,0.00090948696,0.020924149081110954,1.0811575651168823
SPI1,EML3,Unknown,-0.036918897181749344,-0.030685488134622574,0.00042846144,0.005231037270277739,0.6870852112770081
NFKB1,VHL,Unknown,0.0037935427390038967,0.028789184987545013,0.0020414698,0.031386226415634155,1.341996431350708
RELA,BECN1,Unknown,0.04162774607539177,0.04809579253196716,0.0012125656,0.02266782894730568,1.5088998079299927
IRF1,SACM1L,Unknown,-0.03366861119866371,-0.020331772044301033,0.0017693569,0.02223190851509571,0.9357554316520691
RELA,HERPUD1,Unknown,0.022955026477575302,0.050996191799640656,0.0025044344,0.023975588381290436,1.6376980543136597
YY1,NUFIP2,Unknown,0.006043972447514534,0.03457501903176308,0.0031297884,0.024847427383065224,1.4583542346954346
NFKB1,SMAD7,Unknown,0.00809457991272211,0.022315645590424538,0.0004087021,0.02615518681704998,1.2096511125564575
RELA,ATP1B3,Unknown,0.07194087654352188,0.09127465635538101,0.005945757,0.02571926824748516,2.1513612270355225
CEBPB,TCP1,Unknown,0.041156038641929626,0.055671218782663345,0.003078554,0.023975588381290436,1.6509482860565186
USF2,GPI,Unknown,-0.0038322063628584146,0.015809092670679092,0.00072929123,0.019616391509771347,1.2406127452850342
SREBF2,GNPTAB,Unknown,-0.014889845624566078,-0.006161482539027929,5.991894e-06,0.008718395605683327,0.9792631268501282
MYC,TLE3,Unknown,-0.021996986120939255,-0.002840192522853613,5.6371928e-06,0.007846556603908539,1.0660098791122437
TP53,MEF2D,Unknown,-0.006595747545361519,0.007906933315098286,0.0010969401,0.01874455064535141,1.138129711151123
NFKB1,PLEK,Unknown,0.11670976877212524,0.12967532873153687,0.007824349,0.03443766385316849,2.5603556632995605
HIF1A,BROX,Unknown,0.013546869158744812,0.029125554487109184,0.0010375817,0.02266782894730568,1.3594506978988647
HIF1A,PPP4R3A,Unknown,0.01398821733891964,0.03624843433499336,0.0016291322,0.023975588381290436,1.4502580165863037
YY1,C5ORF56,Unknown,0.00881271157413721,0.012124019674956799,0.00016614454,0.01918047107756138,1.1322853565216064
JUN,TNIP2,Unknown,-0.00020459777442738414,-0.0006649901042692363,1.0422221e-07,0.006102877203375101,1.0359342098236084
SMAD4,FOXK1,Unknown,-0.027197610586881638,-0.01335556898266077,3.190703e-05,0.010026155039668083,0.9320285320281982
SMAD3,FOXK1,Unknown,0.018380191177129745,0.029470428824424744,0.0030803757,0.01830863207578659,1.375239372253418
SKIL,C5ORF56,Unknown,-0.03758705034852028,-0.023675251752138138,0.00094545796,0.027027027681469917,0.9303399324417114
IRF1,OTUB1,Unknown,0.012717315927147865,0.030543429777026176,0.0023173348,0.027027027681469917,1.3982957601547241
RELA,FRMD8,Unknown,0.010498986579477787,0.03889613598585129,0.0038173015,0.020924149081110954,1.52756929397583
STAT1,UBA3,Unknown,0.01963292621076107,0.0493689700961113,0.0028082996,0.028334787115454674,1.621536135673523
YY1,LAMTOR1,Unknown,0.019225260242819786,0.03697289898991585,0.0016945536,0.02179598994553089,1.4681793451309204
USF2,RBM17,Unknown,-0.006676392629742622,0.009602660313248634,0.0002092111,0.016129031777381897,1.17438542842865
STAT3,RAB12,Unknown,0.026521531865000725,0.03919948264956474,0.00080091704,0.008718395605683327,1.6972131729125977
STAT4,RAB12,Unknown,0.002614972647279501,0.015588498674333096,0.00019433897,0.012641673907637596,1.2411041259765625
TP53,GNA12,Unknown,-0.01930396258831024,0.01533854566514492,0.0066818246,0.014821273274719715,1.3481988906860352
STAT3,CCDC130,Unknown,-0.0020132900681346655,0.024185700342059135,0.00042417087,0.007846556603908539,1.4974685907363892
CREM,CYP51A1,Unknown,-0.0037501887418329716,0.023776859045028687,0.00039235884,0.006974716670811176,1.509490728378296
TP53,ADPGK,Unknown,0.021817533299326897,0.05028259754180908,0.0035188717,0.020924149081110954,1.6925331354141235
ETS1,AP1G1,Unknown,0.0023205706384032965,-0.0029635876417160034,0.001430478,0.03966870158910751,1.0572760105133057
STAT3,PPP4R3B,Unknown,0.0676170364022255,0.07656729221343994,0.00247501,0.010897994972765446,2.3721630573272705
SPI1,AP1G1,Unknown,-0.0030784395057708025,0.031851790845394135,0.0006715152,0.008718395605683327,1.6197786331176758
HIF1A,MAP3K11,Unknown,0.048257533460855484,0.05804791301488876,0.0017262393,0.02223190851509571,1.65639328956604
STAT3,MAP3K11,Unknown,-0.0026065160054713488,0.006700905505567789,3.8919618e-05,0.006102877203375101,1.1663330793380737
STAT1,LRRN3,Unknown,-0.025068307295441628,-0.01170628797262907,0.0022496898,0.01830863207578659,1.0112171173095703
ETS1,ALOX5AP,Unknown,0.06589307636022568,0.06224474310874939,0.0054072184,0.04838709533214569,1.7735763788223267
RELA,MRPL20,Unknown,0.022277185693383217,0.03900352492928505,0.0027199185,0.017872711643576622,1.543206810951233
HIF1A,SETD1B,Unknown,-0.046994708478450775,-0.0403648316860199,0.00070696877,0.01133391447365284,0.6982374787330627
NFKB1,MEX3C,Unknown,0.024998275563120842,0.05177196115255356,0.0021086484,0.027027027681469917,1.6084836721420288
SP3,CPSF3L,Unknown,-0.02718675136566162,-0.01506007555872202,7.0479924e-05,0.005231037270277739,0.8715275526046753
RUNX3,SETD1B,Unknown,0.0051186298951506615,0.019513947889208794,0.0030921695,0.023539667949080467,1.2906088829040527
TP53,VOPP1,Unknown,0.07992547750473022,0.1139972060918808,0.010547689,0.02615518681704998,2.6555323600769043
SPI1,GATA3,Unknown,-0.07101021707057953,-0.07147717475891113,0.0036542777,0.000871839583851397,0.16122335195541382
MYC,DHRS3,Unknown,0.025429315865039825,0.03120240941643715,0.00049281196,0.008282476104795933,1.5260852575302124
RELA,SSH1,Unknown,0.036826618015766144,0.05356498807668686,0.0019499799,0.01874455064535141,1.6831668615341187
NFKB1,VPS39,Unknown,0.0024058588314801455,0.030664188787341118,0.005666252,0.025283347815275192,1.4593037366867065
RUNX1,SSH1,Unknown,0.014696567319333553,0.03773505613207817,0.00083729444,0.011769833974540234,1.59074866771698
TP53,TMEM50B,Unknown,-0.014462512917816639,0.006303960457444191,0.0011485298,0.014821273274719715,1.1730761528015137
RELA,VOPP1,Unknown,0.0017606545006856322,0.042731888592243195,0.0064321095,0.01830863207578659,1.683255910873413
HIF1A,SSH1,Unknown,0.04046457260847092,0.03470314294099808,0.00069182925,0.01874455064535141,1.3571361303329468
STAT3,PTPRE,Unknown,0.00863974541425705,0.020506005734205246,0.00028138002,0.006974716670811176,1.419327735900879
RARA,SLU7,Unknown,0.01637316308915615,0.02450595609843731,0.00032081126,0.006974716670811176,1.452552318572998
SP3,IFNGR1,Unknown,0.02177230827510357,0.036044567823410034,0.00069378666,0.008718395605683327,1.6326602697372437
SMAD4,PTPRE,Unknown,-0.026184702292084694,-0.015777556225657463,6.300835e-05,0.008282476104795933,0.8942422270774841
JUN,IFNGR1,Unknown,-0.025690147653222084,-0.014564409852027893,7.268373e-05,0.004359197802841663,0.8626233339309692
SMAD3,IFNGR1,Unknown,-0.02488192543387413,-0.003460519714280963,0.0024413948,0.01307759340852499,1.0895825624465942
CEBPB,PTPRE,Unknown,0.21709787845611572,0.21755081415176392,0.017706484,0.03443766385316849,4.5381999015808105
ETS1,AURKAIP1,Unknown,-0.005697277374565601,-0.006187596824020147,0.0011214769,0.03618134185671806,1.010633111000061
NFKB1,VOPP1,Unknown,0.06780450791120529,0.09832795709371567,0.005916644,0.031822144985198975,2.217705488204956
STAT3,PDXK,Unknown,0.005060676950961351,0.03409436345100403,0.0006900632,0.007846556603908539,1.6758960485458374
SPI1,PIH1D1,Unknown,-0.013891497626900673,0.003600839525461197,3.248169e-05,0.006102877203375101,1.153560996055603
RELA,YBX3,Unknown,-0.009346036240458488,0.010601489804685116,0.0021503929,0.011769833974540234,1.2230384349822998
MYC,DUSP6,Unknown,-0.06105884909629822,-0.05788106843829155,0.0021537524,0.0013077593175694346,0.2704409956932068
NFKB1,FCN1,Unknown,0.09458126872777939,0.11415189504623413,0.006347497,0.027027027681469917,2.630887985229492
TP53,SYTL1,Unknown,0.03634214401245117,0.056701354682445526,0.0021405474,0.01918047107756138,1.7319904565811157
STAT3,POLR2J,Unknown,-0.013734480366110802,-0.007102116011083126,9.401846e-06,0.004795117769390345,0.9717268943786621
FLI1,CYP51A1,Unknown,-0.015016029588878155,-0.0070104533806443214,1.2788006e-05,0.006538796704262495,0.9607278108596802
YY1,DNAJA1,Unknown,-0.0013512864243239164,0.017241694033145905,0.0028056325,0.016564952209591866,1.2765432596206665
IRF1,LRRC8C,Unknown,0.0026666379999369383,0.007830665446817875,0.0002085917,0.01874455064535141,1.1165508031845093
IRF8,LRRC8C,Unknown,-0.028128065168857574,-0.021156644448637962,0.00021268055,0.003487358335405588,0.7426391839981079
MYC,ZMIZ2,Unknown,-0.024256546050310135,-0.009658046066761017,1.8398618e-05,0.005231037270277739,0.9470301270484924
NFKB1,ROMO1,Unknown,0.04605447128415108,0.06922397762537003,0.0022785687,0.02615518681704998,1.728237509727478
MAF,SOS1,Unknown,0.012098370119929314,0.026551302522420883,0.000421121,0.010462074540555477,1.4147273302078247
IRF3,CEP350,Unknown,0.02295413613319397,0.03421512618660927,0.000586139,0.008718395605683327,1.567315697669983
RXRA,UTP3,Unknown,-0.007917771115899086,0.0059016733430325985,3.277564e-05,0.005231037270277739,1.170212745666504
CREB1,CTSA,Unknown,0.008832105435431004,0.025835584849119186,0.0004123221,0.008282476104795933,1.4715631008148193
SP3,DYNC1LI2,Unknown,-0.006058170460164547,0.011207419447600842,0.000111694,0.006538796704262495,1.263765811920166
YY1,TAF11,Unknown,0.029076112434267998,0.04493466392159462,0.0034859309,0.01874455064535141,1.6074979305267334
ZBTB7A,SYPL1,Unknown,0.002169817453250289,0.012809733860194683,0.00011669982,0.006538796704262495,1.2697489261627197
SREBF2,AAMP,Unknown,0.010353273712098598,0.016870055347681046,0.00017459774,0.007846556603908539,1.2988022565841675
TP53,RHOF,Unknown,0.033589430153369904,0.05380434915423393,0.0028231863,0.01830863207578659,1.742700219154358
TP53,ZNF395,Unknown,0.02475254237651825,0.04388514161109924,0.0017978871,0.017000872641801834,1.5920029878616333
RELA,ZNF395,Unknown,-0.011803733184933662,-0.00356839201413095,0.0005605654,0.01133391447365284,1.0142830610275269
TP53,ACD,Unknown,0.03907903656363487,0.04948052391409874,0.0011998428,0.017000872641801834,1.603986382484436
CREB1,ARF5,Unknown,-0.00023456357303075492,0.02322847954928875,0.00037269702,0.007846556603908539,1.4588773250579834
TP53,KAT8,Unknown,0.016862578690052032,0.04270584508776665,0.0022018987,0.017000872641801834,1.6161381006240845
JUND,SEPT1,Unknown,-0.022760076448321342,-0.013478556647896767,0.00048758782,0.028770705685019493,0.9144816994667053
SMAD3,SNHG16,Unknown,-0.00015733737382106483,0.017411082983016968,0.0005838208,0.013513513840734959,1.2886146306991577
SMAD4,NDUFC2,Unknown,0.008462834171950817,0.010673360899090767,6.291142e-05,0.009154316037893295,1.1626427173614502
USF2,SEPT1,Unknown,0.04081236198544502,0.06125376746058464,0.0031652458,0.017872711643576622,1.8834224939346313
NFKB1,ZNF395,Unknown,-0.022734660655260086,-0.016468137502670288,0.00032532177,0.016129031777381897,0.9129231572151184
ATF1,ZNF384,Unknown,-0.007571363355964422,0.004510253202170134,2.3857725e-05,0.005231037270277739,1.1489763259887695
RELA,ACD,Unknown,0.002791880164295435,0.0035783378407359123,0.0005147856,0.011769833974540234,1.0708361864089966
NFKB1,DERL2,Unknown,0.03997816517949104,0.057861797511577606,0.002203552,0.024411508813500404,1.681321382522583
YY1,ARHGEF6,Unknown,0.005636983551084995,0.023711441084742546,0.0013681441,0.016129031777381897,1.351094126701355
ATF4,DERL2,Unknown,0.012099510058760643,0.02645437978208065,0.00089879904,0.023975588381290436,1.3250436782836914
MYC,STUB1,Unknown,-0.004779513459652662,0.01027522049844265,8.514061e-05,0.006102877203375101,1.2400026321411133
ETS1,PIP4K2B,Unknown,0.03223486244678497,0.03937441110610962,0.002871208,0.03966870158910751,1.5278027057647705
RUNX3,FAM96A,Unknown,0.01730692945420742,0.034038837999105453,0.000952482,0.02179598994553089,1.4457634687423706
LEF1,MMADHC,Unknown,0.013528209179639816,0.02119900844991207,0.0013816457,0.02266782894730568,1.288464903831482
TP53,PSMD3,Unknown,0.01774343103170395,0.02384011074900627,0.0003194237,0.013949433341622353,1.3003243207931519
IRF1,FOXO1,Unknown,-0.06082414090633392,-0.057313546538352966,0.0034745862,0.010026155039668083,0.5883873105049133
STAT4,DUSP6,Unknown,-0.06605259329080582,-0.07305110991001129,0.0036127183,0.0021795989014208317,0.24930967390537262
SP3,PQBP1,Unknown,0.029737047851085663,0.036570675671100616,0.00063360296,0.0074106366373598576,1.662248134613037
STAT3,SIPA1L1,Unknown,0.05309508368372917,0.08135182410478592,0.0028410812,0.00959023553878069,2.704771041870117
ETS1,NAMPT,Unknown,-0.13050293922424316,-0.12601548433303833,0.009697884,0.014385352842509747,0.3269365131855011
MYC,WRAP73,Unknown,0.00924746599048376,0.023648997768759727,0.00031971984,0.006538796704262495,1.4695459604263306
SPI1,MYC,Unknown,-0.0632118433713913,-0.06413082033395767,0.0031447252,0.0004359197919256985,0.1320708841085434
RUNX1,RPAIN,Unknown,0.00320156617090106,0.013597887940704823,0.00011721259,0.007846556603908539,1.2423948049545288
RELA,MTMR3,Unknown,-0.008713747374713421,-0.009794559329748154,0.000468733,0.00959023553878069,0.9329776763916016
NFKB1,BRD3,Unknown,0.03295234963297844,0.041296862065792084,0.0011873153,0.020924149081110954,1.5070221424102783
JUN,BAG1,Unknown,-0.011451763100922108,-0.004391155671328306,5.1045654e-06,0.003923278301954269,0.9930744767189026
GATA3,ATOX1,Unknown,-0.025549117475748062,-0.01611831784248352,9.635634e-05,0.005231037270277739,0.8473503589630127
JUN,LGALS9,Unknown,-0.009758541360497475,0.0015723650576546788,6.6872403e-06,0.003923278301954269,1.1157982349395752
E2F4,CD8B,Unknown,0.04377405345439911,0.048497483134269714,0.0010154073,0.008718395605683327,1.8168777227401733
SATB1,ATOX1,Unknown,-0.010988439433276653,-0.011539742350578308,0.0004705032,0.010026155039668083,0.8779827952384949
TP53,ATOX1,Unknown,-0.008076880127191544,0.007905309088528156,0.0014464596,0.011769833974540234,1.1809247732162476
CTCF,MPEG1,Unknown,-0.014334862120449543,-0.0035147308371961117,4.9423494e-07,0.003487358335405588,1.0357781648635864
RELA,CD8B,Unknown,0.028176477178931236,0.033867232501506805,0.002298041,0.012641673907637596,1.444282054901123
NFKB1,FGR,Unknown,0.0662948340177536,0.08644271641969681,0.0035612895,0.023539667949080467,2.1082510948181152
JUN,ATOX1,Unknown,-0.008908701129257679,-0.008539695292711258,3.3756678e-05,0.003487358335405588,0.9129541516304016
YY1,CD8B,Unknown,0.000301352352835238,0.017678329721093178,0.0011608328,0.013513513840734959,1.318673849105835
STAT3,MPEG1,Unknown,0.040383752435445786,0.053495120257139206,0.0013140986,0.0074106366373598576,2.1066482067108154
SMAD3,ITGAX,Unknown,-0.03975668177008629,-0.02550552785396576,0.0029616922,0.0074106366373598576,0.8046202659606934
SMAD4,FGR,Unknown,-0.04746929183602333,-0.04098275676369667,0.00082902407,0.003923278301954269,0.5601602792739868
AHR,MPEG1,Unknown,0.18315273523330688,0.15688930451869965,0.008542419,0.020924149081110954,3.5270872116088867
RFX1,FGR,Unknown,-0.034884363412857056,-0.03310777246952057,0.0006444708,0.001743679167702794,0.508613109588623
STAT4,ATOX1,Unknown,-0.007166788913309574,0.00023999606491997838,4.940309e-06,0.007846556603908539,1.0631654262542725
LEF1,FGR,Unknown,-0.12439676374197006,-0.13243311643600464,0.014816833,0.0021795989014208317,0.10302525013685226
SP3,TUBGCP6,Unknown,-0.011981407180428505,0.0010797468712553382,6.6548755e-06,0.004795117769390345,1.0995148420333862
HIF1A,ZNRF2,Unknown,-0.010491061955690384,-0.003645205171778798,0.000509961,0.01133391447365284,1.0119175910949707
JUN,SIAH2,Unknown,0.005811912007629871,0.014636748470366001,0.00011312414,0.004795117769390345,1.322155237197876
STAT1,LGALS9,Unknown,0.17227400839328766,0.1907540112733841,0.015616361,0.03312990441918373,4.5042266845703125
CEBPB,EGLN1,Unknown,-0.05369189381599426,-0.04539250209927559,0.0011289647,0.006102877203375101,0.5881113409996033
SP3,COPS6,Unknown,0.04788961634039879,0.06528902798891068,0.0018744698,0.008718395605683327,2.2922091484069824
NFKB1,FRYL,Unknown,0.027334433048963547,0.043638139963150024,0.0013358559,0.01918047107756138,1.5194474458694458
JUN,FGR,Unknown,0.007808802183717489,0.009220750071108341,4.277827e-05,0.004359197802841663,1.2153383493423462
SP3,UBE2F,Unknown,-0.0052704582922160625,0.0037901399191468954,1.5202042e-05,0.004795117769390345,1.132428765296936
RUNX1,SDF2L1,Unknown,0.017786165699362755,0.025448685511946678,0.00035663828,0.007846556603908539,1.4476056098937988
CREB1,NT5C,Unknown,0.04357578977942467,0.0539640337228775,0.0012944419,0.008282476104795933,2.0081846714019775
NFKB2,ENTPD6,Unknown,-0.0024799243547022343,0.013209326192736626,0.00012252732,0.00566695723682642,1.302034616470337
YY1,SFT2D1,Unknown,-0.009137330576777458,0.008637377060949802,0.0029056168,0.012205754406750202,1.2140154838562012
STAT1,CLNS1A,Unknown,0.025905877351760864,0.03984049707651138,0.0017851879,0.017872711643576622,1.5804903507232666
JUN,BST2,Unknown,-0.0006568446406163275,0.0025426517240703106,6.6872403e-06,0.003923278301954269,1.1157982349395752
CREB1,SF3B4,Unknown,0.0007251708302646875,0.02507614903151989,0.0004052751,0.006538796704262495,1.5416028499603271
POU2F2,SDF2L1,Unknown,-0.0038333425763994455,0.0176530871540308,0.000280468,0.00959023553878069,1.346595287322998
STAT1,WBP1L,Unknown,0.01612713187932968,0.024123845621943474,0.00042428923,0.015693113207817078,1.3193306922912598
TP53,CLNS1A,Unknown,0.04822636768221855,0.05863194912672043,0.002416859,0.014821273274719715,1.858798623085022
STAT1,CSF1R,Unknown,0.17815524339675903,0.18949384987354279,0.014639414,0.02920662611722946,4.773421764373779
RELA,IRF5,Unknown,0.033173393458127975,0.04709067940711975,0.002283219,0.01307759340852499,1.6975303888320923
NFKB1,SYK,Unknown,0.08955924957990646,0.11147955805063248,0.0071043116,0.02659110724925995,2.70596981048584
TP53,SMAP1,Unknown,0.014760912396013737,0.031961578875780106,0.0010582109,0.012641673907637596,1.491544485092163
JUN,TRABD2A,Unknown,-0.018026430159807205,-0.012721032835543156,7.565699e-05,0.0030514386016875505,0.8473474383354187
SPI1,HLA-DMB,Unknown,0.06498996913433075,0.1393033117055893,0.0075973207,0.012641673907637596,4.593435287475586
SP3,MAP3K14,Unknown,-0.011908241547644138,0.012225834652781487,0.00013893002,0.005231037270277739,1.3391845226287842
JUND,SYK,Unknown,0.10392685979604721,0.1179565042257309,0.010322315,0.04141237959265709,2.992718458175659
ATF1,TRABD2A,Unknown,-0.01434008963406086,-0.001304241013713181,7.7362307e-07,0.003923278301954269,1.070448637008667
TP53,VAMP4,Unknown,0.015178531408309937,0.028487553820014,0.000736475,0.012205754406750202,1.4364875555038452
STAT2,CNP,Unknown,0.04430067911744118,0.05752401053905487,0.002203866,0.013513513840734959,1.9252805709838867
IRF9,CLNS1A,Unknown,0.02655411697924137,0.032317761331796646,0.00064128306,0.014385352842509747,1.4389126300811768
STAT1,TPM3,Unknown,0.021375330165028572,0.048721086233854294,0.0019316989,0.017872711643576622,1.7045108079910278
RBPJ,SMAD2,Unknown,0.0031618631910532713,0.024021804332733154,0.002106124,0.01133391447365284,1.426200270652771
STAT2,TGFBI,Unknown,0.048676278442144394,0.061344511806964874,0.0016870447,0.011769833974540234,1.972484827041626
IRF1,HLA-DMB,Unknown,0.07609780132770538,0.08311541378498077,0.0033465852,0.020488230511546135,2.1565113067626953
IRF9,CSF1R,Unknown,0.023014172911643982,0.038794659078121185,0.002320116,0.013949433341622353,1.6268967390060425
SPI1,PPP2R2D,Unknown,-0.012680689804255962,0.005977666936814785,4.0804025e-05,0.004359197802841663,1.2108988761901855
TP53,GRIPAP1,Unknown,0.060218024998903275,0.08580992370843887,0.003490068,0.016564952209591866,2.352062463760376
TP53,CRY1,Unknown,0.004694974981248379,0.021355485543608665,0.000694907,0.01133391447365284,1.3788892030715942
RELA,PPP2R2D,Unknown,0.04751129075884819,0.06631729751825333,0.0027701363,0.014385352842509747,2.0572714805603027
MYC,FKBP4,Unknown,0.046536996960639954,0.05749676004052162,0.0014466391,0.0074106366373598576,2.1917989253997803
MBD1,CEP85L,Unknown,0.016726337373256683,0.012435044161975384,5.7916095e-05,0.006538796704262495,1.1912853717803955
SMAD3,HAGH,Unknown,-0.015070479363203049,-0.012568031437695026,0.0002845656,0.0074106366373598576,0.897708535194397
SMAD4,WHSC1,Unknown,0.03681405261158943,0.04195534437894821,0.000849518,0.009154316037893295,1.703087329864502
TP53,TM9SF1,Unknown,0.025278540328145027,0.04830830916762352,0.0023741517,0.013513513840734959,1.8039098978042603
YY1,ZMIZ1,Unknown,0.00961862038820982,0.02671789936721325,0.0012832931,0.012641673907637596,1.4642771482467651
HSF1,GRIPAP1,Unknown,-0.005466223228722811,0.02095935307443142,0.00033996624,0.0074106366373598576,1.4512547254562378
SREBF2,AMPD2,Unknown,-0.00457119382917881,0.014042790979146957,0.000145753,0.00566695723682642,1.3309977054595947
GATA3,APPL1,Unknown,0.021723296493291855,0.03773265704512596,0.0007243083,0.007846556603908539,1.6983367204666138
STAT3,ZNF146,Unknown,0.010993766598403454,0.02329999767243862,0.00028485365,0.004795117769390345,1.5363495349884033
MYC,PRKCD,Unknown,0.007054428569972515,0.022474324330687523,0.00027599963,0.005231037270277739,1.4971500635147095
TP53,THAP11,Unknown,-0.01720631867647171,-0.002749961568042636,0.00015227382,0.008718395605683327,1.0472049713134766
CREB1,RGS2,Unknown,0.015168637968599796,0.024277454242110252,0.0002962511,0.00566695723682642,1.492145299911499
ETS1,GTPBP1,Unknown,-0.018360352143645287,-0.015634946525096893,0.001365603,0.02266782894730568,0.9695166945457458
STAT1,OXSR1,Unknown,0.0018323786789551377,0.018925407901406288,0.002014939,0.014385352842509747,1.3365660905838013
RELA,TIMM13,Unknown,-0.010583758354187012,-0.0018749377923086286,0.0011573355,0.008282476104795933,1.0464824438095093
SMAD3,OXLD1,Unknown,0.012106850743293762,0.015187520533800125,0.0001570333,0.00959023553878069,1.2508106231689453
SMAD4,OXLD1,Unknown,0.023401735350489616,0.018902720883488655,0.00017685958,0.0074106366373598576,1.3122169971466064
NFKB1,TIMM13,Unknown,0.03468712419271469,0.05049654841423035,0.0016381951,0.017872711643576622,1.7057362794876099
MEF2A,SH3BP2,Unknown,0.03658096864819527,0.059444401413202286,0.0016488987,0.007846556603908539,2.2657413482666016
TP53,TPGS2,Unknown,-0.021418582648038864,-0.009823261760175228,0.00027913184,0.007846556603908539,0.9303126335144043
MEF2D,BMF,Unknown,0.0545751117169857,0.0672479122877121,0.0020540345,0.011769833974540234,2.121880531311035
RUNX1,IFIT3,Unknown,-0.005100211128592491,-0.01106865331530571,6.945273e-05,0.004359197802841663,0.866108775138855
SPI1,SRP54,Unknown,-0.01627649925649166,0.011575129814445972,0.00011513338,0.004359197802841663,1.3457506895065308
CTCF,CHTF8,Unknown,-0.00963051151484251,0.018808070570230484,0.00023509568,0.003923278301954269,1.5484986305236816
CTCF,SRP54,Unknown,0.0387532114982605,0.055534783750772476,0.0013233961,0.00566695723682642,2.3704545497894287
STAT1,ITPA,Unknown,0.014252503402531147,0.024585425853729248,0.00071998226,0.013949433341622353,1.3853572607040405
JUN,BCKDK,Unknown,0.00015952416288200766,0.005132557824254036,1.5626008e-05,0.003487358335405588,1.1674984693527222
JUN,C10ORF32,Unknown,0.006260943133383989,0.014114531688392162,0.000111020236,0.003923278301954269,1.3636363744735718
TP53,GCLC,Unknown,0.007265734951943159,0.029714476317167282,0.0016833544,0.010897994972765446,1.4952561855316162
STAT3,SRP54,Unknown,0.010306499898433685,0.03478160873055458,0.0006343771,0.005231037270277739,1.8421052694320679
NFKB1,HTRA2,Unknown,0.02028476819396019,0.03261329606175423,0.0006114861,0.014821273274719715,1.413131833076477
RELA,MARCH5,Unknown,0.01147480495274067,0.022267518565058708,0.0004447334,0.00959023553878069,1.3595330715179443
STAT5A,GPS1,Unknown,-0.005212204065173864,0.012131192721426487,0.00011324619,0.004795117769390345,1.3224270343780518
MYC,GCLC,Unknown,-0.027334554120898247,-0.01822064258158207,0.0001576187,0.0026155186351388693,0.7606393098831177
STAT5B,GPS1,Unknown,-0.017356498166918755,-0.012120524421334267,0.0013476654,0.010026155039668083,0.9497780203819275
CREB1,SBDS,Unknown,-0.004453374072909355,0.0061854105442762375,3.2577238e-05,0.004359197802841663,1.1914118528366089
JUN,IER3,Unknown,-0.003372376784682274,-0.007453715428709984,3.3913948e-05,0.0026155186351388693,0.9108875393867493
NFE2L2,IER3,Unknown,0.06452551484107971,0.09083699434995651,0.0070357583,0.014385352842509747,2.652505874633789
NFKB1,PER1,Unknown,0.052817102521657944,0.06858618557453156,0.0023855348,0.017872711643576622,1.9803221225738525
RELA,PER1,Unknown,0.02423720248043537,0.034573279321193695,0.0031480172,0.010462074540555477,1.5888797044754028
STAT1,ADSL,Unknown,-0.0002807974233292043,0.012739211320877075,0.0005438311,0.012641673907637596,1.264026403427124
USF2,H6PD,Unknown,0.04039823263883591,0.05130109190940857,0.0015208297,0.011769833974540234,1.8412775993347168
YY1,CAPN15,Unknown,-0.001798427663743496,0.017615796998143196,0.0005861262,0.010462074540555477,1.3615977764129639
NFKB1,MRPL23,Unknown,0.020084189251065254,0.04966562241315842,0.002161902,0.016564952209591866,1.777803897857666
ETS1,RRP36,Unknown,0.02368691936135292,0.02961675450205803,0.004274337,0.02615518681704998,1.5289422273635864
JUN,YAF2,Unknown,0.012849906459450722,0.027268443256616592,0.00036986728,0.004359197802841663,1.6716316938400269
AHR,MAFB,Unknown,0.2702009677886963,0.2573012113571167,0.023060948,0.039232783019542694,5.222908020019531
MYC,PTPRC,Unknown,0.01122885849326849,0.005060963332653046,0.005578277,0.047079335898160934,1.6393637657165527
USF2,NFKB1,Unknown,-0.021271347999572754,-0.01565133035182953,0.0025021005,0.03007846511900425,0.9515984654426575
GATA3,CTSB,Unknown,-0.04325335845351219,-0.03681258484721184,0.0027997247,0.015693113207817078,0.7914315462112427
RELA,UBB,Unknown,0.003834088332951069,0.01798630692064762,0.0056720786,0.07759372144937515,1.3470134735107422
JUN,RHOA,Unknown,0.010485626757144928,0.020213186740875244,0.0030690378,0.028334787115454674,1.4161118268966675
NR3C1,FYB,Unknown,0.012081551365554333,0.018524568527936935,0.009438938,0.09895379096269608,1.2760484218597412
RARA,RHOA,Unknown,0.04669928550720215,0.049318332225084305,0.0022443898,0.031386226415634155,1.6847912073135376
CREM,BTG2,Unknown,-0.00022045167861506343,0.013717050664126873,0.0025256625,0.023539667949080467,1.2683393955230713
SP3,MARCKS,Unknown,-0.013969875872135162,-0.0026909667067229748,4.062031e-08,0.006102877203375101,1.0255708694458008
NFKB1,MARCKS,Unknown,0.2000586986541748,0.203403040766716,0.01709521,0.0440278984606266,3.847989320755005
FOXO1,AKNA,Unknown,0.0010598581284284592,0.008610367774963379,0.001003106,0.027462946251034737,1.1499576568603516
TP53,ARPC1B,Unknown,-0.016760360449552536,0.00656861113384366,0.0057872403,0.051002614200115204,1.2036408185958862
FOXO1,GBP2,Unknown,0.056501518934965134,0.06982982158660889,0.004795105,0.031386226415634155,1.8904656171798706
HIF1A,MYL12A,Unknown,0.009958179667592049,0.022875504568219185,0.007711263,0.06320837140083313,1.2819732427597046
IRF1,LDHB,Unknown,-0.06483151018619537,-0.056392036378383636,0.007890273,0.057977333664894104,0.8220630884170532
SPI1,GPR183,Unknown,0.04586928337812424,0.06604975461959839,0.002282371,0.016564952209591866,1.9357051849365234
USF2,PTP4A2,Unknown,0.0013231587363407016,0.00850996095687151,0.0061024847,0.04446381703019142,1.1792209148406982
HIF1A,CD53,Unknown,0.05985016003251076,0.060816116631031036,0.0060633514,0.06887532770633698,1.5202958583831787
HBP1,EVI2B,Unknown,0.0024596380535513163,0.015950793400406837,0.0039942754,0.05579773336648941,1.2381623983383179
TP53,GIMAP4,Unknown,0.05198715254664421,0.060124993324279785,0.003908811,0.05536181479692459,1.5290433168411255
TP53,SRSF5,Unknown,0.04077208787202835,0.061098843812942505,0.008295949,0.04838709533214569,1.639096736907959
STAT4,CSTB,Unknown,-0.028383076190948486,-0.016060877591371536,0.00039893965,0.01918047107756138,0.9335399270057678
LEF1,SRSF5,Unknown,0.04024923965334892,0.05841151997447014,0.007621843,0.07454228401184082,1.5334116220474243
STAT1,SKIL,Unknown,0.04617098346352577,0.05628582462668419,0.0065853586,0.06800349056720734,1.4441951513290405
ETS1,LYN,Unknown,-0.1713847666978836,-0.18037675321102142,0.020478567,0.017000872641801834,0.23564185202121735
NFKB1,GIMAP6,Unknown,-0.06758131086826324,-0.05354771390557289,0.0056686634,0.04054053872823715,0.8092382550239563
JUN,TXNRD1,Unknown,0.0015700040385127068,3.181214924552478e-05,1.0634075e-06,0.006538796704262495,1.0071346759796143
RUNX1,PSMA7,Unknown,0.006763623561710119,0.025139106437563896,0.0008939443,0.02920662611722946,1.2955284118652344
SMAD4,ARF1,Unknown,0.03597148880362511,0.042844466865062714,0.0011607232,0.03400174528360367,1.4082356691360474
ETS1,GRB2,Unknown,-0.10858307778835297,-0.10370433330535889,0.011950292,0.08892763406038284,0.711369514465332
RELA,SLC3A2,Unknown,0.023719266057014465,0.04533148556947708,0.00480464,0.03748910129070282,1.4679069519042969
FLI1,ACTB,Unknown,-0.007562058046460152,0.006972167640924454,0.00041385693,0.02571926824748516,1.1435918807983398
ETS1,BAG6,Unknown,0.0011081149568781257,0.0008227809448726475,0.011439706,0.10156930983066559,1.1127359867095947
ETS1,CMPK1,Unknown,0.058570314198732376,0.06336409598588943,0.014950236,0.13295553624629974,1.5558737516403198
MYC,PPP1R16B,Unknown,-0.05751575157046318,-0.04875810816884041,0.001414791,0.008282476104795933,0.6085046529769897
STAT3,HERPUD2,Unknown,0.01246615406125784,0.014885928481817245,0.0008885217,0.013513513840734959,1.2469605207443237
CTCF,CIB1,Unknown,0.049114227294921875,0.0671674981713295,0.005239488,0.021360069513320923,2.130162477493286
RELA,AKAP17A,Unknown,-0.012978965416550636,0.004774980712682009,0.0030325307,0.032258063554763794,1.148310661315918
TP53,PPP1R18,Unknown,0.013723074458539486,0.01929117552936077,0.0019533662,0.03618134185671806,1.1844791173934937
CTCF,STAT6,Unknown,0.024146419018507004,0.040311045944690704,0.003774819,0.017436791211366653,1.5736868381500244
YY1,CAPZA1,Unknown,0.04195604845881462,0.05684148520231247,0.006538963,0.05143853649497032,1.5142701864242554
STAT2,RASAL3,Unknown,-0.03212776035070419,-0.0180292259901762,0.0040579326,0.027898866683244705,0.9657621383666992
STAT3,RASAL3,Unknown,-0.022480210289359093,-0.008447435684502125,0.002547786,0.012641673907637596,1.011077642440796
STAT1,SEC61B,Unknown,0.05767488107085228,0.0797964334487915,0.0093526,0.050566695630550385,1.7832356691360474
STAT1,STK17A,Unknown,-0.023799192160367966,-0.012476654723286629,0.0023102548,0.04795117676258087,1.0196844339370728
IRF1,RPL22,Unknown,-0.038128841668367386,-0.028335826471447945,0.005700651,0.043156057596206665,0.9185040593147278
SPI1,IFITM3,Unknown,0.2954179346561432,0.30250218510627747,0.024946693,0.020924149081110954,11.779122352600098
RELA,ABR,Unknown,0.007186602801084518,0.028796501457691193,0.0018311932,0.020924149081110954,1.3880207538604736
MYC,CAB39,Unknown,0.010194171220064163,0.021347906440496445,0.0005817547,0.017436791211366653,1.2979718446731567
NFKB1,CAB39,Unknown,0.025061771273612976,0.031041176989674568,0.0036390761,0.054054055362939835,1.2585035562515259
RUNX3,CAB39,Unknown,0.013722015544772148,0.025465965270996094,0.002813653,0.054054055362939835,1.2585035562515259
STAT3,TCIRG1,Unknown,0.06268902122974396,0.07747925072908401,0.0042685703,0.020052310079336166,2.1748878955841064
RELA,TCIRG1,Unknown,0.010039920918643475,0.02909492515027523,0.008547409,0.03487358242273331,1.3545267581939697
NFKB1,JOSD1,Unknown,0.013036665506660938,0.03690249100327492,0.0065945927,0.05361813306808472,1.4021583795547485
STAT2,TCIRG1,Unknown,0.09775032103061676,0.10590431839227676,0.007607454,0.04184829816222191,2.0294854640960693
TP53,PRMT2,Unknown,0.032727211713790894,0.05486660450696945,0.0053890357,0.04010462015867233,1.5499463081359863
MYC,GPS2,Unknown,0.005416430067270994,0.014027444645762444,0.0023415075,0.014385352842509747,1.2398558855056763
SP3,NLRC5,Unknown,-0.00106661522295326,0.012628531083464622,0.00016522134,0.013949433341622353,1.20287024974823
RUNX1,METRNL,Unknown,-0.008283888921141624,0.006036733742803335,6.963252e-05,0.01133391447365284,1.1512759923934937
HIF1A,NAP1L4,Unknown,0.008699432015419006,0.02671755664050579,0.0043589715,0.03661726415157318,1.311498999595642
ATF1,GPS2,Unknown,-0.0028041726909577847,0.0021046095062047243,0.00028023424,0.01133391447365284,1.0660302639007568
RELA,LITAF,Unknown,0.048871155828237534,0.07363507151603699,0.004755916,0.03661726415157318,1.7922800779342651
NFKB1,LITAF,Unknown,-0.002932831412181258,0.0169428288936615,0.0025155765,0.043156057596206665,1.2121080160140991
MYC,C4ORF3,Unknown,-0.002143060090020299,0.0033624419011175632,0.0002855267,0.01133391447365284,1.0904825925827026
NFKB1,ANXA2P3,Unknown,0.10671456158161163,0.12224186956882477,0.009757529,0.05231037363409996,2.1458523273468018
BCL6,CBX3,Unknown,-0.0320812463760376,-0.012785868719220161,4.761123e-05,0.008718395605683327,0.9086006283760071
CREB1,CNOT6L,Unknown,0.016652977094054222,0.029268454760313034,0.0009105452,0.016129031777381897,1.3971710205078125
BCL6,INSIG1,Unknown,0.00198394525796175,0.02182886190712452,0.0013546904,0.010462074540555477,1.4127095937728882
STAT5A,ANXA2P3,Unknown,-0.025820016860961914,-0.015170463360846043,0.000243974,0.010026155039668083,0.9043819308280945
SMAD3,TUBA1C,Unknown,-0.04141844063997269,-0.02722536399960518,0.0036126804,0.014821273274719715,0.8430724143981934
SMAD4,STK25,Unknown,0.03745889663696289,0.0530790314078331,0.002245281,0.01918047107756138,1.6559653282165527
YY1,TAF7,Unknown,-0.02419953979551792,6.890726945130154e-05,0.0073412224,0.02964254654943943,1.1371954679489136
STAT1,P2RY8,Unknown,-0.07858353108167648,-0.06357938051223755,0.0073889187,0.02659110724925995,0.7178047299385071
RELA,TAF7,Unknown,-0.004815742373466492,0.007702430710196495,0.0043912837,0.02571926824748516,1.131401538848877
TP53,OST4,Unknown,-0.0011335324961692095,0.025782326236367226,0.0068466794,0.031386226415634155,1.3662320375442505
NFKB1,CREBBP,Unknown,-0.0024418793618679047,0.011740622110664845,0.0047903247,0.03966870158910751,1.142007827758789
STAT3,CREBBP,Unknown,0.037708766758441925,0.040599748492240906,0.00083035475,0.013513513840734959,1.5352373123168945
NFKB1,P2RY8,Unknown,-0.015966467559337616,-0.007477371022105217,0.0017359979,0.03487358242273331,1.011049509048462
IRF3,P2RY8,Unknown,0.02934531681239605,0.04470660910010338,0.0037155824,0.016564952209591866,1.6421595811843872
USF2,TAGAP,Unknown,-0.030037693679332733,-0.01446234155446291,0.0026501473,0.019616391509771347,0.9690533876419067
TP53,ARID5A,Unknown,-0.009847764857113361,-0.005484618712216616,0.0060420455,0.02266782894730568,1.0055999755859375
ETS1,GGA2,Unknown,-0.012091299518942833,-0.013582682237029076,0.0030434532,0.06408020853996277,1.0087120532989502
MYC,PSMG2,Unknown,0.030446160584688187,0.04470280557870865,0.004530461,0.014821273274719715,1.6752398014068604
MYC,ORMDL1,Unknown,0.03309035301208496,0.046058885753154755,0.0030169704,0.014821273274719715,1.6942532062530518
RELA,BRI3,Unknown,-0.0036956623662263155,0.029147742316126823,0.010790972,0.027462946251034737,1.4268616437911987
STAT3,PSMG2,Unknown,-0.003669915022328496,0.014210562221705914,0.0003797241,0.010462074540555477,1.2519553899765015
NFKB1,PAK2,Unknown,0.016531839966773987,0.04415430873632431,0.007839675,0.04141237959265709,1.4566195011138916
ETS1,PPP2CA,Unknown,0.05255745351314545,0.05639006569981575,0.0098978765,0.07802964001893997,1.6679195165634155
SPI1,ANKH,Unknown,-0.05946940556168556,-0.05681741237640381,0.0029659385,0.004795117769390345,0.4613325893878937
JUN,GGA2,Unknown,-0.00509793171659112,-0.004742307122796774,0.00035865037,0.008718395605683327,1.006757140159607
IRF1,PSMG2,Unknown,-0.04633481428027153,-0.025938190519809723,0.006397063,0.02920662611722946,0.939648449420929
CTCF,PHKG1,Unknown,0.022584794089198112,0.03761490806937218,0.0013282605,0.010897994972765446,1.6580930948257446
CREB1,WAS,Unknown,0.016717514023184776,0.03279714658856392,0.00088985596,0.014385352842509747,1.4864407777786255
TP53,EFHD2,Unknown,-0.002078304998576641,0.009541865438222885,0.008208462,0.023975588381290436,1.157052993774414
TP53,MAGED2,Unknown,0.0119773605838418,0.03190411999821663,0.00361685,0.02615518681704998,1.3759115934371948
TP53,FCN1,Unknown,-0.05194123461842537,-0.04841005802154541,0.0022518763,0.006102877203375101,0.5573570728302002
TP53,THRAP3,Unknown,0.002376286080107093,0.02571512572467327,0.0072221416,0.02571926824748516,1.3606595993041992
TP53,UBE2Z,Unknown,0.024733198806643486,0.04462987184524536,0.004804149,0.027898866683244705,1.5284007787704468
RELA,RAB9A,Unknown,0.0001635666994843632,0.02325049787759781,0.003131064,0.011769833974540234,1.4085370302200317
NFKB1,IFITM3,Unknown,0.05596577376127243,0.05624941363930702,0.001764672,0.01830863207578659,1.7506566047668457
STAT1,C1ORF43,Unknown,0.0008772764704190195,0.020148957148194313,0.006608213,0.03312990441918373,1.2816733121871948
TP53,SNRPC,Unknown,0.03804033622145653,0.06575462967157364,0.0036989122,0.028334787115454674,1.7906941175460815
RELA,USMG5,Unknown,-0.026966875419020653,-0.0037887715734541416,0.0030372296,0.020052310079336166,1.077697992324829
MYC,DIDO1,Unknown,0.020657524466514587,0.02522486448287964,0.0003259168,0.010897994972765446,1.3501965999603271
RFX1,CCT5,Unknown,-0.007734098471701145,-0.0031523793004453182,0.00034354365,0.006974716670811176,1.0083905458450317
STAT1,DAZAP1,Unknown,0.038346827030181885,0.06814692169427872,0.0072932336,0.03836094215512276,1.778536319732666
E2F4,METTL17,Unknown,-0.003288663225248456,0.007550607435405254,4.8965216e-05,0.010897994972765446,1.130738377571106
YY1,SHKBP1,Unknown,0.018609661608934402,0.030398905277252197,0.0011550321,0.024847427383065224,1.3430917263031006
STAT3,C14ORF166,Unknown,-0.03881193697452545,-0.02477460727095604,0.00021254366,0.00566695723682642,0.7763538956642151
TP53,VHL,Unknown,0.019505595788359642,0.04160919040441513,0.0020074234,0.023975588381290436,1.4959008693695068
HIF1A,AKT1,Unknown,0.02027403935790062,0.04180196672677994,0.0014766363,0.02615518681704998,1.495695948600769
SPI1,UBR4,Unknown,0.017316909506917,0.041838064789772034,0.001084874,0.01133391447365284,1.7229347229003906
NFKB1,SLC12A6,Unknown,-0.021378206089138985,-0.01046585850417614,0.0010342128,0.02571926824748516,0.9958935976028442
RELA,POLR2L,Unknown,0.020307376980781555,0.0467073991894722,0.0036326158,0.023539667949080467,1.594077467918396
IRF1,PACS1,Unknown,-0.042751941829919815,-0.029539190232753754,0.0022336028,0.021360069513320923,0.8811110854148865
RELA,ORAI2,Unknown,0.046329230070114136,0.05573153495788574,0.0028475488,0.023539667949080467,1.627378225326538
YY1,PHF1,Unknown,0.05257242172956467,0.06601114571094513,0.0031391268,0.027898866683244705,1.7181683778762817
RELA,PHF19,Unknown,0.026307392865419388,0.03523297235369682,0.00071286724,0.01918047107756138,1.3971699476242065
NFKB1,C5ORF56,Unknown,0.004582319408655167,0.02087419293820858,0.0012912251,0.027462946251034737,1.270642638206482
CEBPB,CCM2,Unknown,-0.030034806579351425,-0.017880911007523537,0.0025523107,0.015693113207817078,0.9138301014900208
USF2,BIN1,Unknown,0.014919910579919815,0.021295733749866486,0.0003700217,0.019616391509771347,1.24687922000885
SREBF2,MBD6,Unknown,0.03628089651465416,0.049459945410490036,0.0012740073,0.013513513840734959,1.7184098958969116
TP53,MFSD10,Unknown,0.027678582817316055,0.04268696531653404,0.0033373279,0.023103749379515648,1.5096105337142944
NFKB1,IFNGR2,Unknown,0.10268799215555191,0.1272958219051361,0.00815865,0.035745423287153244,2.607914686203003
HIF1A,JMJD1C,Unknown,0.038814496248960495,0.05160537362098694,0.0018888776,0.025283347815275192,1.587018609046936
YY1,SDF4,Unknown,0.012343778274953365,0.017562322318553925,0.0009792793,0.020052310079336166,1.223894715309143
HIF1A,KHNYN,Unknown,-0.0002944446459878236,0.021415486931800842,0.00064196816,0.02223190851509571,1.3148118257522583
JUN,C5ORF56,Unknown,-0.017792396247386932,-0.00487531116232276,8.286369e-07,0.006102877203375101,1.0111312866210938
SMAD3,C5ORF56,Unknown,0.05417259782552719,0.07047771662473679,0.0027254056,0.023103749379515648,1.854733943939209
IRF1,TMEM258,Unknown,0.013283560052514076,0.042989373207092285,0.004015465,0.02920662611722946,1.5574945211410522
YY1,SLMO2,Unknown,0.004580567590892315,0.02146553434431553,0.0026684173,0.020052310079336166,1.3117241859436035
USF2,ACAP2,Unknown,0.02285667508840561,0.027246160432696342,0.00046923637,0.017436791211366653,1.31918203830719
STAT3,XRCC6,Unknown,0.020242206752300262,0.049342136830091476,0.0013215479,0.00959023553878069,1.9267935752868652
STAT4,XRCC6,Unknown,0.0035495408810675144,0.019641906023025513,0.00030581473,0.01307759340852499,1.3036493062973022
TP53,LINC00926,Unknown,0.024731526151299477,0.04033166915178299,0.0008704216,0.015257192775607109,1.5138744115829468
STAT3,GOLGA3,Unknown,-0.023175634443759918,0.0005842708051204681,1.9082032e-05,0.006102877203375101,1.1229609251022339
CREM,ID2,Unknown,0.02718489058315754,0.04937634989619255,0.0011961033,0.008718395605683327,1.9174870252609253
TP53,MCMBP,Unknown,-0.0271920133382082,-0.014190144836902618,0.00014086674,0.013513513840734959,0.9365350008010864
ETS1,TTC39C,Unknown,0.04986460879445076,0.049186863005161285,0.0047252798,0.04882301762700081,1.6209402084350586
STAT3,SUPT5H,Unknown,0.017225639894604683,0.03696989268064499,0.0007066987,0.008282476104795933,1.6632258892059326
SPI1,TTC39C,Unknown,-0.05952390283346176,-0.055418308824300766,0.0018196013,0.0021795989014208317,0.35634487867355347
STAT1,SLU7,Unknown,-0.008466898463666439,0.015327067114412785,0.0009827142,0.02179598994553089,1.2586627006530762
ETS1,IFNGR1,Unknown,-0.07227008044719696,-0.07367962598800659,0.0030813,0.028334787115454674,0.625507116317749
HIF1A,EIF2AK1,Unknown,0.0022225440479815006,0.0008940471452660859,0.00032094592,0.015257192775607109,1.0142731666564941
NFKB1,MRPL20,Unknown,0.02974674664437771,0.055992092937231064,0.0027980225,0.027898866683244705,1.6675783395767212
RUNX3,PSMB6,Unknown,0.04333628714084625,0.0632927194237709,0.004515555,0.02920662611722946,1.8109521865844727
SP3,ENY2,Unknown,0.018106382340192795,0.01768679730594158,0.00017372688,0.0074106366373598576,1.3086212873458862
TP53,IFNGR1,Unknown,0.012519698590040207,0.04657154902815819,0.0041850014,0.019616391509771347,1.6687092781066895
SPI1,POLE3,Unknown,-0.044108662754297256,-0.04137597978115082,0.0008820974,0.0030514386016875505,0.5202891230583191
MYC,PTPRE,Unknown,-0.05812836065888405,-0.060316216200590134,0.0024111015,0.001743679167702794,0.2846776247024536
RELA,VPS39,Unknown,0.011849788948893547,0.02421029843389988,0.0010847097,0.015693113207817078,1.3168960809707642
NFKB1,SSH1,Unknown,0.06485999375581741,0.07897686213254929,0.0031145848,0.02920662611722946,1.8389525413513184
RUNX1,GATA3,Unknown,0.00925584975630045,0.018202900886535645,0.0002268478,0.010026155039668083,1.2986406087875366
TP53,BNIP2,Unknown,0.027793118730187416,0.032003361731767654,0.0019643477,0.017000872641801834,1.3921685218811035
RELA,IFNGR1,Unknown,0.036749545484781265,0.06613785028457642,0.0060870457,0.020488230511546135,1.9412481784820557
STAT3,ALOX5AP,Unknown,0.0003891422529704869,0.005214734468609095,2.3046963e-05,0.00566695723682642,1.1393539905548096
RARA,IFNGR1,Unknown,0.057728853076696396,0.07907171547412872,0.002821327,0.010897994972765446,2.5307905673980713
SMAD4,DHRS3,Unknown,0.015227670781314373,0.030658623203635216,0.0006125887,0.012205754406750202,1.47484290599823
SP3,ALOX5AP,Unknown,0.009909490123391151,0.02565751224756241,0.0003621035,0.007846556603908539,1.4514673948287964
SMAD3,PTPRE,Unknown,-0.016437387093901634,-0.0034806502517312765,0.00011698848,0.012641673907637596,1.030836582183838
CEBPB,IFNGR1,Unknown,0.08840804547071457,0.12456464022397995,0.007735311,0.02615518681704998,2.8088223934173584
ETS1,RXRB,Unknown,0.016908548772335052,0.022613350301980972,0.0012118809,0.04054053872823715,1.2379975318908691
NFKB1,RAB35,Unknown,0.03824590891599655,0.05577056109905243,0.0016304634,0.02615518681704998,1.5852073431015015
STAT3,ARFGEF2,Unknown,0.04804115742444992,0.0572182722389698,0.0014471824,0.009154316037893295,2.022524118423462
SPI1,MLLT1,Unknown,0.015232766047120094,0.04636596888303757,0.0011862231,0.009154316037893295,1.882608413696289
RELA,FCN1,Unknown,-0.0032234368845820427,0.010662443935871124,0.0017420364,0.010897994972765446,1.2013869285583496
MYC,PRF1,Unknown,-0.05687020346522331,-0.057266175746917725,0.0021782303,0.0013077593175694346,0.2687091827392578
NFKB1,KYNU,Unknown,0.12654303014278412,0.14471128582954407,0.00940628,0.028770705685019493,3.2690937519073486
TP53,CCNC,Unknown,0.03297608718276024,0.053009286522865295,0.00201379,0.01918047107756138,1.6955218315124512
STAT3,DDX6,Unknown,0.006506821606308222,0.013913782313466072,0.000119834396,0.006102877203375101,1.2854419946670532
YY1,RNF168,Unknown,0.007227195892482996,0.01209635753184557,0.00010311268,0.015257192775607109,1.142945408821106
IRF1,LRRN3,Unknown,-0.023156890645623207,-0.01772833988070488,0.0009541183,0.016129031777381897,0.8980342745780945
MYC,ZNF101,Unknown,0.04826131463050842,0.06601348519325256,0.001993255,0.010462074540555477,2.183648109436035
IRF8,THEMIS2,Unknown,0.011337216012179852,0.01976679638028145,0.00020584455,0.006102877203375101,1.381615400314331
NFKB1,DHPS,Unknown,-0.027122806757688522,-0.00770555529743433,0.00021675532,0.01830863207578659,1.001146674156189
MAF,IREB2,Unknown,-0.0062299915589392185,0.0017641213489696383,9.547961e-06,0.008282476104795933,1.0769013166427612
IRF3,NCOA3,Unknown,-0.009985041804611683,0.007048699073493481,6.7792396e-05,0.006974716670811176,1.1979954242706299
RXRA,ZMIZ2,Unknown,-0.04130115732550621,-0.03493758663535118,0.0006387608,0.0026155186351388693,0.5553684234619141
CREB1,FAM65A,Unknown,0.029342930763959885,0.025134878233075142,0.00028881116,0.007846556603908539,1.395357608795166
YY1,PICALM,Unknown,0.04535118117928505,0.05461923032999039,0.0031357494,0.019616391509771347,1.691580891609192
ZBTB7A,CLK2,Unknown,0.004792226944118738,0.02351340465247631,0.0003693215,0.0074106366373598576,1.4730507135391235
TP53,VDAC1,Unknown,0.034396473318338394,0.0630214512348175,0.0035899014,0.01918047107756138,1.8790327310562134
TP53,SNHG12,Unknown,0.001499213743954897,0.03348061069846153,0.0016116644,0.016564952209591866,1.5127214193344116
TP53,NELFB,Unknown,0.03393709659576416,0.05330348759889603,0.003223928,0.017872711643576622,1.7220431566238403
RELA,TARS,Unknown,0.023800108581781387,0.04615553840994835,0.0023003386,0.016564952209591866,1.6601403951644897
CREB1,EIF4E2,Unknown,0.004500577691942453,0.019577493891119957,0.00024277563,0.0074106366373598576,1.3707882165908813
SMAD3,NDUFC2,Unknown,-0.0011069014435634017,0.0010137971257790923,2.422778e-05,0.01133391447365284,1.0435904264450073
SMAD4,SNHG16,Unknown,0.03408900275826454,0.059553902596235275,0.0020053792,0.013949433341622353,1.9696969985961914
JUND,SNHG16,Unknown,-0.004064663778990507,0.005776101257652044,0.0027633987,0.03487358242273331,1.2182822227478027
ATF1,EIF4E2,Unknown,-0.024174503982067108,-0.026630932465195656,0.00039718478,0.0030514386016875505,0.6465278267860413
RELA,DERL2,Unknown,0.026262221857905388,0.04474829509854317,0.0013268352,0.016129031777381897,1.6233997344970703
NFKB1,NELFB,Unknown,0.002560787368565798,0.016079653054475784,0.0017788208,0.020052310079336166,1.2465803623199463
YY1,AKR1A1,Unknown,0.00423783715814352,0.023360591381788254,0.0013915196,0.016129031777381897,1.3612109422683716
ATF4,ACD,Unknown,-0.007319699507206678,0.0053148153237998486,0.000994145,0.021360069513320923,1.111657977104187
ETS1,CYSTM1,Unknown,0.0012186752865090966,-0.0036965159233659506,0.0018162467,0.03312990441918373,1.1164995431900024
RUNX3,PSMD13,Unknown,0.04679430276155472,0.06661980599164963,0.0034940306,0.02571926824748516,1.894989013671875
LEF1,GALNT1,Unknown,0.008583439514040947,0.011546129360795021,0.0004268979,0.021360069513320923,1.1673706769943237
TP53,LAP3,Unknown,0.0006306269788183272,0.013199654407799244,0.002723445,0.01307759340852499,1.2126414775848389
IRF1,MMADHC,Unknown,-0.005684723611921072,0.006275561638176441,0.0016813487,0.017000872641801834,1.1399978399276733
STAT4,CYSTM1,Unknown,-0.004750397987663746,0.006272556260228157,5.599331e-05,0.009154316037893295,1.1539301872253418
SP3,CHURC1,Unknown,0.0061841681599617004,0.004197354894131422,7.941188e-06,0.005231037270277739,1.0989346504211426
STAT3,LY9,Unknown,0.04305456578731537,0.042462363839149475,0.0007608882,0.006974716670811176,1.7798839807510376
ETS1,WRAP73,Unknown,0.037081364542245865,0.03695344179868698,0.0015662881,0.03618134185671806,1.4530797004699707
MYC,TOR1AIP1,Unknown,0.031001394614577293,0.03683565557003021,0.00066466146,0.0074106366373598576,1.683298110961914
RUNX1,LMF2,Unknown,0.020577799528837204,0.04537069797515869,0.0011486532,0.010462074540555477,1.7878508567810059
RELA,NDRG1,Unknown,0.018504904583096504,0.04572124779224396,0.0030429785,0.015257192775607109,1.701732873916626
NFKB1,MAFG,Unknown,0.029494429007172585,0.06166711077094078,0.0022784087,0.023103749379515648,1.793052077293396
GATA3,CD79A,Unknown,-0.07556121796369553,-0.07720336318016052,0.004681075,0.0004359197919256985,0.09556367248296738
SATB1,MPEG1,Unknown,-0.05511702969670296,-0.05037394165992737,0.0012783225,0.006974716670811176,0.5725056529045105
TP53,ITGAX,Unknown,-0.010642392560839653,0.00927013624459505,0.0015964285,0.01133391447365284,1.2028579711914062
CTCF,CD8B,Unknown,0.017288053408265114,0.03647539019584656,0.00067060016,0.00566695723682642,1.826939344406128
RELA,CD79A,Unknown,-0.014446310698986053,-0.011680159717798233,0.00030025424,0.008282476104795933,0.9007816314697266
JUN,CD79A,Unknown,-0.0024148738011717796,0.00273670325987041,6.6872403e-06,0.003923278301954269,1.1157982349395752
YY1,MPEG1,Unknown,0.009807185269892216,0.012390797026455402,0.0007976324,0.012641673907637596,1.1771270036697388
STAT3,ITGAX,Unknown,0.0007120624650269747,0.02672150917351246,0.00043414495,0.00566695723682642,1.6210018396377563
SMAD4,MPEG1,Unknown,-0.02826828695833683,-0.024774739518761635,0.00030539182,0.005231037270277739,0.7305052280426025
AHR,ITGAX,Unknown,0.15958499908447266,0.16666461527347565,0.010028108,0.021360069513320923,3.954284429550171
STAT4,CD8B,Unknown,0.08689742535352707,0.11446283012628555,0.005787881,0.017000872641801834,3.0435986518859863
SP3,MX2,Unknown,-0.0046293349005281925,0.013983029872179031,0.00015212249,0.00566695723682642,1.338430643081665
HIF1A,POLR2C,Unknown,-0.03324148431420326,-0.02463957481086254,0.0007764935,0.00959023553878069,0.8225485682487488
JUN,STX10,Unknown,-0.0025546106044203043,0.006038696970790625,3.499828e-05,0.004359197802841663,1.1973307132720947
STAT1,ENG,Unknown,0.12802937626838684,0.13503174483776093,0.007953878,0.027898866683244705,2.9591293334960938
CEBPB,ZNRF2,Unknown,0.09637565910816193,0.10750667005777359,0.0053706565,0.019616391509771347,2.659996747970581
SP3,TMOD3,Unknown,0.023650288581848145,0.031008075922727585,0.00048638618,0.006538796704262495,1.6066645383834839
JUN,UBE2F,Unknown,0.008022251538932323,0.007842681370675564,3.499828e-05,0.004359197802841663,1.1973307132720947
SP3,ENG,Unknown,0.014496807008981705,0.025117836892604828,0.0003340451,0.006102877203375101,1.5036036968231201
NFKB2,P4HTM,Unknown,-0.006398413330316544,0.0063860006630420685,3.693039e-05,0.005231037270277739,1.1792033910751343
YY1,WDR48,Unknown,-0.0024147380609065294,0.008536855690181255,0.00019406219,0.011769833974540234,1.157877802848816
STAT1,NT5C3A,Unknown,0.009132799692451954,0.01848403550684452,0.00079691363,0.015693113207817078,1.2805962562561035
JUN,TECPR1,Unknown,-0.01987377181649208,-0.01933552883565426,0.00019421805,0.0026155186351388693,0.7340744733810425
CREB1,GLYR1,Unknown,0.032694343477487564,0.041133586317300797,0.00080655323,0.0074106366373598576,1.7781070470809937
POU2F2,TECPR1,Unknown,0.022450007498264313,0.024639824405312538,0.00029689982,0.00959023553878069,1.3580409288406372
STAT1,KAT2B,Unknown,-0.022510951384902,-0.004744836129248142,0.0005954239,0.013513513840734959,1.071918249130249
STAT1,MARCKSL1,Unknown,0.042800940573215485,0.061644311994314194,0.0045285346,0.01874455064535141,1.994085669517517
RELA,MAP3K14,Unknown,0.01700090989470482,0.036242805421352386,0.002599833,0.012641673907637596,1.5767663717269897
NFKB1,MAP3K14,Unknown,0.06361730396747589,0.0671435296535492,0.002237155,0.020488230511546135,1.8090417385101318
TP53,BCOR,Unknown,0.049447301775217056,0.056832291185855865,0.0015048382,0.014385352842509747,1.7647130489349365
JUN,IRF5,Unknown,-0.009124843403697014,-0.01578904315829277,0.00015500053,0.0026155186351388693,0.7628458738327026
SPI1,CEBPD,Unknown,0.12982773780822754,0.1704777479171753,0.009711458,0.01307759340852499,5.7167067527771
SP3,TRABD2A,Unknown,0.0014563113218173385,0.0059397295117378235,3.1132768e-05,0.004795117769390345,1.1762447357177734
ATF1,MAP3K14,Unknown,0.02964010462164879,0.03959985449910164,0.000722046,0.006102877203375101,1.8250174522399902
JUND,MAP3K14,Unknown,0.018743837252259254,0.04079749435186386,0.0038715925,0.031386226415634155,1.6141551733016968
STAT2,HSPA13,Unknown,-0.028958767652511597,-0.028930386528372765,0.00041244083,0.006102877203375101,0.7059829235076904
IRF9,CNP,Unknown,0.029413161799311638,0.035307660698890686,0.0006064892,0.014385352842509747,1.4389126300811768
STAT1,GRIPAP1,Unknown,0.042919695377349854,0.0532924048602581,0.0017537151,0.017872711643576622,1.7045108079910278
RBPJ,DPH3,Unknown,-0.0016384763875976205,0.011445446871221066,0.0015198017,0.010026155039668083,1.2295191287994385
STAT2,PUS1,Unknown,-0.032573092728853226,-0.030260160565376282,0.00041042455,0.00566695723682642,0.7008379101753235
IRF1,PUS1,Unknown,0.0030855743680149317,0.015947729349136353,0.00043755828,0.013949433341622353,1.2506059408187866
SPI1,TPM3,Unknown,0.05909917131066322,0.1277356743812561,0.006534769,0.011769833974540234,4.252432346343994
TP53,PPP2R2D,Unknown,-0.016682537272572517,0.005116012413054705,0.00096434954,0.010026155039668083,1.166277527809143
RELA,HIPK2,Unknown,0.015206512063741684,0.0356038399040699,0.0013176047,0.011769833974540234,1.5899755954742432
MYC,PIK3CG,Unknown,-0.017103655263781548,-0.015479138121008873,0.00011784455,0.0030514386016875505,0.8029910326004028
MBD1,MRPS15,Unknown,0.012138727121055126,0.026217464357614517,0.0003836757,0.007846556603908539,1.4682629108428955
SMAD4,NAB2,Unknown,-0.0139772929251194,0.005579498130828142,6.127644e-05,0.006974716670811176,1.1889265775680542
SMAD3,MED11,Unknown,-0.014629453420639038,0.0006360150291584432,0.00015245556,0.008718395605683327,1.1111717224121094
TP53,AMPD2,Unknown,0.0395885594189167,0.04657246917486191,0.0011549257,0.01307759340852499,1.6884243488311768
YY1,ALDH16A1,Unknown,0.02948390133678913,0.04439183324575424,0.0012020773,0.013949433341622353,1.6605489253997803
HSF1,STAT3,Unknown,0.011229786090552807,0.04053116217255592,0.00093440164,0.008718395605683327,1.7735369205474854
SREBF2,ZMIZ1,Unknown,-0.027811039239168167,-0.0020476800855249166,7.003727e-06,0.004795117769390345,1.1011064052581787
GATA3,CCDC137,Unknown,0.044696144759655,0.04691971465945244,0.000961306,0.008282476104795933,1.816551685333252
STAT3,CAPN1,Unknown,0.006132166832685471,0.04290351644158363,0.0010192895,0.006102877203375101,2.0559983253479004
MYC,EMC4,Unknown,0.03409299626946449,0.04623427987098694,0.0009431611,0.006538796704262495,1.9485329389572144
TP53,SNX5,Unknown,-0.0005296955932863057,0.02154441736638546,0.00052711985,0.010897994972765446,1.389815330505371
CREB1,CCDC53,Unknown,0.00802664551883936,0.01564265787601471,0.00013699669,0.005231037270277739,1.336782693862915
ETS1,TPGS2,Unknown,0.014956398867070675,0.018176047131419182,0.0016250858,0.02659110724925995,1.2912065982818604
STAT1,CTSC,Unknown,0.010541199706494808,0.017149895429611206,0.0009901971,0.013949433341622353,1.2796435356140137
SMAD3,BMF,Unknown,0.03218317776918411,0.0424996055662632,0.0014050619,0.011769833974540234,1.6471600532531738
RELA,MTOR,Unknown,-0.053473908454179764,-0.024887794628739357,0.0066915695,0.006974716670811176,0.8527719974517822
NFKB1,ASAP1,Unknown,0.05454735457897186,0.06906848400831223,0.002613511,0.019616391509771347,1.978474736213684
SMAD4,SH3BP2,Unknown,0.015097229741513729,0.03110400028526783,0.0005631452,0.008282476104795933,1.573991060256958
MEF2A,OXLD1,Unknown,0.019400233402848244,0.02956925705075264,0.00043666293,0.006102877203375101,1.5934675931930542
TP53,TMEM14C,Unknown,0.03859303146600723,0.06534865498542786,0.002741178,0.014385352842509747,2.0814781188964844
MEF2D,RGS2,Unknown,0.04284452646970749,0.06616557389497757,0.002203567,0.011769833974540234,2.1861913204193115
RUNX1,CEBPD,Unknown,-0.03220819681882858,-0.02358422987163067,0.00024167089,0.003487358335405588,0.7263320088386536
CTCF,KDM6A,Unknown,0.027216341346502304,0.061177242547273636,0.0017076128,0.006102877203375101,2.5949251651763916
CTCF,SEC11C,Unknown,0.02360605262219906,0.05282294750213623,0.0013233961,0.00566695723682642,2.3704545497894287
STAT1,STX11,Unknown,0.16750499606132507,0.18168073892593384,0.014182816,0.028334787115454674,4.6913275718688965
JUN,LIMD1,Unknown,-0.0015117516741156578,-0.000962479505687952,6.292542e-07,0.0030514386016875505,1.0403492450714111
STAT3,SEC11C,Unknown,-0.01591958850622177,-0.0047295717522501945,3.001659e-06,0.0030514386016875505,1.014570713043213
RELA,PGLS,Unknown,-0.00756880221888423,0.004457117989659309,4.7664176e-05,0.008282476104795933,1.1314505338668823
STAT5A,LIMD1,Unknown,0.014034486375749111,0.034348998218774796,0.00062561274,0.006102877203375101,1.749189853668213
MYC,NFKBIE,Unknown,-0.025909358635544777,-0.018611686304211617,0.00016649815,0.0026155186351388693,0.7537932395935059
CREB1,HTRA2,Unknown,0.003087011631578207,0.01966490037739277,0.00024485384,0.005231037270277739,1.4639296531677246
JUN,GZMH,Unknown,0.08646990358829498,0.082081139087677,0.0025052105,0.0074106366373598576,2.8971107006073
NFE2L2,NFKBIE,Unknown,0.10556831955909729,0.1336073875427246,0.01006022,0.017872711643576622,3.64339017868042
NFKB1,PSMD5-AS1,Unknown,0.0322098545730114,0.04123184084892273,0.003166847,0.016564952209591866,1.6487014293670654
STAT1,HEIH,Unknown,0.022389914840459824,0.04002822935581207,0.0010887916,0.014821273274719715,1.5888112783432007
YY1,MRPL23,Unknown,0.0013573323376476765,0.019870828837156296,0.0005631905,0.010462074540555477,1.346451759338379
NFKB1,H6PD,Unknown,-0.006806500256061554,0.015047920867800713,0.0009721157,0.013513513840734959,1.2972341775894165
ETS1,WSB2,Unknown,-0.05680789798498154,-0.05730061233043671,0.0025097819,0.016129031777381897,0.6449017524719238
JUN,DUSP11,Unknown,0.013520083390176296,0.011662689968943596,6.6397995e-05,0.003487358335405588,1.3054450750350952
SP3,TXNIP,Unknown,0.016193395480513573,0.017635125666856766,0.0015171536,0.03836094215512276,1.3292348384857178
RBPJ,TALDO1,Unknown,-0.039729587733745575,-0.026416104286909103,0.0043889796,0.027462946251034737,0.9008203148841858
RUNX1,TALDO1,Unknown,-0.00428525498136878,0.012837301939725876,0.00019650329,0.021360069513320923,1.1790934801101685
ATF4,RPL24,Unknown,0.054025355726480484,0.059422776103019714,0.0172451,0.14864864945411682,1.6434533596038818
STAT3,BTF3,Unknown,-0.026837408542633057,-0.019289175048470497,0.0010546917,0.028770705685019493,0.9828769564628601
RELA,IL10RA,Unknown,0.005306744482368231,0.02158093824982643,0.004761791,0.04838709533214569,1.2620978355407715
JUN,NAP1L1,Unknown,-0.04053333029150963,-0.03731776401400566,0.0035222026,0.02223190851509571,0.8643255233764648
SP100,NAP1L1,Unknown,0.016330815851688385,0.028343316167593002,0.011156094,0.09241499751806259,1.3625260591506958
STAT6,CLEC2D,Unknown,0.030298804864287376,0.036563463509082794,0.009748789,0.12292937934398651,1.408888339996338
SP3,S100A9,Unknown,0.0020218389108777046,-0.00014523082063533366,2.7852496e-07,0.00566695723682642,1.021215558052063
CREM,RGS10,Unknown,-0.020687315613031387,-0.007107798010110855,0.00048490282,0.01918047107756138,1.0091091394424438
NFKB1,SLC7A11,Unknown,0.08330769836902618,0.09281200170516968,0.004218012,0.03007846511900425,2.0434768199920654
TP53,COMMD6,Unknown,0.017499789595603943,0.02838478423655033,0.0037373698,0.06190061196684837,1.3107783794403076
FOXO1,PGK1,Unknown,0.001143616158515215,0.007841803133487701,0.0041162446,0.02964254654943943,1.2741810083389282
IRF1,LAT,Unknown,-0.070086769759655,-0.05831696838140488,0.0060758367,0.05841325223445892,0.7966793179512024
IRF2,ATP5B,Unknown,0.058544449508190155,0.07446826249361038,0.0037291697,0.035745423287153244,1.8745936155319214
STAT1,SEPT9,Unknown,-0.0734710842370987,-0.06630825251340866,0.006978903,0.05710549280047417,0.7736271023750305
HIF1A,EVI2B,Unknown,0.009518122300505638,0.017402058467268944,0.007574771,0.06190061196684837,1.2078641653060913
TP53,UBA1,Unknown,-0.005670116748660803,0.017688293009996414,0.008523004,0.042720139026641846,1.3062022924423218
LEF1,ATP6V0C,Unknown,-0.1452692747116089,-0.14408044517040253,0.013790589,0.035745423287153244,0.44391751289367676
NFKB1,CRIP1,Unknown,0.02679048664867878,0.04147261753678322,0.003908547,0.05710549280047417,1.3729896545410156
TP53,NFKBIA,Unknown,0.023081403225660324,0.0449962317943573,0.0048240037,0.03966870158910751,1.467707872390747
JUN,NFKBIZ,Unknown,0.011249472387135029,0.0040670884773135185,5.6337303e-06,0.006974716670811176,1.0716270208358765
SMAD4,LINC01578,Unknown,0.034742321819067,0.048516660928726196,0.002885672,0.03443766385316849,1.4871580600738525
ETS1,RHOG,Unknown,-0.07862801104784012,-0.07737796008586884,0.012844651,0.09459459781646729,0.8055745959281921
RELA,PPP1R18,Unknown,-0.009405736811459064,0.015791527926921844,0.008248922,0.035745423287153244,1.2850100994110107
NFKB1,DYNLL1,Unknown,0.040363289415836334,0.06135941296815872,0.0054940633,0.05623365193605423,1.538447380065918
FLI1,GRB2,Unknown,0.0022798473946750164,0.02207481674849987,0.0025472385,0.027898866683244705,1.3315730094909668
ETS1,SDCBP,Unknown,-0.12161262333393097,-0.10885292291641235,0.0154946875,0.07715780287981033,0.6558493375778198
MYC,DDX24,Unknown,0.03407446667551994,0.04375758394598961,0.0014432262,0.017872711643576622,1.5792869329452515
USF2,LPXN,Unknown,0.04077525809407234,0.058872953057289124,0.008330937,0.04969485476613045,1.5983004570007324
ETS1,TAGLN2,Unknown,-0.042678531259298325,-0.03449418395757675,0.012116351,0.11290322244167328,1.0228259563446045
STAT3,PPP1R16B,Unknown,0.0007480179774574935,0.004851913545280695,0.00038124694,0.011769833974540234,1.1100940704345703
HSF1,MS4A1,Unknown,0.06875699013471603,0.07093436270952225,0.0021674254,0.014385352842509747,2.0050177574157715
RELA,RASAL3,Unknown,0.027276666834950447,0.04428958520293236,0.009376147,0.039232783019542694,1.4846599102020264
CTCF,ANKRD12,Unknown,0.00012430435162968934,0.013123561628162861,0.0026764607,0.015693113207817078,1.297697901725769
STAT3,PPP1R18,Unknown,-0.0019045405788347125,0.005681141745299101,0.0010328988,0.013949433341622353,1.1620749235153198
STAT1,UBL5,Unknown,0.05043281242251396,0.07026475667953491,0.008790213,0.0671316459774971,1.6419966220855713
RUNX3,GIMAP1,Unknown,0.023132845759391785,0.036931589245796204,0.0052772365,0.05884917080402374,1.3512226343154907
STAT1,FLII,Unknown,0.06643550097942352,0.08042597770690918,0.0048951516,0.04925893619656563,1.7381991147994995
YY1,TNFRSF25,Unknown,0.0005318285548128188,0.013363576494157314,0.0025633846,0.03966870158910751,1.1863303184509277
SPI1,RAB9A,Unknown,0.0695049986243248,0.08245209604501724,0.0027023435,0.009154316037893295,2.693373680114746
STAT1,ARHGAP9,Unknown,-0.07222270220518112,-0.06243467330932617,0.0031475602,0.03487358242273331,0.7215195298194885
RUNX3,LEPROTL1,Unknown,0.013845865614712238,0.029522104188799858,0.0032071914,0.05536181479692459,1.3036036491394043
STAT3,ARHGAP9,Unknown,0.016734654083848,0.024034734815359116,0.0009855608,0.014821273274719715,1.3344136476516724
RELA,MRFAP1,Unknown,0.022666964679956436,0.03134015202522278,0.0031396248,0.03400174528360367,1.314505696296692
STAT2,MRFAP1,Unknown,0.0045724231749773026,0.019622448831796646,0.00326443,0.030950305983424187,1.250776767730713
STAT4,TCIRG1,Unknown,-0.01433700229972601,-0.0034795410465449095,0.0023027472,0.023103749379515648,1.0637478828430176
TP53,GUK1,Unknown,0.029808716848492622,0.046438079327344894,0.005599251,0.038796860724687576,1.4529873132705688
HIF1A,GPS2,Unknown,-0.008638028055429459,0.008388247340917587,0.008564251,0.03400174528360367,1.1691676378250122
NFKB1,SMG1,Unknown,0.031937748193740845,0.051280733197927475,0.004129413,0.047079335898160934,1.4481364488601685
NFKB1,C9ORF78,Unknown,0.004408943001180887,0.018129151314496994,0.0050427695,0.04359197989106178,1.222529411315918
MYC,TLN1,Unknown,-0.025594664737582207,-0.01799137331545353,0.00090010115,0.010026155039668083,0.8796943426132202
STAT3,CYB5R3,Unknown,0.014955195598304272,0.0351705402135849,0.0029531284,0.012205754406750202,1.567367434501648
BCL6,UXT,Unknown,0.0011294843861833215,0.00763685954734683,0.0002696675,0.010462074540555477,1.1544983386993408
CREB1,LITAF,Unknown,0.021515846252441406,0.03940218687057495,0.0018233367,0.017436791211366653,1.5498462915420532
STAT5A,BIN2,Unknown,0.034307725727558136,0.03452671691775322,0.000668139,0.013949433341622353,1.4373948574066162
BCL6,ANXA2P3,Unknown,0.007311591878533363,0.03324761986732483,0.00069281174,0.01133391447365284,1.525361180305481
SMAD4,TUBA1C,Unknown,-0.0044702328741550446,0.008398388512432575,8.435825e-05,0.013949433341622353,1.1484166383743286
SMAD3,GBP5,Unknown,-0.022425146773457527,-0.007138246204704046,0.00012911145,0.017436791211366653,1.020442247390747
YY1,PLEKHA2,Unknown,0.031608689576387405,0.044270213693380356,0.0024734905,0.03487358242273331,1.4396775960922241
STAT1,CCT4,Unknown,0.03191877901554108,0.0548911914229393,0.010528699,0.04446381703019142,1.565001368522644
RELA,CREBBP,Unknown,0.03047279641032219,0.04163672402501106,0.008058563,0.030514385551214218,1.4404778480529785
TP53,ST6GAL1,Unknown,0.0509563609957695,0.07217946648597717,0.008760003,0.03661726415157318,1.7854682207107544
NFKB1,GNG2,Unknown,0.009857128374278545,0.022001318633556366,0.0017267517,0.04141237959265709,1.2285856008529663
RELA,TNFRSF14,Unknown,-0.001686922856606543,0.00562642514705658,0.0020498938,0.024411508813500404,1.0988218784332275
NFKB1,TNFRSF14,Unknown,0.023844055831432343,0.04410509765148163,0.0044509904,0.0440278984606266,1.4426990747451782
IRF3,TAB2,Unknown,0.002059448277577758,0.0014024986885488033,9.501302e-06,0.011769833974540234,1.0501046180725098
STAT1,PAK2,Unknown,0.014974528923630714,0.030885472893714905,0.006129991,0.03792502358555794,1.3262200355529785
USF2,LPIN1,Unknown,0.008487840183079243,0.024856342002749443,0.003916479,0.024411508813500404,1.3116950988769531
TP53,CD55,Unknown,-0.021440254524350166,0.0067509850487113,0.0067111407,0.025283347815275192,1.1914503574371338
ETS1,PAK2,Unknown,0.005665177013725042,0.0035145527217537165,0.004679628,0.06495204567909241,1.0741736888885498
MYC,PAK2,Unknown,-0.027940863743424416,-0.017073731869459152,0.0008194874,0.009154316037893295,0.9015252590179443
MYC,CNOT8,Unknown,-0.006182333920150995,0.01828671619296074,0.0033311248,0.012641673907637596,1.355028510093689
RELA,ARCN1,Unknown,0.015062381513416767,0.030408352613449097,0.0051570465,0.02615518681704998,1.33864426612854
YY1,ARCN1,Unknown,0.04308413714170456,0.05284548178315163,0.005577832,0.032258063554763794,1.50033438205719
STAT3,GGA2,Unknown,0.013576449826359749,0.010600692592561245,0.0008757475,0.010026155039668083,1.1646270751953125
NFKB1,PSMG2,Unknown,0.023502614349126816,0.03632953017950058,0.0042941063,0.03966870158910751,1.3505163192749023
ETS1,USP3,Unknown,0.06194158270955086,0.05876025930047035,0.0044923597,0.07454228401184082,1.483153223991394
ETS1,RHOT2,Unknown,0.030863242223858833,0.03077147714793682,0.0008948413,0.05536181479692459,1.248610496520996
IRF1,BRI3,Unknown,0.06265608221292496,0.07056162506341934,0.0049785296,0.04184829816222191,1.6391528844833374
CREB1,USP3,Unknown,0.002990950830280781,0.007156974170356989,0.00043422694,0.011769833974540234,1.1331220865249634
TP53,JADE2,Unknown,0.07939565926790237,0.10718736797571182,0.012823945,0.03618134185671806,2.2856407165527344
RELA,C15ORF48,Unknown,0.024181392043828964,0.043444909155368805,0.0029250013,0.012641673907637596,1.7170764207839966
STAT1,ANKLE2,Unknown,-0.005679454188793898,0.019261708483099937,0.004896364,0.03312990441918373,1.3009651899337769
TP53,POLR2E,Unknown,0.017002997919917107,0.03612639009952545,0.0018191058,0.023975588381290436,1.394438624382019
RELA,TES,Unknown,0.0437183640897274,0.07134582102298737,0.010455151,0.02920662611722946,1.8519158363342285
RFX1,OSBPL8,Unknown,-0.012916472740471363,0.0012712847674265504,0.00056158274,0.0074106366373598576,1.1016765832901
STAT1,C14ORF119,Unknown,-0.02450333535671234,-0.011129645630717278,0.0013296603,0.02615518681704998,0.9949764609336853
NFKB1,ARHGAP4,Unknown,0.004143356811255217,0.012926767580211163,0.000205952,0.02920662611722946,1.1506931781768799
BCL6,LPAR6,Unknown,0.012039588764309883,0.021594051271677017,0.00026559754,0.008282476104795933,1.3674864768981934
YY1,DHX9,Unknown,0.018060147762298584,0.03824429214000702,0.0028222695,0.02615518681704998,1.455567479133606
STAT3,NECAP2,Unknown,0.013641389086842537,0.040735695511102676,0.001001678,0.010897994972765446,1.7050037384033203
TP53,POLR2L,Unknown,0.0352230928838253,0.050044815987348557,0.0014251275,0.024411508813500404,1.5359740257263184
HIF1A,POLR2L,Unknown,0.027457991614937782,0.04633175954222679,0.00264294,0.02659110724925995,1.525132656097412
RELA,PHF1,Unknown,0.03313571214675903,0.04880683869123459,0.0017464827,0.023103749379515648,1.5752421617507935
IRF1,FAM120A,Unknown,-0.0032033538445830345,-0.0008775410824455321,0.00044666504,0.023975588381290436,1.0457907915115356
RELA,HCP5,Unknown,0.009365999139845371,0.020556485280394554,0.00034631812,0.020052310079336166,1.256498098373413
NFKB1,PHF19,Unknown,-0.0053125908598303795,0.00831051729619503,0.0010535199,0.025283347815275192,1.1503816843032837
RELA,TNIP2,Unknown,0.019343487918376923,0.03623484447598457,0.001771212,0.019616391509771347,1.4497965574264526
USF2,CELF1,Unknown,0.06734967976808548,0.08258216083049774,0.0034017812,0.02659110724925995,1.9411320686340332
MYC,MBD6,Unknown,-0.010958311147987843,0.002211693674325943,2.6481353e-05,0.008282476104795933,1.1162700653076172
NFKB1,GSR,Unknown,0.05401942878961563,0.06680085510015488,0.0022632482,0.02659110724925995,1.6916803121566772
HIF1A,OCIAD1,Unknown,0.01529909297823906,0.02026914618909359,0.00032871522,0.020924149081110954,1.2070260047912598
HIF1A,TPRG1L,Unknown,0.024960266426205635,0.02852538228034973,0.00060047576,0.02223190851509571,1.3003675937652588
SMAD4,CCDC92,Unknown,0.02104572020471096,0.037552621215581894,0.0008742161,0.014821273274719715,1.5285658836364746
SMAD3,TNIP2,Unknown,-0.003919259645044804,0.015220659784972668,0.00087394094,0.017000872641801834,1.2367544174194336
SKIL,TNIP2,Unknown,0.005703815724700689,0.024829039350152016,0.0050746934,0.03312990441918373,1.3186182975769043
RELA,SUPT4H1,Unknown,0.004277768544852734,0.033926285803318024,0.0037789172,0.020488230511546135,1.490720272064209
STAT1,RAB12,Unknown,0.03240542113780975,0.058025993406772614,0.0038001435,0.02920662611722946,1.7024524211883545
YY1,CNPPD1,Unknown,0.060667142271995544,0.06257662177085876,0.0018714162,0.023539667949080467,1.6641403436660767
STAT4,MBD1,Unknown,-0.0003069881349802017,0.00659589609131217,5.1124447e-05,0.011769833974540234,1.1275793313980103
TP53,SLC43A2,Unknown,-0.03499938175082207,-0.0189308300614357,0.0024608783,0.010462074540555477,0.8884336352348328
STAT3,PPP2R1A,Unknown,-0.03696973994374275,-0.01823769137263298,8.76656e-05,0.004795117769390345,0.8509783744812012
CREM,SLC43A2,Unknown,-0.010279633104801178,0.004030229989439249,2.5482392e-05,0.00566695723682642,1.1452438831329346
ETS1,DDX46,Unknown,0.028082629665732384,0.03764747828245163,0.0014268341,0.04577157646417618,1.4023514986038208
STAT3,SLC35E2B,Unknown,-0.0011246604844927788,0.01099690143018961,0.00010047072,0.006538796704262495,1.250239372253418
HIF1A,YIPF5,Unknown,0.004919531289488077,0.014953135512769222,0.0011465392,0.017872711643576622,1.2218639850616455
STAT3,YIPF5,Unknown,0.013499981723725796,0.026370642706751823,0.00037155466,0.0074106366373598576,1.4756659269332886
STAT1,ALOX5AP,Unknown,-0.06348703801631927,-0.04643746465444565,0.0040837345,0.014821273274719715,0.7437467575073242
RELA,ZFC3H1,Unknown,0.013364099897444248,0.029100608080625534,0.001169947,0.016564952209591866,1.38980233669281
HIF1A,ENY2,Unknown,0.01481703668832779,0.01811915449798107,0.00023200415,0.017436791211366653,1.2120802402496338
NFKB1,RORA,Unknown,0.021827775985002518,0.03184887021780014,0.00079357007,0.024411508813500404,1.363175630569458
TP53,ALOX5AP,Unknown,0.04217345267534256,0.05040992796421051,0.0012701205,0.01874455064535141,1.5849151611328125
MYC,IFNGR1,Unknown,0.010341232642531395,0.027917878702282906,0.00046579263,0.008282476104795933,1.5081764459609985
RELA,PEF1,Unknown,0.028027761727571487,0.05956326797604561,0.0039923945,0.020052310079336166,1.8429124355316162
NFKB1,ITGB2,Unknown,-0.014415066689252853,-0.011522798798978329,0.0001416105,0.01830863207578659,0.9213380217552185
RUNX1,POLE3,Unknown,-0.022073304280638695,-0.012508941814303398,4.0662166e-05,0.0074106366373598576,0.9151193499565125
TP53,PPM1B,Unknown,-0.004996416158974171,0.006361399311572313,0.00080184755,0.014385352842509747,1.1207258701324463
HIF1A,POLE3,Unknown,0.003454443998634815,0.016097120940685272,0.0012857324,0.017436791211366653,1.2442249059677124
STAT3,DHRS3,Unknown,-0.024768956005573273,-0.015753423795104027,8.4614134e-05,0.004359197802841663,0.8502733111381531
RARA,PTPRE,Unknown,0.04570138454437256,0.05527614802122116,0.0013796134,0.009154316037893295,1.9869698286056519
SMAD4,IFNGR1,Unknown,-0.026707343757152557,-0.006532912142574787,2.4129251e-12,0.009154316037893295,1.018900752067566
ETS1,MYO1F,Unknown,-0.06689166277647018,-0.07046640664339066,0.003494904,0.028334787115454674,0.6566846966743469
NFKB1,TPD52L2,Unknown,0.010746649466454983,0.03193306177854538,0.0015075551,0.024411508813500404,1.4030572175979614
SPI1,THEMIS2,Unknown,0.16078199446201324,0.18749825656414032,0.012496585,0.01874455064535141,5.3174896240234375
NFKB1,PPIF,Unknown,0.04288121685385704,0.07034316658973694,0.0025219019,0.023103749379515648,1.8635728359222412
STAT3,MYEOV2,Unknown,-0.013189518824219704,0.014635453931987286,0.0002179105,0.006538796704262495,1.3772897720336914
FLI1,DUSP1,Unknown,-0.010975264944136143,-0.004507684148848057,3.01436e-06,0.006974716670811176,0.9934788346290588
YY1,NDUFA3,Unknown,-0.008340505883097649,0.0012281001545488834,0.0012585352,0.014821273274719715,1.092622995376587
IRF1,MLLT1,Unknown,0.010929040610790253,0.021738756448030472,0.0013534771,0.020924149081110954,1.3058178424835205
MYC,AHSA1,Unknown,-0.007341718766838312,-0.0014945673756301403,3.7380246e-08,0.00566695723682642,1.0362558364868164
IRF3,NISCH,Unknown,0.028254447504878044,0.037841375917196274,0.0007688657,0.009154316037893295,1.6550674438476562
RXRA,ZNF101,Unknown,-0.024992456659674644,-0.02120903506875038,0.00020552884,0.003487358335405588,0.7469191551208496
CREB1,LRRC8C,Unknown,0.04682900384068489,0.04701066389679909,0.0009521654,0.00959023553878069,1.7332091331481934
SP3,PICALM,Unknown,-0.022165503352880478,-0.01237005740404129,4.884672e-05,0.004795117769390345,0.8944482207298279
ZBTB7A,FAR1,Unknown,0.00551973283290863,0.0034432511311024427,5.6148497e-06,0.00566695723682642,1.0833698511123657
SREBF2,FAM89B,Unknown,-0.0031990373972803354,0.005516515113413334,3.409689e-05,0.006974716670811176,1.144221305847168
TP53,TMEM204,Unknown,0.046444300562143326,0.059306852519512177,0.00179637,0.01830863207578659,1.7559027671813965
TP53,TARS,Unknown,0.04351649433374405,0.06454959511756897,0.0029101649,0.01918047107756138,1.8790327310562134
RELA,SNHG12,Unknown,-0.02523941732943058,-0.008605529554188251,0.0005614535,0.01133391447365284,1.0004589557647705
TP53,AKR1A1,Unknown,-0.020865552127361298,-0.001132296398282051,0.0011368205,0.012641673907637596,1.0864876508712769
CREB1,PPIG,Unknown,0.007183841895312071,0.015163559466600418,0.00012384012,0.006974716670811176,1.2674272060394287
SMAD3,NDUFB9,Unknown,0.00019797911227215081,0.01346308458596468,0.0020144416,0.012641673907637596,1.2240190505981445
USF2,HIATL1,Unknown,-0.027388952672481537,-0.012725873850286007,0.00024262008,0.010897994972765446,0.9484843611717224
NFKB1,VDAC1,Unknown,0.07519450038671494,0.10297989100217819,0.006090511,0.03007846511900425,2.3489198684692383
ATF1,ARF5,Unknown,-0.03041522204875946,-0.02792581170797348,0.0004078311,0.0030514386016875505,0.6425813436508179
RELA,NELFB,Unknown,-0.011228326708078384,0.003096487373113632,0.00087316724,0.012205754406750202,1.1213185787200928
NFKB1,AKR1A1,Unknown,0.022426562383770943,0.05639917403459549,0.0033464506,0.025283347815275192,1.7944209575653076
YY1,ACD,Unknown,0.012534542940557003,0.036154136061668396,0.0018601076,0.017436791211366653,1.5057651996612549
ATF4,NELFB,Unknown,-0.0009753290214575827,0.004297190811485052,0.00026188817,0.020924149081110954,1.0783793926239014
RUNX3,SLC11A2,Unknown,0.044139452278614044,0.053874313831329346,0.0021660614,0.023975588381290436,1.661972999572754
TP53,KDM6B,Unknown,0.026261579245328903,0.05180595442652702,0.003943802,0.017436791211366653,1.7691130638122559
IRF1,SUMO3,Unknown,0.005148154683411121,0.024019747972488403,0.0016965438,0.01918047107756138,1.3636478185653687
SP3,SLC38A10,Unknown,-0.028053458780050278,-0.018237311393022537,0.00013572806,0.003923278301954269,0.8015109300613403
STAT3,PBX4,Unknown,-0.002028967021033168,0.010906015522778034,7.757917e-05,0.005231037270277739,1.2524912357330322
ETS1,TOR1AIP1,Unknown,-0.000533078913576901,0.002285171765834093,0.0028476713,0.03269398584961891,1.1519516706466675
RELA,SNHG9,Unknown,0.028785236179828644,0.037746403366327286,0.001027077,0.013949433341622353,1.505197525024414
NFKB1,MTMR3,Unknown,0.009177128784358501,0.02813546732068062,0.0011194446,0.019616391509771347,1.3797054290771484
JUN,FGFR1OP2,Unknown,-0.009110264480113983,0.0018563986523076892,8.2321e-06,0.004359197802841663,1.1142857074737549
GATA3,MPEG1,Unknown,-0.0711718499660492,-0.0693657249212265,0.003211055,0.0013077593175694346,0.21269820630550385
E2F4,ATOX1,Unknown,0.010191872715950012,0.03937656432390213,0.00094098545,0.008718395605683327,1.7748236656188965
TP53,CD8B,Unknown,0.031703513115644455,0.039206791669130325,0.00086102315,0.013949433341622353,1.516171932220459
CTCF,FGR,Unknown,-0.01167654525488615,-0.007566571701318026,2.1777263e-05,0.0030514386016875505,0.9391613602638245
RELA,ATOX1,Unknown,0.019303610548377037,0.05562799796462059,0.005456879,0.015693113207817078,1.893912672996521
NFKB1,MPEG1,Unknown,0.06884108483791351,0.09216391295194626,0.0045036715,0.025283347815275192,2.2354085445404053
YY1,ATOX1,Unknown,0.017828596755862236,0.03237055242061615,0.00081349525,0.014821273274719715,1.4569493532180786
STAT3,FGR,Unknown,0.014685443602502346,0.027878044173121452,0.00040675758,0.00566695723682642,1.5961817502975464
SMAD3,ATOX1,Unknown,-0.017697760835289955,0.003203592263162136,0.001790785,0.010462074540555477,1.1441391706466675
RFX1,MPEG1,Unknown,0.01196205522865057,0.01755576767027378,0.0001624013,0.004795117769390345,1.389994740486145
AHR,ATOX1,Unknown,0.12480587512254715,0.14118675887584686,0.008002273,0.020488230511546135,3.407174825668335
STAT4,FGR,Unknown,-0.017195643857121468,-0.02610746957361698,0.00038735927,0.005231037270277739,0.700507640838623
LEF1,MPEG1,Unknown,-0.12148801237344742,-0.12752395868301392,0.011295781,0.0030514386016875505,0.13691280782222748
SP3,PRKCB,Unknown,0.01901455968618393,0.017509810626506805,0.00015212249,0.00566695723682642,1.338430643081665
JUN,PPCS,Unknown,-0.02259386144578457,-0.029035847634077072,0.0005106486,0.0021795989014208317,0.5727431774139404
CEBPB,CLIP4,Unknown,-0.007009659893810749,0.011548775248229504,0.0010061143,0.01133391447365284,1.2280924320220947
JUN,BRAT1,Unknown,0.019168373197317123,0.011534715071320534,4.6988298e-05,0.004359197802841663,1.2245330810546875
RUNX1,TECPR1,Unknown,-0.008049429394304752,-0.008988511748611927,3.8250673e-05,0.005231037270277739,0.9110654592514038
CREB1,NCAPD2,Unknown,0.011874489486217499,0.020106615498661995,0.0002233838,0.006102877203375101,1.3988627195358276
YY1,NPC1,Unknown,0.022319931536912918,0.03697233647108078,0.0017538862,0.014385352842509747,1.5141693353652954
JUN,ENTPD6,Unknown,-0.03001318871974945,-0.02809075638651848,0.0004258397,0.0021795989014208317,0.6025782227516174
POU2F2,BST2,Unknown,0.018064312636852264,0.032080914825201035,0.0005746743,0.010462074540555477,1.5034221410751343
STAT1,USP4,Unknown,0.010181142948567867,0.02482890896499157,0.0014070588,0.016129031777381897,1.3723163604736328
TP53,IPO8,Unknown,-0.002698499010875821,0.021086333319544792,0.0021665664,0.012205754406750202,1.3972066640853882
SPI1,MARCKSL1,Unknown,0.12094054371118546,0.1571667343378067,0.008423244,0.012641673907637596,5.079897403717041
SP3,LGALS9,Unknown,0.024239156395196915,0.04789827764034271,0.0011107055,0.0074106366373598576,1.9755728244781494
JUND,TRABD2A,Unknown,-0.007083140313625336,-0.0021560636814683676,0.0019003925,0.02615518681704998,1.0770713090896606
TP53,SLC26A11,Unknown,0.018969859927892685,0.02912934683263302,0.00052109483,0.012205754406750202,1.4364875555038452
IRF9,HSPA13,Unknown,-0.004825655370950699,0.01741212233901024,0.0013499784,0.013513513840734959,1.2955198287963867
RBPJ,SLC26A11,Unknown,0.03868531063199043,0.046359896659851074,0.0010400928,0.012641673907637596,1.6492047309875488
STAT2,HLA-DMB,Unknown,0.04584617540240288,0.058441054075956345,0.0032314877,0.01307759340852499,1.9118257761001587
IRF1,CSF1R,Unknown,0.0933447927236557,0.11359884589910507,0.006236668,0.02223190851509571,2.8872814178466797
IRF9,HLA-DMB,Unknown,0.0294809527695179,0.030158139765262604,0.00044807952,0.013513513840734959,1.3724607229232788
TP53,SMARCD1,Unknown,0.06254327297210693,0.07503467798233032,0.0029368484,0.015693113207817078,2.191926956176758
MYC,LIPA,Unknown,0.008004252798855305,0.01476326398551464,0.0001119998,0.004795117769390345,1.3205006122589111
MBD1,AKIRIN2,Unknown,-0.013073381967842579,-0.005179258529096842,2.2309957e-06,0.00566695723682642,1.001295566558838
SMAD3,LOC100506548,Unknown,-0.0005417128559201956,0.014061352238059044,0.000143863,0.00959023553878069,1.239221453666687
TP53,LDLR,Unknown,0.004157418385148048,0.011840499006211758,9.349018e-05,0.010026155039668083,1.1884922981262207
YY1,MED11,Unknown,0.029506050050258636,0.0363030731678009,0.0013288903,0.01307759340852499,1.5182955265045166
HSF1,HIPK2,Unknown,0.010744508355855942,0.03476179763674736,0.0007313879,0.008282476104795933,1.6784809827804565
SREBF2,ALDH16A1,Unknown,0.0016455247532576323,0.014965811744332314,0.00013630853,0.00566695723682642,1.3194705247879028
MYC,AMZ2,Unknown,0.05531022697687149,0.07457932084798813,0.0023344913,0.008282476104795933,2.619446277618408
CREB1,OXLD1,Unknown,-0.03408121317625046,-0.028340373188257217,0.0004137148,0.0026155186351388693,0.6253021955490112
SMAD3,CCDC53,Unknown,0.00925880391150713,0.019659724086523056,0.0005139144,0.010026155039668083,1.34859299659729
RELA,KDM4B,Unknown,0.0013974643079563975,0.01815745234489441,0.00026580482,0.010026155039668083,1.3277279138565063
NFKB1,AK3,Unknown,-0.03313687443733215,-0.023355785757303238,0.00023986898,0.010462074540555477,0.8092974424362183
MEF2A,BMF,Unknown,0.04080972075462341,0.08222366869449615,0.0030792467,0.00959023553878069,2.8329825401306152
TP53,GTPBP1,Unknown,0.021142348647117615,0.022385960444808006,0.000735828,0.010462074540555477,1.3447890281677246
CTCF,CLPP,Unknown,0.009501690044999123,0.02811913937330246,0.0004190678,0.004359197802841663,1.7272727489471436
CTCF,GPS1,Unknown,-0.007855675183236599,0.003958494868129492,1.430936e-05,0.0030514386016875505,1.1789906024932861
JUN,HECTD4,Unknown,0.01977783441543579,0.029353680089116096,0.00043166507,0.004795117769390345,1.6933706998825073
JUN,SEC11C,Unknown,0.057360924780368805,0.05010652169585228,0.00097301934,0.00566695723682642,2.0785598754882812
TP53,PER1,Unknown,-0.00985740777105093,-0.0028413471300154924,0.0002504592,0.007846556603908539,1.0177668333053589
NFKB1,PGLS,Unknown,0.00982289481908083,0.03496553748846054,0.0020375054,0.015693113207817078,1.537623643875122
MYC,CEBPD,Unknown,-0.0477134995162487,-0.048504557460546494,0.0016019684,0.000871839583851397,0.27487924695014954
CREB1,MARCH5,Unknown,0.00865720584988594,0.021072661504149437,0.00024485384,0.005231037270277739,1.4639296531677246
RELA,KIAA0226L,Unknown,-0.016456257551908493,-0.010803522542119026,0.0001531665,0.006538796704262495,0.9155207872390747
STAT1,ZNF76,Unknown,0.00035671531804837286,0.008855237625539303,0.00038750863,0.011769833974540234,1.159386157989502
USF2,RAB2B,Unknown,0.03416647017002106,0.04208654537796974,0.0008256266,0.010897994972765446,1.622374176979065
NFKB1,CAPN15,Unknown,-0.006933396216481924,0.014086617156863213,0.0014289537,0.01307759340852499,1.2684435844421387
ETS1,ZNF76,Unknown,0.01753145642578602,0.019448289647698402,0.0023095787,0.025283347815275192,1.422456979751587
JUN,USB1,Unknown,0.003671139245852828,0.018101176247000694,0.00018993048,0.003923278301954269,1.4853737354278564
STAT3,RPL24,Unknown,-0.005908463150262833,-0.0006406137254089117,0.0034284485,0.03356582298874855,1.3558117151260376
NFKB1,RGCC,Unknown,-0.045025136321783066,-0.034495629370212555,0.002960381,0.06408020853996277,0.9128583073616028
HIF1A,IRF2BP2,Unknown,0.026102179661393166,0.03971368819475174,0.0044279974,0.07018308341503143,1.3595235347747803
NR3C1,NAP1L1,Unknown,0.012572641484439373,0.015903644263744354,0.010120638,0.10113339126110077,1.2386438846588135
SP100,CLEC2D,Unknown,0.019868746399879456,0.029078420251607895,0.006448506,0.09067131578922272,1.2678531408309937
STAT6,ETS1,Unknown,0.018547413870692253,0.020441561937332153,0.0066890204,0.11464690417051315,1.234740138053894
TP53,ARL4C,Unknown,0.034122269600629807,0.048152294009923935,0.010856813,0.057541411370038986,1.4729986190795898
FOXO1,RGS10,Unknown,0.0683467909693718,0.08098280429840088,0.0034679857,0.030950305983424187,1.8376202583312988
IRF1,ATP5B,Unknown,0.018455786630511284,0.03288303315639496,0.01102155,0.07759372144937515,1.329673409461975
HBP1,CSDE1,Unknown,0.053910259157419205,0.0627855658531189,0.010308078,0.06451612710952759,1.5980024337768555
TP53,SRSF7,Unknown,0.03296785056591034,0.0494663268327713,0.007783406,0.05536181479692459,1.4826595783233643
STAT4,CD81,Unknown,0.03677251935005188,0.059793174266815186,0.0034619686,0.028770705685019493,1.6940726041793823
STAT1,LINC01578,Unknown,-0.006255713757127523,0.016304749995470047,0.015864715,0.06364428997039795,1.2851438522338867
NFKB1,C11ORF31,Unknown,0.012017333880066872,0.031036997213959694,0.0072244625,0.05492589250206947,1.3347198963165283
ETS1,LGALS3,Unknown,-0.17644350230693817,-0.17368483543395996,0.01809008,0.020924149081110954,0.29387688636779785
TP53,GIMAP6,Unknown,0.03936649113893509,0.04453352093696594,0.0014302373,0.03966870158910751,1.376441478729248
SMAD4,GNG5,Unknown,-0.014347353018820286,0.0011061207624152303,0.0015807863,0.02920662611722946,1.134704351425171
ETS1,ARPC4,Unknown,-0.0984342023730278,-0.09185988456010818,0.009894483,0.09154315292835236,0.7464655041694641
FLI1,ARPC4,Unknown,-0.013297602534294128,0.005323483608663082,0.0024876727,0.02571926824748516,1.1642699241638184
ETS1,AKAP13,Unknown,-0.0030531524680554867,0.0009182776557281613,0.005963313,0.10331299155950546,1.1188008785247803
ETS1,ARRB2,Unknown,0.0076705110259354115,0.008615770377218723,0.013206055,0.11769834160804749,1.1710095405578613
USF2,CSNK2B,Unknown,0.008587981574237347,0.016277730464935303,0.0032469637,0.042720139026641846,1.2099107503890991
ETS1,FNBP1,Unknown,0.06718818843364716,0.07028238475322723,0.022041468,0.13731473684310913,1.71743905544281
NFKB1,HERPUD2,Unknown,0.02906026504933834,0.04167908802628517,0.0041024946,0.05187445506453514,1.382338285446167
HSF1,CST3,Unknown,-0.0006060682353563607,0.033240608870983124,0.0008004442,0.01133391447365284,1.587487816810608
YY1,PSMB4,Unknown,0.010268871672451496,0.028851687908172607,0.0036783682,0.04751525819301605,1.291152834892273
STAT2,LYSMD2,Unknown,0.03345416486263275,0.05024334788322449,0.0030050569,0.037053182721138,1.507369041442871
STAT3,SLC3A2,Unknown,0.03449336066842079,0.043940603733062744,0.0010065136,0.016564952209591866,1.5636197328567505
RUNX3,ISCU,Unknown,0.06849886476993561,0.09040828794240952,0.010678991,0.07018308341503143,1.8294371366500854
STAT1,RARRES3,Unknown,-0.0249406099319458,-0.018079983070492744,0.0015504498,0.03356582298874855,0.9364647269248962
HIF1A,DEF6,Unknown,0.0015572839183732867,0.008026862516999245,0.0023752907,0.038796860724687576,1.1047405004501343
YY1,RASAL3,Unknown,0.017131714150309563,0.02870139479637146,0.0063135303,0.04141237959265709,1.2999125719070435
IRF1,VPS28,Unknown,0.008103551343083382,0.028171725571155548,0.007289021,0.05361813306808472,1.3335587978363037
STAT3,MRFAP1,Unknown,-0.010562725365161896,0.003898781258612871,0.0030980248,0.01307759340852499,1.1648119688034058
STAT2,JOSD1,Unknown,0.002931948285549879,0.014535573311150074,0.004389248,0.03007846511900425,1.1827656030654907
NFKB1,MRFAP1,Unknown,0.007497686892747879,0.02105376310646534,0.0031713136,0.04882301762700081,1.2101647853851318
STAT4,MED15,Unknown,0.0690041109919548,0.08230230957269669,0.003535345,0.03356582298874855,1.8511463403701782
TP53,MRFAP1,Unknown,-0.014357268810272217,0.0029381157364696264,0.0054458813,0.03269398584961891,1.1217944622039795
RUNX1,ABR,Unknown,-0.009835055097937584,0.013513448648154736,0.00023265985,0.012641673907637596,1.2660208940505981
RELA,CNOT6L,Unknown,-0.025085510686039925,-0.01215231604874134,0.0045531522,0.024411508813500404,0.9780535697937012
MYC,INSIG1,Unknown,-0.02682456187903881,-0.0006461212178692222,0.002525478,0.010897994972765446,1.126752495765686
CREB1,CBX3,Unknown,0.042492933571338654,0.06973791122436523,0.004453077,0.020924149081110954,2.0280959606170654
NFKB2,INSIG1,Unknown,0.011340265162289143,0.03960902988910675,0.0022767438,0.015257192775607109,1.6194627285003662
SMAD3,CYB5R3,Unknown,0.023987259715795517,0.032019130885601044,0.0052931444,0.025283347815275192,1.3530001640319824
SMAD4,GBP5,Unknown,0.002365985419601202,0.008239694871008396,0.00011405351,0.013949433341622353,1.1279371976852417
TP53,NCOA4,Unknown,0.03208151087164879,0.0608767606317997,0.008407665,0.035309504717588425,1.6825904846191406
NFKB1,PLEKHA2,Unknown,0.0178235936909914,0.0317235141992569,0.006449835,0.04359197989106178,1.3309565782546997
RELA,P2RY8,Unknown,0.030538612976670265,0.043513864278793335,0.0023824566,0.02920662611722946,1.4499599933624268
NFKB1,ISG20,Unknown,-0.012635192833840847,-0.0066576446406543255,0.00024947117,0.03443766385316849,0.9878991842269897
ATF1,CCSER2,Unknown,0.016029389575123787,0.027267973870038986,0.0011611106,0.012641673907637596,1.4256380796432495
IRF3,ISG20,Unknown,-0.0005805035470984876,0.00735140684992075,0.00017705064,0.012641673907637596,1.1348408460617065
TP53,SEPW1,Unknown,0.015185048803687096,0.029342874884605408,0.003879913,0.027027027681469917,1.3179737329483032
ETS1,ANKH,Unknown,0.08638651669025421,0.0888095274567604,0.010970611,0.08151700347661972,1.8778258562088013
SPI1,MGAT4A,Unknown,-0.09402493387460709,-0.1000102311372757,0.0078973165,0.000871839583851397,0.09053640067577362
ETS1,PPP1R35,Unknown,0.04511098191142082,0.04252350702881813,0.0036666705,0.0601569302380085,1.4178670644760132
JUN,ARCN1,Unknown,0.045541390776634216,0.04668354243040085,0.0012585367,0.012641673907637596,1.6628659963607788
IRF1,ARCN1,Unknown,0.012984976172447205,0.024882836267352104,0.00302242,0.035745423287153244,1.2789052724838257
CTCF,LAMTOR4,Unknown,-0.006071994546800852,0.014796489849686623,0.0030501103,0.009154316037893295,1.3406462669372559
TP53,EPS15,Unknown,0.0443960465490818,0.05348818004131317,0.007584795,0.02920662611722946,1.55930757522583
TP53,ARHGAP25,Unknown,0.05105012655258179,0.06564058363437653,0.0029476983,0.02920662611722946,1.7014397382736206
TP53,LAMTOR5,Unknown,0.01916198804974556,0.03583903983235359,0.0068925554,0.02659110724925995,1.4098246097564697
NFKB1,RAB9A,Unknown,0.05722368136048317,0.060373712331056595,0.0016944098,0.020052310079336166,1.7117928266525269
STAT1,PRPF40A,Unknown,0.028104126453399658,0.04821467399597168,0.0055431584,0.03661726415157318,1.5266447067260742
TP53,ARHGAP4,Unknown,0.04462776333093643,0.043750930577516556,0.0010788229,0.023539667949080467,1.398723840713501
RELA,PUM1,Unknown,-0.010854886844754219,0.01012874674052,0.008296903,0.02179598994553089,1.208533763885498
MYC,DGUOK,Unknown,0.022312769666314125,0.023649800568819046,0.0003036958,0.010897994972765446,1.3333497047424316
NFKB1,HSPD1,Unknown,0.09457781910896301,0.09425878524780273,0.0039484184,0.038796860724687576,1.848338007926941
BCL6,ARHGAP4,Unknown,-0.002261123154312372,0.0030578994192183018,1.1205171e-05,0.006974716670811176,1.0914368629455566
E2F4,SHKBP1,Unknown,0.030856672674417496,0.04801829904317856,0.0013403947,0.014821273274719715,1.7025682926177979
SPI1,SACM1L,Unknown,-0.060802359133958817,-0.05409722402691841,0.0015330949,0.003487358335405588,0.44392770528793335
NFKB1,PHF1,Unknown,-0.038434043526649475,-0.014911229722201824,0.0019812179,0.02571926824748516,1.0119357109069824
RELA,BET1L,Unknown,-0.02765340730547905,-0.01834101416170597,0.00027474287,0.015257192775607109,0.8878685832023621
RELA,C5ORF56,Unknown,-0.026617921888828278,-0.010915108025074005,0.0004735239,0.014821273274719715,0.9698312878608704
SREBF2,UBE2L3,Unknown,-0.0040964423678815365,0.00872937124222517,8.263862e-05,0.010026155039668083,1.176512598991394
MYC,STARD7,Unknown,-0.02350032329559326,-0.01718900352716446,0.00010479722,0.006538796704262495,0.8500561118125916
TP53,SNX9,Unknown,0.038131359964609146,0.05492779612541199,0.0029760667,0.023975588381290436,1.656376838684082
HIF1A,BAZ1A,Unknown,0.054891929030418396,0.06709282845258713,0.004299455,0.027027027681469917,1.7567545175552368
JUN,CCDC92,Unknown,0.03348531946539879,0.046712785959243774,0.0010773344,0.00959023553878069,1.8028942346572876
SMAD4,C5ORF56,Unknown,-0.04298971965909004,-0.04082116484642029,0.00081802084,0.0074106366373598576,0.6356939673423767
SKIL,FOXK1,Unknown,0.005175383295863867,0.01888551563024521,0.0010405962,0.031822144985198975,1.2431955337524414
IRF1,NEDD8,Unknown,0.010684357956051826,0.025869358330965042,0.0014004533,0.02615518681704998,1.3069790601730347
USF2,ACTR1A,Unknown,0.017115406692028046,0.03848196566104889,0.002174854,0.01918047107756138,1.496070146560669
STAT3,UBA3,Unknown,0.03797532618045807,0.047229353338479996,0.0010373993,0.009154316037893295,1.8052959442138672
STAT3,BCL10,Unknown,0.0303189754486084,0.044547904282808304,0.0009880062,0.008718395605683327,1.8037853240966797
STAT1,DHRS3,Unknown,-0.012219198048114777,0.0029550062026828527,0.0009019557,0.020052310079336166,1.1165060997009277
ETS1,DHRS3,Unknown,0.11258469521999359,0.11711819469928741,0.010425628,0.05623365193605423,2.6509175300598145
SP3,SETD1B,Unknown,-0.00929764099419117,0.013099228963255882,0.00017372688,0.0074106366373598576,1.3086212873458862
RUNX1,TMED9,Unknown,-0.02695954404771328,-0.01302383840084076,4.505964e-05,0.0074106366373598576,0.909810483455658
TP53,SLC44A2,Unknown,0.06367450952529907,0.07163405418395996,0.0025416906,0.020924149081110954,1.8725264072418213
RELA,PTPRE,Unknown,0.022161230444908142,0.03280899301171303,0.0016102772,0.016564952209591866,1.4167624711990356
HIF1A,GATA3,Unknown,-0.028442934155464172,-0.02997322753071785,0.0017543065,0.012205754406750202,0.7737738490104675
RARA,ALOX5AP,Unknown,0.04035964235663414,0.0391315296292305,0.0006900632,0.007846556603908539,1.6758960485458374
SP3,SLU7,Unknown,-0.020953001454472542,-0.005801421124488115,3.9049764e-06,0.00566695723682642,0.9918720126152039
JUN,DHRS3,Unknown,0.028178324922919273,0.055895570665597916,0.0015789648,0.009154316037893295,2.0925486087799072
SMAD3,ALOX5AP,Unknown,0.07981406897306442,0.08916012942790985,0.00395762,0.021360069513320923,2.175896406173706
CEBPB,DHRS3,Unknown,-0.052691202610731125,-0.04109276831150055,0.002036605,0.009154316037893295,0.6810727715492249
ETS1,MAP3K3,Unknown,0.030572762712836266,0.02788887359201908,0.0038035235,0.042284220457077026,1.36575448513031
MYC,GNA12,Unknown,-0.010491003282368183,-0.008124290034174919,2.529657e-05,0.004795117769390345,0.932122528553009
NFKB1,CD8B,Unknown,-0.023736974224448204,-0.018118295818567276,0.00027618677,0.01307759340852499,0.8647030591964722
IRF8,LRRN3,Unknown,-0.052690278738737106,-0.05468521639704704,0.0019922652,0.0013077593175694346,0.28205442428588867
NFKB1,IDH3B,Unknown,-0.00038687727646902204,0.022561348974704742,0.00072455045,0.021360069513320923,1.2749693393707275
MAF,MOGS,Unknown,0.01813155598938465,0.01622605510056019,0.00011808736,0.009154316037893295,1.2223464250564575
IRF3,GCN1,Unknown,0.028243374079465866,0.039737213402986526,0.0008063727,0.009154316037893295,1.6759699583053589
CREB1,KIF21B,Unknown,0.039898790419101715,0.04744353145360947,0.0010589419,0.00959023553878069,1.788602590560913
SREBF2,TAF11,Unknown,0.013233667239546776,0.029104014858603477,0.0004710342,0.008718395605683327,1.4951293468475342
TP53,TATDN2,Unknown,-0.01127192284911871,0.005470599047839642,6.548752e-05,0.01307759340852499,1.1110179424285889
RELA,SRP68,Unknown,0.01881338283419609,0.023931527510285378,0.0013214869,0.013949433341622353,1.3239141702651978
CREB1,ZNF384,Unknown,-0.02316814288496971,-0.006894359830766916,2.8842092e-06,0.00566695723682642,0.9975074529647827
SMAD4,HIATL1,Unknown,0.02602660283446312,0.042663536965847015,0.0010491147,0.012205754406750202,1.6705724000930786
JUND,NDUFB9,Unknown,0.025020446628332138,0.036168407648801804,0.001892136,0.037053182721138,1.4479782581329346
USF2,NDUFB9,Unknown,0.006556435488164425,0.022185996174812317,0.00082804565,0.013949433341622353,1.327365756034851
RELA,AKR1A1,Unknown,0.04843723401427269,0.07437166571617126,0.0055662342,0.01918047107756138,2.0981945991516113
NFKB1,ARHGEF6,Unknown,-0.03804958984255791,-0.029835157096385956,0.0010823401,0.014821273274719715,0.8222395777702332
YY1,DERL2,Unknown,-0.004786524921655655,0.01024664007127285,0.0010249651,0.014821273274719715,1.2051554918289185
MYC,PLEKHA1,Unknown,-0.005642205011099577,0.010212245397269726,9.112216e-05,0.006102877203375101,1.2482179403305054
ETS1,EOMES,Unknown,0.0145020242780447,0.014737708494067192,0.0034142912,0.03487358242273331,1.3272829055786133
LEF1,SMARCA5,Unknown,0.0015705882105976343,0.004864291753619909,0.00012271224,0.020488230511546135,1.088443636894226
TP53,G6PD,Unknown,-0.015391021966934204,0.0048569873906672,0.0035236785,0.012641673907637596,1.160420536994934
STAT4,HOXB2,Unknown,0.01865161955356598,0.0324527882039547,0.0005888501,0.01133391447365284,1.4852628707885742
SPI1,FGR,Unknown,0.22765596210956573,0.27985936403274536,0.023747016,0.02179598994553089,10.226296424865723
RUNX1,PRKAA1,Unknown,0.02837536670267582,0.06447239220142365,0.0022784327,0.012205754406750202,2.174318313598633
JUN,KYNU,Unknown,-0.01979437842965126,-0.018577957525849342,0.00018608969,0.0026155186351388693,0.7396649718284607
STAT3,CD8B,Unknown,0.00709936348721385,0.006952984724193811,2.0448913e-05,0.004359197802841663,1.1583768129348755
SMAD3,CD8B,Unknown,-0.04817650094628334,-0.0445619560778141,0.0011055913,0.00566695723682642,0.5710656046867371
SMAD4,ATOX1,Unknown,-0.016176778823137283,-0.00039730395656079054,1.0540862e-05,0.0074106366373598576,1.0859053134918213
STAT4,ITGAX,Unknown,-0.06951422244310379,-0.07146301120519638,0.003402147,0.001743679167702794,0.2333609163761139
LEF1,ATOX1,Unknown,-0.08384329080581665,-0.08948582410812378,0.004748277,0.0074106366373598576,0.35039377212524414
HIF1A,LARP7,Unknown,0.005241292528808117,0.01512277964502573,0.00016938213,0.01307759340852499,1.2178106307983398
RUNX1,BST2,Unknown,0.020775971934199333,0.03650475665926933,0.00071915955,0.008718395605683327,1.6479471921920776
CREB1,RILPL2,Unknown,0.022330308333039284,0.038568899035453796,0.0007428568,0.0074106366373598576,1.7358356714248657
STAT1,CNP,Unknown,0.017864352092146873,0.03938949853181839,0.0017851879,0.017872711643576622,1.5804903507232666
STAT1,SLC25A36,Unknown,-0.03978487849235535,-0.030176127329468727,0.00052654673,0.010462074540555477,0.7689255475997925
STAT1,PUS1,Unknown,-0.028782006353139877,-0.004788688383996487,0.0014633731,0.01307759340852499,1.0878684520721436
NFKB1,TRABD2A,Unknown,-0.05058528482913971,-0.042096566408872604,0.0012370839,0.010462074540555477,0.6858329176902771
SP3,IRF5,Unknown,-0.012813926674425602,0.007828779518604279,6.393113e-05,0.004795117769390345,1.2431848049163818
ATF1,SYK,Unknown,0.04731209576129913,0.058984238654375076,0.0015213446,0.0074106366373598576,2.2397568225860596
STAT1,PPP2R2D,Unknown,-0.00964122824370861,0.009793511591851711,0.0014184782,0.014385352842509747,1.2275089025497437
RBPJ,WBP1L,Unknown,0.037509214133024216,0.04347086325287819,0.0010400928,0.012641673907637596,1.6492047309875488
IRF1,TGFBI,Unknown,0.1226431280374527,0.12159642577171326,0.005991323,0.021360069513320923,2.881028175354004
SPI1,HIPK2,Unknown,0.10754162073135376,0.14051471650600433,0.007250207,0.012205754406750202,4.531529426574707
TP53,TPM3,Unknown,-0.010166600346565247,0.019427424296736717,0.0018550832,0.01133391447365284,1.3788892030715942
RELA,TPM3,Unknown,0.051148004829883575,0.0765247568488121,0.0076162075,0.015693113207817078,2.3607451915740967
MYC,IFNAR2,Unknown,0.018445979803800583,0.04685947299003601,0.0011304927,0.006974716670811176,2.033313512802124
SMAD3,WHSC1,Unknown,-0.002715335227549076,0.003261617152020335,0.00094282255,0.008718395605683327,1.1111717224121094
SMAD4,LOC100506548,Unknown,0.011629764921963215,0.011201404966413975,7.6211945e-05,0.006974716670811176,1.2099074125289917
SREBF2,TMEM87B,Unknown,-0.032434552907943726,-0.019612880423665047,0.000155925,0.003487358335405588,0.779485821723938
STAT3,MRPL33,Unknown,-0.03595200181007385,-0.02433045208454132,0.0002735614,0.0021795989014208317,0.671850323677063
MYC,MECP2,Unknown,0.031997088342905045,0.04444682225584984,0.0009431611,0.006538796704262495,1.9485329389572144
ETS1,TMEM14C,Unknown,0.009262622334063053,0.013914682902395725,0.000932299,0.02571926824748516,1.2272725105285645
STAT1,FAM20B,Unknown,-0.022861644625663757,-0.0024319682270288467,0.000719688,0.012205754406750202,1.0768717527389526
RELA,ASAP1,Unknown,0.020869866013526917,0.029731586575508118,0.0016193226,0.010897994972765446,1.4791067838668823
SMAD4,CCDC53,Unknown,0.031103873625397682,0.032758817076683044,0.00049667247,0.008282476104795933,1.5303912162780762
NFKB1,KDM4B,Unknown,0.0017189488280564547,0.029467249289155006,0.0005641593,0.015693113207817078,1.4022207260131836
MEF2A,RGS2,Unknown,0.07318560779094696,0.08856592327356339,0.0032278397,0.00959023553878069,2.914924383163452
MEF2D,CCDC53,Unknown,0.016008228063583374,0.007358365226536989,1.6522614e-05,0.006974716670811176,1.1063916683197021
RUNX1,MARCKSL1,Unknown,0.008359670639038086,0.035446759313344955,0.0007688622,0.007846556603908539,1.7271008491516113
SPI1,GPS1,Unknown,-0.011706781573593616,-0.0023983914870768785,1.2002411e-17,0.003487358335405588,1.0544346570968628
CTCF,CENPC,Unknown,0.0048141153529286385,0.004335352219641209,1.1977822e-05,0.0030514386016875505,1.1684736013412476
CTCF,GRPEL2,Unknown,0.03924187645316124,0.03228739649057388,0.00043330865,0.004359197802841663,1.7432032823562622
STAT1,FAM101B,Unknown,-0.034226808696985245,-0.03504881635308266,0.00075277546,0.007846556603908539,0.6628225445747375
TP53,NFKBIE,Unknown,-0.03679662570357323,-0.01721765659749508,0.0033647506,0.0074106366373598576,0.9123064279556274
STAT3,GRPEL2,Unknown,-0.005211938172578812,0.018267320469021797,0.00022242348,0.004359197802841663,1.4946502447128296
MYC,PSMD5-AS1,Unknown,0.04930814728140831,0.057132408022880554,0.0014209764,0.006974716670811176,2.2316956520080566
STAT5B,LIMD1,Unknown,0.004240062553435564,0.006948993541300297,0.00028959944,0.01133391447365284,1.1133931875228882
JUN,PSMD5-AS1,Unknown,-0.0005699404864571989,-0.0019646240398287773,6.292542e-07,0.0030514386016875505,1.0403492450714111
NFE2L2,GZMH,Unknown,-0.03758222237229347,-0.03216233476996422,0.00082626665,0.004795117769390345,0.648147463798523
YY1,GSK3B,Unknown,-0.016489878296852112,-0.01313193142414093,0.0001616928,0.0074106366373598576,0.8745731711387634
ETS1,EMILIN2,Unknown,-0.10616303235292435,-0.11237623542547226,0.008616414,0.008718395605683327,0.28449565172195435
CREB1,CYP1B1,Unknown,-0.016065819188952446,-0.0014434356708079576,2.568366e-06,0.007846556603908539,1.0516024827957153
STAT3,RPL10A,Unknown,-0.010459606535732746,0.0018375265644863248,0.0020646015,0.032258063554763794,1.3228410482406616
HSF1,MCL1,Unknown,-0.007169676944613457,0.004098488483577967,0.0026785664,0.050566695630550385,1.2568211555480957
NR3C1,CLEC2D,Unknown,0.0787835344672203,0.0805736556649208,0.01369477,0.11682650446891785,1.7435822486877441
JUN,FYB,Unknown,-0.020599694922566414,-0.020455973222851753,0.00059678603,0.02179598994553089,0.8933002352714539
RARA,NAP1L1,Unknown,-0.030777854844927788,-0.020015884190797806,0.0032039948,0.025283347815275192,1.0437841415405273
CREM,HMHA1,Unknown,0.0029094181954860687,0.017411526292562485,0.0027266499,0.023975588381290436,1.3280969858169556
RELA,CD14,Unknown,-0.02423139661550522,-0.018904302269220352,0.00088972854,0.010026155039668083,0.8607831597328186
HIF1A,SUN2,Unknown,-0.03017326258122921,-0.017230333760380745,0.007166959,0.05841325223445892,1.0503088235855103
STAT1,ATP5B,Unknown,0.007843900471925735,0.023411329835653305,0.00900268,0.08020924031734467,1.3202098608016968
IRF2,LAT,Unknown,-0.03065248765051365,-0.02281864359974861,0.00044315087,0.023103749379515648,0.8887879252433777
HBP1,UBE2D3,Unknown,0.08697567880153656,0.09312904626131058,0.012759044,0.0693112462759018,1.876673698425293
HIF1A,UBE2D3,Unknown,0.017454367130994797,0.030820796266198158,0.008196415,0.06669572740793228,1.3567476272583008
TP53,GNB1,Unknown,0.009492823854088783,0.024894962087273598,0.0094010355,0.05274629592895508,1.324426293373108
STAT1,ARRB2,Unknown,-0.024240579456090927,-0.00558356661349535,0.009653172,0.05928509309887886,1.1199764013290405
NFKB1,TNFRSF25,Unknown,-0.07119983434677124,-0.06265736371278763,0.0054035084,0.039232783019542694,0.7459127902984619
TP53,TNFRSF25,Unknown,0.041734497994184494,0.061393339186906815,0.004965461,0.04446381703019142,1.6158082485198975
RELA,C6ORF48,Unknown,0.02171030454337597,0.03091946430504322,0.0030751417,0.035745423287153244,1.313226342201233
ETS1,LPXN,Unknown,-0.025214655324816704,-0.018869945779442787,0.018153952,0.11639058589935303,1.1484270095825195
STAT3,CSTB,Unknown,0.04432934150099754,0.059864357113838196,0.002579069,0.017000872641801834,1.8961366415023804
YY1,CD47,Unknown,0.044866893440485,0.058328062295913696,0.007606808,0.05231037363409996,1.5428775548934937
TP53,LYSMD2,Unknown,0.04146495461463928,0.06065024808049202,0.005416799,0.043156057596206665,1.584494709968567
STAT1,TRAF3IP3,Unknown,-0.034055449068546295,-0.022455325350165367,0.0018089556,0.04533565789461136,0.9551100134849548
HIF1A,TRAF3IP3,Unknown,-0.009958073496818542,-0.001307017868384719,0.0011764168,0.03836094215512276,1.0590590238571167
IRF1,GSTK1,Unknown,-0.011643308214843273,0.0028653766494244337,0.006609765,0.04969485476613045,1.1443312168121338
RELA,AHR,Unknown,0.044783808290958405,0.07418723404407501,0.0068009654,0.027462946251034737,1.9012383222579956
MYC,LEPROTL1,Unknown,0.07233390212059021,0.07137155532836914,0.002429652,0.02179598994553089,1.8134077787399292
RELA,RPL6,Unknown,0.014096579514443874,0.04584168642759323,0.009930628,0.04097646102309227,1.567169189453125
NFKB1,RPL6,Unknown,-0.01758531481027603,-0.0003474695549812168,0.0043464764,0.050566695630550385,1.1188803911209106
STAT1,PRMT2,Unknown,0.00424406211823225,0.02790372632443905,0.0077632796,0.050566695630550385,1.355238676071167
SP3,HNRNPUL1,Unknown,-0.011517674662172794,0.002678951248526573,0.0007158116,0.013513513840734959,1.1245330572128296
ATF1,NAP1L4,Unknown,0.030118774622678757,0.03019525855779648,0.0007147646,0.013513513840734959,1.347987174987793
RELA,SNHG1,Unknown,-0.001421661232598126,0.015629196539521217,0.003424466,0.028334787115454674,1.2283562421798706
MYC,CYB5R3,Unknown,-0.03301774710416794,-0.019984034821391106,0.0016747097,0.008718395605683327,0.8657534122467041
NFKB1,TSPO,Unknown,-0.0045019187964499,0.013920939527451992,0.0033719095,0.03661726415157318,1.209595799446106
RELA,PLEKHA2,Unknown,0.0171921756118536,0.017484404146671295,0.003906521,0.02659110724925995,1.1738964319229126
IRF3,CCT4,Unknown,-0.009164053946733475,0.005863822530955076,7.820082e-05,0.012641673907637596,1.1348408460617065
STAT1,GGA2,Unknown,-0.029146194458007812,-0.014351485297083855,0.0019021002,0.031822144985198975,0.9858997464179993
MYC,BRI3,Unknown,-0.02626821957528591,-0.009401043877005577,0.0034667568,0.010026155039668083,1.0003749132156372
MYC,PSMA4,Unknown,0.005896493326872587,0.022835807874798775,0.001381047,0.012641673907637596,1.3753817081451416
STAT3,ARCN1,Unknown,-0.004961892496794462,0.012507288716733456,0.0015268635,0.010462074540555477,1.256532907485962
JUN,PAK2,Unknown,-0.0020267826039344072,0.01239860150963068,0.00020750146,0.010026155039668083,1.2247849702835083
CREB1,SCAMP3,Unknown,0.04519915208220482,0.06440262496471405,0.002376747,0.017436791211366653,1.9331198930740356
TP53,PHF11,Unknown,0.0027130902744829655,0.02565930411219597,0.00809167,0.02571926824748516,1.3484950065612793
RELA,HLA-DRB5,Unknown,0.03493824228644371,0.06646805256605148,0.0045451606,0.013949433341622353,2.1890299320220947
NFKB1,HLA-DRB5,Unknown,0.17172080278396606,0.18819043040275574,0.0145157715,0.02964254654943943,4.714967727661133
TP53,MAU2,Unknown,-0.0025817619170993567,0.006378259509801865,0.0015911557,0.020052310079336166,1.122574806213379
MYC,OSBPL8,Unknown,-0.017428355291485786,0.004248274955898523,7.928048e-05,0.00959023553878069,1.1546550989151
RFX1,DIDO1,Unknown,-0.03823937475681305,-0.0349753312766552,0.0008480726,0.004359197802841663,0.6007746458053589
STAT1,UPF1,Unknown,-0.0009198455954901874,0.02692805603146553,0.0037561893,0.032258063554763794,1.3549271821975708
TP53,BECN1,Unknown,0.007512820418924093,0.026193097233772278,0.0013666071,0.02223190851509571,1.3416938781738281
MYC,ENTHD2,Unknown,0.027833672240376472,0.042517997324466705,0.0010030284,0.01133391447365284,1.6846915483474731
TP53,MRI1,Unknown,0.014269120059907436,0.03107142075896263,0.00072960707,0.021360069513320923,1.3855260610580444
HIF1A,GLG1,Unknown,0.004590723197907209,0.020992690697312355,0.001129202,0.02179598994553089,1.278320074081421
YY1,FOXK1,Unknown,0.055232349783182144,0.07862821966409683,0.006680726,0.027462946251034737,1.9824806451797485
JUN,SDF4,Unknown,-0.013849152252078056,-0.023593679070472717,0.00032898766,0.004359197802841663,0.7049040794372559
SMAD4,SDF4,Unknown,-0.0025321338325738907,0.007066404912620783,4.2800573e-05,0.011769833974540234,1.117313027381897
SMAD3,SDF4,Unknown,0.010704948566854,0.03282264992594719,0.00252447,0.01918047107756138,1.4424405097961426
SKIL,CCDC92,Unknown,0.008043944835662842,0.021811943501234055,0.0020424284,0.03269398584961891,1.2989330291748047
IRF1,ATP1A1,Unknown,0.018159333616495132,0.03484440594911575,0.0019391759,0.027898866683244705,1.4241775274276733
STAT1,XRCC6,Unknown,0.012198147363960743,0.030014067888259888,0.0025864034,0.02571926824748516,1.403779149055481
USF2,NME3,Unknown,0.05983328819274902,0.07132938504219055,0.0029850549,0.02223190851509571,1.851781964302063
STAT4,UBA3,Unknown,0.015248036943376064,0.024783654138445854,0.0004099518,0.013513513840734959,1.3524432182312012
STAT3,RASSF2,Unknown,-0.024015650153160095,-0.010375426150858402,3.0687745e-05,0.005231037270277739,0.9227830171585083
CREM,ISG15,Unknown,0.030885256826877594,0.042020995169878006,0.0008731701,0.008282476104795933,1.7619047164916992
TP53,TUG1,Unknown,0.027067042887210846,0.04337279126048088,0.001510582,0.019616391509771347,1.5520626306533813
ETS1,TRIM33,Unknown,0.027290910482406616,0.02988116629421711,0.0014538411,0.04489973932504654,1.3323581218719482
STAT3,CNOT2,Unknown,-0.018273238092660904,0.002855084603652358,3.2494012e-05,0.006102877203375101,1.1536351442337036
HIF1A,NOP58,Unknown,0.028434932231903076,0.03978747874498367,0.0012800351,0.020488230511546135,1.489632487297058
STAT3,NOP58,Unknown,-0.0014845265541225672,0.018120354041457176,0.00023633223,0.006974716670811176,1.3796991109848022
ETS1,VOPP1,Unknown,-0.013004167936742306,-0.012572566978633404,0.0037272947,0.03836094215512276,1.087607502937317
RELA,RORA,Unknown,0.04681815579533577,0.05678543448448181,0.0017466701,0.01918047107756138,1.7165628671646118
NFKB1,ZFC3H1,Unknown,0.014853598549962044,0.033755991607904434,0.0009444929,0.024847427383065224,1.3904378414154053
RUNX3,ENY2,Unknown,-0.025062747299671173,-0.012725002132356167,4.4230073e-05,0.01874455064535141,0.9325853586196899
TP53,PTPRE,Unknown,-0.013119708746671677,-0.0030874209478497505,0.0012306281,0.013949433341622353,1.0365104675292969
SPI1,SSH1,Unknown,0.011922337114810944,0.031188346445560455,0.00055133447,0.008282476104795933,1.5645053386688232
MYC,ALOX5AP,Unknown,-0.0045321304351091385,0.015327111817896366,0.0002007409,0.0074106366373598576,1.3338044881820679
NFKB1,PEF1,Unknown,0.06849121302366257,0.08836796134710312,0.005135493,0.031386226415634155,2.0617997646331787
RELA,SLU7,Unknown,0.013566416688263416,0.03955991938710213,0.002840586,0.017436791211366653,1.5610259771347046
STAT3,IFNGR1,Unknown,0.03443477675318718,0.0540706105530262,0.0014244055,0.009154316037893295,2.0105443000793457
SP3,DHRS3,Unknown,0.012719480320811272,0.0307328999042511,0.0005300743,0.008282476104795933,1.5505313873291016
SMAD4,SLU7,Unknown,-0.014950557611882687,-0.0068281772546470165,8.192506e-06,0.008718395605683327,0.972790002822876
CEBPB,ALOX5AP,Unknown,-0.060765065252780914,-0.04386383667588234,0.005168196,0.009154316037893295,0.6810727715492249
MYC,DENND5A,Unknown,0.03147725388407707,0.041583966463804245,0.00083735,0.008282476104795933,1.7405802011489868
TP53,SEC22C,Unknown,0.012155527248978615,0.032558541744947433,0.00074999064,0.017000872641801834,1.430282473564148
FLI1,GNA12,Unknown,0.0013022784842178226,0.010735933668911457,7.872404e-05,0.008282476104795933,1.1922210454940796
MYC,MOGS,Unknown,-0.03394600376486778,-0.027055086567997932,0.00033968833,0.003923278301954269,0.692379355430603
IRF8,MLLT1,Unknown,-0.02228230983018875,0.0030075758695602417,2.6933452e-05,0.005231037270277739,1.1566376686096191
MAF,ZNF101,Unknown,0.0017976837698370218,0.003825817024335265,1.1900672e-05,0.008282476104795933,1.0836414098739624
SP3,TACC3,Unknown,0.02272637002170086,0.04305927827954292,0.00096706534,0.008718395605683327,1.7899075746536255
YY1,AAMP,Unknown,-0.0013303529703989625,0.017298441380262375,0.0015814228,0.016129031777381897,1.2839915752410889
SREBF2,DUSP22,Unknown,0.04231991618871689,0.06755350530147552,0.0021903373,0.011769833974540234,2.167818307876587
SMAD4,NDUFB9,Unknown,0.00082300795475021,0.009259390644729137,8.303361e-05,0.009154316037893295,1.1862478256225586
USF2,SNHG16,Unknown,0.006851315498352051,0.022734126076102257,0.002062583,0.014385352842509747,1.3341041803359985
ATF1,PPIG,Unknown,0.0032302720937877893,0.01183462142944336,9.0315276e-05,0.00566695723682642,1.2588276863098145
ATF4,AKR1A1,Unknown,0.06304570287466049,0.08518566191196442,0.007830933,0.032258063554763794,2.2167110443115234
MYC,AKT2,Unknown,0.053915295749902725,0.06332851201295853,0.0018071237,0.00959023553878069,2.168233871459961
RUNX3,SH2B1,Unknown,0.03303235396742821,0.04077949374914169,0.0013661432,0.02223190851509571,1.47767972946167
IRF1,RIPK1,Unknown,-0.0029417644254863262,0.017036354169249535,0.00089090434,0.01830863207578659,1.2752875089645386
STAT3,PAGR1,Unknown,-0.011693432927131653,-0.0017234060214832425,4.751542e-10,0.004359197802841663,1.0422980785369873
ETS1,KRI1,Unknown,0.02681213989853859,0.029429351910948753,0.0015952612,0.035745423287153244,1.397865653038025
MYC,KRI1,Unknown,0.049312178045511246,0.05803253501653671,0.0014817084,0.008718395605683327,2.075047254562378
SPI1,LGALS9,Unknown,0.2327844202518463,0.2981330454349518,0.026471438,0.02266782894730568,11.560175895690918
SATB1,FGR,Unknown,-0.05733293667435646,-0.04841076582670212,0.0021618719,0.006974716670811176,0.5996882319450378
NFKB1,ATOX1,Unknown,0.07178901135921478,0.10217134654521942,0.005688374,0.02659110724925995,2.443241834640503
YY1,FGR,Unknown,0.00607433682307601,0.011006174609065056,0.00034998913,0.012205754406750202,1.1827858686447144
STAT3,ATOX1,Unknown,0.018812062218785286,0.050809621810913086,0.0013140986,0.0074106366373598576,2.1066482067108154
SMAD3,FGR,Unknown,-0.03632640838623047,-0.017989631742239,0.0010597262,0.008282476104795933,0.9025840759277344
AHR,FGR,Unknown,0.10567551106214523,0.11729837954044342,0.0055762962,0.017872711643576622,2.903444766998291
SP3,HSH2D,Unknown,-0.018027614802122116,-0.01217573881149292,5.864989e-05,0.003923278301954269,0.8764628767967224
JUN,SH3BP1,Unknown,-0.047790925949811935,-0.0514492467045784,0.0018931008,0.000871839583851397,0.24904213845729828
NFKB1,ZNHIT3,Unknown,0.0051163495518267155,0.018952511250972748,0.00022844867,0.016564952209591866,1.2251250743865967
NFKB2,MAP3K8,Unknown,-0.006907832343131304,0.02924179658293724,0.00057800836,0.006974716670811176,1.6493184566497803
YY1,GLYR1,Unknown,0.006367028690874577,0.01578788086771965,0.00016652746,0.012205754406750202,1.2247709035873413
JUN,MYDGF,Unknown,-0.02210332825779915,-0.006605458911508322,6.2434497e-06,0.003487358335405588,0.9903268814086914
CREB1,DNAJB14,Unknown,-0.007550201378762722,0.005737421568483114,3.7776976e-05,0.005231037270277739,1.1809927225112915
POU2F2,ENTPD6,Unknown,-0.031299054622650146,-0.027959950268268585,0.00035289003,0.00566695723682642,0.7189862132072449
STAT1,CEBPD,Unknown,0.03712604194879532,0.04616778716444969,0.0012592811,0.015693113207817078,1.6270416975021362
RELA,LGALS9,Unknown,-0.0017642176244407892,0.021468449383974075,0.0038755455,0.011769833974540234,1.3961883783340454
TP53,SCO2,Unknown,-0.01957806944847107,0.0020251895766705275,0.0009247028,0.010026155039668083,1.1140213012695312
TP53,DPH3,Unknown,-0.007595708593726158,0.007754843682050705,0.00132963,0.010462074540555477,1.186301827430725
STAT1,HIPK2,Unknown,0.01616961695253849,0.045314691960811615,0.0028055029,0.017872711643576622,1.7237439155578613
TP53,STIP1,Unknown,-0.003574185539036989,0.021921593695878983,0.0018783371,0.01133391447365284,1.39235520362854
RELA,GRIPAP1,Unknown,-0.008906608447432518,-0.004096522927284241,4.767427e-05,0.008282476104795933,1.0083743333816528
SMAD4,HAGH,Unknown,0.031300585716962814,0.040024787187576294,0.00079433736,0.009154316037893295,1.6721290349960327
GATA3,MLLT10,Unknown,0.0256874430924654,0.03815178573131561,0.0007243083,0.007846556603908539,1.6983367204666138
STAT3,ULK3,Unknown,0.0005372381419874728,0.0088553037494421,4.593573e-05,0.003923278301954269,1.2383702993392944
STAT1,LOC146880,Unknown,-0.037198007106781006,-0.025185558944940567,0.0014175719,0.010026155039668083,0.8423893451690674
TP53,RIT1,Unknown,-0.01806490309536457,0.017311260104179382,0.0040163808,0.010897994972765446,1.4040050506591797
RUNX1,GCLC,Unknown,-0.0005243106279522181,0.01540952455252409,0.0001773065,0.006102877203375101,1.3517861366271973
SPI1,GRPEL2,Unknown,-0.03509509190917015,-0.032444823533296585,0.00059117144,0.001743679167702794,0.5237261056900024
CTCF,LIMD1,Unknown,0.0004895576857961714,0.012238466180860996,9.341986e-05,0.003487358335405588,1.3605149984359741
STAT1,KEAP1,Unknown,0.027484185993671417,0.04818802699446678,0.0030544358,0.016564952209591866,1.788940668106079
RELA,PHAX,Unknown,0.02060818299651146,0.033423613756895065,0.0006888241,0.010462074540555477,1.5217492580413818
NFKB1,MARCH5,Unknown,0.020512109622359276,0.042933665215969086,0.0016415195,0.016564952209591866,1.6689602136611938
STAT5B,SEC11C,Unknown,-0.012224643491208553,0.002806501230224967,0.0005177356,0.01133391447365284,1.1133931875228882
JUN,NFKBIE,Unknown,-0.01677999272942543,-0.003133658319711685,2.0855795e-07,0.0030514386016875505,1.0497922897338867
NFE2L2,PER1,Unknown,-0.0074734678491950035,0.0172635056078434,0.0013890091,0.008718395605683327,1.3697926998138428
YY1,RNF187,Unknown,0.06228329986333847,0.07751594483852386,0.003763776,0.015257192775607109,2.2930614948272705
JUN,CSGALNACT1,Unknown,-0.017038829624652863,-0.021861135959625244,0.00028938963,0.001743679167702794,0.6443265676498413
NFKB1,CCDC64,Unknown,-0.05423292890191078,-0.04650363698601723,0.0026159051,0.05972101166844368,0.8382792472839355
HSF1,RPL24,Unknown,0.017853835597634315,0.021062176674604416,0.0029023807,0.054054055362939835,1.3960645198822021
RARA,FYB,Unknown,-0.02211119420826435,-0.010614101774990559,0.000997677,0.023975588381290436,1.013466477394104
JUN,NEAT1,Unknown,-0.035358112305402756,-0.03338134288787842,0.0006583219,0.021360069513320923,0.7837368845939636
SP100,NEAT1,Unknown,0.04794967919588089,0.05894234776496887,0.013082608,0.09764603525400162,1.505738615989685
CREM,ARPC1B,Unknown,-0.00587414251640439,0.0040781148709356785,0.0023246978,0.02266782894730568,1.1822590827941895
TP53,HMHA1,Unknown,0.04999574273824692,0.0721929520368576,0.01207724,0.0601569302380085,1.6904253959655762
STAT1,LAT,Unknown,-0.07016175240278244,-0.062474384903907776,0.0038988423,0.05884917080402374,0.7539681792259216
USF2,EIF2S3,Unknown,0.019383862614631653,0.03542223945260048,0.007878592,0.050566695630550385,1.3995405435562134
TP53,GBP2,Unknown,0.05645090714097023,0.07507576793432236,0.014728497,0.057541411370038986,1.6905646324157715
ETS1,FCER1G,Unknown,-0.20163336396217346,-0.2013101428747177,0.025804495,0.01307759340852499,0.17034417390823364
RUNX1,SMCHD1,Unknown,0.030816487967967987,0.044070374220609665,0.0027469974,0.031822144985198975,1.476302146911621
NFKB1,STK24,Unknown,0.010353045538067818,0.02919287420809269,0.003198908,0.04882301762700081,1.3214837312698364
STAT1,MORF4L1,Unknown,0.00598777225241065,0.02317742630839348,0.009521145,0.05928509309887886,1.2878649234771729
RUNX3,ADD1,Unknown,0.04185156524181366,0.062287308275699615,0.0078075165,0.06538797169923782,1.5913059711456299
STAT1,LBH,Unknown,-0.05726417154073715,-0.050446730107069016,0.005134448,0.04097646102309227,0.7954571843147278
HIF1A,PSMB10,Unknown,0.03724726662039757,0.035521119832992554,0.0031647938,0.043156057596206665,1.271344780921936
YY1,PSMB10,Unknown,0.0457892008125782,0.05770740285515785,0.0086763445,0.047079335898160934,1.5244206190109253
MYC,CTDSP2,Unknown,0.06776696443557739,0.08379585295915604,0.004049575,0.023975588381290436,2.15328049659729
RUNX3,SRSF3,Unknown,0.05327519029378891,0.07060619443655014,0.008041276,0.06233653053641319,1.6367816925048828
RELA,JOSD1,Unknown,0.002885214053094387,0.02825264260172844,0.004572088,0.03487358242273331,1.3501431941986084
NFKB1,ARHGAP9,Unknown,-0.013584345579147339,-0.0018959178123623133,0.0023710243,0.046643417328596115,1.071937084197998
SP3,NAP1L4,Unknown,0.02536136843264103,0.05073411390185356,0.0015994427,0.017872711643576622,1.7185466289520264
MYC,NLRC5,Unknown,0.01130282785743475,0.03467565402388573,0.0010604232,0.016564952209591866,1.5001637935638428
RUNX1,MT2A,Unknown,0.0067021483555436134,0.014637934044003487,0.00014823294,0.01133391447365284,1.2217897176742554
NFKB1,CNOT6L,Unknown,0.00321503309533,0.01679021120071411,0.0016932554,0.042284220457077026,1.1818422079086304
BCL6,CYB5R3,Unknown,-0.01582569070160389,0.005029074382036924,4.059569e-05,0.008718395605683327,1.132657527923584
STAT5A,IRF7,Unknown,0.024837488308548927,0.031827375292778015,0.0011751666,0.014821273274719715,1.4336100816726685
RELA,MGEA5,Unknown,0.031955983489751816,0.05769261717796326,0.008119794,0.03312990441918373,1.6564749479293823
NFKB1,MGEA5,Unknown,-0.004020058084279299,0.019984712824225426,0.0043862904,0.04184829816222191,1.2600630521774292
ATF1,CCT6A,Unknown,0.006547114346176386,0.023968730121850967,0.000653869,0.012205754406750202,1.3740099668502808
MYC,GGA2,Unknown,-0.04797281697392464,-0.0481678731739521,0.0014026361,0.006102877203375101,0.5514854192733765
YY1,PSMG2,Unknown,-0.04016071930527687,-0.033459652215242386,0.005703589,0.021360069513320923,0.8268367052078247
NFKB1,BRI3,Unknown,0.0061118584126234055,0.03192155063152313,0.0063941255,0.03966870158910751,1.344377875328064
ETS1,SYNGR2,Unknown,-0.10133305937051773,-0.10272279381752014,0.0057741273,0.03312990441918373,0.5227533578872681
NFKB1,C15ORF48,Unknown,0.08498892933130264,0.10038548707962036,0.004844444,0.023103749379515648,2.4574031829833984
STAT1,TERF2IP,Unknown,-0.0438925102353096,-0.023830965161323547,0.003330067,0.027027027681469917,0.946152925491333
RELA,RTN4,Unknown,-0.005875186063349247,0.01997482404112816,0.004759248,0.023103749379515648,1.3001580238342285
RFX1,ITGA4,Unknown,-0.028786640614271164,-0.010879100300371647,0.0001317796,0.006538796704262495,0.9540286064147949
NFKB1,MAU2,Unknown,-0.01672142930328846,0.007896057330071926,0.00081228244,0.02920662611722946,1.1568138599395752
TP53,SLC12A6,Unknown,-0.011373098008334637,-0.001442361157387495,0.004158475,0.01874455064535141,1.0603541135787964
HIF1A,BECN1,Unknown,0.035276297479867935,0.05266216769814491,0.002589117,0.027462946251034737,1.6014947891235352
IRF1,UBR4,Unknown,-0.009610229171812534,0.012910754419863224,0.005087296,0.027462946251034737,1.26795494556427
YY1,NDUFB8,Unknown,0.03430315852165222,0.038406603038311005,0.001064698,0.023975588381290436,1.398844838142395
NFKB1,ATP1B3,Unknown,0.1216127797961235,0.1437193602323532,0.0100882305,0.04184829816222191,2.6728875637054443
RELA,SMAD7,Unknown,0.0019546733237802982,0.024988971650600433,0.0015875712,0.01874455064535141,1.3534022569656372
NFKB1,NDEL1,Unknown,0.057496778666973114,0.08173950761556625,0.0043503903,0.03007846511900425,1.9627104997634888
YY1,CCDC92,Unknown,0.0301709845662117,0.031300138682127,0.0005941619,0.020924149081110954,1.3213444948196411
RELA,TNRC6B,Unknown,-0.00983608141541481,0.009724900126457214,0.00039712348,0.017436791211366653,1.1872321367263794
STAT1,U2SURP,Unknown,-0.01956232823431492,-0.004447336308658123,0.0013176859,0.021360069513320923,1.0690580606460571
YY1,SLC12A7,Unknown,0.015952808782458305,0.03980086371302605,0.0027993505,0.02223190851509571,1.5294657945632935
STAT4,U2SURP,Unknown,0.01351960003376007,0.049790576100349426,0.0017613552,0.016564952209591866,1.7879875898361206
STAT3,RERE,Unknown,0.020959673449397087,0.014782240614295006,0.00010599784,0.006538796704262495,1.2571165561676025
RUNX3,HSBP1,Unknown,-0.0627477616071701,-0.04957958683371544,0.0012798937,0.014821273274719715,0.6843390464782715
RELA,DHRS3,Unknown,0.02090386115014553,0.041409727185964584,0.0015907926,0.017436791211366653,1.5610259771347046
STAT3,SLU7,Unknown,0.018989287316799164,0.046024683862924576,0.0011815993,0.008718395605683327,1.9117567539215088
RARA,DHRS3,Unknown,0.006351574789732695,0.01715203933417797,0.00018562147,0.006538796704262495,1.3453339338302612
JUN,PTPRE,Unknown,-0.017200784757733345,-0.0020832412410527468,1.6842101e-07,0.005231037270277739,1.0439770221710205
STAT3,MANF,Unknown,0.031115178018808365,0.03868493810296059,0.00070554897,0.007846556603908539,1.6858328580856323
SPI1,LRRN3,Unknown,-0.06464695185422897,-0.07380995899438858,0.0044440883,0.0004359197919256985,0.09982495754957199
RELA,PPIF,Unknown,0.06237892806529999,0.07741735875606537,0.004746659,0.017436791211366653,2.149505615234375
MYC,UTP3,Unknown,0.01838170550763607,0.03519001975655556,0.00065881416,0.008282476104795933,1.6319639682769775
NFKB1,ZMYM2,Unknown,0.010749274864792824,0.0270734541118145,0.0013707123,0.02223190851509571,1.3529995679855347
YY1,DUSP22,Unknown,0.010523635894060135,0.03174027428030968,0.0024355324,0.017872711643576622,1.4800169467926025
SREBF2,PICALM,Unknown,-0.009826451539993286,0.0036722125951200724,2.6781148e-05,0.006974716670811176,1.1298680305480957
SMAD3,SEPT1,Unknown,0.008609812706708908,0.009250485338270664,6.133415e-05,0.011769833974540234,1.1251801252365112
TP53,MRPL43,Unknown,-0.0037800802383571863,0.006483102682977915,0.0015210093,0.01307759340852499,1.1349146366119385
JUND,HIATL1,Unknown,-0.010761831887066364,0.00769959157332778,0.0028567745,0.03487358242273331,1.2435065507888794
LEF1,CCT8,Unknown,-0.012380346655845642,-0.006403620354831219,0.00022419829,0.01918047107756138,0.9974866509437561
IRF1,TMEM2,Unknown,-0.036043111234903336,-0.03489335626363754,0.0006703362,0.011769833974540234,0.7049534320831299
STAT3,ACTN1,Unknown,0.010041095316410065,0.018081538379192352,0.00018185705,0.00566695723682642,1.3729162216186523
MYC,SNHG9,Unknown,-0.0007672013016417623,0.004931265022605658,1.6217287e-05,0.005231037270277739,1.1278600692749023
RUNX1,PCID2,Unknown,0.032073285430669785,0.05158120393753052,0.0013762933,0.010897994972765446,1.8709101676940918
GATA3,FGR,Unknown,-0.011033174581825733,-0.01059725321829319,5.712517e-05,0.005231037270277739,0.8862666487693787
E2F4,ITGAX,Unknown,0.020717507228255272,0.046410586684942245,0.0011481957,0.008718395605683327,1.89126455783844
SATB1,ITGAX,Unknown,-0.06579101830720901,-0.05917326733469963,0.0024534331,0.00566695723682642,0.482783704996109
RELA,MPEG1,Unknown,0.014934336766600609,0.02382819540798664,0.0016552178,0.012205754406750202,1.3450971841812134
NFKB1,CTSL,Unknown,0.0009116338333114982,0.014155972748994827,0.0008056468,0.016564952209591866,1.2366540431976318
AHR,CD8B,Unknown,-0.02103227749466896,-0.0141450809314847,6.877483e-05,0.0074106366373598576,0.8844765424728394
RFX1,ATOX1,Unknown,-0.0040507810190320015,-0.017918648198246956,0.00020617625,0.0026155186351388693,0.7260289192199707
SP3,FAM53C,Unknown,-0.027821291238069534,-0.012478080578148365,4.50038e-05,0.003923278301954269,0.895635724067688
SP3,STX10,Unknown,-0.013148564845323563,0.008005441166460514,7.541952e-05,0.005231037270277739,1.2489854097366333
SP3,SYK,Unknown,0.0035103722475469112,0.013569436967372894,0.00010800924,0.005231037270277739,1.2976382970809937
RUNX1,ENTPD6,Unknown,-0.0037671783939003944,-0.0038497389759868383,6.3213433e-06,0.00566695723682642,0.9812096357345581
CREB1,LZTR1,Unknown,0.03677170351147652,0.04132015258073807,0.0007637005,0.0074106366373598576,1.749714970588684
STAT1,IPO8,Unknown,-0.025866197422146797,-0.013856129720807076,0.00088385434,0.012641673907637596,0.953366756439209
CREB1,P2RX4,Unknown,-0.030882053077220917,-0.020762089639902115,0.00018654886,0.003487358335405588,0.7589950561523438
POU2F2,MYDGF,Unknown,0.03173714503645897,0.01973242685198784,0.00018357516,0.009154316037893295,1.2816303968429565
SPI1,TGFBI,Unknown,0.25248172879219055,0.2978908121585846,0.024772387,0.020052310079336166,12.447068214416504
TP53,WBP1L,Unknown,-0.0036082116421312094,0.015333736315369606,0.0017320485,0.01133391447365284,1.3029900789260864
STAT2,NT5C3A,Unknown,0.014356756582856178,0.02595864050090313,0.0005074453,0.010897994972765446,1.417161464691162
IRF9,IPO8,Unknown,0.016685975715517998,0.024451283738017082,0.000505276,0.013513513840734959,1.2955198287963867
STAT2,CEBPD,Unknown,-0.011131010949611664,6.202413351275027e-05,0.0012131897,0.0074106366373598576,1.0792018175125122
SPI1,STIP1,Unknown,0.00419189129024744,0.021309224888682365,0.00029155877,0.005231037270277739,1.5134185552597046
MBD1,SPPL2A,Unknown,0.0227300226688385,0.03748417645692825,0.00075904856,0.008718395605683327,1.6727441549301147
STAT3,KDM3B,Unknown,0.00945376232266426,0.001477039186283946,1.6866035e-06,0.003487358335405588,1.0899598598480225
ETS1,C1ORF162,Unknown,-0.028637992218136787,-0.028706729412078857,0.00073724304,0.020924149081110954,0.8330118060112
RELA,AK3,Unknown,0.01515140663832426,0.025848666206002235,0.0010873685,0.010462074540555477,1.4024754762649536
TP53,C1ORF162,Unknown,-0.02055671066045761,-0.01142832450568676,8.060662e-05,0.007846556603908539,0.9303126335144043
STAT1,C14ORF159,Unknown,-0.01841963827610016,-0.011983376927673817,0.0017387529,0.010897994972765446,0.9779884219169617
JUN,MXD1,Unknown,-0.011597546748816967,-0.010103186592459679,5.5697616e-05,0.0026155186351388693,0.8709592819213867
JUN,MTA1,Unknown,-0.0022276982199400663,-0.0014365077950060368,6.292542e-07,0.0030514386016875505,1.0403492450714111
STAT5A,SEC11C,Unknown,0.0014869464794173837,0.013071468099951744,0.00011324619,0.004795117769390345,1.3224270343780518
STAT5B,GRPEL2,Unknown,0.021602245047688484,0.03597046062350273,0.0013400912,0.014385352842509747,1.546868920326233
RELA,NFKBIE,Unknown,0.003696554573252797,0.02236016094684601,0.0017091666,0.010026155039668083,1.4395813941955566
NFKB1,NFKBIE,Unknown,0.10784030705690384,0.13201235234737396,0.007985751,0.024411508813500404,3.2622740268707275
STAT1,ENOPH1,Unknown,-0.01670142635703087,-0.014704550616443157,9.752119e-05,0.00959023553878069,0.8667108416557312
YY1,TOMM22,Unknown,0.01722634956240654,0.030408669263124466,0.0012523461,0.01133391447365284,1.4980087280273438
NFKB1,RNF187,Unknown,0.02978736162185669,0.03810550272464752,0.0009252272,0.014821273274719715,1.5011345148086548
HSF1,BTF3,Unknown,0.039107952266931534,0.04463006928563118,0.0031064074,0.05536181479692459,1.5238549709320068
RARA,NEAT1,Unknown,0.013478515669703484,0.01907453127205372,0.00065170805,0.027898866683244705,1.2239593267440796
IRF2,LDHB,Unknown,-0.03545135259628296,-0.03160393610596657,0.0010273159,0.021360069513320923,0.8206244111061096
SPI1,MVP,Unknown,0.21110913157463074,0.24668338894844055,0.023826772,0.03400174528360367,6.660935401916504
USF2,JAK1,Unknown,-0.0035515138879418373,0.007178135681897402,0.005515712,0.046207498759031296,1.1859899759292603
JUN,CD52,Unknown,0.019622601568698883,0.022650698199868202,0.0009385983,0.02223190851509571,1.262489914894104
HBP1,CD53,Unknown,0.05022280290722847,0.06091831624507904,0.011965856,0.06364428997039795,1.635322093963623
STAT1,SNRPB,Unknown,0.0667092427611351,0.0827784314751625,0.014637229,0.07279860228300095,1.7192087173461914
JUN,FCER1G,Unknown,-0.02413264848291874,-0.01522285956889391,8.887165e-05,0.005231037270277739,0.8530996441841125
NFKB1,CSTB,Unknown,0.07735597342252731,0.09128855913877487,0.0059277704,0.05579773336648941,1.7635360956192017
STAT2,GIMAP6,Unknown,-0.019054466858506203,-0.003569104243069887,0.0011309452,0.02964254654943943,1.0648927688598633
STAT1,RPL22,Unknown,-0.01183546707034111,0.0001854569709394127,0.011397859,0.050566695630550385,1.1172411441802979
MYC,SKP1,Unknown,0.011320721358060837,0.02036222256720066,0.00045877352,0.017000872641801834,1.265480637550354
RELA,LEPROTL1,Unknown,0.018435312435030937,0.03586240112781525,0.0045350753,0.03836094215512276,1.40016770362854
STAT1,MRFAP1,Unknown,0.0024407526943832636,0.01615382730960846,0.0035432852,0.047079335898160934,1.2005935907363892
NFKB1,MED15,Unknown,0.009192489087581635,0.032134782522916794,0.004862343,0.05274629592895508,1.3380553722381592
STAT2,ARHGAP9,Unknown,-0.016048064455389977,-0.008477417752146721,0.00028973666,0.027027027681469917,0.9829525947570801
HIF1A,NLRC5,Unknown,0.015121976844966412,0.03187933191657066,0.0051110066,0.037053182721138,1.3266997337341309
ATF1,TOMM6,Unknown,0.03435813635587692,0.05327446386218071,0.0022100077,0.016564952209591866,1.8211241960525513
RELA,SMG1,Unknown,0.07812324911355972,0.09045732021331787,0.010086795,0.03748910129070282,1.9211218357086182
NFKB1,MAPK1IP1L,Unknown,0.014355235733091831,0.032031912356615067,0.0051749907,0.04489973932504654,1.3095426559448242
MYC,BIN2,Unknown,0.01868167333304882,0.032093312591314316,0.0008464139,0.01307759340852499,1.444237470626831
STAT3,BIN2,Unknown,0.021190473809838295,0.047084759920835495,0.0032029247,0.013513513840734959,1.8022818565368652
BCL6,C9ORF78,Unknown,-0.023428866639733315,-0.010909530334174633,0.0007303246,0.009154316037893295,0.9621295928955078
NFKB2,BIN2,Unknown,-0.010255604051053524,-0.004323276691138744,0.0010574214,0.010462074540555477,0.9997076392173767
BCL6,BIN2,Unknown,0.02825148217380047,0.04287835955619812,0.0014120709,0.011769833974540234,1.671165108680725
SMAD3,PPP1R35,Unknown,0.06320235133171082,0.06922633200883865,0.0023683968,0.024847427383065224,1.7327501773834229
STAT1,TAB2,Unknown,-0.015210356563329697,0.005044510588049889,0.0060797897,0.03661726415157318,1.1597346067428589
TP53,CGGBP1,Unknown,0.06532005220651627,0.08267700672149658,0.009954208,0.03792502358555794,1.8479106426239014
STAT3,TAF7,Unknown,0.04574792459607124,0.0681697353720665,0.0035190303,0.016564952209591866,2.0809571743011475
RELA,CCT4,Unknown,0.0016999407671391964,0.02786281332373619,0.009117372,0.028334787115454674,1.379906177520752
ATF1,FGD3,Unknown,-0.023761434480547905,-9.76657338469522e-06,0.0006324481,0.010462074540555477,1.1313821077346802
TP53,TAGAP,Unknown,0.04744868725538254,0.059297576546669006,0.0034403186,0.02964254654943943,1.6167348623275757
ETS1,BRI3,Unknown,-0.1072428971529007,-0.09919667989015579,0.010920554,0.04795117676258087,0.6041558980941772
MYC,YWHAE,Unknown,-0.01822640560567379,-0.0064465440809726715,0.000534302,0.010026155039668083,1.0003749132156372
TP53,YARS,Unknown,0.042112838476896286,0.06379225105047226,0.006341188,0.03007846511900425,1.7233895063400269
TP53,KAT6A,Unknown,0.030726464465260506,0.035244591534137726,0.0042630304,0.02571926824748516,1.3305984735488892
STAT1,HSPA8,Unknown,0.054363735020160675,0.08327730000019073,0.0105535155,0.04054053872823715,1.9684979915618896
YY1,CCNI,Unknown,-0.012019620276987553,0.010250864550471306,0.0015771184,0.023103749379515648,1.1981840133666992
SPI1,PACS1,Unknown,-0.04636213183403015,-0.04640404134988785,0.0011995571,0.003923278301954269,0.49971118569374084
NFKB1,BECN1,Unknown,0.020358547568321228,0.04745655879378319,0.0024533824,0.03443766385316849,1.5567127466201782
RELA,ITGA5,Unknown,0.0220769215375185,0.040234312415122986,0.0010869233,0.02223190851509571,1.4747862815856934
YY1,DNAJC8,Unknown,0.01107630506157875,0.029859183356165886,0.0023037745,0.023539667949080467,1.362126111984253
CEBPB,HNRNPAB,Unknown,0.011327453888952732,0.022350315004587173,0.00052614894,0.020052310079336166,1.2596681118011475
MYC,UBE2L3,Unknown,-0.03232543542981148,-0.01845736987888813,0.00010479722,0.006538796704262495,0.8500561118125916
SKIL,SDF4,Unknown,0.02765810303390026,0.03513128310441971,0.0025323208,0.03400174528360367,1.3582124710083008
TP53,ATG12,Unknown,0.019647426903247833,0.04061500355601311,0.0014777306,0.019616391509771347,1.5421961545944214
NFKB1,GTF2F1,Unknown,0.017172260209918022,0.0340048111975193,0.0012704118,0.024847427383065224,1.4105088710784912
RELA,TMED9,Unknown,0.016571111977100372,0.04412019997835159,0.0047591506,0.01830863207578659,1.6386932134628296
RUNX1,VPS39,Unknown,0.015639910474419594,0.0457565039396286,0.0012722389,0.012641673907637596,1.7465102672576904
CEBPB,SLU7,Unknown,-0.004293725360184908,0.003215312259271741,7.123425e-05,0.01307759340852499,1.0521137714385986
ETS1,MARS,Unknown,0.02896718494594097,0.01688520424067974,0.000532335,0.039232783019542694,1.1588796377182007
SPI1,LRRC8C,Unknown,-0.0058087874203920364,0.02134055458009243,0.00033910174,0.0074106366373598576,1.4498698711395264
FLI1,DUSP6,Unknown,-0.04867858439683914,-0.05057991296052933,0.0015742484,0.0030514386016875505,0.42336082458496094
NFKB1,ADNP,Unknown,0.0339568667113781,0.04153997451066971,0.0008791371,0.023103749379515648,1.422818660736084
RXRA,AHSA1,Unknown,0.04877956211566925,0.09395833313465118,0.004049232,0.01133391447365284,3.054884910583496
SP3,MAN2C1,Unknown,-0.009392150677740574,-0.01101355254650116,5.732757e-05,0.004795117769390345,0.8836369514465332
TP53,ARHGEF6,Unknown,0.03707381337881088,0.03695845231413841,0.0006803748,0.015693113207817078,1.4354839324951172
TP53,HMGN3,Unknown,0.09154069423675537,0.08929525315761566,0.0033131985,0.020488230511546135,2.1062278747558594
NFKB1,SNHG12,Unknown,0.014250250533223152,0.03610752895474434,0.0016200459,0.02266782894730568,1.4609880447387695
RUNX1,NELFE,Unknown,-0.008653800003230572,-0.0040290504693984985,1.591973e-06,0.006538796704262495,1.0032824277877808
SATB1,MYC,Unknown,0.11527655273675919,0.13181966543197632,0.007676838,0.023539667949080467,3.069032669067383
TP53,FGR,Unknown,-0.005366477649658918,0.012988150119781494,0.0010768507,0.011769833974540234,1.2414727210998535
JUN,MPEG1,Unknown,-0.03821234405040741,-0.03821625933051109,0.0008735353,0.001743679167702794,0.45525291562080383
LEF1,CD8B,Unknown,0.06834910064935684,0.07692836225032806,0.0029371004,0.025283347815275192,1.8859632015228271
STAT1,BRAT1,Unknown,-0.0029662882443517447,0.008897404186427593,0.0015802872,0.015693113207817078,1.1980410814285278
CEBPB,YPEL2,Unknown,-0.03746647387742996,-0.024910755455493927,0.00029067366,0.007846556603908539,0.7836484909057617
SP3,SIAH2,Unknown,0.013706311583518982,0.03582305088639259,0.000699304,0.006974716670811176,1.7360668182373047
NFKB1,EIF5B,Unknown,0.02743617258965969,0.05271640047430992,0.002039353,0.020924149081110954,1.721260905265808
JUN,SDF2L1,Unknown,-0.00832503754645586,-0.004451728891581297,7.873981e-06,0.003487358335405588,0.9827923774719238
STAT1,SMAD2,Unknown,0.006649538408964872,0.018858294934034348,0.001798046,0.015693113207817078,1.3193306922912598
STAT1,LACC1,Unknown,0.1261267364025116,0.1355619877576828,0.007869865,0.02571926824748516,3.054537057876587
NFKB1,IRF5,Unknown,0.04282999411225319,0.08160268515348434,0.0034819944,0.02223190851509571,2.1390488147735596
ATF1,LGALS9,Unknown,-0.011466734111309052,-0.0004219514084979892,1.428655e-06,0.003923278301954269,1.0786563158035278
IRF9,NT5C3A,Unknown,0.0018243271624669433,0.01720299944281578,0.0013499784,0.013513513840734959,1.2955198287963867
STAT1,STIP1,Unknown,-0.0034466488286852837,0.018145600333809853,0.0025332053,0.015257192775607109,1.3623020648956299
RBPJ,VAMP4,Unknown,-0.008554808795452118,0.008192329667508602,0.00056278636,0.010026155039668083,1.2184855937957764
SPI1,GRIPAP1,Unknown,0.028491530567407608,0.04424511268734932,0.0009491021,0.006538796704262495,1.952585220336914
SMAD3,NAB2,Unknown,0.005012515466660261,0.013323045335710049,0.00046010865,0.00959023553878069,1.2166401147842407
TP53,SSBP4,Unknown,-0.010885276831686497,-0.009093588218092918,0.0005042476,0.008282476104795933,0.9560139775276184
YY1,TMEM87B,Unknown,0.003493965370580554,0.03022276610136032,0.0025635036,0.01307759340852499,1.533669352531433
TP53,ZFAND6,Unknown,0.01538541354238987,0.02918802946805954,0.0011466491,0.01133391447365284,1.4635883569717407
MEF2A,CCDC53,Unknown,-0.0006797181558795273,0.009196968749165535,5.586754e-05,0.004795117769390345,1.2283587455749512
MEF2D,SH3BP2,Unknown,0.037766311317682266,0.06138289347290993,0.0019261878,0.01133391447365284,2.0976712703704834
SPI1,SEC11C,Unknown,-0.007852558977901936,0.005850771442055702,2.9728131e-05,0.003923278301954269,1.197799801826477
JUN,ERP44,Unknown,0.005942738149315119,0.013525178655982018,9.676941e-05,0.003923278301954269,1.3391162157058716
JUN,U2AF1L4,Unknown,-0.0031244992278516293,-0.00949138030409813,4.6407662e-05,0.0026155186351388693,0.8865262269973755
STAT3,LIMD1,Unknown,-0.008481992408633232,-0.010457864962518215,5.9718037e-05,0.0026155186351388693,0.8647182583808899
STAT1,STX17,Unknown,0.030693084001541138,0.04174290597438812,0.0010405999,0.014821273274719715,1.5691004991531372
NFKB1,TOMM22,Unknown,0.03123231790959835,0.054768603295087814,0.0025475975,0.017000872641801834,1.8520134687423706
RELA,IKZF3,Unknown,0.06026656925678253,0.06730392575263977,0.004896863,0.05666957423090935,1.596303939819336
ATF4,UBB,Unknown,0.026313314214348793,0.02974383719265461,0.012079666,0.13600698113441467,1.368133544921875
SP100,FYB,Unknown,0.012401857413351536,0.01614684797823429,0.011231871,0.08674804121255875,1.2716424465179443
STAT6,NAP1L1,Unknown,0.04892052337527275,0.05885498598217964,0.025477752,0.13077594339847565,1.716805338859558
RELA,MARCKS,Unknown,0.018579287454485893,0.03643525019288063,0.003142439,0.017436791211366653,1.4722057580947876
FOXO1,IFITM1,Unknown,0.05141589790582657,0.05316048860549927,0.003206346,0.028770705685019493,1.6381231546401978
IRF1,SEPT9,Unknown,-0.05485830456018448,-0.043909937143325806,0.005569973,0.05841325223445892,0.8602338433265686
SPI1,S100A4,Unknown,0.2955527901649475,0.29257941246032715,0.030603338,0.03792502358555794,8.383575439453125
JUN,C19ORF43,Unknown,0.010828359052538872,0.02357736974954605,0.0025861391,0.023975588381290436,1.4337489604949951
STAT4,CTSS,Unknown,-0.08399645239114761,-0.07101371139287949,0.003284418,0.010897994972765446,0.5385648012161255
RUNX1,STK4,Unknown,0.021514246240258217,0.04165659844875336,0.002400191,0.03269398584961891,1.5352627038955688
NFKB1,AKAP17A,Unknown,0.004870463628321886,0.012022443115711212,0.0006980644,0.04838709533214569,1.1232703924179077
HSF1,S100A9,Unknown,-0.05215231329202652,-0.04370713233947754,0.00094245106,0.004795117769390345,0.5645352602005005
STAT2,SLC3A2,Unknown,0.008298908360302448,0.029382620006799698,0.004343849,0.03356582298874855,1.3562984466552734
STAT3,LYSMD2,Unknown,0.016862977296113968,0.02366829477250576,0.0003960591,0.014821273274719715,1.2683947086334229
RUNX3,FCMR,Unknown,-0.051253389567136765,-0.037644997239112854,0.0042960444,0.046207498759031296,0.904887318611145
NFKB1,CTDSP2,Unknown,-0.03001195564866066,-0.010513411834836006,0.0061711757,0.04882301762700081,1.0693106651306152
STAT1,JOSD1,Unknown,-0.05648568272590637,-0.03685504570603371,0.007021625,0.04010462015867233,0.916145384311676
STAT4,ARHGAP9,Unknown,0.07287324965000153,0.08410489559173584,0.0036586258,0.03400174528360367,1.8679745197296143
MYC,ADGRE5,Unknown,-0.05588743835687637,-0.03927819803357124,0.0014569111,0.00959023553878069,0.724570095539093
RELA,RPN2,Unknown,-0.0005517537356354296,0.03341870754957199,0.011448454,0.032258063554763794,1.4842842817306519
NFKB1,NKTR,Unknown,-0.025989586487412453,-0.011222394183278084,0.0018708074,0.03748910129070282,0.9969255924224854
RELA,C9ORF78,Unknown,0.015782004222273827,0.030385717749595642,0.0045520435,0.030514385551214218,1.3334288597106934
MYC,IRF7,Unknown,-0.029409313574433327,-0.027402028441429138,0.0006960593,0.008282476104795933,0.750469982624054
MYC,HMGN1,Unknown,0.048723798245191574,0.06645608693361282,0.0030550305,0.01830863207578659,1.9837470054626465
NFKB2,CYB5R3,Unknown,0.0065765054896473885,0.02746576815843582,0.0022463007,0.013949433341622353,1.4490382671356201
RELA,TAB2,Unknown,0.03440841659903526,0.051826104521751404,0.0045012226,0.030514385551214218,1.5690547227859497
TP53,LPIN1,Unknown,0.017806030809879303,0.029151517897844315,0.0014047066,0.02571926824748516,1.3073678016662598
USF2,XRN2,Unknown,0.030595526099205017,0.03744962066411972,0.004054219,0.025283347815275192,1.3800605535507202
RELA,PSMG2,Unknown,0.003501070197671652,0.011039020493626595,0.0030994918,0.023539667949080467,1.1463247537612915
JUN,PSMG2,Unknown,-0.01646469719707966,-0.013345546089112759,0.000329711,0.007846556603908539,0.9022950530052185
IRF1,PAK2,Unknown,-0.021559180691838264,-0.0010286266915500164,0.004347266,0.03269398584961891,1.114664077758789
RELA,IFITM3,Unknown,-0.004482866730540991,0.004327443428337574,0.0010679016,0.008718395605683327,1.1037375926971436
MYC,ITGA4,Unknown,-0.004818290937691927,0.010551342740654945,0.00016057193,0.010026155039668083,1.2253741025924683
E2F4,DHX9,Unknown,0.02775709517300129,0.04077655449509621,0.0009386093,0.013949433341622353,1.5756933689117432
SPI1,FAM120A,Unknown,0.0541958324611187,0.08868828415870667,0.0040490474,0.015257192775607109,2.6132752895355225
SREBF2,STARD7,Unknown,0.008258766494691372,0.01590060256421566,0.00015808587,0.010462074540555477,1.240301489830017
TP53,PTGER4,Unknown,0.048473939299583435,0.05679421126842499,0.0017852562,0.023539667949080467,1.6301077604293823
JUN,FOXK1,Unknown,-0.03921576589345932,-0.017438219860196114,6.758629e-05,0.005231037270277739,0.8739457130432129
IRF1,PRKACB,Unknown,-0.038550522178411484,-0.029180558398365974,0.0010436224,0.01918047107756138,0.8485128283500671
RELA,UBQLN1,Unknown,0.0329553559422493,0.05601100996136665,0.004286659,0.02266782894730568,1.7252047061920166
SPI1,DDX46,Unknown,-0.046419668942689896,-0.03790456801652908,0.00070852065,0.003487358335405588,0.5715683698654175
TP53,SLU7,Unknown,0.004629029426723719,0.022304173558950424,0.0019153603,0.016564952209591866,1.3347101211547852
SPI1,TMED9,Unknown,0.0713430792093277,0.11423973739147186,0.0056512603,0.014385352842509747,3.299137830734253
NFKB1,TMED9,Unknown,0.057522401213645935,0.08532398194074631,0.003931866,0.030514385551214218,1.9955865144729614
TP53,EXOC7,Unknown,-0.022664926946163177,-0.010242178104817867,0.0015915917,0.012641673907637596,0.9745522141456604
IRF1,PIH1D1,Unknown,0.007576386444270611,0.005808474030345678,0.0003782213,0.01830863207578659,1.0806629657745361
CREB1,CAMK1D,Unknown,0.004351429175585508,0.007288149558007717,3.5652673e-05,0.006538796704262495,1.153127670288086
YY1,FAM89B,Unknown,-0.015565629117190838,-0.009815201163291931,2.3753193e-05,0.012641673907637596,0.9461765289306641
ZBTB7A,TMED7,Unknown,0.021652668714523315,0.027264172211289406,0.0003693215,0.0074106366373598576,1.4730507135391235
RELA,VDAC1,Unknown,0.03941299021244049,0.06700700521469116,0.0036583105,0.01874455064535141,1.9816964864730835
SMAD4,SEPT1,Unknown,0.03198982775211334,0.037744950503110886,0.0007417147,0.01133391447365284,1.5600636005401611
USF2,NDUFC2,Unknown,-0.024376429617404938,-0.00828566960990429,0.0008533662,0.01133391447365284,0.9957177042961121
NFKB1,TARS,Unknown,0.05056849867105484,0.06579931825399399,0.002261915,0.025283347815275192,1.7487231492996216
ATF4,ARHGEF6,Unknown,0.0005617794231511652,0.007928741164505482,0.00044492225,0.02179598994553089,1.1455638408660889
STAT4,PIP4K2B,Unknown,0.009468181058764458,0.03221805393695831,0.00069519243,0.011769833974540234,1.5259289741516113
RELA,BRD3,Unknown,0.0020961675327271223,0.022318676114082336,0.0005457338,0.01307759340852499,1.3701854944229126
E2F4,MPEG1,Unknown,0.039356302469968796,0.07664396613836288,0.0028618968,0.01133391447365284,2.496530055999756
SMAD3,MPEG1,Unknown,-0.06143563613295555,-0.049522560089826584,0.0028689685,0.00566695723682642,0.5583769083023071
RFX1,ITGAX,Unknown,0.012964701279997826,0.007703491952270269,2.3449913e-05,0.003923278301954269,1.1797071695327759
STAT4,MPEG1,Unknown,-0.05510891601443291,-0.057944122701883316,0.0020377894,0.0030514386016875505,0.3796718418598175
SP3,LRMP,Unknown,-0.002954224357381463,0.01606101542711258,0.00018771466,0.00566695723682642,1.3792905807495117
NFKB2,NUAK2,Unknown,0.019859783351421356,0.03850652649998665,0.0007809792,0.0074106366373598576,1.7611366510391235
YY1,DNAJB2,Unknown,0.002226803917437792,0.01757221668958664,0.00021926187,0.012641673907637596,1.2602391242980957
STAT1,HSPA13,Unknown,0.012730387039482594,0.02365320734679699,0.00081093604,0.016129031777381897,1.3316752910614014
TP53,NT5C3A,Unknown,0.005318902432918549,0.01844986155629158,0.00023269569,0.01133391447365284,1.2679226398468018
ATF1,IRF5,Unknown,0.0003544315113686025,0.01663088984787464,0.00018031924,0.004795117769390345,1.412827730178833
IRF1,CEBPD,Unknown,0.0478203184902668,0.06720851361751556,0.0027465739,0.017436791211366653,2.0161306858062744
ETS1,RIT1,Unknown,-0.05791304260492325,-0.06239195540547371,0.0027554422,0.017436791211366653,0.6232208013534546
RUNX1,IER3,Unknown,0.00295186135917902,0.017055483534932137,0.00018967749,0.006102877203375101,1.3650509119033813
SPI1,STMN1,Unknown,-0.03953005373477936,-0.03974071517586708,0.0009843763,0.0013077593175694346,0.40101537108421326
STAT5A,SRP54,Unknown,0.0312759093940258,0.05585051327943802,0.0014839959,0.0074106366373598576,2.217132568359375
CREB1,PHAX,Unknown,0.03772497922182083,0.06376922130584717,0.0018480041,0.007846556603908539,2.389439344406128
JUN,PER1,Unknown,0.10352734476327896,0.09590275585651398,0.0032087709,0.007846556603908539,3.2815840244293213
RELA,PSMD5-AS1,Unknown,0.041610803455114365,0.054010964930057526,0.0018924704,0.012205754406750202,1.8526570796966553
NFKB1,KIAA0226L,Unknown,0.03615385666489601,0.0420648567378521,0.0010065455,0.014821273274719715,1.5393223762512207
USF2,AIMP1,Unknown,0.012515946291387081,0.00881902314722538,0.0011422512,0.007846556603908539,1.079740047454834
JUN,FAM120B,Unknown,-0.021274508908391,-0.014894054271280766,0.00010421643,0.0021795989014208317,0.8012598752975464
TP53,ATP6V0C,Unknown,-0.013079787604510784,0.0001996633072849363,0.010913358,0.03966870158910751,1.1405447721481323
RELA,TNFRSF25,Unknown,-0.006786885671317577,0.009788163006305695,0.0054227854,0.03443766385316849,1.1793018579483032
CTCF,ACTB,Unknown,-0.007732006721198559,0.011936742812395096,0.00022754299,0.014821273274719715,1.2092489004135132
STAT1,ATP6V0C,Unknown,0.11366914957761765,0.12171802669763565,0.012139895,0.07323452830314636,1.9762775897979736
YY1,TRAF3IP3,Unknown,0.0022456359583884478,0.013429787941277027,0.0018609919,0.03966870158910751,1.1539013385772705
RELA,GBP1,Unknown,-0.017355991527438164,0.002640755847096443,0.0012522739,0.017872711643576622,1.129526972770691
RELA,MED15,Unknown,-0.0028018364682793617,0.023383820429444313,0.0090204645,0.035309504717588425,1.354888677597046
NFKB1,SNHG1,Unknown,0.024075232446193695,0.042071633040905,0.0064919866,0.047079335898160934,1.4362584352493286
NFKB1,UXT,Unknown,-0.00913180597126484,0.013058195821940899,0.00401645,0.042720139026641846,1.201673984527588
NFKB1,CYB5R3,Unknown,0.04787791892886162,0.06808023154735565,0.004924621,0.04359197989106178,1.627062439918518
STAT5A,INSIG1,Unknown,0.013734353706240654,0.03754819929599762,0.0011564549,0.014821273274719715,1.5432040691375732
STAT1,TNFRSF14,Unknown,0.03337935730814934,0.049467869102954865,0.0037189065,0.043156057596206665,1.4683128595352173
USF2,LINC01089,Unknown,0.05955686792731285,0.06127547845244408,0.0044426,0.028334787115454674,1.6000078916549683
TP53,C1ORF174,Unknown,0.03151148185133934,0.05228470265865326,0.0045760963,0.028334787115454674,1.586478590965271
NFKB1,LPAR6,Unknown,-0.01819513738155365,-0.010230663232505322,0.00091083796,0.02615518681704998,0.9990375638008118
USF2,CLSTN1,Unknown,-0.0003175014862790704,0.012837566435337067,0.0013809567,0.01918047107756138,1.197044014930725
STAT1,MBD1,Unknown,-0.03702671825885773,-0.02985818311572075,0.0009281949,0.017872711643576622,0.8272932171821594
TP53,UBQLN2,Unknown,0.0013516476610675454,0.02059893310070038,0.0026061586,0.017436791211366653,1.3087360858917236
SPI1,TRIM33,Unknown,-0.034019436687231064,-0.020624879747629166,0.00015586423,0.004795117769390345,0.7987580895423889
HIF1A,BCL10,Unknown,0.025228027254343033,0.026738006621599197,0.0014651677,0.01874455064535141,1.3048819303512573
RELA,GTF2F1,Unknown,-0.006004692055284977,0.019610924646258354,0.0010668802,0.015693113207817078,1.3085335493087769
SP3,SREK1,Unknown,0.014574899338185787,0.03404023498296738,0.00064598816,0.008718395605683327,1.6042139530181885
SPI1,VPS39,Unknown,0.03628837689757347,0.06702584028244019,0.002153695,0.010897994972765446,2.2226054668426514
RELA,ITGB2,Unknown,0.017483238130807877,0.03552696481347084,0.0009198204,0.017000872641801834,1.4776742458343506
JUN,ALOX5AP,Unknown,0.009831842966377735,0.030653908848762512,0.00054988766,0.0074106366373598576,1.6057356595993042
NFKB1,DHRS3,Unknown,-0.02547096274793148,-0.01146580558270216,0.0011426767,0.01918047107756138,1.0023674964904785
TP53,PTPN1,Unknown,0.042817164212465286,0.06454981863498688,0.0038634043,0.020488230511546135,1.880602478981018
IRF1,THEMIS2,Unknown,0.0490603931248188,0.0643959566950798,0.0031816065,0.02571926824748516,1.7876341342926025
IRF3,TPRA1,Unknown,-0.03176428750157356,-0.025654003024101257,0.00031583363,0.004359197802841663,0.711328387260437
ZBTB7A,LAMP2,Unknown,0.012738385237753391,0.014710571616888046,0.00012351143,0.006538796704262495,1.2777585983276367
TP53,SRP68,Unknown,0.018315713852643967,0.04831773042678833,0.0041928883,0.017872711643576622,1.7090115547180176
MYC,YWHAQ,Unknown,-0.015828659757971764,-0.018615705892443657,0.00018283537,0.003923278301954269,0.7692773342132568
ETS1,CYP51A1,Unknown,-0.019600573927164078,-0.012659605592489243,0.00055785116,0.030950305983424187,0.9931308031082153
RUNX3,ADIPOR2,Unknown,-0.007482829969376326,0.0011395829496905208,0.00011407028,0.017436791211366653,1.0466145277023315
LEF1,CMIP,Unknown,-0.10139001160860062,-0.09716060757637024,0.006742319,0.008718395605683327,0.3644542992115021
TP53,DNPH1,Unknown,0.02506820671260357,0.044717203825712204,0.0032635205,0.016129031777381897,1.6222916841506958
SP3,TBC1D10B,Unknown,-0.012080807238817215,0.006622818764299154,5.9627448e-05,0.00566695723682642,1.211661696434021
NFKB1,NDRG1,Unknown,-0.008660061284899712,0.005402017384767532,0.00034384461,0.017000872641801834,1.1224925518035889
JUN,STAT5A,Unknown,-0.013566836714744568,-0.011993138119578362,6.150625e-05,0.003487358335405588,0.8693440556526184
E2F4,FGR,Unknown,0.03129281848669052,0.052533816546201706,0.0013703685,0.009154316037893295,1.9794769287109375
SMAD4,ITGAX,Unknown,-0.043734222650527954,-0.020949440076947212,9.90196e-05,0.00566695723682642,0.8483350276947021
JUN,SLC12A9,Unknown,-0.014813464134931564,-0.008176183328032494,2.7238291e-05,0.003487358335405588,0.9261693358421326
STAT1,TRABD2A,Unknown,-0.03000163845717907,-0.023441562429070473,0.00022272344,0.011769833974540234,0.8308335542678833
CREB1,CSE1L,Unknown,-0.025722671300172806,-0.009294947609305382,2.0271205e-05,0.004359197802841663,0.9423791170120239
NFKB1,LGALS9,Unknown,0.06991569697856903,0.09656623005867004,0.00512932,0.024847427383065224,2.4206414222717285
JUND,LGALS9,Unknown,0.08750258386135101,0.09380759298801422,0.008258385,0.03792502358555794,2.3931941986083984
STAT2,CLNS1A,Unknown,-0.011805958114564419,0.008570797741413116,0.0016036776,0.00959023553878069,1.2263270616531372
IRF9,PUS1,Unknown,0.017200056463479996,0.026274852454662323,0.0006854572,0.01307759340852499,1.352043628692627
TP53,PSMD6,Unknown,0.010987890884280205,0.026085710152983665,0.00041304243,0.01133391447365284,1.39235520362854
HSF1,PSMD6,Unknown,0.004848373122513294,0.03360479697585106,0.0007313879,0.008282476104795933,1.6784809827804565
GATA3,INO80E,Unknown,0.002289310097694397,0.007236579433083534,3.3876142e-05,0.00566695723682642,1.163999319076538
MYC,TRIM13,Unknown,0.025586111471056938,0.043526872992515564,0.0009431611,0.006538796704262495,1.9485329389572144
TP53,KIAA0226L,Unknown,0.03991248086094856,0.047210387885570526,0.0010032639,0.01133391447365284,1.6856310367584229
STAT3,GPS1,Unknown,-0.004132188856601715,0.004112520720809698,1.6118094e-05,0.003487358335405588,1.1693848371505737
NFKB1,PHAX,Unknown,0.016427703201770782,0.047070641070604324,0.0017881304,0.017000872641801834,1.7373512983322144
MYC,KIAA0226L,Unknown,-0.03937702253460884,-0.04538733512163162,0.001456823,0.000871839583851397,0.2901424467563629
CREB1,PGLS,Unknown,-0.015246117487549782,0.0041144005954265594,3.2577238e-05,0.004359197802841663,1.1914118528366089
NFE2L2,PSMD5-AS1,Unknown,0.016839180141687393,0.014933793805539608,0.00062500703,0.008282476104795933,1.220682144165039
USF2,SNX14,Unknown,0.02221883088350296,0.04504052922129631,0.0037514498,0.011769833974540234,1.8206125497817993
RELA,RGCC,Unknown,0.03466702997684479,0.04691091552376747,0.003642764,0.054054055362939835,1.445730447769165
CEBPB,MS4A1,Unknown,-0.06786805391311646,-0.06559811532497406,0.0024680037,0.006538796704262495,0.4566866159439087
HIF1A,SNHG6,Unknown,0.014317118562757969,0.02607451193034649,0.0058494555,0.06495204567909241,1.2957817316055298
HIF1A,CSDE1,Unknown,0.04903256893157959,0.06059148907661438,0.010021327,0.07018308341503143,1.4999972581863403
LEF1,RPS10,Unknown,0.13328401744365692,0.1433802992105484,0.015715938,0.09241499751806259,2.136767625808716
TP53,C11ORF31,Unknown,0.037754084914922714,0.06302341818809509,0.005673564,0.0440278984606266,1.6451542377471924
RUNX1,RNF213,Unknown,0.034719936549663544,0.04657508432865143,0.0037372534,0.032258063554763794,1.5411875247955322
RELA,LYSMD2,Unknown,0.02528330124914646,0.045451678335666656,0.008219375,0.03966870158910751,1.526422381401062
IRF1,H2AFV,Unknown,0.01268788892775774,0.03128720447421074,0.009360903,0.05492589250206947,1.3427904844284058
SPI1,CCL4,Unknown,0.0017446011770516634,-0.006494610104709864,2.6760137e-05,0.003487358335405588,0.9272559881210327
MYC,TBL1XR1,Unknown,0.04564850777387619,0.0485856719315052,0.0015234206,0.015693113207817078,1.6575989723205566
STAT3,MGEA5,Unknown,-0.005915934219956398,0.011622448451817036,0.00041991333,0.01133391447365284,1.2243014574050903
SPI1,USP3,Unknown,-0.008211958222091198,0.015524785965681076,0.0019037136,0.011769833974540234,1.3139050006866455
CTCF,EIF4EBP2,Unknown,-0.005485336296260357,0.011545596644282341,0.00031789587,0.008718395605683327,1.2557916641235352
BCL6,RHOH,Unknown,0.009155011735856533,0.011004445143043995,6.565243e-05,0.0074106366373598576,1.1887145042419434
E2F4,SLC9A3R1,Unknown,-0.004022830165922642,-0.0010578561341390014,1.726291e-06,0.010026155039668083,1.0382015705108643
YY1,SLC9A3R1,Unknown,-0.02034858986735344,-0.014161922968924046,0.0006281359,0.01918047107756138,0.946422278881073
RELA,SLC12A6,Unknown,0.008236857131123543,0.0150061696767807,0.0005215527,0.01918047107756138,1.1939421892166138
CEBPB,RBM22,Unknown,-0.019311966374516487,0.003381116082891822,0.00037892023,0.01830863207578659,1.1240605115890503
SREBF2,SRRT,Unknown,0.03131425008177757,0.0642562210559845,0.0023783324,0.015257192775607109,2.03937029838562
NFKB1,FAM129A,Unknown,0.04884038120508194,0.06464667618274689,0.0022246148,0.027027027681469917,1.7096441984176636
TP53,ISG15,Unknown,-0.015610984526574612,-0.0011734506115317345,0.00022267128,0.012205754406750202,1.0538761615753174
CREM,GNA12,Unknown,0.006706743035465479,0.027854327112436295,0.00044219213,0.0074106366373598576,1.5274511575698853
HIF1A,FBXW4,Unknown,0.01893283613026142,0.030857006087899208,0.0015017603,0.019616391509771347,1.381833791732788
HIF1A,SREK1,Unknown,0.010315434075891972,0.010427843779325485,9.1564594e-05,0.016564952209591866,1.1381821632385254
SMAD3,DHRS3,Unknown,0.005652835592627525,0.010781883262097836,0.00016060023,0.013513513840734959,1.1507853269577026
FLI1,DENND5A,Unknown,-0.004337532911449671,0.0076950606890022755,6.5997425e-05,0.008282476104795933,1.1764109134674072
IRF8,PIH1D1,Unknown,-0.005943328142166138,-0.0009413477382622659,2.0279715e-07,0.004795117769390345,1.0487866401672363
SP3,AP1M1,Unknown,-0.006692985072731972,0.0008320185588672757,2.3680666e-06,0.00566695723682642,1.0650582313537598
TP53,SEC24B,Unknown,0.0006664396496489644,0.017727913334965706,0.00142193,0.014385352842509747,1.2859658002853394
ATF1,MRPS16,Unknown,-0.006528885569423437,-0.0011108018225058913,1.6714095e-08,0.004795117769390345,1.0356409549713135
YY1,NELFB,Unknown,-0.007705889642238617,0.006015934515744448,0.0010610829,0.014385352842509747,1.158347725868225
SP3,TOX4,Unknown,-0.01127356756478548,0.0014749629190191627,9.817212e-06,0.005231037270277739,1.1063822507858276
RELA,MAFG,Unknown,0.03743843734264374,0.06969138979911804,0.0057037426,0.017436791211366653,2.0764899253845215
GATA3,ITGAX,Unknown,-0.03421922028064728,-0.029685253277420998,0.00043381998,0.003923278301954269,0.6583564281463623
JUN,BRWD1,Unknown,-0.017009519040584564,0.0014741764171048999,1.2032322e-05,0.004359197802841663,1.1300233602523804
CTCF,ATOX1,Unknown,0.016641534864902496,0.022036615759134293,0.00022853824,0.004795117769390345,1.471927523612976
NFKB1,CD79A,Unknown,0.10014402121305466,0.09909234195947647,0.0039339075,0.023539667949080467,2.202667474746704
RFX1,CD8B,Unknown,0.04613785073161125,0.05032878741621971,0.001076852,0.006538796704262495,2.045710802078247
NFKB1,GNPTG,Unknown,0.004781228024512529,0.02033655345439911,0.0004423344,0.017000872641801834,1.2715301513671875
TP53,CNP,Unknown,0.06844218820333481,0.07010114938020706,0.0024274169,0.015693113207817078,2.0185015201568604
RELA,TRABD2A,Unknown,0.026935765519738197,0.02833665907382965,0.00044501811,0.011769833974540234,1.384041428565979
TP53,USP19,Unknown,0.05362587794661522,0.06430795043706894,0.0022175985,0.015257192775607109,1.9569377899169922
JUN,WWP2,Unknown,0.02744165249168873,0.028902320191264153,0.0003538993,0.005231037270277739,1.5769965648651123
YY1,AMPD2,Unknown,-0.025788147002458572,-0.010419493541121483,0.00023983681,0.009154316037893295,0.9653044939041138
SREBF2,MED11,Unknown,-0.005376507993787527,0.007511443458497524,4.9340266e-05,0.005231037270277739,1.2040002346038818
TP53,ING5,Unknown,0.02430904470384121,0.04604928195476532,0.0028068633,0.01307759340852499,1.7780818939208984
SMAD3,SH3BP2,Unknown,-0.013258852995932102,0.004517748486250639,0.00050458475,0.008718395605683327,1.1645690202713013
STAT5A,GRPEL2,Unknown,-0.0028869472444057465,0.019291305914521217,0.0002416253,0.005231037270277739,1.4603691101074219
