dataset,condition,edge_set,repeat,edge_id,tf,positive_target,target,mode,match_distance,caliper_z,relaxed_bin,pos_target_mean_counts,neg_target_mean_counts,pos_target_detection_rate,neg_target_detection_rate,tf_mean_counts,tf_detection_rate,edge_id_original
Kang_IFN_beta,stim,trrust_dorothea_intersection,0,252,STAT2,IFIT3,RPL34,Activation,0.23856921308736428,0.25,0,6.844047778821768,6.606629982552764,0.9171923231780238,0.9400080526103088,0.1823916252851973,0.1539390685814,282
Kang_IFN_beta,stim,trrust_dorothea_intersection,0,236,STAT1,IFIT3,RPL34,Activation,0.23856921308736428,0.25,0,6.844047778821768,6.606629982552764,0.9171923231780238,0.9400080526103088,0.6730640182525867,0.4341699100792089,264
Kang_IFN_beta,stim,trrust_dorothea_intersection,0,59,IRF1,IFIT3,RPL34,Activation,0.23856921308736428,0.25,0,6.844047778821768,6.606629982552764,0.9171923231780238,0.9400080526103088,0.5240907260770497,0.3422359414843753,60
Kang_IFN_beta,stim,trrust_dorothea_intersection,0,214,SPI1,IFIT3,RPL34,Activation,0.23856921308736428,0.25,0,6.844047778821768,6.606629982552764,0.9171923231780238,0.9400080526103088,0.7403033149912851,0.3172728492819825,239
Kang_IFN_beta,stim,trrust_dorothea_intersection,0,189,RELA,NFKBIA,ANXA2,Activation,0.1888199991172143,0.25,0,2.46356193799492,2.6334720171789243,0.5634143068044745,0.5446248825661221,0.0654945644879882,0.0603945779090054,211
Kang_IFN_beta,stim,trrust_dorothea_intersection,0,71,IRF9,IFIT3,RPL34,Activation,0.23856921308736428,0.25,0,6.844047778821768,6.606629982552764,0.9171923231780238,0.9400080526103088,0.1795732116494438,0.1536706482351378,75
Kang_IFN_beta,stim,trrust_dorothea_intersection,0,146,NFKB1,NFKBIA,ANXA2,Activation,0.1888199991172143,0.25,0,2.46356193799492,2.6334720171789243,0.5634143068044745,0.5446248825661221,0.1209233659911441,0.095155012749968,159
Kang_IFN_beta,stim,trrust_dorothea_intersection,0,124,NFKB1,CCR7,NPC2,Activation,0.2750353212425387,0.25,0,2.326264930881789,1.965642195678473,0.500603945779125,0.5220775734800992,0.1209233659911441,0.095155012749968,135
Kang_IFN_beta,stim,trrust_dorothea_intersection,0,228,STAT1,CTSB,S100A4,Activation,0.0326794345636599,0.25,0,1.9124949671185387,1.9083344517514755,0.3957858005637018,0.3995436854113738,0.6730640182525867,0.4341699100792089,255
Kang_IFN_beta,stim,trrust_dorothea_intersection,0,58,IRF1,HLA-A,RPL32,Activation,0.18483747414019605,0.25,0,8.367064823513704,8.614145752248078,0.9914105489195156,0.9773184807407514,0.5240907260770497,0.3422359414843753,59
Kang_IFN_beta,stim,trrust_dorothea_intersection,0,78,JUN,CTSL,FAM26F,Activation,0.07494237681379629,0.25,0,2.1477654006173896,2.056502482888232,0.3599516843376863,0.3662595624748501,0.2003757884847679,0.1441417259428286,83
Kang_IFN_beta,stim,trrust_dorothea_intersection,0,141,NFKB1,IL1RN,CTSL,Activation,0.07746892616255974,0.25,0,2.0543551201181303,2.1477654006173896,0.3533753858542602,0.3599516843376863,0.1209233659911441,0.095155012749968,154
Kang_IFN_beta,stim,trrust_dorothea_intersection,0,176,RELA,CTSB,S100A4,Activation,0.0326794345636599,0.25,0,1.9124949671185387,1.9083344517514755,0.3957858005637018,0.3995436854113738,0.0654945644879882,0.0603945779090054,197
Kang_IFN_beta,stim,trrust_dorothea_intersection,0,229,STAT1,CTSL,HSPA1A,Activation,0.1478458340111204,0.25,0,2.1477654006173896,2.1477654006173914,0.3599516843376863,0.3769963763253416,0.6730640182525867,0.4341699100792089,256
Kang_IFN_beta,stim,trrust_dorothea_intersection,0,132,NFKB1,CTSB,S100A4,Activation,0.0326794345636599,0.25,0,1.9124949671185387,1.9083344517514755,0.3957858005637018,0.3995436854113738,0.1209233659911441,0.095155012749968,144
Kang_IFN_beta,stim,trrust_dorothea_intersection,0,243,STAT1,PLSCR1,VIM,Activation,0.16157284629412022,0.25,0,2.672124547040689,2.935579116897079,0.7327875452959082,0.7252717756005672,0.6730640182525867,0.4341699100792089,271
Kang_IFN_beta,stim,trrust_dorothea_intersection,0,293,ZEB2,VIM,PLSCR1,Activation,0.16157284629412022,0.25,0,2.935579116897079,2.672124547040689,0.7252717756005672,0.7327875452959082,0.208159978526373,0.1523285465038266,326
Kang_IFN_beta,stim,trrust_dorothea_intersection,0,185,RELA,IRF7,SH3BGRL3,Activation,0.24854532686434583,0.25,0,2.843376727955996,3.285599248423045,0.7845926721245083,0.7862031942020814,0.0654945644879882,0.0603945779090054,207
Kang_IFN_beta,stim,trrust_dorothea_intersection,0,280,TCF4,VIM,DYNLT1,Activation,0.2019900530383386,0.25,0,2.935579116897079,2.737887531874933,0.7252717756005672,0.7058113004965594,0.07046034089384,0.0558314320225472,313
Kang_IFN_beta,stim,trrust_dorothea_intersection,0,232,STAT1,HLA-E,RPL30,Activation,0.08964286076397991,0.25,0,3.996778955844908,3.8449872500336073,0.9276607166822488,0.9244396725271026,0.6730640182525867,0.4341699100792089,260
Kang_IFN_beta,stim,trrust_dorothea_intersection,0,238,STAT1,IRF7,GNB2L1,Activation,0.278644139256649,0.25,0,2.843376727955996,2.498053952489636,0.7845926721245083,0.8076768219030556,0.6730640182525867,0.4341699100792089,266
Kang_IFN_beta,stim,trrust_dorothea_intersection,0,264,STAT3,HSPB1,CTSB,Activation,0.04432673397191068,0.25,0,1.854784592672156,1.9124949671185387,0.392296336062292,0.3957858005637018,0.2312441283049252,0.1872231915179169,295
Kang_IFN_beta,stim,trrust_dorothea_intersection,0,143,NFKB1,IRF7,SH3BGRL3,Activation,0.24854532686434583,0.25,0,2.843376727955996,3.285599248423045,0.7845926721245083,0.7862031942020814,0.1209233659911441,0.095155012749968,156
Kang_IFN_beta,stim,trrust_dorothea_intersection,0,67,IRF3,IRF7,SH3BGRL3,Activation,0.24854532686434583,0.25,0,2.843376727955996,3.285599248423045,0.7845926721245083,0.7862031942020814,0.0807945242249369,0.0734129647027249,70
Kang_IFN_beta,stim,trrust_dorothea_intersection,0,37,HIF1A,GAPDH,CYBA,Activation,0.1357954836409398,0.25,0,2.7429875184539174,2.97248691450813,0.6765534827539821,0.6715877063481318,0.1725942826466258,0.1448127768084841,37
Kang_IFN_beta,stim,trrust_dorothea_intersection,0,234,STAT1,HSP90AA1,DYNLT1,Repression,0.025570326312493594,0.25,0,2.766742719098114,2.737887531874933,0.7035297275533309,0.7058113004965594,0.6730640182525867,0.4341699100792089,262
Kang_IFN_beta,stim,trrust_dorothea_intersection,0,18,CEBPD,GAPDH,RPL10A,Activation,0.1820456515829716,0.25,0,2.7429875184539174,2.488525030197317,0.6765534827539821,0.6895718695476977,0.1680311367601677,0.1130049657764083,18
Kang_IFN_beta,stim,trrust_dorothea_intersection,0,250,STAT1,TNFSF13B,PSAP,Activation,0.2000895132547162,0.25,0,1.8700845524091103,1.734666487719806,0.4763119044423882,0.4549724869145363,0.6730640182525867,0.4341699100792089,280
Kang_IFN_beta,stim,trrust_dorothea_intersection,0,245,STAT1,PSMB9,RPL29,Activation,0.10637982952907392,0.25,0,3.074889276607183,2.908737082270878,0.8708898134477983,0.8649845658300304,0.6730640182525867,0.4341699100792089,273
Kang_IFN_beta,stim,trrust_dorothea_intersection,0,167,RELA,CCL5,TNFAIP6,Activation,0.15760787872722729,0.25,0,0.7860689840289914,0.5342906992350067,0.1704469198765273,0.1623943094886604,0.0654945644879882,0.0603945779090054,187
Kang_IFN_beta,stim,trrust_dorothea_intersection,0,19,CREB1,CCL5,HLA-DQA1,Activation,0.15684536834473647,0.25,0,0.7860689840289914,0.5379143739095493,0.1704469198765273,0.1787679506106566,0.0616024694671855,0.0559656421956783,19
Kang_IFN_beta,stim,trrust_dorothea_intersection,0,47,HSF1,HSPA1A,IL1RN,Activation,0.21148742217749775,0.25,0,2.1477654006173914,2.0543551201181303,0.3769963763253416,0.3533753858542602,0.0640182525835458,0.0601261575627432,47
Kang_IFN_beta,stim,trrust_dorothea_intersection,0,122,NFKB1,CCL5,TNFAIP6,Activation,0.15760787872722729,0.25,0,0.7860689840289914,0.5342906992350067,0.1704469198765273,0.1623943094886604,0.1209233659911441,0.095155012749968,133
Kang_IFN_beta,stim,trrust_dorothea_intersection,0,207,SPI1,CCL5,HLA-DQA1,Activation,0.15684536834473647,0.25,0,0.7860689840289914,0.5379143739095493,0.1704469198765273,0.1787679506106566,0.7403033149912851,0.3172728492819825,232
Kang_IFN_beta,stim,trrust_dorothea_intersection,0,159,REL,CCL5,HLA-DQA1,Activation,0.15684536834473647,0.25,0,0.7860689840289914,0.5379143739095493,0.1704469198765273,0.1787679506106566,0.1406522614414189,0.0997181586364264,176
Kang_IFN_beta,stim,trrust_dorothea_intersection,0,53,IRF1,CCL5,S100A8,Activation,0.16106968915075331,0.25,0,0.7860689840289914,0.5326801771574332,0.1704469198765273,0.1617232586230048,0.5240907260770497,0.3422359414843753,53
Kang_IFN_beta,stim,trrust_dorothea_intersection,0,63,IRF1,PSMB9,RPL29,Activation,0.10637982952907392,0.25,0,3.074889276607183,2.908737082270878,0.8708898134477983,0.8649845658300304,0.5240907260770497,0.3422359414843753,64
Kang_IFN_beta,stim,trrust_dorothea_intersection,0,4,ATF3,CCL5,HLA-DQA1,Activation,0.15684536834473647,0.25,0,0.7860689840289914,0.5379143739095493,0.1704469198765273,0.1787679506106566,0.1528653871963508,0.1140786471614574,4
Kang_IFN_beta,stim,trrust_dorothea_intersection,0,90,JUND,CCL5,TNFAIP6,Activation,0.15760787872722729,0.25,0,0.7860689840289914,0.5342906992350067,0.1704469198765273,0.1623943094886604,0.0667024560461684,0.0613340491209233,96
Kang_IFN_beta,stim,trrust_dorothea_intersection,0,75,JUN,CCL5,S100A8,Activation,0.16106968915075331,0.25,0,0.7860689840289914,0.5326801771574332,0.1704469198765273,0.1617232586230048,0.2003757884847679,0.1441417259428286,80
Kang_IFN_beta,stim,trrust_dorothea_intersection,0,100,MYC,CXCR4,CASP4,Activation,0.21197554477572142,0.25,0,1.4310830760971964,1.0751576969534369,0.5031539390686157,0.4949671185076172,0.3137833847805695,0.1462890887129264,107
Kang_IFN_beta,stim,trrust_dorothea_intersection,0,210,SPI1,CTSS,ACTG1,Activation,0.13950457339894667,0.25,0,1.6875587169507942,1.455509327607064,0.5615353643806392,0.567306401825276,0.7403033149912851,0.3172728492819825,235
Kang_IFN_beta,stim,trrust_dorothea_intersection,0,34,HIF1A,CXCR4,CASP4,Activation,0.21197554477572142,0.25,0,1.4310830760971964,1.0751576969534369,0.5031539390686157,0.4949671185076172,0.1725942826466258,0.1448127768084841,34
Kang_IFN_beta,stim,trrust_dorothea_intersection,0,51,HSF1,UBB,RPL35,Activation,0.07695309601090254,0.25,0,2.433901489732948,2.426251509864481,0.8147899610790033,0.8059320896523514,0.0640182525835458,0.0601261575627432,51
Kang_IFN_beta,stim,trrust_dorothea_intersection,0,178,RELA,CXCR4,PKM,Activation,0.1994202488995514,0.25,0,1.4310830760971964,1.0786471614548447,0.5031539390686157,0.5002013152597318,0.0654945644879882,0.0603945779090054,200
Kang_IFN_beta,stim,trrust_dorothea_intersection,0,105,MYC,HNRNPA2B1,PSME1,Activation,0.04081646648859969,0.25,0,1.3992752650651232,1.341028049926209,0.6729298080794427,0.6701113944436898,0.3137833847805695,0.1462890887129264,112
Kang_IFN_beta,stim,trrust_dorothea_intersection,0,284,YY1,CXCR4,CASP4,Repression,0.21197554477572142,0.25,0,1.4310830760971964,1.0751576969534369,0.5031539390686157,0.4949671185076172,0.1108576030063096,0.0962286941350171,317
Kang_IFN_beta,stim,trrust_dorothea_intersection,0,20,CREB1,CXCR4,NPM1,Activation,0.15196070292539274,0.25,0,1.4310830760971964,1.1713863910884572,0.5031539390686157,0.508119715474466,0.0616024694671855,0.0559656421956783,20
Kang_IFN_beta,stim,trrust_dorothea_intersection,0,109,MYC,JUNB,ARHGDIB,Repression,0.13806576301729598,0.25,0,1.3327070191920791,1.0901892363441257,0.5246275667695899,0.5273117702322117,0.3137833847805695,0.1462890887129264,116
Kang_IFN_beta,stim,trrust_dorothea_intersection,0,249,STAT1,TAP1,C4ORF3,Activation,0.09645505881077522,0.25,0,1.089518185478464,0.9413501543416936,0.5451617232586464,0.5507985505301521,0.6730640182525867,0.4341699100792089,278
Kang_IFN_beta,stim,trrust_dorothea_intersection,0,144,NFKB1,JUNB,SNX3,Activation,0.1639379134021318,0.25,0,1.3327070191920791,1.072473493490811,0.5246275667695899,0.5160381156892002,0.1209233659911441,0.095155012749968,157
Kang_IFN_beta,stim,trrust_dorothea_intersection,0,65,IRF1,TAP1,EEF1B2,Activation,0.025710553872579367,0.25,0,1.089518185478464,1.0854918802845352,0.5451617232586464,0.5422090994497625,0.5240907260770497,0.3422359414843753,66
Kang_IFN_beta,stim,trrust_dorothea_intersection,0,66,IRF2,TAP1,TMEM50A,Activation,0.012401191595681213,0.25,0,1.089518185478464,1.1107233928331808,0.5451617232586464,0.5455643537780397,0.3865252986176447,0.2692256073010329,68
Kang_IFN_beta,stim,trrust_dorothea_intersection,0,268,STAT3,JUNB,CD47,Activation,0.17760949643054927,0.25,0,1.3327070191920791,1.0261709837605686,0.5246275667695899,0.5195275801906085,0.2312441283049252,0.1872231915179169,299
Kang_IFN_beta,stim,trrust_dorothea_intersection,0,56,IRF1,EIF2AK2,PTPRC,Activation,0.044026688917036226,0.25,0,0.9016239430948828,0.9359817474164506,0.5393906858140096,0.5348275399275526,0.5240907260770497,0.3422359414843753,57
Kang_IFN_beta,stim,trrust_dorothea_intersection,0,35,HIF1A,ENO1,CREM,Activation,0.06643858702889126,0.25,0,1.0021473627700948,1.111394443698838,0.5046302509730577,0.5016776271641737,0.1725942826466258,0.1448127768084841,35
Kang_IFN_beta,stim,trrust_dorothea_intersection,0,14,CEBPB,S100A9,MS4A6A,Activation,0.1639281750313407,0.25,0,0.7972084283988777,0.5113407596295877,0.2186283720305981,0.2225204670514005,0.5074486646087883,0.2915044960408028,14
Kang_IFN_beta,stim,trrust_dorothea_intersection,0,77,JUN,CREM,PKM,Activation,0.02239782106665087,0.25,0,1.111394443698838,1.0786471614548447,0.5016776271641737,0.5002013152597318,0.2003757884847679,0.1441417259428286,82
Kang_IFN_beta,stim,trrust_dorothea_intersection,0,276,STAT3,ZFP36,CYTIP,Activation,0.09041111746734856,0.25,0,0.9892631861495094,0.8284793987384222,0.4657093007650278,0.4663803516306835,0.2312441283049252,0.1872231915179169,309
Kang_IFN_beta,stim,trrust_dorothea_intersection,0,104,MYC,HNRNPA1,EEF2,Activation,0.027249875641211323,0.25,0,0.7400348946450186,0.7652664071936648,0.4552409072607986,0.4579251107234214,0.3137833847805695,0.1462890887129264,111
Kang_IFN_beta,stim,trrust_dorothea_intersection,0,186,RELA,MCL1,CNBP,Activation,0.01675476494952536,0.25,0,0.5871695074486751,0.6086431351496514,0.4020936787008655,0.403435780432177,0.0654945644879882,0.0603945779090054,208
Kang_IFN_beta,stim,trrust_dorothea_intersection,0,269,STAT3,MCL1,RBX1,Activation,0.019077088037476705,0.25,0,0.5871695074486751,0.5734800697893008,0.4020936787008655,0.4041068312978327,0.2312441283049252,0.1872231915179169,300
Kang_IFN_beta,stim,trrust_dorothea_intersection,0,99,MYC,CFLAR,IL2RG,Repression,0.06610257241893185,0.25,0,0.7672795597906349,0.651321970205348,0.4126962823782259,0.4140383841095373,0.3137833847805695,0.1462890887129264,106
Kang_IFN_beta,stim,trrust_dorothea_intersection,0,175,RELA,CFLAR,IL2RG,Activation,0.06610257241893185,0.25,0,0.7672795597906349,0.651321970205348,0.4126962823782259,0.4140383841095373,0.0654945644879882,0.0603945779090054,196
Kang_IFN_beta,stim,trrust_dorothea_intersection,0,43,HIF1A,PGK1,EIF3K,Activation,0.03859080921824347,0.25,0,0.6003221044155234,0.5710642866729394,0.4082673466648981,0.4042410414709638,0.1725942826466258,0.1448127768084841,43
Kang_IFN_beta,stim,trrust_dorothea_intersection,0,131,NFKB1,CFLAR,BAZ1A,Activation,0.04715434090196779,0.25,0,0.7672795597906349,0.7131928600187919,0.4126962823782259,0.4168567977452914,0.1209233659911441,0.095155012749968,143
Kang_IFN_beta,stim,trrust_dorothea_intersection,0,10,ATF4,MCL1,CNBP,Activation,0.01675476494952536,0.25,0,0.5871695074486751,0.6086431351496514,0.4020936787008655,0.403435780432177,0.1366259562474854,0.1138102268151951,10
Kang_IFN_beta,stim,trrust_dorothea_intersection,0,110,MYC,LDHA,ZNF706,Activation,0.017058918313291576,0.25,0,0.6993692121862883,0.6819218896792407,0.4054489330291441,0.4070594551067178,0.3137833847805695,0.1462890887129264,117
Kang_IFN_beta,stim,trrust_dorothea_intersection,0,273,STAT3,SOCS1,NEAT1,Activation,0.02153980718988321,0.25,0,0.8025768353241169,0.7774795329485972,0.4339014897329467,0.4357804321567827,0.2312441283049252,0.1872231915179169,305
Kang_IFN_beta,stim,trrust_dorothea_intersection,0,279,TCF4,CD44,GUK1,Activation,0.029013308318853716,0.25,0,0.6058247215138989,0.5542880150315518,0.4011542074889475,0.4008857871426852,0.07046034089384,0.0558314320225472,312
Kang_IFN_beta,stim,trrust_dorothea_intersection,0,45,HIF1A,SOCS1,NEAT1,Activation,0.02153980718988321,0.25,0,0.8025768353241169,0.7774795329485972,0.4339014897329467,0.4357804321567827,0.1725942826466258,0.1448127768084841,45
Kang_IFN_beta,stim,trrust_dorothea_intersection,0,278,STAT6,SOCS1,NEAT1,Activation,0.02153980718988321,0.25,0,0.8025768353241169,0.7774795329485972,0.4339014897329467,0.4357804321567827,0.0540866997718426,0.0500603945779089,311
Kang_IFN_beta,stim,trrust_dorothea_intersection,0,255,STAT2,STAT1,COPE,Activation,0.028819148822748462,0.25,0,0.6730640182525867,0.6338746476983,0.4341699100792089,0.4363172728493072,0.1823916252851973,0.1539390685814,285
Kang_IFN_beta,stim,trrust_dorothea_intersection,0,275,STAT3,STAT1,ATP5G2,Activation,0.014007997439679787,0.25,0,0.6730640182525867,0.6481009260501993,0.4341699100792089,0.4341699100792089,0.2312441283049252,0.1872231915179169,307
Kang_IFN_beta,stim,trrust_dorothea_intersection,0,64,IRF1,SOCS1,CASP1,Activation,0.05681773996623659,0.25,0,0.8025768353241169,0.8686082405046305,0.4339014897329467,0.438867266138799,0.5240907260770497,0.3422359414843753,65
Kang_IFN_beta,stim,trrust_dorothea_intersection,0,39,HIF1A,LDHA,NDUFA12,Activation,0.035278104164879774,0.25,0,0.6993692121862883,0.6609851026707889,0.4054489330291441,0.4022278888739967,0.1725942826466258,0.1448127768084841,39
Kang_IFN_beta,stim,trrust_dorothea_intersection,0,194,RELA,STAT1,RBCK1,Activation,0.011817659909614085,0.25,0,0.6730640182525867,0.6766876929271263,0.4341699100792089,0.4355120118105204,0.0654945644879882,0.0603945779090054,218
Kang_IFN_beta,stim,trrust_dorothea_intersection,0,202,RUNX3,CFLAR,RPS26,Repression,0.028472624386099744,0.25,0,0.7672795597906349,0.725674406119985,0.4126962823782259,0.4108173399543899,0.0746208562609051,0.0675077170849552,227
Kang_IFN_beta,stim,trrust_dorothea_intersection,0,277,STAT6,RHOA,SEC61B,Activation,0.038618700857759744,0.25,0,0.7213796805797852,0.7547980136894344,0.4399409475238481,0.4438330425446513,0.0540866997718426,0.0500603945779089,310
Kang_IFN_beta,stim,trrust_dorothea_intersection,0,135,NFKB1,GSTP1,NDUFV2,Activation,0.06600436875178879,0.25,0,0.6894376593745839,0.5722721782311209,0.3881358206952265,0.3888068715608823,0.1209233659911441,0.095155012749968,148
Kang_IFN_beta,stim,trrust_dorothea_intersection,0,179,RELA,GSTP1,NDUFV2,Activation,0.06600436875178879,0.25,0,0.6894376593745839,0.5722721782311209,0.3881358206952265,0.3888068715608823,0.0654945644879882,0.0603945779090054,201
Kang_IFN_beta,stim,trrust_dorothea_intersection,0,1,ATF1,LDHA,CNBP,Activation,0.05382223825170564,0.25,0,0.6993692121862883,0.6086431351496514,0.4054489330291441,0.403435780432177,0.0648235136223326,0.0602603677358743,1
Kang_IFN_beta,stim,trrust_dorothea_intersection,0,151,NFKB1,SQSTM1,APOBEC3G,Activation,0.06088405965946357,0.25,0,0.6765534827540003,0.6334720171789064,0.362501677627178,0.3560595893168831,0.1209233659911441,0.095155012749968,165
Kang_IFN_beta,stim,trrust_dorothea_intersection,0,149,NFKB1,SERPINB1,HSPA5,Activation,0.016466571948606654,0.25,0,0.8137162796939975,0.7871426654140368,0.3590122131257683,0.3598174741645552,0.1209233659911441,0.095155012749968,162
Kang_IFN_beta,stim,trrust_dorothea_intersection,0,290,YY1,HSPA5,HERPUD1,Activation,0.042507027839055966,0.25,0,0.7871426654140368,0.713729700711317,0.3598174741645552,0.3586095826063749,0.1108576030063096,0.0962286941350171,323
Kang_IFN_beta,stim,trrust_dorothea_intersection,0,237,STAT1,IRF1,DEK,Activation,0.021500402358735626,0.25,0,0.5240907260770497,0.4878539793316492,0.3422359414843753,0.3414306804455884,0.6730640182525867,0.4341699100792089,265
Kang_IFN_beta,stim,trrust_dorothea_intersection,0,121,NFKB1,BIRC3,CD68,Activation,0.054137504984996775,0.25,0,0.7807005771037432,0.8606898402898974,0.3481411891021456,0.3446517246007359,0.1209233659911441,0.095155012749968,129
Kang_IFN_beta,stim,trrust_dorothea_intersection,0,142,NFKB1,IRF1,NUB1,Activation,0.030756164815599663,0.25,0,0.5240907260770497,0.4733592806334879,0.3422359414843753,0.3435780432156867,0.1209233659911441,0.095155012749968,155
Kang_IFN_beta,stim,trrust_dorothea_intersection,0,166,RELA,BIRC3,PLAC8,Activation,0.07192305863633368,0.25,0,0.7807005771037432,0.908602872097704,0.3481411891021456,0.347604348409621,0.0654945644879882,0.0603945779090054,183
Kang_IFN_beta,stim,trrust_dorothea_intersection,0,184,RELA,IRF1,DEK,Activation,0.021500402358735626,0.25,0,0.5240907260770497,0.4878539793316492,0.3422359414843753,0.3414306804455884,0.0654945644879882,0.0603945779090054,206
Kang_IFN_beta,stim,trrust_dorothea_intersection,0,209,SPI1,CD68,PLAC8,Repression,0.03713222287551758,0.25,0,0.8606898402898974,0.908602872097704,0.3446517246007359,0.347604348409621,0.7403033149912851,0.3172728492819825,234
Kang_IFN_beta,stim,trrust_dorothea_intersection,0,253,STAT2,IRF1,NUB1,Activation,0.030756164815599663,0.25,0,0.5240907260770497,0.4733592806334879,0.3422359414843753,0.3435780432156867,0.1823916252851973,0.1539390685814,283
Kang_IFN_beta,stim,trrust_dorothea_intersection,0,267,STAT3,IRF1,NUB1,Activation,0.030756164815599663,0.25,0,0.5240907260770497,0.4733592806334879,0.3422359414843753,0.3435780432156867,0.2312441283049252,0.1872231915179169,298
Kang_IFN_beta,stim,trrust_dorothea_intersection,0,158,REL,BIRC3,COTL1,Activation,0.09064638869460712,0.25,0,0.7807005771037432,0.6217957321164993,0.3481411891021456,0.3462622466783096,0.1406522614414189,0.0997181586364264,174
Kang_IFN_beta,stim,trrust_dorothea_intersection,0,285,YY1,DEK,NUB1,Activation,0.020324707973363273,0.25,0,0.4878539793316492,0.4733592806334879,0.3414306804455884,0.3435780432156867,0.1108576030063096,0.0962286941350171,318
Kang_IFN_beta,stim,trrust_dorothea_intersection,0,68,IRF8,CD68,PLAC8,Repression,0.03713222287551758,0.25,0,0.8606898402898974,0.908602872097704,0.3446517246007359,0.347604348409621,0.3143202254730948,0.1598443161991692,72
Kang_IFN_beta,stim,trrust_dorothea_intersection,0,103,MYC,HLA-F,GPSM3,Activation,0.01676191556441302,0.25,0,0.4324251778284935,0.4489330291236222,0.3225070460340971,0.3208965239565234,0.3137833847805695,0.1462890887129264,110
Kang_IFN_beta,stim,trrust_dorothea_intersection,0,137,NFKB1,HLA-F,CAST,Activation,0.014206399032787836,0.25,0,0.4324251778284935,0.4576566903771432,0.3225070460340971,0.3226412562072283,0.1209233659911441,0.095155012749968,150
Kang_IFN_beta,stim,trrust_dorothea_intersection,0,2,ATF1,MAP1LC3B,HMGN1,Activation,0.019811011480846536,0.25,0,0.4619514159173403,0.4603408938397671,0.3284122936518674,0.3306938665950969,0.0648235136223326,0.0602603677358743,2
Kang_IFN_beta,stim,trrust_dorothea_intersection,0,32,HIF1A,ALDOA,SSR2,Activation,0.02277562456672223,0.25,0,0.4706750771708642,0.4403435780432301,0.3272044020936872,0.328949134344392,0.1725942826466258,0.1448127768084841,32
Kang_IFN_beta,stim,trrust_dorothea_intersection,0,88,JUN,SPI1,GPX1,Activation,0.05965369522316513,0.25,0,0.7403033149912851,0.7299691316601843,0.3172728492819825,0.3104281304522941,0.2003757884847679,0.1441417259428286,93
Kang_IFN_beta,stim,trrust_dorothea_intersection,0,282,YBX1,SUMO1,RPL17,Repression,0.014924240557204588,0.25,0,0.3804858408267458,0.3971279022950049,0.3085491880284581,0.3098912897597696,1.614548382767453,0.6789692658703417,315
Kang_IFN_beta,stim,trrust_dorothea_intersection,0,127,NFKB1,CD69,BID,Activation,0.055899287307692974,0.25,0,0.6313246544088097,0.6109247080928812,0.307475506643409,0.3137833847805727,0.1209233659911441,0.095155012749968,138
Kang_IFN_beta,stim,trrust_dorothea_intersection,0,171,RELA,CD69,CD3D,Activation,0.044730908491619745,0.25,0,0.6313246544088097,0.5588511609180072,0.307475506643409,0.3053281438733107,0.0654945644879882,0.0603945779090054,191
Kang_IFN_beta,stim,trrust_dorothea_intersection,0,216,SPI1,MNDA,GPX1,Activation,0.08290542644896669,0.25,0,0.6503824989934303,0.7299691316601843,0.3023755200644255,0.3104281304522941,0.7403033149912851,0.3172728492819825,241
Kang_IFN_beta,stim,trrust_dorothea_intersection,0,7,ATF4,CEBPB,STX11,Activation,0.017922435264321364,0.25,0,0.5074486646087883,0.5207354717487699,0.2915044960408028,0.2933834384646389,0.1366259562474854,0.1138102268151951,7
Kang_IFN_beta,stim,trrust_dorothea_intersection,0,17,CEBPB,XBP1,PPIB,Activation,0.007961509110321717,0.25,0,0.4156489061871,0.4028989397396433,0.2831834653066719,0.2827808347872785,0.5074486646087883,0.2915044960408028,17
Kang_IFN_beta,stim,trrust_dorothea_intersection,0,200,RORA,TUBA1B,GTF3A,Activation,0.006210342806978545,0.25,0,0.4203462622466894,0.4094752382230657,0.2673466648771969,0.2672124547040658,0.0785129512817076,0.0661656153536439,225
Kang_IFN_beta,stim,trrust_dorothea_intersection,0,61,IRF1,IRF2,PNRC1,Activation,0.019215992227965134,0.25,0,0.3865252986176447,0.4137699637632639,0.2692256073010329,0.2705677090323444,0.5240907260770497,0.3422359414843753,62
Kang_IFN_beta,stim,trrust_dorothea_intersection,0,191,RELA,PLAUR,ATF5,Activation,0.04402321790725849,0.25,0,0.5368406925245025,0.4745671721916609,0.2537914373909514,0.2507046034089351,0.0654945644879882,0.0603945779090054,213
Kang_IFN_beta,stim,trrust_dorothea_intersection,0,147,NFKB1,PLAUR,HES4,Activation,0.03878418238057037,0.25,0,0.5368406925245025,0.5800563682727209,0.2537914373909514,0.2503019728895416,0.1209233659911441,0.095155012749968,160
Kang_IFN_beta,stim,trrust_dorothea_intersection,0,223,STAT1,BAX,EIF4G2,Activation,0.00583204810911953,0.25,0,0.330693866595095,0.3211649443027848,0.2509730237551973,0.2512414441014596,0.6730640182525867,0.4341699100792089,248
Kang_IFN_beta,stim,trrust_dorothea_intersection,0,27,CREB1,UXT,ADRM1,Activation,0.02176235011243827,0.25,0,0.3102939202791625,0.3207623137833912,0.2545966984297382,0.2570124815460988,0.0616024694671855,0.0559656421956783,27
Kang_IFN_beta,stim,trrust_dorothea_intersection,0,85,JUN,PLAUR,ATF5,Activation,0.04402321790725849,0.25,0,0.5368406925245025,0.4745671721916609,0.2537914373909514,0.2507046034089351,0.2003757884847679,0.1441417259428286,90
Kang_IFN_beta,stim,trrust_dorothea_intersection,0,92,JUND,PLAUR,CAPG,Activation,0.02943362760691332,0.25,0,0.5368406925245025,0.4906723929673973,0.2537914373909514,0.2554019594685251,0.0667024560461684,0.0613340491209233,98
Kang_IFN_beta,stim,trrust_dorothea_intersection,0,3,ATF1,PLAUR,LST1,Activation,0.023660973259267516,0.25,0,0.5368406925245025,0.5083881358207042,0.2537914373909514,0.2517782847939842,0.0648235136223326,0.0602603677358743,3
Kang_IFN_beta,stim,trrust_dorothea_intersection,0,163,RELA,BAX,NHP2L1,Repression,0.012806430493347691,0.25,0,0.330693866595095,0.3309622869413571,0.2509730237551973,0.2494967118507548,0.0654945644879882,0.0603945779090054,180
Kang_IFN_beta,stim,trrust_dorothea_intersection,0,33,HIF1A,BAX,EIF4G2,Activation,0.00583204810911953,0.25,0,0.330693866595095,0.3211649443027848,0.2509730237551973,0.2512414441014596,0.1725942826466258,0.1448127768084841,33
Kang_IFN_beta,stim,trrust_dorothea_intersection,0,190,RELA,OPTN,EVI2A,Activation,0.014875644468039701,0.25,0,0.3227754663803567,0.2970071131391799,0.2323178096899719,0.2327204402093653,0.0654945644879882,0.0603945779090054,212
Kang_IFN_beta,stim,trrust_dorothea_intersection,0,226,STAT1,CD86,CFP,Activation,0.05844556882352253,0.25,0,0.4661119312844,0.4887934505435597,0.2272178231109895,0.2337941215944142,0.6730640182525867,0.4341699100792089,253
Kang_IFN_beta,stim,trrust_dorothea_intersection,0,80,JUN,EZR,TANK,Activation,0.005693362760967964,0.25,0,0.3136491746074409,0.3235807274191446,0.2354046436719876,0.2352704334988565,0.2003757884847679,0.1441417259428286,85
Kang_IFN_beta,stim,trrust_dorothea_intersection,0,220,SPI1,SCARB2,ACOT9,Activation,0.02796219909375961,0.25,0,0.3654543014360565,0.3634411488390886,0.2288283451885629,0.2320493893437097,0.7403033149912851,0.3172728492819825,245
Kang_IFN_beta,stim,trrust_dorothea_intersection,0,21,CREB1,HLA-DQB1,CD86,Activation,0.04384595691276103,0.25,0,0.5133539122265548,0.4661119312844,0.231244128304923,0.2272178231109895,0.0616024694671855,0.0559656421956783,21
Kang_IFN_beta,stim,trrust_dorothea_intersection,0,173,RELA,CD86,HLA-DQB1,Activation,0.04384595691276103,0.25,0,0.4661119312844,0.5133539122265548,0.2272178231109895,0.231244128304923,0.0654945644879882,0.0603945779090054,194
Kang_IFN_beta,stim,trrust_dorothea_intersection,0,130,NFKB1,CD86,LMNA,Activation,0.03318988226775686,0.25,0,0.4661119312844,0.4772513756542827,0.2272178231109895,0.2234599382633183,0.1209233659911441,0.095155012749968,142
Kang_IFN_beta,stim,trrust_dorothea_intersection,0,289,YY1,GNAS,PPP2R5C,Activation,0.005832048109120128,0.25,0,0.297812374177967,0.2882834518856557,0.2282915044960385,0.2280230841497762,0.1108576030063096,0.0962286941350171,322
Kang_IFN_beta,stim,trrust_dorothea_intersection,0,224,STAT1,CCR1,ATOX1,Activation,0.04376465418228174,0.25,0,0.390283183465314,0.3320359683264048,0.218494161857467,0.2151389075291891,0.6730640182525867,0.4341699100792089,251
Kang_IFN_beta,stim,trrust_dorothea_intersection,0,111,MYC,NOL7,ATP5G3,Activation,0.0038695453551564943,0.25,0,0.2727150718024435,0.2661387733190183,0.2198362635887781,0.2199704737619092,0.3137833847805695,0.1462890887129264,118
Kang_IFN_beta,stim,trrust_dorothea_intersection,0,117,NFKB1,ALOX5AP,CTSD,Activation,0.04535265554887706,0.25,0,0.4493356596430084,0.530130183867945,0.2154073278754513,0.2155415380485824,0.1209233659911441,0.095155012749968,124
Kang_IFN_beta,stim,trrust_dorothea_intersection,0,251,STAT1,UPP1,SAMHD1,Activation,0.0064498044244780854,0.25,0,0.2719098107636573,0.2622466782982158,0.2090994497382888,0.2086968192188955,0.6730640182525867,0.4341699100792089,281
Kang_IFN_beta,stim,trrust_dorothea_intersection,0,241,STAT1,MVP,COPZ1,Activation,0.006670412260016236,0.25,0,0.2595624748355929,0.2484230304657085,0.2066836666219287,0.2064152462756665,0.6730640182525867,0.4341699100792089,269
Kang_IFN_beta,stim,trrust_dorothea_intersection,0,172,RELA,CD83,DRAM1,Activation,0.09267523542039964,0.25,0,0.5036907797611143,0.3498859213528431,0.2041336733324375,0.2002415783116352,0.0654945644879882,0.0603945779090054,193
Kang_IFN_beta,stim,trrust_dorothea_intersection,0,129,NFKB1,CD83,CXCL16,Activation,0.055880009188876444,0.25,0,0.5036907797611143,0.5030197288954587,0.2041336733324375,0.2105757616427311,0.1209233659911441,0.095155012749968,141
Kang_IFN_beta,stim,trrust_dorothea_intersection,0,113,MYC,PMAIP1,HAVCR2,Activation,0.010607410125278017,0.25,0,0.3274728224399464,0.3132465440880465,0.1991678969265862,0.1983626358877995,0.3137833847805695,0.1462890887129264,120
Kang_IFN_beta,stim,trrust_dorothea_intersection,0,41,HIF1A,NR3C1,CDC37,Activation,0.009891613798549172,0.25,0,0.2666756140115434,0.2541940679103474,0.202388941081733,0.2015836800429463,0.1725942826466258,0.1448127768084841,41
Kang_IFN_beta,stim,trrust_dorothea_intersection,0,292,YY1,NR3C1,CDC37,Activation,0.009891613798549172,0.25,0,0.2666756140115434,0.2541940679103474,0.202388941081733,0.2015836800429463,0.1108576030063096,0.0962286941350171,325
Kang_IFN_beta,stim,trrust_dorothea_intersection,0,225,STAT1,CD40,BRI3,Activation,0.026591793126118732,0.25,0,0.3061334049120961,0.272312441283051,0.195410012078915,0.1932626493088171,0.6730640182525867,0.4341699100792089,252
Kang_IFN_beta,stim,trrust_dorothea_intersection,0,231,STAT1,FCGRT,CREG1,Repression,0.018740200779951623,0.25,0,0.2855992484230337,0.3117702321836039,0.1912494967118504,0.1899073949805392,0.6730640182525867,0.4341699100792089,259
Kang_IFN_beta,stim,trrust_dorothea_intersection,0,208,SPI1,CD40,HAVCR2,Activation,0.02592026579796835,0.25,0,0.3061334049120961,0.3132465440880465,0.195410012078915,0.1983626358877995,0.7403033149912851,0.3172728492819825,233
Kang_IFN_beta,stim,trrust_dorothea_intersection,0,169,RELA,CD40,MGAT1,Activation,0.025825229572095106,0.25,0,0.3061334049120961,0.2704334988592155,0.195410012078915,0.1972889545027506,0.0654945644879882,0.0603945779090054,189
Kang_IFN_beta,stim,trrust_dorothea_intersection,0,125,NFKB1,CD40,MGAT1,Activation,0.025825229572095106,0.25,0,0.3061334049120961,0.2704334988592155,0.195410012078915,0.1972889545027506,0.1209233659911441,0.095155012749968,136
Kang_IFN_beta,stim,trrust_dorothea_intersection,0,54,IRF1,CD40,MGAT1,Activation,0.025825229572095106,0.25,0,0.3061334049120961,0.2704334988592155,0.195410012078915,0.1972889545027506,0.5240907260770497,0.3422359414843753,54
Kang_IFN_beta,stim,trrust_dorothea_intersection,0,248,STAT1,STAT3,CCNDBP1,Activation,0.006248952323067884,0.25,0,0.2312441283049252,0.2209099449738288,0.1872231915179169,0.1874916118641791,0.6730640182525867,0.4341699100792089,277
Kang_IFN_beta,stim,trrust_dorothea_intersection,0,199,RELB,CD40,MGAT1,Activation,0.025825229572095106,0.25,0,0.3061334049120961,0.2704334988592155,0.195410012078915,0.1972889545027506,0.1350154341699122,0.1156891692390309,224
Kang_IFN_beta,stim,trrust_dorothea_intersection,0,31,HBP1,NCF1,DUSP1,Repression,0.023861127839812094,0.25,0,0.3548516977586948,0.3310964971144854,0.1935310696550793,0.1912494967118504,0.2289625553616961,0.1869547711716546,31
Kang_IFN_beta,stim,trrust_dorothea_intersection,0,29,CREM,DUSP1,FCGRT,Repression,0.025530705011031427,0.25,0,0.3310964971144854,0.2855992484230337,0.1912494967118504,0.1912494967118504,1.111394443698838,0.5016776271641737,29
Kang_IFN_beta,stim,trrust_dorothea_intersection,0,221,SPI1,STAT3,CCNDBP1,Activation,0.006248952323067884,0.25,0,0.2312441283049252,0.2209099449738288,0.1872231915179169,0.1874916118641791,0.7403033149912851,0.3172728492819825,246
Kang_IFN_beta,stim,trrust_dorothea_intersection,0,195,RELA,STAT3,RAB2A,Activation,0.007636912848854406,0.25,0,0.2312441283049252,0.2257415112065493,0.1872231915179169,0.1864179304791302,0.0654945644879882,0.0603945779090054,219
Kang_IFN_beta,stim,trrust_dorothea_intersection,0,211,SPI1,CYBB,LILRB2,Activation,0.01601096987853436,0.25,0,0.2737887531874944,0.2983492148704906,0.1811837337270166,0.1821232049389345,0.7403033149912851,0.3172728492819825,236
Kang_IFN_beta,stim,trrust_dorothea_intersection,0,233,STAT1,HMOX1,RGS1,Activation,0.01826260058001645,0.25,0,0.3822305730774444,0.3497517111797127,0.1766205878405587,0.1764863776674276,0.6730640182525867,0.4341699100792089,261
Kang_IFN_beta,stim,trrust_dorothea_intersection,0,55,IRF1,CYBB,TGIF1,Activation,0.024989340820572744,0.25,0,0.2737887531874944,0.2300362367467457,0.1811837337270166,0.1817205744195411,0.5240907260770497,0.3422359414843753,56
Kang_IFN_beta,stim,trrust_dorothea_intersection,0,69,IRF8,CYBB,FLOT1,Activation,0.01677594992671123,0.25,0,0.2737887531874944,0.2450677761374314,0.1811837337270166,0.1806468930344922,0.3143202254730948,0.1598443161991692,73
Kang_IFN_beta,stim,trrust_dorothea_intersection,0,138,NFKB1,HMOX1,LILRB2,Activation,0.06703509314148104,0.25,0,0.3822305730774444,0.2983492148704906,0.1766205878405587,0.1821232049389345,0.1209233659911441,0.095155012749968,151
Kang_IFN_beta,stim,trrust_dorothea_intersection,0,263,STAT3,HMOX1,IFNGR2,Activation,0.06445120841257765,0.25,0,0.3822305730774444,0.2751308549188053,0.1766205878405587,0.179304791303181,0.2312441283049252,0.1872231915179169,294
Kang_IFN_beta,stim,trrust_dorothea_intersection,0,22,CREB1,HMOX1,HLA-DMA,Activation,0.047502837185578316,0.25,0,0.3822305730774444,0.3324385988457969,0.1766205878405587,0.1810495235538855,0.0616024694671855,0.0559656421956783,22
Kang_IFN_beta,stim,trrust_dorothea_intersection,0,283,YY1,APH1A,SNF8,Activation,0.00932073303125297,0.25,0,0.203596832639914,0.2029257817742585,0.1750100657629853,0.1739363843779364,0.1108576030063096,0.0962286941350171,316
Kang_IFN_beta,stim,trrust_dorothea_intersection,0,116,NFE2L2,HMOX1,RGS1,Activation,0.01826260058001645,0.25,0,0.3822305730774444,0.3497517111797127,0.1766205878405587,0.1764863776674276,0.4290699235002145,0.3050597235270484,123
Kang_IFN_beta,stim,trrust_dorothea_intersection,0,11,BACH1,HMOX1,LILRB2,Repression,0.06703509314148104,0.25,0,0.3822305730774444,0.2983492148704906,0.1766205878405587,0.1821232049389345,0.0675077170849551,0.0583814253120386,11
Kang_IFN_beta,stim,trrust_dorothea_intersection,0,25,CREB1,PPP2CA,WDR1,Activation,0.004111742594907535,0.25,0,0.2022547309086025,0.208294188699504,0.1731311233391497,0.1733995436854119,0.0616024694671855,0.0559656421956783,25
Kang_IFN_beta,stim,trrust_dorothea_intersection,0,60,IRF1,IL27,IFI30,Activation,0.03204121257758785,0.25,0,0.3027781505838178,0.2524493356596439,0.1681653469332984,0.1664206146825939,0.5240907260770497,0.3422359414843753,61
Kang_IFN_beta,stim,trrust_dorothea_intersection,0,239,STAT1,IRF8,DDIT4,Activation,0.018679304819159907,0.25,0,0.3143202254730948,0.2854650382499018,0.1598443161991692,0.1587706348141202,0.6730640182525867,0.4341699100792089,267
Kang_IFN_beta,stim,trrust_dorothea_intersection,0,72,IRF9,IL27,RAB31,Repression,0.04044349205668788,0.25,0,0.3027781505838178,0.2321835995168436,0.1681653469332984,0.1691048181452162,0.1795732116494438,0.1536706482351378,76
Kang_IFN_beta,stim,trrust_dorothea_intersection,0,218,SPI1,NCF2,SMCO4,Activation,0.010530182510583555,0.25,0,0.2316467588243196,0.2297678164004844,0.1605153670648247,0.1617232586230048,0.7403033149912851,0.3172728492819825,243
Kang_IFN_beta,stim,trrust_dorothea_intersection,0,101,MYC,DDX18,TRIM69,Activation,0.002497526958114874,0.25,0,0.1878942423835732,0.1895047644611464,0.1590390551603825,0.1593074755066447,0.3137833847805695,0.1462890887129264,108
Kang_IFN_beta,stim,trrust_dorothea_intersection,0,70,IRF8,NCF2,VASP,Activation,0.01191968850073822,0.25,0,0.2316467588243196,0.2270836129378606,0.1605153670648247,0.1618574687961359,0.3143202254730948,0.1598443161991692,74
Kang_IFN_beta,stim,trrust_dorothea_intersection,0,15,CEBPB,TNFAIP6,S100A8,Activation,0.005890443313699945,0.25,0,0.5342906992350067,0.5326801771574332,0.1623943094886604,0.1617232586230048,0.5074486646087883,0.2915044960408028,15
Kang_IFN_beta,stim,trrust_dorothea_intersection,0,247,STAT1,STAT2,CD2BP2,Activation,0.003539655267015978,0.25,0,0.1823916252851973,0.1760837471480347,0.1539390685814,0.1539390685814,0.6730640182525867,0.4341699100792089,276
Kang_IFN_beta,stim,trrust_dorothea_intersection,0,246,STAT1,SOCS3,BTG2,Activation,0.004885373312979958,0.25,0,0.2076231378338481,0.1991678969265874,0.1531338075426133,0.1529995973694822,0.6730640182525867,0.4341699100792089,275
Kang_IFN_beta,stim,trrust_dorothea_intersection,0,9,ATF4,DDIT4,IRF8,Activation,0.018679304819159907,0.25,0,0.2854650382499018,0.3143202254730948,0.1587706348141202,0.1598443161991692,0.1366259562474854,0.1138102268151951,9
Kang_IFN_beta,stim,trrust_dorothea_intersection,0,242,STAT1,PIM1,BLZF1,Activation,0.006921725997367233,0.25,0,0.1980942155415387,0.1889679237686225,0.1505838142531221,0.1500469735605977,0.6730640182525867,0.4341699100792089,270
Kang_IFN_beta,stim,trrust_dorothea_intersection,0,148,NFKB1,RIPK2,PHB,Activation,0.012072464383662801,0.25,0,0.2076231378338486,0.1939337001744737,0.1534022278888756,0.1523285465038266,0.1209233659911441,0.095155012749968,161
Kang_IFN_beta,stim,trrust_dorothea_intersection,0,192,RELA,RIPK2,SPOCK2,Activation,0.012943218025341489,0.25,0,0.2076231378338486,0.2042678835055704,0.1534022278888756,0.1548785397933179,0.0654945644879882,0.0603945779090054,214
Kang_IFN_beta,stim,trrust_dorothea_intersection,0,193,RELA,SOCS3,SNRPD1,Activation,0.011536835509746697,0.25,0,0.2076231378338481,0.1880284525567045,0.1531338075426133,0.15273117702322,0.0654945644879882,0.0603945779090054,216
Kang_IFN_beta,stim,trrust_dorothea_intersection,0,150,NFKB1,SOCS3,SERPINB9,Activation,0.011797289013083667,0.25,0,0.2076231378338481,0.2172862702992894,0.1531338075426133,0.1519259159844333,0.1209233659911441,0.095155012749968,163
Kang_IFN_beta,stim,trrust_dorothea_intersection,0,274,STAT3,SOCS3,ZEB2,Activation,0.006991335736596985,0.25,0,0.2076231378338481,0.208159978526373,0.1531338075426133,0.1523285465038266,0.2312441283049252,0.1872231915179169,306
Kang_IFN_beta,stim,trrust_dorothea_intersection,0,170,RELA,CD58,NANS,Activation,0.0073228649090207485,0.25,0,0.1947389612132609,0.1868205609985245,0.1511206549456466,0.1517917058113022,0.0654945644879882,0.0603945779090054,190
Kang_IFN_beta,stim,trrust_dorothea_intersection,0,126,NFKB1,CD58,NANS,Activation,0.0073228649090207485,0.25,0,0.1947389612132609,0.1868205609985245,0.1511206549456466,0.1517917058113022,0.1209233659911441,0.095155012749968,137
Kang_IFN_beta,stim,trrust_dorothea_intersection,0,272,STAT3,PIM1,BLZF1,Activation,0.006921725997367233,0.25,0,0.1980942155415387,0.1889679237686225,0.1505838142531221,0.1500469735605977,0.2312441283049252,0.1872231915179169,303
Kang_IFN_beta,stim,trrust_dorothea_intersection,0,62,IRF1,PSMB10,LSM7,Activation,0.00645332181082489,0.25,0,0.1680311367601677,0.1729969131660189,0.1487048718292865,0.1480338209636309,0.5240907260770497,0.3422359414843753,63
Kang_IFN_beta,stim,trrust_dorothea_intersection,0,187,RELA,MYC,HN1,Activation,0.058006182590400454,0.25,0,0.3137833847805695,0.2166152194336335,0.1462890887129264,0.1485706616561554,0.0654945644879882,0.0603945779090054,209
Kang_IFN_beta,stim,trrust_dorothea_intersection,0,145,NFKB1,MYC,SGTB,Activation,0.054324435094498635,0.25,0,0.3137833847805695,0.2197020534156502,0.1462890887129264,0.1477654006173687,0.1209233659911441,0.095155012749968,158
Kang_IFN_beta,stim,trrust_dorothea_intersection,0,270,STAT3,MYC,SGTB,Activation,0.054324435094498635,0.25,0,0.3137833847805695,0.2197020534156502,0.1462890887129264,0.1477654006173687,0.2312441283049252,0.1872231915179169,301
Kang_IFN_beta,stim,trrust_dorothea_intersection,0,291,YY1,MYC,CLEC4E,Repression,0.02994296255744231,0.25,0,0.3137833847805695,0.2802308414977878,0.1462890887129264,0.1436048852503041,0.1108576030063096,0.0962286941350171,324
Kang_IFN_beta,stim,trrust_dorothea_intersection,0,82,JUN,MYC,SGTB,Activation,0.054324435094498635,0.25,0,0.3137833847805695,0.2197020534156502,0.1462890887129264,0.1477654006173687,0.2003757884847679,0.1441417259428286,87
Kang_IFN_beta,stim,trrust_dorothea_intersection,0,181,RELA,HIF1A,MRP63,Activation,0.0026088099550809402,0.25,0,0.1725942826466258,0.168433767279561,0.1448127768084841,0.1449469869816153,0.0654945644879882,0.0603945779090054,203
Kang_IFN_beta,stim,trrust_dorothea_intersection,0,95,LEF1,MYC,CLEC4E,Activation,0.02994296255744231,0.25,0,0.3137833847805695,0.2802308414977878,0.1462890887129264,0.1436048852503041,0.140920681787681,0.1103207623137857,102
Kang_IFN_beta,stim,trrust_dorothea_intersection,0,136,NFKB1,HIF1A,MRP63,Activation,0.0026088099550809402,0.25,0,0.1725942826466258,0.168433767279561,0.1448127768084841,0.1449469869816153,0.1209233659911441,0.095155012749968,149
Kang_IFN_beta,stim,trrust_dorothea_intersection,0,262,STAT3,HIF1A,DTX3L,Activation,0.003512663249153227,0.25,0,0.1725942826466258,0.1732653335122813,0.1448127768084841,0.1452154073278775,0.2312441283049252,0.1872231915179169,293
Kang_IFN_beta,stim,trrust_dorothea_intersection,0,168,RELA,CCR5,CD59,Activation,0.020053883294872055,0.25,0,0.2201046839350429,0.1853442490940818,0.1426654140383863,0.1432022547309107,0.0654945644879882,0.0603945779090054,188
Kang_IFN_beta,stim,trrust_dorothea_intersection,0,23,CREB1,JUN,CD59,Repression,0.011728335464667995,0.25,0,0.2003757884847679,0.1853442490940818,0.1441417259428286,0.1432022547309107,0.0616024694671855,0.0559656421956783,23
Kang_IFN_beta,stim,trrust_dorothea_intersection,0,96,MEF2A,JUN,VRK2,Activation,0.014288173857990178,0.25,0,0.2003757884847679,0.1856126694403443,0.1441417259428286,0.1427996242115174,0.0814655750905926,0.0738155952221183,103
Kang_IFN_beta,stim,trrust_dorothea_intersection,0,16,CEBPB,TOP1,DNAJC7,Activation,0.0011665739578517304,0.25,0,0.1678969265870369,0.1677627164139054,0.1430680445577796,0.1429338343846485,0.5074486646087883,0.2915044960408028,16
Kang_IFN_beta,stim,trrust_dorothea_intersection,0,244,STAT1,PML,LRP10,Activation,0.004972541179049842,0.25,0,0.1617232586230053,0.1554153804858423,0.1350154341699126,0.135418064689306,0.6730640182525867,0.4341699100792089,272
Kang_IFN_beta,stim,trrust_dorothea_intersection,0,254,STAT2,PML,ABT1,Activation,0.003941433282695974,0.25,0,0.1617232586230053,0.1550127499664489,0.1350154341699126,0.1348812239967815,0.1823916252851973,0.1539390685814,284
Kang_IFN_beta,stim,trrust_dorothea_intersection,0,73,IRF9,PML,DOCK8,Activation,0.0024975269581154163,0.25,0,0.1617232586230053,0.1633337807005781,0.1350154341699126,0.1352838545161749,0.1795732116494438,0.1536706482351378,77
Kang_IFN_beta,stim,trrust_dorothea_intersection,0,227,STAT1,CDKN1A,FKBP4,Activation,0.0024712725287396086,0.25,0,0.1634679908737094,0.1649443027781519,0.1242786203194233,0.1245470406656855,0.6730640182525867,0.4341699100792089,254
Kang_IFN_beta,stim,trrust_dorothea_intersection,0,98,MYC,CDKN1A,ITM2A,Repression,0.009910590444248826,0.25,0,0.1634679908737094,0.1695074486646098,0.1242786203194233,0.1253523017044723,0.3137833847805695,0.1462890887129264,105
Kang_IFN_beta,stim,trrust_dorothea_intersection,0,174,RELA,CDKN1A,GRINA,Activation,0.008661105551733059,0.25,0,0.1634679908737094,0.1543416991007935,0.1242786203194233,0.1234733592806365,0.0654945644879882,0.0603945779090054,195
Kang_IFN_beta,stim,trrust_dorothea_intersection,0,222,SPI1,WAS,ARPC5L,Activation,0.003350952989904865,0.25,0,0.1505838142531219,0.1462890887129258,0.122936518588112,0.1232049389343742,0.7403033149912851,0.3172728492819825,247
Kang_IFN_beta,stim,trrust_dorothea_intersection,0,258,STAT3,CDKN1A,SMIM14,Activation,0.0036312092846144508,0.25,0,0.1634679908737094,0.1684337672795609,0.1242786203194233,0.1245470406656855,0.2312441283049252,0.1872231915179169,289
Kang_IFN_beta,stim,trrust_dorothea_intersection,0,201,RUNX3,CASP8,SLU7,Activation,0.002621619780685797,0.25,0,0.1440075157696971,0.1418601529995993,0.1245470406656855,0.1248154610119478,0.0746208562609051,0.0675077170849552,226
Kang_IFN_beta,stim,trrust_dorothea_intersection,0,76,JUN,CDKN1A,FKBP4,Activation,0.0024712725287396086,0.25,0,0.1634679908737094,0.1649443027781519,0.1242786203194233,0.1245470406656855,0.2003757884847679,0.1441417259428286,81
Kang_IFN_beta,stim,trrust_dorothea_intersection,0,13,CEBPB,CDKN1A,GRINA,Activation,0.008661105551733059,0.25,0,0.1634679908737094,0.1543416991007935,0.1242786203194233,0.1234733592806365,0.5074486646087883,0.2915044960408028,13
Kang_IFN_beta,stim,trrust_dorothea_intersection,0,28,CREM,CD247,P2RX4,Repression,0.0036705826476631015,0.25,0,0.1566232720440224,0.1586364246409892,0.122936518588112,0.1225338880687186,1.111394443698838,0.5016776271641737,28
Kang_IFN_beta,stim,trrust_dorothea_intersection,0,271,STAT3,MYD88,ERGIC3,Activation,0.00260880995508078,0.25,0,0.1409206817876812,0.1367601664206168,0.1201181049523582,0.1202523151254894,0.2312441283049252,0.1872231915179169,302
Kang_IFN_beta,stim,trrust_dorothea_intersection,0,87,JUN,RELB,RNASEH2B,Activation,0.0027730199173233,0.25,0,0.1350154341699122,0.1376996376325346,0.1156891692390309,0.1159575895852932,0.2003757884847679,0.1441417259428286,92
Kang_IFN_beta,stim,trrust_dorothea_intersection,0,107,MYC,ID2,RP11-701P16.5,Activation,0.0012779454324291556,0.25,0,0.2201046839350426,0.2191652127231252,0.1134075962958017,0.1135418064689328,0.3137833847805695,0.1462890887129264,114
Kang_IFN_beta,stim,trrust_dorothea_intersection,0,118,NFKB1,ATF3,UBQLN2,Activation,0.008585546817868474,0.25,0,0.1528653871963508,0.1375654274594033,0.1140786471614574,0.1140786471614574,0.1209233659911441,0.095155012749968,125
Kang_IFN_beta,stim,trrust_dorothea_intersection,0,74,JUN,ATF3,PTGER4,Activation,0.007292205597168528,0.25,0,0.1528653871963508,0.1414575224802058,0.1140786471614574,0.1144812776808508,0.2003757884847679,0.1441417259428286,78
Kang_IFN_beta,stim,trrust_dorothea_intersection,0,6,ATF4,ATF3,UBQLN2,Activation,0.008585546817868474,0.25,0,0.1528653871963508,0.1375654274594033,0.1140786471614574,0.1140786471614574,0.1366259562474854,0.1138102268151951,6
Kang_IFN_beta,stim,trrust_dorothea_intersection,0,94,KLF6,ATF3,UBQLN2,Activation,0.008585546817868474,0.25,0,0.1528653871963508,0.1375654274594033,0.1140786471614574,0.1140786471614574,0.9133002281572968,0.4415514696014219,100
Kang_IFN_beta,stim,trrust_dorothea_intersection,0,203,RUNX3,ICAM3,TRIM21,Repression,0.0030895634450666862,0.25,0,0.1297812374177985,0.1246812508388161,0.1124681250838838,0.1126023352570149,0.0746208562609051,0.0675077170849552,228
Kang_IFN_beta,stim,trrust_dorothea_intersection,0,50,HSF1,STIP1,SBDS,Activation,0.0037977901374348835,0.25,0,0.1371627969400098,0.1307207086297163,0.1121997047376215,0.1123339149107527,0.0640182525835458,0.0601261575627432,50
Kang_IFN_beta,stim,trrust_dorothea_intersection,0,213,SPI1,HCK,CBWD1,Activation,0.005952225067464056,0.25,0,0.1415917326533368,0.1330022815729452,0.1101865521406546,0.110589182660048,0.7403033149912851,0.3172728492819825,238
Kang_IFN_beta,stim,trrust_dorothea_intersection,0,259,STAT3,COPS5,SSR1,Activation,0.0022780269127079286,0.25,0,0.1221312575493246,0.1256207220507339,0.1092470809287367,0.1093812911018678,0.2312441283049252,0.1872231915179169,290
Kang_IFN_beta,stim,trrust_dorothea_intersection,0,79,JUN,DDIT3,TNIP2,Activation,0.003941433282695844,0.25,0,0.1288417662058806,0.1221312575493245,0.1072339283317697,0.1070997181586386,0.2003757884847679,0.1441417259428286,84
Kang_IFN_beta,stim,trrust_dorothea_intersection,0,8,ATF4,DDIT3,ASF1A,Activation,0.0038655130496161997,0.25,0,0.1288417662058806,0.1258891423969959,0.1072339283317697,0.1068312978123763,0.1366259562474854,0.1138102268151951,8
Kang_IFN_beta,stim,trrust_dorothea_intersection,0,5,ATF3,DDIT3,DNAJA2,Activation,0.004049892689197634,0.25,0,0.1288417662058806,0.1229365185881113,0.1072339283317697,0.107502348678032,0.1528653871963508,0.1140786471614574,5
Kang_IFN_beta,stim,trrust_dorothea_intersection,0,219,SPI1,P2RY10,FKBP3,Activation,0.0029371607534814242,0.25,0,0.1205207354717508,0.115286538719637,0.1014628908871311,0.1014628908871311,0.7403033149912851,0.3172728492819825,244
Kang_IFN_beta,stim,trrust_dorothea_intersection,0,119,NFKB1,BCL2A1,IDI1,Activation,0.01970716641347937,0.25,0,0.1595758958529066,0.1260233525701269,0.1010602603677377,0.1017313112333934,0.1209233659911441,0.095155012749968,127
Kang_IFN_beta,stim,trrust_dorothea_intersection,0,164,RELA,BCL2A1,ADM,Activation,0.016476430922819255,0.25,0,0.1595758958529066,0.1440075157696967,0.1010602603677377,0.0994497382901642,0.0654945644879882,0.0603945779090054,181
Kang_IFN_beta,stim,trrust_dorothea_intersection,0,120,NFKB1,BIRC2,OS9,Activation,0.0027328440418278852,0.25,0,0.1128707556032767,0.1154207488927679,0.100254999328951,0.0999865789826887,0.1209233659911441,0.095155012749968,128
Kang_IFN_beta,stim,trrust_dorothea_intersection,0,165,RELA,BIRC2,ABHD3,Activation,0.002447055098441415,0.25,0,0.1128707556032767,0.1142128573345881,0.100254999328951,0.1005234196752132,0.0654945644879882,0.0603945779090054,182
Kang_IFN_beta,stim,trrust_dorothea_intersection,0,114,MYC,PRDX3,SUCLG1,Activation,0.0023331479157039374,0.25,0,0.1089786605824741,0.1087102402362117,0.0983760569051151,0.0986444772513774,0.3137833847805695,0.1462890887129264,121
Kang_IFN_beta,stim,trrust_dorothea_intersection,0,12,CEBPB,ADM,PIM2,Activation,0.011871588777605661,0.25,0,0.1440075157696967,0.1245470406656845,0.0994497382901642,0.0989128975976397,0.5074486646087883,0.2915044960408028,12
Kang_IFN_beta,stim,trrust_dorothea_intersection,0,153,NFKB1,TNFAIP3,SNX1,Activation,0.002471272528740323,0.25,0,0.1112602335257031,0.1097839216212607,0.097168165346935,0.0968997450006727,0.1209233659911441,0.095155012749968,168
Kang_IFN_beta,stim,trrust_dorothea_intersection,0,196,RELA,TNFAIP3,PDCL3,Activation,0.002328280850568132,0.25,0,0.1112602335257031,0.111260233525703,0.097168165346935,0.0974365856931972,0.0654945644879882,0.0603945779090054,221
Kang_IFN_beta,stim,trrust_dorothea_intersection,0,152,NFKB1,TLR2,ORAI2,Activation,0.005150331794750754,0.25,0,0.1214602066836685,0.11327338612267,0.0963629043081482,0.0960944839618859,0.1209233659911441,0.095155012749968,167
Kang_IFN_beta,stim,trrust_dorothea_intersection,0,162,REL,TNFAIP3,EFHD2,Activation,0.00165685991222023,0.25,0,0.1112602335257031,0.1142128573345877,0.097168165346935,0.097168165346935,0.1406522614414189,0.0997181586364264,179
Kang_IFN_beta,stim,trrust_dorothea_intersection,0,206,SPI1,ACP5,SGK1,Activation,0.008363661991455187,0.25,0,0.1437390954234346,0.1403838410951564,0.094081331364919,0.0950208025768369,0.7403033149912851,0.3172728492819825,231
Kang_IFN_beta,stim,trrust_dorothea_intersection,0,46,HIF1A,TLR2,LHFPL2,Activation,0.0024712725287403567,0.25,0,0.1214602066836685,0.1229365185881108,0.0963629043081482,0.0960944839618859,0.1725942826466258,0.1448127768084841,46
Kang_IFN_beta,stim,trrust_dorothea_intersection,0,257,STAT3,CCND3,CD6,Activation,0.00045187088515085544,0.25,0,0.1116628640450966,0.1124681250838831,0.0959602737887548,0.0959602737887548,0.2312441283049252,0.1872231915179169,288
Kang_IFN_beta,stim,trrust_dorothea_intersection,0,188,RELA,NFKB1,SRRM2,Activation,0.007624903157328506,0.25,0,0.1209233659911441,0.1088444504093428,0.095155012749968,0.0947523822305746,0.0654945644879882,0.0603945779090054,210
Kang_IFN_beta,stim,trrust_dorothea_intersection,0,157,RBPJ,NFKB1,CLIC4,Activation,0.004119107730705098,0.25,0,0.1209233659911441,0.1170312709703413,0.095155012749968,0.0955576432693614,0.0860287209770509,0.0773050597235277,173
Kang_IFN_beta,stim,trrust_dorothea_intersection,0,52,IRF1,CASP7,YIF1A,Activation,0.0023476885715179472,0.25,0,0.1029392027915732,0.1034760434840977,0.0911287075560341,0.0913971279022964,0.5240907260770497,0.3422359414843753,52
Kang_IFN_beta,stim,trrust_dorothea_intersection,0,36,HIF1A,FAM162A,ARHGAP15,Activation,0.001277945432429348,0.25,0,0.0959602737887544,0.0968997450006724,0.0861629311501823,0.0862971413233134,0.1725942826466258,0.1448127768084841,36
Kang_IFN_beta,stim,trrust_dorothea_intersection,0,93,JUND,TGFB1,IMP4,Activation,0.003493233206842423,0.25,0,0.098778687424508,0.098644477251377,0.0846866192457399,0.0850892497651333,0.0667024560461684,0.0613340491209233,99
Kang_IFN_beta,stim,trrust_dorothea_intersection,0,215,SPI1,ITGB2,B3GNT2,Activation,0.0032384080102487584,0.25,0,0.1017313112333927,0.0959602737887544,0.0830760971681663,0.0830760971681663,0.7403033149912851,0.3172728492819825,240
Kang_IFN_beta,stim,trrust_dorothea_intersection,0,286,YY1,DNAJB4,TAF1D,Activation,0.008991625180618064,0.25,0,0.1132733861226697,0.1010602603677371,0.0838813582069531,0.0845524090726087,0.1108576030063096,0.0962286941350171,319
Kang_IFN_beta,stim,trrust_dorothea_intersection,0,217,SPI1,MSR1,NFKBIE,Activation,0.004661696982529032,0.25,0,0.1034760434840974,0.0979734263857212,0.0821366259562484,0.0825392564756418,0.7403033149912851,0.3172728492819825,242
Kang_IFN_beta,stim,trrust_dorothea_intersection,0,38,HIF1A,ITGB2,GGNBP2,Activation,0.003867208826533123,0.25,0,0.1017313112333927,0.0962286941350167,0.0830760971681663,0.082807676821904,0.1725942826466258,0.1448127768084841,38
Kang_IFN_beta,stim,trrust_dorothea_intersection,0,288,YY1,FDPS,AKR1B1,Repression,0.0011665739578523842,0.25,0,0.0942155415380498,0.094349751711181,0.0829418869950352,0.082807676821904,0.1108576030063096,0.0962286941350171,321
Kang_IFN_beta,stim,trrust_dorothea_intersection,0,212,SPI1,ERAP2,ATG5,Activation,0.0017868711765001042,0.25,0,0.0893839753053292,0.0869681921889689,0.0802576835324126,0.0801234733592814,0.7403033149912851,0.3172728492819825,237
Kang_IFN_beta,stim,trrust_dorothea_intersection,0,91,JUND,NQO2,C1ORF122,Activation,0.0034956678682989853,0.25,0,0.0982418467319835,0.0979734263857213,0.0805261038786748,0.0809287343980682,0.0667024560461684,0.0613340491209233,97
Kang_IFN_beta,stim,trrust_dorothea_intersection,0,57,IRF1,ERAP2,PDHB,Activation,0.002328280850568132,0.25,0,0.0893839753053292,0.0893839753053291,0.0802576835324126,0.0805261038786748,0.5240907260770497,0.3422359414843753,58
Kang_IFN_beta,stim,trrust_dorothea_intersection,0,42,HIF1A,PFKFB3,PGD,Activation,0.002424935697504525,0.25,0,0.0927392296336073,0.0939471211917875,0.0789155818011013,0.078647161454839,0.1725942826466258,0.1448127768084841,42
Kang_IFN_beta,stim,trrust_dorothea_intersection,0,230,STAT1,FAS,LAMTOR3,Activation,0.002676418717467554,0.25,0,0.0876392430546245,0.0833445175144283,0.0750234867802985,0.0751576969534296,0.6730640182525867,0.4341699100792089,258
Kang_IFN_beta,stim,trrust_dorothea_intersection,0,197,RELA,TRAF1,NT5C2,Activation,0.0024712725287394577,0.25,0,0.0895181854784602,0.0880418735740178,0.0764997986847409,0.0762313783384787,0.0654945644879882,0.0603945779090054,222
Kang_IFN_beta,stim,trrust_dorothea_intersection,0,154,NFKB1,TRAF1,ATP6V1D,Activation,0.0018074835406040324,0.25,0,0.0895181854784602,0.0862971413233131,0.0764997986847409,0.0764997986847409,0.1209233659911441,0.095155012749968,170
Kang_IFN_beta,stim,trrust_dorothea_intersection,0,134,NFKB1,FAS,TMEM126A,Activation,0.0026088099550807707,0.25,0,0.0876392430546245,0.0834787276875594,0.0750234867802985,0.0748892766071674,0.1209233659911441,0.095155012749968,147
Kang_IFN_beta,stim,trrust_dorothea_intersection,0,115,MYC,SRSF1,PPIE,Activation,0.0003012472567673341,0.25,0,0.0825392564756416,0.0820024157831171,0.0739498053952495,0.0739498053952495,0.3137833847805695,0.1462890887129264,122
Kang_IFN_beta,stim,trrust_dorothea_intersection,0,287,YY1,FAS,TMEM126A,Repression,0.0026088099550807707,0.25,0,0.0876392430546245,0.0834787276875594,0.0750234867802985,0.0748892766071674,0.1108576030063096,0.0962286941350171,320
Kang_IFN_beta,stim,trrust_dorothea_intersection,0,261,STAT3,FAS,TMEM126A,Repression,0.0026088099550807707,0.25,0,0.0876392430546245,0.0834787276875594,0.0750234867802985,0.0748892766071674,0.2312441283049252,0.1872231915179169,292
Kang_IFN_beta,stim,trrust_dorothea_intersection,0,81,JUN,FAS,LAMTOR3,Activation,0.002676418717467554,0.25,0,0.0876392430546245,0.0833445175144283,0.0750234867802985,0.0751576969534296,0.2003757884847679,0.1441417259428286,86
Kang_IFN_beta,stim,trrust_dorothea_intersection,0,177,RELA,CXCL2,RCBTB2,Activation,0.0291770782060108,0.25,0,0.1555495906589729,0.1056234062541951,0.0720708629714136,0.0711313917594957,0.0654945644879882,0.0603945779090054,199
Kang_IFN_beta,stim,trrust_dorothea_intersection,0,133,NFKB1,CXCL2,PASK,Activation,0.031115698350363413,0.25,0,0.1555495906589729,0.1002549993289502,0.0720708629714136,0.0723392833176759,0.1209233659911441,0.095155012749968,146
Kang_IFN_beta,stim,trrust_dorothea_intersection,0,48,HSF1,HSPA1B,BASP1,Activation,0.012618142968255383,0.25,0,0.1213259965105369,0.0997181586364256,0.071399812105758,0.0718024426251514,0.0640182525835458,0.0601261575627432,48
Kang_IFN_beta,stim,trrust_dorothea_intersection,0,281,YBX1,KPNA2,ST3GAL5,Repression,0.0032999447447906436,0.25,0,0.0873708227083621,0.0818682056099858,0.0709971815863646,0.0711313917594957,1.614548382767453,0.6789692658703417,314
Kang_IFN_beta,stim,trrust_dorothea_intersection,0,84,JUN,PDHA1,SMS,Activation,0.0015211077710309674,0.25,0,0.0779761105891832,0.0762313783384785,0.0687156086431354,0.0688498188162665,0.2003757884847679,0.1441417259428286,89
Kang_IFN_beta,stim,trrust_dorothea_intersection,0,266,STAT3,IFNAR1,MIF,Activation,0.0003012472567673341,0.25,0,0.0720708629714136,0.0715340222788891,0.0673735069118241,0.0673735069118241,0.2312441283049252,0.1872231915179169,297
Kang_IFN_beta,stim,trrust_dorothea_intersection,0,40,HIF1A,MIF,IFNAR1,Activation,0.0003012472567673341,0.25,0,0.0715340222788891,0.0720708629714136,0.0673735069118241,0.0673735069118241,0.1725942826466258,0.1448127768084841,40
Kang_IFN_beta,stim,trrust_dorothea_intersection,0,205,SATB1,CD8B,RASGEF1B,Activation,0.017104364294250093,0.25,0,0.1081733995436863,0.0779761105891832,0.0673735069118241,0.0676419272580863,0.0974365856931968,0.0834787276875597,230
Kang_IFN_beta,stim,trrust_dorothea_intersection,0,30,HBP1,MIF,MRPS11,Repression,0.0012487634790582357,0.25,0,0.0715340222788891,0.0723392833176758,0.0673735069118241,0.0672392967386929,0.2289625553616961,0.1869547711716546,30
Kang_IFN_beta,stim,trrust_dorothea_intersection,0,102,MYC,HDAC2,PRPF31,Activation,0.0012779454324293212,0.25,0,0.0697892900281843,0.0707287612401023,0.0657629848342505,0.0656287746611194,0.3137833847805695,0.1462890887129264,109
Kang_IFN_beta,stim,trrust_dorothea_intersection,0,83,JUN,NFKB2,HTATSF1,Activation,0.0012779454324293436,0.25,0,0.0731445443564625,0.0740840155683805,0.0667024560461684,0.0665682458730373,0.2003757884847679,0.1441417259428286,88
Kang_IFN_beta,stim,trrust_dorothea_intersection,0,44,HIF1A,RORA,ATXN3,Activation,0.003299944744790585,0.25,0,0.0785129512817076,0.0730103341833314,0.0661656153536439,0.066299825526775,0.1725942826466258,0.1448127768084841,44
Kang_IFN_beta,stim,trrust_dorothea_intersection,0,106,MYC,HSPA4,CPNE3,Activation,0.001844659255149471,0.25,0,0.0723392833176758,0.0697892900281844,0.0640182525835458,0.0641524627566769,0.3137833847805695,0.1462890887129264,113
Kang_IFN_beta,stim,trrust_dorothea_intersection,0,49,HSF1,HSPA4,PNPLA8,Activation,0.0013865099586613588,0.25,0,0.0723392833176758,0.0709971815863645,0.0640182525835458,0.0638840424104147,0.0640182525835458,0.0601261575627432,49
Kang_IFN_beta,stim,trrust_dorothea_intersection,0,26,CREB1,PSEN1,DOCK10,Activation,0.00045187088515102197,0.25,0,0.0712656019326268,0.07046034089384,0.0637498322372836,0.0637498322372836,0.0616024694671855,0.0559656421956783,26
Kang_IFN_beta,stim,trrust_dorothea_intersection,0,198,RELA,XIAP,ARFGAP2,Activation,0.001386509958662058,0.25,0,0.0677761374312174,0.0664340356999061,0.0617366796403166,0.0618708898134478,0.0654945644879882,0.0603945779090054,223
Kang_IFN_beta,stim,trrust_dorothea_intersection,0,155,NFKB1,XIAP,WDR61,Activation,0.0011858624515483757,0.25,0,0.0677761374312174,0.067373506911824,0.0617366796403166,0.0616024694671855,0.1209233659911441,0.095155012749968,171
Kang_IFN_beta,stim,trrust_dorothea_intersection,0,86,JUN,POLD2,OXA1L,Activation,0.0011858624515492069,0.25,0,0.0667024560461684,0.066299825526775,0.059991947389612,0.0601261575627432,0.2003757884847679,0.1441417259428286,91
Kang_IFN_beta,stim,trrust_dorothea_intersection,0,24,CREB1,POLD2,DKC1,Activation,0.0011665739578523805,0.25,0,0.0667024560461684,0.0665682458730373,0.059991947389612,0.0601261575627432,0.0616024694671855,0.0559656421956783,24
Kang_IFN_beta,stim,trrust_dorothea_intersection,0,108,MYC,IER3,GAPT,Repression,0.007763604892043529,0.25,0,0.0807945242249367,0.074755066434036,0.0578445846195141,0.0586498456583008,0.3137833847805695,0.1462890887129264,115
Kang_IFN_beta,stim,trrust_dorothea_intersection,0,183,RELA,IER3,GAPT,Activation,0.007763604892043529,0.25,0,0.0807945242249367,0.074755066434036,0.0578445846195141,0.0586498456583008,0.0654945644879882,0.0603945779090054,205
Kang_IFN_beta,stim,trrust_dorothea_intersection,0,140,NFKB1,IER3,SCIMP,Activation,0.005121203365044721,0.25,0,0.0807945242249367,0.07166823245202,0.0578445846195141,0.0578445846195141,0.1209233659911441,0.095155012749968,153
Kang_IFN_beta,stim,trrust_dorothea_intersection,0,235,STAT1,ICAM1,PHIP,Activation,0.0021087307973713665,0.25,0,0.066299825526775,0.0625419406791034,0.0560998523688095,0.0560998523688095,0.6730640182525867,0.4341699100792089,263
Kang_IFN_beta,stim,trrust_dorothea_intersection,0,161,REL,IER3,MGLL,Activation,0.00433055277586666,0.25,0,0.0807945242249367,0.0762313783384784,0.0578445846195141,0.0574419541001207,0.1406522614414189,0.0997181586364264,178
Kang_IFN_beta,stim,trrust_dorothea_intersection,0,260,STAT3,ETV6,ELOVL5,Activation,0.0007531181419183561,0.25,0,0.0634814118910213,0.06213931015971,0.0573077439269896,0.0573077439269896,0.2312441283049252,0.1872231915179169,291
Kang_IFN_beta,stim,trrust_dorothea_intersection,0,182,RELA,ICAM1,RNF146,Activation,0.0026764187174679174,0.25,0,0.066299825526775,0.0620050999865789,0.0560998523688095,0.0559656421956783,0.0654945644879882,0.0603945779090054,204
Kang_IFN_beta,stim,trrust_dorothea_intersection,0,139,NFKB1,ICAM1,USP10,Activation,0.002608809955080687,0.25,0,0.066299825526775,0.06213931015971,0.0560998523688095,0.0562340625419406,0.1209233659911441,0.095155012749968,152
Kang_IFN_beta,stim,trrust_dorothea_intersection,0,0,ATF1,CCNA1,ADAP2,Repression,0.012200513899076903,0.25,0,0.0927392296336067,0.0709971815863644,0.0565024828882028,0.0565024828882028,0.0648235136223326,0.0602603677358743,0
Kang_IFN_beta,stim,trrust_dorothea_intersection,0,265,STAT3,ICAM1,PHIP,Activation,0.0021087307973713665,0.25,0,0.066299825526775,0.0625419406791034,0.0560998523688095,0.0560998523688095,0.2312441283049252,0.1872231915179169,296
Kang_IFN_beta,stim,trrust_dorothea_intersection,0,240,STAT1,JAK2,HEBP1,Activation,0.0003012472567673341,0.25,0,0.0605287880821365,0.061065628774661,0.0546235404643671,0.0546235404643671,0.6730640182525867,0.4341699100792089,268
Kang_IFN_beta,stim,trrust_dorothea_intersection,0,160,REL,ICAM1,DPM2,Activation,0.0026764187174679174,0.25,0,0.066299825526775,0.0620050999865789,0.0560998523688095,0.0559656421956783,0.1406522614414189,0.0997181586364264,177
Kang_IFN_beta,stim,trrust_dorothea_intersection,0,204,RUNX3,TCF4,UTRN,Activation,0.004013446788857129,0.25,0,0.07046034089384,0.0636156220641524,0.0558314320225472,0.0556972218494161,0.0746208562609051,0.0675077170849552,229
Kang_IFN_beta,stim,trrust_dorothea_intersection,0,89,JUN,STMN1,FPR1,Activation,0.001903672942636613,0.25,0,0.0734129647027247,0.0707287612401021,0.0551603811568916,0.0552945913300227,0.2003757884847679,0.1441417259428286,94
Kang_IFN_beta,stim,trrust_dorothea_intersection,0,128,NFKB1,CD80,CMTM8,Activation,0.0017304314993418551,0.25,0,0.0669708763924306,0.0692524493356598,0.0550261709837605,0.0551603811568916,0.1209233659911441,0.095155012749968,140
Kang_IFN_beta,stim,trrust_dorothea_intersection,0,180,RELA,HDAC1,NFATC2IP,Activation,0.001347087357110394,0.25,0,0.0571735337538584,0.0583814253120386,0.0546235404643671,0.0547577506374982,0.0654945644879882,0.0603945779090054,202
Kang_IFN_beta,stim,trrust_dorothea_intersection,0,112,MYC,PCNA,ASNSD1,Activation,0.0011641404252848916,0.25,0,0.0573077439269896,0.0573077439269896,0.0530130183867936,0.0531472285599248,0.3137833847805695,0.1462890887129264,119
Kang_IFN_beta,stim,trrust_dorothea_intersection,0,97,MYC,CCND2,MDK,Activation,0.00143092446964483,0.25,0,0.0601261575627432,0.0575761642732518,0.0508656556166957,0.0508656556166957,0.3137833847805695,0.1462890887129264,104
Kang_IFN_beta,stim,trrust_dorothea_intersection,0,123,NFKB1,CCND2,PITPNC1,Activation,0.0024087275698104044,0.25,0,0.0601261575627432,0.0563682727150717,0.0508656556166957,0.0507314454435645,0.1209233659911441,0.095155012749968,134
Kang_IFN_beta,stim,trrust_dorothea_intersection,0,256,STAT3,CCND2,PITPNC1,Activation,0.0024087275698104044,0.25,0,0.0601261575627432,0.0563682727150717,0.0508656556166957,0.0507314454435645,0.2312441283049252,0.1872231915179169,287
Kang_IFN_beta,stim,trrust_dorothea_intersection,0,156,NFKB2,CCND2,ZC3H13,Activation,0.0012803008412611422,0.25,0,0.0601261575627432,0.0578445846195141,0.0508656556166957,0.0508656556166957,0.0731445443564625,0.0667024560461684,172
Kang_IFN_beta,stim,trrust_dorothea_intersection,1,146,NFKB1,NFKBIA,ANXA2,Activation,0.1888199991172143,0.25,0,2.46356193799492,2.6334720171789243,0.5634143068044745,0.5446248825661221,0.1209233659911441,0.095155012749968,159
Kang_IFN_beta,stim,trrust_dorothea_intersection,1,71,IRF9,IFIT3,RPL34,Activation,0.23856921308736428,0.25,0,6.844047778821768,6.606629982552764,0.9171923231780238,0.9400080526103088,0.1795732116494438,0.1536706482351378,75
Kang_IFN_beta,stim,trrust_dorothea_intersection,1,59,IRF1,IFIT3,RPL34,Activation,0.23856921308736428,0.25,0,6.844047778821768,6.606629982552764,0.9171923231780238,0.9400080526103088,0.5240907260770497,0.3422359414843753,60
Kang_IFN_beta,stim,trrust_dorothea_intersection,1,214,SPI1,IFIT3,RPL34,Activation,0.23856921308736428,0.25,0,6.844047778821768,6.606629982552764,0.9171923231780238,0.9400080526103088,0.7403033149912851,0.3172728492819825,239
Kang_IFN_beta,stim,trrust_dorothea_intersection,1,252,STAT2,IFIT3,RPL34,Activation,0.23856921308736428,0.25,0,6.844047778821768,6.606629982552764,0.9171923231780238,0.9400080526103088,0.1823916252851973,0.1539390685814,282
Kang_IFN_beta,stim,trrust_dorothea_intersection,1,236,STAT1,IFIT3,RPL34,Activation,0.23856921308736428,0.25,0,6.844047778821768,6.606629982552764,0.9171923231780238,0.9400080526103088,0.6730640182525867,0.4341699100792089,264
Kang_IFN_beta,stim,trrust_dorothea_intersection,1,189,RELA,NFKBIA,ANXA2,Activation,0.1888199991172143,0.25,0,2.46356193799492,2.6334720171789243,0.5634143068044745,0.5446248825661221,0.0654945644879882,0.0603945779090054,211
Kang_IFN_beta,stim,trrust_dorothea_intersection,1,58,IRF1,HLA-A,RPL32,Activation,0.18483747414019605,0.25,0,8.367064823513704,8.614145752248078,0.9914105489195156,0.9773184807407514,0.5240907260770497,0.3422359414843753,59
Kang_IFN_beta,stim,trrust_dorothea_intersection,1,228,STAT1,CTSB,S100A4,Activation,0.0326794345636599,0.25,0,1.9124949671185387,1.9083344517514755,0.3957858005637018,0.3995436854113738,0.6730640182525867,0.4341699100792089,255
Kang_IFN_beta,stim,trrust_dorothea_intersection,1,124,NFKB1,CCR7,NPC2,Activation,0.2750353212425387,0.25,0,2.326264930881789,1.965642195678473,0.500603945779125,0.5220775734800992,0.1209233659911441,0.095155012749968,135
Kang_IFN_beta,stim,trrust_dorothea_intersection,1,141,NFKB1,IL1RN,CTSL,Activation,0.07746892616255974,0.25,0,2.0543551201181303,2.1477654006173896,0.3533753858542602,0.3599516843376863,0.1209233659911441,0.095155012749968,154
Kang_IFN_beta,stim,trrust_dorothea_intersection,1,132,NFKB1,CTSB,HSPB1,Activation,0.04432673397191068,0.25,0,1.9124949671185387,1.854784592672156,0.3957858005637018,0.392296336062292,0.1209233659911441,0.095155012749968,144
Kang_IFN_beta,stim,trrust_dorothea_intersection,1,229,STAT1,CTSL,FAM26F,Activation,0.07494237681379629,0.25,0,2.1477654006173896,2.056502482888232,0.3599516843376863,0.3662595624748501,0.6730640182525867,0.4341699100792089,256
Kang_IFN_beta,stim,trrust_dorothea_intersection,1,78,JUN,CTSL,IL1RN,Activation,0.07746892616255974,0.25,0,2.1477654006173896,2.0543551201181303,0.3599516843376863,0.3533753858542602,0.2003757884847679,0.1441417259428286,83
Kang_IFN_beta,stim,trrust_dorothea_intersection,1,243,STAT1,PLSCR1,VIM,Activation,0.16157284629412022,0.25,0,2.672124547040689,2.935579116897079,0.7327875452959082,0.7252717756005672,0.6730640182525867,0.4341699100792089,271
Kang_IFN_beta,stim,trrust_dorothea_intersection,1,176,RELA,CTSB,HSPB1,Activation,0.04432673397191068,0.25,0,1.9124949671185387,1.854784592672156,0.3957858005637018,0.392296336062292,0.0654945644879882,0.0603945779090054,197
Kang_IFN_beta,stim,trrust_dorothea_intersection,1,232,STAT1,HLA-E,RPL27A,Activation,0.17215976712625614,0.25,0,3.996778955844908,4.170178499530317,0.9276607166822488,0.911287075560256,0.6730640182525867,0.4341699100792089,260
Kang_IFN_beta,stim,trrust_dorothea_intersection,1,67,IRF3,IRF7,SH3BGRL3,Activation,0.24854532686434583,0.25,0,2.843376727955996,3.285599248423045,0.7845926721245083,0.7862031942020814,0.0807945242249369,0.0734129647027249,70
Kang_IFN_beta,stim,trrust_dorothea_intersection,1,264,STAT3,HSPB1,CTSB,Activation,0.04432673397191068,0.25,0,1.854784592672156,1.9124949671185387,0.392296336062292,0.3957858005637018,0.2312441283049252,0.1872231915179169,295
Kang_IFN_beta,stim,trrust_dorothea_intersection,1,143,NFKB1,IRF7,GNB2L1,Activation,0.278644139256649,0.25,0,2.843376727955996,2.498053952489636,0.7845926721245083,0.8076768219030556,0.1209233659911441,0.095155012749968,156
Kang_IFN_beta,stim,trrust_dorothea_intersection,1,293,ZEB2,VIM,DYNLT1,Activation,0.2019900530383386,0.25,0,2.935579116897079,2.737887531874933,0.7252717756005672,0.7058113004965594,0.208159978526373,0.1523285465038266,326
Kang_IFN_beta,stim,trrust_dorothea_intersection,1,185,RELA,IRF7,GNB2L1,Activation,0.278644139256649,0.25,0,2.843376727955996,2.498053952489636,0.7845926721245083,0.8076768219030556,0.0654945644879882,0.0603945779090054,207
Kang_IFN_beta,stim,trrust_dorothea_intersection,1,238,STAT1,IRF7,SH3BGRL3,Activation,0.24854532686434583,0.25,0,2.843376727955996,3.285599248423045,0.7845926721245083,0.7862031942020814,0.6730640182525867,0.4341699100792089,266
Kang_IFN_beta,stim,trrust_dorothea_intersection,1,280,TCF4,VIM,PLSCR1,Activation,0.16157284629412022,0.25,0,2.935579116897079,2.672124547040689,0.7252717756005672,0.7327875452959082,0.07046034089384,0.0558314320225472,313
Kang_IFN_beta,stim,trrust_dorothea_intersection,1,37,HIF1A,GAPDH,HSP90AA1,Activation,0.2343716185486907,0.25,0,2.7429875184539174,2.766742719098114,0.6765534827539821,0.7035297275533309,0.1725942826466258,0.1448127768084841,37
Kang_IFN_beta,stim,trrust_dorothea_intersection,1,250,STAT1,TNFSF13B,SDCBP,Activation,0.15221003334215188,0.25,0,1.8700845524091103,1.8410951550127956,0.4763119044423882,0.4937592269494369,0.6730640182525867,0.4341699100792089,280
Kang_IFN_beta,stim,trrust_dorothea_intersection,1,18,CEBPD,GAPDH,HSP90AA1,Activation,0.2343716185486907,0.25,0,2.7429875184539174,2.766742719098114,0.6765534827539821,0.7035297275533309,0.1680311367601677,0.1130049657764083,18
Kang_IFN_beta,stim,trrust_dorothea_intersection,1,234,STAT1,HSP90AA1,DYNLT1,Repression,0.025570326312493594,0.25,0,2.766742719098114,2.737887531874933,0.7035297275533309,0.7058113004965594,0.6730640182525867,0.4341699100792089,262
Kang_IFN_beta,stim,trrust_dorothea_intersection,1,122,NFKB1,CCL5,S100A8,Activation,0.16106968915075331,0.25,0,0.7860689840289914,0.5326801771574332,0.1704469198765273,0.1617232586230048,0.1209233659911441,0.095155012749968,133
Kang_IFN_beta,stim,trrust_dorothea_intersection,1,47,HSF1,HSPA1A,FAM26F,Activation,0.10628310844727364,0.25,0,2.1477654006173914,2.056502482888232,0.3769963763253416,0.3662595624748501,0.0640182525835458,0.0601261575627432,47
Kang_IFN_beta,stim,trrust_dorothea_intersection,1,245,STAT1,PSMB9,RPL29,Activation,0.10637982952907392,0.25,0,3.074889276607183,2.908737082270878,0.8708898134477983,0.8649845658300304,0.6730640182525867,0.4341699100792089,273
Kang_IFN_beta,stim,trrust_dorothea_intersection,1,207,SPI1,CCL5,S100A8,Activation,0.16106968915075331,0.25,0,0.7860689840289914,0.5326801771574332,0.1704469198765273,0.1617232586230048,0.7403033149912851,0.3172728492819825,232
Kang_IFN_beta,stim,trrust_dorothea_intersection,1,167,RELA,CCL5,S100A8,Activation,0.16106968915075331,0.25,0,0.7860689840289914,0.5326801771574332,0.1704469198765273,0.1617232586230048,0.0654945644879882,0.0603945779090054,187
Kang_IFN_beta,stim,trrust_dorothea_intersection,1,19,CREB1,CCL5,TNFAIP6,Activation,0.15760787872722729,0.25,0,0.7860689840289914,0.5342906992350067,0.1704469198765273,0.1623943094886604,0.0616024694671855,0.0559656421956783,19
Kang_IFN_beta,stim,trrust_dorothea_intersection,1,63,IRF1,PSMB9,RPS16,Activation,0.2425494636024204,0.25,0,3.074889276607183,3.2029257817742955,0.8708898134477983,0.8975976379008849,0.5240907260770497,0.3422359414843753,64
Kang_IFN_beta,stim,trrust_dorothea_intersection,1,4,ATF3,CCL5,TNFAIP6,Activation,0.15760787872722729,0.25,0,0.7860689840289914,0.5342906992350067,0.1704469198765273,0.1623943094886604,0.1528653871963508,0.1140786471614574,4
Kang_IFN_beta,stim,trrust_dorothea_intersection,1,159,REL,CCL5,HLA-DQA1,Activation,0.15684536834473647,0.25,0,0.7860689840289914,0.5379143739095493,0.1704469198765273,0.1787679506106566,0.1406522614414189,0.0997181586364264,176
Kang_IFN_beta,stim,trrust_dorothea_intersection,1,90,JUND,CCL5,S100A8,Activation,0.16106968915075331,0.25,0,0.7860689840289914,0.5326801771574332,0.1704469198765273,0.1617232586230048,0.0667024560461684,0.0613340491209233,96
Kang_IFN_beta,stim,trrust_dorothea_intersection,1,75,JUN,CCL5,HLA-DQA1,Activation,0.15684536834473647,0.25,0,0.7860689840289914,0.5379143739095493,0.1704469198765273,0.1787679506106566,0.2003757884847679,0.1441417259428286,80
Kang_IFN_beta,stim,trrust_dorothea_intersection,1,53,IRF1,CCL5,TNFAIP6,Activation,0.15760787872722729,0.25,0,0.7860689840289914,0.5342906992350067,0.1704469198765273,0.1623943094886604,0.5240907260770497,0.3422359414843753,53
Kang_IFN_beta,stim,trrust_dorothea_intersection,1,100,MYC,CXCR4,CREM,Activation,0.17984920806967322,0.25,0,1.4310830760971964,1.111394443698838,0.5031539390686157,0.5016776271641737,0.3137833847805695,0.1462890887129264,107
Kang_IFN_beta,stim,trrust_dorothea_intersection,1,34,HIF1A,CXCR4,CREM,Activation,0.17984920806967322,0.25,0,1.4310830760971964,1.111394443698838,0.5031539390686157,0.5016776271641737,0.1725942826466258,0.1448127768084841,34
Kang_IFN_beta,stim,trrust_dorothea_intersection,1,210,SPI1,CTSS,LAP3,Activation,0.09730018430817418,0.25,0,1.6875587169507942,1.5282512414441385,0.5615353643806392,0.5659643000939651,0.7403033149912851,0.3172728492819825,235
Kang_IFN_beta,stim,trrust_dorothea_intersection,1,51,HSF1,UBB,RPL35,Activation,0.07695309601090254,0.25,0,2.433901489732948,2.426251509864481,0.8147899610790033,0.8059320896523514,0.0640182525835458,0.0601261575627432,51
Kang_IFN_beta,stim,trrust_dorothea_intersection,1,178,RELA,CXCR4,NPM1,Activation,0.15196070292539274,0.25,0,1.4310830760971964,1.1713863910884572,0.5031539390686157,0.508119715474466,0.0654945644879882,0.0603945779090054,200
Kang_IFN_beta,stim,trrust_dorothea_intersection,1,20,CREB1,CXCR4,NPM1,Activation,0.15196070292539274,0.25,0,1.4310830760971964,1.1713863910884572,0.5031539390686157,0.508119715474466,0.0616024694671855,0.0559656421956783,20
Kang_IFN_beta,stim,trrust_dorothea_intersection,1,284,YY1,CXCR4,NPM1,Repression,0.15196070292539274,0.25,0,1.4310830760971964,1.1713863910884572,0.5031539390686157,0.508119715474466,0.1108576030063096,0.0962286941350171,317
Kang_IFN_beta,stim,trrust_dorothea_intersection,1,105,MYC,HNRNPA2B1,DRAP1,Activation,0.09032913913604958,0.25,0,1.3992752650651232,1.379412159441722,0.6729298080794427,0.6832639914105365,0.3137833847805695,0.1462890887129264,112
Kang_IFN_beta,stim,trrust_dorothea_intersection,1,109,MYC,JUNB,ARHGDIB,Repression,0.13806576301729598,0.25,0,1.3327070191920791,1.0901892363441257,0.5246275667695899,0.5273117702322117,0.3137833847805695,0.1462890887129264,116
Kang_IFN_beta,stim,trrust_dorothea_intersection,1,249,STAT1,TAP1,TMEM50A,Activation,0.012401191595681213,0.25,0,1.089518185478464,1.1107233928331808,0.5451617232586464,0.5455643537780397,0.6730640182525867,0.4341699100792089,278
Kang_IFN_beta,stim,trrust_dorothea_intersection,1,144,NFKB1,JUNB,ARHGDIB,Activation,0.13806576301729598,0.25,0,1.3327070191920791,1.0901892363441257,0.5246275667695899,0.5273117702322117,0.1209233659911441,0.095155012749968,157
Kang_IFN_beta,stim,trrust_dorothea_intersection,1,65,IRF1,TAP1,TMEM50A,Activation,0.012401191595681213,0.25,0,1.089518185478464,1.1107233928331808,0.5451617232586464,0.5455643537780397,0.5240907260770497,0.3422359414843753,66
Kang_IFN_beta,stim,trrust_dorothea_intersection,1,66,IRF2,TAP1,TMEM50A,Activation,0.012401191595681213,0.25,0,1.089518185478464,1.1107233928331808,0.5451617232586464,0.5455643537780397,0.3865252986176447,0.2692256073010329,68
Kang_IFN_beta,stim,trrust_dorothea_intersection,1,268,STAT3,JUNB,ARHGDIB,Activation,0.13806576301729598,0.25,0,1.3327070191920791,1.0901892363441257,0.5246275667695899,0.5273117702322117,0.2312441283049252,0.1872231915179169,299
Kang_IFN_beta,stim,trrust_dorothea_intersection,1,56,IRF1,EIF2AK2,COX6A1,Activation,0.038825268423566706,0.25,0,0.9016239430948828,0.8370688498188121,0.5393906858140096,0.5410012078915827,0.5240907260770497,0.3422359414843753,57
Kang_IFN_beta,stim,trrust_dorothea_intersection,1,35,HIF1A,ENO1,GBP2,Activation,0.07029672990482651,0.25,0,1.0021473627700948,0.8832371493759209,0.5046302509730577,0.502080257683567,0.1725942826466258,0.1448127768084841,35
Kang_IFN_beta,stim,trrust_dorothea_intersection,1,14,CEBPB,S100A9,CXCL16,Activation,0.1792522341080131,0.25,0,0.7972084283988777,0.5030197288954587,0.2186283720305981,0.2105757616427311,0.5074486646087883,0.2915044960408028,14
Kang_IFN_beta,stim,trrust_dorothea_intersection,1,77,JUN,CREM,NPM1,Activation,0.06523591169394216,0.25,0,1.111394443698838,1.1713863910884572,0.5016776271641737,0.508119715474466,0.2003757884847679,0.1441417259428286,82
Kang_IFN_beta,stim,trrust_dorothea_intersection,1,276,STAT3,ZFP36,SAMSN1,Activation,0.11526924643556002,0.25,0,0.9892631861495094,0.9247080928734382,0.4657093007650278,0.4530935444907003,0.2312441283049252,0.1872231915179169,309
Kang_IFN_beta,stim,trrust_dorothea_intersection,1,104,MYC,HNRNPA1,EEF2,Activation,0.027249875641211323,0.25,0,0.7400348946450186,0.7652664071936648,0.4552409072607986,0.4579251107234214,0.3137833847805695,0.1462890887129264,111
Kang_IFN_beta,stim,trrust_dorothea_intersection,1,186,RELA,MCL1,UBE2B,Activation,0.02334715380517188,0.25,0,0.5871695074486751,0.584082673466658,0.4020936787008655,0.3994094752382426,0.0654945644879882,0.0603945779090054,208
Kang_IFN_beta,stim,trrust_dorothea_intersection,1,175,RELA,CFLAR,IL2RG,Activation,0.06610257241893185,0.25,0,0.7672795597906349,0.651321970205348,0.4126962823782259,0.4140383841095373,0.0654945644879882,0.0603945779090054,196
Kang_IFN_beta,stim,trrust_dorothea_intersection,1,99,MYC,CFLAR,MOB1A,Repression,0.03508880255584419,0.25,0,0.7672795597906349,0.7502348678029808,0.4126962823782259,0.4165883773990291,0.3137833847805695,0.1462890887129264,106
Kang_IFN_beta,stim,trrust_dorothea_intersection,1,269,STAT3,MCL1,CNBP,Activation,0.01675476494952536,0.25,0,0.5871695074486751,0.6086431351496514,0.4020936787008655,0.403435780432177,0.2312441283049252,0.1872231915179169,300
Kang_IFN_beta,stim,trrust_dorothea_intersection,1,10,ATF4,MCL1,EIF3K,Activation,0.020702946378786006,0.25,0,0.5871695074486751,0.5710642866729394,0.4020936787008655,0.4042410414709638,0.1366259562474854,0.1138102268151951,10
Kang_IFN_beta,stim,trrust_dorothea_intersection,1,110,MYC,LDHA,CNBP,Activation,0.05382223825170564,0.25,0,0.6993692121862883,0.6086431351496514,0.4054489330291441,0.403435780432177,0.3137833847805695,0.1462890887129264,117
Kang_IFN_beta,stim,trrust_dorothea_intersection,1,131,NFKB1,CFLAR,RPS26,Activation,0.028472624386099744,0.25,0,0.7672795597906349,0.725674406119985,0.4126962823782259,0.4108173399543899,0.1209233659911441,0.095155012749968,143
Kang_IFN_beta,stim,trrust_dorothea_intersection,1,43,HIF1A,PGK1,CNBP,Activation,0.042168371830133305,0.25,0,0.6003221044155234,0.6086431351496514,0.4082673466648981,0.403435780432177,0.1725942826466258,0.1448127768084841,43
Kang_IFN_beta,stim,trrust_dorothea_intersection,1,273,STAT3,SOCS1,NEAT1,Activation,0.02153980718988321,0.25,0,0.8025768353241169,0.7774795329485972,0.4339014897329467,0.4357804321567827,0.2312441283049252,0.1872231915179169,305
Kang_IFN_beta,stim,trrust_dorothea_intersection,1,279,TCF4,CD44,MCL1,Activation,0.013266201845413446,0.25,0,0.6058247215138989,0.5871695074486751,0.4011542074889475,0.4020936787008655,0.07046034089384,0.0558314320225472,312
Kang_IFN_beta,stim,trrust_dorothea_intersection,1,255,STAT2,STAT1,CCNI,Activation,0.02314546041645266,0.25,0,0.6730640182525867,0.6337404375251695,0.4341699100792089,0.4333646490404221,0.1823916252851973,0.1539390685814,285
Kang_IFN_beta,stim,trrust_dorothea_intersection,1,278,STAT6,SOCS1,EIF4A2,Activation,0.07953779607393932,0.25,0,0.8025768353241169,0.6907797611058977,0.4339014897329467,0.4282646624614386,0.0540866997718426,0.0500603945779089,311
Kang_IFN_beta,stim,trrust_dorothea_intersection,1,45,HIF1A,SOCS1,RHOA,Activation,0.06942890186481279,0.25,0,0.8025768353241169,0.7213796805797852,0.4339014897329467,0.4399409475238481,0.1725942826466258,0.1448127768084841,45
Kang_IFN_beta,stim,trrust_dorothea_intersection,1,275,STAT3,STAT1,ATP5G2,Activation,0.014007997439679787,0.25,0,0.6730640182525867,0.6481009260501993,0.4341699100792089,0.4341699100792089,0.2312441283049252,0.1872231915179169,307
Kang_IFN_beta,stim,trrust_dorothea_intersection,1,39,HIF1A,LDHA,ZNF706,Activation,0.017058918313291576,0.25,0,0.6993692121862883,0.6819218896792407,0.4054489330291441,0.4070594551067178,0.1725942826466258,0.1448127768084841,39
Kang_IFN_beta,stim,trrust_dorothea_intersection,1,64,IRF1,SOCS1,CASP1,Activation,0.05681773996623659,0.25,0,0.8025768353241169,0.8686082405046305,0.4339014897329467,0.438867266138799,0.5240907260770497,0.3422359414843753,65
Kang_IFN_beta,stim,trrust_dorothea_intersection,1,194,RELA,STAT1,CCNI,Activation,0.02314546041645266,0.25,0,0.6730640182525867,0.6337404375251695,0.4341699100792089,0.4333646490404221,0.0654945644879882,0.0603945779090054,218
Kang_IFN_beta,stim,trrust_dorothea_intersection,1,277,STAT6,RHOA,ARF1,Activation,0.047363394981673794,0.25,0,0.7213796805797852,0.6456851429338407,0.4399409475238481,0.4375251644074875,0.0540866997718426,0.0500603945779089,310
Kang_IFN_beta,stim,trrust_dorothea_intersection,1,202,RUNX3,CFLAR,BAZ1A,Repression,0.04715434090196779,0.25,0,0.7672795597906349,0.7131928600187919,0.4126962823782259,0.4168567977452914,0.0746208562609051,0.0675077170849552,227
Kang_IFN_beta,stim,trrust_dorothea_intersection,1,135,NFKB1,GSTP1,SLC3A2,Activation,0.043146180209020044,0.25,0,0.6894376593745839,0.6472956650114158,0.3881358206952265,0.392296336062292,0.1209233659911441,0.095155012749968,148
Kang_IFN_beta,stim,trrust_dorothea_intersection,1,179,RELA,GSTP1,TRIM22,Activation,0.07911020397502103,0.25,0,0.6894376593745839,0.5499932894913574,0.3881358206952265,0.389477922426538,0.0654945644879882,0.0603945779090054,201
Kang_IFN_beta,stim,trrust_dorothea_intersection,1,1,ATF1,LDHA,ZNF706,Activation,0.017058918313291576,0.25,0,0.6993692121862883,0.6819218896792407,0.4054489330291441,0.4070594551067178,0.0648235136223326,0.0602603677358743,1
Kang_IFN_beta,stim,trrust_dorothea_intersection,1,151,NFKB1,SQSTM1,ATG3,Activation,0.03607196281107411,0.25,0,0.6765534827540003,0.6450140920681858,0.362501677627178,0.3588780029526371,0.1209233659911441,0.095155012749968,165
Kang_IFN_beta,stim,trrust_dorothea_intersection,1,149,NFKB1,SERPINB1,HSPA5,Activation,0.016466571948606654,0.25,0,0.8137162796939975,0.7871426654140368,0.3590122131257683,0.3598174741645552,0.1209233659911441,0.095155012749968,162
Kang_IFN_beta,stim,trrust_dorothea_intersection,1,290,YY1,HSPA5,SQSTM1,Activation,0.06628085953243695,0.25,0,0.7871426654140368,0.6765534827540003,0.3598174741645552,0.362501677627178,0.1108576030063096,0.0962286941350171,323
Kang_IFN_beta,stim,trrust_dorothea_intersection,1,121,NFKB1,BIRC3,PLAC8,Activation,0.07192305863633368,0.25,0,0.7807005771037432,0.908602872097704,0.3481411891021456,0.347604348409621,0.1209233659911441,0.095155012749968,129
Kang_IFN_beta,stim,trrust_dorothea_intersection,1,237,STAT1,IRF1,CYSTM1,Activation,0.02487034782590245,0.25,0,0.5240907260770497,0.5509327607032721,0.3422359414843753,0.3445175144276047,0.6730640182525867,0.4341699100792089,265
Kang_IFN_beta,stim,trrust_dorothea_intersection,1,142,NFKB1,IRF1,SEPT7,Activation,0.02688631766648264,0.25,0,0.5240907260770497,0.4761776942692409,0.3422359414843753,0.3422359414843753,0.1209233659911441,0.095155012749968,155
Kang_IFN_beta,stim,trrust_dorothea_intersection,1,166,RELA,BIRC3,PLAC8,Activation,0.07192305863633368,0.25,0,0.7807005771037432,0.908602872097704,0.3481411891021456,0.347604348409621,0.0654945644879882,0.0603945779090054,183
Kang_IFN_beta,stim,trrust_dorothea_intersection,1,209,SPI1,CD68,PLAC8,Repression,0.03713222287551758,0.25,0,0.8606898402898974,0.908602872097704,0.3446517246007359,0.347604348409621,0.7403033149912851,0.3172728492819825,234
Kang_IFN_beta,stim,trrust_dorothea_intersection,1,184,RELA,IRF1,SELT,Activation,0.035635920228438284,0.25,0,0.5240907260770497,0.4618172057442113,0.3422359414843753,0.3430412025231621,0.0654945644879882,0.0603945779090054,206
Kang_IFN_beta,stim,trrust_dorothea_intersection,1,253,STAT2,IRF1,SEPT7,Activation,0.02688631766648264,0.25,0,0.5240907260770497,0.4761776942692409,0.3422359414843753,0.3422359414843753,0.1823916252851973,0.1539390685814,283
Kang_IFN_beta,stim,trrust_dorothea_intersection,1,158,REL,BIRC3,LTB,Activation,0.04438275420460062,0.25,0,0.7807005771037432,0.8437793584753754,0.3481411891021456,0.3512280230841619,0.1406522614414189,0.0997181586364264,174
Kang_IFN_beta,stim,trrust_dorothea_intersection,1,267,STAT3,IRF1,NUB1,Activation,0.030756164815599663,0.25,0,0.5240907260770497,0.4733592806334879,0.3422359414843753,0.3435780432156867,0.2312441283049252,0.1872231915179169,298
Kang_IFN_beta,stim,trrust_dorothea_intersection,1,285,YY1,DEK,IRF1,Activation,0.021500402358735626,0.25,0,0.4878539793316492,0.5240907260770497,0.3414306804455884,0.3422359414843753,0.1108576030063096,0.0962286941350171,318
Kang_IFN_beta,stim,trrust_dorothea_intersection,1,68,IRF8,CD68,PLAC8,Repression,0.03713222287551758,0.25,0,0.8606898402898974,0.908602872097704,0.3446517246007359,0.347604348409621,0.3143202254730948,0.1598443161991692,72
Kang_IFN_beta,stim,trrust_dorothea_intersection,1,103,MYC,HLA-F,CAST,Activation,0.014206399032787836,0.25,0,0.4324251778284935,0.4576566903771432,0.3225070460340971,0.3226412562072283,0.3137833847805695,0.1462890887129264,110
Kang_IFN_beta,stim,trrust_dorothea_intersection,1,137,NFKB1,HLA-F,CAST,Activation,0.014206399032787836,0.25,0,0.4324251778284935,0.4576566903771432,0.3225070460340971,0.3226412562072283,0.1209233659911441,0.095155012749968,150
Kang_IFN_beta,stim,trrust_dorothea_intersection,1,2,ATF1,MAP1LC3B,SSR2,Activation,0.0129886139551451,0.25,0,0.4619514159173403,0.4403435780432301,0.3284122936518674,0.328949134344392,0.0648235136223326,0.0602603677358743,2
Kang_IFN_beta,stim,trrust_dorothea_intersection,1,32,HIF1A,ALDOA,ANKRD12,Activation,0.014333601572491446,0.25,0,0.4706750771708642,0.4465172460072618,0.3272044020936872,0.3266675614011626,0.1725942826466258,0.1448127768084841,32
Kang_IFN_beta,stim,trrust_dorothea_intersection,1,88,JUN,SPI1,GPX1,Activation,0.05965369522316513,0.25,0,0.7403033149912851,0.7299691316601843,0.3172728492819825,0.3104281304522941,0.2003757884847679,0.1441417259428286,93
Kang_IFN_beta,stim,trrust_dorothea_intersection,1,282,YBX1,SUMO1,PPIA,Repression,0.017125440077087287,0.25,0,0.3804858408267458,0.4073278754529715,0.3085491880284581,0.3094886592403761,1.614548382767453,0.6789692658703417,315
Kang_IFN_beta,stim,trrust_dorothea_intersection,1,127,NFKB1,CD69,CD3D,Activation,0.044730908491619745,0.25,0,0.6313246544088097,0.5588511609180072,0.307475506643409,0.3053281438733107,0.1209233659911441,0.095155012749968,138
Kang_IFN_beta,stim,trrust_dorothea_intersection,1,171,RELA,CD69,MNDA,Activation,0.045511641195590424,0.25,0,0.6313246544088097,0.6503824989934303,0.307475506643409,0.3023755200644255,0.0654945644879882,0.0603945779090054,191
Kang_IFN_beta,stim,trrust_dorothea_intersection,1,216,SPI1,MNDA,CD69,Activation,0.045511641195590424,0.25,0,0.6503824989934303,0.6313246544088097,0.3023755200644255,0.307475506643409,0.7403033149912851,0.3172728492819825,241
Kang_IFN_beta,stim,trrust_dorothea_intersection,1,7,ATF4,CEBPB,GBP5,Activation,0.018181334563334706,0.25,0,0.5074486646087883,0.5218091531338195,0.2915044960408028,0.2933834384646389,0.1366259562474854,0.1138102268151951,7
Kang_IFN_beta,stim,trrust_dorothea_intersection,1,17,CEBPB,XBP1,RPS27L,Activation,0.008347030628243622,0.25,0,0.4156489061871,0.412427862031954,0.2831834653066719,0.2841229365185899,0.5074486646087883,0.2915044960408028,17
Kang_IFN_beta,stim,trrust_dorothea_intersection,1,200,RORA,TUBA1B,PPA1,Activation,0.023661702267920123,0.25,0,0.4203462622466894,0.4278620319420324,0.2673466648771969,0.2700308683398198,0.0785129512817076,0.0661656153536439,225
Kang_IFN_beta,stim,trrust_dorothea_intersection,1,61,IRF1,IRF2,C5ORF56,Activation,0.015018004847173048,0.25,0,0.3865252986176447,0.3600858945108124,0.2692256073010329,0.2689571869547706,0.5240907260770497,0.3422359414843753,62
Kang_IFN_beta,stim,trrust_dorothea_intersection,1,191,RELA,PLAUR,CAPG,Activation,0.02943362760691332,0.25,0,0.5368406925245025,0.4906723929673973,0.2537914373909514,0.2554019594685251,0.0654945644879882,0.0603945779090054,213
Kang_IFN_beta,stim,trrust_dorothea_intersection,1,223,STAT1,BAX,EIF4G2,Activation,0.00583204810911953,0.25,0,0.330693866595095,0.3211649443027848,0.2509730237551973,0.2512414441014596,0.6730640182525867,0.4341699100792089,248
Kang_IFN_beta,stim,trrust_dorothea_intersection,1,147,NFKB1,PLAUR,CFD,Activation,0.046742869602695455,0.25,0,0.5368406925245025,0.5440880418735814,0.2537914373909514,0.2484230304657059,0.1209233659911441,0.095155012749968,160
Kang_IFN_beta,stim,trrust_dorothea_intersection,1,27,CREB1,UXT,PSMB7,Activation,0.0036547090840319627,0.25,0,0.3102939202791625,0.3164675882431941,0.2545966984297382,0.2544624882566071,0.0616024694671855,0.0559656421956783,27
Kang_IFN_beta,stim,trrust_dorothea_intersection,1,85,JUN,PLAUR,CD38,Activation,0.042080556484980804,0.25,0,0.5368406925245025,0.4628908871292542,0.2537914373909514,0.2529861763521645,0.2003757884847679,0.1441417259428286,90
Kang_IFN_beta,stim,trrust_dorothea_intersection,1,3,ATF1,PLAUR,CD38,Activation,0.042080556484980804,0.25,0,0.5368406925245025,0.4628908871292542,0.2537914373909514,0.2529861763521645,0.0648235136223326,0.0602603677358743,3
Kang_IFN_beta,stim,trrust_dorothea_intersection,1,92,JUND,PLAUR,ATF5,Activation,0.04402321790725849,0.25,0,0.5368406925245025,0.4745671721916609,0.2537914373909514,0.2507046034089351,0.0667024560461684,0.0613340491209233,98
Kang_IFN_beta,stim,trrust_dorothea_intersection,1,163,RELA,BAX,EIF4G2,Repression,0.00583204810911953,0.25,0,0.330693866595095,0.3211649443027848,0.2509730237551973,0.2512414441014596,0.0654945644879882,0.0603945779090054,180
Kang_IFN_beta,stim,trrust_dorothea_intersection,1,33,HIF1A,BAX,RAP1A,Activation,0.006432412697567806,0.25,0,0.330693866595095,0.3194202120520789,0.2509730237551973,0.2508388135820662,0.1725942826466258,0.1448127768084841,33
Kang_IFN_beta,stim,trrust_dorothea_intersection,1,190,RELA,OPTN,FBXO6,Activation,0.0115198621918212,0.25,0,0.3227754663803567,0.3050597235270473,0.2323178096899719,0.2329888605556275,0.0654945644879882,0.0603945779090054,212
Kang_IFN_beta,stim,trrust_dorothea_intersection,1,226,STAT1,CD86,CFP,Activation,0.05844556882352253,0.25,0,0.4661119312844,0.4887934505435597,0.2272178231109895,0.2337941215944142,0.6730640182525867,0.4341699100792089,253
Kang_IFN_beta,stim,trrust_dorothea_intersection,1,220,SPI1,SCARB2,MANF,Activation,0.02731576946583729,0.25,0,0.3654543014360565,0.3319017581532734,0.2288283451885629,0.2265467722453339,0.7403033149912851,0.3172728492819825,245
Kang_IFN_beta,stim,trrust_dorothea_intersection,1,80,JUN,EZR,RNPS1,Activation,0.01612296287117559,0.25,0,0.3136491746074409,0.2855992484230329,0.2354046436719876,0.235807274191381,0.2003757884847679,0.1441417259428286,85
Kang_IFN_beta,stim,trrust_dorothea_intersection,1,21,CREB1,HLA-DQB1,AIF1,Activation,0.043140563105867565,0.25,0,0.5133539122265548,0.50905918668636,0.231244128304923,0.2362099047107743,0.0616024694671855,0.0559656421956783,21
Kang_IFN_beta,stim,trrust_dorothea_intersection,1,173,RELA,CD86,HLA-DQB1,Activation,0.04384595691276103,0.25,0,0.4661119312844,0.5133539122265548,0.2272178231109895,0.231244128304923,0.0654945644879882,0.0603945779090054,194
Kang_IFN_beta,stim,trrust_dorothea_intersection,1,130,NFKB1,CD86,HLA-DQB1,Activation,0.04384595691276103,0.25,0,0.4661119312844,0.5133539122265548,0.2272178231109895,0.231244128304923,0.1209233659911441,0.095155012749968,142
Kang_IFN_beta,stim,trrust_dorothea_intersection,1,289,YY1,GNAS,HTATIP2,Activation,0.008677787394553509,0.25,0,0.297812374177967,0.282915044960411,0.2282915044960385,0.2280230841497762,0.1108576030063096,0.0962286941350171,322
Kang_IFN_beta,stim,trrust_dorothea_intersection,1,224,STAT1,CCR1,CD300E,Activation,0.028721560018324183,0.25,0,0.390283183465314,0.3717621795732192,0.218494161857467,0.2154073278754513,0.6730640182525867,0.4341699100792089,251
Kang_IFN_beta,stim,trrust_dorothea_intersection,1,111,MYC,NOL7,TMEM219,Activation,0.00940838351865055,0.25,0,0.2727150718024435,0.2882834518856553,0.2198362635887781,0.2194336330693848,0.3137833847805695,0.1462890887129264,118
Kang_IFN_beta,stim,trrust_dorothea_intersection,1,117,NFKB1,ALOX5AP,RGCC,Activation,0.05244596242429932,0.25,0,0.4493356596430084,0.3655885116091862,0.2154073278754513,0.212723124412829,0.1209233659911441,0.095155012749968,124
Kang_IFN_beta,stim,trrust_dorothea_intersection,1,251,STAT1,UPP1,ABRACL,Activation,0.00735840690172877,0.25,0,0.2719098107636573,0.2603677358743796,0.2090994497382888,0.2095020802576822,0.6730640182525867,0.4341699100792089,281
Kang_IFN_beta,stim,trrust_dorothea_intersection,1,241,STAT1,MVP,PNPT1,Activation,0.011832094029164688,0.25,0,0.2595624748355929,0.2497651321970195,0.2066836666219287,0.2078915581801088,0.6730640182525867,0.4341699100792089,269
Kang_IFN_beta,stim,trrust_dorothea_intersection,1,172,RELA,CD83,DEFB1,Activation,0.04054165282106584,0.25,0,0.5036907797611143,0.4580593208965319,0.2041336733324375,0.2077573480069777,0.0654945644879882,0.0603945779090054,193
Kang_IFN_beta,stim,trrust_dorothea_intersection,1,129,NFKB1,CD83,DEFB1,Activation,0.04054165282106584,0.25,0,0.5036907797611143,0.4580593208965319,0.2041336733324375,0.2077573480069777,0.1209233659911441,0.095155012749968,141
Kang_IFN_beta,stim,trrust_dorothea_intersection,1,113,MYC,PMAIP1,HAVCR2,Activation,0.010607410125278017,0.25,0,0.3274728224399464,0.3132465440880465,0.1991678969265862,0.1983626358877995,0.3137833847805695,0.1462890887129264,120
Kang_IFN_beta,stim,trrust_dorothea_intersection,1,41,HIF1A,NR3C1,CDC37,Activation,0.009891613798549172,0.25,0,0.2666756140115434,0.2541940679103474,0.202388941081733,0.2015836800429463,0.1725942826466258,0.1448127768084841,41
Kang_IFN_beta,stim,trrust_dorothea_intersection,1,292,YY1,NR3C1,DBNL,Activation,0.010944064251365695,0.25,0,0.2666756140115434,0.2536572272178226,0.202388941081733,0.2033284122936508,0.1108576030063096,0.0962286941350171,325
Kang_IFN_beta,stim,trrust_dorothea_intersection,1,225,STAT1,CD40,BRI3,Activation,0.026591793126118732,0.25,0,0.3061334049120961,0.272312441283051,0.195410012078915,0.1932626493088171,0.6730640182525867,0.4341699100792089,252
Kang_IFN_beta,stim,trrust_dorothea_intersection,1,231,STAT1,FCGRT,CREG1,Repression,0.018740200779951623,0.25,0,0.2855992484230337,0.3117702321836039,0.1912494967118504,0.1899073949805392,0.6730640182525867,0.4341699100792089,259
Kang_IFN_beta,stim,trrust_dorothea_intersection,1,208,SPI1,CD40,MGAT1,Activation,0.025825229572095106,0.25,0,0.3061334049120961,0.2704334988592155,0.195410012078915,0.1972889545027506,0.7403033149912851,0.3172728492819825,233
Kang_IFN_beta,stim,trrust_dorothea_intersection,1,169,RELA,CD40,VIMP,Activation,0.029653297717370946,0.25,0,0.3061334049120961,0.2536572272178227,0.195410012078915,0.1958126425983083,0.0654945644879882,0.0603945779090054,189
Kang_IFN_beta,stim,trrust_dorothea_intersection,1,125,NFKB1,CD40,SERPINA1,Activation,0.023115262736920862,0.25,0,0.3061334049120961,0.3372701650785185,0.195410012078915,0.1936652798282105,0.1209233659911441,0.095155012749968,136
Kang_IFN_beta,stim,trrust_dorothea_intersection,1,54,IRF1,CD40,SERPINA1,Activation,0.023115262736920862,0.25,0,0.3061334049120961,0.3372701650785185,0.195410012078915,0.1936652798282105,0.5240907260770497,0.3422359414843753,54
Kang_IFN_beta,stim,trrust_dorothea_intersection,1,248,STAT1,STAT3,RAB2A,Activation,0.007636912848854406,0.25,0,0.2312441283049252,0.2257415112065493,0.1872231915179169,0.1864179304791302,0.6730640182525867,0.4341699100792089,277
Kang_IFN_beta,stim,trrust_dorothea_intersection,1,199,RELB,CD40,SERPINA1,Activation,0.023115262736920862,0.25,0,0.3061334049120961,0.3372701650785185,0.195410012078915,0.1936652798282105,0.1350154341699122,0.1156891692390309,224
Kang_IFN_beta,stim,trrust_dorothea_intersection,1,31,HBP1,NCF1,CREG1,Repression,0.03965340598499605,0.25,0,0.3548516977586948,0.3117702321836039,0.1935310696550793,0.1899073949805392,0.2289625553616961,0.1869547711716546,31
Kang_IFN_beta,stim,trrust_dorothea_intersection,1,29,CREM,DUSP1,FCGRT,Repression,0.025530705011031427,0.25,0,0.3310964971144854,0.2855992484230337,0.1912494967118504,0.1912494967118504,1.111394443698838,0.5016776271641737,29
Kang_IFN_beta,stim,trrust_dorothea_intersection,1,221,SPI1,STAT3,MTCH1,Activation,0.0067354367855526065,0.25,0,0.2312441283049252,0.2372835860958257,0.1872231915179169,0.1878942423835725,0.7403033149912851,0.3172728492819825,246
Kang_IFN_beta,stim,trrust_dorothea_intersection,1,195,RELA,STAT3,MTCH1,Activation,0.0067354367855526065,0.25,0,0.2312441283049252,0.2372835860958257,0.1872231915179169,0.1878942423835725,0.0654945644879882,0.0603945779090054,219
Kang_IFN_beta,stim,trrust_dorothea_intersection,1,211,SPI1,CYBB,LILRB2,Activation,0.01601096987853436,0.25,0,0.2737887531874944,0.2983492148704906,0.1811837337270166,0.1821232049389345,0.7403033149912851,0.3172728492819825,236
Kang_IFN_beta,stim,trrust_dorothea_intersection,1,233,STAT1,HMOX1,LILRB2,Activation,0.06703509314148104,0.25,0,0.3822305730774444,0.2983492148704906,0.1766205878405587,0.1821232049389345,0.6730640182525867,0.4341699100792089,261
Kang_IFN_beta,stim,trrust_dorothea_intersection,1,55,IRF1,CYBB,AES,Activation,0.022626030730256975,0.25,0,0.2737887531874944,0.2343309622869415,0.1811837337270166,0.1806468930344922,0.5240907260770497,0.3422359414843753,56
Kang_IFN_beta,stim,trrust_dorothea_intersection,1,69,IRF8,CYBB,IFNGR2,Activation,0.01631535721866745,0.25,0,0.2737887531874944,0.2751308549188053,0.1811837337270166,0.179304791303181,0.3143202254730948,0.1598443161991692,73
Kang_IFN_beta,stim,trrust_dorothea_intersection,1,138,NFKB1,HMOX1,IFNGR2,Activation,0.06445120841257765,0.25,0,0.3822305730774444,0.2751308549188053,0.1766205878405587,0.179304791303181,0.1209233659911441,0.095155012749968,151
Kang_IFN_beta,stim,trrust_dorothea_intersection,1,263,STAT3,HMOX1,RGS1,Activation,0.01826260058001645,0.25,0,0.3822305730774444,0.3497517111797127,0.1766205878405587,0.1764863776674276,0.2312441283049252,0.1872231915179169,294
Kang_IFN_beta,stim,trrust_dorothea_intersection,1,22,CREB1,HMOX1,LILRB2,Activation,0.06703509314148104,0.25,0,0.3822305730774444,0.2983492148704906,0.1766205878405587,0.1821232049389345,0.0616024694671855,0.0559656421956783,22
Kang_IFN_beta,stim,trrust_dorothea_intersection,1,283,YY1,APH1A,SNF8,Activation,0.00932073303125297,0.25,0,0.203596832639914,0.2029257817742585,0.1750100657629853,0.1739363843779364,0.1108576030063096,0.0962286941350171,316
Kang_IFN_beta,stim,trrust_dorothea_intersection,1,116,NFE2L2,HMOX1,SERPING1,Activation,0.06809920688906183,0.25,0,0.3822305730774444,0.263454569856397,0.1766205878405587,0.1782311099181321,0.4290699235002145,0.3050597235270484,123
Kang_IFN_beta,stim,trrust_dorothea_intersection,1,11,BACH1,HMOX1,HLA-DMA,Repression,0.047502837185578316,0.25,0,0.3822305730774444,0.3324385988457969,0.1766205878405587,0.1810495235538855,0.0675077170849551,0.0583814253120386,11
Kang_IFN_beta,stim,trrust_dorothea_intersection,1,25,CREB1,PPP2CA,WDR1,Activation,0.004111742594907535,0.25,0,0.2022547309086025,0.208294188699504,0.1731311233391497,0.1733995436854119,0.0616024694671855,0.0559656421956783,25
Kang_IFN_beta,stim,trrust_dorothea_intersection,1,60,IRF1,IL27,CCRL2,Activation,0.0188027739908393,0.25,0,0.3027781505838178,0.2725808616293132,0.1681653469332984,0.1672258757213806,0.5240907260770497,0.3422359414843753,61
Kang_IFN_beta,stim,trrust_dorothea_intersection,1,239,STAT1,IRF8,DDIT4,Activation,0.018679304819159907,0.25,0,0.3143202254730948,0.2854650382499018,0.1598443161991692,0.1587706348141202,0.6730640182525867,0.4341699100792089,267
Kang_IFN_beta,stim,trrust_dorothea_intersection,1,72,IRF9,IL27,IFI30,Repression,0.03204121257758785,0.25,0,0.3027781505838178,0.2524493356596439,0.1681653469332984,0.1664206146825939,0.1795732116494438,0.1536706482351378,76
Kang_IFN_beta,stim,trrust_dorothea_intersection,1,218,SPI1,NCF2,LPAR6,Activation,0.008315714541034873,0.25,0,0.2316467588243196,0.2286941350154347,0.1605153670648247,0.1595758958529069,0.7403033149912851,0.3172728492819825,243
Kang_IFN_beta,stim,trrust_dorothea_intersection,1,101,MYC,DDX18,RPA2,Activation,0.006576941763936712,0.25,0,0.1878942423835732,0.1779626895718703,0.1590390551603825,0.1594416856797758,0.3137833847805695,0.1462890887129264,108
Kang_IFN_beta,stim,trrust_dorothea_intersection,1,70,IRF8,NCF2,LPAR6,Activation,0.008315714541034873,0.25,0,0.2316467588243196,0.2286941350154347,0.1605153670648247,0.1595758958529069,0.3143202254730948,0.1598443161991692,74
Kang_IFN_beta,stim,trrust_dorothea_intersection,1,15,CEBPB,TNFAIP6,S100A8,Activation,0.005890443313699945,0.25,0,0.5342906992350067,0.5326801771574332,0.1623943094886604,0.1617232586230048,0.5074486646087883,0.2915044960408028,15
Kang_IFN_beta,stim,trrust_dorothea_intersection,1,247,STAT1,STAT2,SEC11C,Activation,0.004119107730705026,0.25,0,0.1823916252851973,0.1862837203059997,0.1539390685814,0.1543416991007934,0.6730640182525867,0.4341699100792089,276
Kang_IFN_beta,stim,trrust_dorothea_intersection,1,246,STAT1,SOCS3,RIPK2,Activation,0.002328280850568909,0.25,0,0.2076231378338481,0.2076231378338486,0.1531338075426133,0.1534022278888756,0.6730640182525867,0.4341699100792089,275
Kang_IFN_beta,stim,trrust_dorothea_intersection,1,9,ATF4,DDIT4,PTGER2,Activation,0.029155767605017674,0.25,0,0.2854650382499018,0.2423835726748096,0.1587706348141202,0.1568916923902846,0.1366259562474854,0.1138102268151951,9
Kang_IFN_beta,stim,trrust_dorothea_intersection,1,242,STAT1,PIM1,LPXN,Activation,0.0055054954516627185,0.25,0,0.1980942155415387,0.1928600187894248,0.1505838142531221,0.1500469735605977,0.6730640182525867,0.4341699100792089,270
Kang_IFN_beta,stim,trrust_dorothea_intersection,1,192,RELA,RIPK2,ZEB2,Activation,0.009317994280728598,0.25,0,0.2076231378338486,0.208159978526373,0.1534022278888756,0.1523285465038266,0.0654945644879882,0.0603945779090054,214
Kang_IFN_beta,stim,trrust_dorothea_intersection,1,148,NFKB1,RIPK2,SPOCK2,Activation,0.012943218025341489,0.25,0,0.2076231378338486,0.2042678835055704,0.1534022278888756,0.1548785397933179,0.1209233659911441,0.095155012749968,161
Kang_IFN_beta,stim,trrust_dorothea_intersection,1,150,NFKB1,SOCS3,PHB,Activation,0.010382588996051495,0.25,0,0.2076231378338481,0.1939337001744737,0.1531338075426133,0.1523285465038266,0.1209233659911441,0.095155012749968,163
Kang_IFN_beta,stim,trrust_dorothea_intersection,1,193,RELA,SOCS3,SNRPD1,Activation,0.011536835509746697,0.25,0,0.2076231378338481,0.1880284525567045,0.1531338075426133,0.15273117702322,0.0654945644879882,0.0603945779090054,216
Kang_IFN_beta,stim,trrust_dorothea_intersection,1,274,STAT3,SOCS3,ZEB2,Activation,0.006991335736596985,0.25,0,0.2076231378338481,0.208159978526373,0.1531338075426133,0.1523285465038266,0.2312441283049252,0.1872231915179169,306
Kang_IFN_beta,stim,trrust_dorothea_intersection,1,170,RELA,CD58,CMTM7,Activation,0.00667041226001558,0.25,0,0.1947389612132609,0.1835995168433775,0.1511206549456466,0.1508522345993844,0.0654945644879882,0.0603945779090054,190
Kang_IFN_beta,stim,trrust_dorothea_intersection,1,126,NFKB1,CD58,PIM1,Activation,0.005022796554165549,0.25,0,0.1947389612132609,0.1980942155415387,0.1511206549456466,0.1505838142531221,0.1209233659911441,0.095155012749968,137
Kang_IFN_beta,stim,trrust_dorothea_intersection,1,272,STAT3,PIM1,CD58,Activation,0.005022796554165549,0.25,0,0.1980942155415387,0.1947389612132609,0.1505838142531221,0.1511206549456466,0.2312441283049252,0.1872231915179169,303
Kang_IFN_beta,stim,trrust_dorothea_intersection,1,62,IRF1,PSMB10,LSM7,Activation,0.00645332181082489,0.25,0,0.1680311367601677,0.1729969131660189,0.1487048718292865,0.1480338209636309,0.5240907260770497,0.3422359414843753,63
Kang_IFN_beta,stim,trrust_dorothea_intersection,1,187,RELA,MYC,CLEC4E,Activation,0.02994296255744231,0.25,0,0.3137833847805695,0.2802308414977878,0.1462890887129264,0.1436048852503041,0.0654945644879882,0.0603945779090054,209
Kang_IFN_beta,stim,trrust_dorothea_intersection,1,145,NFKB1,MYC,PDE4DIP,Activation,0.054839358422201216,0.25,0,0.3137833847805695,0.2160783787411093,0.1462890887129264,0.1464232988860575,0.1209233659911441,0.095155012749968,158
Kang_IFN_beta,stim,trrust_dorothea_intersection,1,270,STAT3,MYC,SGTB,Activation,0.054324435094498635,0.25,0,0.3137833847805695,0.2197020534156502,0.1462890887129264,0.1477654006173687,0.2312441283049252,0.1872231915179169,301
Kang_IFN_beta,stim,trrust_dorothea_intersection,1,291,YY1,MYC,SGTB,Repression,0.054324435094498635,0.25,0,0.3137833847805695,0.2197020534156502,0.1462890887129264,0.1477654006173687,0.1108576030063096,0.0962286941350171,324
Kang_IFN_beta,stim,trrust_dorothea_intersection,1,82,JUN,MYC,SYNGR2,Activation,0.055639889495007915,0.25,0,0.3137833847805695,0.2237283586095833,0.1462890887129264,0.1436048852503041,0.2003757884847679,0.1441417259428286,87
Kang_IFN_beta,stim,trrust_dorothea_intersection,1,181,RELA,HIF1A,MORF4L2,Activation,0.0014309244696448804,0.25,0,0.1725942826466258,0.1700442893571343,0.1448127768084841,0.1448127768084841,0.0654945644879882,0.0603945779090054,203
Kang_IFN_beta,stim,trrust_dorothea_intersection,1,95,LEF1,MYC,CLEC4E,Activation,0.02994296255744231,0.25,0,0.3137833847805695,0.2802308414977878,0.1462890887129264,0.1436048852503041,0.140920681787681,0.1103207623137857,102
Kang_IFN_beta,stim,trrust_dorothea_intersection,1,136,NFKB1,HIF1A,CHTOP,Activation,0.004041262071330989,0.25,0,0.1725942826466258,0.1689706079720855,0.1448127768084841,0.1444101462890908,0.1209233659911441,0.095155012749968,149
Kang_IFN_beta,stim,trrust_dorothea_intersection,1,262,STAT3,HIF1A,MORF4L2,Activation,0.0014309244696448804,0.25,0,0.1725942826466258,0.1700442893571343,0.1448127768084841,0.1448127768084841,0.2312441283049252,0.1872231915179169,293
Kang_IFN_beta,stim,trrust_dorothea_intersection,1,168,RELA,CCR5,SYNGR2,Activation,0.008398852083493944,0.25,0,0.2201046839350429,0.2237283586095833,0.1426654140383863,0.1436048852503041,0.0654945644879882,0.0603945779090054,188
Kang_IFN_beta,stim,trrust_dorothea_intersection,1,23,CREB1,JUN,SYNGR2,Repression,0.013907015622517222,0.25,0,0.2003757884847679,0.2237283586095833,0.1441417259428286,0.1436048852503041,0.0616024694671855,0.0559656421956783,23
Kang_IFN_beta,stim,trrust_dorothea_intersection,1,96,MEF2A,JUN,CD59,Activation,0.011728335464667995,0.25,0,0.2003757884847679,0.1853442490940818,0.1441417259428286,0.1432022547309107,0.0814655750905926,0.0738155952221183,103
Kang_IFN_beta,stim,trrust_dorothea_intersection,1,16,CEBPB,TOP1,DNAJC7,Activation,0.0011665739578517304,0.25,0,0.1678969265870369,0.1677627164139054,0.1430680445577796,0.1429338343846485,0.5074486646087883,0.2915044960408028,16
Kang_IFN_beta,stim,trrust_dorothea_intersection,1,244,STAT1,PML,ABT1,Activation,0.003941433282695974,0.25,0,0.1617232586230053,0.1550127499664489,0.1350154341699126,0.1348812239967815,0.6730640182525867,0.4341699100792089,272
Kang_IFN_beta,stim,trrust_dorothea_intersection,1,254,STAT2,PML,RBM17,Activation,0.002786537125097949,0.25,0,0.1617232586230053,0.1567574822171534,0.1350154341699126,0.1350154341699126,0.1823916252851973,0.1539390685814,284
Kang_IFN_beta,stim,trrust_dorothea_intersection,1,73,IRF9,PML,BTG3,Activation,0.004717070469283025,0.25,0,0.1617232586230053,0.1603811568916938,0.1350154341699126,0.1355522748624371,0.1795732116494438,0.1536706482351378,77
Kang_IFN_beta,stim,trrust_dorothea_intersection,1,227,STAT1,CDKN1A,ITM2A,Activation,0.009910590444248826,0.25,0,0.1634679908737094,0.1695074486646098,0.1242786203194233,0.1253523017044723,0.6730640182525867,0.4341699100792089,254
Kang_IFN_beta,stim,trrust_dorothea_intersection,1,98,MYC,CDKN1A,GRINA,Repression,0.008661105551733059,0.25,0,0.1634679908737094,0.1543416991007935,0.1242786203194233,0.1234733592806365,0.3137833847805695,0.1462890887129264,105
Kang_IFN_beta,stim,trrust_dorothea_intersection,1,222,SPI1,WAS,NCOA7,Activation,0.0011641404252840104,0.25,0,0.1505838142531219,0.1505838142531216,0.122936518588112,0.1230707287612431,0.7403033149912851,0.3172728492819825,247
Kang_IFN_beta,stim,trrust_dorothea_intersection,1,174,RELA,CDKN1A,SMIM14,Activation,0.0036312092846144508,0.25,0,0.1634679908737094,0.1684337672795609,0.1242786203194233,0.1245470406656855,0.0654945644879882,0.0603945779090054,195
Kang_IFN_beta,stim,trrust_dorothea_intersection,1,258,STAT3,CDKN1A,FKBP4,Activation,0.0024712725287396086,0.25,0,0.1634679908737094,0.1649443027781519,0.1242786203194233,0.1245470406656855,0.2312441283049252,0.1872231915179169,289
Kang_IFN_beta,stim,trrust_dorothea_intersection,1,201,RUNX3,CASP8,SLU7,Activation,0.002621619780685797,0.25,0,0.1440075157696971,0.1418601529995993,0.1245470406656855,0.1248154610119478,0.0746208562609051,0.0675077170849552,226
Kang_IFN_beta,stim,trrust_dorothea_intersection,1,76,JUN,CDKN1A,ITM2A,Activation,0.009910590444248826,0.25,0,0.1634679908737094,0.1695074486646098,0.1242786203194233,0.1253523017044723,0.2003757884847679,0.1441417259428286,81
Kang_IFN_beta,stim,trrust_dorothea_intersection,1,13,CEBPB,CDKN1A,SMIM14,Activation,0.0036312092846144508,0.25,0,0.1634679908737094,0.1684337672795609,0.1242786203194233,0.1245470406656855,0.5074486646087883,0.2915044960408028,13
Kang_IFN_beta,stim,trrust_dorothea_intersection,1,28,CREM,CD247,NCOA7,Repression,0.0035834003931228507,0.25,0,0.1566232720440224,0.1505838142531216,0.122936518588112,0.1230707287612431,1.111394443698838,0.5016776271641737,28
Kang_IFN_beta,stim,trrust_dorothea_intersection,1,271,STAT3,MYD88,UBE2E1,Activation,0.002541634385775735,0.25,0,0.1409206817876812,0.136894376593748,0.1201181049523582,0.1199838947792271,0.2312441283049252,0.1872231915179169,302
Kang_IFN_beta,stim,trrust_dorothea_intersection,1,87,JUN,RELB,ARGLU1,Activation,0.004705633676180214,0.25,0,0.1350154341699122,0.1338075426117321,0.1156891692390309,0.1162260099315554,0.2003757884847679,0.1441417259428286,92
Kang_IFN_beta,stim,trrust_dorothea_intersection,1,107,MYC,ID2,IRG1,Activation,0.02911966186204851,0.25,0,0.2201046839350426,0.1954100120789162,0.1134075962958017,0.1104549724869169,0.3137833847805695,0.1462890887129264,114
Kang_IFN_beta,stim,trrust_dorothea_intersection,1,118,NFKB1,ATF3,CDK2AP2,Activation,0.008097136848711987,0.25,0,0.1528653871963508,0.1398470004026322,0.1140786471614574,0.113676016642064,0.1209233659911441,0.095155012749968,125
Kang_IFN_beta,stim,trrust_dorothea_intersection,1,74,JUN,ATF3,FNDC3B,Activation,0.006133176004316884,0.25,0,0.1528653871963508,0.1457522480204016,0.1140786471614574,0.1146154878539819,0.2003757884847679,0.1441417259428286,78
Kang_IFN_beta,stim,trrust_dorothea_intersection,1,6,ATF4,ATF3,TXNRD1,Activation,0.001656859912220348,0.25,0,0.1528653871963508,0.1558180110052356,0.1140786471614574,0.1140786471614574,0.1366259562474854,0.1138102268151951,6
Kang_IFN_beta,stim,trrust_dorothea_intersection,1,94,KLF6,ATF3,FNDC3B,Activation,0.006133176004316884,0.25,0,0.1528653871963508,0.1457522480204016,0.1140786471614574,0.1146154878539819,0.9133002281572968,0.4415514696014219,100
Kang_IFN_beta,stim,trrust_dorothea_intersection,1,203,RUNX3,ICAM3,ARPC1A,Repression,0.003244314124788721,0.25,0,0.1297812374177985,0.1257549322238651,0.1124681250838838,0.1121997047376215,0.0746208562609051,0.0675077170849552,228
Kang_IFN_beta,stim,trrust_dorothea_intersection,1,50,HSF1,STIP1,FYN,Activation,0.0024099780541386403,0.25,0,0.1371627969400098,0.1414575224802058,0.1121997047376215,0.1121997047376215,0.0640182525835458,0.0601261575627432,50
Kang_IFN_beta,stim,trrust_dorothea_intersection,1,213,SPI1,HCK,CTSH,Activation,0.006986466413685071,0.25,0,0.1415917326533368,0.1413233123070746,0.1101865521406546,0.1093812911018678,0.7403033149912851,0.3172728492819825,238
Kang_IFN_beta,stim,trrust_dorothea_intersection,1,259,STAT3,COPS5,PAK2,Activation,0.0025878682973476137,0.25,0,0.1221312575493246,0.1201181049523578,0.1092470809287367,0.1095155012749989,0.2312441283049252,0.1872231915179169,290
Kang_IFN_beta,stim,trrust_dorothea_intersection,1,79,JUN,DDIT3,YIPF5,Activation,0.0025257548654674376,0.25,0,0.1288417662058806,0.127097033955176,0.1072339283317697,0.1069655079855075,0.2003757884847679,0.1441417259428286,84
Kang_IFN_beta,stim,trrust_dorothea_intersection,1,8,ATF4,DDIT3,C1GALT1,Activation,0.004230176589032412,0.25,0,0.1288417662058806,0.1215944168568001,0.1072339283317697,0.1070997181586386,0.1366259562474854,0.1138102268151951,8
Kang_IFN_beta,stim,trrust_dorothea_intersection,1,5,ATF3,DDIT3,ASF1A,Activation,0.0038655130496161997,0.25,0,0.1288417662058806,0.1258891423969959,0.1072339283317697,0.1068312978123763,0.1528653871963508,0.1140786471614574,5
Kang_IFN_beta,stim,trrust_dorothea_intersection,1,219,SPI1,P2RY10,FKBP3,Activation,0.0029371607534814242,0.25,0,0.1205207354717508,0.115286538719637,0.1014628908871311,0.1014628908871311,0.7403033149912851,0.3172728492819825,244
Kang_IFN_beta,stim,trrust_dorothea_intersection,1,119,NFKB1,BCL2A1,IDI1,Activation,0.01970716641347937,0.25,0,0.1595758958529066,0.1260233525701269,0.1010602603677377,0.1017313112333934,0.1209233659911441,0.095155012749968,127
Kang_IFN_beta,stim,trrust_dorothea_intersection,1,120,NFKB1,BIRC2,OS9,Activation,0.0027328440418278852,0.25,0,0.1128707556032767,0.1154207488927679,0.100254999328951,0.0999865789826887,0.1209233659911441,0.095155012749968,128
Kang_IFN_beta,stim,trrust_dorothea_intersection,1,164,RELA,BCL2A1,REL,Activation,0.01575705326709066,0.25,0,0.1595758958529066,0.1406522614414189,0.1010602603677377,0.0997181586364264,0.0654945644879882,0.0603945779090054,181
Kang_IFN_beta,stim,trrust_dorothea_intersection,1,165,RELA,BIRC2,CLTB,Activation,0.0020870174459171288,0.25,0,0.1128707556032767,0.1159575895852927,0.100254999328951,0.1003892095020821,0.0654945644879882,0.0603945779090054,182
Kang_IFN_beta,stim,trrust_dorothea_intersection,1,114,MYC,PRDX3,CDC123,Activation,0.00022593544257551446,0.25,0,0.1089786605824741,0.1085760300630807,0.0983760569051151,0.0983760569051151,0.3137833847805695,0.1462890887129264,121
Kang_IFN_beta,stim,trrust_dorothea_intersection,1,12,CEBPB,ADM,GPR137B,Activation,0.008120679175822555,0.25,0,0.1440075157696967,0.1513890752919082,0.0994497382901642,0.100254999328951,0.5074486646087883,0.2915044960408028,12
Kang_IFN_beta,stim,trrust_dorothea_intersection,1,153,NFKB1,TNFAIP3,POLR2K,Activation,0.0017868711765001068,0.25,0,0.1112602335257031,0.1088444504093428,0.097168165346935,0.0970339551738038,0.1209233659911441,0.095155012749968,168
Kang_IFN_beta,stim,trrust_dorothea_intersection,1,196,RELA,TNFAIP3,PDCL3,Activation,0.002328280850568132,0.25,0,0.1112602335257031,0.111260233525703,0.097168165346935,0.0974365856931972,0.0654945644879882,0.0603945779090054,221
Kang_IFN_beta,stim,trrust_dorothea_intersection,1,152,NFKB1,TLR2,CXORF21,Activation,0.0036705826476631184,0.25,0,0.1214602066836685,0.1234733592806354,0.0963629043081482,0.0959602737887548,0.1209233659911441,0.095155012749968,167
Kang_IFN_beta,stim,trrust_dorothea_intersection,1,162,REL,TNFAIP3,POLR2K,Activation,0.0017868711765001068,0.25,0,0.1112602335257031,0.1088444504093428,0.097168165346935,0.0970339551738038,0.1406522614414189,0.0997181586364264,179
Kang_IFN_beta,stim,trrust_dorothea_intersection,1,46,HIF1A,TLR2,CXORF21,Activation,0.0036705826476631184,0.25,0,0.1214602066836685,0.1234733592806354,0.0963629043081482,0.0959602737887548,0.1725942826466258,0.1448127768084841,46
Kang_IFN_beta,stim,trrust_dorothea_intersection,1,206,SPI1,ACP5,SGK1,Activation,0.008363661991455187,0.25,0,0.1437390954234346,0.1403838410951564,0.094081331364919,0.0950208025768369,0.7403033149912851,0.3172728492819825,231
Kang_IFN_beta,stim,trrust_dorothea_intersection,1,188,RELA,NFKB1,SRRM2,Activation,0.007624903157328506,0.25,0,0.1209233659911441,0.1088444504093428,0.095155012749968,0.0947523822305746,0.0654945644879882,0.0603945779090054,210
Kang_IFN_beta,stim,trrust_dorothea_intersection,1,257,STAT3,CCND3,PPP4R2,Activation,0.0024749272835589086,0.25,0,0.1116628640450966,0.1077707690242939,0.0959602737887548,0.0960944839618859,0.2312441283049252,0.1872231915179169,288
Kang_IFN_beta,stim,trrust_dorothea_intersection,1,157,RBPJ,NFKB1,SRRM2,Activation,0.007624903157328506,0.25,0,0.1209233659911441,0.1088444504093428,0.095155012749968,0.0947523822305746,0.0860287209770509,0.0773050597235277,173
Kang_IFN_beta,stim,trrust_dorothea_intersection,1,52,IRF1,CASP7,YIF1A,Activation,0.0023476885715179472,0.25,0,0.1029392027915732,0.1034760434840977,0.0911287075560341,0.0913971279022964,0.5240907260770497,0.3422359414843753,52
Kang_IFN_beta,stim,trrust_dorothea_intersection,1,36,HIF1A,FAM162A,C15ORF57,Activation,0.001473761214433751,0.25,0,0.0959602737887544,0.097570795866328,0.0861629311501823,0.0862971413233134,0.1725942826466258,0.1448127768084841,36
Kang_IFN_beta,stim,trrust_dorothea_intersection,1,93,JUND,TGFB1,TAF1D,Activation,0.0017304314993424282,0.25,0,0.098778687424508,0.1010602603677371,0.0846866192457399,0.0845524090726087,0.0667024560461684,0.0613340491209233,99
Kang_IFN_beta,stim,trrust_dorothea_intersection,1,215,SPI1,ITGB2,B3GNT2,Activation,0.0032384080102487584,0.25,0,0.1017313112333927,0.0959602737887544,0.0830760971681663,0.0830760971681663,0.7403033149912851,0.3172728492819825,240
Kang_IFN_beta,stim,trrust_dorothea_intersection,1,286,YY1,DNAJB4,SATB1,Activation,0.009548409045124794,0.25,0,0.1132733861226697,0.0974365856931968,0.0838813582069531,0.0834787276875597,0.1108576030063096,0.0962286941350171,319
Kang_IFN_beta,stim,trrust_dorothea_intersection,1,217,SPI1,MSR1,NFKBIE,Activation,0.004661696982529032,0.25,0,0.1034760434840974,0.0979734263857212,0.0821366259562484,0.0825392564756418,0.7403033149912851,0.3172728492819825,242
Kang_IFN_beta,stim,trrust_dorothea_intersection,1,38,HIF1A,ITGB2,TSEN34,Activation,0.003916214337975295,0.25,0,0.1017313112333927,0.0947523822305742,0.0830760971681663,0.0830760971681663,0.1725942826466258,0.1448127768084841,38
Kang_IFN_beta,stim,trrust_dorothea_intersection,1,288,YY1,FDPS,MRPS34,Repression,0.001310809890342532,0.25,0,0.0942155415380498,0.0931418601530008,0.0829418869950352,0.0830760971681663,0.1108576030063096,0.0962286941350171,321
Kang_IFN_beta,stim,trrust_dorothea_intersection,1,212,SPI1,ERAP2,ECHS1,Activation,0.000979053584493808,0.25,0,0.0893839753053292,0.0876392430546246,0.0802576835324126,0.0802576835324126,0.7403033149912851,0.3172728492819825,237
Kang_IFN_beta,stim,trrust_dorothea_intersection,1,91,JUND,NQO2,C1ORF122,Activation,0.0034956678682989853,0.25,0,0.0982418467319835,0.0979734263857213,0.0805261038786748,0.0809287343980682,0.0667024560461684,0.0613340491209233,97
Kang_IFN_beta,stim,trrust_dorothea_intersection,1,57,IRF1,ERAP2,ATG5,Activation,0.0017868711765001042,0.25,0,0.0893839753053292,0.0869681921889689,0.0802576835324126,0.0801234733592814,0.5240907260770497,0.3422359414843753,58
Kang_IFN_beta,stim,trrust_dorothea_intersection,1,42,HIF1A,PFKFB3,PGD,Activation,0.002424935697504525,0.25,0,0.0927392296336073,0.0939471211917875,0.0789155818011013,0.078647161454839,0.1725942826466258,0.1448127768084841,42
Kang_IFN_beta,stim,trrust_dorothea_intersection,1,230,STAT1,FAS,APMAP,Activation,0.0006024945135345919,0.25,0,0.0876392430546245,0.0887129244396734,0.0750234867802985,0.0750234867802985,0.6730640182525867,0.4341699100792089,258
Kang_IFN_beta,stim,trrust_dorothea_intersection,1,197,RELA,TRAF1,MESDC1,Activation,0.0024087275698100046,0.25,0,0.0895181854784602,0.0857603006307887,0.0764997986847409,0.0763655885116098,0.0654945644879882,0.0603945779090054,222
Kang_IFN_beta,stim,trrust_dorothea_intersection,1,154,NFKB1,TRAF1,C5ORF15,Activation,0.002108730797371311,0.25,0,0.0895181854784602,0.0857603006307887,0.0764997986847409,0.0764997986847409,0.1209233659911441,0.095155012749968,170
Kang_IFN_beta,stim,trrust_dorothea_intersection,1,115,MYC,SRSF1,CCDC82,Activation,0.0006778063277265295,0.25,0,0.0825392564756416,0.0837471480338218,0.0739498053952495,0.0739498053952495,0.3137833847805695,0.1462890887129264,122
Kang_IFN_beta,stim,trrust_dorothea_intersection,1,134,NFKB1,FAS,APMAP,Activation,0.0006024945135345919,0.25,0,0.0876392430546245,0.0887129244396734,0.0750234867802985,0.0750234867802985,0.1209233659911441,0.095155012749968,147
Kang_IFN_beta,stim,trrust_dorothea_intersection,1,287,YY1,FAS,FEZ2,Repression,0.0015211077710309887,0.25,0,0.0876392430546245,0.0858945108039198,0.0750234867802985,0.0748892766071674,0.1108576030063096,0.0962286941350171,320
Kang_IFN_beta,stim,trrust_dorothea_intersection,1,261,STAT3,FAS,APMAP,Repression,0.0006024945135345919,0.25,0,0.0876392430546245,0.0887129244396734,0.0750234867802985,0.0750234867802985,0.2312441283049252,0.1872231915179169,292
Kang_IFN_beta,stim,trrust_dorothea_intersection,1,81,JUN,FAS,APMAP,Activation,0.0006024945135345919,0.25,0,0.0876392430546245,0.0887129244396734,0.0750234867802985,0.0750234867802985,0.2003757884847679,0.1441417259428286,86
Kang_IFN_beta,stim,trrust_dorothea_intersection,1,177,RELA,CXCL2,HSPA1B,Activation,0.02006723394428481,0.25,0,0.1555495906589729,0.1213259965105369,0.0720708629714136,0.071399812105758,0.0654945644879882,0.0603945779090054,199
Kang_IFN_beta,stim,trrust_dorothea_intersection,1,133,NFKB1,CXCL2,CA2,Activation,0.02408776845720818,0.25,0,0.1555495906589729,0.1168970607972097,0.0720708629714136,0.0732787545295938,0.1209233659911441,0.095155012749968,146
Kang_IFN_beta,stim,trrust_dorothea_intersection,1,48,HSF1,HSPA1B,RCBTB2,Activation,0.009113896606021717,0.25,0,0.1213259965105369,0.1056234062541951,0.071399812105758,0.0711313917594957,0.0640182525835458,0.0601261575627432,48
Kang_IFN_beta,stim,trrust_dorothea_intersection,1,281,YBX1,KPNA2,CASP3,Repression,0.0045205521174160775,0.25,0,0.0873708227083621,0.0795866326667568,0.0709971815863646,0.0711313917594957,1.614548382767453,0.6789692658703417,314
Kang_IFN_beta,stim,trrust_dorothea_intersection,1,84,JUN,PDHA1,LBR,Activation,0.001223527549220745,0.25,0,0.0779761105891832,0.0773050597235276,0.0687156086431354,0.0688498188162665,0.2003757884847679,0.1441417259428286,89
Kang_IFN_beta,stim,trrust_dorothea_intersection,1,266,STAT3,IFNAR1,LCP2,Activation,0.0012803008412611908,0.25,0,0.0720708629714136,0.0743524359146428,0.0673735069118241,0.0673735069118241,0.2312441283049252,0.1872231915179169,297
Kang_IFN_beta,stim,trrust_dorothea_intersection,1,40,HIF1A,MIF,IFNAR1,Activation,0.0003012472567673341,0.25,0,0.0715340222788891,0.0720708629714136,0.0673735069118241,0.0673735069118241,0.1725942826466258,0.1448127768084841,40
Kang_IFN_beta,stim,trrust_dorothea_intersection,1,205,SATB1,CD8B,SNHG7,Activation,0.016417975493819462,0.25,0,0.1081733995436863,0.0789155818011011,0.0673735069118241,0.0673735069118241,0.0974365856931968,0.0834787276875597,230
Kang_IFN_beta,stim,trrust_dorothea_intersection,1,30,HBP1,MIF,MRPS11,Repression,0.0012487634790582357,0.25,0,0.0715340222788891,0.0723392833176758,0.0673735069118241,0.0672392967386929,0.2289625553616961,0.1869547711716546,30
Kang_IFN_beta,stim,trrust_dorothea_intersection,1,102,MYC,HDAC2,MRPL15,Activation,0.0012024861078159593,0.25,0,0.0697892900281843,0.0703261307207089,0.0657629848342505,0.0656287746611194,0.3137833847805695,0.1462890887129264,109
Kang_IFN_beta,stim,trrust_dorothea_intersection,1,83,JUN,NFKB2,C6ORF62,Activation,0.0015211077710310154,0.25,0,0.0731445443564625,0.0748892766071673,0.0667024560461684,0.0665682458730373,0.2003757884847679,0.1441417259428286,88
Kang_IFN_beta,stim,trrust_dorothea_intersection,1,44,HIF1A,RORA,DAP3,Activation,0.003089563445066888,0.25,0,0.0785129512817076,0.0734129647027249,0.0661656153536439,0.066299825526775,0.1725942826466258,0.1448127768084841,44
Kang_IFN_beta,stim,trrust_dorothea_intersection,1,106,MYC,HSPA4,NABP1,Activation,0.0013108098903425829,0.25,0,0.0723392833176758,0.0734129647027248,0.0640182525835458,0.0638840424104147,0.3137833847805695,0.1462890887129264,113
Kang_IFN_beta,stim,trrust_dorothea_intersection,1,49,HSF1,HSPA4,PNPLA8,Activation,0.0013865099586613588,0.25,0,0.0723392833176758,0.0709971815863645,0.0640182525835458,0.0638840424104147,0.0640182525835458,0.0601261575627432,49
Kang_IFN_beta,stim,trrust_dorothea_intersection,1,26,CREB1,PSEN1,PNPLA8,Activation,0.0011738442857585365,0.25,0,0.0712656019326268,0.0709971815863645,0.0637498322372836,0.0638840424104147,0.0616024694671855,0.0559656421956783,26
Kang_IFN_beta,stim,trrust_dorothea_intersection,1,198,RELA,XIAP,WDR61,Activation,0.0011858624515483757,0.25,0,0.0677761374312174,0.067373506911824,0.0617366796403166,0.0616024694671855,0.0654945644879882,0.0603945779090054,223
Kang_IFN_beta,stim,trrust_dorothea_intersection,1,155,NFKB1,XIAP,PPP1R10,Activation,0.00120248610781678,0.25,0,0.0677761374312174,0.0683129781237419,0.0617366796403166,0.0618708898134478,0.1209233659911441,0.095155012749968,171
Kang_IFN_beta,stim,trrust_dorothea_intersection,1,86,JUN,POLD2,DKC1,Activation,0.0011665739578523805,0.25,0,0.0667024560461684,0.0665682458730373,0.059991947389612,0.0601261575627432,0.2003757884847679,0.1441417259428286,91
Kang_IFN_beta,stim,trrust_dorothea_intersection,1,24,CREB1,POLD2,OXA1L,Activation,0.0011858624515492069,0.25,0,0.0667024560461684,0.066299825526775,0.059991947389612,0.0601261575627432,0.0616024694671855,0.0559656421956783,24
Kang_IFN_beta,stim,trrust_dorothea_intersection,1,108,MYC,IER3,TSHZ2,Repression,0.004958548156013065,0.25,0,0.0807945242249367,0.0722050731445446,0.0578445846195141,0.0579787947926452,0.3137833847805695,0.1462890887129264,115
Kang_IFN_beta,stim,trrust_dorothea_intersection,1,183,RELA,IER3,GAPT,Activation,0.007763604892043529,0.25,0,0.0807945242249367,0.074755066434036,0.0578445846195141,0.0586498456583008,0.0654945644879882,0.0603945779090054,205
Kang_IFN_beta,stim,trrust_dorothea_intersection,1,140,NFKB1,IER3,MGLL,Activation,0.00433055277586666,0.25,0,0.0807945242249367,0.0762313783384784,0.0578445846195141,0.0574419541001207,0.1209233659911441,0.095155012749968,153
Kang_IFN_beta,stim,trrust_dorothea_intersection,1,235,STAT1,ICAM1,PHIP,Activation,0.0021087307973713665,0.25,0,0.066299825526775,0.0625419406791034,0.0560998523688095,0.0560998523688095,0.6730640182525867,0.4341699100792089,263
Kang_IFN_beta,stim,trrust_dorothea_intersection,1,161,REL,IER3,MGLL,Activation,0.00433055277586666,0.25,0,0.0807945242249367,0.0762313783384784,0.0578445846195141,0.0574419541001207,0.1406522614414189,0.0997181586364264,178
Kang_IFN_beta,stim,trrust_dorothea_intersection,1,260,STAT3,ETV6,WDR46,Activation,0.0012049890270693225,0.25,0,0.0634814118910213,0.0613340491209233,0.0573077439269896,0.0573077439269896,0.2312441283049252,0.1872231915179169,291
Kang_IFN_beta,stim,trrust_dorothea_intersection,1,182,RELA,ICAM1,USP10,Activation,0.002608809955080687,0.25,0,0.066299825526775,0.06213931015971,0.0560998523688095,0.0562340625419406,0.0654945644879882,0.0603945779090054,204
Kang_IFN_beta,stim,trrust_dorothea_intersection,1,139,NFKB1,ICAM1,HNRNPLL,Activation,0.002621619780685915,0.25,0,0.066299825526775,0.0641524627566769,0.0560998523688095,0.0558314320225472,0.1209233659911441,0.095155012749968,152
Kang_IFN_beta,stim,trrust_dorothea_intersection,1,0,ATF1,CCNA1,TCF4,Repression,0.013790380895475535,0.25,0,0.0927392296336067,0.07046034089384,0.0565024828882028,0.0558314320225472,0.0648235136223326,0.0602603677358743,0
Kang_IFN_beta,stim,trrust_dorothea_intersection,1,265,STAT3,ICAM1,USP10,Activation,0.002608809955080687,0.25,0,0.066299825526775,0.06213931015971,0.0560998523688095,0.0562340625419406,0.2312441283049252,0.1872231915179169,296
Kang_IFN_beta,stim,trrust_dorothea_intersection,1,240,STAT1,JAK2,HEBP1,Activation,0.0003012472567673341,0.25,0,0.0605287880821365,0.061065628774661,0.0546235404643671,0.0546235404643671,0.6730640182525867,0.4341699100792089,268
Kang_IFN_beta,stim,trrust_dorothea_intersection,1,160,REL,ICAM1,USP10,Activation,0.002608809955080687,0.25,0,0.066299825526775,0.06213931015971,0.0560998523688095,0.0562340625419406,0.1406522614414189,0.0997181586364264,177
Kang_IFN_beta,stim,trrust_dorothea_intersection,1,204,RUNX3,TCF4,HNRNPLL,Activation,0.003539655267016259,0.25,0,0.07046034089384,0.0641524627566769,0.0558314320225472,0.0558314320225472,0.0746208562609051,0.0675077170849552,229
Kang_IFN_beta,stim,trrust_dorothea_intersection,1,89,JUN,STMN1,FPR1,Activation,0.001903672942636613,0.25,0,0.0734129647027247,0.0707287612401021,0.0551603811568916,0.0552945913300227,0.2003757884847679,0.1441417259428286,94
Kang_IFN_beta,stim,trrust_dorothea_intersection,1,128,NFKB1,CD80,CMTM8,Activation,0.0017304314993418551,0.25,0,0.0669708763924306,0.0692524493356598,0.0550261709837605,0.0551603811568916,0.1209233659911441,0.095155012749968,140
Kang_IFN_beta,stim,trrust_dorothea_intersection,1,180,RELA,HDAC1,BLCAP,Activation,0.0012487634790574085,0.25,0,0.0571735337538584,0.0579787947926452,0.0546235404643671,0.054489330291236,0.0654945644879882,0.0603945779090054,202
Kang_IFN_beta,stim,trrust_dorothea_intersection,1,112,MYC,PCNA,UBXN2A,Activation,0.0013470873571110882,0.25,0,0.0573077439269896,0.0560998523688095,0.0530130183867936,0.0531472285599248,0.3137833847805695,0.1462890887129264,119
Kang_IFN_beta,stim,trrust_dorothea_intersection,1,97,MYC,CCND2,MRPL46,Activation,0.0020334189831794844,0.25,0,0.0601261575627432,0.0565024828882028,0.0508656556166957,0.0508656556166957,0.3137833847805695,0.1462890887129264,104
Kang_IFN_beta,stim,trrust_dorothea_intersection,1,123,NFKB1,CCND2,ZC3H13,Activation,0.0012803008412611422,0.25,0,0.0601261575627432,0.0578445846195141,0.0508656556166957,0.0508656556166957,0.1209233659911441,0.095155012749968,134
Kang_IFN_beta,stim,trrust_dorothea_intersection,1,256,STAT3,CCND2,PITPNC1,Activation,0.0024087275698104044,0.25,0,0.0601261575627432,0.0563682727150717,0.0508656556166957,0.0507314454435645,0.2312441283049252,0.1872231915179169,287
Kang_IFN_beta,stim,trrust_dorothea_intersection,1,156,NFKB2,CCND2,ENG,Activation,0.0016221570623941434,0.25,0,0.0601261575627432,0.0581130049657763,0.0508656556166957,0.0509998657898268,0.0731445443564625,0.0667024560461684,172
Kang_IFN_beta,stim,trrust_dorothea_intersection,2,189,RELA,NFKBIA,ANXA2,Activation,0.1888199991172143,0.25,0,2.46356193799492,2.6334720171789243,0.5634143068044745,0.5446248825661221,0.0654945644879882,0.0603945779090054,211
Kang_IFN_beta,stim,trrust_dorothea_intersection,2,236,STAT1,IFIT3,RPL34,Activation,0.23856921308736428,0.25,0,6.844047778821768,6.606629982552764,0.9171923231780238,0.9400080526103088,0.6730640182525867,0.4341699100792089,264
Kang_IFN_beta,stim,trrust_dorothea_intersection,2,214,SPI1,IFIT3,RPL34,Activation,0.23856921308736428,0.25,0,6.844047778821768,6.606629982552764,0.9171923231780238,0.9400080526103088,0.7403033149912851,0.3172728492819825,239
Kang_IFN_beta,stim,trrust_dorothea_intersection,2,71,IRF9,IFIT3,RPL34,Activation,0.23856921308736428,0.25,0,6.844047778821768,6.606629982552764,0.9171923231780238,0.9400080526103088,0.1795732116494438,0.1536706482351378,75
Kang_IFN_beta,stim,trrust_dorothea_intersection,2,252,STAT2,IFIT3,RPL34,Activation,0.23856921308736428,0.25,0,6.844047778821768,6.606629982552764,0.9171923231780238,0.9400080526103088,0.1823916252851973,0.1539390685814,282
Kang_IFN_beta,stim,trrust_dorothea_intersection,2,59,IRF1,IFIT3,RPL34,Activation,0.23856921308736428,0.25,0,6.844047778821768,6.606629982552764,0.9171923231780238,0.9400080526103088,0.5240907260770497,0.3422359414843753,60
Kang_IFN_beta,stim,trrust_dorothea_intersection,2,146,NFKB1,NFKBIA,ANXA2,Activation,0.1888199991172143,0.25,0,2.46356193799492,2.6334720171789243,0.5634143068044745,0.5446248825661221,0.1209233659911441,0.095155012749968,159
Kang_IFN_beta,stim,trrust_dorothea_intersection,2,228,STAT1,CTSB,S100A4,Activation,0.0326794345636599,0.25,0,1.9124949671185387,1.9083344517514755,0.3957858005637018,0.3995436854113738,0.6730640182525867,0.4341699100792089,255
Kang_IFN_beta,stim,trrust_dorothea_intersection,2,58,IRF1,HLA-A,HLA-C,Activation,0.16627391254132817,0.25,0,8.367064823513704,8.658032478861928,0.9914105489195156,0.9877868742449764,0.5240907260770497,0.3422359414843753,59
Kang_IFN_beta,stim,trrust_dorothea_intersection,2,124,NFKB1,CCR7,HLA-DPA1,Activation,0.2226085167396759,0.25,0,2.326264930881789,2.471211917863392,0.500603945779125,0.4767145349617816,0.1209233659911441,0.095155012749968,135
Kang_IFN_beta,stim,trrust_dorothea_intersection,2,132,NFKB1,CTSB,S100A4,Activation,0.0326794345636599,0.25,0,1.9124949671185387,1.9083344517514755,0.3957858005637018,0.3995436854113738,0.1209233659911441,0.095155012749968,144
Kang_IFN_beta,stim,trrust_dorothea_intersection,2,176,RELA,CTSB,S100A4,Activation,0.0326794345636599,0.25,0,1.9124949671185387,1.9083344517514755,0.3957858005637018,0.3995436854113738,0.0654945644879882,0.0603945779090054,197
Kang_IFN_beta,stim,trrust_dorothea_intersection,2,243,STAT1,PLSCR1,VIM,Activation,0.16157284629412022,0.25,0,2.672124547040689,2.935579116897079,0.7327875452959082,0.7252717756005672,0.6730640182525867,0.4341699100792089,271
Kang_IFN_beta,stim,trrust_dorothea_intersection,2,78,JUN,CTSL,FAM26F,Activation,0.07494237681379629,0.25,0,2.1477654006173896,2.056502482888232,0.3599516843376863,0.3662595624748501,0.2003757884847679,0.1441417259428286,83
Kang_IFN_beta,stim,trrust_dorothea_intersection,2,229,STAT1,CTSL,IL1RN,Activation,0.07746892616255974,0.25,0,2.1477654006173896,2.0543551201181303,0.3599516843376863,0.3533753858542602,0.6730640182525867,0.4341699100792089,256
Kang_IFN_beta,stim,trrust_dorothea_intersection,2,141,NFKB1,IL1RN,HSPA1A,Activation,0.21148742217749775,0.25,0,2.0543551201181303,2.1477654006173914,0.3533753858542602,0.3769963763253416,0.1209233659911441,0.095155012749968,154
Kang_IFN_beta,stim,trrust_dorothea_intersection,2,280,TCF4,VIM,PLSCR1,Activation,0.16157284629412022,0.25,0,2.935579116897079,2.672124547040689,0.7252717756005672,0.7327875452959082,0.07046034089384,0.0558314320225472,313
Kang_IFN_beta,stim,trrust_dorothea_intersection,2,67,IRF3,IRF7,RPL35,Activation,0.29841203582795,0.25,0,2.843376727955996,2.426251509864481,0.7845926721245083,0.8059320896523514,0.0807945242249369,0.0734129647027249,70
Kang_IFN_beta,stim,trrust_dorothea_intersection,2,185,RELA,IRF7,RPL35,Activation,0.29841203582795,0.25,0,2.843376727955996,2.426251509864481,0.7845926721245083,0.8059320896523514,0.0654945644879882,0.0603945779090054,207
Kang_IFN_beta,stim,trrust_dorothea_intersection,2,238,STAT1,IRF7,RPL6,Activation,0.29884819853205696,0.25,0,2.843376727955996,2.3983357938532106,0.7845926721245083,0.7656690377130249,0.6730640182525867,0.4341699100792089,266
Kang_IFN_beta,stim,trrust_dorothea_intersection,2,293,ZEB2,VIM,PLSCR1,Activation,0.16157284629412022,0.25,0,2.935579116897079,2.672124547040689,0.7252717756005672,0.7327875452959082,0.208159978526373,0.1523285465038266,326
Kang_IFN_beta,stim,trrust_dorothea_intersection,2,264,STAT3,HSPB1,S100A4,Activation,0.06967637574332346,0.25,0,1.854784592672156,1.9083344517514755,0.392296336062292,0.3995436854113738,0.2312441283049252,0.1872231915179169,295
Kang_IFN_beta,stim,trrust_dorothea_intersection,2,232,STAT1,HLA-E,RPL28,Activation,0.1706498296427548,0.25,0,3.996778955844908,4.195410012078985,0.9276607166822488,0.9425580458997996,0.6730640182525867,0.4341699100792089,260
Kang_IFN_beta,stim,trrust_dorothea_intersection,2,143,NFKB1,IRF7,SH3BGRL3,Activation,0.24854532686434583,0.25,0,2.843376727955996,3.285599248423045,0.7845926721245083,0.7862031942020814,0.1209233659911441,0.095155012749968,156
Kang_IFN_beta,stim,trrust_dorothea_intersection,2,37,HIF1A,GAPDH,CYBA,Activation,0.1357954836409398,0.25,0,2.7429875184539174,2.97248691450813,0.6765534827539821,0.6715877063481318,0.1725942826466258,0.1448127768084841,37
Kang_IFN_beta,stim,trrust_dorothea_intersection,2,18,CEBPD,GAPDH,RPL10A,Activation,0.1820456515829716,0.25,0,2.7429875184539174,2.488525030197317,0.6765534827539821,0.6895718695476977,0.1680311367601677,0.1130049657764083,18
Kang_IFN_beta,stim,trrust_dorothea_intersection,2,234,STAT1,HSP90AA1,DYNLT1,Repression,0.025570326312493594,0.25,0,2.766742719098114,2.737887531874933,0.7035297275533309,0.7058113004965594,0.6730640182525867,0.4341699100792089,262
Kang_IFN_beta,stim,trrust_dorothea_intersection,2,250,STAT1,TNFSF13B,PSAP,Activation,0.2000895132547162,0.25,0,1.8700845524091103,1.734666487719806,0.4763119044423882,0.4549724869145363,0.6730640182525867,0.4341699100792089,280
Kang_IFN_beta,stim,trrust_dorothea_intersection,2,245,STAT1,PSMB9,RPL29,Activation,0.10637982952907392,0.25,0,3.074889276607183,2.908737082270878,0.8708898134477983,0.8649845658300304,0.6730640182525867,0.4341699100792089,273
Kang_IFN_beta,stim,trrust_dorothea_intersection,2,167,RELA,CCL5,S100A8,Activation,0.16106968915075331,0.25,0,0.7860689840289914,0.5326801771574332,0.1704469198765273,0.1617232586230048,0.0654945644879882,0.0603945779090054,187
Kang_IFN_beta,stim,trrust_dorothea_intersection,2,47,HSF1,HSPA1A,CTSL,Activation,0.1478458340111204,0.25,0,2.1477654006173914,2.1477654006173896,0.3769963763253416,0.3599516843376863,0.0640182525835458,0.0601261575627432,47
Kang_IFN_beta,stim,trrust_dorothea_intersection,2,19,CREB1,CCL5,TNFAIP6,Activation,0.15760787872722729,0.25,0,0.7860689840289914,0.5342906992350067,0.1704469198765273,0.1623943094886604,0.0616024694671855,0.0559656421956783,19
Kang_IFN_beta,stim,trrust_dorothea_intersection,2,207,SPI1,CCL5,TNFAIP6,Activation,0.15760787872722729,0.25,0,0.7860689840289914,0.5342906992350067,0.1704469198765273,0.1623943094886604,0.7403033149912851,0.3172728492819825,232
Kang_IFN_beta,stim,trrust_dorothea_intersection,2,122,NFKB1,CCL5,HLA-DQA1,Activation,0.15684536834473647,0.25,0,0.7860689840289914,0.5379143739095493,0.1704469198765273,0.1787679506106566,0.1209233659911441,0.095155012749968,133
Kang_IFN_beta,stim,trrust_dorothea_intersection,2,53,IRF1,CCL5,HMOX1,Activation,0.23285449597954683,0.25,0,0.7860689840289914,0.3822305730774444,0.1704469198765273,0.1766205878405587,0.5240907260770497,0.3422359414843753,53
Kang_IFN_beta,stim,trrust_dorothea_intersection,2,90,JUND,CCL5,HMOX1,Activation,0.23285449597954683,0.25,0,0.7860689840289914,0.3822305730774444,0.1704469198765273,0.1766205878405587,0.0667024560461684,0.0613340491209233,96
Kang_IFN_beta,stim,trrust_dorothea_intersection,2,75,JUN,CCL5,S100A8,Activation,0.16106968915075331,0.25,0,0.7860689840289914,0.5326801771574332,0.1704469198765273,0.1617232586230048,0.2003757884847679,0.1441417259428286,80
Kang_IFN_beta,stim,trrust_dorothea_intersection,2,159,REL,CCL5,HLA-DQA1,Activation,0.15684536834473647,0.25,0,0.7860689840289914,0.5379143739095493,0.1704469198765273,0.1787679506106566,0.1406522614414189,0.0997181586364264,176
Kang_IFN_beta,stim,trrust_dorothea_intersection,2,63,IRF1,PSMB9,RPL29,Activation,0.10637982952907392,0.25,0,3.074889276607183,2.908737082270878,0.8708898134477983,0.8649845658300304,0.5240907260770497,0.3422359414843753,64
Kang_IFN_beta,stim,trrust_dorothea_intersection,2,4,ATF3,CCL5,S100A8,Activation,0.16106968915075331,0.25,0,0.7860689840289914,0.5326801771574332,0.1704469198765273,0.1617232586230048,0.1528653871963508,0.1140786471614574,4
Kang_IFN_beta,stim,trrust_dorothea_intersection,2,100,MYC,CXCR4,CASP4,Activation,0.21197554477572142,0.25,0,1.4310830760971964,1.0751576969534369,0.5031539390686157,0.4949671185076172,0.3137833847805695,0.1462890887129264,107
Kang_IFN_beta,stim,trrust_dorothea_intersection,2,210,SPI1,CTSS,LAP3,Activation,0.09730018430817418,0.25,0,1.6875587169507942,1.5282512414441385,0.5615353643806392,0.5659643000939651,0.7403033149912851,0.3172728492819825,235
Kang_IFN_beta,stim,trrust_dorothea_intersection,2,34,HIF1A,CXCR4,CREM,Activation,0.17984920806967322,0.25,0,1.4310830760971964,1.111394443698838,0.5031539390686157,0.5016776271641737,0.1725942826466258,0.1448127768084841,34
Kang_IFN_beta,stim,trrust_dorothea_intersection,2,51,HSF1,UBB,RPL35,Activation,0.07695309601090254,0.25,0,2.433901489732948,2.426251509864481,0.8147899610790033,0.8059320896523514,0.0640182525835458,0.0601261575627432,51
Kang_IFN_beta,stim,trrust_dorothea_intersection,2,178,RELA,CXCR4,CREM,Activation,0.17984920806967322,0.25,0,1.4310830760971964,1.111394443698838,0.5031539390686157,0.5016776271641737,0.0654945644879882,0.0603945779090054,200
Kang_IFN_beta,stim,trrust_dorothea_intersection,2,105,MYC,HNRNPA2B1,PSME1,Activation,0.04081646648859969,0.25,0,1.3992752650651232,1.341028049926209,0.6729298080794427,0.6701113944436898,0.3137833847805695,0.1462890887129264,112
Kang_IFN_beta,stim,trrust_dorothea_intersection,2,284,YY1,CXCR4,CREM,Repression,0.17984920806967322,0.25,0,1.4310830760971964,1.111394443698838,0.5031539390686157,0.5016776271641737,0.1108576030063096,0.0962286941350171,317
Kang_IFN_beta,stim,trrust_dorothea_intersection,2,20,CREB1,CXCR4,NPM1,Activation,0.15196070292539274,0.25,0,1.4310830760971964,1.1713863910884572,0.5031539390686157,0.508119715474466,0.0616024694671855,0.0559656421956783,20
Kang_IFN_beta,stim,trrust_dorothea_intersection,2,109,MYC,JUNB,ARHGDIB,Repression,0.13806576301729598,0.25,0,1.3327070191920791,1.0901892363441257,0.5246275667695899,0.5273117702322117,0.3137833847805695,0.1462890887129264,116
Kang_IFN_beta,stim,trrust_dorothea_intersection,2,249,STAT1,TAP1,EEF1B2,Activation,0.025710553872579367,0.25,0,1.089518185478464,1.0854918802845352,0.5451617232586464,0.5422090994497625,0.6730640182525867,0.4341699100792089,278
Kang_IFN_beta,stim,trrust_dorothea_intersection,2,144,NFKB1,JUNB,SNX3,Activation,0.1639379134021318,0.25,0,1.3327070191920791,1.072473493490811,0.5246275667695899,0.5160381156892002,0.1209233659911441,0.095155012749968,157
Kang_IFN_beta,stim,trrust_dorothea_intersection,2,65,IRF1,TAP1,EEF1B2,Activation,0.025710553872579367,0.25,0,1.089518185478464,1.0854918802845352,0.5451617232586464,0.5422090994497625,0.5240907260770497,0.3422359414843753,66
Kang_IFN_beta,stim,trrust_dorothea_intersection,2,66,IRF2,TAP1,EEF1B2,Activation,0.025710553872579367,0.25,0,1.089518185478464,1.0854918802845352,0.5451617232586464,0.5422090994497625,0.3865252986176447,0.2692256073010329,68
Kang_IFN_beta,stim,trrust_dorothea_intersection,2,268,STAT3,JUNB,NPM1,Activation,0.16940456675934845,0.25,0,1.3327070191920791,1.1713863910884572,0.5246275667695899,0.508119715474466,0.2312441283049252,0.1872231915179169,299
Kang_IFN_beta,stim,trrust_dorothea_intersection,2,56,IRF1,EIF2AK2,COX6A1,Activation,0.038825268423566706,0.25,0,0.9016239430948828,0.8370688498188121,0.5393906858140096,0.5410012078915827,0.5240907260770497,0.3422359414843753,57
Kang_IFN_beta,stim,trrust_dorothea_intersection,2,14,CEBPB,S100A9,CXCL16,Activation,0.1792522341080131,0.25,0,0.7972084283988777,0.5030197288954587,0.2186283720305981,0.2105757616427311,0.5074486646087883,0.2915044960408028,14
Kang_IFN_beta,stim,trrust_dorothea_intersection,2,35,HIF1A,ENO1,HINT1,Activation,0.10056799258713266,0.25,0,1.0021473627700948,0.9251107233928284,0.5046302509730577,0.5150986444772826,0.1725942826466258,0.1448127768084841,35
Kang_IFN_beta,stim,trrust_dorothea_intersection,2,77,JUN,CREM,PKM,Activation,0.02239782106665087,0.25,0,1.111394443698838,1.0786471614548447,0.5016776271641737,0.5002013152597318,0.2003757884847679,0.1441417259428286,82
Kang_IFN_beta,stim,trrust_dorothea_intersection,2,276,STAT3,ZFP36,RAC1,Activation,0.12061948047385074,0.25,0,0.9892631861495094,1.1892363441148948,0.4657093007650278,0.4708092873440113,0.2312441283049252,0.1872231915179169,309
Kang_IFN_beta,stim,trrust_dorothea_intersection,2,104,MYC,HNRNPA1,EEF2,Activation,0.027249875641211323,0.25,0,0.7400348946450186,0.7652664071936648,0.4552409072607986,0.4579251107234214,0.3137833847805695,0.1462890887129264,111
Kang_IFN_beta,stim,trrust_dorothea_intersection,2,186,RELA,MCL1,UBE2B,Activation,0.02334715380517188,0.25,0,0.5871695074486751,0.584082673466658,0.4020936787008655,0.3994094752382426,0.0654945644879882,0.0603945779090054,208
Kang_IFN_beta,stim,trrust_dorothea_intersection,2,269,STAT3,MCL1,EIF3K,Activation,0.020702946378786006,0.25,0,0.5871695074486751,0.5710642866729394,0.4020936787008655,0.4042410414709638,0.2312441283049252,0.1872231915179169,300
Kang_IFN_beta,stim,trrust_dorothea_intersection,2,99,MYC,CFLAR,RPS26,Repression,0.028472624386099744,0.25,0,0.7672795597906349,0.725674406119985,0.4126962823782259,0.4108173399543899,0.3137833847805695,0.1462890887129264,106
Kang_IFN_beta,stim,trrust_dorothea_intersection,2,175,RELA,CFLAR,SRSF7,Activation,0.06804496943196495,0.25,0,0.7672795597906349,0.7522480203999469,0.4126962823782259,0.4204804724198323,0.0654945644879882,0.0603945779090054,196
Kang_IFN_beta,stim,trrust_dorothea_intersection,2,43,HIF1A,PGK1,CNBP,Activation,0.042168371830133305,0.25,0,0.6003221044155234,0.6086431351496514,0.4082673466648981,0.403435780432177,0.1725942826466258,0.1448127768084841,43
Kang_IFN_beta,stim,trrust_dorothea_intersection,2,110,MYC,LDHA,ZNF706,Activation,0.017058918313291576,0.25,0,0.6993692121862883,0.6819218896792407,0.4054489330291441,0.4070594551067178,0.3137833847805695,0.1462890887129264,117
Kang_IFN_beta,stim,trrust_dorothea_intersection,2,10,ATF4,MCL1,CNBP,Activation,0.01675476494952536,0.25,0,0.5871695074486751,0.6086431351496514,0.4020936787008655,0.403435780432177,0.1366259562474854,0.1138102268151951,10
Kang_IFN_beta,stim,trrust_dorothea_intersection,2,131,NFKB1,CFLAR,BAZ1A,Activation,0.04715434090196779,0.25,0,0.7672795597906349,0.7131928600187919,0.4126962823782259,0.4168567977452914,0.1209233659911441,0.095155012749968,143
Kang_IFN_beta,stim,trrust_dorothea_intersection,2,45,HIF1A,SOCS1,RHOA,Activation,0.06942890186481279,0.25,0,0.8025768353241169,0.7213796805797852,0.4339014897329467,0.4399409475238481,0.1725942826466258,0.1448127768084841,45
Kang_IFN_beta,stim,trrust_dorothea_intersection,2,275,STAT3,STAT1,ATP5G2,Activation,0.014007997439679787,0.25,0,0.6730640182525867,0.6481009260501993,0.4341699100792089,0.4341699100792089,0.2312441283049252,0.1872231915179169,307
Kang_IFN_beta,stim,trrust_dorothea_intersection,2,279,TCF4,CD44,TPM3,Activation,0.018788741174563393,0.25,0,0.6058247215138989,0.639243054623547,0.4011542074889475,0.4010199973158164,0.07046034089384,0.0558314320225472,312
Kang_IFN_beta,stim,trrust_dorothea_intersection,2,273,STAT3,SOCS1,RHOA,Activation,0.06942890186481279,0.25,0,0.8025768353241169,0.7213796805797852,0.4339014897329467,0.4399409475238481,0.2312441283049252,0.1872231915179169,305
Kang_IFN_beta,stim,trrust_dorothea_intersection,2,278,STAT6,SOCS1,NEAT1,Activation,0.02153980718988321,0.25,0,0.8025768353241169,0.7774795329485972,0.4339014897329467,0.4357804321567827,0.0540866997718426,0.0500603945779089,311
Kang_IFN_beta,stim,trrust_dorothea_intersection,2,255,STAT2,STAT1,CCNI,Activation,0.02314546041645266,0.25,0,0.6730640182525867,0.6337404375251695,0.4341699100792089,0.4333646490404221,0.1823916252851973,0.1539390685814,285
Kang_IFN_beta,stim,trrust_dorothea_intersection,2,64,IRF1,SOCS1,NEAT1,Activation,0.02153980718988321,0.25,0,0.8025768353241169,0.7774795329485972,0.4339014897329467,0.4357804321567827,0.5240907260770497,0.3422359414843753,65
Kang_IFN_beta,stim,trrust_dorothea_intersection,2,194,RELA,STAT1,RBCK1,Activation,0.011817659909614085,0.25,0,0.6730640182525867,0.6766876929271263,0.4341699100792089,0.4355120118105204,0.0654945644879882,0.0603945779090054,218
Kang_IFN_beta,stim,trrust_dorothea_intersection,2,39,HIF1A,LDHA,ZNF706,Activation,0.017058918313291576,0.25,0,0.6993692121862883,0.6819218896792407,0.4054489330291441,0.4070594551067178,0.1725942826466258,0.1448127768084841,39
Kang_IFN_beta,stim,trrust_dorothea_intersection,2,277,STAT6,RHOA,C19ORF43,Activation,0.0448824270202602,0.25,0,0.7213796805797852,0.647698295530805,0.4399409475238481,0.4419541001208153,0.0540866997718426,0.0500603945779089,310
Kang_IFN_beta,stim,trrust_dorothea_intersection,2,202,RUNX3,CFLAR,IL2RG,Repression,0.06610257241893185,0.25,0,0.7672795597906349,0.651321970205348,0.4126962823782259,0.4140383841095373,0.0746208562609051,0.0675077170849552,227
Kang_IFN_beta,stim,trrust_dorothea_intersection,2,135,NFKB1,GSTP1,C20ORF24,Activation,0.04519680986645286,0.25,0,0.6894376593745839,0.7059455106697115,0.3881358206952265,0.3830358341162431,0.1209233659911441,0.095155012749968,148
Kang_IFN_beta,stim,trrust_dorothea_intersection,2,1,ATF1,LDHA,ZNF706,Activation,0.017058918313291576,0.25,0,0.6993692121862883,0.6819218896792407,0.4054489330291441,0.4070594551067178,0.0648235136223326,0.0602603677358743,1
Kang_IFN_beta,stim,trrust_dorothea_intersection,2,179,RELA,GSTP1,C20ORF24,Activation,0.04519680986645286,0.25,0,0.6894376593745839,0.7059455106697115,0.3881358206952265,0.3830358341162431,0.0654945644879882,0.0603945779090054,201
Kang_IFN_beta,stim,trrust_dorothea_intersection,2,151,NFKB1,SQSTM1,SQRDL,Activation,0.03906422571202819,0.25,0,0.6765534827540003,0.6352167494296139,0.362501677627178,0.3588780029526371,0.1209233659911441,0.095155012749968,165
Kang_IFN_beta,stim,trrust_dorothea_intersection,2,149,NFKB1,SERPINB1,HSPA5,Activation,0.016466571948606654,0.25,0,0.8137162796939975,0.7871426654140368,0.3590122131257683,0.3598174741645552,0.1209233659911441,0.095155012749968,162
Kang_IFN_beta,stim,trrust_dorothea_intersection,2,290,YY1,HSPA5,ATG3,Activation,0.08017044119726924,0.25,0,0.7871426654140368,0.6450140920681858,0.3598174741645552,0.3588780029526371,0.1108576030063096,0.0962286941350171,323
Kang_IFN_beta,stim,trrust_dorothea_intersection,2,237,STAT1,IRF1,NUB1,Activation,0.030756164815599663,0.25,0,0.5240907260770497,0.4733592806334879,0.3422359414843753,0.3435780432156867,0.6730640182525867,0.4341699100792089,265
Kang_IFN_beta,stim,trrust_dorothea_intersection,2,121,NFKB1,BIRC3,LTB,Activation,0.04438275420460062,0.25,0,0.7807005771037432,0.8437793584753754,0.3481411891021456,0.3512280230841619,0.1209233659911441,0.095155012749968,129
Kang_IFN_beta,stim,trrust_dorothea_intersection,2,142,NFKB1,IRF1,CYSTM1,Activation,0.02487034782590245,0.25,0,0.5240907260770497,0.5509327607032721,0.3422359414843753,0.3445175144276047,0.1209233659911441,0.095155012749968,155
Kang_IFN_beta,stim,trrust_dorothea_intersection,2,166,RELA,BIRC3,COTL1,Activation,0.09064638869460712,0.25,0,0.7807005771037432,0.6217957321164993,0.3481411891021456,0.3462622466783096,0.0654945644879882,0.0603945779090054,183
Kang_IFN_beta,stim,trrust_dorothea_intersection,2,209,SPI1,CD68,PLAC8,Repression,0.03713222287551758,0.25,0,0.8606898402898974,0.908602872097704,0.3446517246007359,0.347604348409621,0.7403033149912851,0.3172728492819825,234
Kang_IFN_beta,stim,trrust_dorothea_intersection,2,184,RELA,IRF1,SELT,Activation,0.035635920228438284,0.25,0,0.5240907260770497,0.4618172057442113,0.3422359414843753,0.3430412025231621,0.0654945644879882,0.0603945779090054,206
Kang_IFN_beta,stim,trrust_dorothea_intersection,2,253,STAT2,IRF1,CYSTM1,Activation,0.02487034782590245,0.25,0,0.5240907260770497,0.5509327607032721,0.3422359414843753,0.3445175144276047,0.1823916252851973,0.1539390685814,283
Kang_IFN_beta,stim,trrust_dorothea_intersection,2,267,STAT3,IRF1,SELT,Activation,0.035635920228438284,0.25,0,0.5240907260770497,0.4618172057442113,0.3422359414843753,0.3430412025231621,0.2312441283049252,0.1872231915179169,298
Kang_IFN_beta,stim,trrust_dorothea_intersection,2,158,REL,BIRC3,CD68,Activation,0.054137504984996775,0.25,0,0.7807005771037432,0.8606898402898974,0.3481411891021456,0.3446517246007359,0.1406522614414189,0.0997181586364264,174
Kang_IFN_beta,stim,trrust_dorothea_intersection,2,285,YY1,DEK,IRF1,Activation,0.021500402358735626,0.25,0,0.4878539793316492,0.5240907260770497,0.3414306804455884,0.3422359414843753,0.1108576030063096,0.0962286941350171,318
Kang_IFN_beta,stim,trrust_dorothea_intersection,2,68,IRF8,CD68,LTB,Repression,0.05782678317453426,0.25,0,0.8606898402898974,0.8437793584753754,0.3446517246007359,0.3512280230841619,0.3143202254730948,0.1598443161991692,72
Kang_IFN_beta,stim,trrust_dorothea_intersection,2,103,MYC,HLA-F,CAST,Activation,0.014206399032787836,0.25,0,0.4324251778284935,0.4576566903771432,0.3225070460340971,0.3226412562072283,0.3137833847805695,0.1462890887129264,110
Kang_IFN_beta,stim,trrust_dorothea_intersection,2,137,NFKB1,HLA-F,ERH,Activation,0.013703803886915064,0.25,0,0.4324251778284935,0.4453093544490817,0.3225070460340971,0.3238491477654086,0.1209233659911441,0.095155012749968,150
Kang_IFN_beta,stim,trrust_dorothea_intersection,2,2,ATF1,MAP1LC3B,HMGN1,Activation,0.019811011480846536,0.25,0,0.4619514159173403,0.4603408938397671,0.3284122936518674,0.3306938665950969,0.0648235136223326,0.0602603677358743,2
Kang_IFN_beta,stim,trrust_dorothea_intersection,2,32,HIF1A,ALDOA,ANKRD12,Activation,0.014333601572491446,0.25,0,0.4706750771708642,0.4465172460072618,0.3272044020936872,0.3266675614011626,0.1725942826466258,0.1448127768084841,32
Kang_IFN_beta,stim,trrust_dorothea_intersection,2,88,JUN,SPI1,GPR183,Activation,0.02301287401006885,0.25,0,0.7403033149912851,0.699503422359418,0.3172728492819825,0.3175412696282448,0.2003757884847679,0.1441417259428286,93
Kang_IFN_beta,stim,trrust_dorothea_intersection,2,282,YBX1,SUMO1,PHF11,Repression,0.009332513619491596,0.25,0,0.3804858408267458,0.3965910616024821,0.3085491880284581,0.3088176083747204,1.614548382767453,0.6789692658703417,315
Kang_IFN_beta,stim,trrust_dorothea_intersection,2,171,RELA,CD69,CD3D,Activation,0.044730908491619745,0.25,0,0.6313246544088097,0.5588511609180072,0.307475506643409,0.3053281438733107,0.0654945644879882,0.0603945779090054,191
Kang_IFN_beta,stim,trrust_dorothea_intersection,2,127,NFKB1,CD69,MNDA,Activation,0.045511641195590424,0.25,0,0.6313246544088097,0.6503824989934303,0.307475506643409,0.3023755200644255,0.1209233659911441,0.095155012749968,138
Kang_IFN_beta,stim,trrust_dorothea_intersection,2,216,SPI1,MNDA,CD69,Activation,0.045511641195590424,0.25,0,0.6503824989934303,0.6313246544088097,0.3023755200644255,0.307475506643409,0.7403033149912851,0.3172728492819825,241
Kang_IFN_beta,stim,trrust_dorothea_intersection,2,7,ATF4,CEBPB,HSPD1,Activation,0.019767014713931615,0.25,0,0.5074486646087883,0.4909408133136637,0.2915044960408028,0.29351764863777,0.1366259562474854,0.1138102268151951,7
Kang_IFN_beta,stim,trrust_dorothea_intersection,2,17,CEBPB,XBP1,RPS27L,Activation,0.008347030628243622,0.25,0,0.4156489061871,0.412427862031954,0.2831834653066719,0.2841229365185899,0.5074486646087883,0.2915044960408028,17
Kang_IFN_beta,stim,trrust_dorothea_intersection,2,200,RORA,TUBA1B,TPM4,Activation,0.01879545959868528,0.25,0,0.4203462622466894,0.4402093678700945,0.2673466648771969,0.265601932626492,0.0785129512817076,0.0661656153536439,225
Kang_IFN_beta,stim,trrust_dorothea_intersection,2,61,IRF1,IRF2,MSN,Activation,0.019600325723042596,0.25,0,0.3865252986176447,0.3557911689706168,0.2692256073010329,0.2681519259159838,0.5240907260770497,0.3422359414843753,62
Kang_IFN_beta,stim,trrust_dorothea_intersection,2,191,RELA,PLAUR,CAPG,Activation,0.02943362760691332,0.25,0,0.5368406925245025,0.4906723929673973,0.2537914373909514,0.2554019594685251,0.0654945644879882,0.0603945779090054,213
Kang_IFN_beta,stim,trrust_dorothea_intersection,2,223,STAT1,BAX,EIF4G2,Activation,0.00583204810911953,0.25,0,0.330693866595095,0.3211649443027848,0.2509730237551973,0.2512414441014596,0.6730640182525867,0.4341699100792089,248
Kang_IFN_beta,stim,trrust_dorothea_intersection,2,147,NFKB1,PLAUR,ATF5,Activation,0.04402321790725849,0.25,0,0.5368406925245025,0.4745671721916609,0.2537914373909514,0.2507046034089351,0.1209233659911441,0.095155012749968,160
Kang_IFN_beta,stim,trrust_dorothea_intersection,2,27,CREB1,UXT,BCAP31,Activation,0.015741781029508014,0.25,0,0.3102939202791625,0.3312307072876195,0.2545966984297382,0.2558045899879185,0.0616024694671855,0.0559656421956783,27
Kang_IFN_beta,stim,trrust_dorothea_intersection,2,85,JUN,PLAUR,CAPG,Activation,0.02943362760691332,0.25,0,0.5368406925245025,0.4906723929673973,0.2537914373909514,0.2554019594685251,0.2003757884847679,0.1441417259428286,90
Kang_IFN_beta,stim,trrust_dorothea_intersection,2,92,JUND,PLAUR,LST1,Activation,0.023660973259267516,0.25,0,0.5368406925245025,0.5083881358207042,0.2537914373909514,0.2517782847939842,0.0667024560461684,0.0613340491209233,98
Kang_IFN_beta,stim,trrust_dorothea_intersection,2,3,ATF1,PLAUR,CD38,Activation,0.042080556484980804,0.25,0,0.5368406925245025,0.4628908871292542,0.2537914373909514,0.2529861763521645,0.0648235136223326,0.0602603677358743,3
Kang_IFN_beta,stim,trrust_dorothea_intersection,2,163,RELA,BAX,RAP1A,Repression,0.006432412697567806,0.25,0,0.330693866595095,0.3194202120520789,0.2509730237551973,0.2508388135820662,0.0654945644879882,0.0603945779090054,180
Kang_IFN_beta,stim,trrust_dorothea_intersection,2,33,HIF1A,BAX,NHP2L1,Activation,0.012806430493347691,0.25,0,0.330693866595095,0.3309622869413571,0.2509730237551973,0.2494967118507548,0.1725942826466258,0.1448127768084841,33
Kang_IFN_beta,stim,trrust_dorothea_intersection,2,190,RELA,OPTN,TXNIP,Activation,0.014467124539399502,0.25,0,0.3227754663803567,0.3425043618306327,0.2323178096899719,0.2333914910750209,0.0654945644879882,0.0603945779090054,212
Kang_IFN_beta,stim,trrust_dorothea_intersection,2,220,SPI1,SCARB2,ACOT9,Activation,0.02796219909375961,0.25,0,0.3654543014360565,0.3634411488390886,0.2288283451885629,0.2320493893437097,0.7403033149912851,0.3172728492819825,245
Kang_IFN_beta,stim,trrust_dorothea_intersection,2,80,JUN,EZR,MAX,Activation,0.01401144015974078,0.25,0,0.3136491746074409,0.2949939605422124,0.2354046436719876,0.2364783250570366,0.2003757884847679,0.1441417259428286,85
Kang_IFN_beta,stim,trrust_dorothea_intersection,2,226,STAT1,CD86,HLA-DQB1,Activation,0.04384595691276103,0.25,0,0.4661119312844,0.5133539122265548,0.2272178231109895,0.231244128304923,0.6730640182525867,0.4341699100792089,253
Kang_IFN_beta,stim,trrust_dorothea_intersection,2,21,CREB1,HLA-DQB1,HPSE,Activation,0.025233446455702385,0.25,0,0.5133539122265548,0.5244933565964379,0.231244128304923,0.2340625419406765,0.0616024694671855,0.0559656421956783,21
Kang_IFN_beta,stim,trrust_dorothea_intersection,2,130,NFKB1,CD86,MS4A6A,Activation,0.04800308969192776,0.25,0,0.4661119312844,0.5113407596295877,0.2272178231109895,0.2225204670514005,0.1209233659911441,0.095155012749968,142
Kang_IFN_beta,stim,trrust_dorothea_intersection,2,173,RELA,CD86,HLA-DQB1,Activation,0.04384595691276103,0.25,0,0.4661119312844,0.5133539122265548,0.2272178231109895,0.231244128304923,0.0654945644879882,0.0603945779090054,194
Kang_IFN_beta,stim,trrust_dorothea_intersection,2,289,YY1,GNAS,OSTF1,Activation,0.006436407702106907,0.25,0,0.297812374177967,0.2898939739632293,0.2282915044960385,0.2288283451885629,0.1108576030063096,0.0962286941350171,322
Kang_IFN_beta,stim,trrust_dorothea_intersection,2,224,STAT1,CCR1,ALOX5AP,Activation,0.042602662326938295,0.25,0,0.390283183465314,0.4493356596430084,0.218494161857467,0.2154073278754513,0.6730640182525867,0.4341699100792089,251
Kang_IFN_beta,stim,trrust_dorothea_intersection,2,111,MYC,NOL7,ATP5G3,Activation,0.0038695453551564943,0.25,0,0.2727150718024435,0.2661387733190183,0.2198362635887781,0.2199704737619092,0.3137833847805695,0.1462890887129264,118
Kang_IFN_beta,stim,trrust_dorothea_intersection,2,117,NFKB1,ALOX5AP,CCR1,Activation,0.042602662326938295,0.25,0,0.4493356596430084,0.390283183465314,0.2154073278754513,0.218494161857467,0.1209233659911441,0.095155012749968,124
Kang_IFN_beta,stim,trrust_dorothea_intersection,2,251,STAT1,UPP1,SAMHD1,Activation,0.0064498044244780854,0.25,0,0.2719098107636573,0.2622466782982158,0.2090994497382888,0.2086968192188955,0.6730640182525867,0.4341699100792089,281
Kang_IFN_beta,stim,trrust_dorothea_intersection,2,241,STAT1,MVP,BBX,Activation,0.0077636048920436225,0.25,0,0.2595624748355929,0.2535230170446913,0.2066836666219287,0.2074889276607154,0.6730640182525867,0.4341699100792089,269
Kang_IFN_beta,stim,trrust_dorothea_intersection,2,172,RELA,CD83,DEFB1,Activation,0.04054165282106584,0.25,0,0.5036907797611143,0.4580593208965319,0.2041336733324375,0.2077573480069777,0.0654945644879882,0.0603945779090054,193
Kang_IFN_beta,stim,trrust_dorothea_intersection,2,129,NFKB1,CD83,DEFB1,Activation,0.04054165282106584,0.25,0,0.5036907797611143,0.4580593208965319,0.2041336733324375,0.2077573480069777,0.1209233659911441,0.095155012749968,141
Kang_IFN_beta,stim,trrust_dorothea_intersection,2,113,MYC,PMAIP1,CD40,Activation,0.03472585932931032,0.25,0,0.3274728224399464,0.3061334049120961,0.1991678969265862,0.195410012078915,0.3137833847805695,0.1462890887129264,120
Kang_IFN_beta,stim,trrust_dorothea_intersection,2,41,HIF1A,NR3C1,CDC37,Activation,0.009891613798549172,0.25,0,0.2666756140115434,0.2541940679103474,0.202388941081733,0.2015836800429463,0.1725942826466258,0.1448127768084841,41
Kang_IFN_beta,stim,trrust_dorothea_intersection,2,292,YY1,NR3C1,SF3B5,Activation,0.00911272951721271,0.25,0,0.2666756140115434,0.2504361830626755,0.202388941081733,0.202388941081733,0.1108576030063096,0.0962286941350171,325
Kang_IFN_beta,stim,trrust_dorothea_intersection,2,225,STAT1,CD40,SERPINA1,Activation,0.023115262736920862,0.25,0,0.3061334049120961,0.3372701650785185,0.195410012078915,0.1936652798282105,0.6730640182525867,0.4341699100792089,252
Kang_IFN_beta,stim,trrust_dorothea_intersection,2,231,STAT1,FCGRT,RHOH,Repression,0.017965933949041633,0.25,0,0.2855992484230337,0.2582203731042819,0.1912494967118504,0.1901758153268014,0.6730640182525867,0.4341699100792089,259
Kang_IFN_beta,stim,trrust_dorothea_intersection,2,208,SPI1,CD40,HAVCR2,Activation,0.02592026579796835,0.25,0,0.3061334049120961,0.3132465440880465,0.195410012078915,0.1983626358877995,0.7403033149912851,0.3172728492819825,233
Kang_IFN_beta,stim,trrust_dorothea_intersection,2,169,RELA,CD40,VIMP,Activation,0.029653297717370946,0.25,0,0.3061334049120961,0.2536572272178227,0.195410012078915,0.1958126425983083,0.0654945644879882,0.0603945779090054,189
Kang_IFN_beta,stim,trrust_dorothea_intersection,2,125,NFKB1,CD40,HAVCR2,Activation,0.02592026579796835,0.25,0,0.3061334049120961,0.3132465440880465,0.195410012078915,0.1983626358877995,0.1209233659911441,0.095155012749968,136
Kang_IFN_beta,stim,trrust_dorothea_intersection,2,54,IRF1,CD40,HAVCR2,Activation,0.02592026579796835,0.25,0,0.3061334049120961,0.3132465440880465,0.195410012078915,0.1983626358877995,0.5240907260770497,0.3422359414843753,54
Kang_IFN_beta,stim,trrust_dorothea_intersection,2,199,RELB,CD40,SERPINA1,Activation,0.023115262736920862,0.25,0,0.3061334049120961,0.3372701650785185,0.195410012078915,0.1936652798282105,0.1350154341699122,0.1156891692390309,224
Kang_IFN_beta,stim,trrust_dorothea_intersection,2,248,STAT1,STAT3,RAB2A,Activation,0.007636912848854406,0.25,0,0.2312441283049252,0.2257415112065493,0.1872231915179169,0.1864179304791302,0.6730640182525867,0.4341699100792089,277
Kang_IFN_beta,stim,trrust_dorothea_intersection,2,31,HBP1,NCF1,CREG1,Repression,0.03965340598499605,0.25,0,0.3548516977586948,0.3117702321836039,0.1935310696550793,0.1899073949805392,0.2289625553616961,0.1869547711716546,31
Kang_IFN_beta,stim,trrust_dorothea_intersection,2,29,CREM,DUSP1,GMPR,Repression,0.029840489732250744,0.25,0,0.3310964971144854,0.2813045228828371,0.1912494967118504,0.1900416051536703,1.111394443698838,0.5016776271641737,29
Kang_IFN_beta,stim,trrust_dorothea_intersection,2,221,SPI1,STAT3,MTCH1,Activation,0.0067354367855526065,0.25,0,0.2312441283049252,0.2372835860958257,0.1872231915179169,0.1878942423835725,0.7403033149912851,0.3172728492819825,246
Kang_IFN_beta,stim,trrust_dorothea_intersection,2,195,RELA,STAT3,MTCH1,Activation,0.0067354367855526065,0.25,0,0.2312441283049252,0.2372835860958257,0.1872231915179169,0.1878942423835725,0.0654945644879882,0.0603945779090054,219
Kang_IFN_beta,stim,trrust_dorothea_intersection,2,211,SPI1,CYBB,FLOT1,Activation,0.01677594992671123,0.25,0,0.2737887531874944,0.2450677761374314,0.1811837337270166,0.1806468930344922,0.7403033149912851,0.3172728492819825,236
Kang_IFN_beta,stim,trrust_dorothea_intersection,2,233,STAT1,HMOX1,CTSZ,Activation,0.0693636554266046,0.25,0,0.3822305730774444,0.269091397127904,0.1766205878405587,0.1733995436854119,0.6730640182525867,0.4341699100792089,261
Kang_IFN_beta,stim,trrust_dorothea_intersection,2,55,IRF1,CYBB,LILRB2,Activation,0.01601096987853436,0.25,0,0.2737887531874944,0.2983492148704906,0.1811837337270166,0.1821232049389345,0.5240907260770497,0.3422359414843753,56
Kang_IFN_beta,stim,trrust_dorothea_intersection,2,69,IRF8,CYBB,FLOT1,Activation,0.01677594992671123,0.25,0,0.2737887531874944,0.2450677761374314,0.1811837337270166,0.1806468930344922,0.3143202254730948,0.1598443161991692,73
Kang_IFN_beta,stim,trrust_dorothea_intersection,2,138,NFKB1,HMOX1,LILRB2,Activation,0.06703509314148104,0.25,0,0.3822305730774444,0.2983492148704906,0.1766205878405587,0.1821232049389345,0.1209233659911441,0.095155012749968,151
Kang_IFN_beta,stim,trrust_dorothea_intersection,2,263,STAT3,HMOX1,HLA-DMA,Activation,0.047502837185578316,0.25,0,0.3822305730774444,0.3324385988457969,0.1766205878405587,0.1810495235538855,0.2312441283049252,0.1872231915179169,294
Kang_IFN_beta,stim,trrust_dorothea_intersection,2,22,CREB1,HMOX1,HLA-DMA,Activation,0.047502837185578316,0.25,0,0.3822305730774444,0.3324385988457969,0.1766205878405587,0.1810495235538855,0.0616024694671855,0.0559656421956783,22
Kang_IFN_beta,stim,trrust_dorothea_intersection,2,116,NFE2L2,HMOX1,LILRB2,Activation,0.06703509314148104,0.25,0,0.3822305730774444,0.2983492148704906,0.1766205878405587,0.1821232049389345,0.4290699235002145,0.3050597235270484,123
Kang_IFN_beta,stim,trrust_dorothea_intersection,2,283,YY1,APH1A,HNRNPH2,Activation,0.0035126632491534852,0.25,0,0.203596832639914,0.2042678835055701,0.1750100657629853,0.1746074352435919,0.1108576030063096,0.0962286941350171,316
Kang_IFN_beta,stim,trrust_dorothea_intersection,2,11,BACH1,HMOX1,SERPING1,Repression,0.06809920688906183,0.25,0,0.3822305730774444,0.263454569856397,0.1766205878405587,0.1782311099181321,0.0675077170849551,0.0583814253120386,11
Kang_IFN_beta,stim,trrust_dorothea_intersection,2,25,CREB1,PPP2CA,HELZ2,Activation,0.00265707771118205,0.25,0,0.2022547309086025,0.1999731579653737,0.1731311233391497,0.1728627029928874,0.0616024694671855,0.0559656421956783,25
Kang_IFN_beta,stim,trrust_dorothea_intersection,2,60,IRF1,IL27,RAB31,Activation,0.04044349205668788,0.25,0,0.3027781505838178,0.2321835995168436,0.1681653469332984,0.1691048181452162,0.5240907260770497,0.3422359414843753,61
Kang_IFN_beta,stim,trrust_dorothea_intersection,2,72,IRF9,IL27,IFI30,Repression,0.03204121257758785,0.25,0,0.3027781505838178,0.2524493356596439,0.1681653469332984,0.1664206146825939,0.1795732116494438,0.1536706482351378,76
Kang_IFN_beta,stim,trrust_dorothea_intersection,2,239,STAT1,IRF8,VASP,Activation,0.0519739354145551,0.25,0,0.3143202254730948,0.2270836129378606,0.1598443161991692,0.1618574687961359,0.6730640182525867,0.4341699100792089,267
Kang_IFN_beta,stim,trrust_dorothea_intersection,2,218,SPI1,NCF2,LPAR6,Activation,0.008315714541034873,0.25,0,0.2316467588243196,0.2286941350154347,0.1605153670648247,0.1595758958529069,0.7403033149912851,0.3172728492819825,243
Kang_IFN_beta,stim,trrust_dorothea_intersection,2,101,MYC,DDX18,TRIM69,Activation,0.002497526958114874,0.25,0,0.1878942423835732,0.1895047644611464,0.1590390551603825,0.1593074755066447,0.3137833847805695,0.1462890887129264,108
Kang_IFN_beta,stim,trrust_dorothea_intersection,2,70,IRF8,NCF2,LPAR6,Activation,0.008315714541034873,0.25,0,0.2316467588243196,0.2286941350154347,0.1605153670648247,0.1595758958529069,0.3143202254730948,0.1598443161991692,74
Kang_IFN_beta,stim,trrust_dorothea_intersection,2,15,CEBPB,TNFAIP6,S100A8,Activation,0.005890443313699945,0.25,0,0.5342906992350067,0.5326801771574332,0.1623943094886604,0.1617232586230048,0.5074486646087883,0.2915044960408028,15
Kang_IFN_beta,stim,trrust_dorothea_intersection,2,247,STAT1,STAT2,SEC11C,Activation,0.004119107730705026,0.25,0,0.1823916252851973,0.1862837203059997,0.1539390685814,0.1543416991007934,0.6730640182525867,0.4341699100792089,276
Kang_IFN_beta,stim,trrust_dorothea_intersection,2,246,STAT1,SOCS3,PHB,Activation,0.010382588996051495,0.25,0,0.2076231378338481,0.1939337001744737,0.1531338075426133,0.1523285465038266,0.6730640182525867,0.4341699100792089,275
Kang_IFN_beta,stim,trrust_dorothea_intersection,2,9,ATF4,DDIT4,PTGER2,Activation,0.029155767605017674,0.25,0,0.2854650382499018,0.2423835726748096,0.1587706348141202,0.1568916923902846,0.1366259562474854,0.1138102268151951,9
Kang_IFN_beta,stim,trrust_dorothea_intersection,2,242,STAT1,PIM1,CD58,Activation,0.005022796554165549,0.25,0,0.1980942155415387,0.1947389612132609,0.1505838142531221,0.1511206549456466,0.6730640182525867,0.4341699100792089,270
Kang_IFN_beta,stim,trrust_dorothea_intersection,2,192,RELA,RIPK2,ZEB2,Activation,0.009317994280728598,0.25,0,0.2076231378338486,0.208159978526373,0.1534022278888756,0.1523285465038266,0.0654945644879882,0.0603945779090054,214
Kang_IFN_beta,stim,trrust_dorothea_intersection,2,148,NFKB1,RIPK2,SPOCK2,Activation,0.012943218025341489,0.25,0,0.2076231378338486,0.2042678835055704,0.1534022278888756,0.1548785397933179,0.1209233659911441,0.095155012749968,161
Kang_IFN_beta,stim,trrust_dorothea_intersection,2,150,NFKB1,SOCS3,PHB,Activation,0.010382588996051495,0.25,0,0.2076231378338481,0.1939337001744737,0.1531338075426133,0.1523285465038266,0.1209233659911441,0.095155012749968,163
Kang_IFN_beta,stim,trrust_dorothea_intersection,2,193,RELA,SOCS3,SNRPD1,Activation,0.011536835509746697,0.25,0,0.2076231378338481,0.1880284525567045,0.1531338075426133,0.15273117702322,0.0654945644879882,0.0603945779090054,216
Kang_IFN_beta,stim,trrust_dorothea_intersection,2,274,STAT3,SOCS3,POLD4,Activation,0.010607726538911639,0.25,0,0.2076231378338481,0.1888337135954911,0.1531338075426133,0.1529995973694822,0.2312441283049252,0.1872231915179169,306
Kang_IFN_beta,stim,trrust_dorothea_intersection,2,170,RELA,CD58,CMTM7,Activation,0.00667041226001558,0.25,0,0.1947389612132609,0.1835995168433775,0.1511206549456466,0.1508522345993844,0.0654945644879882,0.0603945779090054,190
Kang_IFN_beta,stim,trrust_dorothea_intersection,2,126,NFKB1,CD58,CMTM7,Activation,0.00667041226001558,0.25,0,0.1947389612132609,0.1835995168433775,0.1511206549456466,0.1508522345993844,0.1209233659911441,0.095155012749968,137
Kang_IFN_beta,stim,trrust_dorothea_intersection,2,272,STAT3,PIM1,LPXN,Activation,0.0055054954516627185,0.25,0,0.1980942155415387,0.1928600187894248,0.1505838142531221,0.1500469735605977,0.2312441283049252,0.1872231915179169,303
Kang_IFN_beta,stim,trrust_dorothea_intersection,2,62,IRF1,PSMB10,EIF3L,Activation,0.006834080738123776,0.25,0,0.1680311367601677,0.178499530264395,0.1487048718292865,0.1491075023486799,0.5240907260770497,0.3422359414843753,63
Kang_IFN_beta,stim,trrust_dorothea_intersection,2,187,RELA,MYC,SGTB,Activation,0.054324435094498635,0.25,0,0.3137833847805695,0.2197020534156502,0.1462890887129264,0.1477654006173687,0.0654945644879882,0.0603945779090054,209
Kang_IFN_beta,stim,trrust_dorothea_intersection,2,145,NFKB1,MYC,PDE4DIP,Activation,0.054839358422201216,0.25,0,0.3137833847805695,0.2160783787411093,0.1462890887129264,0.1464232988860575,0.1209233659911441,0.095155012749968,158
Kang_IFN_beta,stim,trrust_dorothea_intersection,2,270,STAT3,MYC,CLEC4E,Activation,0.02994296255744231,0.25,0,0.3137833847805695,0.2802308414977878,0.1462890887129264,0.1436048852503041,0.2312441283049252,0.1872231915179169,301
Kang_IFN_beta,stim,trrust_dorothea_intersection,2,291,YY1,MYC,CLEC4E,Repression,0.02994296255744231,0.25,0,0.3137833847805695,0.2802308414977878,0.1462890887129264,0.1436048852503041,0.1108576030063096,0.0962286941350171,324
Kang_IFN_beta,stim,trrust_dorothea_intersection,2,82,JUN,MYC,SGTB,Activation,0.054324435094498635,0.25,0,0.3137833847805695,0.2197020534156502,0.1462890887129264,0.1477654006173687,0.2003757884847679,0.1441417259428286,87
Kang_IFN_beta,stim,trrust_dorothea_intersection,2,181,RELA,HIF1A,DTX3L,Activation,0.003512663249153227,0.25,0,0.1725942826466258,0.1732653335122813,0.1448127768084841,0.1452154073278775,0.0654945644879882,0.0603945779090054,203
Kang_IFN_beta,stim,trrust_dorothea_intersection,2,136,NFKB1,HIF1A,CHTOP,Activation,0.004041262071330989,0.25,0,0.1725942826466258,0.1689706079720855,0.1448127768084841,0.1444101462890908,0.1209233659911441,0.095155012749968,149
Kang_IFN_beta,stim,trrust_dorothea_intersection,2,95,LEF1,MYC,SYNGR2,Activation,0.055639889495007915,0.25,0,0.3137833847805695,0.2237283586095833,0.1462890887129264,0.1436048852503041,0.140920681787681,0.1103207623137857,102
Kang_IFN_beta,stim,trrust_dorothea_intersection,2,262,STAT3,HIF1A,CBWD2,Activation,0.0003012472567673879,0.25,0,0.1725942826466258,0.1720574419541012,0.1448127768084841,0.1448127768084841,0.2312441283049252,0.1872231915179169,293
Kang_IFN_beta,stim,trrust_dorothea_intersection,2,168,RELA,CCR5,SYNGR2,Activation,0.008398852083493944,0.25,0,0.2201046839350429,0.2237283586095833,0.1426654140383863,0.1436048852503041,0.0654945644879882,0.0603945779090054,188
Kang_IFN_beta,stim,trrust_dorothea_intersection,2,23,CREB1,JUN,CD3E,Repression,0.014992160623960847,0.25,0,0.2003757884847679,0.179439001476313,0.1441417259428286,0.1430680445577796,0.0616024694671855,0.0559656421956783,23
Kang_IFN_beta,stim,trrust_dorothea_intersection,2,96,MEF2A,JUN,SYNGR2,Activation,0.013907015622517222,0.25,0,0.2003757884847679,0.2237283586095833,0.1441417259428286,0.1436048852503041,0.0814655750905926,0.0738155952221183,103
Kang_IFN_beta,stim,trrust_dorothea_intersection,2,16,CEBPB,TOP1,TAGAP,Activation,0.004467862522233273,0.25,0,0.1678969265870369,0.1728627029928877,0.1430680445577796,0.143470675077173,0.5074486646087883,0.2915044960408028,16
Kang_IFN_beta,stim,trrust_dorothea_intersection,2,244,STAT1,PML,RBM17,Activation,0.002786537125097949,0.25,0,0.1617232586230053,0.1567574822171534,0.1350154341699126,0.1350154341699126,0.6730640182525867,0.4341699100792089,272
Kang_IFN_beta,stim,trrust_dorothea_intersection,2,254,STAT2,PML,CCSER2,Activation,0.0034997218735555043,0.25,0,0.1617232586230053,0.1613206281036113,0.1350154341699126,0.135418064689306,0.1823916252851973,0.1539390685814,284
Kang_IFN_beta,stim,trrust_dorothea_intersection,2,73,IRF9,PML,ABT1,Activation,0.003941433282695974,0.25,0,0.1617232586230053,0.1550127499664489,0.1350154341699126,0.1348812239967815,0.1795732116494438,0.1536706482351378,77
Kang_IFN_beta,stim,trrust_dorothea_intersection,2,227,STAT1,CDKN1A,FKBP4,Activation,0.0024712725287396086,0.25,0,0.1634679908737094,0.1649443027781519,0.1242786203194233,0.1245470406656855,0.6730640182525867,0.4341699100792089,254
Kang_IFN_beta,stim,trrust_dorothea_intersection,2,98,MYC,CDKN1A,SMIM14,Repression,0.0036312092846144508,0.25,0,0.1634679908737094,0.1684337672795609,0.1242786203194233,0.1245470406656855,0.3137833847805695,0.1462890887129264,105
Kang_IFN_beta,stim,trrust_dorothea_intersection,2,222,SPI1,WAS,ARPC5L,Activation,0.003350952989904865,0.25,0,0.1505838142531219,0.1462890887129258,0.122936518588112,0.1232049389343742,0.7403033149912851,0.3172728492819825,247
Kang_IFN_beta,stim,trrust_dorothea_intersection,2,174,RELA,CDKN1A,SMIM14,Activation,0.0036312092846144508,0.25,0,0.1634679908737094,0.1684337672795609,0.1242786203194233,0.1245470406656855,0.0654945644879882,0.0603945779090054,195
Kang_IFN_beta,stim,trrust_dorothea_intersection,2,258,STAT3,CDKN1A,SMIM14,Activation,0.0036312092846144508,0.25,0,0.1634679908737094,0.1684337672795609,0.1242786203194233,0.1245470406656855,0.2312441283049252,0.1872231915179169,289
Kang_IFN_beta,stim,trrust_dorothea_intersection,2,201,RUNX3,CASP8,SCO2,Activation,0.0023717249030967696,0.25,0,0.1440075157696971,0.1432022547309104,0.1245470406656855,0.1242786203194233,0.0746208562609051,0.0675077170849552,226
Kang_IFN_beta,stim,trrust_dorothea_intersection,2,76,JUN,CDKN1A,DDAH2,Activation,0.008398852083495641,0.25,0,0.1634679908737094,0.1598443161991692,0.1242786203194233,0.1233391491075053,0.2003757884847679,0.1441417259428286,81
Kang_IFN_beta,stim,trrust_dorothea_intersection,2,13,CEBPB,CDKN1A,SMIM14,Activation,0.0036312092846144508,0.25,0,0.1634679908737094,0.1684337672795609,0.1242786203194233,0.1245470406656855,0.5074486646087883,0.2915044960408028,13
Kang_IFN_beta,stim,trrust_dorothea_intersection,2,28,CREM,CD247,GRINA,Repression,0.004829361978629265,0.25,0,0.1566232720440224,0.1543416991007935,0.122936518588112,0.1234733592806365,1.111394443698838,0.5016776271641737,28
Kang_IFN_beta,stim,trrust_dorothea_intersection,2,271,STAT3,MYD88,VPS35,Activation,0.0019581071689875025,0.25,0,0.1409206817876812,0.1374312172862722,0.1201181049523582,0.1201181049523582,0.2312441283049252,0.1872231915179169,302
Kang_IFN_beta,stim,trrust_dorothea_intersection,2,87,JUN,RELB,SETD5-AS1,Activation,0.002732844041827234,0.25,0,0.1350154341699122,0.1324654408804208,0.1156891692390309,0.1154207488927687,0.2003757884847679,0.1441417259428286,92
Kang_IFN_beta,stim,trrust_dorothea_intersection,2,107,MYC,ID2,LILRA3,Activation,0.03243194634165074,0.25,0,0.2201046839350426,0.1874916118641803,0.1134075962958017,0.1103207623137857,0.3137833847805695,0.1462890887129264,114
Kang_IFN_beta,stim,trrust_dorothea_intersection,2,118,NFKB1,ATF3,UBQLN2,Activation,0.008585546817868474,0.25,0,0.1528653871963508,0.1375654274594033,0.1140786471614574,0.1140786471614574,0.1209233659911441,0.095155012749968,125
Kang_IFN_beta,stim,trrust_dorothea_intersection,2,74,JUN,ATF3,TXNRD1,Activation,0.001656859912220348,0.25,0,0.1528653871963508,0.1558180110052356,0.1140786471614574,0.1140786471614574,0.2003757884847679,0.1441417259428286,78
Kang_IFN_beta,stim,trrust_dorothea_intersection,2,6,ATF4,ATF3,TXNRD1,Activation,0.001656859912220348,0.25,0,0.1528653871963508,0.1558180110052356,0.1140786471614574,0.1140786471614574,0.1366259562474854,0.1138102268151951,6
Kang_IFN_beta,stim,trrust_dorothea_intersection,2,94,KLF6,ATF3,TXNRD1,Activation,0.001656859912220348,0.25,0,0.1528653871963508,0.1558180110052356,0.1140786471614574,0.1140786471614574,0.9133002281572968,0.4415514696014219,100
Kang_IFN_beta,stim,trrust_dorothea_intersection,2,203,RUNX3,ICAM3,SYPL1,Repression,0.003229584168397476,0.25,0,0.1297812374177985,0.1244128304925538,0.1124681250838838,0.1123339149107527,0.0746208562609051,0.0675077170849552,228
Kang_IFN_beta,stim,trrust_dorothea_intersection,2,50,HSF1,STIP1,FYN,Activation,0.0024099780541386403,0.25,0,0.1371627969400098,0.1414575224802058,0.1121997047376215,0.1121997047376215,0.0640182525835458,0.0601261575627432,50
Kang_IFN_beta,stim,trrust_dorothea_intersection,2,213,SPI1,HCK,KIAA1551,Activation,0.007983052304333884,0.25,0,0.1415917326533368,0.1273654543014382,0.1101865521406546,0.1101865521406546,0.7403033149912851,0.3172728492819825,238
Kang_IFN_beta,stim,trrust_dorothea_intersection,2,259,STAT3,COPS5,TRIM14,Activation,0.0024049722156319593,0.25,0,0.1221312575493246,0.1232049389343737,0.1092470809287367,0.1095155012749989,0.2312441283049252,0.1872231915179169,290
Kang_IFN_beta,stim,trrust_dorothea_intersection,2,79,JUN,DDIT3,ASF1A,Activation,0.0038655130496161997,0.25,0,0.1288417662058806,0.1258891423969959,0.1072339283317697,0.1068312978123763,0.2003757884847679,0.1441417259428286,84
Kang_IFN_beta,stim,trrust_dorothea_intersection,2,8,ATF4,DDIT3,TNIP2,Activation,0.003941433282695844,0.25,0,0.1288417662058806,0.1221312575493245,0.1072339283317697,0.1070997181586386,0.1366259562474854,0.1138102268151951,8
Kang_IFN_beta,stim,trrust_dorothea_intersection,2,5,ATF3,DDIT3,YIPF5,Activation,0.0025257548654674376,0.25,0,0.1288417662058806,0.127097033955176,0.1072339283317697,0.1069655079855075,0.1528653871963508,0.1140786471614574,5
Kang_IFN_beta,stim,trrust_dorothea_intersection,2,219,SPI1,P2RY10,FKBP3,Activation,0.0029371607534814242,0.25,0,0.1205207354717508,0.115286538719637,0.1014628908871311,0.1014628908871311,0.7403033149912851,0.3172728492819825,244
Kang_IFN_beta,stim,trrust_dorothea_intersection,2,119,NFKB1,BCL2A1,ADM,Activation,0.016476430922819255,0.25,0,0.1595758958529066,0.1440075157696967,0.1010602603677377,0.0994497382901642,0.1209233659911441,0.095155012749968,127
Kang_IFN_beta,stim,trrust_dorothea_intersection,2,164,RELA,BCL2A1,IDI1,Activation,0.01970716641347937,0.25,0,0.1595758958529066,0.1260233525701269,0.1010602603677377,0.1017313112333934,0.0654945644879882,0.0603945779090054,181
Kang_IFN_beta,stim,trrust_dorothea_intersection,2,120,NFKB1,BIRC2,NIPA2,Activation,0.00045187088515102197,0.25,0,0.1128707556032767,0.1120654945644899,0.100254999328951,0.100254999328951,0.1209233659911441,0.095155012749968,128
Kang_IFN_beta,stim,trrust_dorothea_intersection,2,165,RELA,BIRC2,CCDC59,Activation,0.0026570777111819895,0.25,0,0.1128707556032767,0.1151523285465058,0.100254999328951,0.0999865789826887,0.0654945644879882,0.0603945779090054,182
Kang_IFN_beta,stim,trrust_dorothea_intersection,2,114,MYC,PRDX3,MAF1,Activation,0.001428817385798925,0.25,0,0.1089786605824741,0.1075023486780317,0.0983760569051151,0.098241846731984,0.3137833847805695,0.1462890887129264,121
Kang_IFN_beta,stim,trrust_dorothea_intersection,2,12,CEBPB,ADM,REL,Activation,0.0029942962557439534,0.25,0,0.1440075157696967,0.1406522614414189,0.0994497382901642,0.0997181586364264,0.5074486646087883,0.2915044960408028,12
Kang_IFN_beta,stim,trrust_dorothea_intersection,2,153,NFKB1,TNFAIP3,SNX1,Activation,0.002471272528740323,0.25,0,0.1112602335257031,0.1097839216212607,0.097168165346935,0.0968997450006727,0.1209233659911441,0.095155012749968,168
Kang_IFN_beta,stim,trrust_dorothea_intersection,2,196,RELA,TNFAIP3,GNB4,Activation,0.0018074835406039769,0.25,0,0.1112602335257031,0.1144812776808501,0.097168165346935,0.097168165346935,0.0654945644879882,0.0603945779090054,221
Kang_IFN_beta,stim,trrust_dorothea_intersection,2,152,NFKB1,TLR2,CXORF21,Activation,0.0036705826476631184,0.25,0,0.1214602066836685,0.1234733592806354,0.0963629043081482,0.0959602737887548,0.1209233659911441,0.095155012749968,167
Kang_IFN_beta,stim,trrust_dorothea_intersection,2,162,REL,TNFAIP3,PDCL3,Activation,0.002328280850568132,0.25,0,0.1112602335257031,0.111260233525703,0.097168165346935,0.0974365856931972,0.1406522614414189,0.0997181586364264,179
Kang_IFN_beta,stim,trrust_dorothea_intersection,2,206,SPI1,ACP5,DUSP5,Activation,0.009141297958374834,0.25,0,0.1437390954234346,0.1363575359012228,0.094081331364919,0.0950208025768369,0.7403033149912851,0.3172728492819825,231
Kang_IFN_beta,stim,trrust_dorothea_intersection,2,46,HIF1A,TLR2,LHFPL2,Activation,0.0024712725287403567,0.25,0,0.1214602066836685,0.1229365185881108,0.0963629043081482,0.0960944839618859,0.1725942826466258,0.1448127768084841,46
Kang_IFN_beta,stim,trrust_dorothea_intersection,2,188,RELA,NFKB1,SRRM2,Activation,0.007624903157328506,0.25,0,0.1209233659911441,0.1088444504093428,0.095155012749968,0.0947523822305746,0.0654945644879882,0.0603945779090054,210
Kang_IFN_beta,stim,trrust_dorothea_intersection,2,257,STAT3,CCND3,ROCK1,Activation,0.0030199357740405275,0.25,0,0.1116628640450966,0.1066970876392447,0.0959602737887548,0.0960944839618859,0.2312441283049252,0.1872231915179169,288
Kang_IFN_beta,stim,trrust_dorothea_intersection,2,157,RBPJ,NFKB1,CNPPD1,Activation,0.006386618807787755,0.25,0,0.1209233659911441,0.1113944436988341,0.095155012749968,0.0947523822305746,0.0860287209770509,0.0773050597235277,173
Kang_IFN_beta,stim,trrust_dorothea_intersection,2,52,IRF1,CASP7,MITD1,Activation,0.0023331479157039374,0.25,0,0.1029392027915732,0.1026707824453108,0.0911287075560341,0.0913971279022964,0.5240907260770497,0.3422359414843753,52
Kang_IFN_beta,stim,trrust_dorothea_intersection,2,36,HIF1A,FAM162A,ZFR,Activation,0.0009790535844939226,0.25,0,0.0959602737887544,0.0977050060394592,0.0861629311501823,0.0861629311501823,0.1725942826466258,0.1448127768084841,36
Kang_IFN_beta,stim,trrust_dorothea_intersection,2,93,JUND,TGFB1,NARS,Activation,0.0007531181419183006,0.25,0,0.098778687424508,0.0974365856931968,0.0846866192457399,0.0846866192457399,0.0667024560461684,0.0613340491209233,99
Kang_IFN_beta,stim,trrust_dorothea_intersection,2,215,SPI1,ITGB2,GGNBP2,Activation,0.003867208826533123,0.25,0,0.1017313112333927,0.0962286941350167,0.0830760971681663,0.082807676821904,0.7403033149912851,0.3172728492819825,240
Kang_IFN_beta,stim,trrust_dorothea_intersection,2,286,YY1,DNAJB4,KMO,Activation,0.006117637746104621,0.25,0,0.1132733861226697,0.1099181317943915,0.0838813582069531,0.0845524090726087,0.1108576030063096,0.0962286941350171,319
Kang_IFN_beta,stim,trrust_dorothea_intersection,2,217,SPI1,MSR1,MSRB1,Activation,0.003869545355156541,0.25,0,0.1034760434840974,0.0968997450006723,0.0821366259562484,0.0820024157831173,0.7403033149912851,0.3172728492819825,242
Kang_IFN_beta,stim,trrust_dorothea_intersection,2,38,HIF1A,ITGB2,NOP56,Activation,0.002560601682522281,0.25,0,0.1017313112333927,0.0971681653469345,0.0830760971681663,0.0830760971681663,0.1725942826466258,0.1448127768084841,38
Kang_IFN_beta,stim,trrust_dorothea_intersection,2,288,YY1,FDPS,TWF2,Repression,0.001202486107816793,0.25,0,0.0942155415380498,0.0936787008455252,0.0829418869950352,0.082807676821904,0.1108576030063096,0.0962286941350171,321
Kang_IFN_beta,stim,trrust_dorothea_intersection,2,212,SPI1,ERAP2,RNF115,Activation,0.0023331479157038745,0.25,0,0.0893839753053292,0.0896523956515914,0.0802576835324126,0.0799892631861503,0.7403033149912851,0.3172728492819825,237
Kang_IFN_beta,stim,trrust_dorothea_intersection,2,91,JUND,NQO2,TDP2,Activation,0.0023430782511336466,0.25,0,0.0982418467319835,0.094618172057443,0.0805261038786748,0.0803918937055437,0.0667024560461684,0.0613340491209233,97
Kang_IFN_beta,stim,trrust_dorothea_intersection,2,57,IRF1,ERAP2,ATG5,Activation,0.0017868711765001042,0.25,0,0.0893839753053292,0.0869681921889689,0.0802576835324126,0.0801234733592814,0.5240907260770497,0.3422359414843753,58
Kang_IFN_beta,stim,trrust_dorothea_intersection,2,42,HIF1A,PFKFB3,BRIX1,Activation,0.002371724903096715,0.25,0,0.0927392296336073,0.0919339685948206,0.0789155818011013,0.0791840021473635,0.1725942826466258,0.1448127768084841,42
Kang_IFN_beta,stim,trrust_dorothea_intersection,2,230,STAT1,FAS,APMAP,Activation,0.0006024945135345919,0.25,0,0.0876392430546245,0.0887129244396734,0.0750234867802985,0.0750234867802985,0.6730640182525867,0.4341699100792089,258
Kang_IFN_beta,stim,trrust_dorothea_intersection,2,197,RELA,TRAF1,C19ORF24,Activation,0.0012049890270693156,0.25,0,0.0895181854784602,0.0873708227083622,0.0764997986847409,0.0764997986847409,0.0654945644879882,0.0603945779090054,222
Kang_IFN_beta,stim,trrust_dorothea_intersection,2,154,NFKB1,TRAF1,C19ORF24,Activation,0.0012049890270693156,0.25,0,0.0895181854784602,0.0873708227083622,0.0764997986847409,0.0764997986847409,0.1209233659911441,0.095155012749968,170
Kang_IFN_beta,stim,trrust_dorothea_intersection,2,134,NFKB1,FAS,APMAP,Activation,0.0006024945135345919,0.25,0,0.0876392430546245,0.0887129244396734,0.0750234867802985,0.0750234867802985,0.1209233659911441,0.095155012749968,147
Kang_IFN_beta,stim,trrust_dorothea_intersection,2,115,MYC,SRSF1,IDH3B,Activation,0.0008284299561101757,0.25,0,0.0825392564756416,0.0810629445711992,0.0739498053952495,0.0739498053952495,0.3137833847805695,0.1462890887129264,122
Kang_IFN_beta,stim,trrust_dorothea_intersection,2,261,STAT3,FAS,LYAR,Repression,0.0024049722156326064,0.25,0,0.0876392430546245,0.0865655616695754,0.0750234867802985,0.0752919071265608,0.2312441283049252,0.1872231915179169,292
Kang_IFN_beta,stim,trrust_dorothea_intersection,2,287,YY1,FAS,FEZ2,Repression,0.0015211077710309887,0.25,0,0.0876392430546245,0.0858945108039198,0.0750234867802985,0.0748892766071674,0.1108576030063096,0.0962286941350171,320
Kang_IFN_beta,stim,trrust_dorothea_intersection,2,81,JUN,FAS,LYAR,Activation,0.0024049722156326064,0.25,0,0.0876392430546245,0.0865655616695754,0.0750234867802985,0.0752919071265608,0.2003757884847679,0.1441417259428286,86
Kang_IFN_beta,stim,trrust_dorothea_intersection,2,177,RELA,CXCL2,PASK,Activation,0.031115698350363413,0.25,0,0.1555495906589729,0.1002549993289502,0.0720708629714136,0.0723392833176759,0.0654945644879882,0.0603945779090054,199
Kang_IFN_beta,stim,trrust_dorothea_intersection,2,133,NFKB1,CXCL2,P2RY6,Activation,0.02398825402790588,0.25,0,0.1555495906589729,0.1140786471614559,0.0720708629714136,0.071399812105758,0.1209233659911441,0.095155012749968,146
Kang_IFN_beta,stim,trrust_dorothea_intersection,2,48,HSF1,HSPA1B,CLIC2,Activation,0.014609122121420435,0.25,0,0.1213259965105369,0.0997181586364256,0.071399812105758,0.0704603408938401,0.0640182525835458,0.0601261575627432,48
Kang_IFN_beta,stim,trrust_dorothea_intersection,2,281,YBX1,KPNA2,CASP3,Repression,0.0045205521174160775,0.25,0,0.0873708227083621,0.0795866326667568,0.0709971815863646,0.0711313917594957,1.614548382767453,0.6789692658703417,314
Kang_IFN_beta,stim,trrust_dorothea_intersection,2,84,JUN,PDHA1,SMS,Activation,0.0015211077710309674,0.25,0,0.0779761105891832,0.0762313783384785,0.0687156086431354,0.0688498188162665,0.2003757884847679,0.1441417259428286,89
Kang_IFN_beta,stim,trrust_dorothea_intersection,2,266,STAT3,IFNAR1,MIF,Activation,0.0003012472567673341,0.25,0,0.0720708629714136,0.0715340222788891,0.0673735069118241,0.0673735069118241,0.2312441283049252,0.1872231915179169,297
Kang_IFN_beta,stim,trrust_dorothea_intersection,2,40,HIF1A,MIF,IFNAR1,Activation,0.0003012472567673341,0.25,0,0.0715340222788891,0.0720708629714136,0.0673735069118241,0.0673735069118241,0.1725942826466258,0.1448127768084841,40
Kang_IFN_beta,stim,trrust_dorothea_intersection,2,205,SATB1,CD8B,FUCA1,Activation,0.015241380248604853,0.25,0,0.1081733995436863,0.1049523553885394,0.0673735069118241,0.0656287746611194,0.0974365856931968,0.0834787276875597,230
Kang_IFN_beta,stim,trrust_dorothea_intersection,2,30,HBP1,MIF,TMEM30A,Repression,0.0015706397816577864,0.25,0,0.0715340222788891,0.0734129647027248,0.0673735069118241,0.0675077170849552,0.2289625553616961,0.1869547711716546,30
Kang_IFN_beta,stim,trrust_dorothea_intersection,2,102,MYC,HDAC2,TIA1,Activation,0.00045187088515102197,0.25,0,0.0697892900281843,0.0705945510669711,0.0657629848342505,0.0657629848342505,0.3137833847805695,0.1462890887129264,109
Kang_IFN_beta,stim,trrust_dorothea_intersection,2,83,JUN,NFKB2,HTATSF1,Activation,0.0012779454324293436,0.25,0,0.0731445443564625,0.0740840155683805,0.0667024560461684,0.0665682458730373,0.2003757884847679,0.1441417259428286,88
Kang_IFN_beta,stim,trrust_dorothea_intersection,2,44,HIF1A,RORA,ATXN3,Activation,0.003299944744790585,0.25,0,0.0785129512817076,0.0730103341833314,0.0661656153536439,0.066299825526775,0.1725942826466258,0.1448127768084841,44
Kang_IFN_beta,stim,trrust_dorothea_intersection,2,106,MYC,HSPA4,NABP1,Activation,0.0013108098903425829,0.25,0,0.0723392833176758,0.0734129647027248,0.0640182525835458,0.0638840424104147,0.3137833847805695,0.1462890887129264,113
Kang_IFN_beta,stim,trrust_dorothea_intersection,2,49,HSF1,HSPA4,CPNE3,Activation,0.001844659255149471,0.25,0,0.0723392833176758,0.0697892900281844,0.0640182525835458,0.0641524627566769,0.0640182525835458,0.0601261575627432,49
Kang_IFN_beta,stim,trrust_dorothea_intersection,2,26,CREB1,PSEN1,RIC8A,Activation,0.0012803008412611977,0.25,0,0.0712656019326268,0.0689840289893976,0.0637498322372836,0.0637498322372836,0.0616024694671855,0.0559656421956783,26
Kang_IFN_beta,stim,trrust_dorothea_intersection,2,198,RELA,XIAP,ARFGAP2,Activation,0.001386509958662058,0.25,0,0.0677761374312174,0.0664340356999061,0.0617366796403166,0.0618708898134478,0.0654945644879882,0.0603945779090054,223
Kang_IFN_beta,stim,trrust_dorothea_intersection,2,155,NFKB1,XIAP,EMD,Activation,0.0001506236283836948,0.25,0,0.0677761374312174,0.0680445577774797,0.0617366796403166,0.0617366796403166,0.1209233659911441,0.095155012749968,171
Kang_IFN_beta,stim,trrust_dorothea_intersection,2,86,JUN,POLD2,OXA1L,Activation,0.0011858624515492069,0.25,0,0.0667024560461684,0.066299825526775,0.059991947389612,0.0601261575627432,0.2003757884847679,0.1441417259428286,91
Kang_IFN_beta,stim,trrust_dorothea_intersection,2,24,CREB1,POLD2,OXA1L,Activation,0.0011858624515492069,0.25,0,0.0667024560461684,0.066299825526775,0.059991947389612,0.0601261575627432,0.0616024694671855,0.0559656421956783,24
Kang_IFN_beta,stim,trrust_dorothea_intersection,2,108,MYC,IER3,GAPT,Repression,0.007763604892043529,0.25,0,0.0807945242249367,0.074755066434036,0.0578445846195141,0.0586498456583008,0.3137833847805695,0.1462890887129264,115
Kang_IFN_beta,stim,trrust_dorothea_intersection,2,183,RELA,IER3,GAPT,Activation,0.007763604892043529,0.25,0,0.0807945242249367,0.074755066434036,0.0578445846195141,0.0586498456583008,0.0654945644879882,0.0603945779090054,205
Kang_IFN_beta,stim,trrust_dorothea_intersection,2,140,NFKB1,IER3,TSHZ2,Activation,0.004958548156013065,0.25,0,0.0807945242249367,0.0722050731445446,0.0578445846195141,0.0579787947926452,0.1209233659911441,0.095155012749968,153
Kang_IFN_beta,stim,trrust_dorothea_intersection,2,235,STAT1,ICAM1,HNRNPLL,Activation,0.002621619780685915,0.25,0,0.066299825526775,0.0641524627566769,0.0560998523688095,0.0558314320225472,0.6730640182525867,0.4341699100792089,263
Kang_IFN_beta,stim,trrust_dorothea_intersection,2,161,REL,IER3,SCIMP,Activation,0.005121203365044721,0.25,0,0.0807945242249367,0.07166823245202,0.0578445846195141,0.0578445846195141,0.1406522614414189,0.0997181586364264,178
Kang_IFN_beta,stim,trrust_dorothea_intersection,2,260,STAT3,ETV6,CCDC115,Activation,0.00045187088515102197,0.25,0,0.0634814118910213,0.0626761508522345,0.0573077439269896,0.0573077439269896,0.2312441283049252,0.1872231915179169,291
Kang_IFN_beta,stim,trrust_dorothea_intersection,2,182,RELA,ICAM1,DPM2,Activation,0.0026764187174679174,0.25,0,0.066299825526775,0.0620050999865789,0.0560998523688095,0.0559656421956783,0.0654945644879882,0.0603945779090054,204
Kang_IFN_beta,stim,trrust_dorothea_intersection,2,139,NFKB1,ICAM1,PHIP,Activation,0.0021087307973713665,0.25,0,0.066299825526775,0.0625419406791034,0.0560998523688095,0.0560998523688095,0.1209233659911441,0.095155012749968,152
Kang_IFN_beta,stim,trrust_dorothea_intersection,2,0,ATF1,CCNA1,MAP3K7CL,Repression,0.009966232312294404,0.25,0,0.0927392296336067,0.0770366393772652,0.0565024828882028,0.0559656421956783,0.0648235136223326,0.0602603677358743,0
Kang_IFN_beta,stim,trrust_dorothea_intersection,2,265,STAT3,ICAM1,PHIP,Activation,0.0021087307973713665,0.25,0,0.066299825526775,0.0625419406791034,0.0560998523688095,0.0560998523688095,0.2312441283049252,0.1872231915179169,296
Kang_IFN_beta,stim,trrust_dorothea_intersection,2,240,STAT1,JAK2,BCKDK,Activation,0.00015062362838363236,0.25,0,0.0605287880821365,0.0602603677358743,0.0546235404643671,0.0546235404643671,0.6730640182525867,0.4341699100792089,268
Kang_IFN_beta,stim,trrust_dorothea_intersection,2,160,REL,ICAM1,HNRNPLL,Activation,0.002621619780685915,0.25,0,0.066299825526775,0.0641524627566769,0.0560998523688095,0.0558314320225472,0.1406522614414189,0.0997181586364264,177
Kang_IFN_beta,stim,trrust_dorothea_intersection,2,204,RUNX3,TCF4,ICAM1,Activation,0.003297204599516645,0.25,0,0.07046034089384,0.066299825526775,0.0558314320225472,0.0560998523688095,0.0746208562609051,0.0675077170849552,229
Kang_IFN_beta,stim,trrust_dorothea_intersection,2,89,JUN,STMN1,CMTM8,Activation,0.0023346662399468254,0.25,0,0.0734129647027247,0.0692524493356598,0.0551603811568916,0.0551603811568916,0.2003757884847679,0.1441417259428286,94
Kang_IFN_beta,stim,trrust_dorothea_intersection,2,128,NFKB1,CD80,CMTM8,Activation,0.0017304314993418551,0.25,0,0.0669708763924306,0.0692524493356598,0.0550261709837605,0.0551603811568916,0.1209233659911441,0.095155012749968,140
Kang_IFN_beta,stim,trrust_dorothea_intersection,2,180,RELA,HDAC1,BLCAP,Activation,0.0012487634790574085,0.25,0,0.0571735337538584,0.0579787947926452,0.0546235404643671,0.054489330291236,0.0654945644879882,0.0603945779090054,202
Kang_IFN_beta,stim,trrust_dorothea_intersection,2,112,MYC,PCNA,UPF3B,Activation,0.00030124725676732717,0.25,0,0.0573077439269896,0.0578445846195141,0.0530130183867936,0.0530130183867936,0.3137833847805695,0.1462890887129264,119
Kang_IFN_beta,stim,trrust_dorothea_intersection,2,97,MYC,CCND2,MRPL46,Activation,0.0020334189831794844,0.25,0,0.0601261575627432,0.0565024828882028,0.0508656556166957,0.0508656556166957,0.3137833847805695,0.1462890887129264,104
Kang_IFN_beta,stim,trrust_dorothea_intersection,2,123,NFKB1,CCND2,MDK,Activation,0.00143092446964483,0.25,0,0.0601261575627432,0.0575761642732518,0.0508656556166957,0.0508656556166957,0.1209233659911441,0.095155012749968,134
Kang_IFN_beta,stim,trrust_dorothea_intersection,2,256,STAT3,CCND2,MRPL46,Activation,0.0020334189831794844,0.25,0,0.0601261575627432,0.0565024828882028,0.0508656556166957,0.0508656556166957,0.2312441283049252,0.1872231915179169,287
Kang_IFN_beta,stim,trrust_dorothea_intersection,2,156,NFKB2,CCND2,ENG,Activation,0.0016221570623941434,0.25,0,0.0601261575627432,0.0581130049657763,0.0508656556166957,0.0509998657898268,0.0731445443564625,0.0667024560461684,172
Kang_IFN_beta,stim,trrust_dorothea_intersection,3,214,SPI1,IFIT3,RPL34,Activation,0.23856921308736428,0.25,0,6.844047778821768,6.606629982552764,0.9171923231780238,0.9400080526103088,0.7403033149912851,0.3172728492819825,239
Kang_IFN_beta,stim,trrust_dorothea_intersection,3,252,STAT2,IFIT3,RPL34,Activation,0.23856921308736428,0.25,0,6.844047778821768,6.606629982552764,0.9171923231780238,0.9400080526103088,0.1823916252851973,0.1539390685814,282
Kang_IFN_beta,stim,trrust_dorothea_intersection,3,189,RELA,NFKBIA,ANXA2,Activation,0.1888199991172143,0.25,0,2.46356193799492,2.6334720171789243,0.5634143068044745,0.5446248825661221,0.0654945644879882,0.0603945779090054,211
Kang_IFN_beta,stim,trrust_dorothea_intersection,3,71,IRF9,IFIT3,RPL34,Activation,0.23856921308736428,0.25,0,6.844047778821768,6.606629982552764,0.9171923231780238,0.9400080526103088,0.1795732116494438,0.1536706482351378,75
Kang_IFN_beta,stim,trrust_dorothea_intersection,3,59,IRF1,IFIT3,RPL34,Activation,0.23856921308736428,0.25,0,6.844047778821768,6.606629982552764,0.9171923231780238,0.9400080526103088,0.5240907260770497,0.3422359414843753,60
Kang_IFN_beta,stim,trrust_dorothea_intersection,3,236,STAT1,IFIT3,RPL34,Activation,0.23856921308736428,0.25,0,6.844047778821768,6.606629982552764,0.9171923231780238,0.9400080526103088,0.6730640182525867,0.4341699100792089,264
Kang_IFN_beta,stim,trrust_dorothea_intersection,3,146,NFKB1,NFKBIA,ANXA2,Activation,0.1888199991172143,0.25,0,2.46356193799492,2.6334720171789243,0.5634143068044745,0.5446248825661221,0.1209233659911441,0.095155012749968,159
Kang_IFN_beta,stim,trrust_dorothea_intersection,3,58,IRF1,HLA-A,RPL32,Activation,0.18483747414019605,0.25,0,8.367064823513704,8.614145752248078,0.9914105489195156,0.9773184807407514,0.5240907260770497,0.3422359414843753,59
Kang_IFN_beta,stim,trrust_dorothea_intersection,3,124,NFKB1,CCR7,HLA-DPA1,Activation,0.2226085167396759,0.25,0,2.326264930881789,2.471211917863392,0.500603945779125,0.4767145349617816,0.1209233659911441,0.095155012749968,135
Kang_IFN_beta,stim,trrust_dorothea_intersection,3,228,STAT1,CTSB,S100A4,Activation,0.0326794345636599,0.25,0,1.9124949671185387,1.9083344517514755,0.3957858005637018,0.3995436854113738,0.6730640182525867,0.4341699100792089,255
Kang_IFN_beta,stim,trrust_dorothea_intersection,3,229,STAT1,CTSL,IL1RN,Activation,0.07746892616255974,0.25,0,2.1477654006173896,2.0543551201181303,0.3599516843376863,0.3533753858542602,0.6730640182525867,0.4341699100792089,256
Kang_IFN_beta,stim,trrust_dorothea_intersection,3,132,NFKB1,CTSB,S100A4,Activation,0.0326794345636599,0.25,0,1.9124949671185387,1.9083344517514755,0.3957858005637018,0.3995436854113738,0.1209233659911441,0.095155012749968,144
Kang_IFN_beta,stim,trrust_dorothea_intersection,3,78,JUN,CTSL,FAM26F,Activation,0.07494237681379629,0.25,0,2.1477654006173896,2.056502482888232,0.3599516843376863,0.3662595624748501,0.2003757884847679,0.1441417259428286,83
Kang_IFN_beta,stim,trrust_dorothea_intersection,3,141,NFKB1,IL1RN,CTSL,Activation,0.07746892616255974,0.25,0,2.0543551201181303,2.1477654006173896,0.3533753858542602,0.3599516843376863,0.1209233659911441,0.095155012749968,154
Kang_IFN_beta,stim,trrust_dorothea_intersection,3,176,RELA,CTSB,S100A4,Activation,0.0326794345636599,0.25,0,1.9124949671185387,1.9083344517514755,0.3957858005637018,0.3995436854113738,0.0654945644879882,0.0603945779090054,197
Kang_IFN_beta,stim,trrust_dorothea_intersection,3,243,STAT1,PLSCR1,VIM,Activation,0.16157284629412022,0.25,0,2.672124547040689,2.935579116897079,0.7327875452959082,0.7252717756005672,0.6730640182525867,0.4341699100792089,271
Kang_IFN_beta,stim,trrust_dorothea_intersection,3,238,STAT1,IRF7,SH3BGRL3,Activation,0.24854532686434583,0.25,0,2.843376727955996,3.285599248423045,0.7845926721245083,0.7862031942020814,0.6730640182525867,0.4341699100792089,266
Kang_IFN_beta,stim,trrust_dorothea_intersection,3,293,ZEB2,VIM,PLSCR1,Activation,0.16157284629412022,0.25,0,2.935579116897079,2.672124547040689,0.7252717756005672,0.7327875452959082,0.208159978526373,0.1523285465038266,326
Kang_IFN_beta,stim,trrust_dorothea_intersection,3,67,IRF3,IRF7,GNB2L1,Activation,0.278644139256649,0.25,0,2.843376727955996,2.498053952489636,0.7845926721245083,0.8076768219030556,0.0807945242249369,0.0734129647027249,70
Kang_IFN_beta,stim,trrust_dorothea_intersection,3,185,RELA,IRF7,GNB2L1,Activation,0.278644139256649,0.25,0,2.843376727955996,2.498053952489636,0.7845926721245083,0.8076768219030556,0.0654945644879882,0.0603945779090054,207
Kang_IFN_beta,stim,trrust_dorothea_intersection,3,143,NFKB1,IRF7,GNB2L1,Activation,0.278644139256649,0.25,0,2.843376727955996,2.498053952489636,0.7845926721245083,0.8076768219030556,0.1209233659911441,0.095155012749968,156
Kang_IFN_beta,stim,trrust_dorothea_intersection,3,280,TCF4,VIM,HSP90AA1,Activation,0.2110511000351138,0.25,0,2.935579116897079,2.766742719098114,0.7252717756005672,0.7035297275533309,0.07046034089384,0.0558314320225472,313
Kang_IFN_beta,stim,trrust_dorothea_intersection,3,232,STAT1,HLA-E,RPL30,Activation,0.08964286076397991,0.25,0,3.996778955844908,3.8449872500336073,0.9276607166822488,0.9244396725271026,0.6730640182525867,0.4341699100792089,260
Kang_IFN_beta,stim,trrust_dorothea_intersection,3,264,STAT3,HSPB1,S100A4,Activation,0.06967637574332346,0.25,0,1.854784592672156,1.9083344517514755,0.392296336062292,0.3995436854113738,0.2312441283049252,0.1872231915179169,295
Kang_IFN_beta,stim,trrust_dorothea_intersection,3,250,STAT1,TNFSF13B,SDCBP,Activation,0.15221003334215188,0.25,0,1.8700845524091103,1.8410951550127956,0.4763119044423882,0.4937592269494369,0.6730640182525867,0.4341699100792089,280
Kang_IFN_beta,stim,trrust_dorothea_intersection,3,18,CEBPD,GAPDH,CYBA,Activation,0.1357954836409398,0.25,0,2.7429875184539174,2.97248691450813,0.6765534827539821,0.6715877063481318,0.1680311367601677,0.1130049657764083,18
Kang_IFN_beta,stim,trrust_dorothea_intersection,3,234,STAT1,HSP90AA1,DYNLT1,Repression,0.025570326312493594,0.25,0,2.766742719098114,2.737887531874933,0.7035297275533309,0.7058113004965594,0.6730640182525867,0.4341699100792089,262
Kang_IFN_beta,stim,trrust_dorothea_intersection,3,37,HIF1A,GAPDH,RPL10A,Activation,0.1820456515829716,0.25,0,2.7429875184539174,2.488525030197317,0.6765534827539821,0.6895718695476977,0.1725942826466258,0.1448127768084841,37
Kang_IFN_beta,stim,trrust_dorothea_intersection,3,167,RELA,CCL5,HLA-DQA1,Activation,0.15684536834473647,0.25,0,0.7860689840289914,0.5379143739095493,0.1704469198765273,0.1787679506106566,0.0654945644879882,0.0603945779090054,187
Kang_IFN_beta,stim,trrust_dorothea_intersection,3,245,STAT1,PSMB9,RPL18,Activation,0.19050170059537444,0.25,0,3.074889276607183,3.4055831432022887,0.8708898134477983,0.865924037041948,0.6730640182525867,0.4341699100792089,273
Kang_IFN_beta,stim,trrust_dorothea_intersection,3,19,CREB1,CCL5,S100A8,Activation,0.16106968915075331,0.25,0,0.7860689840289914,0.5326801771574332,0.1704469198765273,0.1617232586230048,0.0616024694671855,0.0559656421956783,19
Kang_IFN_beta,stim,trrust_dorothea_intersection,3,122,NFKB1,CCL5,S100A8,Activation,0.16106968915075331,0.25,0,0.7860689840289914,0.5326801771574332,0.1704469198765273,0.1617232586230048,0.1209233659911441,0.095155012749968,133
Kang_IFN_beta,stim,trrust_dorothea_intersection,3,47,HSF1,HSPA1A,FAM26F,Activation,0.10628310844727364,0.25,0,2.1477654006173914,2.056502482888232,0.3769963763253416,0.3662595624748501,0.0640182525835458,0.0601261575627432,47
Kang_IFN_beta,stim,trrust_dorothea_intersection,3,207,SPI1,CCL5,TNFAIP6,Activation,0.15760787872722729,0.25,0,0.7860689840289914,0.5342906992350067,0.1704469198765273,0.1623943094886604,0.7403033149912851,0.3172728492819825,232
Kang_IFN_beta,stim,trrust_dorothea_intersection,3,53,IRF1,CCL5,HLA-DQA1,Activation,0.15684536834473647,0.25,0,0.7860689840289914,0.5379143739095493,0.1704469198765273,0.1787679506106566,0.5240907260770497,0.3422359414843753,53
Kang_IFN_beta,stim,trrust_dorothea_intersection,3,63,IRF1,PSMB9,RPL29,Activation,0.10637982952907392,0.25,0,3.074889276607183,2.908737082270878,0.8708898134477983,0.8649845658300304,0.5240907260770497,0.3422359414843753,64
Kang_IFN_beta,stim,trrust_dorothea_intersection,3,4,ATF3,CCL5,S100A8,Activation,0.16106968915075331,0.25,0,0.7860689840289914,0.5326801771574332,0.1704469198765273,0.1617232586230048,0.1528653871963508,0.1140786471614574,4
Kang_IFN_beta,stim,trrust_dorothea_intersection,3,75,JUN,CCL5,TNFAIP6,Activation,0.15760787872722729,0.25,0,0.7860689840289914,0.5342906992350067,0.1704469198765273,0.1623943094886604,0.2003757884847679,0.1441417259428286,80
Kang_IFN_beta,stim,trrust_dorothea_intersection,3,90,JUND,CCL5,S100A8,Activation,0.16106968915075331,0.25,0,0.7860689840289914,0.5326801771574332,0.1704469198765273,0.1617232586230048,0.0667024560461684,0.0613340491209233,96
Kang_IFN_beta,stim,trrust_dorothea_intersection,3,159,REL,CCL5,S100A8,Activation,0.16106968915075331,0.25,0,0.7860689840289914,0.5326801771574332,0.1704469198765273,0.1617232586230048,0.1406522614414189,0.0997181586364264,176
Kang_IFN_beta,stim,trrust_dorothea_intersection,3,100,MYC,CXCR4,CASP4,Activation,0.21197554477572142,0.25,0,1.4310830760971964,1.0751576969534369,0.5031539390686157,0.4949671185076172,0.3137833847805695,0.1462890887129264,107
Kang_IFN_beta,stim,trrust_dorothea_intersection,3,34,HIF1A,CXCR4,CREM,Activation,0.17984920806967322,0.25,0,1.4310830760971964,1.111394443698838,0.5031539390686157,0.5016776271641737,0.1725942826466258,0.1448127768084841,34
Kang_IFN_beta,stim,trrust_dorothea_intersection,3,210,SPI1,CTSS,ACTG1,Activation,0.13950457339894667,0.25,0,1.6875587169507942,1.455509327607064,0.5615353643806392,0.567306401825276,0.7403033149912851,0.3172728492819825,235
Kang_IFN_beta,stim,trrust_dorothea_intersection,3,51,HSF1,UBB,GNB2L1,Activation,0.07143355379572741,0.25,0,2.433901489732948,2.498053952489636,0.8147899610790033,0.8076768219030556,0.0640182525835458,0.0601261575627432,51
Kang_IFN_beta,stim,trrust_dorothea_intersection,3,178,RELA,CXCR4,NPM1,Activation,0.15196070292539274,0.25,0,1.4310830760971964,1.1713863910884572,0.5031539390686157,0.508119715474466,0.0654945644879882,0.0603945779090054,200
Kang_IFN_beta,stim,trrust_dorothea_intersection,3,284,YY1,CXCR4,CREM,Repression,0.17984920806967322,0.25,0,1.4310830760971964,1.111394443698838,0.5031539390686157,0.5016776271641737,0.1108576030063096,0.0962286941350171,317
Kang_IFN_beta,stim,trrust_dorothea_intersection,3,20,CREB1,CXCR4,CREM,Activation,0.17984920806967322,0.25,0,1.4310830760971964,1.111394443698838,0.5031539390686157,0.5016776271641737,0.0616024694671855,0.0559656421956783,20
Kang_IFN_beta,stim,trrust_dorothea_intersection,3,105,MYC,HNRNPA2B1,PSME1,Activation,0.04081646648859969,0.25,0,1.3992752650651232,1.341028049926209,0.6729298080794427,0.6701113944436898,0.3137833847805695,0.1462890887129264,112
Kang_IFN_beta,stim,trrust_dorothea_intersection,3,109,MYC,JUNB,ARHGDIB,Repression,0.13806576301729598,0.25,0,1.3327070191920791,1.0901892363441257,0.5246275667695899,0.5273117702322117,0.3137833847805695,0.1462890887129264,116
Kang_IFN_beta,stim,trrust_dorothea_intersection,3,249,STAT1,TAP1,TMEM50A,Activation,0.012401191595681213,0.25,0,1.089518185478464,1.1107233928331808,0.5451617232586464,0.5455643537780397,0.6730640182525867,0.4341699100792089,278
Kang_IFN_beta,stim,trrust_dorothea_intersection,3,144,NFKB1,JUNB,NPM1,Activation,0.16940456675934845,0.25,0,1.3327070191920791,1.1713863910884572,0.5246275667695899,0.508119715474466,0.1209233659911441,0.095155012749968,157
Kang_IFN_beta,stim,trrust_dorothea_intersection,3,66,IRF2,TAP1,HERC5,Activation,0.07735110642404712,0.25,0,1.089518185478464,0.9920815997852568,0.5451617232586464,0.5514696013958076,0.3865252986176447,0.2692256073010329,68
Kang_IFN_beta,stim,trrust_dorothea_intersection,3,65,IRF1,TAP1,TMEM50A,Activation,0.012401191595681213,0.25,0,1.089518185478464,1.1107233928331808,0.5451617232586464,0.5455643537780397,0.5240907260770497,0.3422359414843753,66
Kang_IFN_beta,stim,trrust_dorothea_intersection,3,268,STAT3,JUNB,ARHGDIB,Activation,0.13806576301729598,0.25,0,1.3327070191920791,1.0901892363441257,0.5246275667695899,0.5273117702322117,0.2312441283049252,0.1872231915179169,299
Kang_IFN_beta,stim,trrust_dorothea_intersection,3,56,IRF1,EIF2AK2,PTPRC,Activation,0.044026688917036226,0.25,0,0.9016239430948828,0.9359817474164506,0.5393906858140096,0.5348275399275526,0.5240907260770497,0.3422359414843753,57
Kang_IFN_beta,stim,trrust_dorothea_intersection,3,14,CEBPB,S100A9,CTSD,Activation,0.1522434982847365,0.25,0,0.7972084283988777,0.530130183867945,0.2186283720305981,0.2155415380485824,0.5074486646087883,0.2915044960408028,14
Kang_IFN_beta,stim,trrust_dorothea_intersection,3,35,HIF1A,ENO1,SNX3,Activation,0.10653095732318053,0.25,0,1.0021473627700948,1.072473493490811,0.5046302509730577,0.5160381156892002,0.1725942826466258,0.1448127768084841,35
Kang_IFN_beta,stim,trrust_dorothea_intersection,3,77,JUN,CREM,GBP4,Activation,0.08932078297273874,0.25,0,1.111394443698838,0.9719500738155932,0.5016776271641737,0.4967118507583221,0.2003757884847679,0.1441417259428286,82
Kang_IFN_beta,stim,trrust_dorothea_intersection,3,276,STAT3,ZFP36,SAMSN1,Activation,0.11526924643556002,0.25,0,0.9892631861495094,0.9247080928734382,0.4657093007650278,0.4530935444907003,0.2312441283049252,0.1872231915179169,309
Kang_IFN_beta,stim,trrust_dorothea_intersection,3,104,MYC,HNRNPA1,EEF2,Activation,0.027249875641211323,0.25,0,0.7400348946450186,0.7652664071936648,0.4552409072607986,0.4579251107234214,0.3137833847805695,0.1462890887129264,111
Kang_IFN_beta,stim,trrust_dorothea_intersection,3,186,RELA,MCL1,CNBP,Activation,0.01675476494952536,0.25,0,0.5871695074486751,0.6086431351496514,0.4020936787008655,0.403435780432177,0.0654945644879882,0.0603945779090054,208
Kang_IFN_beta,stim,trrust_dorothea_intersection,3,99,MYC,CFLAR,BAZ1A,Repression,0.04715434090196779,0.25,0,0.7672795597906349,0.7131928600187919,0.4126962823782259,0.4168567977452914,0.3137833847805695,0.1462890887129264,106
Kang_IFN_beta,stim,trrust_dorothea_intersection,3,175,RELA,CFLAR,IL2RG,Activation,0.06610257241893185,0.25,0,0.7672795597906349,0.651321970205348,0.4126962823782259,0.4140383841095373,0.0654945644879882,0.0603945779090054,196
Kang_IFN_beta,stim,trrust_dorothea_intersection,3,269,STAT3,MCL1,CNBP,Activation,0.01675476494952536,0.25,0,0.5871695074486751,0.6086431351496514,0.4020936787008655,0.403435780432177,0.2312441283049252,0.1872231915179169,300
Kang_IFN_beta,stim,trrust_dorothea_intersection,3,110,MYC,LDHA,NDUFA12,Activation,0.035278104164879774,0.25,0,0.6993692121862883,0.6609851026707889,0.4054489330291441,0.4022278888739967,0.3137833847805695,0.1462890887129264,117
Kang_IFN_beta,stim,trrust_dorothea_intersection,3,43,HIF1A,PGK1,EIF3K,Activation,0.03859080921824347,0.25,0,0.6003221044155234,0.5710642866729394,0.4082673466648981,0.4042410414709638,0.1725942826466258,0.1448127768084841,43
Kang_IFN_beta,stim,trrust_dorothea_intersection,3,131,NFKB1,CFLAR,SRSF7,Activation,0.06804496943196495,0.25,0,0.7672795597906349,0.7522480203999469,0.4126962823782259,0.4204804724198323,0.1209233659911441,0.095155012749968,143
Kang_IFN_beta,stim,trrust_dorothea_intersection,3,10,ATF4,MCL1,CD44,Activation,0.013266201845413446,0.25,0,0.5871695074486751,0.6058247215138989,0.4020936787008655,0.4011542074889475,0.1366259562474854,0.1138102268151951,10
Kang_IFN_beta,stim,trrust_dorothea_intersection,3,273,STAT3,SOCS1,RHOA,Activation,0.06942890186481279,0.25,0,0.8025768353241169,0.7213796805797852,0.4339014897329467,0.4399409475238481,0.2312441283049252,0.1872231915179169,305
Kang_IFN_beta,stim,trrust_dorothea_intersection,3,279,TCF4,CD44,MCL1,Activation,0.013266201845413446,0.25,0,0.6058247215138989,0.5871695074486751,0.4011542074889475,0.4020936787008655,0.07046034089384,0.0558314320225472,312
Kang_IFN_beta,stim,trrust_dorothea_intersection,3,255,STAT2,STAT1,ATP5G2,Activation,0.014007997439679787,0.25,0,0.6730640182525867,0.6481009260501993,0.4341699100792089,0.4341699100792089,0.1823916252851973,0.1539390685814,285
Kang_IFN_beta,stim,trrust_dorothea_intersection,3,278,STAT6,SOCS1,ATP6V0B,Activation,0.08395822749006968,0.25,0,0.8025768353241169,0.8942423835726753,0.4339014897329467,0.4415514696014219,0.0540866997718426,0.0500603945779089,311
Kang_IFN_beta,stim,trrust_dorothea_intersection,3,45,HIF1A,SOCS1,NEAT1,Activation,0.02153980718988321,0.25,0,0.8025768353241169,0.7774795329485972,0.4339014897329467,0.4357804321567827,0.1725942826466258,0.1448127768084841,45
Kang_IFN_beta,stim,trrust_dorothea_intersection,3,275,STAT3,STAT1,RBCK1,Activation,0.011817659909614085,0.25,0,0.6730640182525867,0.6766876929271263,0.4341699100792089,0.4355120118105204,0.2312441283049252,0.1872231915179169,307
Kang_IFN_beta,stim,trrust_dorothea_intersection,3,64,IRF1,SOCS1,RHOA,Activation,0.06942890186481279,0.25,0,0.8025768353241169,0.7213796805797852,0.4339014897329467,0.4399409475238481,0.5240907260770497,0.3422359414843753,65
Kang_IFN_beta,stim,trrust_dorothea_intersection,3,194,RELA,STAT1,RBCK1,Activation,0.011817659909614085,0.25,0,0.6730640182525867,0.6766876929271263,0.4341699100792089,0.4355120118105204,0.0654945644879882,0.0603945779090054,218
Kang_IFN_beta,stim,trrust_dorothea_intersection,3,39,HIF1A,LDHA,NDUFA12,Activation,0.035278104164879774,0.25,0,0.6993692121862883,0.6609851026707889,0.4054489330291441,0.4022278888739967,0.1725942826466258,0.1448127768084841,39
Kang_IFN_beta,stim,trrust_dorothea_intersection,3,277,STAT6,RHOA,SEC61B,Activation,0.038618700857759744,0.25,0,0.7213796805797852,0.7547980136894344,0.4399409475238481,0.4438330425446513,0.0540866997718426,0.0500603945779089,310
Kang_IFN_beta,stim,trrust_dorothea_intersection,3,202,RUNX3,CFLAR,MOB1A,Repression,0.03508880255584419,0.25,0,0.7672795597906349,0.7502348678029808,0.4126962823782259,0.4165883773990291,0.0746208562609051,0.0675077170849552,227
Kang_IFN_beta,stim,trrust_dorothea_intersection,3,135,NFKB1,GSTP1,C20ORF24,Activation,0.04519680986645286,0.25,0,0.6894376593745839,0.7059455106697115,0.3881358206952265,0.3830358341162431,0.1209233659911441,0.095155012749968,148
Kang_IFN_beta,stim,trrust_dorothea_intersection,3,1,ATF1,LDHA,NDUFA12,Activation,0.035278104164879774,0.25,0,0.6993692121862883,0.6609851026707889,0.4054489330291441,0.4022278888739967,0.0648235136223326,0.0602603677358743,1
Kang_IFN_beta,stim,trrust_dorothea_intersection,3,179,RELA,GSTP1,SLC3A2,Activation,0.043146180209020044,0.25,0,0.6894376593745839,0.6472956650114158,0.3881358206952265,0.392296336062292,0.0654945644879882,0.0603945779090054,201
Kang_IFN_beta,stim,trrust_dorothea_intersection,3,151,NFKB1,SQSTM1,RABGAP1L,Activation,0.06174359785603503,0.25,0,0.6765534827540003,0.6723929673869338,0.362501677627178,0.3553885384512274,0.1209233659911441,0.095155012749968,165
Kang_IFN_beta,stim,trrust_dorothea_intersection,3,149,NFKB1,SERPINB1,SQRDL,Activation,0.10017147761856691,0.25,0,0.8137162796939975,0.6352167494296139,0.3590122131257683,0.3588780029526371,0.1209233659911441,0.095155012749968,162
Kang_IFN_beta,stim,trrust_dorothea_intersection,3,290,YY1,HSPA5,SERPINB1,Activation,0.016466571948606654,0.25,0,0.7871426654140368,0.8137162796939975,0.3598174741645552,0.3590122131257683,0.1108576030063096,0.0962286941350171,323
Kang_IFN_beta,stim,trrust_dorothea_intersection,3,121,NFKB1,BIRC3,LTB,Activation,0.04438275420460062,0.25,0,0.7807005771037432,0.8437793584753754,0.3481411891021456,0.3512280230841619,0.1209233659911441,0.095155012749968,129
Kang_IFN_beta,stim,trrust_dorothea_intersection,3,237,STAT1,IRF1,DEK,Activation,0.021500402358735626,0.25,0,0.5240907260770497,0.4878539793316492,0.3422359414843753,0.3414306804455884,0.6730640182525867,0.4341699100792089,265
Kang_IFN_beta,stim,trrust_dorothea_intersection,3,142,NFKB1,IRF1,SELT,Activation,0.035635920228438284,0.25,0,0.5240907260770497,0.4618172057442113,0.3422359414843753,0.3430412025231621,0.1209233659911441,0.095155012749968,155
Kang_IFN_beta,stim,trrust_dorothea_intersection,3,166,RELA,BIRC3,CD68,Activation,0.054137504984996775,0.25,0,0.7807005771037432,0.8606898402898974,0.3481411891021456,0.3446517246007359,0.0654945644879882,0.0603945779090054,183
Kang_IFN_beta,stim,trrust_dorothea_intersection,3,209,SPI1,CD68,LTB,Repression,0.05782678317453426,0.25,0,0.8606898402898974,0.8437793584753754,0.3446517246007359,0.3512280230841619,0.7403033149912851,0.3172728492819825,234
Kang_IFN_beta,stim,trrust_dorothea_intersection,3,184,RELA,IRF1,SEPT7,Activation,0.02688631766648264,0.25,0,0.5240907260770497,0.4761776942692409,0.3422359414843753,0.3422359414843753,0.0654945644879882,0.0603945779090054,206
Kang_IFN_beta,stim,trrust_dorothea_intersection,3,253,STAT2,IRF1,CYSTM1,Activation,0.02487034782590245,0.25,0,0.5240907260770497,0.5509327607032721,0.3422359414843753,0.3445175144276047,0.1823916252851973,0.1539390685814,283
Kang_IFN_beta,stim,trrust_dorothea_intersection,3,267,STAT3,IRF1,NUB1,Activation,0.030756164815599663,0.25,0,0.5240907260770497,0.4733592806334879,0.3422359414843753,0.3435780432156867,0.2312441283049252,0.1872231915179169,298
Kang_IFN_beta,stim,trrust_dorothea_intersection,3,158,REL,BIRC3,CD68,Activation,0.054137504984996775,0.25,0,0.7807005771037432,0.8606898402898974,0.3481411891021456,0.3446517246007359,0.1406522614414189,0.0997181586364264,174
Kang_IFN_beta,stim,trrust_dorothea_intersection,3,285,YY1,DEK,PSMA1,Activation,0.01881092565218252,0.25,0,0.4878539793316492,0.4553751174339178,0.3414306804455884,0.341967521138113,0.1108576030063096,0.0962286941350171,318
Kang_IFN_beta,stim,trrust_dorothea_intersection,3,68,IRF8,CD68,LTB,Repression,0.05782678317453426,0.25,0,0.8606898402898974,0.8437793584753754,0.3446517246007359,0.3512280230841619,0.3143202254730948,0.1598443161991692,72
Kang_IFN_beta,stim,trrust_dorothea_intersection,3,103,MYC,HLA-F,GPSM3,Activation,0.01676191556441302,0.25,0,0.4324251778284935,0.4489330291236222,0.3225070460340971,0.3208965239565234,0.3137833847805695,0.1462890887129264,110
Kang_IFN_beta,stim,trrust_dorothea_intersection,3,137,NFKB1,HLA-F,COX6C,Activation,0.013410104216341997,0.25,0,0.4324251778284935,0.4120252315125622,0.3225070460340971,0.323312307072884,0.1209233659911441,0.095155012749968,150
Kang_IFN_beta,stim,trrust_dorothea_intersection,3,2,ATF1,MAP1LC3B,CAP1,Activation,0.01397049710518416,0.25,0,0.4619514159173403,0.4616829955710792,0.3284122936518674,0.3300228157294412,0.0648235136223326,0.0602603677358743,2
Kang_IFN_beta,stim,trrust_dorothea_intersection,3,32,HIF1A,ALDOA,RAB8A,Activation,0.018656064869580234,0.25,0,0.4706750771708642,0.4687961347470282,0.3272044020936872,0.3250570393235888,0.1725942826466258,0.1448127768084841,32
Kang_IFN_beta,stim,trrust_dorothea_intersection,3,88,JUN,SPI1,BID,Activation,0.07865733409154853,0.25,0,0.7403033149912851,0.6109247080928812,0.3172728492819825,0.3137833847805727,0.2003757884847679,0.1441417259428286,93
Kang_IFN_beta,stim,trrust_dorothea_intersection,3,282,YBX1,SUMO1,PHF11,Repression,0.009332513619491596,0.25,0,0.3804858408267458,0.3965910616024821,0.3085491880284581,0.3088176083747204,1.614548382767453,0.6789692658703417,315
Kang_IFN_beta,stim,trrust_dorothea_intersection,3,127,NFKB1,CD69,MNDA,Activation,0.045511641195590424,0.25,0,0.6313246544088097,0.6503824989934303,0.307475506643409,0.3023755200644255,0.1209233659911441,0.095155012749968,138
Kang_IFN_beta,stim,trrust_dorothea_intersection,3,171,RELA,CD69,LACTB,Activation,0.07430482366015671,0.25,0,0.6313246544088097,0.5192591598443278,0.307475506643409,0.3029123607569501,0.0654945644879882,0.0603945779090054,191
Kang_IFN_beta,stim,trrust_dorothea_intersection,3,216,SPI1,MNDA,CD69,Activation,0.045511641195590424,0.25,0,0.6503824989934303,0.6313246544088097,0.3023755200644255,0.307475506643409,0.7403033149912851,0.3172728492819825,241
Kang_IFN_beta,stim,trrust_dorothea_intersection,3,7,ATF4,CEBPB,STX11,Activation,0.017922435264321364,0.25,0,0.5074486646087883,0.5207354717487699,0.2915044960408028,0.2933834384646389,0.1366259562474854,0.1138102268151951,7
Kang_IFN_beta,stim,trrust_dorothea_intersection,3,17,CEBPB,XBP1,EVL,Activation,0.008575776660564386,0.25,0,0.4156489061871,0.4016910481814632,0.2831834653066719,0.2827808347872785,0.5074486646087883,0.2915044960408028,17
Kang_IFN_beta,stim,trrust_dorothea_intersection,3,200,RORA,TUBA1B,TPM4,Activation,0.01879545959868528,0.25,0,0.4203462622466894,0.4402093678700945,0.2673466648771969,0.265601932626492,0.0785129512817076,0.0661656153536439,225
Kang_IFN_beta,stim,trrust_dorothea_intersection,3,61,IRF1,IRF2,KHDRBS1,Activation,0.018596988972172282,0.25,0,0.3865252986176447,0.3646490403972701,0.2692256073010329,0.2708361293786067,0.5240907260770497,0.3422359414843753,62
Kang_IFN_beta,stim,trrust_dorothea_intersection,3,191,RELA,PLAUR,CFD,Activation,0.046742869602695455,0.25,0,0.5368406925245025,0.5440880418735814,0.2537914373909514,0.2484230304657059,0.0654945644879882,0.0603945779090054,213
Kang_IFN_beta,stim,trrust_dorothea_intersection,3,223,STAT1,BAX,RAP1A,Activation,0.006432412697567806,0.25,0,0.330693866595095,0.3194202120520789,0.2509730237551973,0.2508388135820662,0.6730640182525867,0.4341699100792089,248
Kang_IFN_beta,stim,trrust_dorothea_intersection,3,147,NFKB1,PLAUR,CFD,Activation,0.046742869602695455,0.25,0,0.5368406925245025,0.5440880418735814,0.2537914373909514,0.2484230304657059,0.1209233659911441,0.095155012749968,160
Kang_IFN_beta,stim,trrust_dorothea_intersection,3,27,CREB1,UXT,TAGLN2,Activation,0.021819121605571208,0.25,0,0.3102939202791625,0.345456985639519,0.2545966984297382,0.2556703798147874,0.0616024694671855,0.0559656421956783,27
Kang_IFN_beta,stim,trrust_dorothea_intersection,3,85,JUN,PLAUR,LST1,Activation,0.023660973259267516,0.25,0,0.5368406925245025,0.5083881358207042,0.2537914373909514,0.2517782847939842,0.2003757884847679,0.1441417259428286,90
Kang_IFN_beta,stim,trrust_dorothea_intersection,3,3,ATF1,PLAUR,ATF5,Activation,0.04402321790725849,0.25,0,0.5368406925245025,0.4745671721916609,0.2537914373909514,0.2507046034089351,0.0648235136223326,0.0602603677358743,3
Kang_IFN_beta,stim,trrust_dorothea_intersection,3,92,JUND,PLAUR,ATF5,Activation,0.04402321790725849,0.25,0,0.5368406925245025,0.4745671721916609,0.2537914373909514,0.2507046034089351,0.0667024560461684,0.0613340491209233,98
Kang_IFN_beta,stim,trrust_dorothea_intersection,3,163,RELA,BAX,ARHGDIA,Repression,0.013074020592980616,0.25,0,0.330693866595095,0.3259965105355045,0.2509730237551973,0.2494967118507548,0.0654945644879882,0.0603945779090054,180
Kang_IFN_beta,stim,trrust_dorothea_intersection,3,33,HIF1A,BAX,ARHGDIA,Activation,0.013074020592980616,0.25,0,0.330693866595095,0.3259965105355045,0.2509730237551973,0.2494967118507548,0.1725942826466258,0.1448127768084841,33
Kang_IFN_beta,stim,trrust_dorothea_intersection,3,190,RELA,OPTN,AP1S2,Activation,0.008207586093399579,0.25,0,0.3227754663803567,0.3245201986310614,0.2323178096899719,0.2313783384780541,0.0654945644879882,0.0603945779090054,212
Kang_IFN_beta,stim,trrust_dorothea_intersection,3,226,STAT1,CD86,LSP1,Activation,0.05809516630541111,0.25,0,0.4661119312844,0.3627700979734334,0.2272178231109895,0.2276204536303829,0.6730640182525867,0.4341699100792089,253
Kang_IFN_beta,stim,trrust_dorothea_intersection,3,80,JUN,EZR,MAX,Activation,0.01401144015974078,0.25,0,0.3136491746074409,0.2949939605422124,0.2354046436719876,0.2364783250570366,0.2003757884847679,0.1441417259428286,85
Kang_IFN_beta,stim,trrust_dorothea_intersection,3,220,SPI1,SCARB2,MRPL18,Activation,0.031042534654441952,0.25,0,0.3654543014360565,0.3133807542611777,0.2288283451885629,0.230036236746743,0.7403033149912851,0.3172728492819825,245
Kang_IFN_beta,stim,trrust_dorothea_intersection,3,21,CREB1,HLA-DQB1,CFP,Activation,0.026061095727979437,0.25,0,0.5133539122265548,0.4887934505435597,0.231244128304923,0.2337941215944142,0.0616024694671855,0.0559656421956783,21
Kang_IFN_beta,stim,trrust_dorothea_intersection,3,130,NFKB1,CD86,HLA-DQB1,Activation,0.04384595691276103,0.25,0,0.4661119312844,0.5133539122265548,0.2272178231109895,0.231244128304923,0.1209233659911441,0.095155012749968,142
Kang_IFN_beta,stim,trrust_dorothea_intersection,3,173,RELA,CD86,MS4A6A,Activation,0.04800308969192776,0.25,0,0.4661119312844,0.5113407596295877,0.2272178231109895,0.2225204670514005,0.0654945644879882,0.0603945779090054,194
Kang_IFN_beta,stim,trrust_dorothea_intersection,3,289,YY1,GNAS,EWSR1,Activation,0.011946823746304607,0.25,0,0.297812374177967,0.2822439940947548,0.2282915044960385,0.2273520332841206,0.1108576030063096,0.0962286941350171,322
Kang_IFN_beta,stim,trrust_dorothea_intersection,3,224,STAT1,CCR1,APOL3,Activation,0.03733005447796385,0.25,0,0.390283183465314,0.3258623003623726,0.218494161857467,0.2195678432425159,0.6730640182525867,0.4341699100792089,251
Kang_IFN_beta,stim,trrust_dorothea_intersection,3,111,MYC,NOL7,TMEM219,Activation,0.00940838351865055,0.25,0,0.2727150718024435,0.2882834518856553,0.2198362635887781,0.2194336330693848,0.3137833847805695,0.1462890887129264,118
Kang_IFN_beta,stim,trrust_dorothea_intersection,3,117,NFKB1,ALOX5AP,CTSD,Activation,0.04535265554887706,0.25,0,0.4493356596430084,0.530130183867945,0.2154073278754513,0.2155415380485824,0.1209233659911441,0.095155012749968,124
Kang_IFN_beta,stim,trrust_dorothea_intersection,3,251,STAT1,UPP1,FBXO7,Activation,0.00978553910708643,0.25,0,0.2719098107636573,0.2596966850087236,0.2090994497382888,0.2082941886995021,0.6730640182525867,0.4341699100792089,281
Kang_IFN_beta,stim,trrust_dorothea_intersection,3,241,STAT1,MVP,XRCC5,Activation,0.005191294498026282,0.25,0,0.2595624748355929,0.2527177560059048,0.2066836666219287,0.2070862971413221,0.6730640182525867,0.4341699100792089,269
Kang_IFN_beta,stim,trrust_dorothea_intersection,3,172,RELA,CD83,CXCL16,Activation,0.055880009188876444,0.25,0,0.5036907797611143,0.5030197288954587,0.2041336733324375,0.2105757616427311,0.0654945644879882,0.0603945779090054,193
Kang_IFN_beta,stim,trrust_dorothea_intersection,3,129,NFKB1,CD83,CXCL16,Activation,0.055880009188876444,0.25,0,0.5036907797611143,0.5030197288954587,0.2041336733324375,0.2105757616427311,0.1209233659911441,0.095155012749968,141
Kang_IFN_beta,stim,trrust_dorothea_intersection,3,113,MYC,PMAIP1,SRSF2,Activation,0.032089151315701524,0.25,0,0.3274728224399464,0.2904308146557536,0.1991678969265862,0.2019863105623397,0.3137833847805695,0.1462890887129264,120
Kang_IFN_beta,stim,trrust_dorothea_intersection,3,41,HIF1A,NR3C1,DBNL,Activation,0.010944064251365695,0.25,0,0.2666756140115434,0.2536572272178226,0.202388941081733,0.2033284122936508,0.1725942826466258,0.1448127768084841,41
Kang_IFN_beta,stim,trrust_dorothea_intersection,3,292,YY1,NR3C1,SF3B5,Activation,0.00911272951721271,0.25,0,0.2666756140115434,0.2504361830626755,0.202388941081733,0.202388941081733,0.1108576030063096,0.0962286941350171,325
Kang_IFN_beta,stim,trrust_dorothea_intersection,3,225,STAT1,CD40,BRI3,Activation,0.026591793126118732,0.25,0,0.3061334049120961,0.272312441283051,0.195410012078915,0.1932626493088171,0.6730640182525867,0.4341699100792089,252
Kang_IFN_beta,stim,trrust_dorothea_intersection,3,231,STAT1,FCGRT,RHOH,Repression,0.017965933949041633,0.25,0,0.2855992484230337,0.2582203731042819,0.1912494967118504,0.1901758153268014,0.6730640182525867,0.4341699100792089,259
Kang_IFN_beta,stim,trrust_dorothea_intersection,3,208,SPI1,CD40,SERPINA1,Activation,0.023115262736920862,0.25,0,0.3061334049120961,0.3372701650785185,0.195410012078915,0.1936652798282105,0.7403033149912851,0.3172728492819825,233
Kang_IFN_beta,stim,trrust_dorothea_intersection,3,169,RELA,CD40,BRI3,Activation,0.026591793126118732,0.25,0,0.3061334049120961,0.272312441283051,0.195410012078915,0.1932626493088171,0.0654945644879882,0.0603945779090054,189
Kang_IFN_beta,stim,trrust_dorothea_intersection,3,125,NFKB1,CD40,HAVCR2,Activation,0.02592026579796835,0.25,0,0.3061334049120961,0.3132465440880465,0.195410012078915,0.1983626358877995,0.1209233659911441,0.095155012749968,136
Kang_IFN_beta,stim,trrust_dorothea_intersection,3,54,IRF1,CD40,SERPINA1,Activation,0.023115262736920862,0.25,0,0.3061334049120961,0.3372701650785185,0.195410012078915,0.1936652798282105,0.5240907260770497,0.3422359414843753,54
Kang_IFN_beta,stim,trrust_dorothea_intersection,3,199,RELB,CD40,SERPINA1,Activation,0.023115262736920862,0.25,0,0.3061334049120961,0.3372701650785185,0.195410012078915,0.1936652798282105,0.1350154341699122,0.1156891692390309,224
Kang_IFN_beta,stim,trrust_dorothea_intersection,3,248,STAT1,STAT3,MRPL51,Activation,0.006401504206305864,0.25,0,0.2312441283049252,0.2198362635887794,0.1872231915179169,0.1872231915179169,0.6730640182525867,0.4341699100792089,277
Kang_IFN_beta,stim,trrust_dorothea_intersection,3,31,HBP1,NCF1,CD40,Repression,0.031827664814149025,0.25,0,0.3548516977586948,0.3061334049120961,0.1935310696550793,0.195410012078915,0.2289625553616961,0.1869547711716546,31
Kang_IFN_beta,stim,trrust_dorothea_intersection,3,29,CREM,DUSP1,SERPINA1,Repression,0.02123897136888023,0.25,0,0.3310964971144854,0.3372701650785185,0.1912494967118504,0.1936652798282105,1.111394443698838,0.5016776271641737,29
Kang_IFN_beta,stim,trrust_dorothea_intersection,3,221,SPI1,STAT3,HBP1,Activation,0.0026570777111819357,0.25,0,0.2312441283049252,0.2289625553616961,0.1872231915179169,0.1869547711716546,0.7403033149912851,0.3172728492819825,246
Kang_IFN_beta,stim,trrust_dorothea_intersection,3,195,RELA,STAT3,MRPL51,Activation,0.006401504206305864,0.25,0,0.2312441283049252,0.2198362635887794,0.1872231915179169,0.1872231915179169,0.0654945644879882,0.0603945779090054,219
Kang_IFN_beta,stim,trrust_dorothea_intersection,3,211,SPI1,CYBB,IFNGR2,Activation,0.01631535721866745,0.25,0,0.2737887531874944,0.2751308549188053,0.1811837337270166,0.179304791303181,0.7403033149912851,0.3172728492819825,236
Kang_IFN_beta,stim,trrust_dorothea_intersection,3,233,STAT1,HMOX1,CTSZ,Activation,0.0693636554266046,0.25,0,0.3822305730774444,0.269091397127904,0.1766205878405587,0.1733995436854119,0.6730640182525867,0.4341699100792089,261
Kang_IFN_beta,stim,trrust_dorothea_intersection,3,55,IRF1,CYBB,LILRB2,Activation,0.01601096987853436,0.25,0,0.2737887531874944,0.2983492148704906,0.1811837337270166,0.1821232049389345,0.5240907260770497,0.3422359414843753,56
Kang_IFN_beta,stim,trrust_dorothea_intersection,3,69,IRF8,CYBB,LILRB2,Activation,0.01601096987853436,0.25,0,0.2737887531874944,0.2983492148704906,0.1811837337270166,0.1821232049389345,0.3143202254730948,0.1598443161991692,73
Kang_IFN_beta,stim,trrust_dorothea_intersection,3,138,NFKB1,HMOX1,RGS1,Activation,0.01826260058001645,0.25,0,0.3822305730774444,0.3497517111797127,0.1766205878405587,0.1764863776674276,0.1209233659911441,0.095155012749968,151
Kang_IFN_beta,stim,trrust_dorothea_intersection,3,263,STAT3,HMOX1,RGS1,Activation,0.01826260058001645,0.25,0,0.3822305730774444,0.3497517111797127,0.1766205878405587,0.1764863776674276,0.2312441283049252,0.1872231915179169,294
Kang_IFN_beta,stim,trrust_dorothea_intersection,3,22,CREB1,HMOX1,RGS1,Activation,0.01826260058001645,0.25,0,0.3822305730774444,0.3497517111797127,0.1766205878405587,0.1764863776674276,0.0616024694671855,0.0559656421956783,22
Kang_IFN_beta,stim,trrust_dorothea_intersection,3,283,YY1,APH1A,SNF8,Activation,0.00932073303125297,0.25,0,0.203596832639914,0.2029257817742585,0.1750100657629853,0.1739363843779364,0.1108576030063096,0.0962286941350171,316
Kang_IFN_beta,stim,trrust_dorothea_intersection,3,116,NFE2L2,HMOX1,SERPING1,Activation,0.06809920688906183,0.25,0,0.3822305730774444,0.263454569856397,0.1766205878405587,0.1782311099181321,0.4290699235002145,0.3050597235270484,123
Kang_IFN_beta,stim,trrust_dorothea_intersection,3,11,BACH1,HMOX1,RGS1,Repression,0.01826260058001645,0.25,0,0.3822305730774444,0.3497517111797127,0.1766205878405587,0.1764863776674276,0.0675077170849551,0.0583814253120386,11
Kang_IFN_beta,stim,trrust_dorothea_intersection,3,25,CREB1,PPP2CA,HELZ2,Activation,0.00265707771118205,0.25,0,0.2022547309086025,0.1999731579653737,0.1731311233391497,0.1728627029928874,0.0616024694671855,0.0559656421956783,25
Kang_IFN_beta,stim,trrust_dorothea_intersection,3,60,IRF1,IL27,ANKRD22,Activation,0.02100332769079251,0.25,0,0.3027781505838178,0.300228157294326,0.1681653469332984,0.1657495638169383,0.5240907260770497,0.3422359414843753,61
Kang_IFN_beta,stim,trrust_dorothea_intersection,3,72,IRF9,IL27,SLC16A3,Repression,0.03144892218112118,0.25,0,0.3027781505838178,0.2470809287343981,0.1681653469332984,0.1685679774526917,0.1795732116494438,0.1536706482351378,76
Kang_IFN_beta,stim,trrust_dorothea_intersection,3,239,STAT1,IRF8,DDIT4,Activation,0.018679304819159907,0.25,0,0.3143202254730948,0.2854650382499018,0.1598443161991692,0.1587706348141202,0.6730640182525867,0.4341699100792089,267
Kang_IFN_beta,stim,trrust_dorothea_intersection,3,218,SPI1,NCF2,VASP,Activation,0.01191968850073822,0.25,0,0.2316467588243196,0.2270836129378606,0.1605153670648247,0.1618574687961359,0.7403033149912851,0.3172728492819825,243
Kang_IFN_beta,stim,trrust_dorothea_intersection,3,101,MYC,DDX18,NDUFA2,Activation,0.005573074250195462,0.25,0,0.1878942423835732,0.1779626895718702,0.1590390551603825,0.1590390551603825,0.3137833847805695,0.1462890887129264,108
Kang_IFN_beta,stim,trrust_dorothea_intersection,3,70,IRF8,NCF2,LPAR6,Activation,0.008315714541034873,0.25,0,0.2316467588243196,0.2286941350154347,0.1605153670648247,0.1595758958529069,0.3143202254730948,0.1598443161991692,74
Kang_IFN_beta,stim,trrust_dorothea_intersection,3,15,CEBPB,TNFAIP6,S100A8,Activation,0.005890443313699945,0.25,0,0.5342906992350067,0.5326801771574332,0.1623943094886604,0.1617232586230048,0.5074486646087883,0.2915044960408028,15
Kang_IFN_beta,stim,trrust_dorothea_intersection,3,247,STAT1,STAT2,FUS,Activation,0.001963801750727259,0.25,0,0.1823916252851973,0.179573211649444,0.1539390685814,0.1540732787545312,0.6730640182525867,0.4341699100792089,276
Kang_IFN_beta,stim,trrust_dorothea_intersection,3,246,STAT1,SOCS3,SNRPD1,Activation,0.011536835509746697,0.25,0,0.2076231378338481,0.1880284525567045,0.1531338075426133,0.15273117702322,0.6730640182525867,0.4341699100792089,275
Kang_IFN_beta,stim,trrust_dorothea_intersection,3,9,ATF4,DDIT4,NCF2,Activation,0.03377980076297452,0.25,0,0.2854650382499018,0.2316467588243196,0.1587706348141202,0.1605153670648247,0.1366259562474854,0.1138102268151951,9
Kang_IFN_beta,stim,trrust_dorothea_intersection,3,242,STAT1,PIM1,LPXN,Activation,0.0055054954516627185,0.25,0,0.1980942155415387,0.1928600187894248,0.1505838142531221,0.1500469735605977,0.6730640182525867,0.4341699100792089,270
Kang_IFN_beta,stim,trrust_dorothea_intersection,3,192,RELA,RIPK2,ZEB2,Activation,0.009317994280728598,0.25,0,0.2076231378338486,0.208159978526373,0.1534022278888756,0.1523285465038266,0.0654945644879882,0.0603945779090054,214
Kang_IFN_beta,stim,trrust_dorothea_intersection,3,148,NFKB1,RIPK2,SPOCK2,Activation,0.012943218025341489,0.25,0,0.2076231378338486,0.2042678835055704,0.1534022278888756,0.1548785397933179,0.1209233659911441,0.095155012749968,161
Kang_IFN_beta,stim,trrust_dorothea_intersection,3,193,RELA,SOCS3,PHB,Activation,0.010382588996051495,0.25,0,0.2076231378338481,0.1939337001744737,0.1531338075426133,0.1523285465038266,0.0654945644879882,0.0603945779090054,216
Kang_IFN_beta,stim,trrust_dorothea_intersection,3,150,NFKB1,SOCS3,SERPINB9,Activation,0.011797289013083667,0.25,0,0.2076231378338481,0.2172862702992894,0.1531338075426133,0.1519259159844333,0.1209233659911441,0.095155012749968,163
Kang_IFN_beta,stim,trrust_dorothea_intersection,3,274,STAT3,SOCS3,ZEB2,Activation,0.006991335736596985,0.25,0,0.2076231378338481,0.208159978526373,0.1531338075426133,0.1523285465038266,0.2312441283049252,0.1872231915179169,306
Kang_IFN_beta,stim,trrust_dorothea_intersection,3,170,RELA,CD58,PIM1,Activation,0.005022796554165549,0.25,0,0.1947389612132609,0.1980942155415387,0.1511206549456466,0.1505838142531221,0.0654945644879882,0.0603945779090054,190
Kang_IFN_beta,stim,trrust_dorothea_intersection,3,126,NFKB1,CD58,USP30-AS1,Activation,0.008291121924003662,0.25,0,0.1947389612132609,0.1801100523419684,0.1511206549456466,0.1509864447725155,0.1209233659911441,0.095155012749968,137
Kang_IFN_beta,stim,trrust_dorothea_intersection,3,272,STAT3,PIM1,S1PR4,Activation,0.008443913485434718,0.25,0,0.1980942155415387,0.189638974634278,0.1505838142531221,0.1497785532143354,0.2312441283049252,0.1872231915179169,303
Kang_IFN_beta,stim,trrust_dorothea_intersection,3,62,IRF1,PSMB10,SPAG7,Activation,0.0021840426115628444,0.25,0,0.1680311367601677,0.1719232317809698,0.1487048718292865,0.1487048718292865,0.5240907260770497,0.3422359414843753,63
Kang_IFN_beta,stim,trrust_dorothea_intersection,3,187,RELA,MYC,SYNGR2,Activation,0.055639889495007915,0.25,0,0.3137833847805695,0.2237283586095833,0.1462890887129264,0.1436048852503041,0.0654945644879882,0.0603945779090054,209
Kang_IFN_beta,stim,trrust_dorothea_intersection,3,145,NFKB1,MYC,HN1,Activation,0.058006182590400454,0.25,0,0.3137833847805695,0.2166152194336335,0.1462890887129264,0.1485706616561554,0.1209233659911441,0.095155012749968,158
Kang_IFN_beta,stim,trrust_dorothea_intersection,3,270,STAT3,MYC,SGTB,Activation,0.054324435094498635,0.25,0,0.3137833847805695,0.2197020534156502,0.1462890887129264,0.1477654006173687,0.2312441283049252,0.1872231915179169,301
Kang_IFN_beta,stim,trrust_dorothea_intersection,3,291,YY1,MYC,CLEC4E,Repression,0.02994296255744231,0.25,0,0.3137833847805695,0.2802308414977878,0.1462890887129264,0.1436048852503041,0.1108576030063096,0.0962286941350171,324
Kang_IFN_beta,stim,trrust_dorothea_intersection,3,82,JUN,MYC,PDE4DIP,Activation,0.054839358422201216,0.25,0,0.3137833847805695,0.2160783787411093,0.1462890887129264,0.1464232988860575,0.2003757884847679,0.1441417259428286,87
Kang_IFN_beta,stim,trrust_dorothea_intersection,3,181,RELA,HIF1A,MORF4L2,Activation,0.0014309244696448804,0.25,0,0.1725942826466258,0.1700442893571343,0.1448127768084841,0.1448127768084841,0.0654945644879882,0.0603945779090054,203
Kang_IFN_beta,stim,trrust_dorothea_intersection,3,136,NFKB1,HIF1A,DTX3L,Activation,0.003512663249153227,0.25,0,0.1725942826466258,0.1732653335122813,0.1448127768084841,0.1452154073278775,0.1209233659911441,0.095155012749968,149
Kang_IFN_beta,stim,trrust_dorothea_intersection,3,95,LEF1,MYC,CLEC4E,Activation,0.02994296255744231,0.25,0,0.3137833847805695,0.2802308414977878,0.1462890887129264,0.1436048852503041,0.140920681787681,0.1103207623137857,102
Kang_IFN_beta,stim,trrust_dorothea_intersection,3,262,STAT3,HIF1A,MORF4L2,Activation,0.0014309244696448804,0.25,0,0.1725942826466258,0.1700442893571343,0.1448127768084841,0.1448127768084841,0.2312441283049252,0.1872231915179169,293
Kang_IFN_beta,stim,trrust_dorothea_intersection,3,23,CREB1,JUN,CD59,Repression,0.011728335464667995,0.25,0,0.2003757884847679,0.1853442490940818,0.1441417259428286,0.1432022547309107,0.0616024694671855,0.0559656421956783,23
Kang_IFN_beta,stim,trrust_dorothea_intersection,3,168,RELA,CCR5,VRK2,Activation,0.019390114029611903,0.25,0,0.2201046839350429,0.1856126694403443,0.1426654140383863,0.1427996242115174,0.0654945644879882,0.0603945779090054,188
Kang_IFN_beta,stim,trrust_dorothea_intersection,3,96,MEF2A,JUN,UBE2Z,Activation,0.007160343173861655,0.25,0,0.2003757884847679,0.1892363441148848,0.1441417259428286,0.1445443564622219,0.0814655750905926,0.0738155952221183,103
Kang_IFN_beta,stim,trrust_dorothea_intersection,3,16,CEBPB,TOP1,ADPGK,Activation,0.004041262071331962,0.25,0,0.1678969265870369,0.1642732519124962,0.1430680445577796,0.143470675077173,0.5074486646087883,0.2915044960408028,16
Kang_IFN_beta,stim,trrust_dorothea_intersection,3,244,STAT1,PML,ABT1,Activation,0.003941433282695974,0.25,0,0.1617232586230053,0.1550127499664489,0.1350154341699126,0.1348812239967815,0.6730640182525867,0.4341699100792089,272
Kang_IFN_beta,stim,trrust_dorothea_intersection,3,254,STAT2,PML,DOCK8,Activation,0.0024975269581154163,0.25,0,0.1617232586230053,0.1633337807005781,0.1350154341699126,0.1352838545161749,0.1823916252851973,0.1539390685814,284
Kang_IFN_beta,stim,trrust_dorothea_intersection,3,73,IRF9,PML,CCSER2,Activation,0.0034997218735555043,0.25,0,0.1617232586230053,0.1613206281036113,0.1350154341699126,0.135418064689306,0.1795732116494438,0.1536706482351378,77
Kang_IFN_beta,stim,trrust_dorothea_intersection,3,227,STAT1,CDKN1A,ITM2A,Activation,0.009910590444248826,0.25,0,0.1634679908737094,0.1695074486646098,0.1242786203194233,0.1253523017044723,0.6730640182525867,0.4341699100792089,254
Kang_IFN_beta,stim,trrust_dorothea_intersection,3,98,MYC,CDKN1A,GRINA,Repression,0.008661105551733059,0.25,0,0.1634679908737094,0.1543416991007935,0.1242786203194233,0.1234733592806365,0.3137833847805695,0.1462890887129264,105
Kang_IFN_beta,stim,trrust_dorothea_intersection,3,222,SPI1,WAS,CD247,Activation,0.003389031638632399,0.25,0,0.1505838142531219,0.1566232720440224,0.122936518588112,0.122936518588112,0.7403033149912851,0.3172728492819825,247
Kang_IFN_beta,stim,trrust_dorothea_intersection,3,174,RELA,CDKN1A,GRINA,Activation,0.008661105551733059,0.25,0,0.1634679908737094,0.1543416991007935,0.1242786203194233,0.1234733592806365,0.0654945644879882,0.0603945779090054,195
Kang_IFN_beta,stim,trrust_dorothea_intersection,3,258,STAT3,CDKN1A,SMIM14,Activation,0.0036312092846144508,0.25,0,0.1634679908737094,0.1684337672795609,0.1242786203194233,0.1245470406656855,0.2312441283049252,0.1872231915179169,289
Kang_IFN_beta,stim,trrust_dorothea_intersection,3,76,JUN,CDKN1A,SMIM14,Activation,0.0036312092846144508,0.25,0,0.1634679908737094,0.1684337672795609,0.1242786203194233,0.1245470406656855,0.2003757884847679,0.1441417259428286,81
Kang_IFN_beta,stim,trrust_dorothea_intersection,3,201,RUNX3,CASP8,SCO2,Activation,0.0023717249030967696,0.25,0,0.1440075157696971,0.1432022547309104,0.1245470406656855,0.1242786203194233,0.0746208562609051,0.0675077170849552,226
Kang_IFN_beta,stim,trrust_dorothea_intersection,3,13,CEBPB,CDKN1A,GRINA,Activation,0.008661105551733059,0.25,0,0.1634679908737094,0.1543416991007935,0.1242786203194233,0.1234733592806365,0.5074486646087883,0.2915044960408028,13
Kang_IFN_beta,stim,trrust_dorothea_intersection,3,28,CREM,CD247,DDAH2,Repression,0.0039324296710276435,0.25,0,0.1566232720440224,0.1598443161991692,0.122936518588112,0.1233391491075053,1.111394443698838,0.5016776271641737,28
Kang_IFN_beta,stim,trrust_dorothea_intersection,3,271,STAT3,MYD88,ERGIC3,Activation,0.00260880995508078,0.25,0,0.1409206817876812,0.1367601664206168,0.1201181049523582,0.1202523151254894,0.2312441283049252,0.1872231915179169,302
Kang_IFN_beta,stim,trrust_dorothea_intersection,3,87,JUN,RELB,GOLGA7,Activation,0.003573742352999518,0.25,0,0.1350154341699122,0.1301838679371919,0.1156891692390309,0.1159575895852932,0.2003757884847679,0.1441417259428286,92
Kang_IFN_beta,stim,trrust_dorothea_intersection,3,107,MYC,ID2,RP11-701P16.5,Activation,0.0012779454324291556,0.25,0,0.2201046839350426,0.2191652127231252,0.1134075962958017,0.1135418064689328,0.3137833847805695,0.1462890887129264,114
Kang_IFN_beta,stim,trrust_dorothea_intersection,3,118,NFKB1,ATF3,PEA15,Activation,0.009175301745899202,0.25,0,0.1528653871963508,0.1422627835189925,0.1140786471614574,0.1148839082002441,0.1209233659911441,0.095155012749968,125
Kang_IFN_beta,stim,trrust_dorothea_intersection,3,74,JUN,ATF3,TXNRD1,Activation,0.001656859912220348,0.25,0,0.1528653871963508,0.1558180110052356,0.1140786471614574,0.1140786471614574,0.2003757884847679,0.1441417259428286,78
Kang_IFN_beta,stim,trrust_dorothea_intersection,3,6,ATF4,ATF3,FNDC3B,Activation,0.006133176004316884,0.25,0,0.1528653871963508,0.1457522480204016,0.1140786471614574,0.1146154878539819,0.1366259562474854,0.1138102268151951,6
Kang_IFN_beta,stim,trrust_dorothea_intersection,3,94,KLF6,ATF3,TXNRD1,Activation,0.001656859912220348,0.25,0,0.1528653871963508,0.1558180110052356,0.1140786471614574,0.1140786471614574,0.9133002281572968,0.4415514696014219,100
Kang_IFN_beta,stim,trrust_dorothea_intersection,3,203,RUNX3,ICAM3,TRIM21,Repression,0.0030895634450666862,0.25,0,0.1297812374177985,0.1246812508388161,0.1124681250838838,0.1126023352570149,0.0746208562609051,0.0675077170849552,228
Kang_IFN_beta,stim,trrust_dorothea_intersection,3,50,HSF1,STIP1,ICAM3,Activation,0.004751662501024255,0.25,0,0.1371627969400098,0.1297812374177985,0.1121997047376215,0.1124681250838838,0.0640182525835458,0.0601261575627432,50
Kang_IFN_beta,stim,trrust_dorothea_intersection,3,213,SPI1,HCK,RIT1,Activation,0.002857634771598318,0.25,0,0.1415917326533368,0.1386391088444522,0.1101865521406546,0.1104549724869169,0.7403033149912851,0.3172728492819825,238
Kang_IFN_beta,stim,trrust_dorothea_intersection,3,259,STAT3,COPS5,SSR1,Activation,0.0022780269127079286,0.25,0,0.1221312575493246,0.1256207220507339,0.1092470809287367,0.1093812911018678,0.2312441283049252,0.1872231915179169,290
Kang_IFN_beta,stim,trrust_dorothea_intersection,3,79,JUN,DDIT3,ASF1A,Activation,0.0038655130496161997,0.25,0,0.1288417662058806,0.1258891423969959,0.1072339283317697,0.1068312978123763,0.2003757884847679,0.1441417259428286,84
Kang_IFN_beta,stim,trrust_dorothea_intersection,3,8,ATF4,DDIT3,DNAJA2,Activation,0.004049892689197634,0.25,0,0.1288417662058806,0.1229365185881113,0.1072339283317697,0.107502348678032,0.1366259562474854,0.1138102268151951,8
Kang_IFN_beta,stim,trrust_dorothea_intersection,3,5,ATF3,DDIT3,TNIP2,Activation,0.003941433282695844,0.25,0,0.1288417662058806,0.1221312575493245,0.1072339283317697,0.1070997181586386,0.1528653871963508,0.1140786471614574,5
Kang_IFN_beta,stim,trrust_dorothea_intersection,3,219,SPI1,P2RY10,BIN2,Activation,0.003141279563316178,0.25,0,0.1205207354717508,0.1167628506240794,0.1014628908871311,0.1017313112333934,0.7403033149912851,0.3172728492819825,244
Kang_IFN_beta,stim,trrust_dorothea_intersection,3,119,NFKB1,BCL2A1,ADM,Activation,0.016476430922819255,0.25,0,0.1595758958529066,0.1440075157696967,0.1010602603677377,0.0994497382901642,0.1209233659911441,0.095155012749968,127
Kang_IFN_beta,stim,trrust_dorothea_intersection,3,164,RELA,BCL2A1,CPVL,Activation,0.011108159867327558,0.25,0,0.1595758958529066,0.1529995973694815,0.1010602603677377,0.1022681519259179,0.0654945644879882,0.0603945779090054,181
Kang_IFN_beta,stim,trrust_dorothea_intersection,3,120,NFKB1,BIRC2,CCDC59,Activation,0.0026570777111819895,0.25,0,0.1128707556032767,0.1151523285465058,0.100254999328951,0.0999865789826887,0.1209233659911441,0.095155012749968,128
Kang_IFN_beta,stim,trrust_dorothea_intersection,3,165,RELA,BIRC2,ABHD3,Activation,0.002447055098441415,0.25,0,0.1128707556032767,0.1142128573345881,0.100254999328951,0.1005234196752132,0.0654945644879882,0.0603945779090054,182
Kang_IFN_beta,stim,trrust_dorothea_intersection,3,114,MYC,PRDX3,MAF1,Activation,0.001428817385798925,0.25,0,0.1089786605824741,0.1075023486780317,0.0983760569051151,0.098241846731984,0.3137833847805695,0.1462890887129264,121
Kang_IFN_beta,stim,trrust_dorothea_intersection,3,12,CEBPB,ADM,PIM2,Activation,0.011871588777605661,0.25,0,0.1440075157696967,0.1245470406656845,0.0994497382901642,0.0989128975976397,0.5074486646087883,0.2915044960408028,12
Kang_IFN_beta,stim,trrust_dorothea_intersection,3,153,NFKB1,TNFAIP3,POLR2K,Activation,0.0017868711765001068,0.25,0,0.1112602335257031,0.1088444504093428,0.097168165346935,0.0970339551738038,0.1209233659911441,0.095155012749968,168
Kang_IFN_beta,stim,trrust_dorothea_intersection,3,196,RELA,TNFAIP3,GNB4,Activation,0.0018074835406039769,0.25,0,0.1112602335257031,0.1144812776808501,0.097168165346935,0.097168165346935,0.0654945644879882,0.0603945779090054,221
Kang_IFN_beta,stim,trrust_dorothea_intersection,3,152,NFKB1,TLR2,CXORF21,Activation,0.0036705826476631184,0.25,0,0.1214602066836685,0.1234733592806354,0.0963629043081482,0.0959602737887548,0.1209233659911441,0.095155012749968,167
Kang_IFN_beta,stim,trrust_dorothea_intersection,3,162,REL,TNFAIP3,EFHD2,Activation,0.00165685991222023,0.25,0,0.1112602335257031,0.1142128573345877,0.097168165346935,0.097168165346935,0.1406522614414189,0.0997181586364264,179
Kang_IFN_beta,stim,trrust_dorothea_intersection,3,46,HIF1A,TLR2,ORAI2,Activation,0.005150331794750754,0.25,0,0.1214602066836685,0.11327338612267,0.0963629043081482,0.0960944839618859,0.1725942826466258,0.1448127768084841,46
Kang_IFN_beta,stim,trrust_dorothea_intersection,3,206,SPI1,ACP5,KLF2,Activation,0.01345595524787036,0.25,0,0.1437390954234346,0.1198496846060948,0.094081331364919,0.0939471211917878,0.7403033149912851,0.3172728492819825,231
Kang_IFN_beta,stim,trrust_dorothea_intersection,3,257,STAT3,CCND3,PPP4R2,Activation,0.0024749272835589086,0.25,0,0.1116628640450966,0.1077707690242939,0.0959602737887548,0.0960944839618859,0.2312441283049252,0.1872231915179169,288
Kang_IFN_beta,stim,trrust_dorothea_intersection,3,188,RELA,NFKB1,TIMM13,Activation,0.00623225253668474,0.25,0,0.1209233659911441,0.1135418064689322,0.095155012749968,0.0946181720574435,0.0654945644879882,0.0603945779090054,210
Kang_IFN_beta,stim,trrust_dorothea_intersection,3,157,RBPJ,NFKB1,TIMM13,Activation,0.00623225253668474,0.25,0,0.1209233659911441,0.1135418064689322,0.095155012749968,0.0946181720574435,0.0860287209770509,0.0773050597235277,173
Kang_IFN_beta,stim,trrust_dorothea_intersection,3,52,IRF1,CASP7,FUNDC2,Activation,0.0012779454324293006,0.25,0,0.1029392027915732,0.1019997315796554,0.0911287075560341,0.090994497382903,0.5240907260770497,0.3422359414843753,52
Kang_IFN_beta,stim,trrust_dorothea_intersection,3,36,HIF1A,FAM162A,ARHGAP15,Activation,0.001277945432429348,0.25,0,0.0959602737887544,0.0968997450006724,0.0861629311501823,0.0862971413233134,0.1725942826466258,0.1448127768084841,36
Kang_IFN_beta,stim,trrust_dorothea_intersection,3,93,JUND,TGFB1,C16ORF13,Activation,0.0022136262732952794,0.25,0,0.098778687424508,0.0954234330962299,0.0846866192457399,0.0845524090726087,0.0667024560461684,0.0613340491209233,99
Kang_IFN_beta,stim,trrust_dorothea_intersection,3,215,SPI1,ITGB2,B3GNT2,Activation,0.0032384080102487584,0.25,0,0.1017313112333927,0.0959602737887544,0.0830760971681663,0.0830760971681663,0.7403033149912851,0.3172728492819825,240
Kang_IFN_beta,stim,trrust_dorothea_intersection,3,286,YY1,DNAJB4,SATB1,Activation,0.009548409045124794,0.25,0,0.1132733861226697,0.0974365856931968,0.0838813582069531,0.0834787276875597,0.1108576030063096,0.0962286941350171,319
Kang_IFN_beta,stim,trrust_dorothea_intersection,3,217,SPI1,MSR1,TNFAIP2,Activation,0.003539655267016141,0.25,0,0.1034760434840974,0.1097839216212603,0.0821366259562484,0.0821366259562484,0.7403033149912851,0.3172728492819825,242
Kang_IFN_beta,stim,trrust_dorothea_intersection,3,38,HIF1A,ITGB2,B3GNT2,Activation,0.0032384080102487584,0.25,0,0.1017313112333927,0.0959602737887544,0.0830760971681663,0.0830760971681663,0.1725942826466258,0.1448127768084841,38
Kang_IFN_beta,stim,trrust_dorothea_intersection,3,288,YY1,FDPS,MRPS34,Repression,0.001310809890342532,0.25,0,0.0942155415380498,0.0931418601530008,0.0829418869950352,0.0830760971681663,0.1108576030063096,0.0962286941350171,321
Kang_IFN_beta,stim,trrust_dorothea_intersection,3,212,SPI1,ERAP2,MRPS14,Activation,0.0011665739578515532,0.25,0,0.0893839753053292,0.0895181854784604,0.0802576835324126,0.0803918937055437,0.7403033149912851,0.3172728492819825,237
Kang_IFN_beta,stim,trrust_dorothea_intersection,3,91,JUND,NQO2,TDP2,Activation,0.0023430782511336466,0.25,0,0.0982418467319835,0.094618172057443,0.0805261038786748,0.0803918937055437,0.0667024560461684,0.0613340491209233,97
Kang_IFN_beta,stim,trrust_dorothea_intersection,3,57,IRF1,ERAP2,RNF115,Activation,0.0023331479157038745,0.25,0,0.0893839753053292,0.0896523956515914,0.0802576835324126,0.0799892631861503,0.5240907260770497,0.3422359414843753,58
Kang_IFN_beta,stim,trrust_dorothea_intersection,3,42,HIF1A,PFKFB3,R3HDM4,Activation,0.0026764187174674876,0.25,0,0.0927392296336073,0.0884445040934113,0.0789155818011013,0.0790497919742324,0.1725942826466258,0.1448127768084841,42
Kang_IFN_beta,stim,trrust_dorothea_intersection,3,230,STAT1,FAS,APMAP,Activation,0.0006024945135345919,0.25,0,0.0876392430546245,0.0887129244396734,0.0750234867802985,0.0750234867802985,0.6730640182525867,0.4341699100792089,258
Kang_IFN_beta,stim,trrust_dorothea_intersection,3,197,RELA,TRAF1,C19ORF24,Activation,0.0012049890270693156,0.25,0,0.0895181854784602,0.0873708227083622,0.0764997986847409,0.0764997986847409,0.0654945644879882,0.0603945779090054,222
Kang_IFN_beta,stim,trrust_dorothea_intersection,3,154,NFKB1,TRAF1,MESDC1,Activation,0.0024087275698100046,0.25,0,0.0895181854784602,0.0857603006307887,0.0764997986847409,0.0763655885116098,0.1209233659911441,0.095155012749968,170
Kang_IFN_beta,stim,trrust_dorothea_intersection,3,115,MYC,SRSF1,PPIE,Activation,0.0003012472567673341,0.25,0,0.0825392564756416,0.0820024157831171,0.0739498053952495,0.0739498053952495,0.3137833847805695,0.1462890887129264,122
Kang_IFN_beta,stim,trrust_dorothea_intersection,3,134,NFKB1,FAS,TMEM126A,Activation,0.0026088099550807707,0.25,0,0.0876392430546245,0.0834787276875594,0.0750234867802985,0.0748892766071674,0.1209233659911441,0.095155012749968,147
Kang_IFN_beta,stim,trrust_dorothea_intersection,3,287,YY1,FAS,LAMTOR3,Repression,0.002676418717467554,0.25,0,0.0876392430546245,0.0833445175144283,0.0750234867802985,0.0751576969534296,0.1108576030063096,0.0962286941350171,320
Kang_IFN_beta,stim,trrust_dorothea_intersection,3,261,STAT3,FAS,LAMTOR3,Repression,0.002676418717467554,0.25,0,0.0876392430546245,0.0833445175144283,0.0750234867802985,0.0751576969534296,0.2312441283049252,0.1872231915179169,292
Kang_IFN_beta,stim,trrust_dorothea_intersection,3,81,JUN,FAS,APMAP,Activation,0.0006024945135345919,0.25,0,0.0876392430546245,0.0887129244396734,0.0750234867802985,0.0750234867802985,0.2003757884847679,0.1441417259428286,86
Kang_IFN_beta,stim,trrust_dorothea_intersection,3,177,RELA,CXCL2,CA2,Activation,0.02408776845720818,0.25,0,0.1555495906589729,0.1168970607972097,0.0720708629714136,0.0732787545295938,0.0654945644879882,0.0603945779090054,199
Kang_IFN_beta,stim,trrust_dorothea_intersection,3,133,NFKB1,CXCL2,CA2,Activation,0.02408776845720818,0.25,0,0.1555495906589729,0.1168970607972097,0.0720708629714136,0.0732787545295938,0.1209233659911441,0.095155012749968,146
Kang_IFN_beta,stim,trrust_dorothea_intersection,3,48,HSF1,HSPA1B,PASK,Activation,0.014360077692569794,0.25,0,0.1213259965105369,0.1002549993289502,0.071399812105758,0.0723392833176759,0.0640182525835458,0.0601261575627432,48
Kang_IFN_beta,stim,trrust_dorothea_intersection,3,281,YBX1,KPNA2,EMB,Repression,0.004515217128704248,0.25,0,0.0873708227083621,0.0822708361293792,0.0709971815863646,0.071399812105758,1.614548382767453,0.6789692658703417,314
Kang_IFN_beta,stim,trrust_dorothea_intersection,3,84,JUN,PDHA1,SET,Activation,0.0011641404252848986,0.25,0,0.0779761105891832,0.0779761105891832,0.0687156086431354,0.0685813984700042,0.2003757884847679,0.1441417259428286,89
Kang_IFN_beta,stim,trrust_dorothea_intersection,3,266,STAT3,IFNAR1,MRPS11,Activation,0.0011738442857593834,0.25,0,0.0720708629714136,0.0723392833176758,0.0673735069118241,0.0672392967386929,0.2312441283049252,0.1872231915179169,297
Kang_IFN_beta,stim,trrust_dorothea_intersection,3,40,HIF1A,MIF,LCP2,Activation,0.0015815480980285249,0.25,0,0.0715340222788891,0.0743524359146428,0.0673735069118241,0.0673735069118241,0.1725942826466258,0.1448127768084841,40
Kang_IFN_beta,stim,trrust_dorothea_intersection,3,205,SATB1,CD8B,FGR,Activation,0.01591143667606261,0.25,0,0.1081733995436863,0.0801234733592812,0.0673735069118241,0.0671050865655618,0.0974365856931968,0.0834787276875597,230
Kang_IFN_beta,stim,trrust_dorothea_intersection,3,30,HBP1,MIF,LCP2,Repression,0.0015815480980285249,0.25,0,0.0715340222788891,0.0743524359146428,0.0673735069118241,0.0673735069118241,0.2289625553616961,0.1869547711716546,30
Kang_IFN_beta,stim,trrust_dorothea_intersection,3,102,MYC,HDAC2,SAYSD1,Activation,0.0013556126554530729,0.25,0,0.0697892900281843,0.0722050731445447,0.0657629848342505,0.0657629848342505,0.3137833847805695,0.1462890887129264,109
Kang_IFN_beta,stim,trrust_dorothea_intersection,3,83,JUN,NFKB2,HTATSF1,Activation,0.0012779454324293436,0.25,0,0.0731445443564625,0.0740840155683805,0.0667024560461684,0.0665682458730373,0.2003757884847679,0.1441417259428286,88
Kang_IFN_beta,stim,trrust_dorothea_intersection,3,44,HIF1A,RORA,ATXN3,Activation,0.003299944744790585,0.25,0,0.0785129512817076,0.0730103341833314,0.0661656153536439,0.066299825526775,0.1725942826466258,0.1448127768084841,44
Kang_IFN_beta,stim,trrust_dorothea_intersection,3,106,MYC,HSPA4,DHPS,Activation,0.0015211077710308466,0.25,0,0.0723392833176758,0.0705945510669712,0.0640182525835458,0.0641524627566769,0.3137833847805695,0.1462890887129264,113
Kang_IFN_beta,stim,trrust_dorothea_intersection,3,49,HSF1,HSPA4,CPNE3,Activation,0.001844659255149471,0.25,0,0.0723392833176758,0.0697892900281844,0.0640182525835458,0.0641524627566769,0.0640182525835458,0.0601261575627432,49
Kang_IFN_beta,stim,trrust_dorothea_intersection,3,26,CREB1,PSEN1,CKS1B,Activation,0.0008284299561102243,0.25,0,0.0712656019326268,0.0697892900281843,0.0637498322372836,0.0637498322372836,0.0616024694671855,0.0559656421956783,26
Kang_IFN_beta,stim,trrust_dorothea_intersection,3,198,RELA,XIAP,EMD,Activation,0.0001506236283836948,0.25,0,0.0677761374312174,0.0680445577774797,0.0617366796403166,0.0617366796403166,0.0654945644879882,0.0603945779090054,223
Kang_IFN_beta,stim,trrust_dorothea_intersection,3,155,NFKB1,XIAP,PPP1R10,Activation,0.00120248610781678,0.25,0,0.0677761374312174,0.0683129781237419,0.0617366796403166,0.0618708898134478,0.1209233659911441,0.095155012749968,171
Kang_IFN_beta,stim,trrust_dorothea_intersection,3,86,JUN,POLD2,OXA1L,Activation,0.0011858624515492069,0.25,0,0.0667024560461684,0.066299825526775,0.059991947389612,0.0601261575627432,0.2003757884847679,0.1441417259428286,91
Kang_IFN_beta,stim,trrust_dorothea_intersection,3,24,CREB1,POLD2,GTF2H1,Activation,0.001347087357110366,0.25,0,0.0667024560461684,0.0654945644879883,0.059991947389612,0.0598577372164809,0.0616024694671855,0.0559656421956783,24
Kang_IFN_beta,stim,trrust_dorothea_intersection,3,108,MYC,IER3,MGLL,Repression,0.00433055277586666,0.25,0,0.0807945242249367,0.0762313783384784,0.0578445846195141,0.0574419541001207,0.3137833847805695,0.1462890887129264,115
Kang_IFN_beta,stim,trrust_dorothea_intersection,3,183,RELA,IER3,MAP3K8,Activation,0.007292205597168526,0.25,0,0.0807945242249367,0.0693866595087909,0.0578445846195141,0.0582472151389074,0.0654945644879882,0.0603945779090054,205
Kang_IFN_beta,stim,trrust_dorothea_intersection,3,140,NFKB1,IER3,MGLL,Activation,0.00433055277586666,0.25,0,0.0807945242249367,0.0762313783384784,0.0578445846195141,0.0574419541001207,0.1209233659911441,0.095155012749968,153
Kang_IFN_beta,stim,trrust_dorothea_intersection,3,235,STAT1,ICAM1,PHIP,Activation,0.0021087307973713665,0.25,0,0.066299825526775,0.0625419406791034,0.0560998523688095,0.0560998523688095,0.6730640182525867,0.4341699100792089,263
Kang_IFN_beta,stim,trrust_dorothea_intersection,3,161,REL,IER3,TSHZ2,Activation,0.004958548156013065,0.25,0,0.0807945242249367,0.0722050731445446,0.0578445846195141,0.0579787947926452,0.1406522614414189,0.0997181586364264,178
Kang_IFN_beta,stim,trrust_dorothea_intersection,3,260,STAT3,ETV6,WDR46,Activation,0.0012049890270693225,0.25,0,0.0634814118910213,0.0613340491209233,0.0573077439269896,0.0573077439269896,0.2312441283049252,0.1872231915179169,291
Kang_IFN_beta,stim,trrust_dorothea_intersection,3,182,RELA,ICAM1,RNF146,Activation,0.0026764187174679174,0.25,0,0.066299825526775,0.0620050999865789,0.0560998523688095,0.0559656421956783,0.0654945644879882,0.0603945779090054,204
Kang_IFN_beta,stim,trrust_dorothea_intersection,3,139,NFKB1,ICAM1,HNRNPLL,Activation,0.002621619780685915,0.25,0,0.066299825526775,0.0641524627566769,0.0560998523688095,0.0558314320225472,0.1209233659911441,0.095155012749968,152
Kang_IFN_beta,stim,trrust_dorothea_intersection,3,0,ATF1,CCNA1,MGLL,Repression,0.012337570062993884,0.25,0,0.0927392296336067,0.0762313783384784,0.0565024828882028,0.0574419541001207,0.0648235136223326,0.0602603677358743,0
Kang_IFN_beta,stim,trrust_dorothea_intersection,3,265,STAT3,ICAM1,HNRNPLL,Activation,0.002621619780685915,0.25,0,0.066299825526775,0.0641524627566769,0.0560998523688095,0.0558314320225472,0.2312441283049252,0.1872231915179169,296
Kang_IFN_beta,stim,trrust_dorothea_intersection,3,240,STAT1,JAK2,DCP2,Activation,0.0003765590709591468,0.25,0,0.0605287880821365,0.0598577372164809,0.0546235404643671,0.0546235404643671,0.6730640182525867,0.4341699100792089,268
Kang_IFN_beta,stim,trrust_dorothea_intersection,3,160,REL,ICAM1,DPM2,Activation,0.0026764187174679174,0.25,0,0.066299825526775,0.0620050999865789,0.0560998523688095,0.0559656421956783,0.1406522614414189,0.0997181586364264,177
Kang_IFN_beta,stim,trrust_dorothea_intersection,3,204,RUNX3,TCF4,HNRNPLL,Activation,0.003539655267016259,0.25,0,0.07046034089384,0.0641524627566769,0.0558314320225472,0.0558314320225472,0.0746208562609051,0.0675077170849552,229
Kang_IFN_beta,stim,trrust_dorothea_intersection,3,89,JUN,STMN1,CMTM8,Activation,0.0023346662399468254,0.25,0,0.0734129647027247,0.0692524493356598,0.0551603811568916,0.0551603811568916,0.2003757884847679,0.1441417259428286,94
Kang_IFN_beta,stim,trrust_dorothea_intersection,3,128,NFKB1,CD80,DUSP10,Activation,0.002861848939289667,0.25,0,0.0669708763924306,0.0618708898134478,0.0550261709837605,0.0550261709837605,0.1209233659911441,0.095155012749968,140
Kang_IFN_beta,stim,trrust_dorothea_intersection,3,180,RELA,HDAC1,BLCAP,Activation,0.0012487634790574085,0.25,0,0.0571735337538584,0.0579787947926452,0.0546235404643671,0.054489330291236,0.0654945644879882,0.0603945779090054,202
Kang_IFN_beta,stim,trrust_dorothea_intersection,3,112,MYC,PCNA,UPF3B,Activation,0.00030124725676732717,0.25,0,0.0573077439269896,0.0578445846195141,0.0530130183867936,0.0530130183867936,0.3137833847805695,0.1462890887129264,119
Kang_IFN_beta,stim,trrust_dorothea_intersection,3,97,MYC,CCND2,ZC3H13,Activation,0.0012803008412611422,0.25,0,0.0601261575627432,0.0578445846195141,0.0508656556166957,0.0508656556166957,0.3137833847805695,0.1462890887129264,104
Kang_IFN_beta,stim,trrust_dorothea_intersection,3,123,NFKB1,CCND2,MRPL46,Activation,0.0020334189831794844,0.25,0,0.0601261575627432,0.0565024828882028,0.0508656556166957,0.0508656556166957,0.1209233659911441,0.095155012749968,134
Kang_IFN_beta,stim,trrust_dorothea_intersection,3,256,STAT3,CCND2,MDK,Activation,0.00143092446964483,0.25,0,0.0601261575627432,0.0575761642732518,0.0508656556166957,0.0508656556166957,0.2312441283049252,0.1872231915179169,287
Kang_IFN_beta,stim,trrust_dorothea_intersection,3,156,NFKB2,CCND2,MRPL46,Activation,0.0020334189831794844,0.25,0,0.0601261575627432,0.0565024828882028,0.0508656556166957,0.0508656556166957,0.0731445443564625,0.0667024560461684,172
Kang_IFN_beta,stim,trrust_dorothea_intersection,4,146,NFKB1,NFKBIA,ANXA2,Activation,0.1888199991172143,0.25,0,2.46356193799492,2.6334720171789243,0.5634143068044745,0.5446248825661221,0.1209233659911441,0.095155012749968,159
Kang_IFN_beta,stim,trrust_dorothea_intersection,4,214,SPI1,IFIT3,RPL34,Activation,0.23856921308736428,0.25,0,6.844047778821768,6.606629982552764,0.9171923231780238,0.9400080526103088,0.7403033149912851,0.3172728492819825,239
Kang_IFN_beta,stim,trrust_dorothea_intersection,4,252,STAT2,IFIT3,RPL34,Activation,0.23856921308736428,0.25,0,6.844047778821768,6.606629982552764,0.9171923231780238,0.9400080526103088,0.1823916252851973,0.1539390685814,282
Kang_IFN_beta,stim,trrust_dorothea_intersection,4,71,IRF9,IFIT3,RPL34,Activation,0.23856921308736428,0.25,0,6.844047778821768,6.606629982552764,0.9171923231780238,0.9400080526103088,0.1795732116494438,0.1536706482351378,75
Kang_IFN_beta,stim,trrust_dorothea_intersection,4,236,STAT1,IFIT3,RPL34,Activation,0.23856921308736428,0.25,0,6.844047778821768,6.606629982552764,0.9171923231780238,0.9400080526103088,0.6730640182525867,0.4341699100792089,264
Kang_IFN_beta,stim,trrust_dorothea_intersection,4,59,IRF1,IFIT3,RPL34,Activation,0.23856921308736428,0.25,0,6.844047778821768,6.606629982552764,0.9171923231780238,0.9400080526103088,0.5240907260770497,0.3422359414843753,60
Kang_IFN_beta,stim,trrust_dorothea_intersection,4,189,RELA,NFKBIA,ANXA2,Activation,0.1888199991172143,0.25,0,2.46356193799492,2.6334720171789243,0.5634143068044745,0.5446248825661221,0.0654945644879882,0.0603945779090054,211
Kang_IFN_beta,stim,trrust_dorothea_intersection,4,228,STAT1,CTSB,S100A4,Activation,0.0326794345636599,0.25,0,1.9124949671185387,1.9083344517514755,0.3957858005637018,0.3995436854113738,0.6730640182525867,0.4341699100792089,255
Kang_IFN_beta,stim,trrust_dorothea_intersection,4,124,NFKB1,CCR7,NPC2,Activation,0.2750353212425387,0.25,0,2.326264930881789,1.965642195678473,0.500603945779125,0.5220775734800992,0.1209233659911441,0.095155012749968,135
Kang_IFN_beta,stim,trrust_dorothea_intersection,4,58,IRF1,HLA-A,RPL32,Activation,0.18483747414019605,0.25,0,8.367064823513704,8.614145752248078,0.9914105489195156,0.9773184807407514,0.5240907260770497,0.3422359414843753,59
Kang_IFN_beta,stim,trrust_dorothea_intersection,4,243,STAT1,PLSCR1,DYNLT1,Activation,0.23688431231011173,0.25,0,2.672124547040689,2.737887531874933,0.7327875452959082,0.7058113004965594,0.6730640182525867,0.4341699100792089,271
Kang_IFN_beta,stim,trrust_dorothea_intersection,4,132,NFKB1,CTSB,HSPB1,Activation,0.04432673397191068,0.25,0,1.9124949671185387,1.854784592672156,0.3957858005637018,0.392296336062292,0.1209233659911441,0.095155012749968,144
Kang_IFN_beta,stim,trrust_dorothea_intersection,4,176,RELA,CTSB,HSPB1,Activation,0.04432673397191068,0.25,0,1.9124949671185387,1.854784592672156,0.3957858005637018,0.392296336062292,0.0654945644879882,0.0603945779090054,197
Kang_IFN_beta,stim,trrust_dorothea_intersection,4,78,JUN,CTSL,HSPA1A,Activation,0.1478458340111204,0.25,0,2.1477654006173896,2.1477654006173914,0.3599516843376863,0.3769963763253416,0.2003757884847679,0.1441417259428286,83
Kang_IFN_beta,stim,trrust_dorothea_intersection,4,141,NFKB1,IL1RN,CTSL,Activation,0.07746892616255974,0.25,0,2.0543551201181303,2.1477654006173896,0.3533753858542602,0.3599516843376863,0.1209233659911441,0.095155012749968,154
Kang_IFN_beta,stim,trrust_dorothea_intersection,4,229,STAT1,CTSL,FAM26F,Activation,0.07494237681379629,0.25,0,2.1477654006173896,2.056502482888232,0.3599516843376863,0.3662595624748501,0.6730640182525867,0.4341699100792089,256
Kang_IFN_beta,stim,trrust_dorothea_intersection,4,280,TCF4,VIM,DYNLT1,Activation,0.2019900530383386,0.25,0,2.935579116897079,2.737887531874933,0.7252717756005672,0.7058113004965594,0.07046034089384,0.0558314320225472,313
Kang_IFN_beta,stim,trrust_dorothea_intersection,4,67,IRF3,IRF7,SH3BGRL3,Activation,0.24854532686434583,0.25,0,2.843376727955996,3.285599248423045,0.7845926721245083,0.7862031942020814,0.0807945242249369,0.0734129647027249,70
Kang_IFN_beta,stim,trrust_dorothea_intersection,4,185,RELA,IRF7,GNB2L1,Activation,0.278644139256649,0.25,0,2.843376727955996,2.498053952489636,0.7845926721245083,0.8076768219030556,0.0654945644879882,0.0603945779090054,207
Kang_IFN_beta,stim,trrust_dorothea_intersection,4,232,STAT1,HLA-E,RPL27A,Activation,0.17215976712625614,0.25,0,3.996778955844908,4.170178499530317,0.9276607166822488,0.911287075560256,0.6730640182525867,0.4341699100792089,260
Kang_IFN_beta,stim,trrust_dorothea_intersection,4,143,NFKB1,IRF7,SH3BGRL3,Activation,0.24854532686434583,0.25,0,2.843376727955996,3.285599248423045,0.7845926721245083,0.7862031942020814,0.1209233659911441,0.095155012749968,156
Kang_IFN_beta,stim,trrust_dorothea_intersection,4,264,STAT3,HSPB1,CTSB,Activation,0.04432673397191068,0.25,0,1.854784592672156,1.9124949671185387,0.392296336062292,0.3957858005637018,0.2312441283049252,0.1872231915179169,295
Kang_IFN_beta,stim,trrust_dorothea_intersection,4,293,ZEB2,VIM,DYNLT1,Activation,0.2019900530383386,0.25,0,2.935579116897079,2.737887531874933,0.7252717756005672,0.7058113004965594,0.208159978526373,0.1523285465038266,326
Kang_IFN_beta,stim,trrust_dorothea_intersection,4,238,STAT1,IRF7,GNB2L1,Activation,0.278644139256649,0.25,0,2.843376727955996,2.498053952489636,0.7845926721245083,0.8076768219030556,0.6730640182525867,0.4341699100792089,266
Kang_IFN_beta,stim,trrust_dorothea_intersection,4,234,STAT1,HSP90AA1,BTG1,Repression,0.24343270073393525,0.25,0,2.766742719098114,2.333109649711475,0.7035297275533309,0.7027244665145443,0.6730640182525867,0.4341699100792089,262
Kang_IFN_beta,stim,trrust_dorothea_intersection,4,37,HIF1A,GAPDH,CYBA,Activation,0.1357954836409398,0.25,0,2.7429875184539174,2.97248691450813,0.6765534827539821,0.6715877063481318,0.1725942826466258,0.1448127768084841,37
Kang_IFN_beta,stim,trrust_dorothea_intersection,4,18,CEBPD,GAPDH,CYBA,Activation,0.1357954836409398,0.25,0,2.7429875184539174,2.97248691450813,0.6765534827539821,0.6715877063481318,0.1680311367601677,0.1130049657764083,18
Kang_IFN_beta,stim,trrust_dorothea_intersection,4,250,STAT1,TNFSF13B,SDCBP,Activation,0.15221003334215188,0.25,0,1.8700845524091103,1.8410951550127956,0.4763119044423882,0.4937592269494369,0.6730640182525867,0.4341699100792089,280
Kang_IFN_beta,stim,trrust_dorothea_intersection,4,207,SPI1,CCL5,S100A8,Activation,0.16106968915075331,0.25,0,0.7860689840289914,0.5326801771574332,0.1704469198765273,0.1617232586230048,0.7403033149912851,0.3172728492819825,232
Kang_IFN_beta,stim,trrust_dorothea_intersection,4,167,RELA,CCL5,HLA-DQA1,Activation,0.15684536834473647,0.25,0,0.7860689840289914,0.5379143739095493,0.1704469198765273,0.1787679506106566,0.0654945644879882,0.0603945779090054,187
Kang_IFN_beta,stim,trrust_dorothea_intersection,4,19,CREB1,CCL5,TNFAIP6,Activation,0.15760787872722729,0.25,0,0.7860689840289914,0.5342906992350067,0.1704469198765273,0.1623943094886604,0.0616024694671855,0.0559656421956783,19
Kang_IFN_beta,stim,trrust_dorothea_intersection,4,47,HSF1,HSPA1A,FAM26F,Activation,0.10628310844727364,0.25,0,2.1477654006173914,2.056502482888232,0.3769963763253416,0.3662595624748501,0.0640182525835458,0.0601261575627432,47
Kang_IFN_beta,stim,trrust_dorothea_intersection,4,245,STAT1,PSMB9,PSME2,Activation,0.23043605803075728,0.25,0,3.074889276607183,3.394980539524913,0.8708898134477983,0.8542477519795433,0.6730640182525867,0.4341699100792089,273
Kang_IFN_beta,stim,trrust_dorothea_intersection,4,122,NFKB1,CCL5,S100A8,Activation,0.16106968915075331,0.25,0,0.7860689840289914,0.5326801771574332,0.1704469198765273,0.1617232586230048,0.1209233659911441,0.095155012749968,133
Kang_IFN_beta,stim,trrust_dorothea_intersection,4,63,IRF1,PSMB9,RPL29,Activation,0.10637982952907392,0.25,0,3.074889276607183,2.908737082270878,0.8708898134477983,0.8649845658300304,0.5240907260770497,0.3422359414843753,64
Kang_IFN_beta,stim,trrust_dorothea_intersection,4,4,ATF3,CCL5,S100A8,Activation,0.16106968915075331,0.25,0,0.7860689840289914,0.5326801771574332,0.1704469198765273,0.1617232586230048,0.1528653871963508,0.1140786471614574,4
Kang_IFN_beta,stim,trrust_dorothea_intersection,4,159,REL,CCL5,HLA-DQA1,Activation,0.15684536834473647,0.25,0,0.7860689840289914,0.5379143739095493,0.1704469198765273,0.1787679506106566,0.1406522614414189,0.0997181586364264,176
Kang_IFN_beta,stim,trrust_dorothea_intersection,4,53,IRF1,CCL5,FCGR3A,Activation,0.2152261585055832,0.25,0,0.7860689840289914,0.8820292578177421,0.1704469198765273,0.1944705408669972,0.5240907260770497,0.3422359414843753,53
Kang_IFN_beta,stim,trrust_dorothea_intersection,4,75,JUN,CCL5,TNFAIP6,Activation,0.15760787872722729,0.25,0,0.7860689840289914,0.5342906992350067,0.1704469198765273,0.1623943094886604,0.2003757884847679,0.1441417259428286,80
Kang_IFN_beta,stim,trrust_dorothea_intersection,4,90,JUND,CCL5,TNFAIP6,Activation,0.15760787872722729,0.25,0,0.7860689840289914,0.5342906992350067,0.1704469198765273,0.1623943094886604,0.0667024560461684,0.0613340491209233,96
Kang_IFN_beta,stim,trrust_dorothea_intersection,4,100,MYC,CXCR4,CASP4,Activation,0.21197554477572142,0.25,0,1.4310830760971964,1.0751576969534369,0.5031539390686157,0.4949671185076172,0.3137833847805695,0.1462890887129264,107
Kang_IFN_beta,stim,trrust_dorothea_intersection,4,34,HIF1A,CXCR4,JUNB,Activation,0.19427079043761417,0.25,0,1.4310830760971964,1.3327070191920791,0.5031539390686157,0.5246275667695899,0.1725942826466258,0.1448127768084841,34
Kang_IFN_beta,stim,trrust_dorothea_intersection,4,210,SPI1,CTSS,CARD16,Activation,0.1793091838280038,0.25,0,1.6875587169507942,1.6358878002952983,0.5615353643806392,0.5819353106965647,0.7403033149912851,0.3172728492819825,235
Kang_IFN_beta,stim,trrust_dorothea_intersection,4,51,HSF1,UBB,GNB2L1,Activation,0.07143355379572741,0.25,0,2.433901489732948,2.498053952489636,0.8147899610790033,0.8076768219030556,0.0640182525835458,0.0601261575627432,51
Kang_IFN_beta,stim,trrust_dorothea_intersection,4,178,RELA,CXCR4,NPM1,Activation,0.15196070292539274,0.25,0,1.4310830760971964,1.1713863910884572,0.5031539390686157,0.508119715474466,0.0654945644879882,0.0603945779090054,200
Kang_IFN_beta,stim,trrust_dorothea_intersection,4,105,MYC,HNRNPA2B1,PSME1,Activation,0.04081646648859969,0.25,0,1.3992752650651232,1.341028049926209,0.6729298080794427,0.6701113944436898,0.3137833847805695,0.1462890887129264,112
Kang_IFN_beta,stim,trrust_dorothea_intersection,4,284,YY1,CXCR4,CREM,Repression,0.17984920806967322,0.25,0,1.4310830760971964,1.111394443698838,0.5031539390686157,0.5016776271641737,0.1108576030063096,0.0962286941350171,317
Kang_IFN_beta,stim,trrust_dorothea_intersection,4,20,CREB1,CXCR4,PKM,Activation,0.1994202488995514,0.25,0,1.4310830760971964,1.0786471614548447,0.5031539390686157,0.5002013152597318,0.0616024694671855,0.0559656421956783,20
Kang_IFN_beta,stim,trrust_dorothea_intersection,4,109,MYC,JUNB,CD47,Repression,0.17760949643054927,0.25,0,1.3327070191920791,1.0261709837605686,0.5246275667695899,0.5195275801906085,0.3137833847805695,0.1462890887129264,116
Kang_IFN_beta,stim,trrust_dorothea_intersection,4,249,STAT1,TAP1,TMEM50A,Activation,0.012401191595681213,0.25,0,1.089518185478464,1.1107233928331808,0.5451617232586464,0.5455643537780397,0.6730640182525867,0.4341699100792089,278
Kang_IFN_beta,stim,trrust_dorothea_intersection,4,144,NFKB1,JUNB,EEF1B2,Activation,0.20615874766428685,0.25,0,1.3327070191920791,1.0854918802845352,0.5246275667695899,0.5422090994497625,0.1209233659911441,0.095155012749968,157
Kang_IFN_beta,stim,trrust_dorothea_intersection,4,66,IRF2,TAP1,HERC5,Activation,0.07735110642404712,0.25,0,1.089518185478464,0.9920815997852568,0.5451617232586464,0.5514696013958076,0.3865252986176447,0.2692256073010329,68
Kang_IFN_beta,stim,trrust_dorothea_intersection,4,65,IRF1,TAP1,EEF1B2,Activation,0.025710553872579367,0.25,0,1.089518185478464,1.0854918802845352,0.5451617232586464,0.5422090994497625,0.5240907260770497,0.3422359414843753,66
Kang_IFN_beta,stim,trrust_dorothea_intersection,4,268,STAT3,JUNB,CXCR4,Activation,0.19427079043761417,0.25,0,1.3327070191920791,1.4310830760971964,0.5246275667695899,0.5031539390686157,0.2312441283049252,0.1872231915179169,299
Kang_IFN_beta,stim,trrust_dorothea_intersection,4,56,IRF1,EIF2AK2,PTPRC,Activation,0.044026688917036226,0.25,0,0.9016239430948828,0.9359817474164506,0.5393906858140096,0.5348275399275526,0.5240907260770497,0.3422359414843753,57
Kang_IFN_beta,stim,trrust_dorothea_intersection,4,35,HIF1A,ENO1,GBP2,Activation,0.07029672990482651,0.25,0,1.0021473627700948,0.8832371493759209,0.5046302509730577,0.502080257683567,0.1725942826466258,0.1448127768084841,35
Kang_IFN_beta,stim,trrust_dorothea_intersection,4,14,CEBPB,S100A9,LMNA,Activation,0.1843697069599172,0.25,0,0.7972084283988777,0.4772513756542827,0.2186283720305981,0.2234599382633183,0.5074486646087883,0.2915044960408028,14
Kang_IFN_beta,stim,trrust_dorothea_intersection,4,77,JUN,CREM,PKM,Activation,0.02239782106665087,0.25,0,1.111394443698838,1.0786471614548447,0.5016776271641737,0.5002013152597318,0.2003757884847679,0.1441417259428286,82
Kang_IFN_beta,stim,trrust_dorothea_intersection,4,276,STAT3,ZFP36,CYTIP,Activation,0.09041111746734856,0.25,0,0.9892631861495094,0.8284793987384222,0.4657093007650278,0.4663803516306835,0.2312441283049252,0.1872231915179169,309
Kang_IFN_beta,stim,trrust_dorothea_intersection,4,104,MYC,HNRNPA1,EEF2,Activation,0.027249875641211323,0.25,0,0.7400348946450186,0.7652664071936648,0.4552409072607986,0.4579251107234214,0.3137833847805695,0.1462890887129264,111
Kang_IFN_beta,stim,trrust_dorothea_intersection,4,186,RELA,MCL1,GUK1,Activation,0.021218553566586022,0.25,0,0.5871695074486751,0.5542880150315518,0.4020936787008655,0.4008857871426852,0.0654945644879882,0.0603945779090054,208
Kang_IFN_beta,stim,trrust_dorothea_intersection,4,269,STAT3,MCL1,CD44,Activation,0.013266201845413446,0.25,0,0.5871695074486751,0.6058247215138989,0.4020936787008655,0.4011542074889475,0.2312441283049252,0.1872231915179169,300
Kang_IFN_beta,stim,trrust_dorothea_intersection,4,175,RELA,CFLAR,RPS26,Activation,0.028472624386099744,0.25,0,0.7672795597906349,0.725674406119985,0.4126962823782259,0.4108173399543899,0.0654945644879882,0.0603945779090054,196
Kang_IFN_beta,stim,trrust_dorothea_intersection,4,99,MYC,CFLAR,RPS26,Repression,0.028472624386099744,0.25,0,0.7672795597906349,0.725674406119985,0.4126962823782259,0.4108173399543899,0.3137833847805695,0.1462890887129264,106
Kang_IFN_beta,stim,trrust_dorothea_intersection,4,10,ATF4,MCL1,GUK1,Activation,0.021218553566586022,0.25,0,0.5871695074486751,0.5542880150315518,0.4020936787008655,0.4008857871426852,0.1366259562474854,0.1138102268151951,10
Kang_IFN_beta,stim,trrust_dorothea_intersection,4,110,MYC,LDHA,ZNF706,Activation,0.017058918313291576,0.25,0,0.6993692121862883,0.6819218896792407,0.4054489330291441,0.4070594551067178,0.3137833847805695,0.1462890887129264,117
Kang_IFN_beta,stim,trrust_dorothea_intersection,4,43,HIF1A,PGK1,LYSMD2,Activation,0.01872888821337936,0.25,0,0.6003221044155234,0.6038115689169309,0.4082673466648981,0.4061199838947998,0.1725942826466258,0.1448127768084841,43
Kang_IFN_beta,stim,trrust_dorothea_intersection,4,131,NFKB1,CFLAR,MOB1A,Activation,0.03508880255584419,0.25,0,0.7672795597906349,0.7502348678029808,0.4126962823782259,0.4165883773990291,0.1209233659911441,0.095155012749968,143
Kang_IFN_beta,stim,trrust_dorothea_intersection,4,255,STAT2,STAT1,ATP5G2,Activation,0.014007997439679787,0.25,0,0.6730640182525867,0.6481009260501993,0.4341699100792089,0.4341699100792089,0.1823916252851973,0.1539390685814,285
Kang_IFN_beta,stim,trrust_dorothea_intersection,4,279,TCF4,CD44,UBE2B,Activation,0.019439269907447758,0.25,0,0.6058247215138989,0.584082673466658,0.4011542074889475,0.3994094752382426,0.07046034089384,0.0558314320225472,312
Kang_IFN_beta,stim,trrust_dorothea_intersection,4,275,STAT3,STAT1,NOP10,Activation,0.024700952306783836,0.25,0,0.6730640182525867,0.6534693329754439,0.4341699100792089,0.4316199167897172,0.2312441283049252,0.1872231915179169,307
Kang_IFN_beta,stim,trrust_dorothea_intersection,4,278,STAT6,SOCS1,NEAT1,Activation,0.02153980718988321,0.25,0,0.8025768353241169,0.7774795329485972,0.4339014897329467,0.4357804321567827,0.0540866997718426,0.0500603945779089,311
Kang_IFN_beta,stim,trrust_dorothea_intersection,4,45,HIF1A,SOCS1,CASP1,Activation,0.05681773996623659,0.25,0,0.8025768353241169,0.8686082405046305,0.4339014897329467,0.438867266138799,0.1725942826466258,0.1448127768084841,45
Kang_IFN_beta,stim,trrust_dorothea_intersection,4,273,STAT3,SOCS1,EIF4A2,Activation,0.07953779607393932,0.25,0,0.8025768353241169,0.6907797611058977,0.4339014897329467,0.4282646624614386,0.2312441283049252,0.1872231915179169,305
Kang_IFN_beta,stim,trrust_dorothea_intersection,4,64,IRF1,SOCS1,CASP1,Activation,0.05681773996623659,0.25,0,0.8025768353241169,0.8686082405046305,0.4339014897329467,0.438867266138799,0.5240907260770497,0.3422359414843753,65
Kang_IFN_beta,stim,trrust_dorothea_intersection,4,39,HIF1A,LDHA,ZNF706,Activation,0.017058918313291576,0.25,0,0.6993692121862883,0.6819218896792407,0.4054489330291441,0.4070594551067178,0.1725942826466258,0.1448127768084841,39
Kang_IFN_beta,stim,trrust_dorothea_intersection,4,194,RELA,STAT1,COPE,Activation,0.028819148822748462,0.25,0,0.6730640182525867,0.6338746476983,0.4341699100792089,0.4363172728493072,0.0654945644879882,0.0603945779090054,218
Kang_IFN_beta,stim,trrust_dorothea_intersection,4,202,RUNX3,CFLAR,IL2RG,Repression,0.06610257241893185,0.25,0,0.7672795597906349,0.651321970205348,0.4126962823782259,0.4140383841095373,0.0746208562609051,0.0675077170849552,227
Kang_IFN_beta,stim,trrust_dorothea_intersection,4,277,STAT6,RHOA,RBCK1,Activation,0.0458779434112418,0.25,0,0.7213796805797852,0.6766876929271263,0.4399409475238481,0.4355120118105204,0.0540866997718426,0.0500603945779089,310
Kang_IFN_beta,stim,trrust_dorothea_intersection,4,135,NFKB1,GSTP1,IFIH1,Activation,0.04682239790760924,0.25,0,0.6894376593745839,0.6690377130586542,0.3881358206952265,0.3933700174473412,0.1209233659911441,0.095155012749968,148
Kang_IFN_beta,stim,trrust_dorothea_intersection,4,1,ATF1,LDHA,RPS26,Activation,0.04884922948075533,0.25,0,0.6993692121862883,0.725674406119985,0.4054489330291441,0.4108173399543899,0.0648235136223326,0.0602603677358743,1
Kang_IFN_beta,stim,trrust_dorothea_intersection,4,179,RELA,GSTP1,IFIH1,Activation,0.04682239790760924,0.25,0,0.6894376593745839,0.6690377130586542,0.3881358206952265,0.3933700174473412,0.0654945644879882,0.0603945779090054,201
Kang_IFN_beta,stim,trrust_dorothea_intersection,4,151,NFKB1,SQSTM1,ATG3,Activation,0.03607196281107411,0.25,0,0.6765534827540003,0.6450140920681858,0.362501677627178,0.3588780029526371,0.1209233659911441,0.095155012749968,165
Kang_IFN_beta,stim,trrust_dorothea_intersection,4,149,NFKB1,SERPINB1,HSPA5,Activation,0.016466571948606654,0.25,0,0.8137162796939975,0.7871426654140368,0.3590122131257683,0.3598174741645552,0.1209233659911441,0.095155012749968,162
Kang_IFN_beta,stim,trrust_dorothea_intersection,4,290,YY1,HSPA5,SERPINB1,Activation,0.016466571948606654,0.25,0,0.7871426654140368,0.8137162796939975,0.3598174741645552,0.3590122131257683,0.1108576030063096,0.0962286941350171,323
Kang_IFN_beta,stim,trrust_dorothea_intersection,4,237,STAT1,IRF1,SELT,Activation,0.035635920228438284,0.25,0,0.5240907260770497,0.4618172057442113,0.3422359414843753,0.3430412025231621,0.6730640182525867,0.4341699100792089,265
Kang_IFN_beta,stim,trrust_dorothea_intersection,4,121,NFKB1,BIRC3,LTB,Activation,0.04438275420460062,0.25,0,0.7807005771037432,0.8437793584753754,0.3481411891021456,0.3512280230841619,0.1209233659911441,0.095155012749968,129
Kang_IFN_beta,stim,trrust_dorothea_intersection,4,142,NFKB1,IRF1,DEK,Activation,0.021500402358735626,0.25,0,0.5240907260770497,0.4878539793316492,0.3422359414843753,0.3414306804455884,0.1209233659911441,0.095155012749968,155
Kang_IFN_beta,stim,trrust_dorothea_intersection,4,166,RELA,BIRC3,PLAC8,Activation,0.07192305863633368,0.25,0,0.7807005771037432,0.908602872097704,0.3481411891021456,0.347604348409621,0.0654945644879882,0.0603945779090054,183
Kang_IFN_beta,stim,trrust_dorothea_intersection,4,209,SPI1,CD68,PLAC8,Repression,0.03713222287551758,0.25,0,0.8606898402898974,0.908602872097704,0.3446517246007359,0.347604348409621,0.7403033149912851,0.3172728492819825,234
Kang_IFN_beta,stim,trrust_dorothea_intersection,4,184,RELA,IRF1,NUB1,Activation,0.030756164815599663,0.25,0,0.5240907260770497,0.4733592806334879,0.3422359414843753,0.3435780432156867,0.0654945644879882,0.0603945779090054,206
Kang_IFN_beta,stim,trrust_dorothea_intersection,4,253,STAT2,IRF1,SELT,Activation,0.035635920228438284,0.25,0,0.5240907260770497,0.4618172057442113,0.3422359414843753,0.3430412025231621,0.1823916252851973,0.1539390685814,283
Kang_IFN_beta,stim,trrust_dorothea_intersection,4,267,STAT3,IRF1,CYSTM1,Activation,0.02487034782590245,0.25,0,0.5240907260770497,0.5509327607032721,0.3422359414843753,0.3445175144276047,0.2312441283049252,0.1872231915179169,298
Kang_IFN_beta,stim,trrust_dorothea_intersection,4,158,REL,BIRC3,CD68,Activation,0.054137504984996775,0.25,0,0.7807005771037432,0.8606898402898974,0.3481411891021456,0.3446517246007359,0.1406522614414189,0.0997181586364264,174
Kang_IFN_beta,stim,trrust_dorothea_intersection,4,285,YY1,DEK,SELT,Activation,0.02021431613989179,0.25,0,0.4878539793316492,0.4618172057442113,0.3414306804455884,0.3430412025231621,0.1108576030063096,0.0962286941350171,318
Kang_IFN_beta,stim,trrust_dorothea_intersection,4,68,IRF8,CD68,PLAC8,Repression,0.03713222287551758,0.25,0,0.8606898402898974,0.908602872097704,0.3446517246007359,0.347604348409621,0.3143202254730948,0.1598443161991692,72
Kang_IFN_beta,stim,trrust_dorothea_intersection,4,103,MYC,HLA-F,ERH,Activation,0.013703803886915064,0.25,0,0.4324251778284935,0.4453093544490817,0.3225070460340971,0.3238491477654086,0.3137833847805695,0.1462890887129264,110
Kang_IFN_beta,stim,trrust_dorothea_intersection,4,137,NFKB1,HLA-F,CAST,Activation,0.014206399032787836,0.25,0,0.4324251778284935,0.4576566903771432,0.3225070460340971,0.3226412562072283,0.1209233659911441,0.095155012749968,150
Kang_IFN_beta,stim,trrust_dorothea_intersection,4,2,ATF1,MAP1LC3B,ALDOA,Activation,0.011564458713880232,0.25,0,0.4619514159173403,0.4706750771708642,0.3284122936518674,0.3272044020936872,0.0648235136223326,0.0602603677358743,2
Kang_IFN_beta,stim,trrust_dorothea_intersection,4,32,HIF1A,ALDOA,ANKRD12,Activation,0.014333601572491446,0.25,0,0.4706750771708642,0.4465172460072618,0.3272044020936872,0.3266675614011626,0.1725942826466258,0.1448127768084841,32
Kang_IFN_beta,stim,trrust_dorothea_intersection,4,88,JUN,SPI1,NAGK,Activation,0.09146065317187607,0.25,0,0.7403033149912851,0.6350825392564821,0.3172728492819825,0.3253254596698511,0.2003757884847679,0.1441417259428286,93
Kang_IFN_beta,stim,trrust_dorothea_intersection,4,282,YBX1,SUMO1,RPL17,Repression,0.014924240557204588,0.25,0,0.3804858408267458,0.3971279022950049,0.3085491880284581,0.3098912897597696,1.614548382767453,0.6789692658703417,315
Kang_IFN_beta,stim,trrust_dorothea_intersection,4,127,NFKB1,CD69,CD3D,Activation,0.044730908491619745,0.25,0,0.6313246544088097,0.5588511609180072,0.307475506643409,0.3053281438733107,0.1209233659911441,0.095155012749968,138
Kang_IFN_beta,stim,trrust_dorothea_intersection,4,171,RELA,CD69,MNDA,Activation,0.045511641195590424,0.25,0,0.6313246544088097,0.6503824989934303,0.307475506643409,0.3023755200644255,0.0654945644879882,0.0603945779090054,191
Kang_IFN_beta,stim,trrust_dorothea_intersection,4,216,SPI1,MNDA,CD3D,Activation,0.057393819011775926,0.25,0,0.6503824989934303,0.5588511609180072,0.3023755200644255,0.3053281438733107,0.7403033149912851,0.3172728492819825,241
Kang_IFN_beta,stim,trrust_dorothea_intersection,4,7,ATF4,CEBPB,GRN,Activation,0.02576643873588064,0.25,0,0.5074486646087883,0.5502617098376151,0.2915044960408028,0.2904308146557537,0.1366259562474854,0.1138102268151951,7
Kang_IFN_beta,stim,trrust_dorothea_intersection,4,17,CEBPB,XBP1,RPS27L,Activation,0.008347030628243622,0.25,0,0.4156489061871,0.412427862031954,0.2831834653066719,0.2841229365185899,0.5074486646087883,0.2915044960408028,17
Kang_IFN_beta,stim,trrust_dorothea_intersection,4,200,RORA,TUBA1B,GTF3A,Activation,0.006210342806978545,0.25,0,0.4203462622466894,0.4094752382230657,0.2673466648771969,0.2672124547040658,0.0785129512817076,0.0661656153536439,225
Kang_IFN_beta,stim,trrust_dorothea_intersection,4,61,IRF1,IRF2,PNRC1,Activation,0.019215992227965134,0.25,0,0.3865252986176447,0.4137699637632639,0.2692256073010329,0.2705677090323444,0.5240907260770497,0.3422359414843753,62
Kang_IFN_beta,stim,trrust_dorothea_intersection,4,191,RELA,PLAUR,ATF5,Activation,0.04402321790725849,0.25,0,0.5368406925245025,0.4745671721916609,0.2537914373909514,0.2507046034089351,0.0654945644879882,0.0603945779090054,213
Kang_IFN_beta,stim,trrust_dorothea_intersection,4,147,NFKB1,PLAUR,CFD,Activation,0.046742869602695455,0.25,0,0.5368406925245025,0.5440880418735814,0.2537914373909514,0.2484230304657059,0.1209233659911441,0.095155012749968,160
Kang_IFN_beta,stim,trrust_dorothea_intersection,4,223,STAT1,BAX,RAP1A,Activation,0.006432412697567806,0.25,0,0.330693866595095,0.3194202120520789,0.2509730237551973,0.2508388135820662,0.6730640182525867,0.4341699100792089,248
Kang_IFN_beta,stim,trrust_dorothea_intersection,4,27,CREB1,UXT,YWHAQ,Activation,0.01822417533592643,0.25,0,0.3102939202791625,0.3425043618306342,0.2545966984297382,0.2543282780834759,0.0616024694671855,0.0559656421956783,27
Kang_IFN_beta,stim,trrust_dorothea_intersection,4,85,JUN,PLAUR,LST1,Activation,0.023660973259267516,0.25,0,0.5368406925245025,0.5083881358207042,0.2537914373909514,0.2517782847939842,0.2003757884847679,0.1441417259428286,90
Kang_IFN_beta,stim,trrust_dorothea_intersection,4,92,JUND,PLAUR,CAPG,Activation,0.02943362760691332,0.25,0,0.5368406925245025,0.4906723929673973,0.2537914373909514,0.2554019594685251,0.0667024560461684,0.0613340491209233,98
Kang_IFN_beta,stim,trrust_dorothea_intersection,4,3,ATF1,PLAUR,CAPG,Activation,0.02943362760691332,0.25,0,0.5368406925245025,0.4906723929673973,0.2537914373909514,0.2554019594685251,0.0648235136223326,0.0602603677358743,3
Kang_IFN_beta,stim,trrust_dorothea_intersection,4,163,RELA,BAX,HNRNPA3,Repression,0.010107158069946547,0.25,0,0.330693866595095,0.3176754798013744,0.2509730237551973,0.2517782847939842,0.0654945644879882,0.0603945779090054,180
Kang_IFN_beta,stim,trrust_dorothea_intersection,4,33,HIF1A,BAX,EIF4G2,Activation,0.00583204810911953,0.25,0,0.330693866595095,0.3211649443027848,0.2509730237551973,0.2512414441014596,0.1725942826466258,0.1448127768084841,33
Kang_IFN_beta,stim,trrust_dorothea_intersection,4,190,RELA,OPTN,EVI2A,Activation,0.014875644468039701,0.25,0,0.3227754663803567,0.2970071131391799,0.2323178096899719,0.2327204402093653,0.0654945644879882,0.0603945779090054,212
Kang_IFN_beta,stim,trrust_dorothea_intersection,4,220,SPI1,SCARB2,MANF,Activation,0.02731576946583729,0.25,0,0.3654543014360565,0.3319017581532734,0.2288283451885629,0.2265467722453339,0.7403033149912851,0.3172728492819825,245
Kang_IFN_beta,stim,trrust_dorothea_intersection,4,80,JUN,EZR,TANK,Activation,0.005693362760967964,0.25,0,0.3136491746074409,0.3235807274191446,0.2354046436719876,0.2352704334988565,0.2003757884847679,0.1441417259428286,85
Kang_IFN_beta,stim,trrust_dorothea_intersection,4,226,STAT1,CD86,SCARB2,Activation,0.058185725183459214,0.25,0,0.4661119312844,0.3654543014360565,0.2272178231109895,0.2288283451885629,0.6730640182525867,0.4341699100792089,253
Kang_IFN_beta,stim,trrust_dorothea_intersection,4,21,CREB1,HLA-DQB1,CD86,Activation,0.04384595691276103,0.25,0,0.5133539122265548,0.4661119312844,0.231244128304923,0.2272178231109895,0.0616024694671855,0.0559656421956783,21
Kang_IFN_beta,stim,trrust_dorothea_intersection,4,130,NFKB1,CD86,SCARB2,Activation,0.058185725183459214,0.25,0,0.4661119312844,0.3654543014360565,0.2272178231109895,0.2288283451885629,0.1209233659911441,0.095155012749968,142
Kang_IFN_beta,stim,trrust_dorothea_intersection,4,173,RELA,CD86,SCARB2,Activation,0.058185725183459214,0.25,0,0.4661119312844,0.3654543014360565,0.2272178231109895,0.2288283451885629,0.0654945644879882,0.0603945779090054,194
Kang_IFN_beta,stim,trrust_dorothea_intersection,4,289,YY1,GNAS,EWSR1,Activation,0.011946823746304607,0.25,0,0.297812374177967,0.2822439940947548,0.2282915044960385,0.2273520332841206,0.1108576030063096,0.0962286941350171,322
Kang_IFN_beta,stim,trrust_dorothea_intersection,4,224,STAT1,CCR1,CD300E,Activation,0.028721560018324183,0.25,0,0.390283183465314,0.3717621795732192,0.218494161857467,0.2154073278754513,0.6730640182525867,0.4341699100792089,251
Kang_IFN_beta,stim,trrust_dorothea_intersection,4,111,MYC,NOL7,ATP6AP2,Activation,0.0074960803119803274,0.25,0,0.2727150718024435,0.2622466782982153,0.2198362635887781,0.2192994228962537,0.3137833847805695,0.1462890887129264,118
Kang_IFN_beta,stim,trrust_dorothea_intersection,4,117,NFKB1,ALOX5AP,CXCL16,Activation,0.05161267299892882,0.25,0,0.4493356596430084,0.5030197288954587,0.2154073278754513,0.2105757616427311,0.1209233659911441,0.095155012749968,124
Kang_IFN_beta,stim,trrust_dorothea_intersection,4,251,STAT1,UPP1,ABRACL,Activation,0.00735840690172877,0.25,0,0.2719098107636573,0.2603677358743796,0.2090994497382888,0.2095020802576822,0.6730640182525867,0.4341699100792089,281
Kang_IFN_beta,stim,trrust_dorothea_intersection,4,241,STAT1,MVP,XRCC5,Activation,0.005191294498026282,0.25,0,0.2595624748355929,0.2527177560059048,0.2066836666219287,0.2070862971413221,0.6730640182525867,0.4341699100792089,269
Kang_IFN_beta,stim,trrust_dorothea_intersection,4,172,RELA,CD83,RGCC,Activation,0.1075016322763275,0.25,0,0.5036907797611143,0.3655885116091862,0.2041336733324375,0.212723124412829,0.0654945644879882,0.0603945779090054,193
Kang_IFN_beta,stim,trrust_dorothea_intersection,4,129,NFKB1,CD83,DEFB1,Activation,0.04054165282106584,0.25,0,0.5036907797611143,0.4580593208965319,0.2041336733324375,0.2077573480069777,0.1209233659911441,0.095155012749968,141
Kang_IFN_beta,stim,trrust_dorothea_intersection,4,113,MYC,PMAIP1,HAVCR2,Activation,0.010607410125278017,0.25,0,0.3274728224399464,0.3132465440880465,0.1991678969265862,0.1983626358877995,0.3137833847805695,0.1462890887129264,120
Kang_IFN_beta,stim,trrust_dorothea_intersection,4,41,HIF1A,NR3C1,SF3B5,Activation,0.00911272951721271,0.25,0,0.2666756140115434,0.2504361830626755,0.202388941081733,0.202388941081733,0.1725942826466258,0.1448127768084841,41
Kang_IFN_beta,stim,trrust_dorothea_intersection,4,292,YY1,NR3C1,RAB1A,Activation,0.010564598571827451,0.25,0,0.2666756140115434,0.2642598308951829,0.202388941081733,0.201181049523553,0.1108576030063096,0.0962286941350171,325
Kang_IFN_beta,stim,trrust_dorothea_intersection,4,225,STAT1,CD40,SERPINA1,Activation,0.023115262736920862,0.25,0,0.3061334049120961,0.3372701650785185,0.195410012078915,0.1936652798282105,0.6730640182525867,0.4341699100792089,252
Kang_IFN_beta,stim,trrust_dorothea_intersection,4,231,STAT1,FCGRT,GMPR,Repression,0.010750862827405686,0.25,0,0.2855992484230337,0.2813045228828371,0.1912494967118504,0.1900416051536703,0.6730640182525867,0.4341699100792089,259
Kang_IFN_beta,stim,trrust_dorothea_intersection,4,208,SPI1,CD40,BRI3,Activation,0.026591793126118732,0.25,0,0.3061334049120961,0.272312441283051,0.195410012078915,0.1932626493088171,0.7403033149912851,0.3172728492819825,233
Kang_IFN_beta,stim,trrust_dorothea_intersection,4,169,RELA,CD40,BRI3,Activation,0.026591793126118732,0.25,0,0.3061334049120961,0.272312441283051,0.195410012078915,0.1932626493088171,0.0654945644879882,0.0603945779090054,189
Kang_IFN_beta,stim,trrust_dorothea_intersection,4,125,NFKB1,CD40,HAVCR2,Activation,0.02592026579796835,0.25,0,0.3061334049120961,0.3132465440880465,0.195410012078915,0.1983626358877995,0.1209233659911441,0.095155012749968,136
Kang_IFN_beta,stim,trrust_dorothea_intersection,4,54,IRF1,CD40,SERPINA1,Activation,0.023115262736920862,0.25,0,0.3061334049120961,0.3372701650785185,0.195410012078915,0.1936652798282105,0.5240907260770497,0.3422359414843753,54
Kang_IFN_beta,stim,trrust_dorothea_intersection,4,199,RELB,CD40,SERPINA1,Activation,0.023115262736920862,0.25,0,0.3061334049120961,0.3372701650785185,0.195410012078915,0.1936652798282105,0.1350154341699122,0.1156891692390309,224
Kang_IFN_beta,stim,trrust_dorothea_intersection,4,248,STAT1,STAT3,HBP1,Activation,0.0026570777111819357,0.25,0,0.2312441283049252,0.2289625553616961,0.1872231915179169,0.1869547711716546,0.6730640182525867,0.4341699100792089,277
Kang_IFN_beta,stim,trrust_dorothea_intersection,4,31,HBP1,NCF1,SERPINA1,Repression,0.00993429277618355,0.25,0,0.3548516977586948,0.3372701650785185,0.1935310696550793,0.1936652798282105,0.2289625553616961,0.1869547711716546,31
Kang_IFN_beta,stim,trrust_dorothea_intersection,4,29,CREM,DUSP1,SERPINA1,Repression,0.02123897136888023,0.25,0,0.3310964971144854,0.3372701650785185,0.1912494967118504,0.1936652798282105,1.111394443698838,0.5016776271641737,29
Kang_IFN_beta,stim,trrust_dorothea_intersection,4,221,SPI1,STAT3,HBP1,Activation,0.0026570777111819357,0.25,0,0.2312441283049252,0.2289625553616961,0.1872231915179169,0.1869547711716546,0.7403033149912851,0.3172728492819825,246
Kang_IFN_beta,stim,trrust_dorothea_intersection,4,195,RELA,STAT3,HBP1,Activation,0.0026570777111819357,0.25,0,0.2312441283049252,0.2289625553616961,0.1872231915179169,0.1869547711716546,0.0654945644879882,0.0603945779090054,219
Kang_IFN_beta,stim,trrust_dorothea_intersection,4,211,SPI1,CYBB,TGIF1,Activation,0.024989340820572744,0.25,0,0.2737887531874944,0.2300362367467457,0.1811837337270166,0.1817205744195411,0.7403033149912851,0.3172728492819825,236
Kang_IFN_beta,stim,trrust_dorothea_intersection,4,233,STAT1,HMOX1,CTSZ,Activation,0.0693636554266046,0.25,0,0.3822305730774444,0.269091397127904,0.1766205878405587,0.1733995436854119,0.6730640182525867,0.4341699100792089,261
Kang_IFN_beta,stim,trrust_dorothea_intersection,4,55,IRF1,CYBB,TGIF1,Activation,0.024989340820572744,0.25,0,0.2737887531874944,0.2300362367467457,0.1811837337270166,0.1817205744195411,0.5240907260770497,0.3422359414843753,56
Kang_IFN_beta,stim,trrust_dorothea_intersection,4,69,IRF8,CYBB,TGIF1,Activation,0.024989340820572744,0.25,0,0.2737887531874944,0.2300362367467457,0.1811837337270166,0.1817205744195411,0.3143202254730948,0.1598443161991692,73
Kang_IFN_beta,stim,trrust_dorothea_intersection,4,138,NFKB1,HMOX1,RGS1,Activation,0.01826260058001645,0.25,0,0.3822305730774444,0.3497517111797127,0.1766205878405587,0.1764863776674276,0.1209233659911441,0.095155012749968,151
Kang_IFN_beta,stim,trrust_dorothea_intersection,4,263,STAT3,HMOX1,LILRB2,Activation,0.06703509314148104,0.25,0,0.3822305730774444,0.2983492148704906,0.1766205878405587,0.1821232049389345,0.2312441283049252,0.1872231915179169,294
Kang_IFN_beta,stim,trrust_dorothea_intersection,4,22,CREB1,HMOX1,HLA-DMA,Activation,0.047502837185578316,0.25,0,0.3822305730774444,0.3324385988457969,0.1766205878405587,0.1810495235538855,0.0616024694671855,0.0559656421956783,22
Kang_IFN_beta,stim,trrust_dorothea_intersection,4,116,NFE2L2,HMOX1,IFNGR2,Activation,0.06445120841257765,0.25,0,0.3822305730774444,0.2751308549188053,0.1766205878405587,0.179304791303181,0.4290699235002145,0.3050597235270484,123
Kang_IFN_beta,stim,trrust_dorothea_intersection,4,283,YY1,APH1A,SNF8,Activation,0.00932073303125297,0.25,0,0.203596832639914,0.2029257817742585,0.1750100657629853,0.1739363843779364,0.1108576030063096,0.0962286941350171,316
Kang_IFN_beta,stim,trrust_dorothea_intersection,4,11,BACH1,HMOX1,IFNGR2,Repression,0.06445120841257765,0.25,0,0.3822305730774444,0.2751308549188053,0.1766205878405587,0.179304791303181,0.0675077170849551,0.0583814253120386,11
Kang_IFN_beta,stim,trrust_dorothea_intersection,4,25,CREB1,PPP2CA,OGFR,Activation,0.005869221428793692,0.25,0,0.2022547309086025,0.2035968326399146,0.1731311233391497,0.1724600724734941,0.0616024694671855,0.0559656421956783,25
Kang_IFN_beta,stim,trrust_dorothea_intersection,4,60,IRF1,IL27,SLC16A3,Activation,0.03144892218112118,0.25,0,0.3027781505838178,0.2470809287343981,0.1681653469332984,0.1685679774526917,0.5240907260770497,0.3422359414843753,61
Kang_IFN_beta,stim,trrust_dorothea_intersection,4,239,STAT1,IRF8,DDIT4,Activation,0.018679304819159907,0.25,0,0.3143202254730948,0.2854650382499018,0.1598443161991692,0.1587706348141202,0.6730640182525867,0.4341699100792089,267
Kang_IFN_beta,stim,trrust_dorothea_intersection,4,72,IRF9,IL27,RAB31,Repression,0.04044349205668788,0.25,0,0.3027781505838178,0.2321835995168436,0.1681653469332984,0.1691048181452162,0.1795732116494438,0.1536706482351378,76
Kang_IFN_beta,stim,trrust_dorothea_intersection,4,218,SPI1,NCF2,SDF2L1,Activation,0.010696383771899907,0.25,0,0.2316467588243196,0.2192994228962559,0.1605153670648247,0.1595758958529069,0.7403033149912851,0.3172728492819825,243
Kang_IFN_beta,stim,trrust_dorothea_intersection,4,101,MYC,DDX18,RPA2,Activation,0.006576941763936712,0.25,0,0.1878942423835732,0.1779626895718703,0.1590390551603825,0.1594416856797758,0.3137833847805695,0.1462890887129264,108
Kang_IFN_beta,stim,trrust_dorothea_intersection,4,70,IRF8,NCF2,LPAR6,Activation,0.008315714541034873,0.25,0,0.2316467588243196,0.2286941350154347,0.1605153670648247,0.1595758958529069,0.3143202254730948,0.1598443161991692,74
Kang_IFN_beta,stim,trrust_dorothea_intersection,4,15,CEBPB,TNFAIP6,S100A8,Activation,0.005890443313699945,0.25,0,0.5342906992350067,0.5326801771574332,0.1623943094886604,0.1617232586230048,0.5074486646087883,0.2915044960408028,15
Kang_IFN_beta,stim,trrust_dorothea_intersection,4,247,STAT1,STAT2,SEC11C,Activation,0.004119107730705026,0.25,0,0.1823916252851973,0.1862837203059997,0.1539390685814,0.1543416991007934,0.6730640182525867,0.4341699100792089,276
Kang_IFN_beta,stim,trrust_dorothea_intersection,4,246,STAT1,SOCS3,SNRPD1,Activation,0.011536835509746697,0.25,0,0.2076231378338481,0.1880284525567045,0.1531338075426133,0.15273117702322,0.6730640182525867,0.4341699100792089,275
Kang_IFN_beta,stim,trrust_dorothea_intersection,4,9,ATF4,DDIT4,NCF2,Activation,0.03377980076297452,0.25,0,0.2854650382499018,0.2316467588243196,0.1587706348141202,0.1605153670648247,0.1366259562474854,0.1138102268151951,9
Kang_IFN_beta,stim,trrust_dorothea_intersection,4,242,STAT1,PIM1,PVRL2,Activation,0.007826429865241834,0.25,0,0.1980942155415387,0.2105757616427332,0.1505838142531221,0.1501811837337288,0.6730640182525867,0.4341699100792089,270
Kang_IFN_beta,stim,trrust_dorothea_intersection,4,148,NFKB1,RIPK2,PHB,Activation,0.012072464383662801,0.25,0,0.2076231378338486,0.1939337001744737,0.1534022278888756,0.1523285465038266,0.1209233659911441,0.095155012749968,161
Kang_IFN_beta,stim,trrust_dorothea_intersection,4,192,RELA,RIPK2,POLD4,Activation,0.011107008857590124,0.25,0,0.2076231378338486,0.1888337135954911,0.1534022278888756,0.1529995973694822,0.0654945644879882,0.0603945779090054,214
Kang_IFN_beta,stim,trrust_dorothea_intersection,4,193,RELA,SOCS3,ZEB2,Activation,0.006991335736596985,0.25,0,0.2076231378338481,0.208159978526373,0.1531338075426133,0.1523285465038266,0.0654945644879882,0.0603945779090054,216
Kang_IFN_beta,stim,trrust_dorothea_intersection,4,150,NFKB1,SOCS3,ZEB2,Activation,0.006991335736596985,0.25,0,0.2076231378338481,0.208159978526373,0.1531338075426133,0.1523285465038266,0.1209233659911441,0.095155012749968,163
Kang_IFN_beta,stim,trrust_dorothea_intersection,4,274,STAT3,SOCS3,ZEB2,Activation,0.006991335736596985,0.25,0,0.2076231378338481,0.208159978526373,0.1531338075426133,0.1523285465038266,0.2312441283049252,0.1872231915179169,306
Kang_IFN_beta,stim,trrust_dorothea_intersection,4,170,RELA,CD58,CMTM7,Activation,0.00667041226001558,0.25,0,0.1947389612132609,0.1835995168433775,0.1511206549456466,0.1508522345993844,0.0654945644879882,0.0603945779090054,190
Kang_IFN_beta,stim,trrust_dorothea_intersection,4,126,NFKB1,CD58,LPXN,Activation,0.009372617238525992,0.25,0,0.1947389612132609,0.1928600187894248,0.1511206549456466,0.1500469735605977,0.1209233659911441,0.095155012749968,137
Kang_IFN_beta,stim,trrust_dorothea_intersection,4,272,STAT3,PIM1,CD58,Activation,0.005022796554165549,0.25,0,0.1980942155415387,0.1947389612132609,0.1505838142531221,0.1511206549456466,0.2312441283049252,0.1872231915179169,303
Kang_IFN_beta,stim,trrust_dorothea_intersection,4,62,IRF1,PSMB10,NDUFS6,Activation,0.006329078840885797,0.25,0,0.1680311367601677,0.1724600724734947,0.1487048718292865,0.1493759226949421,0.5240907260770497,0.3422359414843753,63
Kang_IFN_beta,stim,trrust_dorothea_intersection,4,187,RELA,MYC,PDE4DIP,Activation,0.054839358422201216,0.25,0,0.3137833847805695,0.2160783787411093,0.1462890887129264,0.1464232988860575,0.0654945644879882,0.0603945779090054,209
Kang_IFN_beta,stim,trrust_dorothea_intersection,4,145,NFKB1,MYC,CLEC4E,Activation,0.02994296255744231,0.25,0,0.3137833847805695,0.2802308414977878,0.1462890887129264,0.1436048852503041,0.1209233659911441,0.095155012749968,158
Kang_IFN_beta,stim,trrust_dorothea_intersection,4,270,STAT3,MYC,SYNGR2,Activation,0.055639889495007915,0.25,0,0.3137833847805695,0.2237283586095833,0.1462890887129264,0.1436048852503041,0.2312441283049252,0.1872231915179169,301
Kang_IFN_beta,stim,trrust_dorothea_intersection,4,291,YY1,MYC,CLEC4E,Repression,0.02994296255744231,0.25,0,0.3137833847805695,0.2802308414977878,0.1462890887129264,0.1436048852503041,0.1108576030063096,0.0962286941350171,324
Kang_IFN_beta,stim,trrust_dorothea_intersection,4,82,JUN,MYC,SYNGR2,Activation,0.055639889495007915,0.25,0,0.3137833847805695,0.2237283586095833,0.1462890887129264,0.1436048852503041,0.2003757884847679,0.1441417259428286,87
Kang_IFN_beta,stim,trrust_dorothea_intersection,4,181,RELA,HIF1A,CBWD2,Activation,0.0003012472567673879,0.25,0,0.1725942826466258,0.1720574419541012,0.1448127768084841,0.1448127768084841,0.0654945644879882,0.0603945779090054,203
Kang_IFN_beta,stim,trrust_dorothea_intersection,4,95,LEF1,MYC,SYNGR2,Activation,0.055639889495007915,0.25,0,0.3137833847805695,0.2237283586095833,0.1462890887129264,0.1436048852503041,0.140920681787681,0.1103207623137857,102
Kang_IFN_beta,stim,trrust_dorothea_intersection,4,136,NFKB1,HIF1A,MRP63,Activation,0.0026088099550809402,0.25,0,0.1725942826466258,0.168433767279561,0.1448127768084841,0.1449469869816153,0.1209233659911441,0.095155012749968,149
Kang_IFN_beta,stim,trrust_dorothea_intersection,4,262,STAT3,HIF1A,MORF4L2,Activation,0.0014309244696448804,0.25,0,0.1725942826466258,0.1700442893571343,0.1448127768084841,0.1448127768084841,0.2312441283049252,0.1872231915179169,293
Kang_IFN_beta,stim,trrust_dorothea_intersection,4,168,RELA,CCR5,VRK2,Activation,0.019390114029611903,0.25,0,0.2201046839350429,0.1856126694403443,0.1426654140383863,0.1427996242115174,0.0654945644879882,0.0603945779090054,188
Kang_IFN_beta,stim,trrust_dorothea_intersection,4,23,CREB1,JUN,CD3E,Repression,0.014992160623960847,0.25,0,0.2003757884847679,0.179439001476313,0.1441417259428286,0.1430680445577796,0.0616024694671855,0.0559656421956783,23
Kang_IFN_beta,stim,trrust_dorothea_intersection,4,96,MEF2A,JUN,VRK2,Activation,0.014288173857990178,0.25,0,0.2003757884847679,0.1856126694403443,0.1441417259428286,0.1427996242115174,0.0814655750905926,0.0738155952221183,103
Kang_IFN_beta,stim,trrust_dorothea_intersection,4,16,CEBPB,TOP1,PUF60,Activation,0.0044272525465898155,0.25,0,0.1678969265870369,0.1611864179304804,0.1430680445577796,0.1427996242115174,0.5074486646087883,0.2915044960408028,16
Kang_IFN_beta,stim,trrust_dorothea_intersection,4,244,STAT1,PML,LRP10,Activation,0.004972541179049842,0.25,0,0.1617232586230053,0.1554153804858423,0.1350154341699126,0.135418064689306,0.6730640182525867,0.4341699100792089,272
Kang_IFN_beta,stim,trrust_dorothea_intersection,4,254,STAT2,PML,CCSER2,Activation,0.0034997218735555043,0.25,0,0.1617232586230053,0.1613206281036113,0.1350154341699126,0.135418064689306,0.1823916252851973,0.1539390685814,284
Kang_IFN_beta,stim,trrust_dorothea_intersection,4,73,IRF9,PML,ABT1,Activation,0.003941433282695974,0.25,0,0.1617232586230053,0.1550127499664489,0.1350154341699126,0.1348812239967815,0.1795732116494438,0.1536706482351378,77
Kang_IFN_beta,stim,trrust_dorothea_intersection,4,227,STAT1,CDKN1A,DDAH2,Activation,0.008398852083495641,0.25,0,0.1634679908737094,0.1598443161991692,0.1242786203194233,0.1233391491075053,0.6730640182525867,0.4341699100792089,254
Kang_IFN_beta,stim,trrust_dorothea_intersection,4,98,MYC,CDKN1A,FKBP4,Repression,0.0024712725287396086,0.25,0,0.1634679908737094,0.1649443027781519,0.1242786203194233,0.1245470406656855,0.3137833847805695,0.1462890887129264,105
Kang_IFN_beta,stim,trrust_dorothea_intersection,4,222,SPI1,WAS,GRINA,Activation,0.005111781729718006,0.25,0,0.1505838142531219,0.1543416991007935,0.122936518588112,0.1234733592806365,0.7403033149912851,0.3172728492819825,247
Kang_IFN_beta,stim,trrust_dorothea_intersection,4,174,RELA,CDKN1A,ITM2A,Activation,0.009910590444248826,0.25,0,0.1634679908737094,0.1695074486646098,0.1242786203194233,0.1253523017044723,0.0654945644879882,0.0603945779090054,195
Kang_IFN_beta,stim,trrust_dorothea_intersection,4,258,STAT3,CDKN1A,DDAH2,Activation,0.008398852083495641,0.25,0,0.1634679908737094,0.1598443161991692,0.1242786203194233,0.1233391491075053,0.2312441283049252,0.1872231915179169,289
Kang_IFN_beta,stim,trrust_dorothea_intersection,4,76,JUN,CDKN1A,DDAH2,Activation,0.008398852083495641,0.25,0,0.1634679908737094,0.1598443161991692,0.1242786203194233,0.1233391491075053,0.2003757884847679,0.1441417259428286,81
Kang_IFN_beta,stim,trrust_dorothea_intersection,4,201,RUNX3,CASP8,SCO2,Activation,0.0023717249030967696,0.25,0,0.1440075157696971,0.1432022547309104,0.1245470406656855,0.1242786203194233,0.0746208562609051,0.0675077170849552,226
Kang_IFN_beta,stim,trrust_dorothea_intersection,4,13,CEBPB,CDKN1A,DDAH2,Activation,0.008398852083495641,0.25,0,0.1634679908737094,0.1598443161991692,0.1242786203194233,0.1233391491075053,0.5074486646087883,0.2915044960408028,13
Kang_IFN_beta,stim,trrust_dorothea_intersection,4,28,CREM,CD247,DDAH2,Repression,0.0039324296710276435,0.25,0,0.1566232720440224,0.1598443161991692,0.122936518588112,0.1233391491075053,1.111394443698838,0.5016776271641737,28
Kang_IFN_beta,stim,trrust_dorothea_intersection,4,271,STAT3,MYD88,SIVA1,Activation,0.002901949449749654,0.25,0,0.1409206817876812,0.1378338478056656,0.1201181049523582,0.119849684606096,0.2312441283049252,0.1872231915179169,302
Kang_IFN_beta,stim,trrust_dorothea_intersection,4,87,JUN,RELB,SETD5-AS1,Activation,0.002732844041827234,0.25,0,0.1350154341699122,0.1324654408804208,0.1156891692390309,0.1154207488927687,0.2003757884847679,0.1441417259428286,92
Kang_IFN_beta,stim,trrust_dorothea_intersection,4,107,MYC,ID2,RP11-701P16.5,Activation,0.0012779454324291556,0.25,0,0.2201046839350426,0.2191652127231252,0.1134075962958017,0.1135418064689328,0.3137833847805695,0.1462890887129264,114
Kang_IFN_beta,stim,trrust_dorothea_intersection,4,118,NFKB1,ATF3,TXNRD1,Activation,0.001656859912220348,0.25,0,0.1528653871963508,0.1558180110052356,0.1140786471614574,0.1140786471614574,0.1209233659911441,0.095155012749968,125
Kang_IFN_beta,stim,trrust_dorothea_intersection,4,74,JUN,ATF3,CDK2AP2,Activation,0.008097136848711987,0.25,0,0.1528653871963508,0.1398470004026322,0.1140786471614574,0.113676016642064,0.2003757884847679,0.1441417259428286,78
Kang_IFN_beta,stim,trrust_dorothea_intersection,4,6,ATF4,ATF3,PTGER4,Activation,0.007292205597168528,0.25,0,0.1528653871963508,0.1414575224802058,0.1140786471614574,0.1144812776808508,0.1366259562474854,0.1138102268151951,6
Kang_IFN_beta,stim,trrust_dorothea_intersection,4,94,KLF6,ATF3,CDK2AP2,Activation,0.008097136848711987,0.25,0,0.1528653871963508,0.1398470004026322,0.1140786471614574,0.113676016642064,0.9133002281572968,0.4415514696014219,100
Kang_IFN_beta,stim,trrust_dorothea_intersection,4,203,RUNX3,ICAM3,NENF,Repression,0.0009037417703019468,0.25,0,0.1297812374177985,0.1281707153402251,0.1124681250838838,0.1124681250838838,0.0746208562609051,0.0675077170849552,228
Kang_IFN_beta,stim,trrust_dorothea_intersection,4,50,HSF1,STIP1,NENF,Activation,0.005557149742636917,0.25,0,0.1371627969400098,0.1281707153402251,0.1121997047376215,0.1124681250838838,0.0640182525835458,0.0601261575627432,50
Kang_IFN_beta,stim,trrust_dorothea_intersection,4,213,SPI1,HCK,KIAA1551,Activation,0.007983052304333884,0.25,0,0.1415917326533368,0.1273654543014382,0.1101865521406546,0.1101865521406546,0.7403033149912851,0.3172728492819825,238
Kang_IFN_beta,stim,trrust_dorothea_intersection,4,259,STAT3,COPS5,PAK2,Activation,0.0025878682973476137,0.25,0,0.1221312575493246,0.1201181049523578,0.1092470809287367,0.1095155012749989,0.2312441283049252,0.1872231915179169,290
Kang_IFN_beta,stim,trrust_dorothea_intersection,4,79,JUN,DDIT3,TNIP2,Activation,0.003941433282695844,0.25,0,0.1288417662058806,0.1221312575493245,0.1072339283317697,0.1070997181586386,0.2003757884847679,0.1441417259428286,84
Kang_IFN_beta,stim,trrust_dorothea_intersection,4,8,ATF4,DDIT3,C1GALT1,Activation,0.004230176589032412,0.25,0,0.1288417662058806,0.1215944168568001,0.1072339283317697,0.1070997181586386,0.1366259562474854,0.1138102268151951,8
Kang_IFN_beta,stim,trrust_dorothea_intersection,4,5,ATF3,DDIT3,DNAJA2,Activation,0.004049892689197634,0.25,0,0.1288417662058806,0.1229365185881113,0.1072339283317697,0.107502348678032,0.1528653871963508,0.1140786471614574,5
Kang_IFN_beta,stim,trrust_dorothea_intersection,4,219,SPI1,P2RY10,MZT2A,Activation,0.0017321717264121607,0.25,0,0.1205207354717508,0.1174339014897349,0.1014628908871311,0.1014628908871311,0.7403033149912851,0.3172728492819825,244
Kang_IFN_beta,stim,trrust_dorothea_intersection,4,119,NFKB1,BCL2A1,CPVL,Activation,0.011108159867327558,0.25,0,0.1595758958529066,0.1529995973694815,0.1010602603677377,0.1022681519259179,0.1209233659911441,0.095155012749968,127
Kang_IFN_beta,stim,trrust_dorothea_intersection,4,164,RELA,BCL2A1,REL,Activation,0.01575705326709066,0.25,0,0.1595758958529066,0.1406522614414189,0.1010602603677377,0.0997181586364264,0.0654945644879882,0.0603945779090054,181
Kang_IFN_beta,stim,trrust_dorothea_intersection,4,120,NFKB1,BIRC2,OS9,Activation,0.0027328440418278852,0.25,0,0.1128707556032767,0.1154207488927679,0.100254999328951,0.0999865789826887,0.1209233659911441,0.095155012749968,128
Kang_IFN_beta,stim,trrust_dorothea_intersection,4,165,RELA,BIRC2,CLTB,Activation,0.0020870174459171288,0.25,0,0.1128707556032767,0.1159575895852927,0.100254999328951,0.1003892095020821,0.0654945644879882,0.0603945779090054,182
Kang_IFN_beta,stim,trrust_dorothea_intersection,4,114,MYC,PRDX3,PSMD12,Activation,0.00030124725676727165,0.25,0,0.1089786605824741,0.1095155012749985,0.0983760569051151,0.0983760569051151,0.3137833847805695,0.1462890887129264,121
Kang_IFN_beta,stim,trrust_dorothea_intersection,4,12,CEBPB,ADM,SERTAD1,Activation,0.013561656352247918,0.25,0,0.1440075157696967,0.1206549456448818,0.0994497382901642,0.0998523688095576,0.5074486646087883,0.2915044960408028,12
Kang_IFN_beta,stim,trrust_dorothea_intersection,4,153,NFKB1,TNFAIP3,SNX1,Activation,0.002471272528740323,0.25,0,0.1112602335257031,0.1097839216212607,0.097168165346935,0.0968997450006727,0.1209233659911441,0.095155012749968,168
Kang_IFN_beta,stim,trrust_dorothea_intersection,4,196,RELA,TNFAIP3,POLR2K,Activation,0.0017868711765001068,0.25,0,0.1112602335257031,0.1088444504093428,0.097168165346935,0.0970339551738038,0.0654945644879882,0.0603945779090054,221
Kang_IFN_beta,stim,trrust_dorothea_intersection,4,152,NFKB1,TLR2,LHFPL2,Activation,0.0024712725287403567,0.25,0,0.1214602066836685,0.1229365185881108,0.0963629043081482,0.0960944839618859,0.1209233659911441,0.095155012749968,167
Kang_IFN_beta,stim,trrust_dorothea_intersection,4,162,REL,TNFAIP3,POLR2K,Activation,0.0017868711765001068,0.25,0,0.1112602335257031,0.1088444504093428,0.097168165346935,0.0970339551738038,0.1406522614414189,0.0997181586364264,179
Kang_IFN_beta,stim,trrust_dorothea_intersection,4,206,SPI1,ACP5,FERMT3,Activation,0.014882029458388667,0.25,0,0.1437390954234346,0.1172996913166036,0.094081331364919,0.0942155415380501,0.7403033149912851,0.3172728492819825,231
Kang_IFN_beta,stim,trrust_dorothea_intersection,4,46,HIF1A,TLR2,NUCB2,Activation,0.003916214337975232,0.25,0,0.1214602066836685,0.1144812776808501,0.0963629043081482,0.0963629043081482,0.1725942826466258,0.1448127768084841,46
Kang_IFN_beta,stim,trrust_dorothea_intersection,4,257,STAT3,CCND3,ROCK1,Activation,0.0030199357740405275,0.25,0,0.1116628640450966,0.1066970876392447,0.0959602737887548,0.0960944839618859,0.2312441283049252,0.1872231915179169,288
Kang_IFN_beta,stim,trrust_dorothea_intersection,4,188,RELA,NFKB1,CNPPD1,Activation,0.006386618807787755,0.25,0,0.1209233659911441,0.1113944436988341,0.095155012749968,0.0947523822305746,0.0654945644879882,0.0603945779090054,210
Kang_IFN_beta,stim,trrust_dorothea_intersection,4,157,RBPJ,NFKB1,CXORF21,Activation,0.007129906753243601,0.25,0,0.1209233659911441,0.1234733592806354,0.095155012749968,0.0959602737887548,0.0860287209770509,0.0773050597235277,173
Kang_IFN_beta,stim,trrust_dorothea_intersection,4,52,IRF1,CASP7,WDR45,Activation,0.0011296772128774994,0.25,0,0.1029392027915732,0.1009260501946063,0.0911287075560341,0.0911287075560341,0.5240907260770497,0.3422359414843753,52
Kang_IFN_beta,stim,trrust_dorothea_intersection,4,36,HIF1A,FAM162A,ZFR,Activation,0.0009790535844939226,0.25,0,0.0959602737887544,0.0977050060394592,0.0861629311501823,0.0861629311501823,0.1725942826466258,0.1448127768084841,36
Kang_IFN_beta,stim,trrust_dorothea_intersection,4,93,JUND,TGFB1,CTNNA1,Activation,0.0003765590709590913,0.25,0,0.098778687424508,0.0981076365588525,0.0846866192457399,0.0846866192457399,0.0667024560461684,0.0613340491209233,99
Kang_IFN_beta,stim,trrust_dorothea_intersection,4,215,SPI1,ITGB2,TSEN34,Activation,0.003916214337975295,0.25,0,0.1017313112333927,0.0947523822305742,0.0830760971681663,0.0830760971681663,0.7403033149912851,0.3172728492819825,240
Kang_IFN_beta,stim,trrust_dorothea_intersection,4,286,YY1,DNAJB4,TAF1D,Activation,0.008991625180618064,0.25,0,0.1132733861226697,0.1010602603677371,0.0838813582069531,0.0845524090726087,0.1108576030063096,0.0962286941350171,319
Kang_IFN_beta,stim,trrust_dorothea_intersection,4,217,SPI1,MSR1,TNFAIP2,Activation,0.003539655267016141,0.25,0,0.1034760434840974,0.1097839216212603,0.0821366259562484,0.0821366259562484,0.7403033149912851,0.3172728492819825,242
Kang_IFN_beta,stim,trrust_dorothea_intersection,4,38,HIF1A,ITGB2,NOP56,Activation,0.002560601682522281,0.25,0,0.1017313112333927,0.0971681653469345,0.0830760971681663,0.0830760971681663,0.1725942826466258,0.1448127768084841,38
Kang_IFN_beta,stim,trrust_dorothea_intersection,4,288,YY1,FDPS,LPIN2,Repression,0.00120248610781678,0.25,0,0.0942155415380498,0.0947523822305743,0.0829418869950352,0.082807676821904,0.1108576030063096,0.0962286941350171,321
Kang_IFN_beta,stim,trrust_dorothea_intersection,4,212,SPI1,ERAP2,ATG5,Activation,0.0017868711765001042,0.25,0,0.0893839753053292,0.0869681921889689,0.0802576835324126,0.0801234733592814,0.7403033149912851,0.3172728492819825,237
Kang_IFN_beta,stim,trrust_dorothea_intersection,4,91,JUND,NQO2,C1ORF122,Activation,0.0034956678682989853,0.25,0,0.0982418467319835,0.0979734263857213,0.0805261038786748,0.0809287343980682,0.0667024560461684,0.0613340491209233,97
Kang_IFN_beta,stim,trrust_dorothea_intersection,4,57,IRF1,ERAP2,MRPS14,Activation,0.0011665739578515532,0.25,0,0.0893839753053292,0.0895181854784604,0.0802576835324126,0.0803918937055437,0.5240907260770497,0.3422359414843753,58
Kang_IFN_beta,stim,trrust_dorothea_intersection,4,42,HIF1A,PFKFB3,DNASE2,Activation,0.0026570777111812115,0.25,0,0.0927392296336073,0.0950208025768364,0.0789155818011013,0.0791840021473635,0.1725942826466258,0.1448127768084841,42
Kang_IFN_beta,stim,trrust_dorothea_intersection,4,230,STAT1,FAS,APMAP,Activation,0.0006024945135345919,0.25,0,0.0876392430546245,0.0887129244396734,0.0750234867802985,0.0750234867802985,0.6730640182525867,0.4341699100792089,258
Kang_IFN_beta,stim,trrust_dorothea_intersection,4,197,RELA,TRAF1,MESDC1,Activation,0.0024087275698100046,0.25,0,0.0895181854784602,0.0857603006307887,0.0764997986847409,0.0763655885116098,0.0654945644879882,0.0603945779090054,222
Kang_IFN_beta,stim,trrust_dorothea_intersection,4,154,NFKB1,TRAF1,ATP6V1D,Activation,0.0018074835406040324,0.25,0,0.0895181854784602,0.0862971413233131,0.0764997986847409,0.0764997986847409,0.1209233659911441,0.095155012749968,170
Kang_IFN_beta,stim,trrust_dorothea_intersection,4,115,MYC,SRSF1,IDH3B,Activation,0.0008284299561101757,0.25,0,0.0825392564756416,0.0810629445711992,0.0739498053952495,0.0739498053952495,0.3137833847805695,0.1462890887129264,122
Kang_IFN_beta,stim,trrust_dorothea_intersection,4,134,NFKB1,FAS,LYAR,Activation,0.0024049722156326064,0.25,0,0.0876392430546245,0.0865655616695754,0.0750234867802985,0.0752919071265608,0.1209233659911441,0.095155012749968,147
Kang_IFN_beta,stim,trrust_dorothea_intersection,4,261,STAT3,FAS,APMAP,Repression,0.0006024945135345919,0.25,0,0.0876392430546245,0.0887129244396734,0.0750234867802985,0.0750234867802985,0.2312441283049252,0.1872231915179169,292
Kang_IFN_beta,stim,trrust_dorothea_intersection,4,287,YY1,FAS,LYAR,Repression,0.0024049722156326064,0.25,0,0.0876392430546245,0.0865655616695754,0.0750234867802985,0.0752919071265608,0.1108576030063096,0.0962286941350171,320
Kang_IFN_beta,stim,trrust_dorothea_intersection,4,81,JUN,FAS,FEZ2,Activation,0.0015211077710309887,0.25,0,0.0876392430546245,0.0858945108039198,0.0750234867802985,0.0748892766071674,0.2003757884847679,0.1441417259428286,86
Kang_IFN_beta,stim,trrust_dorothea_intersection,4,177,RELA,CXCL2,CA2,Activation,0.02408776845720818,0.25,0,0.1555495906589729,0.1168970607972097,0.0720708629714136,0.0732787545295938,0.0654945644879882,0.0603945779090054,199
Kang_IFN_beta,stim,trrust_dorothea_intersection,4,133,NFKB1,CXCL2,HSPA1B,Activation,0.02006723394428481,0.25,0,0.1555495906589729,0.1213259965105369,0.0720708629714136,0.071399812105758,0.1209233659911441,0.095155012749968,146
Kang_IFN_beta,stim,trrust_dorothea_intersection,4,48,HSF1,HSPA1B,P2RY6,Activation,0.004066837966359097,0.25,0,0.1213259965105369,0.1140786471614559,0.071399812105758,0.071399812105758,0.0640182525835458,0.0601261575627432,48
Kang_IFN_beta,stim,trrust_dorothea_intersection,4,281,YBX1,KPNA2,ST3GAL5,Repression,0.0032999447447906436,0.25,0,0.0873708227083621,0.0818682056099858,0.0709971815863646,0.0711313917594957,1.614548382767453,0.6789692658703417,314
Kang_IFN_beta,stim,trrust_dorothea_intersection,4,84,JUN,PDHA1,SET,Activation,0.0011641404252848986,0.25,0,0.0779761105891832,0.0779761105891832,0.0687156086431354,0.0685813984700042,0.2003757884847679,0.1441417259428286,89
Kang_IFN_beta,stim,trrust_dorothea_intersection,4,266,STAT3,IFNAR1,MIF,Activation,0.0003012472567673341,0.25,0,0.0720708629714136,0.0715340222788891,0.0673735069118241,0.0673735069118241,0.2312441283049252,0.1872231915179169,297
Kang_IFN_beta,stim,trrust_dorothea_intersection,4,40,HIF1A,MIF,ZBTB8OS,Activation,0.0008284299561101757,0.25,0,0.0715340222788891,0.0730103341833315,0.0673735069118241,0.0673735069118241,0.1725942826466258,0.1448127768084841,40
Kang_IFN_beta,stim,trrust_dorothea_intersection,4,205,SATB1,CD8B,FGR,Activation,0.01591143667606261,0.25,0,0.1081733995436863,0.0801234733592812,0.0673735069118241,0.0671050865655618,0.0974365856931968,0.0834787276875597,230
Kang_IFN_beta,stim,trrust_dorothea_intersection,4,30,HBP1,MIF,LCP2,Repression,0.0015815480980285249,0.25,0,0.0715340222788891,0.0743524359146428,0.0673735069118241,0.0673735069118241,0.2289625553616961,0.1869547711716546,30
Kang_IFN_beta,stim,trrust_dorothea_intersection,4,102,MYC,HDAC2,MRPL15,Activation,0.0012024861078159593,0.25,0,0.0697892900281843,0.0703261307207089,0.0657629848342505,0.0656287746611194,0.3137833847805695,0.1462890887129264,109
Kang_IFN_beta,stim,trrust_dorothea_intersection,4,83,JUN,NFKB2,ERBB2IP,Activation,0.0015815480980285804,0.25,0,0.0731445443564625,0.0759629579922163,0.0667024560461684,0.0667024560461684,0.2003757884847679,0.1441417259428286,88
Kang_IFN_beta,stim,trrust_dorothea_intersection,4,44,HIF1A,RORA,CSRNP1,Activation,0.002184042611563193,0.25,0,0.0785129512817076,0.0746208562609049,0.0661656153536439,0.0661656153536439,0.1725942826466258,0.1448127768084841,44
Kang_IFN_beta,stim,trrust_dorothea_intersection,4,106,MYC,HSPA4,PNPLA8,Activation,0.0013865099586613588,0.25,0,0.0723392833176758,0.0709971815863645,0.0640182525835458,0.0638840424104147,0.3137833847805695,0.1462890887129264,113
Kang_IFN_beta,stim,trrust_dorothea_intersection,4,49,HSF1,HSPA4,PNPLA8,Activation,0.0013865099586613588,0.25,0,0.0723392833176758,0.0709971815863645,0.0640182525835458,0.0638840424104147,0.0640182525835458,0.0601261575627432,49
Kang_IFN_beta,stim,trrust_dorothea_intersection,4,26,CREB1,PSEN1,PNPLA8,Activation,0.0011738442857585365,0.25,0,0.0712656019326268,0.0709971815863645,0.0637498322372836,0.0638840424104147,0.0616024694671855,0.0559656421956783,26
Kang_IFN_beta,stim,trrust_dorothea_intersection,4,198,RELA,XIAP,EMD,Activation,0.0001506236283836948,0.25,0,0.0677761374312174,0.0680445577774797,0.0617366796403166,0.0617366796403166,0.0654945644879882,0.0603945779090054,223
Kang_IFN_beta,stim,trrust_dorothea_intersection,4,155,NFKB1,XIAP,EMD,Activation,0.0001506236283836948,0.25,0,0.0677761374312174,0.0680445577774797,0.0617366796403166,0.0617366796403166,0.1209233659911441,0.095155012749968,171
Kang_IFN_beta,stim,trrust_dorothea_intersection,4,86,JUN,POLD2,DDRGK1,Activation,0.0012024861078167783,0.25,0,0.0667024560461684,0.0661656153536439,0.059991947389612,0.0601261575627432,0.2003757884847679,0.1441417259428286,91
Kang_IFN_beta,stim,trrust_dorothea_intersection,4,24,CREB1,POLD2,ATP6AP1,Activation,0.0006778063277265364,0.25,0,0.0667024560461684,0.0654945644879882,0.059991947389612,0.059991947389612,0.0616024694671855,0.0559656421956783,24
Kang_IFN_beta,stim,trrust_dorothea_intersection,4,108,MYC,IER3,SCIMP,Repression,0.005121203365044721,0.25,0,0.0807945242249367,0.07166823245202,0.0578445846195141,0.0578445846195141,0.3137833847805695,0.1462890887129264,115
Kang_IFN_beta,stim,trrust_dorothea_intersection,4,183,RELA,IER3,MAP3K8,Activation,0.007292205597168526,0.25,0,0.0807945242249367,0.0693866595087909,0.0578445846195141,0.0582472151389074,0.0654945644879882,0.0603945779090054,205
Kang_IFN_beta,stim,trrust_dorothea_intersection,4,140,NFKB1,IER3,GAPT,Activation,0.007763604892043529,0.25,0,0.0807945242249367,0.074755066434036,0.0578445846195141,0.0586498456583008,0.1209233659911441,0.095155012749968,153
Kang_IFN_beta,stim,trrust_dorothea_intersection,4,235,STAT1,ICAM1,NEU1,Activation,0.002694174714220703,0.25,0,0.066299825526775,0.0638840424104147,0.0560998523688095,0.0563682727150717,0.6730640182525867,0.4341699100792089,263
Kang_IFN_beta,stim,trrust_dorothea_intersection,4,161,REL,IER3,MAP3K8,Activation,0.007292205597168526,0.25,0,0.0807945242249367,0.0693866595087909,0.0578445846195141,0.0582472151389074,0.1406522614414189,0.0997181586364264,178
Kang_IFN_beta,stim,trrust_dorothea_intersection,4,260,STAT3,ETV6,LZIC,Activation,0.001248763479057464,0.25,0,0.0634814118910213,0.0626761508522345,0.0573077439269896,0.0574419541001207,0.2312441283049252,0.1872231915179169,291
Kang_IFN_beta,stim,trrust_dorothea_intersection,4,182,RELA,ICAM1,HNRNPLL,Activation,0.002621619780685915,0.25,0,0.066299825526775,0.0641524627566769,0.0560998523688095,0.0558314320225472,0.0654945644879882,0.0603945779090054,204
Kang_IFN_beta,stim,trrust_dorothea_intersection,4,139,NFKB1,ICAM1,USP10,Activation,0.002608809955080687,0.25,0,0.066299825526775,0.06213931015971,0.0560998523688095,0.0562340625419406,0.1209233659911441,0.095155012749968,152
Kang_IFN_beta,stim,trrust_dorothea_intersection,4,0,ATF1,CCNA1,IER3,Repression,0.01343313701835261,0.25,0,0.0927392296336067,0.0807945242249367,0.0565024828882028,0.0578445846195141,0.0648235136223326,0.0602603677358743,0
Kang_IFN_beta,stim,trrust_dorothea_intersection,4,265,STAT3,ICAM1,USP10,Activation,0.002608809955080687,0.25,0,0.066299825526775,0.06213931015971,0.0560998523688095,0.0562340625419406,0.2312441283049252,0.1872231915179169,296
Kang_IFN_beta,stim,trrust_dorothea_intersection,4,240,STAT1,JAK2,BCKDK,Activation,0.00015062362838363236,0.25,0,0.0605287880821365,0.0602603677358743,0.0546235404643671,0.0546235404643671,0.6730640182525867,0.4341699100792089,268
Kang_IFN_beta,stim,trrust_dorothea_intersection,4,160,REL,ICAM1,RNF146,Activation,0.0026764187174679174,0.25,0,0.066299825526775,0.0620050999865789,0.0560998523688095,0.0559656421956783,0.1406522614414189,0.0997181586364264,177
Kang_IFN_beta,stim,trrust_dorothea_intersection,4,204,RUNX3,TCF4,HNRNPLL,Activation,0.003539655267016259,0.25,0,0.07046034089384,0.0641524627566769,0.0558314320225472,0.0558314320225472,0.0746208562609051,0.0675077170849552,229
Kang_IFN_beta,stim,trrust_dorothea_intersection,4,89,JUN,STMN1,FPR1,Activation,0.001903672942636613,0.25,0,0.0734129647027247,0.0707287612401021,0.0551603811568916,0.0552945913300227,0.2003757884847679,0.1441417259428286,94
Kang_IFN_beta,stim,trrust_dorothea_intersection,4,128,NFKB1,CD80,CMTM8,Activation,0.0017304314993418551,0.25,0,0.0669708763924306,0.0692524493356598,0.0550261709837605,0.0551603811568916,0.1209233659911441,0.095155012749968,140
Kang_IFN_beta,stim,trrust_dorothea_intersection,4,180,RELA,HDAC1,NFATC2IP,Activation,0.001347087357110394,0.25,0,0.0571735337538584,0.0583814253120386,0.0546235404643671,0.0547577506374982,0.0654945644879882,0.0603945779090054,202
Kang_IFN_beta,stim,trrust_dorothea_intersection,4,112,MYC,PCNA,UBXN2A,Activation,0.0013470873571110882,0.25,0,0.0573077439269896,0.0560998523688095,0.0530130183867936,0.0531472285599248,0.3137833847805695,0.1462890887129264,119
Kang_IFN_beta,stim,trrust_dorothea_intersection,4,97,MYC,CCND2,PITPNC1,Activation,0.0024087275698104044,0.25,0,0.0601261575627432,0.0563682727150717,0.0508656556166957,0.0507314454435645,0.3137833847805695,0.1462890887129264,104
Kang_IFN_beta,stim,trrust_dorothea_intersection,4,123,NFKB1,CCND2,MDK,Activation,0.00143092446964483,0.25,0,0.0601261575627432,0.0575761642732518,0.0508656556166957,0.0508656556166957,0.1209233659911441,0.095155012749968,134
Kang_IFN_beta,stim,trrust_dorothea_intersection,4,256,STAT3,CCND2,ZC3H13,Activation,0.0012803008412611422,0.25,0,0.0601261575627432,0.0578445846195141,0.0508656556166957,0.0508656556166957,0.2312441283049252,0.1872231915179169,287
Kang_IFN_beta,stim,trrust_dorothea_intersection,4,156,NFKB2,CCND2,MRPL46,Activation,0.0020334189831794844,0.25,0,0.0601261575627432,0.0565024828882028,0.0508656556166957,0.0508656556166957,0.0731445443564625,0.0667024560461684,172
Kang_IFN_beta,stim,trrust_dorothea_intersection,5,252,STAT2,IFIT3,RPL34,Activation,0.23856921308736428,0.25,0,6.844047778821768,6.606629982552764,0.9171923231780238,0.9400080526103088,0.1823916252851973,0.1539390685814,282
Kang_IFN_beta,stim,trrust_dorothea_intersection,5,71,IRF9,IFIT3,RPL34,Activation,0.23856921308736428,0.25,0,6.844047778821768,6.606629982552764,0.9171923231780238,0.9400080526103088,0.1795732116494438,0.1536706482351378,75
Kang_IFN_beta,stim,trrust_dorothea_intersection,5,59,IRF1,IFIT3,RPL34,Activation,0.23856921308736428,0.25,0,6.844047778821768,6.606629982552764,0.9171923231780238,0.9400080526103088,0.5240907260770497,0.3422359414843753,60
Kang_IFN_beta,stim,trrust_dorothea_intersection,5,146,NFKB1,NFKBIA,ANXA2,Activation,0.1888199991172143,0.25,0,2.46356193799492,2.6334720171789243,0.5634143068044745,0.5446248825661221,0.1209233659911441,0.095155012749968,159
Kang_IFN_beta,stim,trrust_dorothea_intersection,5,214,SPI1,IFIT3,RPL34,Activation,0.23856921308736428,0.25,0,6.844047778821768,6.606629982552764,0.9171923231780238,0.9400080526103088,0.7403033149912851,0.3172728492819825,239
Kang_IFN_beta,stim,trrust_dorothea_intersection,5,189,RELA,NFKBIA,ANXA2,Activation,0.1888199991172143,0.25,0,2.46356193799492,2.6334720171789243,0.5634143068044745,0.5446248825661221,0.0654945644879882,0.0603945779090054,211
Kang_IFN_beta,stim,trrust_dorothea_intersection,5,236,STAT1,IFIT3,RPL34,Activation,0.23856921308736428,0.25,0,6.844047778821768,6.606629982552764,0.9171923231780238,0.9400080526103088,0.6730640182525867,0.4341699100792089,264
Kang_IFN_beta,stim,trrust_dorothea_intersection,5,58,IRF1,HLA-A,HLA-C,Activation,0.16627391254132817,0.25,0,8.367064823513704,8.658032478861928,0.9914105489195156,0.9877868742449764,0.5240907260770497,0.3422359414843753,59
Kang_IFN_beta,stim,trrust_dorothea_intersection,5,124,NFKB1,CCR7,HLA-DPA1,Activation,0.2226085167396759,0.25,0,2.326264930881789,2.471211917863392,0.500603945779125,0.4767145349617816,0.1209233659911441,0.095155012749968,135
Kang_IFN_beta,stim,trrust_dorothea_intersection,5,228,STAT1,CTSB,S100A4,Activation,0.0326794345636599,0.25,0,1.9124949671185387,1.9083344517514755,0.3957858005637018,0.3995436854113738,0.6730640182525867,0.4341699100792089,255
Kang_IFN_beta,stim,trrust_dorothea_intersection,5,176,RELA,CTSB,HSPB1,Activation,0.04432673397191068,0.25,0,1.9124949671185387,1.854784592672156,0.3957858005637018,0.392296336062292,0.0654945644879882,0.0603945779090054,197
Kang_IFN_beta,stim,trrust_dorothea_intersection,5,141,NFKB1,IL1RN,CTSL,Activation,0.07746892616255974,0.25,0,2.0543551201181303,2.1477654006173896,0.3533753858542602,0.3599516843376863,0.1209233659911441,0.095155012749968,154
Kang_IFN_beta,stim,trrust_dorothea_intersection,5,132,NFKB1,CTSB,S100A4,Activation,0.0326794345636599,0.25,0,1.9124949671185387,1.9083344517514755,0.3957858005637018,0.3995436854113738,0.1209233659911441,0.095155012749968,144
Kang_IFN_beta,stim,trrust_dorothea_intersection,5,243,STAT1,PLSCR1,VIM,Activation,0.16157284629412022,0.25,0,2.672124547040689,2.935579116897079,0.7327875452959082,0.7252717756005672,0.6730640182525867,0.4341699100792089,271
Kang_IFN_beta,stim,trrust_dorothea_intersection,5,229,STAT1,CTSL,FAM26F,Activation,0.07494237681379629,0.25,0,2.1477654006173896,2.056502482888232,0.3599516843376863,0.3662595624748501,0.6730640182525867,0.4341699100792089,256
Kang_IFN_beta,stim,trrust_dorothea_intersection,5,78,JUN,CTSL,FAM26F,Activation,0.07494237681379629,0.25,0,2.1477654006173896,2.056502482888232,0.3599516843376863,0.3662595624748501,0.2003757884847679,0.1441417259428286,83
Kang_IFN_beta,stim,trrust_dorothea_intersection,5,67,IRF3,IRF7,SH3BGRL3,Activation,0.24854532686434583,0.25,0,2.843376727955996,3.285599248423045,0.7845926721245083,0.7862031942020814,0.0807945242249369,0.0734129647027249,70
Kang_IFN_beta,stim,trrust_dorothea_intersection,5,293,ZEB2,VIM,PLSCR1,Activation,0.16157284629412022,0.25,0,2.935579116897079,2.672124547040689,0.7252717756005672,0.7327875452959082,0.208159978526373,0.1523285465038266,326
Kang_IFN_beta,stim,trrust_dorothea_intersection,5,232,STAT1,HLA-E,RPL30,Activation,0.08964286076397991,0.25,0,3.996778955844908,3.8449872500336073,0.9276607166822488,0.9244396725271026,0.6730640182525867,0.4341699100792089,260
Kang_IFN_beta,stim,trrust_dorothea_intersection,5,280,TCF4,VIM,PLSCR1,Activation,0.16157284629412022,0.25,0,2.935579116897079,2.672124547040689,0.7252717756005672,0.7327875452959082,0.07046034089384,0.0558314320225472,313
Kang_IFN_beta,stim,trrust_dorothea_intersection,5,264,STAT3,HSPB1,CTSB,Activation,0.04432673397191068,0.25,0,1.854784592672156,1.9124949671185387,0.392296336062292,0.3957858005637018,0.2312441283049252,0.1872231915179169,295
Kang_IFN_beta,stim,trrust_dorothea_intersection,5,143,NFKB1,IRF7,SH3BGRL3,Activation,0.24854532686434583,0.25,0,2.843376727955996,3.285599248423045,0.7845926721245083,0.7862031942020814,0.1209233659911441,0.095155012749968,156
Kang_IFN_beta,stim,trrust_dorothea_intersection,5,238,STAT1,IRF7,RPL6,Activation,0.29884819853205696,0.25,0,2.843376727955996,2.3983357938532106,0.7845926721245083,0.7656690377130249,0.6730640182525867,0.4341699100792089,266
Kang_IFN_beta,stim,trrust_dorothea_intersection,5,185,RELA,IRF7,GNB2L1,Activation,0.278644139256649,0.25,0,2.843376727955996,2.498053952489636,0.7845926721245083,0.8076768219030556,0.0654945644879882,0.0603945779090054,207
Kang_IFN_beta,stim,trrust_dorothea_intersection,5,37,HIF1A,GAPDH,CYBA,Activation,0.1357954836409398,0.25,0,2.7429875184539174,2.97248691450813,0.6765534827539821,0.6715877063481318,0.1725942826466258,0.1448127768084841,37
Kang_IFN_beta,stim,trrust_dorothea_intersection,5,18,CEBPD,GAPDH,CYBA,Activation,0.1357954836409398,0.25,0,2.7429875184539174,2.97248691450813,0.6765534827539821,0.6715877063481318,0.1680311367601677,0.1130049657764083,18
Kang_IFN_beta,stim,trrust_dorothea_intersection,5,250,STAT1,TNFSF13B,CSTB,Activation,0.1907466944726328,0.25,0,1.8700845524091103,1.9861763521675413,0.4763119044423882,0.455643537780192,0.6730640182525867,0.4341699100792089,280
Kang_IFN_beta,stim,trrust_dorothea_intersection,5,234,STAT1,HSP90AA1,DYNLT1,Repression,0.025570326312493594,0.25,0,2.766742719098114,2.737887531874933,0.7035297275533309,0.7058113004965594,0.6730640182525867,0.4341699100792089,262
Kang_IFN_beta,stim,trrust_dorothea_intersection,5,47,HSF1,HSPA1A,CTSL,Activation,0.1478458340111204,0.25,0,2.1477654006173914,2.1477654006173896,0.3769963763253416,0.3599516843376863,0.0640182525835458,0.0601261575627432,47
Kang_IFN_beta,stim,trrust_dorothea_intersection,5,167,RELA,CCL5,HLA-DQA1,Activation,0.15684536834473647,0.25,0,0.7860689840289914,0.5379143739095493,0.1704469198765273,0.1787679506106566,0.0654945644879882,0.0603945779090054,187
Kang_IFN_beta,stim,trrust_dorothea_intersection,5,207,SPI1,CCL5,S100A8,Activation,0.16106968915075331,0.25,0,0.7860689840289914,0.5326801771574332,0.1704469198765273,0.1617232586230048,0.7403033149912851,0.3172728492819825,232
Kang_IFN_beta,stim,trrust_dorothea_intersection,5,122,NFKB1,CCL5,TNFAIP6,Activation,0.15760787872722729,0.25,0,0.7860689840289914,0.5342906992350067,0.1704469198765273,0.1623943094886604,0.1209233659911441,0.095155012749968,133
Kang_IFN_beta,stim,trrust_dorothea_intersection,5,245,STAT1,PSMB9,SERF2,Activation,0.23242183130081226,0.25,0,3.074889276607183,2.879345054355146,0.8708898134477983,0.8472688229767267,0.6730640182525867,0.4341699100792089,273
Kang_IFN_beta,stim,trrust_dorothea_intersection,5,19,CREB1,CCL5,S100A8,Activation,0.16106968915075331,0.25,0,0.7860689840289914,0.5326801771574332,0.1704469198765273,0.1617232586230048,0.0616024694671855,0.0559656421956783,19
Kang_IFN_beta,stim,trrust_dorothea_intersection,5,90,JUND,CCL5,HLA-DQA1,Activation,0.15684536834473647,0.25,0,0.7860689840289914,0.5379143739095493,0.1704469198765273,0.1787679506106566,0.0667024560461684,0.0613340491209233,96
Kang_IFN_beta,stim,trrust_dorothea_intersection,5,4,ATF3,CCL5,TNFAIP6,Activation,0.15760787872722729,0.25,0,0.7860689840289914,0.5342906992350067,0.1704469198765273,0.1623943094886604,0.1528653871963508,0.1140786471614574,4
Kang_IFN_beta,stim,trrust_dorothea_intersection,5,63,IRF1,PSMB9,RPL18,Activation,0.19050170059537444,0.25,0,3.074889276607183,3.4055831432022887,0.8708898134477983,0.865924037041948,0.5240907260770497,0.3422359414843753,64
Kang_IFN_beta,stim,trrust_dorothea_intersection,5,53,IRF1,CCL5,S100A8,Activation,0.16106968915075331,0.25,0,0.7860689840289914,0.5326801771574332,0.1704469198765273,0.1617232586230048,0.5240907260770497,0.3422359414843753,53
Kang_IFN_beta,stim,trrust_dorothea_intersection,5,75,JUN,CCL5,TNFAIP6,Activation,0.15760787872722729,0.25,0,0.7860689840289914,0.5342906992350067,0.1704469198765273,0.1623943094886604,0.2003757884847679,0.1441417259428286,80
Kang_IFN_beta,stim,trrust_dorothea_intersection,5,159,REL,CCL5,HLA-DQA1,Activation,0.15684536834473647,0.25,0,0.7860689840289914,0.5379143739095493,0.1704469198765273,0.1787679506106566,0.1406522614414189,0.0997181586364264,176
Kang_IFN_beta,stim,trrust_dorothea_intersection,5,100,MYC,CXCR4,CD47,Activation,0.2679517347271438,0.25,0,1.4310830760971964,1.0261709837605686,0.5031539390686157,0.5195275801906085,0.3137833847805695,0.1462890887129264,107
Kang_IFN_beta,stim,trrust_dorothea_intersection,5,210,SPI1,CTSS,LAP3,Activation,0.09730018430817418,0.25,0,1.6875587169507942,1.5282512414441385,0.5615353643806392,0.5659643000939651,0.7403033149912851,0.3172728492819825,235
Kang_IFN_beta,stim,trrust_dorothea_intersection,5,34,HIF1A,CXCR4,JUNB,Activation,0.19427079043761417,0.25,0,1.4310830760971964,1.3327070191920791,0.5031539390686157,0.5246275667695899,0.1725942826466258,0.1448127768084841,34
Kang_IFN_beta,stim,trrust_dorothea_intersection,5,51,HSF1,UBB,RPL35,Activation,0.07695309601090254,0.25,0,2.433901489732948,2.426251509864481,0.8147899610790033,0.8059320896523514,0.0640182525835458,0.0601261575627432,51
Kang_IFN_beta,stim,trrust_dorothea_intersection,5,178,RELA,CXCR4,SNX3,Activation,0.23018367064416995,0.25,0,1.4310830760971964,1.072473493490811,0.5031539390686157,0.5160381156892002,0.0654945644879882,0.0603945779090054,200
Kang_IFN_beta,stim,trrust_dorothea_intersection,5,284,YY1,CXCR4,CREM,Repression,0.17984920806967322,0.25,0,1.4310830760971964,1.111394443698838,0.5031539390686157,0.5016776271641737,0.1108576030063096,0.0962286941350171,317
Kang_IFN_beta,stim,trrust_dorothea_intersection,5,20,CREB1,CXCR4,CREM,Activation,0.17984920806967322,0.25,0,1.4310830760971964,1.111394443698838,0.5031539390686157,0.5016776271641737,0.0616024694671855,0.0559656421956783,20
Kang_IFN_beta,stim,trrust_dorothea_intersection,5,105,MYC,HNRNPA2B1,PSME1,Activation,0.04081646648859969,0.25,0,1.3992752650651232,1.341028049926209,0.6729298080794427,0.6701113944436898,0.3137833847805695,0.1462890887129264,112
Kang_IFN_beta,stim,trrust_dorothea_intersection,5,109,MYC,JUNB,ARHGDIB,Repression,0.13806576301729598,0.25,0,1.3327070191920791,1.0901892363441257,0.5246275667695899,0.5273117702322117,0.3137833847805695,0.1462890887129264,116
Kang_IFN_beta,stim,trrust_dorothea_intersection,5,249,STAT1,TAP1,EEF1B2,Activation,0.025710553872579367,0.25,0,1.089518185478464,1.0854918802845352,0.5451617232586464,0.5422090994497625,0.6730640182525867,0.4341699100792089,278
Kang_IFN_beta,stim,trrust_dorothea_intersection,5,144,NFKB1,JUNB,CD47,Activation,0.17760949643054927,0.25,0,1.3327070191920791,1.0261709837605686,0.5246275667695899,0.5195275801906085,0.1209233659911441,0.095155012749968,157
Kang_IFN_beta,stim,trrust_dorothea_intersection,5,66,IRF2,TAP1,TMEM50A,Activation,0.012401191595681213,0.25,0,1.089518185478464,1.1107233928331808,0.5451617232586464,0.5455643537780397,0.3865252986176447,0.2692256073010329,68
Kang_IFN_beta,stim,trrust_dorothea_intersection,5,65,IRF1,TAP1,PTPRC,Activation,0.124330593038455,0.25,0,1.089518185478464,0.9359817474164506,0.5451617232586464,0.5348275399275526,0.5240907260770497,0.3422359414843753,66
Kang_IFN_beta,stim,trrust_dorothea_intersection,5,268,STAT3,JUNB,ARHGDIB,Activation,0.13806576301729598,0.25,0,1.3327070191920791,1.0901892363441257,0.5246275667695899,0.5273117702322117,0.2312441283049252,0.1872231915179169,299
Kang_IFN_beta,stim,trrust_dorothea_intersection,5,56,IRF1,EIF2AK2,COX6A1,Activation,0.038825268423566706,0.25,0,0.9016239430948828,0.8370688498188121,0.5393906858140096,0.5410012078915827,0.5240907260770497,0.3422359414843753,57
Kang_IFN_beta,stim,trrust_dorothea_intersection,5,14,CEBPB,S100A9,PLA2G7,Activation,0.17305039415749263,0.25,0,0.7972084283988777,0.7392296336062312,0.2186283720305981,0.2382230573077411,0.5074486646087883,0.2915044960408028,14
Kang_IFN_beta,stim,trrust_dorothea_intersection,5,35,HIF1A,ENO1,GBP4,Activation,0.07074368809129153,0.25,0,1.0021473627700948,0.9719500738155932,0.5046302509730577,0.4967118507583221,0.1725942826466258,0.1448127768084841,35
Kang_IFN_beta,stim,trrust_dorothea_intersection,5,77,JUN,CREM,NPM1,Activation,0.06523591169394216,0.25,0,1.111394443698838,1.1713863910884572,0.5016776271641737,0.508119715474466,0.2003757884847679,0.1441417259428286,82
Kang_IFN_beta,stim,trrust_dorothea_intersection,5,276,STAT3,ZFP36,DDX58,Activation,0.0666446992959114,0.25,0,0.9892631861495094,0.875855589853708,0.4657093007650278,0.4679908737082572,0.2312441283049252,0.1872231915179169,309
Kang_IFN_beta,stim,trrust_dorothea_intersection,5,104,MYC,HNRNPA1,PPDPF,Activation,0.04222166273997968,0.25,0,0.7400348946450186,0.7009797342638601,0.4552409072607986,0.459401422627864,0.3137833847805695,0.1462890887129264,111
Kang_IFN_beta,stim,trrust_dorothea_intersection,5,186,RELA,MCL1,EIF3K,Activation,0.020702946378786006,0.25,0,0.5871695074486751,0.5710642866729394,0.4020936787008655,0.4042410414709638,0.0654945644879882,0.0603945779090054,208
Kang_IFN_beta,stim,trrust_dorothea_intersection,5,269,STAT3,MCL1,CNBP,Activation,0.01675476494952536,0.25,0,0.5871695074486751,0.6086431351496514,0.4020936787008655,0.403435780432177,0.2312441283049252,0.1872231915179169,300
Kang_IFN_beta,stim,trrust_dorothea_intersection,5,175,RELA,CFLAR,MOB1A,Activation,0.03508880255584419,0.25,0,0.7672795597906349,0.7502348678029808,0.4126962823782259,0.4165883773990291,0.0654945644879882,0.0603945779090054,196
Kang_IFN_beta,stim,trrust_dorothea_intersection,5,99,MYC,CFLAR,IL2RG,Repression,0.06610257241893185,0.25,0,0.7672795597906349,0.651321970205348,0.4126962823782259,0.4140383841095373,0.3137833847805695,0.1462890887129264,106
Kang_IFN_beta,stim,trrust_dorothea_intersection,5,110,MYC,LDHA,NDUFA12,Activation,0.035278104164879774,0.25,0,0.6993692121862883,0.6609851026707889,0.4054489330291441,0.4022278888739967,0.3137833847805695,0.1462890887129264,117
Kang_IFN_beta,stim,trrust_dorothea_intersection,5,10,ATF4,MCL1,CNBP,Activation,0.01675476494952536,0.25,0,0.5871695074486751,0.6086431351496514,0.4020936787008655,0.403435780432177,0.1366259562474854,0.1138102268151951,10
Kang_IFN_beta,stim,trrust_dorothea_intersection,5,43,HIF1A,PGK1,RBX1,Activation,0.03910554960353363,0.25,0,0.6003221044155234,0.5734800697893008,0.4082673466648981,0.4041068312978327,0.1725942826466258,0.1448127768084841,43
Kang_IFN_beta,stim,trrust_dorothea_intersection,5,131,NFKB1,CFLAR,MOB1A,Activation,0.03508880255584419,0.25,0,0.7672795597906349,0.7502348678029808,0.4126962823782259,0.4165883773990291,0.1209233659911441,0.095155012749968,143
Kang_IFN_beta,stim,trrust_dorothea_intersection,5,278,STAT6,SOCS1,CASP1,Activation,0.05681773996623659,0.25,0,0.8025768353241169,0.8686082405046305,0.4339014897329467,0.438867266138799,0.0540866997718426,0.0500603945779089,311
Kang_IFN_beta,stim,trrust_dorothea_intersection,5,255,STAT2,STAT1,ATP5G2,Activation,0.014007997439679787,0.25,0,0.6730640182525867,0.6481009260501993,0.4341699100792089,0.4341699100792089,0.1823916252851973,0.1539390685814,285
Kang_IFN_beta,stim,trrust_dorothea_intersection,5,273,STAT3,SOCS1,CASP1,Activation,0.05681773996623659,0.25,0,0.8025768353241169,0.8686082405046305,0.4339014897329467,0.438867266138799,0.2312441283049252,0.1872231915179169,305
Kang_IFN_beta,stim,trrust_dorothea_intersection,5,45,HIF1A,SOCS1,STAT1,Activation,0.07271318610517212,0.25,0,0.8025768353241169,0.6730640182525867,0.4339014897329467,0.4341699100792089,0.1725942826466258,0.1448127768084841,45
Kang_IFN_beta,stim,trrust_dorothea_intersection,5,275,STAT3,STAT1,ATP5G2,Activation,0.014007997439679787,0.25,0,0.6730640182525867,0.6481009260501993,0.4341699100792089,0.4341699100792089,0.2312441283049252,0.1872231915179169,307
Kang_IFN_beta,stim,trrust_dorothea_intersection,5,279,TCF4,CD44,UBE2B,Activation,0.019439269907447758,0.25,0,0.6058247215138989,0.584082673466658,0.4011542074889475,0.3994094752382426,0.07046034089384,0.0558314320225472,312
Kang_IFN_beta,stim,trrust_dorothea_intersection,5,39,HIF1A,LDHA,RPS26,Activation,0.04884922948075533,0.25,0,0.6993692121862883,0.725674406119985,0.4054489330291441,0.4108173399543899,0.1725942826466258,0.1448127768084841,39
Kang_IFN_beta,stim,trrust_dorothea_intersection,5,64,IRF1,SOCS1,NEAT1,Activation,0.02153980718988321,0.25,0,0.8025768353241169,0.7774795329485972,0.4339014897329467,0.4357804321567827,0.5240907260770497,0.3422359414843753,65
Kang_IFN_beta,stim,trrust_dorothea_intersection,5,194,RELA,STAT1,NOP10,Activation,0.024700952306783836,0.25,0,0.6730640182525867,0.6534693329754439,0.4341699100792089,0.4316199167897172,0.0654945644879882,0.0603945779090054,218
Kang_IFN_beta,stim,trrust_dorothea_intersection,5,277,STAT6,RHOA,ARF1,Activation,0.047363394981673794,0.25,0,0.7213796805797852,0.6456851429338407,0.4399409475238481,0.4375251644074875,0.0540866997718426,0.0500603945779089,310
Kang_IFN_beta,stim,trrust_dorothea_intersection,5,202,RUNX3,CFLAR,RPS26,Repression,0.028472624386099744,0.25,0,0.7672795597906349,0.725674406119985,0.4126962823782259,0.4108173399543899,0.0746208562609051,0.0675077170849552,227
Kang_IFN_beta,stim,trrust_dorothea_intersection,5,135,NFKB1,GSTP1,SLC3A2,Activation,0.043146180209020044,0.25,0,0.6894376593745839,0.6472956650114158,0.3881358206952265,0.392296336062292,0.1209233659911441,0.095155012749968,148
Kang_IFN_beta,stim,trrust_dorothea_intersection,5,179,RELA,GSTP1,IFIH1,Activation,0.04682239790760924,0.25,0,0.6894376593745839,0.6690377130586542,0.3881358206952265,0.3933700174473412,0.0654945644879882,0.0603945779090054,201
Kang_IFN_beta,stim,trrust_dorothea_intersection,5,1,ATF1,LDHA,TPM3,Activation,0.051129293344735705,0.25,0,0.6993692121862883,0.639243054623547,0.4054489330291441,0.4010199973158164,0.0648235136223326,0.0602603677358743,1
Kang_IFN_beta,stim,trrust_dorothea_intersection,5,151,NFKB1,SQSTM1,HERPUD1,Activation,0.039685505513082316,0.25,0,0.6765534827540003,0.713729700711317,0.362501677627178,0.3586095826063749,0.1209233659911441,0.095155012749968,165
Kang_IFN_beta,stim,trrust_dorothea_intersection,5,149,NFKB1,SERPINB1,LTB,Activation,0.06959570139480414,0.25,0,0.8137162796939975,0.8437793584753754,0.3590122131257683,0.3512280230841619,0.1209233659911441,0.095155012749968,162
Kang_IFN_beta,stim,trrust_dorothea_intersection,5,290,YY1,HSPA5,SERPINB1,Activation,0.016466571948606654,0.25,0,0.7871426654140368,0.8137162796939975,0.3598174741645552,0.3590122131257683,0.1108576030063096,0.0962286941350171,323
Kang_IFN_beta,stim,trrust_dorothea_intersection,5,121,NFKB1,BIRC3,CD68,Activation,0.054137504984996775,0.25,0,0.7807005771037432,0.8606898402898974,0.3481411891021456,0.3446517246007359,0.1209233659911441,0.095155012749968,129
Kang_IFN_beta,stim,trrust_dorothea_intersection,5,237,STAT1,IRF1,SELT,Activation,0.035635920228438284,0.25,0,0.5240907260770497,0.4618172057442113,0.3422359414843753,0.3430412025231621,0.6730640182525867,0.4341699100792089,265
Kang_IFN_beta,stim,trrust_dorothea_intersection,5,166,RELA,BIRC3,CD68,Activation,0.054137504984996775,0.25,0,0.7807005771037432,0.8606898402898974,0.3481411891021456,0.3446517246007359,0.0654945644879882,0.0603945779090054,183
Kang_IFN_beta,stim,trrust_dorothea_intersection,5,142,NFKB1,IRF1,SELT,Activation,0.035635920228438284,0.25,0,0.5240907260770497,0.4618172057442113,0.3422359414843753,0.3430412025231621,0.1209233659911441,0.095155012749968,155
Kang_IFN_beta,stim,trrust_dorothea_intersection,5,184,RELA,IRF1,NUB1,Activation,0.030756164815599663,0.25,0,0.5240907260770497,0.4733592806334879,0.3422359414843753,0.3435780432156867,0.0654945644879882,0.0603945779090054,206
Kang_IFN_beta,stim,trrust_dorothea_intersection,5,209,SPI1,CD68,LTB,Repression,0.05782678317453426,0.25,0,0.8606898402898974,0.8437793584753754,0.3446517246007359,0.3512280230841619,0.7403033149912851,0.3172728492819825,234
Kang_IFN_beta,stim,trrust_dorothea_intersection,5,253,STAT2,IRF1,SEPT7,Activation,0.02688631766648264,0.25,0,0.5240907260770497,0.4761776942692409,0.3422359414843753,0.3422359414843753,0.1823916252851973,0.1539390685814,283
Kang_IFN_beta,stim,trrust_dorothea_intersection,5,158,REL,BIRC3,CD68,Activation,0.054137504984996775,0.25,0,0.7807005771037432,0.8606898402898974,0.3481411891021456,0.3446517246007359,0.1406522614414189,0.0997181586364264,174
Kang_IFN_beta,stim,trrust_dorothea_intersection,5,267,STAT3,IRF1,SEPT7,Activation,0.02688631766648264,0.25,0,0.5240907260770497,0.4761776942692409,0.3422359414843753,0.3422359414843753,0.2312441283049252,0.1872231915179169,298
Kang_IFN_beta,stim,trrust_dorothea_intersection,5,285,YY1,DEK,PSMA1,Activation,0.01881092565218252,0.25,0,0.4878539793316492,0.4553751174339178,0.3414306804455884,0.341967521138113,0.1108576030063096,0.0962286941350171,318
Kang_IFN_beta,stim,trrust_dorothea_intersection,5,68,IRF8,CD68,LTB,Repression,0.05782678317453426,0.25,0,0.8606898402898974,0.8437793584753754,0.3446517246007359,0.3512280230841619,0.3143202254730948,0.1598443161991692,72
Kang_IFN_beta,stim,trrust_dorothea_intersection,5,103,MYC,HLA-F,GPSM3,Activation,0.01676191556441302,0.25,0,0.4324251778284935,0.4489330291236222,0.3225070460340971,0.3208965239565234,0.3137833847805695,0.1462890887129264,110
Kang_IFN_beta,stim,trrust_dorothea_intersection,5,137,NFKB1,HLA-F,ERH,Activation,0.013703803886915064,0.25,0,0.4324251778284935,0.4453093544490817,0.3225070460340971,0.3238491477654086,0.1209233659911441,0.095155012749968,150
Kang_IFN_beta,stim,trrust_dorothea_intersection,5,2,ATF1,MAP1LC3B,HMGN1,Activation,0.019811011480846536,0.25,0,0.4619514159173403,0.4603408938397671,0.3284122936518674,0.3306938665950969,0.0648235136223326,0.0602603677358743,2
Kang_IFN_beta,stim,trrust_dorothea_intersection,5,32,HIF1A,ALDOA,SSR2,Activation,0.02277562456672223,0.25,0,0.4706750771708642,0.4403435780432301,0.3272044020936872,0.328949134344392,0.1725942826466258,0.1448127768084841,32
Kang_IFN_beta,stim,trrust_dorothea_intersection,5,88,JUN,SPI1,GPR183,Activation,0.02301287401006885,0.25,0,0.7403033149912851,0.699503422359418,0.3172728492819825,0.3175412696282448,0.2003757884847679,0.1441417259428286,93
Kang_IFN_beta,stim,trrust_dorothea_intersection,5,282,YBX1,SUMO1,PPIA,Repression,0.017125440077087287,0.25,0,0.3804858408267458,0.4073278754529715,0.3085491880284581,0.3094886592403761,1.614548382767453,0.6789692658703417,315
Kang_IFN_beta,stim,trrust_dorothea_intersection,5,171,RELA,CD69,BID,Activation,0.055899287307692974,0.25,0,0.6313246544088097,0.6109247080928812,0.307475506643409,0.3137833847805727,0.0654945644879882,0.0603945779090054,191
Kang_IFN_beta,stim,trrust_dorothea_intersection,5,127,NFKB1,CD69,BID,Activation,0.055899287307692974,0.25,0,0.6313246544088097,0.6109247080928812,0.307475506643409,0.3137833847805727,0.1209233659911441,0.095155012749968,138
Kang_IFN_beta,stim,trrust_dorothea_intersection,5,216,SPI1,MNDA,GPX1,Activation,0.08290542644896669,0.25,0,0.6503824989934303,0.7299691316601843,0.3023755200644255,0.3104281304522941,0.7403033149912851,0.3172728492819825,241
Kang_IFN_beta,stim,trrust_dorothea_intersection,5,7,ATF4,CEBPB,HSPD1,Activation,0.019767014713931615,0.25,0,0.5074486646087883,0.4909408133136637,0.2915044960408028,0.29351764863777,0.1366259562474854,0.1138102268151951,7
Kang_IFN_beta,stim,trrust_dorothea_intersection,5,17,CEBPB,XBP1,SLC25A5,Activation,0.006401504206305142,0.25,0,0.4156489061871,0.4042410414709554,0.2831834653066719,0.2831834653066719,0.5074486646087883,0.2915044960408028,17
Kang_IFN_beta,stim,trrust_dorothea_intersection,5,200,RORA,TUBA1B,PPA1,Activation,0.023661702267920123,0.25,0,0.4203462622466894,0.4278620319420324,0.2673466648771969,0.2700308683398198,0.0785129512817076,0.0661656153536439,225
Kang_IFN_beta,stim,trrust_dorothea_intersection,5,61,IRF1,IRF2,KHDRBS1,Activation,0.018596988972172282,0.25,0,0.3865252986176447,0.3646490403972701,0.2692256073010329,0.2708361293786067,0.5240907260770497,0.3422359414843753,62
Kang_IFN_beta,stim,trrust_dorothea_intersection,5,191,RELA,PLAUR,CFD,Activation,0.046742869602695455,0.25,0,0.5368406925245025,0.5440880418735814,0.2537914373909514,0.2484230304657059,0.0654945644879882,0.0603945779090054,213
Kang_IFN_beta,stim,trrust_dorothea_intersection,5,223,STAT1,BAX,EIF4G2,Activation,0.00583204810911953,0.25,0,0.330693866595095,0.3211649443027848,0.2509730237551973,0.2512414441014596,0.6730640182525867,0.4341699100792089,248
Kang_IFN_beta,stim,trrust_dorothea_intersection,5,147,NFKB1,PLAUR,CAPG,Activation,0.02943362760691332,0.25,0,0.5368406925245025,0.4906723929673973,0.2537914373909514,0.2554019594685251,0.1209233659911441,0.095155012749968,160
Kang_IFN_beta,stim,trrust_dorothea_intersection,5,27,CREB1,UXT,PSMB7,Activation,0.0036547090840319627,0.25,0,0.3102939202791625,0.3164675882431941,0.2545966984297382,0.2544624882566071,0.0616024694671855,0.0559656421956783,27
Kang_IFN_beta,stim,trrust_dorothea_intersection,5,85,JUN,PLAUR,ATF5,Activation,0.04402321790725849,0.25,0,0.5368406925245025,0.4745671721916609,0.2537914373909514,0.2507046034089351,0.2003757884847679,0.1441417259428286,90
Kang_IFN_beta,stim,trrust_dorothea_intersection,5,92,JUND,PLAUR,CAPG,Activation,0.02943362760691332,0.25,0,0.5368406925245025,0.4906723929673973,0.2537914373909514,0.2554019594685251,0.0667024560461684,0.0613340491209233,98
Kang_IFN_beta,stim,trrust_dorothea_intersection,5,3,ATF1,PLAUR,CAPG,Activation,0.02943362760691332,0.25,0,0.5368406925245025,0.4906723929673973,0.2537914373909514,0.2554019594685251,0.0648235136223326,0.0602603677358743,3
Kang_IFN_beta,stim,trrust_dorothea_intersection,5,163,RELA,BAX,RAP1A,Repression,0.006432412697567806,0.25,0,0.330693866595095,0.3194202120520789,0.2509730237551973,0.2508388135820662,0.0654945644879882,0.0603945779090054,180
Kang_IFN_beta,stim,trrust_dorothea_intersection,5,33,HIF1A,BAX,RAP1A,Activation,0.006432412697567806,0.25,0,0.330693866595095,0.3194202120520789,0.2509730237551973,0.2508388135820662,0.1725942826466258,0.1448127768084841,33
Kang_IFN_beta,stim,trrust_dorothea_intersection,5,190,RELA,OPTN,CAPN2,Activation,0.01573087978065545,0.25,0,0.3227754663803567,0.3151254865118829,0.2323178096899719,0.2340625419406765,0.0654945644879882,0.0603945779090054,212
Kang_IFN_beta,stim,trrust_dorothea_intersection,5,220,SPI1,SCARB2,MANF,Activation,0.02731576946583729,0.25,0,0.3654543014360565,0.3319017581532734,0.2288283451885629,0.2265467722453339,0.7403033149912851,0.3172728492819825,245
Kang_IFN_beta,stim,trrust_dorothea_intersection,5,226,STAT1,CD86,HLA-DQB1,Activation,0.04384595691276103,0.25,0,0.4661119312844,0.5133539122265548,0.2272178231109895,0.231244128304923,0.6730640182525867,0.4341699100792089,253
Kang_IFN_beta,stim,trrust_dorothea_intersection,5,80,JUN,EZR,EIF5A,Activation,0.013435815775311107,0.25,0,0.3136491746074409,0.3208965239565208,0.2354046436719876,0.2368809555764299,0.2003757884847679,0.1441417259428286,85
Kang_IFN_beta,stim,trrust_dorothea_intersection,5,21,CREB1,HLA-DQB1,CFP,Activation,0.026061095727979437,0.25,0,0.5133539122265548,0.4887934505435597,0.231244128304923,0.2337941215944142,0.0616024694671855,0.0559656421956783,21
Kang_IFN_beta,stim,trrust_dorothea_intersection,5,173,RELA,CD86,LMNA,Activation,0.03318988226775686,0.25,0,0.4661119312844,0.4772513756542827,0.2272178231109895,0.2234599382633183,0.0654945644879882,0.0603945779090054,194
Kang_IFN_beta,stim,trrust_dorothea_intersection,5,130,NFKB1,CD86,SCARB2,Activation,0.058185725183459214,0.25,0,0.4661119312844,0.3654543014360565,0.2272178231109895,0.2288283451885629,0.1209233659911441,0.095155012749968,142
Kang_IFN_beta,stim,trrust_dorothea_intersection,5,289,YY1,GNAS,EWSR1,Activation,0.011946823746304607,0.25,0,0.297812374177967,0.2822439940947548,0.2282915044960385,0.2273520332841206,0.1108576030063096,0.0962286941350171,322
Kang_IFN_beta,stim,trrust_dorothea_intersection,5,224,STAT1,CCR1,APOL3,Activation,0.03733005447796385,0.25,0,0.390283183465314,0.3258623003623726,0.218494161857467,0.2195678432425159,0.6730640182525867,0.4341699100792089,251
Kang_IFN_beta,stim,trrust_dorothea_intersection,5,111,MYC,NOL7,VAPA,Activation,0.014021558417087429,0.25,0,0.2727150718024435,0.2705677090323461,0.2198362635887781,0.2214467856663515,0.3137833847805695,0.1462890887129264,118
Kang_IFN_beta,stim,trrust_dorothea_intersection,5,117,NFKB1,ALOX5AP,CD300E,Activation,0.043530228602878585,0.25,0,0.4493356596430084,0.3717621795732192,0.2154073278754513,0.2154073278754513,0.1209233659911441,0.095155012749968,124
Kang_IFN_beta,stim,trrust_dorothea_intersection,5,251,STAT1,UPP1,FBXO7,Activation,0.00978553910708643,0.25,0,0.2719098107636573,0.2596966850087236,0.2090994497382888,0.2082941886995021,0.6730640182525867,0.4341699100792089,281
Kang_IFN_beta,stim,trrust_dorothea_intersection,5,241,STAT1,MVP,SEPT6,Activation,0.0018827953547959839,0.25,0,0.2595624748355929,0.2562072205073145,0.2066836666219287,0.2066836666219287,0.6730640182525867,0.4341699100792089,269
Kang_IFN_beta,stim,trrust_dorothea_intersection,5,172,RELA,CD83,DEFB1,Activation,0.04054165282106584,0.25,0,0.5036907797611143,0.4580593208965319,0.2041336733324375,0.2077573480069777,0.0654945644879882,0.0603945779090054,193
Kang_IFN_beta,stim,trrust_dorothea_intersection,5,129,NFKB1,CD83,DEFB1,Activation,0.04054165282106584,0.25,0,0.5036907797611143,0.4580593208965319,0.2041336733324375,0.2077573480069777,0.1209233659911441,0.095155012749968,141
Kang_IFN_beta,stim,trrust_dorothea_intersection,5,113,MYC,PMAIP1,DRAM1,Activation,0.01564982530252574,0.25,0,0.3274728224399464,0.3498859213528431,0.1991678969265862,0.2002415783116352,0.3137833847805695,0.1462890887129264,120
Kang_IFN_beta,stim,trrust_dorothea_intersection,5,41,HIF1A,NR3C1,SF3B5,Activation,0.00911272951721271,0.25,0,0.2666756140115434,0.2504361830626755,0.202388941081733,0.202388941081733,0.1725942826466258,0.1448127768084841,41
Kang_IFN_beta,stim,trrust_dorothea_intersection,5,292,YY1,NR3C1,IDH2,Activation,0.00621696190865346,0.25,0,0.2666756140115434,0.2705677090323463,0.202388941081733,0.2017178902160774,0.1108576030063096,0.0962286941350171,325
Kang_IFN_beta,stim,trrust_dorothea_intersection,5,225,STAT1,CD40,HAVCR2,Activation,0.02592026579796835,0.25,0,0.3061334049120961,0.3132465440880465,0.195410012078915,0.1983626358877995,0.6730640182525867,0.4341699100792089,252
Kang_IFN_beta,stim,trrust_dorothea_intersection,5,231,STAT1,FCGRT,CREG1,Repression,0.018740200779951623,0.25,0,0.2855992484230337,0.3117702321836039,0.1912494967118504,0.1899073949805392,0.6730640182525867,0.4341699100792089,259
Kang_IFN_beta,stim,trrust_dorothea_intersection,5,208,SPI1,CD40,SERPINA1,Activation,0.023115262736920862,0.25,0,0.3061334049120961,0.3372701650785185,0.195410012078915,0.1936652798282105,0.7403033149912851,0.3172728492819825,233
Kang_IFN_beta,stim,trrust_dorothea_intersection,5,169,RELA,CD40,HAVCR2,Activation,0.02592026579796835,0.25,0,0.3061334049120961,0.3132465440880465,0.195410012078915,0.1983626358877995,0.0654945644879882,0.0603945779090054,189
Kang_IFN_beta,stim,trrust_dorothea_intersection,5,125,NFKB1,CD40,SERPINA1,Activation,0.023115262736920862,0.25,0,0.3061334049120961,0.3372701650785185,0.195410012078915,0.1936652798282105,0.1209233659911441,0.095155012749968,136
Kang_IFN_beta,stim,trrust_dorothea_intersection,5,54,IRF1,CD40,SERPINA1,Activation,0.023115262736920862,0.25,0,0.3061334049120961,0.3372701650785185,0.195410012078915,0.1936652798282105,0.5240907260770497,0.3422359414843753,54
Kang_IFN_beta,stim,trrust_dorothea_intersection,5,199,RELB,CD40,BRI3,Activation,0.026591793126118732,0.25,0,0.3061334049120961,0.272312441283051,0.195410012078915,0.1932626493088171,0.1350154341699122,0.1156891692390309,224
Kang_IFN_beta,stim,trrust_dorothea_intersection,5,248,STAT1,STAT3,HBP1,Activation,0.0026570777111819357,0.25,0,0.2312441283049252,0.2289625553616961,0.1872231915179169,0.1869547711716546,0.6730640182525867,0.4341699100792089,277
Kang_IFN_beta,stim,trrust_dorothea_intersection,5,31,HBP1,NCF1,CD40,Repression,0.031827664814149025,0.25,0,0.3548516977586948,0.3061334049120961,0.1935310696550793,0.195410012078915,0.2289625553616961,0.1869547711716546,31
Kang_IFN_beta,stim,trrust_dorothea_intersection,5,29,CREM,DUSP1,CREG1,Repression,0.015910190946749805,0.25,0,0.3310964971144854,0.3117702321836039,0.1912494967118504,0.1899073949805392,1.111394443698838,0.5016776271641737,29
Kang_IFN_beta,stim,trrust_dorothea_intersection,5,221,SPI1,STAT3,MRPL51,Activation,0.006401504206305864,0.25,0,0.2312441283049252,0.2198362635887794,0.1872231915179169,0.1872231915179169,0.7403033149912851,0.3172728492819825,246
Kang_IFN_beta,stim,trrust_dorothea_intersection,5,195,RELA,STAT3,HBP1,Activation,0.0026570777111819357,0.25,0,0.2312441283049252,0.2289625553616961,0.1872231915179169,0.1869547711716546,0.0654945644879882,0.0603945779090054,219
Kang_IFN_beta,stim,trrust_dorothea_intersection,5,211,SPI1,CYBB,AES,Activation,0.022626030730256975,0.25,0,0.2737887531874944,0.2343309622869415,0.1811837337270166,0.1806468930344922,0.7403033149912851,0.3172728492819825,236
Kang_IFN_beta,stim,trrust_dorothea_intersection,5,233,STAT1,HMOX1,LILRB2,Activation,0.06703509314148104,0.25,0,0.3822305730774444,0.2983492148704906,0.1766205878405587,0.1821232049389345,0.6730640182525867,0.4341699100792089,261
Kang_IFN_beta,stim,trrust_dorothea_intersection,5,55,IRF1,CYBB,LILRB2,Activation,0.01601096987853436,0.25,0,0.2737887531874944,0.2983492148704906,0.1811837337270166,0.1821232049389345,0.5240907260770497,0.3422359414843753,56
Kang_IFN_beta,stim,trrust_dorothea_intersection,5,69,IRF8,CYBB,AES,Activation,0.022626030730256975,0.25,0,0.2737887531874944,0.2343309622869415,0.1811837337270166,0.1806468930344922,0.3143202254730948,0.1598443161991692,73
Kang_IFN_beta,stim,trrust_dorothea_intersection,5,138,NFKB1,HMOX1,HLA-DMA,Activation,0.047502837185578316,0.25,0,0.3822305730774444,0.3324385988457969,0.1766205878405587,0.1810495235538855,0.1209233659911441,0.095155012749968,151
Kang_IFN_beta,stim,trrust_dorothea_intersection,5,263,STAT3,HMOX1,RGS1,Activation,0.01826260058001645,0.25,0,0.3822305730774444,0.3497517111797127,0.1766205878405587,0.1764863776674276,0.2312441283049252,0.1872231915179169,294
Kang_IFN_beta,stim,trrust_dorothea_intersection,5,22,CREB1,HMOX1,RGS1,Activation,0.01826260058001645,0.25,0,0.3822305730774444,0.3497517111797127,0.1766205878405587,0.1764863776674276,0.0616024694671855,0.0559656421956783,22
Kang_IFN_beta,stim,trrust_dorothea_intersection,5,283,YY1,APH1A,NDUFAB1,Activation,0.0012235275492206992,0.25,0,0.203596832639914,0.2042678835055695,0.1750100657629853,0.1751442759361164,0.1108576030063096,0.0962286941350171,316
Kang_IFN_beta,stim,trrust_dorothea_intersection,5,116,NFE2L2,HMOX1,RGS1,Activation,0.01826260058001645,0.25,0,0.3822305730774444,0.3497517111797127,0.1766205878405587,0.1764863776674276,0.4290699235002145,0.3050597235270484,123
Kang_IFN_beta,stim,trrust_dorothea_intersection,5,11,BACH1,HMOX1,RGS1,Repression,0.01826260058001645,0.25,0,0.3822305730774444,0.3497517111797127,0.1766205878405587,0.1764863776674276,0.0675077170849551,0.0583814253120386,11
Kang_IFN_beta,stim,trrust_dorothea_intersection,5,25,CREB1,PPP2CA,WDR1,Activation,0.004111742594907535,0.25,0,0.2022547309086025,0.208294188699504,0.1731311233391497,0.1733995436854119,0.0616024694671855,0.0559656421956783,25
Kang_IFN_beta,stim,trrust_dorothea_intersection,5,60,IRF1,IL27,CCRL2,Activation,0.0188027739908393,0.25,0,0.3027781505838178,0.2725808616293132,0.1681653469332984,0.1672258757213806,0.5240907260770497,0.3422359414843753,61
Kang_IFN_beta,stim,trrust_dorothea_intersection,5,72,IRF9,IL27,CCRL2,Repression,0.0188027739908393,0.25,0,0.3027781505838178,0.2725808616293132,0.1681653469332984,0.1672258757213806,0.1795732116494438,0.1536706482351378,76
Kang_IFN_beta,stim,trrust_dorothea_intersection,5,239,STAT1,IRF8,ANKRD22,Activation,0.051828987562126824,0.25,0,0.3143202254730948,0.300228157294326,0.1598443161991692,0.1657495638169383,0.6730640182525867,0.4341699100792089,267
Kang_IFN_beta,stim,trrust_dorothea_intersection,5,218,SPI1,NCF2,AIM2,Activation,0.011198930857367466,0.25,0,0.2316467588243196,0.2179573211649448,0.1605153670648247,0.1614548382767426,0.7403033149912851,0.3172728492819825,243
Kang_IFN_beta,stim,trrust_dorothea_intersection,5,101,MYC,DDX18,NDUFA2,Activation,0.005573074250195462,0.25,0,0.1878942423835732,0.1779626895718702,0.1590390551603825,0.1590390551603825,0.3137833847805695,0.1462890887129264,108
Kang_IFN_beta,stim,trrust_dorothea_intersection,5,70,IRF8,NCF2,LPAR6,Activation,0.008315714541034873,0.25,0,0.2316467588243196,0.2286941350154347,0.1605153670648247,0.1595758958529069,0.3143202254730948,0.1598443161991692,74
Kang_IFN_beta,stim,trrust_dorothea_intersection,5,15,CEBPB,TNFAIP6,S100A8,Activation,0.005890443313699945,0.25,0,0.5342906992350067,0.5326801771574332,0.1623943094886604,0.1617232586230048,0.5074486646087883,0.2915044960408028,15
Kang_IFN_beta,stim,trrust_dorothea_intersection,5,247,STAT1,STAT2,SEC11C,Activation,0.004119107730705026,0.25,0,0.1823916252851973,0.1862837203059997,0.1539390685814,0.1543416991007934,0.6730640182525867,0.4341699100792089,276
Kang_IFN_beta,stim,trrust_dorothea_intersection,5,246,STAT1,SOCS3,RIPK2,Activation,0.002328280850568909,0.25,0,0.2076231378338481,0.2076231378338486,0.1531338075426133,0.1534022278888756,0.6730640182525867,0.4341699100792089,275
Kang_IFN_beta,stim,trrust_dorothea_intersection,5,9,ATF4,DDIT4,RAB9A,Activation,0.03684079658159856,0.25,0,0.2854650382499018,0.2403704200778418,0.1587706348141202,0.1556838008321046,0.1366259562474854,0.1138102268151951,9
Kang_IFN_beta,stim,trrust_dorothea_intersection,5,242,STAT1,PIM1,S1PR4,Activation,0.008443913485434718,0.25,0,0.1980942155415387,0.189638974634278,0.1505838142531221,0.1497785532143354,0.6730640182525867,0.4341699100792089,270
Kang_IFN_beta,stim,trrust_dorothea_intersection,5,148,NFKB1,RIPK2,SNRPD1,Activation,0.01244114707153066,0.25,0,0.2076231378338486,0.1880284525567045,0.1534022278888756,0.15273117702322,0.1209233659911441,0.095155012749968,161
Kang_IFN_beta,stim,trrust_dorothea_intersection,5,192,RELA,RIPK2,SPOCK2,Activation,0.012943218025341489,0.25,0,0.2076231378338486,0.2042678835055704,0.1534022278888756,0.1548785397933179,0.0654945644879882,0.0603945779090054,214
Kang_IFN_beta,stim,trrust_dorothea_intersection,5,193,RELA,SOCS3,POLD4,Activation,0.010607726538911639,0.25,0,0.2076231378338481,0.1888337135954911,0.1531338075426133,0.1529995973694822,0.0654945644879882,0.0603945779090054,216
Kang_IFN_beta,stim,trrust_dorothea_intersection,5,150,NFKB1,SOCS3,SERPINB9,Activation,0.011797289013083667,0.25,0,0.2076231378338481,0.2172862702992894,0.1531338075426133,0.1519259159844333,0.1209233659911441,0.095155012749968,163
Kang_IFN_beta,stim,trrust_dorothea_intersection,5,274,STAT3,SOCS3,SNRPD1,Activation,0.011536835509746697,0.25,0,0.2076231378338481,0.1880284525567045,0.1531338075426133,0.15273117702322,0.2312441283049252,0.1872231915179169,306
Kang_IFN_beta,stim,trrust_dorothea_intersection,5,170,RELA,CD58,USP30-AS1,Activation,0.008291121924003662,0.25,0,0.1947389612132609,0.1801100523419684,0.1511206549456466,0.1509864447725155,0.0654945644879882,0.0603945779090054,190
Kang_IFN_beta,stim,trrust_dorothea_intersection,5,126,NFKB1,CD58,LPXN,Activation,0.009372617238525992,0.25,0,0.1947389612132609,0.1928600187894248,0.1511206549456466,0.1500469735605977,0.1209233659911441,0.095155012749968,137
Kang_IFN_beta,stim,trrust_dorothea_intersection,5,272,STAT3,PIM1,S1PR4,Activation,0.008443913485434718,0.25,0,0.1980942155415387,0.189638974634278,0.1505838142531221,0.1497785532143354,0.2312441283049252,0.1872231915179169,303
Kang_IFN_beta,stim,trrust_dorothea_intersection,5,62,IRF1,PSMB10,SPAG7,Activation,0.0021840426115628444,0.25,0,0.1680311367601677,0.1719232317809698,0.1487048718292865,0.1487048718292865,0.5240907260770497,0.3422359414843753,63
Kang_IFN_beta,stim,trrust_dorothea_intersection,5,187,RELA,MYC,SYNGR2,Activation,0.055639889495007915,0.25,0,0.3137833847805695,0.2237283586095833,0.1462890887129264,0.1436048852503041,0.0654945644879882,0.0603945779090054,209
Kang_IFN_beta,stim,trrust_dorothea_intersection,5,145,NFKB1,MYC,PDE4DIP,Activation,0.054839358422201216,0.25,0,0.3137833847805695,0.2160783787411093,0.1462890887129264,0.1464232988860575,0.1209233659911441,0.095155012749968,158
Kang_IFN_beta,stim,trrust_dorothea_intersection,5,270,STAT3,MYC,CLEC4E,Activation,0.02994296255744231,0.25,0,0.3137833847805695,0.2802308414977878,0.1462890887129264,0.1436048852503041,0.2312441283049252,0.1872231915179169,301
Kang_IFN_beta,stim,trrust_dorothea_intersection,5,291,YY1,MYC,SYNGR2,Repression,0.055639889495007915,0.25,0,0.3137833847805695,0.2237283586095833,0.1462890887129264,0.1436048852503041,0.1108576030063096,0.0962286941350171,324
Kang_IFN_beta,stim,trrust_dorothea_intersection,5,82,JUN,MYC,CLEC4E,Activation,0.02994296255744231,0.25,0,0.3137833847805695,0.2802308414977878,0.1462890887129264,0.1436048852503041,0.2003757884847679,0.1441417259428286,87
Kang_IFN_beta,stim,trrust_dorothea_intersection,5,181,RELA,HIF1A,MORF4L2,Activation,0.0014309244696448804,0.25,0,0.1725942826466258,0.1700442893571343,0.1448127768084841,0.1448127768084841,0.0654945644879882,0.0603945779090054,203
Kang_IFN_beta,stim,trrust_dorothea_intersection,5,136,NFKB1,HIF1A,MORF4L2,Activation,0.0014309244696448804,0.25,0,0.1725942826466258,0.1700442893571343,0.1448127768084841,0.1448127768084841,0.1209233659911441,0.095155012749968,149
Kang_IFN_beta,stim,trrust_dorothea_intersection,5,95,LEF1,MYC,CLEC4E,Activation,0.02994296255744231,0.25,0,0.3137833847805695,0.2802308414977878,0.1462890887129264,0.1436048852503041,0.140920681787681,0.1103207623137857,102
Kang_IFN_beta,stim,trrust_dorothea_intersection,5,262,STAT3,HIF1A,MORF4L2,Activation,0.0014309244696448804,0.25,0,0.1725942826466258,0.1700442893571343,0.1448127768084841,0.1448127768084841,0.2312441283049252,0.1872231915179169,293
Kang_IFN_beta,stim,trrust_dorothea_intersection,5,168,RELA,CCR5,VRK2,Activation,0.019390114029611903,0.25,0,0.2201046839350429,0.1856126694403443,0.1426654140383863,0.1427996242115174,0.0654945644879882,0.0603945779090054,188
Kang_IFN_beta,stim,trrust_dorothea_intersection,5,23,CREB1,JUN,UBE2Z,Repression,0.007160343173861655,0.25,0,0.2003757884847679,0.1892363441148848,0.1441417259428286,0.1445443564622219,0.0616024694671855,0.0559656421956783,23
Kang_IFN_beta,stim,trrust_dorothea_intersection,5,96,MEF2A,JUN,CD59,Activation,0.011728335464667995,0.25,0,0.2003757884847679,0.1853442490940818,0.1441417259428286,0.1432022547309107,0.0814655750905926,0.0738155952221183,103
Kang_IFN_beta,stim,trrust_dorothea_intersection,5,16,CEBPB,TOP1,ADPRHL2,Activation,0.005822650661163796,0.25,0,0.1678969265870369,0.1681653469332985,0.1430680445577796,0.142396993692124,0.5074486646087883,0.2915044960408028,16
Kang_IFN_beta,stim,trrust_dorothea_intersection,5,244,STAT1,PML,CCSER2,Activation,0.0034997218735555043,0.25,0,0.1617232586230053,0.1613206281036113,0.1350154341699126,0.135418064689306,0.6730640182525867,0.4341699100792089,272
Kang_IFN_beta,stim,trrust_dorothea_intersection,5,254,STAT2,PML,BTG3,Activation,0.004717070469283025,0.25,0,0.1617232586230053,0.1603811568916938,0.1350154341699126,0.1355522748624371,0.1823916252851973,0.1539390685814,284
Kang_IFN_beta,stim,trrust_dorothea_intersection,5,73,IRF9,PML,DOCK8,Activation,0.0024975269581154163,0.25,0,0.1617232586230053,0.1633337807005781,0.1350154341699126,0.1352838545161749,0.1795732116494438,0.1536706482351378,77
Kang_IFN_beta,stim,trrust_dorothea_intersection,5,227,STAT1,CDKN1A,FKBP4,Activation,0.0024712725287396086,0.25,0,0.1634679908737094,0.1649443027781519,0.1242786203194233,0.1245470406656855,0.6730640182525867,0.4341699100792089,254
Kang_IFN_beta,stim,trrust_dorothea_intersection,5,98,MYC,CDKN1A,SMIM14,Repression,0.0036312092846144508,0.25,0,0.1634679908737094,0.1684337672795609,0.1242786203194233,0.1245470406656855,0.3137833847805695,0.1462890887129264,105
Kang_IFN_beta,stim,trrust_dorothea_intersection,5,222,SPI1,WAS,CD247,Activation,0.003389031638632399,0.25,0,0.1505838142531219,0.1566232720440224,0.122936518588112,0.122936518588112,0.7403033149912851,0.3172728492819825,247
Kang_IFN_beta,stim,trrust_dorothea_intersection,5,174,RELA,CDKN1A,FKBP4,Activation,0.0024712725287396086,0.25,0,0.1634679908737094,0.1649443027781519,0.1242786203194233,0.1245470406656855,0.0654945644879882,0.0603945779090054,195
Kang_IFN_beta,stim,trrust_dorothea_intersection,5,258,STAT3,CDKN1A,DDAH2,Activation,0.008398852083495641,0.25,0,0.1634679908737094,0.1598443161991692,0.1242786203194233,0.1233391491075053,0.2312441283049252,0.1872231915179169,289
Kang_IFN_beta,stim,trrust_dorothea_intersection,5,201,RUNX3,CASP8,MPHOSPH8,Activation,0.000979053584493806,0.25,0,0.1440075157696971,0.1422627835189925,0.1245470406656855,0.1245470406656855,0.0746208562609051,0.0675077170849552,226
Kang_IFN_beta,stim,trrust_dorothea_intersection,5,76,JUN,CDKN1A,DDAH2,Activation,0.008398852083495641,0.25,0,0.1634679908737094,0.1598443161991692,0.1242786203194233,0.1233391491075053,0.2003757884847679,0.1441417259428286,81
Kang_IFN_beta,stim,trrust_dorothea_intersection,5,13,CEBPB,CDKN1A,DDAH2,Activation,0.008398852083495641,0.25,0,0.1634679908737094,0.1598443161991692,0.1242786203194233,0.1233391491075053,0.5074486646087883,0.2915044960408028,13
Kang_IFN_beta,stim,trrust_dorothea_intersection,5,28,CREM,CD247,P2RX4,Repression,0.0036705826476631015,0.25,0,0.1566232720440224,0.1586364246409892,0.122936518588112,0.1225338880687186,1.111394443698838,0.5016776271641737,28
Kang_IFN_beta,stim,trrust_dorothea_intersection,5,271,STAT3,MYD88,ERGIC3,Activation,0.00260880995508078,0.25,0,0.1409206817876812,0.1367601664206168,0.1201181049523582,0.1202523151254894,0.2312441283049252,0.1872231915179169,302
Kang_IFN_beta,stim,trrust_dorothea_intersection,5,87,JUN,RELB,CLNS1A,Activation,0.004079675470403617,0.25,0,0.1350154341699122,0.1312575493222408,0.1156891692390309,0.1152865387196375,0.2003757884847679,0.1441417259428286,92
Kang_IFN_beta,stim,trrust_dorothea_intersection,5,107,MYC,ID2,IRG1,Activation,0.02911966186204851,0.25,0,0.2201046839350426,0.1954100120789162,0.1134075962958017,0.1104549724869169,0.3137833847805695,0.1462890887129264,114
Kang_IFN_beta,stim,trrust_dorothea_intersection,5,118,NFKB1,ATF3,UBQLN2,Activation,0.008585546817868474,0.25,0,0.1528653871963508,0.1375654274594033,0.1140786471614574,0.1140786471614574,0.1209233659911441,0.095155012749968,125
Kang_IFN_beta,stim,trrust_dorothea_intersection,5,74,JUN,ATF3,CDK2AP2,Activation,0.008097136848711987,0.25,0,0.1528653871963508,0.1398470004026322,0.1140786471614574,0.113676016642064,0.2003757884847679,0.1441417259428286,78
Kang_IFN_beta,stim,trrust_dorothea_intersection,5,6,ATF4,ATF3,PTGER4,Activation,0.007292205597168528,0.25,0,0.1528653871963508,0.1414575224802058,0.1140786471614574,0.1144812776808508,0.1366259562474854,0.1138102268151951,6
Kang_IFN_beta,stim,trrust_dorothea_intersection,5,94,KLF6,ATF3,UBQLN2,Activation,0.008585546817868474,0.25,0,0.1528653871963508,0.1375654274594033,0.1140786471614574,0.1140786471614574,0.9133002281572968,0.4415514696014219,100
Kang_IFN_beta,stim,trrust_dorothea_intersection,5,203,RUNX3,ICAM3,SYPL1,Repression,0.003229584168397476,0.25,0,0.1297812374177985,0.1244128304925538,0.1124681250838838,0.1123339149107527,0.0746208562609051,0.0675077170849552,228
Kang_IFN_beta,stim,trrust_dorothea_intersection,5,50,HSF1,STIP1,FYN,Activation,0.0024099780541386403,0.25,0,0.1371627969400098,0.1414575224802058,0.1121997047376215,0.1121997047376215,0.0640182525835458,0.0601261575627432,50
Kang_IFN_beta,stim,trrust_dorothea_intersection,5,213,SPI1,HCK,LEF1,Activation,0.0012235275492206463,0.25,0,0.1415917326533368,0.140920681787681,0.1101865521406546,0.1103207623137857,0.7403033149912851,0.3172728492819825,238
Kang_IFN_beta,stim,trrust_dorothea_intersection,5,259,STAT3,COPS5,TRAFD1,Activation,0.003299944744790778,0.25,0,0.1221312575493246,0.1276338746477006,0.1092470809287367,0.1091128707556055,0.2312441283049252,0.1872231915179169,290
Kang_IFN_beta,stim,trrust_dorothea_intersection,5,79,JUN,DDIT3,DNAJA2,Activation,0.004049892689197634,0.25,0,0.1288417662058806,0.1229365185881113,0.1072339283317697,0.107502348678032,0.2003757884847679,0.1441417259428286,84
Kang_IFN_beta,stim,trrust_dorothea_intersection,5,8,ATF4,DDIT3,ASF1A,Activation,0.0038655130496161997,0.25,0,0.1288417662058806,0.1258891423969959,0.1072339283317697,0.1068312978123763,0.1366259562474854,0.1138102268151951,8
Kang_IFN_beta,stim,trrust_dorothea_intersection,5,5,ATF3,DDIT3,TNIP2,Activation,0.003941433282695844,0.25,0,0.1288417662058806,0.1221312575493245,0.1072339283317697,0.1070997181586386,0.1528653871963508,0.1140786471614574,5
Kang_IFN_beta,stim,trrust_dorothea_intersection,5,219,SPI1,P2RY10,FKBP3,Activation,0.0029371607534814242,0.25,0,0.1205207354717508,0.115286538719637,0.1014628908871311,0.1014628908871311,0.7403033149912851,0.3172728492819825,244
Kang_IFN_beta,stim,trrust_dorothea_intersection,5,119,NFKB1,BCL2A1,CPVL,Activation,0.011108159867327558,0.25,0,0.1595758958529066,0.1529995973694815,0.1010602603677377,0.1022681519259179,0.1209233659911441,0.095155012749968,127
Kang_IFN_beta,stim,trrust_dorothea_intersection,5,120,NFKB1,BIRC2,OS9,Activation,0.0027328440418278852,0.25,0,0.1128707556032767,0.1154207488927679,0.100254999328951,0.0999865789826887,0.1209233659911441,0.095155012749968,128
Kang_IFN_beta,stim,trrust_dorothea_intersection,5,164,RELA,BCL2A1,REL,Activation,0.01575705326709066,0.25,0,0.1595758958529066,0.1406522614414189,0.1010602603677377,0.0997181586364264,0.0654945644879882,0.0603945779090054,181
Kang_IFN_beta,stim,trrust_dorothea_intersection,5,165,RELA,BIRC2,NIPA2,Activation,0.00045187088515102197,0.25,0,0.1128707556032767,0.1120654945644899,0.100254999328951,0.100254999328951,0.0654945644879882,0.0603945779090054,182
Kang_IFN_beta,stim,trrust_dorothea_intersection,5,114,MYC,PRDX3,PSMD12,Activation,0.00030124725676727165,0.25,0,0.1089786605824741,0.1095155012749985,0.0983760569051151,0.0983760569051151,0.3137833847805695,0.1462890887129264,121
Kang_IFN_beta,stim,trrust_dorothea_intersection,5,12,CEBPB,ADM,REL,Activation,0.0029942962557439534,0.25,0,0.1440075157696967,0.1406522614414189,0.0994497382901642,0.0997181586364264,0.5074486646087883,0.2915044960408028,12
Kang_IFN_beta,stim,trrust_dorothea_intersection,5,153,NFKB1,TNFAIP3,PDCL3,Activation,0.002328280850568132,0.25,0,0.1112602335257031,0.111260233525703,0.097168165346935,0.0974365856931972,0.1209233659911441,0.095155012749968,168
Kang_IFN_beta,stim,trrust_dorothea_intersection,5,196,RELA,TNFAIP3,EFHD2,Activation,0.00165685991222023,0.25,0,0.1112602335257031,0.1142128573345877,0.097168165346935,0.097168165346935,0.0654945644879882,0.0603945779090054,221
Kang_IFN_beta,stim,trrust_dorothea_intersection,5,152,NFKB1,TLR2,LHFPL2,Activation,0.0024712725287403567,0.25,0,0.1214602066836685,0.1229365185881108,0.0963629043081482,0.0960944839618859,0.1209233659911441,0.095155012749968,167
Kang_IFN_beta,stim,trrust_dorothea_intersection,5,162,REL,TNFAIP3,POLR2K,Activation,0.0017868711765001068,0.25,0,0.1112602335257031,0.1088444504093428,0.097168165346935,0.0970339551738038,0.1406522614414189,0.0997181586364264,179
Kang_IFN_beta,stim,trrust_dorothea_intersection,5,206,SPI1,ACP5,KLF2,Activation,0.01345595524787036,0.25,0,0.1437390954234346,0.1198496846060948,0.094081331364919,0.0939471211917878,0.7403033149912851,0.3172728492819825,231
Kang_IFN_beta,stim,trrust_dorothea_intersection,5,46,HIF1A,TLR2,NUCB2,Activation,0.003916214337975232,0.25,0,0.1214602066836685,0.1144812776808501,0.0963629043081482,0.0963629043081482,0.1725942826466258,0.1448127768084841,46
Kang_IFN_beta,stim,trrust_dorothea_intersection,5,188,RELA,NFKB1,CXORF21,Activation,0.007129906753243601,0.25,0,0.1209233659911441,0.1234733592806354,0.095155012749968,0.0959602737887548,0.0654945644879882,0.0603945779090054,210
Kang_IFN_beta,stim,trrust_dorothea_intersection,5,257,STAT3,CCND3,CD6,Activation,0.00045187088515085544,0.25,0,0.1116628640450966,0.1124681250838831,0.0959602737887548,0.0959602737887548,0.2312441283049252,0.1872231915179169,288
Kang_IFN_beta,stim,trrust_dorothea_intersection,5,157,RBPJ,NFKB1,CXORF21,Activation,0.007129906753243601,0.25,0,0.1209233659911441,0.1234733592806354,0.095155012749968,0.0959602737887548,0.0860287209770509,0.0773050597235277,173
Kang_IFN_beta,stim,trrust_dorothea_intersection,5,52,IRF1,CASP7,STX5,Activation,0.0013470873571103765,0.25,0,0.1029392027915732,0.1041470943497533,0.0911287075560341,0.090994497382903,0.5240907260770497,0.3422359414843753,52
Kang_IFN_beta,stim,trrust_dorothea_intersection,5,36,HIF1A,FAM162A,ZFR,Activation,0.0009790535844939226,0.25,0,0.0959602737887544,0.0977050060394592,0.0861629311501823,0.0861629311501823,0.1725942826466258,0.1448127768084841,36
Kang_IFN_beta,stim,trrust_dorothea_intersection,5,93,JUND,TGFB1,C16ORF13,Activation,0.0022136262732952794,0.25,0,0.098778687424508,0.0954234330962299,0.0846866192457399,0.0845524090726087,0.0667024560461684,0.0613340491209233,99
Kang_IFN_beta,stim,trrust_dorothea_intersection,5,215,SPI1,ITGB2,TSEN34,Activation,0.003916214337975295,0.25,0,0.1017313112333927,0.0947523822305742,0.0830760971681663,0.0830760971681663,0.7403033149912851,0.3172728492819825,240
Kang_IFN_beta,stim,trrust_dorothea_intersection,5,286,YY1,DNAJB4,TAF1D,Activation,0.008991625180618064,0.25,0,0.1132733861226697,0.1010602603677371,0.0838813582069531,0.0845524090726087,0.1108576030063096,0.0962286941350171,319
Kang_IFN_beta,stim,trrust_dorothea_intersection,5,217,SPI1,MSR1,GYPC,Activation,0.004762803041159118,0.25,0,0.1034760434840974,0.0977050060394589,0.0821366259562484,0.081733995436855,0.7403033149912851,0.3172728492819825,242
Kang_IFN_beta,stim,trrust_dorothea_intersection,5,38,HIF1A,ITGB2,GGNBP2,Activation,0.003867208826533123,0.25,0,0.1017313112333927,0.0962286941350167,0.0830760971681663,0.082807676821904,0.1725942826466258,0.1448127768084841,38
Kang_IFN_beta,stim,trrust_dorothea_intersection,5,288,YY1,FDPS,AKR1B1,Repression,0.0011665739578523842,0.25,0,0.0942155415380498,0.094349751711181,0.0829418869950352,0.082807676821904,0.1108576030063096,0.0962286941350171,321
Kang_IFN_beta,stim,trrust_dorothea_intersection,5,212,SPI1,ERAP2,PDHB,Activation,0.002328280850568132,0.25,0,0.0893839753053292,0.0893839753053291,0.0802576835324126,0.0805261038786748,0.7403033149912851,0.3172728492819825,237
Kang_IFN_beta,stim,trrust_dorothea_intersection,5,91,JUND,NQO2,TDP2,Activation,0.0023430782511336466,0.25,0,0.0982418467319835,0.094618172057443,0.0805261038786748,0.0803918937055437,0.0667024560461684,0.0613340491209233,97
Kang_IFN_beta,stim,trrust_dorothea_intersection,5,57,IRF1,ERAP2,ECHS1,Activation,0.000979053584493808,0.25,0,0.0893839753053292,0.0876392430546246,0.0802576835324126,0.0802576835324126,0.5240907260770497,0.3422359414843753,58
Kang_IFN_beta,stim,trrust_dorothea_intersection,5,42,HIF1A,PFKFB3,R3HDM4,Activation,0.0026764187174674876,0.25,0,0.0927392296336073,0.0884445040934113,0.0789155818011013,0.0790497919742324,0.1725942826466258,0.1448127768084841,42
Kang_IFN_beta,stim,trrust_dorothea_intersection,5,230,STAT1,FAS,APMAP,Activation,0.0006024945135345919,0.25,0,0.0876392430546245,0.0887129244396734,0.0750234867802985,0.0750234867802985,0.6730640182525867,0.4341699100792089,258
Kang_IFN_beta,stim,trrust_dorothea_intersection,5,197,RELA,TRAF1,ATP6V1D,Activation,0.0018074835406040324,0.25,0,0.0895181854784602,0.0862971413233131,0.0764997986847409,0.0764997986847409,0.0654945644879882,0.0603945779090054,222
Kang_IFN_beta,stim,trrust_dorothea_intersection,5,154,NFKB1,TRAF1,ATP6V1D,Activation,0.0018074835406040324,0.25,0,0.0895181854784602,0.0862971413233131,0.0764997986847409,0.0764997986847409,0.1209233659911441,0.095155012749968,170
Kang_IFN_beta,stim,trrust_dorothea_intersection,5,115,MYC,SRSF1,CCDC82,Activation,0.0006778063277265295,0.25,0,0.0825392564756416,0.0837471480338218,0.0739498053952495,0.0739498053952495,0.3137833847805695,0.1462890887129264,122
Kang_IFN_beta,stim,trrust_dorothea_intersection,5,134,NFKB1,FAS,TMEM126A,Activation,0.0026088099550807707,0.25,0,0.0876392430546245,0.0834787276875594,0.0750234867802985,0.0748892766071674,0.1209233659911441,0.095155012749968,147
Kang_IFN_beta,stim,trrust_dorothea_intersection,5,261,STAT3,FAS,APMAP,Repression,0.0006024945135345919,0.25,0,0.0876392430546245,0.0887129244396734,0.0750234867802985,0.0750234867802985,0.2312441283049252,0.1872231915179169,292
Kang_IFN_beta,stim,trrust_dorothea_intersection,5,287,YY1,FAS,LYAR,Repression,0.0024049722156326064,0.25,0,0.0876392430546245,0.0865655616695754,0.0750234867802985,0.0752919071265608,0.1108576030063096,0.0962286941350171,320
Kang_IFN_beta,stim,trrust_dorothea_intersection,5,81,JUN,FAS,FEZ2,Activation,0.0015211077710309887,0.25,0,0.0876392430546245,0.0858945108039198,0.0750234867802985,0.0748892766071674,0.2003757884847679,0.1441417259428286,86
Kang_IFN_beta,stim,trrust_dorothea_intersection,5,133,NFKB1,CXCL2,RCBTB2,Activation,0.0291770782060108,0.25,0,0.1555495906589729,0.1056234062541951,0.0720708629714136,0.0711313917594957,0.1209233659911441,0.095155012749968,146
Kang_IFN_beta,stim,trrust_dorothea_intersection,5,177,RELA,CXCL2,CA2,Activation,0.02408776845720818,0.25,0,0.1555495906589729,0.1168970607972097,0.0720708629714136,0.0732787545295938,0.0654945644879882,0.0603945779090054,199
Kang_IFN_beta,stim,trrust_dorothea_intersection,5,48,HSF1,HSPA1B,P2RY6,Activation,0.004066837966359097,0.25,0,0.1213259965105369,0.1140786471614559,0.071399812105758,0.071399812105758,0.0640182525835458,0.0601261575627432,48
Kang_IFN_beta,stim,trrust_dorothea_intersection,5,281,YBX1,KPNA2,ST3GAL5,Repression,0.0032999447447906436,0.25,0,0.0873708227083621,0.0818682056099858,0.0709971815863646,0.0711313917594957,1.614548382767453,0.6789692658703417,314
Kang_IFN_beta,stim,trrust_dorothea_intersection,5,84,JUN,PDHA1,KLF3,Activation,0.0014288173857996355,0.25,0,0.0779761105891832,0.0764997986847407,0.0687156086431354,0.0685813984700042,0.2003757884847679,0.1441417259428286,89
Kang_IFN_beta,stim,trrust_dorothea_intersection,5,266,STAT3,IFNAR1,TMEM30A,Activation,0.0013865099586613055,0.25,0,0.0720708629714136,0.0734129647027248,0.0673735069118241,0.0675077170849552,0.2312441283049252,0.1872231915179169,297
Kang_IFN_beta,stim,trrust_dorothea_intersection,5,40,HIF1A,MIF,IFNAR1,Activation,0.0003012472567673341,0.25,0,0.0715340222788891,0.0720708629714136,0.0673735069118241,0.0673735069118241,0.1725942826466258,0.1448127768084841,40
Kang_IFN_beta,stim,trrust_dorothea_intersection,5,205,SATB1,CD8B,RASGEF1B,Activation,0.017104364294250093,0.25,0,0.1081733995436863,0.0779761105891832,0.0673735069118241,0.0676419272580863,0.0974365856931968,0.0834787276875597,230
Kang_IFN_beta,stim,trrust_dorothea_intersection,5,30,HBP1,MIF,ZBTB8OS,Repression,0.0008284299561101757,0.25,0,0.0715340222788891,0.0730103341833315,0.0673735069118241,0.0673735069118241,0.2289625553616961,0.1869547711716546,30
Kang_IFN_beta,stim,trrust_dorothea_intersection,5,102,MYC,HDAC2,SAYSD1,Activation,0.0013556126554530729,0.25,0,0.0697892900281843,0.0722050731445447,0.0657629848342505,0.0657629848342505,0.3137833847805695,0.1462890887129264,109
Kang_IFN_beta,stim,trrust_dorothea_intersection,5,83,JUN,NFKB2,KDM5A,Activation,0.0016221570623941933,0.25,0,0.0731445443564625,0.0751576969534295,0.0667024560461684,0.0665682458730373,0.2003757884847679,0.1441417259428286,88
Kang_IFN_beta,stim,trrust_dorothea_intersection,5,44,HIF1A,RORA,CSRNP1,Activation,0.002184042611563193,0.25,0,0.0785129512817076,0.0746208562609049,0.0661656153536439,0.0661656153536439,0.1725942826466258,0.1448127768084841,44
Kang_IFN_beta,stim,trrust_dorothea_intersection,5,106,MYC,HSPA4,NABP1,Activation,0.0013108098903425829,0.25,0,0.0723392833176758,0.0734129647027248,0.0640182525835458,0.0638840424104147,0.3137833847805695,0.1462890887129264,113
Kang_IFN_beta,stim,trrust_dorothea_intersection,5,49,HSF1,HSPA4,CPNE3,Activation,0.001844659255149471,0.25,0,0.0723392833176758,0.0697892900281844,0.0640182525835458,0.0641524627566769,0.0640182525835458,0.0601261575627432,49
Kang_IFN_beta,stim,trrust_dorothea_intersection,5,26,CREB1,PSEN1,DOCK10,Activation,0.00045187088515102197,0.25,0,0.0712656019326268,0.07046034089384,0.0637498322372836,0.0637498322372836,0.0616024694671855,0.0559656421956783,26
Kang_IFN_beta,stim,trrust_dorothea_intersection,5,198,RELA,XIAP,ARFGAP2,Activation,0.001386509958662058,0.25,0,0.0677761374312174,0.0664340356999061,0.0617366796403166,0.0618708898134478,0.0654945644879882,0.0603945779090054,223
Kang_IFN_beta,stim,trrust_dorothea_intersection,5,155,NFKB1,XIAP,ARFGAP2,Activation,0.001386509958662058,0.25,0,0.0677761374312174,0.0664340356999061,0.0617366796403166,0.0618708898134478,0.1209233659911441,0.095155012749968,171
Kang_IFN_beta,stim,trrust_dorothea_intersection,5,86,JUN,POLD2,GTF2H1,Activation,0.001347087357110366,0.25,0,0.0667024560461684,0.0654945644879883,0.059991947389612,0.0598577372164809,0.2003757884847679,0.1441417259428286,91
Kang_IFN_beta,stim,trrust_dorothea_intersection,5,24,CREB1,POLD2,DDRGK1,Activation,0.0012024861078167783,0.25,0,0.0667024560461684,0.0661656153536439,0.059991947389612,0.0601261575627432,0.0616024694671855,0.0559656421956783,24
Kang_IFN_beta,stim,trrust_dorothea_intersection,5,108,MYC,IER3,SCIMP,Repression,0.005121203365044721,0.25,0,0.0807945242249367,0.07166823245202,0.0578445846195141,0.0578445846195141,0.3137833847805695,0.1462890887129264,115
Kang_IFN_beta,stim,trrust_dorothea_intersection,5,183,RELA,IER3,GAPT,Activation,0.007763604892043529,0.25,0,0.0807945242249367,0.074755066434036,0.0578445846195141,0.0586498456583008,0.0654945644879882,0.0603945779090054,205
Kang_IFN_beta,stim,trrust_dorothea_intersection,5,140,NFKB1,IER3,MAP3K8,Activation,0.007292205597168526,0.25,0,0.0807945242249367,0.0693866595087909,0.0578445846195141,0.0582472151389074,0.1209233659911441,0.095155012749968,153
Kang_IFN_beta,stim,trrust_dorothea_intersection,5,235,STAT1,ICAM1,NEU1,Activation,0.002694174714220703,0.25,0,0.066299825526775,0.0638840424104147,0.0560998523688095,0.0563682727150717,0.6730640182525867,0.4341699100792089,263
Kang_IFN_beta,stim,trrust_dorothea_intersection,5,161,REL,IER3,SCIMP,Activation,0.005121203365044721,0.25,0,0.0807945242249367,0.07166823245202,0.0578445846195141,0.0578445846195141,0.1406522614414189,0.0997181586364264,178
Kang_IFN_beta,stim,trrust_dorothea_intersection,5,260,STAT3,ETV6,WDR46,Activation,0.0012049890270693225,0.25,0,0.0634814118910213,0.0613340491209233,0.0573077439269896,0.0573077439269896,0.2312441283049252,0.1872231915179169,291
Kang_IFN_beta,stim,trrust_dorothea_intersection,5,182,RELA,ICAM1,DPM2,Activation,0.0026764187174679174,0.25,0,0.066299825526775,0.0620050999865789,0.0560998523688095,0.0559656421956783,0.0654945644879882,0.0603945779090054,204
Kang_IFN_beta,stim,trrust_dorothea_intersection,5,139,NFKB1,ICAM1,RNF146,Activation,0.0026764187174679174,0.25,0,0.066299825526775,0.0620050999865789,0.0560998523688095,0.0559656421956783,0.1209233659911441,0.095155012749968,152
Kang_IFN_beta,stim,trrust_dorothea_intersection,5,0,ATF1,CCNA1,TCF4,Repression,0.013790380895475535,0.25,0,0.0927392296336067,0.07046034089384,0.0565024828882028,0.0558314320225472,0.0648235136223326,0.0602603677358743,0
Kang_IFN_beta,stim,trrust_dorothea_intersection,5,265,STAT3,ICAM1,USP10,Activation,0.002608809955080687,0.25,0,0.066299825526775,0.06213931015971,0.0560998523688095,0.0562340625419406,0.2312441283049252,0.1872231915179169,296
Kang_IFN_beta,stim,trrust_dorothea_intersection,5,240,STAT1,JAK2,BCKDK,Activation,0.00015062362838363236,0.25,0,0.0605287880821365,0.0602603677358743,0.0546235404643671,0.0546235404643671,0.6730640182525867,0.4341699100792089,268
Kang_IFN_beta,stim,trrust_dorothea_intersection,5,160,REL,ICAM1,USP10,Activation,0.002608809955080687,0.25,0,0.066299825526775,0.06213931015971,0.0560998523688095,0.0562340625419406,0.1406522614414189,0.0997181586364264,177
Kang_IFN_beta,stim,trrust_dorothea_intersection,5,204,RUNX3,TCF4,HNRNPLL,Activation,0.003539655267016259,0.25,0,0.07046034089384,0.0641524627566769,0.0558314320225472,0.0558314320225472,0.0746208562609051,0.0675077170849552,229
Kang_IFN_beta,stim,trrust_dorothea_intersection,5,89,JUN,STMN1,DCAF7,Activation,0.00602494513534671,0.25,0,0.0734129647027247,0.0626761508522345,0.0551603811568916,0.0551603811568916,0.2003757884847679,0.1441417259428286,94
Kang_IFN_beta,stim,trrust_dorothea_intersection,5,128,NFKB1,CD80,DUSP10,Activation,0.002861848939289667,0.25,0,0.0669708763924306,0.0618708898134478,0.0550261709837605,0.0550261709837605,0.1209233659911441,0.095155012749968,140
Kang_IFN_beta,stim,trrust_dorothea_intersection,5,180,RELA,HDAC1,BLCAP,Activation,0.0012487634790574085,0.25,0,0.0571735337538584,0.0579787947926452,0.0546235404643671,0.054489330291236,0.0654945644879882,0.0603945779090054,202
Kang_IFN_beta,stim,trrust_dorothea_intersection,5,112,MYC,PCNA,UPF3B,Activation,0.00030124725676732717,0.25,0,0.0573077439269896,0.0578445846195141,0.0530130183867936,0.0530130183867936,0.3137833847805695,0.1462890887129264,119
Kang_IFN_beta,stim,trrust_dorothea_intersection,5,97,MYC,CCND2,MRPL46,Activation,0.0020334189831794844,0.25,0,0.0601261575627432,0.0565024828882028,0.0508656556166957,0.0508656556166957,0.3137833847805695,0.1462890887129264,104
Kang_IFN_beta,stim,trrust_dorothea_intersection,5,123,NFKB1,CCND2,ENG,Activation,0.0016221570623941434,0.25,0,0.0601261575627432,0.0581130049657763,0.0508656556166957,0.0509998657898268,0.1209233659911441,0.095155012749968,134
Kang_IFN_beta,stim,trrust_dorothea_intersection,5,256,STAT3,CCND2,ENG,Activation,0.0016221570623941434,0.25,0,0.0601261575627432,0.0581130049657763,0.0508656556166957,0.0509998657898268,0.2312441283049252,0.1872231915179169,287
Kang_IFN_beta,stim,trrust_dorothea_intersection,5,156,NFKB2,CCND2,MDK,Activation,0.00143092446964483,0.25,0,0.0601261575627432,0.0575761642732518,0.0508656556166957,0.0508656556166957,0.0731445443564625,0.0667024560461684,172
Kang_IFN_beta,stim,trrust_dorothea_intersection,6,71,IRF9,IFIT3,RPL34,Activation,0.23856921308736428,0.25,0,6.844047778821768,6.606629982552764,0.9171923231780238,0.9400080526103088,0.1795732116494438,0.1536706482351378,75
Kang_IFN_beta,stim,trrust_dorothea_intersection,6,146,NFKB1,NFKBIA,ANXA2,Activation,0.1888199991172143,0.25,0,2.46356193799492,2.6334720171789243,0.5634143068044745,0.5446248825661221,0.1209233659911441,0.095155012749968,159
Kang_IFN_beta,stim,trrust_dorothea_intersection,6,236,STAT1,IFIT3,RPL34,Activation,0.23856921308736428,0.25,0,6.844047778821768,6.606629982552764,0.9171923231780238,0.9400080526103088,0.6730640182525867,0.4341699100792089,264
Kang_IFN_beta,stim,trrust_dorothea_intersection,6,189,RELA,NFKBIA,ANXA2,Activation,0.1888199991172143,0.25,0,2.46356193799492,2.6334720171789243,0.5634143068044745,0.5446248825661221,0.0654945644879882,0.0603945779090054,211
Kang_IFN_beta,stim,trrust_dorothea_intersection,6,252,STAT2,IFIT3,RPL34,Activation,0.23856921308736428,0.25,0,6.844047778821768,6.606629982552764,0.9171923231780238,0.9400080526103088,0.1823916252851973,0.1539390685814,282
Kang_IFN_beta,stim,trrust_dorothea_intersection,6,59,IRF1,IFIT3,RPL34,Activation,0.23856921308736428,0.25,0,6.844047778821768,6.606629982552764,0.9171923231780238,0.9400080526103088,0.5240907260770497,0.3422359414843753,60
Kang_IFN_beta,stim,trrust_dorothea_intersection,6,214,SPI1,IFIT3,RPL34,Activation,0.23856921308736428,0.25,0,6.844047778821768,6.606629982552764,0.9171923231780238,0.9400080526103088,0.7403033149912851,0.3172728492819825,239
Kang_IFN_beta,stim,trrust_dorothea_intersection,6,58,IRF1,HLA-A,RPL32,Activation,0.18483747414019605,0.25,0,8.367064823513704,8.614145752248078,0.9914105489195156,0.9773184807407514,0.5240907260770497,0.3422359414843753,59
Kang_IFN_beta,stim,trrust_dorothea_intersection,6,124,NFKB1,CCR7,HLA-DPA1,Activation,0.2226085167396759,0.25,0,2.326264930881789,2.471211917863392,0.500603945779125,0.4767145349617816,0.1209233659911441,0.095155012749968,135
Kang_IFN_beta,stim,trrust_dorothea_intersection,6,228,STAT1,CTSB,S100A4,Activation,0.0326794345636599,0.25,0,1.9124949671185387,1.9083344517514755,0.3957858005637018,0.3995436854113738,0.6730640182525867,0.4341699100792089,255
Kang_IFN_beta,stim,trrust_dorothea_intersection,6,78,JUN,CTSL,FAM26F,Activation,0.07494237681379629,0.25,0,2.1477654006173896,2.056502482888232,0.3599516843376863,0.3662595624748501,0.2003757884847679,0.1441417259428286,83
Kang_IFN_beta,stim,trrust_dorothea_intersection,6,176,RELA,CTSB,HSPB1,Activation,0.04432673397191068,0.25,0,1.9124949671185387,1.854784592672156,0.3957858005637018,0.392296336062292,0.0654945644879882,0.0603945779090054,197
Kang_IFN_beta,stim,trrust_dorothea_intersection,6,132,NFKB1,CTSB,S100A4,Activation,0.0326794345636599,0.25,0,1.9124949671185387,1.9083344517514755,0.3957858005637018,0.3995436854113738,0.1209233659911441,0.095155012749968,144
Kang_IFN_beta,stim,trrust_dorothea_intersection,6,141,NFKB1,IL1RN,CTSL,Activation,0.07746892616255974,0.25,0,2.0543551201181303,2.1477654006173896,0.3533753858542602,0.3599516843376863,0.1209233659911441,0.095155012749968,154
Kang_IFN_beta,stim,trrust_dorothea_intersection,6,243,STAT1,PLSCR1,VIM,Activation,0.16157284629412022,0.25,0,2.672124547040689,2.935579116897079,0.7327875452959082,0.7252717756005672,0.6730640182525867,0.4341699100792089,271
Kang_IFN_beta,stim,trrust_dorothea_intersection,6,229,STAT1,CTSL,FAM26F,Activation,0.07494237681379629,0.25,0,2.1477654006173896,2.056502482888232,0.3599516843376863,0.3662595624748501,0.6730640182525867,0.4341699100792089,256
Kang_IFN_beta,stim,trrust_dorothea_intersection,6,264,STAT3,HSPB1,S100A4,Activation,0.06967637574332346,0.25,0,1.854784592672156,1.9083344517514755,0.392296336062292,0.3995436854113738,0.2312441283049252,0.1872231915179169,295
Kang_IFN_beta,stim,trrust_dorothea_intersection,6,293,ZEB2,VIM,DYNLT1,Activation,0.2019900530383386,0.25,0,2.935579116897079,2.737887531874933,0.7252717756005672,0.7058113004965594,0.208159978526373,0.1523285465038266,326
Kang_IFN_beta,stim,trrust_dorothea_intersection,6,280,TCF4,VIM,DYNLT1,Activation,0.2019900530383386,0.25,0,2.935579116897079,2.737887531874933,0.7252717756005672,0.7058113004965594,0.07046034089384,0.0558314320225472,313
Kang_IFN_beta,stim,trrust_dorothea_intersection,6,232,STAT1,HLA-E,RPL30,Activation,0.08964286076397991,0.25,0,3.996778955844908,3.8449872500336073,0.9276607166822488,0.9244396725271026,0.6730640182525867,0.4341699100792089,260
Kang_IFN_beta,stim,trrust_dorothea_intersection,6,238,STAT1,IRF7,SH3BGRL3,Activation,0.24854532686434583,0.25,0,2.843376727955996,3.285599248423045,0.7845926721245083,0.7862031942020814,0.6730640182525867,0.4341699100792089,266
Kang_IFN_beta,stim,trrust_dorothea_intersection,6,185,RELA,IRF7,RPL35,Activation,0.29841203582795,0.25,0,2.843376727955996,2.426251509864481,0.7845926721245083,0.8059320896523514,0.0654945644879882,0.0603945779090054,207
Kang_IFN_beta,stim,trrust_dorothea_intersection,6,67,IRF3,IRF7,RPL6,Activation,0.29884819853205696,0.25,0,2.843376727955996,2.3983357938532106,0.7845926721245083,0.7656690377130249,0.0807945242249369,0.0734129647027249,70
Kang_IFN_beta,stim,trrust_dorothea_intersection,6,143,NFKB1,IRF7,SH3BGRL3,Activation,0.24854532686434583,0.25,0,2.843376727955996,3.285599248423045,0.7845926721245083,0.7862031942020814,0.1209233659911441,0.095155012749968,156
Kang_IFN_beta,stim,trrust_dorothea_intersection,6,250,STAT1,TNFSF13B,CSTB,Activation,0.1907466944726328,0.25,0,1.8700845524091103,1.9861763521675413,0.4763119044423882,0.455643537780192,0.6730640182525867,0.4341699100792089,280
Kang_IFN_beta,stim,trrust_dorothea_intersection,6,234,STAT1,HSP90AA1,DYNLT1,Repression,0.025570326312493594,0.25,0,2.766742719098114,2.737887531874933,0.7035297275533309,0.7058113004965594,0.6730640182525867,0.4341699100792089,262
Kang_IFN_beta,stim,trrust_dorothea_intersection,6,18,CEBPD,GAPDH,RPL10A,Activation,0.1820456515829716,0.25,0,2.7429875184539174,2.488525030197317,0.6765534827539821,0.6895718695476977,0.1680311367601677,0.1130049657764083,18
Kang_IFN_beta,stim,trrust_dorothea_intersection,6,37,HIF1A,GAPDH,CYBA,Activation,0.1357954836409398,0.25,0,2.7429875184539174,2.97248691450813,0.6765534827539821,0.6715877063481318,0.1725942826466258,0.1448127768084841,37
Kang_IFN_beta,stim,trrust_dorothea_intersection,6,122,NFKB1,CCL5,S100A8,Activation,0.16106968915075331,0.25,0,0.7860689840289914,0.5326801771574332,0.1704469198765273,0.1617232586230048,0.1209233659911441,0.095155012749968,133
Kang_IFN_beta,stim,trrust_dorothea_intersection,6,245,STAT1,PSMB9,RPL29,Activation,0.10637982952907392,0.25,0,3.074889276607183,2.908737082270878,0.8708898134477983,0.8649845658300304,0.6730640182525867,0.4341699100792089,273
Kang_IFN_beta,stim,trrust_dorothea_intersection,6,207,SPI1,CCL5,S100A8,Activation,0.16106968915075331,0.25,0,0.7860689840289914,0.5326801771574332,0.1704469198765273,0.1617232586230048,0.7403033149912851,0.3172728492819825,232
Kang_IFN_beta,stim,trrust_dorothea_intersection,6,19,CREB1,CCL5,S100A8,Activation,0.16106968915075331,0.25,0,0.7860689840289914,0.5326801771574332,0.1704469198765273,0.1617232586230048,0.0616024694671855,0.0559656421956783,19
Kang_IFN_beta,stim,trrust_dorothea_intersection,6,167,RELA,CCL5,HLA-DQA1,Activation,0.15684536834473647,0.25,0,0.7860689840289914,0.5379143739095493,0.1704469198765273,0.1787679506106566,0.0654945644879882,0.0603945779090054,187
Kang_IFN_beta,stim,trrust_dorothea_intersection,6,47,HSF1,HSPA1A,IL1RN,Activation,0.21148742217749775,0.25,0,2.1477654006173914,2.0543551201181303,0.3769963763253416,0.3533753858542602,0.0640182525835458,0.0601261575627432,47
Kang_IFN_beta,stim,trrust_dorothea_intersection,6,53,IRF1,CCL5,TNFAIP6,Activation,0.15760787872722729,0.25,0,0.7860689840289914,0.5342906992350067,0.1704469198765273,0.1623943094886604,0.5240907260770497,0.3422359414843753,53
Kang_IFN_beta,stim,trrust_dorothea_intersection,6,75,JUN,CCL5,TNFAIP6,Activation,0.15760787872722729,0.25,0,0.7860689840289914,0.5342906992350067,0.1704469198765273,0.1623943094886604,0.2003757884847679,0.1441417259428286,80
Kang_IFN_beta,stim,trrust_dorothea_intersection,6,90,JUND,CCL5,FCGR3A,Activation,0.2152261585055832,0.25,0,0.7860689840289914,0.8820292578177421,0.1704469198765273,0.1944705408669972,0.0667024560461684,0.0613340491209233,96
Kang_IFN_beta,stim,trrust_dorothea_intersection,6,63,IRF1,PSMB9,RPL18,Activation,0.19050170059537444,0.25,0,3.074889276607183,3.4055831432022887,0.8708898134477983,0.865924037041948,0.5240907260770497,0.3422359414843753,64
Kang_IFN_beta,stim,trrust_dorothea_intersection,6,4,ATF3,CCL5,S100A8,Activation,0.16106968915075331,0.25,0,0.7860689840289914,0.5326801771574332,0.1704469198765273,0.1617232586230048,0.1528653871963508,0.1140786471614574,4
Kang_IFN_beta,stim,trrust_dorothea_intersection,6,159,REL,CCL5,S100A8,Activation,0.16106968915075331,0.25,0,0.7860689840289914,0.5326801771574332,0.1704469198765273,0.1617232586230048,0.1406522614414189,0.0997181586364264,176
Kang_IFN_beta,stim,trrust_dorothea_intersection,6,100,MYC,CXCR4,CASP4,Activation,0.21197554477572142,0.25,0,1.4310830760971964,1.0751576969534369,0.5031539390686157,0.4949671185076172,0.3137833847805695,0.1462890887129264,107
Kang_IFN_beta,stim,trrust_dorothea_intersection,6,210,SPI1,CTSS,ACTG1,Activation,0.13950457339894667,0.25,0,1.6875587169507942,1.455509327607064,0.5615353643806392,0.567306401825276,0.7403033149912851,0.3172728492819825,235
Kang_IFN_beta,stim,trrust_dorothea_intersection,6,34,HIF1A,CXCR4,CREM,Activation,0.17984920806967322,0.25,0,1.4310830760971964,1.111394443698838,0.5031539390686157,0.5016776271641737,0.1725942826466258,0.1448127768084841,34
Kang_IFN_beta,stim,trrust_dorothea_intersection,6,51,HSF1,UBB,GNB2L1,Activation,0.07143355379572741,0.25,0,2.433901489732948,2.498053952489636,0.8147899610790033,0.8076768219030556,0.0640182525835458,0.0601261575627432,51
Kang_IFN_beta,stim,trrust_dorothea_intersection,6,178,RELA,CXCR4,PKM,Activation,0.1994202488995514,0.25,0,1.4310830760971964,1.0786471614548447,0.5031539390686157,0.5002013152597318,0.0654945644879882,0.0603945779090054,200
Kang_IFN_beta,stim,trrust_dorothea_intersection,6,284,YY1,CXCR4,JUNB,Repression,0.19427079043761417,0.25,0,1.4310830760971964,1.3327070191920791,0.5031539390686157,0.5246275667695899,0.1108576030063096,0.0962286941350171,317
Kang_IFN_beta,stim,trrust_dorothea_intersection,6,105,MYC,HNRNPA2B1,RPS11,Activation,0.06149906247342099,0.25,0,1.3992752650651232,1.3799490001342396,0.6729298080794427,0.6799087370822593,0.3137833847805695,0.1462890887129264,112
Kang_IFN_beta,stim,trrust_dorothea_intersection,6,20,CREB1,CXCR4,JUNB,Activation,0.19427079043761417,0.25,0,1.4310830760971964,1.3327070191920791,0.5031539390686157,0.5246275667695899,0.0616024694671855,0.0559656421956783,20
Kang_IFN_beta,stim,trrust_dorothea_intersection,6,109,MYC,JUNB,ARHGDIB,Repression,0.13806576301729598,0.25,0,1.3327070191920791,1.0901892363441257,0.5246275667695899,0.5273117702322117,0.3137833847805695,0.1462890887129264,116
Kang_IFN_beta,stim,trrust_dorothea_intersection,6,249,STAT1,TAP1,EEF1B2,Activation,0.025710553872579367,0.25,0,1.089518185478464,1.0854918802845352,0.5451617232586464,0.5422090994497625,0.6730640182525867,0.4341699100792089,278
Kang_IFN_beta,stim,trrust_dorothea_intersection,6,144,NFKB1,JUNB,ARHGDIB,Activation,0.13806576301729598,0.25,0,1.3327070191920791,1.0901892363441257,0.5246275667695899,0.5273117702322117,0.1209233659911441,0.095155012749968,157
Kang_IFN_beta,stim,trrust_dorothea_intersection,6,66,IRF2,TAP1,EEF1B2,Activation,0.025710553872579367,0.25,0,1.089518185478464,1.0854918802845352,0.5451617232586464,0.5422090994497625,0.3865252986176447,0.2692256073010329,68
Kang_IFN_beta,stim,trrust_dorothea_intersection,6,65,IRF1,TAP1,TMEM50A,Activation,0.012401191595681213,0.25,0,1.089518185478464,1.1107233928331808,0.5451617232586464,0.5455643537780397,0.5240907260770497,0.3422359414843753,66
Kang_IFN_beta,stim,trrust_dorothea_intersection,6,268,STAT3,JUNB,ARHGDIB,Activation,0.13806576301729598,0.25,0,1.3327070191920791,1.0901892363441257,0.5246275667695899,0.5273117702322117,0.2312441283049252,0.1872231915179169,299
Kang_IFN_beta,stim,trrust_dorothea_intersection,6,56,IRF1,EIF2AK2,TMEM59,Activation,0.057695786421090786,0.25,0,0.9016239430948828,0.8231109918131748,0.5393906858140096,0.5350959602738148,0.5240907260770497,0.3422359414843753,57
Kang_IFN_beta,stim,trrust_dorothea_intersection,6,35,HIF1A,ENO1,CASP4,Activation,0.09329515527602475,0.25,0,1.0021473627700948,1.0751576969534369,0.5046302509730577,0.4949671185076172,0.1725942826466258,0.1448127768084841,35
Kang_IFN_beta,stim,trrust_dorothea_intersection,6,14,CEBPB,S100A9,CXCL16,Activation,0.1792522341080131,0.25,0,0.7972084283988777,0.5030197288954587,0.2186283720305981,0.2105757616427311,0.5074486646087883,0.2915044960408028,14
Kang_IFN_beta,stim,trrust_dorothea_intersection,6,77,JUN,CREM,PKM,Activation,0.02239782106665087,0.25,0,1.111394443698838,1.0786471614548447,0.5016776271641737,0.5002013152597318,0.2003757884847679,0.1441417259428286,82
Kang_IFN_beta,stim,trrust_dorothea_intersection,6,276,STAT3,ZFP36,SAMSN1,Activation,0.11526924643556002,0.25,0,0.9892631861495094,0.9247080928734382,0.4657093007650278,0.4530935444907003,0.2312441283049252,0.1872231915179169,309
Kang_IFN_beta,stim,trrust_dorothea_intersection,6,104,MYC,HNRNPA1,PDIA3,Activation,0.04086511347433799,0.25,0,0.7400348946450186,0.7648637766742699,0.4552409072607986,0.4508119715474708,0.3137833847805695,0.1462890887129264,111
Kang_IFN_beta,stim,trrust_dorothea_intersection,6,186,RELA,MCL1,GUK1,Activation,0.021218553566586022,0.25,0,0.5871695074486751,0.5542880150315518,0.4020936787008655,0.4008857871426852,0.0654945644879882,0.0603945779090054,208
Kang_IFN_beta,stim,trrust_dorothea_intersection,6,269,STAT3,MCL1,GUK1,Activation,0.021218553566586022,0.25,0,0.5871695074486751,0.5542880150315518,0.4020936787008655,0.4008857871426852,0.2312441283049252,0.1872231915179169,300
Kang_IFN_beta,stim,trrust_dorothea_intersection,6,175,RELA,CFLAR,RPS26,Activation,0.028472624386099744,0.25,0,0.7672795597906349,0.725674406119985,0.4126962823782259,0.4108173399543899,0.0654945644879882,0.0603945779090054,196
Kang_IFN_beta,stim,trrust_dorothea_intersection,6,99,MYC,CFLAR,MOB1A,Repression,0.03508880255584419,0.25,0,0.7672795597906349,0.7502348678029808,0.4126962823782259,0.4165883773990291,0.3137833847805695,0.1462890887129264,106
Kang_IFN_beta,stim,trrust_dorothea_intersection,6,43,HIF1A,PGK1,CNBP,Activation,0.042168371830133305,0.25,0,0.6003221044155234,0.6086431351496514,0.4082673466648981,0.403435780432177,0.1725942826466258,0.1448127768084841,43
Kang_IFN_beta,stim,trrust_dorothea_intersection,6,10,ATF4,MCL1,EIF3K,Activation,0.020702946378786006,0.25,0,0.5871695074486751,0.5710642866729394,0.4020936787008655,0.4042410414709638,0.1366259562474854,0.1138102268151951,10
Kang_IFN_beta,stim,trrust_dorothea_intersection,6,110,MYC,LDHA,NDUFA12,Activation,0.035278104164879774,0.25,0,0.6993692121862883,0.6609851026707889,0.4054489330291441,0.4022278888739967,0.3137833847805695,0.1462890887129264,117
Kang_IFN_beta,stim,trrust_dorothea_intersection,6,131,NFKB1,CFLAR,MOB1A,Activation,0.03508880255584419,0.25,0,0.7672795597906349,0.7502348678029808,0.4126962823782259,0.4165883773990291,0.1209233659911441,0.095155012749968,143
Kang_IFN_beta,stim,trrust_dorothea_intersection,6,279,TCF4,CD44,TPM3,Activation,0.018788741174563393,0.25,0,0.6058247215138989,0.639243054623547,0.4011542074889475,0.4010199973158164,0.07046034089384,0.0558314320225472,312
Kang_IFN_beta,stim,trrust_dorothea_intersection,6,278,STAT6,SOCS1,NEAT1,Activation,0.02153980718988321,0.25,0,0.8025768353241169,0.7774795329485972,0.4339014897329467,0.4357804321567827,0.0540866997718426,0.0500603945779089,311
Kang_IFN_beta,stim,trrust_dorothea_intersection,6,273,STAT3,SOCS1,RBCK1,Activation,0.07201050148630946,0.25,0,0.8025768353241169,0.6766876929271263,0.4339014897329467,0.4355120118105204,0.2312441283049252,0.1872231915179169,305
Kang_IFN_beta,stim,trrust_dorothea_intersection,6,255,STAT2,STAT1,CCNI,Activation,0.02314546041645266,0.25,0,0.6730640182525867,0.6337404375251695,0.4341699100792089,0.4333646490404221,0.1823916252851973,0.1539390685814,285
Kang_IFN_beta,stim,trrust_dorothea_intersection,6,275,STAT3,STAT1,NOP10,Activation,0.024700952306783836,0.25,0,0.6730640182525867,0.6534693329754439,0.4341699100792089,0.4316199167897172,0.2312441283049252,0.1872231915179169,307
Kang_IFN_beta,stim,trrust_dorothea_intersection,6,45,HIF1A,SOCS1,STAT1,Activation,0.07271318610517212,0.25,0,0.8025768353241169,0.6730640182525867,0.4339014897329467,0.4341699100792089,0.1725942826466258,0.1448127768084841,45
Kang_IFN_beta,stim,trrust_dorothea_intersection,6,64,IRF1,SOCS1,NEAT1,Activation,0.02153980718988321,0.25,0,0.8025768353241169,0.7774795329485972,0.4339014897329467,0.4357804321567827,0.5240907260770497,0.3422359414843753,65
Kang_IFN_beta,stim,trrust_dorothea_intersection,6,194,RELA,STAT1,NOP10,Activation,0.024700952306783836,0.25,0,0.6730640182525867,0.6534693329754439,0.4341699100792089,0.4316199167897172,0.0654945644879882,0.0603945779090054,218
Kang_IFN_beta,stim,trrust_dorothea_intersection,6,39,HIF1A,LDHA,RPS26,Activation,0.04884922948075533,0.25,0,0.6993692121862883,0.725674406119985,0.4054489330291441,0.4108173399543899,0.1725942826466258,0.1448127768084841,39
Kang_IFN_beta,stim,trrust_dorothea_intersection,6,277,STAT6,RHOA,SEC61B,Activation,0.038618700857759744,0.25,0,0.7213796805797852,0.7547980136894344,0.4399409475238481,0.4438330425446513,0.0540866997718426,0.0500603945779089,310
Kang_IFN_beta,stim,trrust_dorothea_intersection,6,202,RUNX3,CFLAR,RPS26,Repression,0.028472624386099744,0.25,0,0.7672795597906349,0.725674406119985,0.4126962823782259,0.4108173399543899,0.0746208562609051,0.0675077170849552,227
Kang_IFN_beta,stim,trrust_dorothea_intersection,6,135,NFKB1,GSTP1,C20ORF24,Activation,0.04519680986645286,0.25,0,0.6894376593745839,0.7059455106697115,0.3881358206952265,0.3830358341162431,0.1209233659911441,0.095155012749968,148
Kang_IFN_beta,stim,trrust_dorothea_intersection,6,179,RELA,GSTP1,SLC3A2,Activation,0.043146180209020044,0.25,0,0.6894376593745839,0.6472956650114158,0.3881358206952265,0.392296336062292,0.0654945644879882,0.0603945779090054,201
Kang_IFN_beta,stim,trrust_dorothea_intersection,6,1,ATF1,LDHA,ZNF706,Activation,0.017058918313291576,0.25,0,0.6993692121862883,0.6819218896792407,0.4054489330291441,0.4070594551067178,0.0648235136223326,0.0602603677358743,1
Kang_IFN_beta,stim,trrust_dorothea_intersection,6,151,NFKB1,SQSTM1,RABGAP1L,Activation,0.06174359785603503,0.25,0,0.6765534827540003,0.6723929673869338,0.362501677627178,0.3553885384512274,0.1209233659911441,0.095155012749968,165
Kang_IFN_beta,stim,trrust_dorothea_intersection,6,149,NFKB1,SERPINB1,HSPA5,Activation,0.016466571948606654,0.25,0,0.8137162796939975,0.7871426654140368,0.3590122131257683,0.3598174741645552,0.1209233659911441,0.095155012749968,162
Kang_IFN_beta,stim,trrust_dorothea_intersection,6,290,YY1,HSPA5,HERPUD1,Activation,0.042507027839055966,0.25,0,0.7871426654140368,0.713729700711317,0.3598174741645552,0.3586095826063749,0.1108576030063096,0.0962286941350171,323
Kang_IFN_beta,stim,trrust_dorothea_intersection,6,121,NFKB1,BIRC3,COTL1,Activation,0.09064638869460712,0.25,0,0.7807005771037432,0.6217957321164993,0.3481411891021456,0.3462622466783096,0.1209233659911441,0.095155012749968,129
Kang_IFN_beta,stim,trrust_dorothea_intersection,6,237,STAT1,IRF1,SEPT7,Activation,0.02688631766648264,0.25,0,0.5240907260770497,0.4761776942692409,0.3422359414843753,0.3422359414843753,0.6730640182525867,0.4341699100792089,265
Kang_IFN_beta,stim,trrust_dorothea_intersection,6,142,NFKB1,IRF1,SELT,Activation,0.035635920228438284,0.25,0,0.5240907260770497,0.4618172057442113,0.3422359414843753,0.3430412025231621,0.1209233659911441,0.095155012749968,155
Kang_IFN_beta,stim,trrust_dorothea_intersection,6,166,RELA,BIRC3,LTB,Activation,0.04438275420460062,0.25,0,0.7807005771037432,0.8437793584753754,0.3481411891021456,0.3512280230841619,0.0654945644879882,0.0603945779090054,183
Kang_IFN_beta,stim,trrust_dorothea_intersection,6,184,RELA,IRF1,DEK,Activation,0.021500402358735626,0.25,0,0.5240907260770497,0.4878539793316492,0.3422359414843753,0.3414306804455884,0.0654945644879882,0.0603945779090054,206
Kang_IFN_beta,stim,trrust_dorothea_intersection,6,209,SPI1,CD68,BIRC3,Repression,0.054137504984996775,0.25,0,0.8606898402898974,0.7807005771037432,0.3446517246007359,0.3481411891021456,0.7403033149912851,0.3172728492819825,234
Kang_IFN_beta,stim,trrust_dorothea_intersection,6,253,STAT2,IRF1,NUB1,Activation,0.030756164815599663,0.25,0,0.5240907260770497,0.4733592806334879,0.3422359414843753,0.3435780432156867,0.1823916252851973,0.1539390685814,283
Kang_IFN_beta,stim,trrust_dorothea_intersection,6,158,REL,BIRC3,CD68,Activation,0.054137504984996775,0.25,0,0.7807005771037432,0.8606898402898974,0.3481411891021456,0.3446517246007359,0.1406522614414189,0.0997181586364264,174
Kang_IFN_beta,stim,trrust_dorothea_intersection,6,267,STAT3,IRF1,CYSTM1,Activation,0.02487034782590245,0.25,0,0.5240907260770497,0.5509327607032721,0.3422359414843753,0.3445175144276047,0.2312441283049252,0.1872231915179169,298
Kang_IFN_beta,stim,trrust_dorothea_intersection,6,285,YY1,DEK,NUB1,Activation,0.020324707973363273,0.25,0,0.4878539793316492,0.4733592806334879,0.3414306804455884,0.3435780432156867,0.1108576030063096,0.0962286941350171,318
Kang_IFN_beta,stim,trrust_dorothea_intersection,6,68,IRF8,CD68,KYNU,Repression,0.13383705614498398,0.25,0,0.8606898402898974,1.072339283317686,0.3446517246007359,0.3517648637766865,0.3143202254730948,0.1598443161991692,72
Kang_IFN_beta,stim,trrust_dorothea_intersection,6,103,MYC,HLA-F,GPSM3,Activation,0.01676191556441302,0.25,0,0.4324251778284935,0.4489330291236222,0.3225070460340971,0.3208965239565234,0.3137833847805695,0.1462890887129264,110
Kang_IFN_beta,stim,trrust_dorothea_intersection,6,137,NFKB1,HLA-F,FAM96B,Activation,0.015333946123424667,0.25,0,0.4324251778284935,0.4173936384378069,0.3225070460340971,0.3239833579385397,0.1209233659911441,0.095155012749968,150
Kang_IFN_beta,stim,trrust_dorothea_intersection,6,2,ATF1,MAP1LC3B,ALDOA,Activation,0.011564458713880232,0.25,0,0.4619514159173403,0.4706750771708642,0.3284122936518674,0.3272044020936872,0.0648235136223326,0.0602603677358743,2
Kang_IFN_beta,stim,trrust_dorothea_intersection,6,32,HIF1A,ALDOA,MAP1LC3B,Activation,0.011564458713880232,0.25,0,0.4706750771708642,0.4619514159173403,0.3272044020936872,0.3284122936518674,0.1725942826466258,0.1448127768084841,32
Kang_IFN_beta,stim,trrust_dorothea_intersection,6,88,JUN,SPI1,GPR183,Activation,0.02301287401006885,0.25,0,0.7403033149912851,0.699503422359418,0.3172728492819825,0.3175412696282448,0.2003757884847679,0.1441417259428286,93
Kang_IFN_beta,stim,trrust_dorothea_intersection,6,282,YBX1,SUMO1,PHF11,Repression,0.009332513619491596,0.25,0,0.3804858408267458,0.3965910616024821,0.3085491880284581,0.3088176083747204,1.614548382767453,0.6789692658703417,315
Kang_IFN_beta,stim,trrust_dorothea_intersection,6,127,NFKB1,CD69,MNDA,Activation,0.045511641195590424,0.25,0,0.6313246544088097,0.6503824989934303,0.307475506643409,0.3023755200644255,0.1209233659911441,0.095155012749968,138
Kang_IFN_beta,stim,trrust_dorothea_intersection,6,171,RELA,CD69,CD3D,Activation,0.044730908491619745,0.25,0,0.6313246544088097,0.5588511609180072,0.307475506643409,0.3053281438733107,0.0654945644879882,0.0603945779090054,191
Kang_IFN_beta,stim,trrust_dorothea_intersection,6,216,SPI1,MNDA,CD3D,Activation,0.057393819011775926,0.25,0,0.6503824989934303,0.5588511609180072,0.3023755200644255,0.3053281438733107,0.7403033149912851,0.3172728492819825,241
Kang_IFN_beta,stim,trrust_dorothea_intersection,6,7,ATF4,CEBPB,COX5A,Activation,0.04920854059851585,0.25,0,0.5074486646087883,0.4736277009797484,0.2915044960408028,0.2862702992886882,0.1366259562474854,0.1138102268151951,7
Kang_IFN_beta,stim,trrust_dorothea_intersection,6,17,CEBPB,XBP1,SLC25A5,Activation,0.006401504206305142,0.25,0,0.4156489061871,0.4042410414709554,0.2831834653066719,0.2831834653066719,0.5074486646087883,0.2915044960408028,17
Kang_IFN_beta,stim,trrust_dorothea_intersection,6,200,RORA,TUBA1B,PPA1,Activation,0.023661702267920123,0.25,0,0.4203462622466894,0.4278620319420324,0.2673466648771969,0.2700308683398198,0.0785129512817076,0.0661656153536439,225
Kang_IFN_beta,stim,trrust_dorothea_intersection,6,61,IRF1,IRF2,C5ORF56,Activation,0.015018004847173048,0.25,0,0.3865252986176447,0.3600858945108124,0.2692256073010329,0.2689571869547706,0.5240907260770497,0.3422359414843753,62
Kang_IFN_beta,stim,trrust_dorothea_intersection,6,191,RELA,PLAUR,LST1,Activation,0.023660973259267516,0.25,0,0.5368406925245025,0.5083881358207042,0.2537914373909514,0.2517782847939842,0.0654945644879882,0.0603945779090054,213
Kang_IFN_beta,stim,trrust_dorothea_intersection,6,223,STAT1,BAX,EIF4G2,Activation,0.00583204810911953,0.25,0,0.330693866595095,0.3211649443027848,0.2509730237551973,0.2512414441014596,0.6730640182525867,0.4341699100792089,248
Kang_IFN_beta,stim,trrust_dorothea_intersection,6,147,NFKB1,PLAUR,CFD,Activation,0.046742869602695455,0.25,0,0.5368406925245025,0.5440880418735814,0.2537914373909514,0.2484230304657059,0.1209233659911441,0.095155012749968,160
Kang_IFN_beta,stim,trrust_dorothea_intersection,6,27,CREB1,UXT,ADRM1,Activation,0.02176235011243827,0.25,0,0.3102939202791625,0.3207623137833912,0.2545966984297382,0.2570124815460988,0.0616024694671855,0.0559656421956783,27
Kang_IFN_beta,stim,trrust_dorothea_intersection,6,85,JUN,PLAUR,CD38,Activation,0.042080556484980804,0.25,0,0.5368406925245025,0.4628908871292542,0.2537914373909514,0.2529861763521645,0.2003757884847679,0.1441417259428286,90
Kang_IFN_beta,stim,trrust_dorothea_intersection,6,92,JUND,PLAUR,CD38,Activation,0.042080556484980804,0.25,0,0.5368406925245025,0.4628908871292542,0.2537914373909514,0.2529861763521645,0.0667024560461684,0.0613340491209233,98
Kang_IFN_beta,stim,trrust_dorothea_intersection,6,3,ATF1,PLAUR,LST1,Activation,0.023660973259267516,0.25,0,0.5368406925245025,0.5083881358207042,0.2537914373909514,0.2517782847939842,0.0648235136223326,0.0602603677358743,3
Kang_IFN_beta,stim,trrust_dorothea_intersection,6,163,RELA,BAX,HNRNPA3,Repression,0.010107158069946547,0.25,0,0.330693866595095,0.3176754798013744,0.2509730237551973,0.2517782847939842,0.0654945644879882,0.0603945779090054,180
Kang_IFN_beta,stim,trrust_dorothea_intersection,6,33,HIF1A,BAX,NHP2L1,Activation,0.012806430493347691,0.25,0,0.330693866595095,0.3309622869413571,0.2509730237551973,0.2494967118507548,0.1725942826466258,0.1448127768084841,33
Kang_IFN_beta,stim,trrust_dorothea_intersection,6,190,RELA,OPTN,EVI2A,Activation,0.014875644468039701,0.25,0,0.3227754663803567,0.2970071131391799,0.2323178096899719,0.2327204402093653,0.0654945644879882,0.0603945779090054,212
Kang_IFN_beta,stim,trrust_dorothea_intersection,6,220,SPI1,SCARB2,MANF,Activation,0.02731576946583729,0.25,0,0.3654543014360565,0.3319017581532734,0.2288283451885629,0.2265467722453339,0.7403033149912851,0.3172728492819825,245
Kang_IFN_beta,stim,trrust_dorothea_intersection,6,80,JUN,EZR,MAX,Activation,0.01401144015974078,0.25,0,0.3136491746074409,0.2949939605422124,0.2354046436719876,0.2364783250570366,0.2003757884847679,0.1441417259428286,85
Kang_IFN_beta,stim,trrust_dorothea_intersection,6,226,STAT1,CD86,MS4A6A,Activation,0.04800308969192776,0.25,0,0.4661119312844,0.5113407596295877,0.2272178231109895,0.2225204670514005,0.6730640182525867,0.4341699100792089,253
Kang_IFN_beta,stim,trrust_dorothea_intersection,6,21,CREB1,HLA-DQB1,CD86,Activation,0.04384595691276103,0.25,0,0.5133539122265548,0.4661119312844,0.231244128304923,0.2272178231109895,0.0616024694671855,0.0559656421956783,21
Kang_IFN_beta,stim,trrust_dorothea_intersection,6,130,NFKB1,CD86,HLA-DQB1,Activation,0.04384595691276103,0.25,0,0.4661119312844,0.5133539122265548,0.2272178231109895,0.231244128304923,0.1209233659911441,0.095155012749968,142
Kang_IFN_beta,stim,trrust_dorothea_intersection,6,173,RELA,CD86,HLA-DQB1,Activation,0.04384595691276103,0.25,0,0.4661119312844,0.5133539122265548,0.2272178231109895,0.231244128304923,0.0654945644879882,0.0603945779090054,194
Kang_IFN_beta,stim,trrust_dorothea_intersection,6,289,YY1,GNAS,EWSR1,Activation,0.011946823746304607,0.25,0,0.297812374177967,0.2822439940947548,0.2282915044960385,0.2273520332841206,0.1108576030063096,0.0962286941350171,322
Kang_IFN_beta,stim,trrust_dorothea_intersection,6,224,STAT1,CCR1,ALOX5AP,Activation,0.042602662326938295,0.25,0,0.390283183465314,0.4493356596430084,0.218494161857467,0.2154073278754513,0.6730640182525867,0.4341699100792089,251
Kang_IFN_beta,stim,trrust_dorothea_intersection,6,111,MYC,NOL7,VAPA,Activation,0.014021558417087429,0.25,0,0.2727150718024435,0.2705677090323461,0.2198362635887781,0.2214467856663515,0.3137833847805695,0.1462890887129264,118
Kang_IFN_beta,stim,trrust_dorothea_intersection,6,117,NFKB1,ALOX5AP,RGCC,Activation,0.05244596242429932,0.25,0,0.4493356596430084,0.3655885116091862,0.2154073278754513,0.212723124412829,0.1209233659911441,0.095155012749968,124
Kang_IFN_beta,stim,trrust_dorothea_intersection,6,251,STAT1,UPP1,FBXO7,Activation,0.00978553910708643,0.25,0,0.2719098107636573,0.2596966850087236,0.2090994497382888,0.2082941886995021,0.6730640182525867,0.4341699100792089,281
Kang_IFN_beta,stim,trrust_dorothea_intersection,6,241,STAT1,MVP,BBX,Activation,0.0077636048920436225,0.25,0,0.2595624748355929,0.2535230170446913,0.2066836666219287,0.2074889276607154,0.6730640182525867,0.4341699100792089,269
Kang_IFN_beta,stim,trrust_dorothea_intersection,6,172,RELA,CD83,DEFB1,Activation,0.04054165282106584,0.25,0,0.5036907797611143,0.4580593208965319,0.2041336733324375,0.2077573480069777,0.0654945644879882,0.0603945779090054,193
Kang_IFN_beta,stim,trrust_dorothea_intersection,6,129,NFKB1,CD83,CXCL16,Activation,0.055880009188876444,0.25,0,0.5036907797611143,0.5030197288954587,0.2041336733324375,0.2105757616427311,0.1209233659911441,0.095155012749968,141
Kang_IFN_beta,stim,trrust_dorothea_intersection,6,113,MYC,PMAIP1,TRAT1,Activation,0.013254879297763159,0.25,0,0.3274728224399464,0.3038518319688673,0.1991678969265862,0.1991678969265862,0.3137833847805695,0.1462890887129264,120
Kang_IFN_beta,stim,trrust_dorothea_intersection,6,41,HIF1A,NR3C1,RAB1A,Activation,0.010564598571827451,0.25,0,0.2666756140115434,0.2642598308951829,0.202388941081733,0.201181049523553,0.1725942826466258,0.1448127768084841,41
Kang_IFN_beta,stim,trrust_dorothea_intersection,6,292,YY1,NR3C1,RAB1A,Activation,0.010564598571827451,0.25,0,0.2666756140115434,0.2642598308951829,0.202388941081733,0.201181049523553,0.1108576030063096,0.0962286941350171,325
Kang_IFN_beta,stim,trrust_dorothea_intersection,6,225,STAT1,CD40,SERPINA1,Activation,0.023115262736920862,0.25,0,0.3061334049120961,0.3372701650785185,0.195410012078915,0.1936652798282105,0.6730640182525867,0.4341699100792089,252
Kang_IFN_beta,stim,trrust_dorothea_intersection,6,231,STAT1,FCGRT,CREG1,Repression,0.018740200779951623,0.25,0,0.2855992484230337,0.3117702321836039,0.1912494967118504,0.1899073949805392,0.6730640182525867,0.4341699100792089,259
Kang_IFN_beta,stim,trrust_dorothea_intersection,6,208,SPI1,CD40,SERPINA1,Activation,0.023115262736920862,0.25,0,0.3061334049120961,0.3372701650785185,0.195410012078915,0.1936652798282105,0.7403033149912851,0.3172728492819825,233
Kang_IFN_beta,stim,trrust_dorothea_intersection,6,169,RELA,CD40,VIMP,Activation,0.029653297717370946,0.25,0,0.3061334049120961,0.2536572272178227,0.195410012078915,0.1958126425983083,0.0654945644879882,0.0603945779090054,189
Kang_IFN_beta,stim,trrust_dorothea_intersection,6,125,NFKB1,CD40,HAVCR2,Activation,0.02592026579796835,0.25,0,0.3061334049120961,0.3132465440880465,0.195410012078915,0.1983626358877995,0.1209233659911441,0.095155012749968,136
Kang_IFN_beta,stim,trrust_dorothea_intersection,6,54,IRF1,CD40,HAVCR2,Activation,0.02592026579796835,0.25,0,0.3061334049120961,0.3132465440880465,0.195410012078915,0.1983626358877995,0.5240907260770497,0.3422359414843753,54
Kang_IFN_beta,stim,trrust_dorothea_intersection,6,248,STAT1,STAT3,MRPL51,Activation,0.006401504206305864,0.25,0,0.2312441283049252,0.2198362635887794,0.1872231915179169,0.1872231915179169,0.6730640182525867,0.4341699100792089,277
Kang_IFN_beta,stim,trrust_dorothea_intersection,6,199,RELB,CD40,VIMP,Activation,0.029653297717370946,0.25,0,0.3061334049120961,0.2536572272178227,0.195410012078915,0.1958126425983083,0.1350154341699122,0.1156891692390309,224
Kang_IFN_beta,stim,trrust_dorothea_intersection,6,31,HBP1,NCF1,CD40,Repression,0.031827664814149025,0.25,0,0.3548516977586948,0.3061334049120961,0.1935310696550793,0.195410012078915,0.2289625553616961,0.1869547711716546,31
Kang_IFN_beta,stim,trrust_dorothea_intersection,6,29,CREM,DUSP1,GMPR,Repression,0.029840489732250744,0.25,0,0.3310964971144854,0.2813045228828371,0.1912494967118504,0.1900416051536703,1.111394443698838,0.5016776271641737,29
Kang_IFN_beta,stim,trrust_dorothea_intersection,6,221,SPI1,STAT3,MTCH1,Activation,0.0067354367855526065,0.25,0,0.2312441283049252,0.2372835860958257,0.1872231915179169,0.1878942423835725,0.7403033149912851,0.3172728492819825,246
Kang_IFN_beta,stim,trrust_dorothea_intersection,6,195,RELA,STAT3,RAB2A,Activation,0.007636912848854406,0.25,0,0.2312441283049252,0.2257415112065493,0.1872231915179169,0.1864179304791302,0.0654945644879882,0.0603945779090054,219
Kang_IFN_beta,stim,trrust_dorothea_intersection,6,211,SPI1,CYBB,AES,Activation,0.022626030730256975,0.25,0,0.2737887531874944,0.2343309622869415,0.1811837337270166,0.1806468930344922,0.7403033149912851,0.3172728492819825,236
Kang_IFN_beta,stim,trrust_dorothea_intersection,6,233,STAT1,HMOX1,CTSZ,Activation,0.0693636554266046,0.25,0,0.3822305730774444,0.269091397127904,0.1766205878405587,0.1733995436854119,0.6730640182525867,0.4341699100792089,261
Kang_IFN_beta,stim,trrust_dorothea_intersection,6,55,IRF1,CYBB,FLOT1,Activation,0.01677594992671123,0.25,0,0.2737887531874944,0.2450677761374314,0.1811837337270166,0.1806468930344922,0.5240907260770497,0.3422359414843753,56
Kang_IFN_beta,stim,trrust_dorothea_intersection,6,69,IRF8,CYBB,TGIF1,Activation,0.024989340820572744,0.25,0,0.2737887531874944,0.2300362367467457,0.1811837337270166,0.1817205744195411,0.3143202254730948,0.1598443161991692,73
Kang_IFN_beta,stim,trrust_dorothea_intersection,6,138,NFKB1,HMOX1,HLA-DMA,Activation,0.047502837185578316,0.25,0,0.3822305730774444,0.3324385988457969,0.1766205878405587,0.1810495235538855,0.1209233659911441,0.095155012749968,151
Kang_IFN_beta,stim,trrust_dorothea_intersection,6,263,STAT3,HMOX1,HLA-DMA,Activation,0.047502837185578316,0.25,0,0.3822305730774444,0.3324385988457969,0.1766205878405587,0.1810495235538855,0.2312441283049252,0.1872231915179169,294
Kang_IFN_beta,stim,trrust_dorothea_intersection,6,22,CREB1,HMOX1,LILRB2,Activation,0.06703509314148104,0.25,0,0.3822305730774444,0.2983492148704906,0.1766205878405587,0.1821232049389345,0.0616024694671855,0.0559656421956783,22
Kang_IFN_beta,stim,trrust_dorothea_intersection,6,283,YY1,APH1A,SNF8,Activation,0.00932073303125297,0.25,0,0.203596832639914,0.2029257817742585,0.1750100657629853,0.1739363843779364,0.1108576030063096,0.0962286941350171,316
Kang_IFN_beta,stim,trrust_dorothea_intersection,6,116,NFE2L2,HMOX1,RGS1,Activation,0.01826260058001645,0.25,0,0.3822305730774444,0.3497517111797127,0.1766205878405587,0.1764863776674276,0.4290699235002145,0.3050597235270484,123
Kang_IFN_beta,stim,trrust_dorothea_intersection,6,11,BACH1,HMOX1,HLA-DMA,Repression,0.047502837185578316,0.25,0,0.3822305730774444,0.3324385988457969,0.1766205878405587,0.1810495235538855,0.0675077170849551,0.0583814253120386,11
Kang_IFN_beta,stim,trrust_dorothea_intersection,6,25,CREB1,PPP2CA,TMEM230,Activation,0.004563323313092644,0.25,0,0.2022547309086025,0.1970205341564889,0.1731311233391497,0.173533753858543,0.0616024694671855,0.0559656421956783,25
Kang_IFN_beta,stim,trrust_dorothea_intersection,6,60,IRF1,IL27,SLC16A3,Activation,0.03144892218112118,0.25,0,0.3027781505838178,0.2470809287343981,0.1681653469332984,0.1685679774526917,0.5240907260770497,0.3422359414843753,61
Kang_IFN_beta,stim,trrust_dorothea_intersection,6,72,IRF9,IL27,ANKRD22,Repression,0.02100332769079251,0.25,0,0.3027781505838178,0.300228157294326,0.1681653469332984,0.1657495638169383,0.1795732116494438,0.1536706482351378,76
Kang_IFN_beta,stim,trrust_dorothea_intersection,6,239,STAT1,IRF8,ANKRD22,Activation,0.051828987562126824,0.25,0,0.3143202254730948,0.300228157294326,0.1598443161991692,0.1657495638169383,0.6730640182525867,0.4341699100792089,267
Kang_IFN_beta,stim,trrust_dorothea_intersection,6,218,SPI1,NCF2,VASP,Activation,0.01191968850073822,0.25,0,0.2316467588243196,0.2270836129378606,0.1605153670648247,0.1618574687961359,0.7403033149912851,0.3172728492819825,243
Kang_IFN_beta,stim,trrust_dorothea_intersection,6,101,MYC,DDX18,NDUFA2,Activation,0.005573074250195462,0.25,0,0.1878942423835732,0.1779626895718702,0.1590390551603825,0.1590390551603825,0.3137833847805695,0.1462890887129264,108
Kang_IFN_beta,stim,trrust_dorothea_intersection,6,70,IRF8,NCF2,SMCO4,Activation,0.010530182510583555,0.25,0,0.2316467588243196,0.2297678164004844,0.1605153670648247,0.1617232586230048,0.3143202254730948,0.1598443161991692,74
Kang_IFN_beta,stim,trrust_dorothea_intersection,6,15,CEBPB,TNFAIP6,S100A8,Activation,0.005890443313699945,0.25,0,0.5342906992350067,0.5326801771574332,0.1623943094886604,0.1617232586230048,0.5074486646087883,0.2915044960408028,15
Kang_IFN_beta,stim,trrust_dorothea_intersection,6,247,STAT1,STAT2,VCP,Activation,0.0008284299561100751,0.25,0,0.1823916252851973,0.1809153133807551,0.1539390685814,0.1539390685814,0.6730640182525867,0.4341699100792089,276
Kang_IFN_beta,stim,trrust_dorothea_intersection,6,246,STAT1,SOCS3,SNRPD1,Activation,0.011536835509746697,0.25,0,0.2076231378338481,0.1880284525567045,0.1531338075426133,0.15273117702322,0.6730640182525867,0.4341699100792089,275
Kang_IFN_beta,stim,trrust_dorothea_intersection,6,9,ATF4,DDIT4,PTGER2,Activation,0.029155767605017674,0.25,0,0.2854650382499018,0.2423835726748096,0.1587706348141202,0.1568916923902846,0.1366259562474854,0.1138102268151951,9
Kang_IFN_beta,stim,trrust_dorothea_intersection,6,242,STAT1,PIM1,LPXN,Activation,0.0055054954516627185,0.25,0,0.1980942155415387,0.1928600187894248,0.1505838142531221,0.1500469735605977,0.6730640182525867,0.4341699100792089,270
Kang_IFN_beta,stim,trrust_dorothea_intersection,6,192,RELA,RIPK2,POLD4,Activation,0.011107008857590124,0.25,0,0.2076231378338486,0.1888337135954911,0.1534022278888756,0.1529995973694822,0.0654945644879882,0.0603945779090054,214
Kang_IFN_beta,stim,trrust_dorothea_intersection,6,148,NFKB1,RIPK2,PHB,Activation,0.012072464383662801,0.25,0,0.2076231378338486,0.1939337001744737,0.1534022278888756,0.1523285465038266,0.1209233659911441,0.095155012749968,161
Kang_IFN_beta,stim,trrust_dorothea_intersection,6,193,RELA,SOCS3,SERPINB9,Activation,0.011797289013083667,0.25,0,0.2076231378338481,0.2172862702992894,0.1531338075426133,0.1519259159844333,0.0654945644879882,0.0603945779090054,216
Kang_IFN_beta,stim,trrust_dorothea_intersection,6,150,NFKB1,SOCS3,ZEB2,Activation,0.006991335736596985,0.25,0,0.2076231378338481,0.208159978526373,0.1531338075426133,0.1523285465038266,0.1209233659911441,0.095155012749968,163
Kang_IFN_beta,stim,trrust_dorothea_intersection,6,274,STAT3,SOCS3,RIPK2,Activation,0.002328280850568909,0.25,0,0.2076231378338481,0.2076231378338486,0.1531338075426133,0.1534022278888756,0.2312441283049252,0.1872231915179169,306
Kang_IFN_beta,stim,trrust_dorothea_intersection,6,170,RELA,CD58,CMTM7,Activation,0.00667041226001558,0.25,0,0.1947389612132609,0.1835995168433775,0.1511206549456466,0.1508522345993844,0.0654945644879882,0.0603945779090054,190
Kang_IFN_beta,stim,trrust_dorothea_intersection,6,126,NFKB1,CD58,NANS,Activation,0.0073228649090207485,0.25,0,0.1947389612132609,0.1868205609985245,0.1511206549456466,0.1517917058113022,0.1209233659911441,0.095155012749968,137
Kang_IFN_beta,stim,trrust_dorothea_intersection,6,272,STAT3,PIM1,CD58,Activation,0.005022796554165549,0.25,0,0.1980942155415387,0.1947389612132609,0.1505838142531221,0.1511206549456466,0.2312441283049252,0.1872231915179169,303
Kang_IFN_beta,stim,trrust_dorothea_intersection,6,62,IRF1,PSMB10,EIF3L,Activation,0.006834080738123776,0.25,0,0.1680311367601677,0.178499530264395,0.1487048718292865,0.1491075023486799,0.5240907260770497,0.3422359414843753,63
Kang_IFN_beta,stim,trrust_dorothea_intersection,6,187,RELA,MYC,CLEC4E,Activation,0.02994296255744231,0.25,0,0.3137833847805695,0.2802308414977878,0.1462890887129264,0.1436048852503041,0.0654945644879882,0.0603945779090054,209
Kang_IFN_beta,stim,trrust_dorothea_intersection,6,145,NFKB1,MYC,HN1,Activation,0.058006182590400454,0.25,0,0.3137833847805695,0.2166152194336335,0.1462890887129264,0.1485706616561554,0.1209233659911441,0.095155012749968,158
Kang_IFN_beta,stim,trrust_dorothea_intersection,6,270,STAT3,MYC,HN1,Activation,0.058006182590400454,0.25,0,0.3137833847805695,0.2166152194336335,0.1462890887129264,0.1485706616561554,0.2312441283049252,0.1872231915179169,301
Kang_IFN_beta,stim,trrust_dorothea_intersection,6,291,YY1,MYC,PDE4DIP,Repression,0.054839358422201216,0.25,0,0.3137833847805695,0.2160783787411093,0.1462890887129264,0.1464232988860575,0.1108576030063096,0.0962286941350171,324
Kang_IFN_beta,stim,trrust_dorothea_intersection,6,82,JUN,MYC,SYNGR2,Activation,0.055639889495007915,0.25,0,0.3137833847805695,0.2237283586095833,0.1462890887129264,0.1436048852503041,0.2003757884847679,0.1441417259428286,87
Kang_IFN_beta,stim,trrust_dorothea_intersection,6,181,RELA,HIF1A,DTX3L,Activation,0.003512663249153227,0.25,0,0.1725942826466258,0.1732653335122813,0.1448127768084841,0.1452154073278775,0.0654945644879882,0.0603945779090054,203
Kang_IFN_beta,stim,trrust_dorothea_intersection,6,136,NFKB1,HIF1A,MRP63,Activation,0.0026088099550809402,0.25,0,0.1725942826466258,0.168433767279561,0.1448127768084841,0.1449469869816153,0.1209233659911441,0.095155012749968,149
Kang_IFN_beta,stim,trrust_dorothea_intersection,6,95,LEF1,MYC,SGTB,Activation,0.054324435094498635,0.25,0,0.3137833847805695,0.2197020534156502,0.1462890887129264,0.1477654006173687,0.140920681787681,0.1103207623137857,102
Kang_IFN_beta,stim,trrust_dorothea_intersection,6,262,STAT3,HIF1A,CBWD2,Activation,0.0003012472567673879,0.25,0,0.1725942826466258,0.1720574419541012,0.1448127768084841,0.1448127768084841,0.2312441283049252,0.1872231915179169,293
Kang_IFN_beta,stim,trrust_dorothea_intersection,6,168,RELA,CCR5,JUN,Activation,0.016927651917379796,0.25,0,0.2201046839350429,0.2003757884847679,0.1426654140383863,0.1441417259428286,0.0654945644879882,0.0603945779090054,188
Kang_IFN_beta,stim,trrust_dorothea_intersection,6,23,CREB1,JUN,VRK2,Repression,0.014288173857990178,0.25,0,0.2003757884847679,0.1856126694403443,0.1441417259428286,0.1427996242115174,0.0616024694671855,0.0559656421956783,23
Kang_IFN_beta,stim,trrust_dorothea_intersection,6,96,MEF2A,JUN,CD59,Activation,0.011728335464667995,0.25,0,0.2003757884847679,0.1853442490940818,0.1441417259428286,0.1432022547309107,0.0814655750905926,0.0738155952221183,103
Kang_IFN_beta,stim,trrust_dorothea_intersection,6,16,CEBPB,TOP1,ADPRHL2,Activation,0.005822650661163796,0.25,0,0.1678969265870369,0.1681653469332985,0.1430680445577796,0.142396993692124,0.5074486646087883,0.2915044960408028,16
Kang_IFN_beta,stim,trrust_dorothea_intersection,6,244,STAT1,PML,BTG3,Activation,0.004717070469283025,0.25,0,0.1617232586230053,0.1603811568916938,0.1350154341699126,0.1355522748624371,0.6730640182525867,0.4341699100792089,272
Kang_IFN_beta,stim,trrust_dorothea_intersection,6,254,STAT2,PML,BTG3,Activation,0.004717070469283025,0.25,0,0.1617232586230053,0.1603811568916938,0.1350154341699126,0.1355522748624371,0.1823916252851973,0.1539390685814,284
Kang_IFN_beta,stim,trrust_dorothea_intersection,6,73,IRF9,PML,CCSER2,Activation,0.0034997218735555043,0.25,0,0.1617232586230053,0.1613206281036113,0.1350154341699126,0.135418064689306,0.1795732116494438,0.1536706482351378,77
Kang_IFN_beta,stim,trrust_dorothea_intersection,6,227,STAT1,CDKN1A,FKBP4,Activation,0.0024712725287396086,0.25,0,0.1634679908737094,0.1649443027781519,0.1242786203194233,0.1245470406656855,0.6730640182525867,0.4341699100792089,254
Kang_IFN_beta,stim,trrust_dorothea_intersection,6,98,MYC,CDKN1A,FKBP4,Repression,0.0024712725287396086,0.25,0,0.1634679908737094,0.1649443027781519,0.1242786203194233,0.1245470406656855,0.3137833847805695,0.1462890887129264,105
Kang_IFN_beta,stim,trrust_dorothea_intersection,6,222,SPI1,WAS,NCOA7,Activation,0.0011641404252840104,0.25,0,0.1505838142531219,0.1505838142531216,0.122936518588112,0.1230707287612431,0.7403033149912851,0.3172728492819825,247
Kang_IFN_beta,stim,trrust_dorothea_intersection,6,174,RELA,CDKN1A,GRINA,Activation,0.008661105551733059,0.25,0,0.1634679908737094,0.1543416991007935,0.1242786203194233,0.1234733592806365,0.0654945644879882,0.0603945779090054,195
Kang_IFN_beta,stim,trrust_dorothea_intersection,6,258,STAT3,CDKN1A,ITM2A,Activation,0.009910590444248826,0.25,0,0.1634679908737094,0.1695074486646098,0.1242786203194233,0.1253523017044723,0.2312441283049252,0.1872231915179169,289
Kang_IFN_beta,stim,trrust_dorothea_intersection,6,201,RUNX3,CASP8,SUMO3,Activation,0.001054365398685462,0.25,0,0.1440075157696971,0.1458864581935325,0.1245470406656855,0.1245470406656855,0.0746208562609051,0.0675077170849552,226
Kang_IFN_beta,stim,trrust_dorothea_intersection,6,76,JUN,CDKN1A,ITM2A,Activation,0.009910590444248826,0.25,0,0.1634679908737094,0.1695074486646098,0.1242786203194233,0.1253523017044723,0.2003757884847679,0.1441417259428286,81
Kang_IFN_beta,stim,trrust_dorothea_intersection,6,13,CEBPB,CDKN1A,ITM2A,Activation,0.009910590444248826,0.25,0,0.1634679908737094,0.1695074486646098,0.1242786203194233,0.1253523017044723,0.5074486646087883,0.2915044960408028,13
Kang_IFN_beta,stim,trrust_dorothea_intersection,6,28,CREM,CD247,NCOA7,Repression,0.0035834003931228507,0.25,0,0.1566232720440224,0.1505838142531216,0.122936518588112,0.1230707287612431,1.111394443698838,0.5016776271641737,28
Kang_IFN_beta,stim,trrust_dorothea_intersection,6,271,STAT3,MYD88,RASSF5,Activation,0.002471272528740388,0.25,0,0.1409206817876812,0.139444369883239,0.1201181049523582,0.1203865252986205,0.2312441283049252,0.1872231915179169,302
Kang_IFN_beta,stim,trrust_dorothea_intersection,6,87,JUN,RELB,GOLGA7,Activation,0.003573742352999518,0.25,0,0.1350154341699122,0.1301838679371919,0.1156891692390309,0.1159575895852932,0.2003757884847679,0.1441417259428286,92
Kang_IFN_beta,stim,trrust_dorothea_intersection,6,107,MYC,ID2,CEBPD,Activation,0.029428946750230098,0.25,0,0.2201046839350426,0.1680311367601677,0.1134075962958017,0.1130049657764083,0.3137833847805695,0.1462890887129264,114
Kang_IFN_beta,stim,trrust_dorothea_intersection,6,118,NFKB1,ATF3,CDK2AP2,Activation,0.008097136848711987,0.25,0,0.1528653871963508,0.1398470004026322,0.1140786471614574,0.113676016642064,0.1209233659911441,0.095155012749968,125
Kang_IFN_beta,stim,trrust_dorothea_intersection,6,74,JUN,ATF3,UBQLN2,Activation,0.008585546817868474,0.25,0,0.1528653871963508,0.1375654274594033,0.1140786471614574,0.1140786471614574,0.2003757884847679,0.1441417259428286,78
Kang_IFN_beta,stim,trrust_dorothea_intersection,6,6,ATF4,ATF3,UBQLN2,Activation,0.008585546817868474,0.25,0,0.1528653871963508,0.1375654274594033,0.1140786471614574,0.1140786471614574,0.1366259562474854,0.1138102268151951,6
Kang_IFN_beta,stim,trrust_dorothea_intersection,6,94,KLF6,ATF3,TXNRD1,Activation,0.001656859912220348,0.25,0,0.1528653871963508,0.1558180110052356,0.1140786471614574,0.1140786471614574,0.9133002281572968,0.4415514696014219,100
Kang_IFN_beta,stim,trrust_dorothea_intersection,6,203,RUNX3,ICAM3,ARPC1A,Repression,0.003244314124788721,0.25,0,0.1297812374177985,0.1257549322238651,0.1124681250838838,0.1121997047376215,0.0746208562609051,0.0675077170849552,228
Kang_IFN_beta,stim,trrust_dorothea_intersection,6,50,HSF1,STIP1,ICAM3,Activation,0.004751662501024255,0.25,0,0.1371627969400098,0.1297812374177985,0.1121997047376215,0.1124681250838838,0.0640182525835458,0.0601261575627432,50
Kang_IFN_beta,stim,trrust_dorothea_intersection,6,213,SPI1,HCK,CBWD1,Activation,0.005952225067464056,0.25,0,0.1415917326533368,0.1330022815729452,0.1101865521406546,0.110589182660048,0.7403033149912851,0.3172728492819825,238
Kang_IFN_beta,stim,trrust_dorothea_intersection,6,259,STAT3,COPS5,CTD-2521M24.9,Activation,0.0011296772128774994,0.25,0,0.1221312575493246,0.1241444101462915,0.1092470809287367,0.1092470809287367,0.2312441283049252,0.1872231915179169,290
Kang_IFN_beta,stim,trrust_dorothea_intersection,6,79,JUN,DDIT3,DNAJA2,Activation,0.004049892689197634,0.25,0,0.1288417662058806,0.1229365185881113,0.1072339283317697,0.107502348678032,0.2003757884847679,0.1441417259428286,84
Kang_IFN_beta,stim,trrust_dorothea_intersection,6,8,ATF4,DDIT3,YIPF5,Activation,0.0025257548654674376,0.25,0,0.1288417662058806,0.127097033955176,0.1072339283317697,0.1069655079855075,0.1366259562474854,0.1138102268151951,8
Kang_IFN_beta,stim,trrust_dorothea_intersection,6,5,ATF3,DDIT3,YIPF5,Activation,0.0025257548654674376,0.25,0,0.1288417662058806,0.127097033955176,0.1072339283317697,0.1069655079855075,0.1528653871963508,0.1140786471614574,5
Kang_IFN_beta,stim,trrust_dorothea_intersection,6,219,SPI1,P2RY10,PLIN3,Activation,0.0015706397816578055,0.25,0,0.1205207354717508,0.1223996778955865,0.1014628908871311,0.101328680714,0.7403033149912851,0.3172728492819825,244
Kang_IFN_beta,stim,trrust_dorothea_intersection,6,119,NFKB1,BCL2A1,GPR137B,Activation,0.008360206417846558,0.25,0,0.1595758958529066,0.1513890752919082,0.1010602603677377,0.100254999328951,0.1209233659911441,0.095155012749968,127
Kang_IFN_beta,stim,trrust_dorothea_intersection,6,164,RELA,BCL2A1,REL,Activation,0.01575705326709066,0.25,0,0.1595758958529066,0.1406522614414189,0.1010602603677377,0.0997181586364264,0.0654945644879882,0.0603945779090054,181
Kang_IFN_beta,stim,trrust_dorothea_intersection,6,120,NFKB1,BIRC2,CCDC59,Activation,0.0026570777111819895,0.25,0,0.1128707556032767,0.1151523285465058,0.100254999328951,0.0999865789826887,0.1209233659911441,0.095155012749968,128
Kang_IFN_beta,stim,trrust_dorothea_intersection,6,165,RELA,BIRC2,ABHD3,Activation,0.002447055098441415,0.25,0,0.1128707556032767,0.1142128573345881,0.100254999328951,0.1005234196752132,0.0654945644879882,0.0603945779090054,182
Kang_IFN_beta,stim,trrust_dorothea_intersection,6,114,MYC,PRDX3,CDC123,Activation,0.00022593544257551446,0.25,0,0.1089786605824741,0.1085760300630807,0.0983760569051151,0.0983760569051151,0.3137833847805695,0.1462890887129264,121
Kang_IFN_beta,stim,trrust_dorothea_intersection,6,12,CEBPB,ADM,SERTAD1,Activation,0.013561656352247918,0.25,0,0.1440075157696967,0.1206549456448818,0.0994497382901642,0.0998523688095576,0.5074486646087883,0.2915044960408028,12
Kang_IFN_beta,stim,trrust_dorothea_intersection,6,153,NFKB1,TNFAIP3,SNX1,Activation,0.002471272528740323,0.25,0,0.1112602335257031,0.1097839216212607,0.097168165346935,0.0968997450006727,0.1209233659911441,0.095155012749968,168
Kang_IFN_beta,stim,trrust_dorothea_intersection,6,196,RELA,TNFAIP3,SNX1,Activation,0.002471272528740323,0.25,0,0.1112602335257031,0.1097839216212607,0.097168165346935,0.0968997450006727,0.0654945644879882,0.0603945779090054,221
Kang_IFN_beta,stim,trrust_dorothea_intersection,6,152,NFKB1,TLR2,CXORF21,Activation,0.0036705826476631184,0.25,0,0.1214602066836685,0.1234733592806354,0.0963629043081482,0.0959602737887548,0.1209233659911441,0.095155012749968,167
Kang_IFN_beta,stim,trrust_dorothea_intersection,6,162,REL,TNFAIP3,SNX1,Activation,0.002471272528740323,0.25,0,0.1112602335257031,0.1097839216212607,0.097168165346935,0.0968997450006727,0.1406522614414189,0.0997181586364264,179
Kang_IFN_beta,stim,trrust_dorothea_intersection,6,46,HIF1A,TLR2,ORAI2,Activation,0.005150331794750754,0.25,0,0.1214602066836685,0.11327338612267,0.0963629043081482,0.0960944839618859,0.1725942826466258,0.1448127768084841,46
Kang_IFN_beta,stim,trrust_dorothea_intersection,6,206,SPI1,ACP5,PYCARD,Activation,0.01653432034147093,0.25,0,0.1437390954234346,0.1143470675077188,0.094081331364919,0.0939471211917878,0.7403033149912851,0.3172728492819825,231
Kang_IFN_beta,stim,trrust_dorothea_intersection,6,188,RELA,NFKB1,SRRM2,Activation,0.007624903157328506,0.25,0,0.1209233659911441,0.1088444504093428,0.095155012749968,0.0947523822305746,0.0654945644879882,0.0603945779090054,210
Kang_IFN_beta,stim,trrust_dorothea_intersection,6,257,STAT3,CCND3,CD6,Activation,0.00045187088515085544,0.25,0,0.1116628640450966,0.1124681250838831,0.0959602737887548,0.0959602737887548,0.2312441283049252,0.1872231915179169,288
Kang_IFN_beta,stim,trrust_dorothea_intersection,6,157,RBPJ,NFKB1,TIMM13,Activation,0.00623225253668474,0.25,0,0.1209233659911441,0.1135418064689322,0.095155012749968,0.0946181720574435,0.0860287209770509,0.0773050597235277,173
Kang_IFN_beta,stim,trrust_dorothea_intersection,6,52,IRF1,CASP7,FUNDC2,Activation,0.0012779454324293006,0.25,0,0.1029392027915732,0.1019997315796554,0.0911287075560341,0.090994497382903,0.5240907260770497,0.3422359414843753,52
Kang_IFN_beta,stim,trrust_dorothea_intersection,6,36,HIF1A,FAM162A,DNAJC2,Activation,0.0021087307973713665,0.25,0,0.0959602737887544,0.099718158636426,0.0861629311501823,0.0861629311501823,0.1725942826466258,0.1448127768084841,36
Kang_IFN_beta,stim,trrust_dorothea_intersection,6,93,JUND,TGFB1,CTNNA1,Activation,0.0003765590709590913,0.25,0,0.098778687424508,0.0981076365588525,0.0846866192457399,0.0846866192457399,0.0667024560461684,0.0613340491209233,99
Kang_IFN_beta,stim,trrust_dorothea_intersection,6,215,SPI1,ITGB2,B3GNT2,Activation,0.0032384080102487584,0.25,0,0.1017313112333927,0.0959602737887544,0.0830760971681663,0.0830760971681663,0.7403033149912851,0.3172728492819825,240
Kang_IFN_beta,stim,trrust_dorothea_intersection,6,286,YY1,DNAJB4,ITGB2,Activation,0.009525606082318196,0.25,0,0.1132733861226697,0.1017313112333927,0.0838813582069531,0.0830760971681663,0.1108576030063096,0.0962286941350171,319
Kang_IFN_beta,stim,trrust_dorothea_intersection,6,217,SPI1,MSR1,NFKBIE,Activation,0.004661696982529032,0.25,0,0.1034760434840974,0.0979734263857212,0.0821366259562484,0.0825392564756418,0.7403033149912851,0.3172728492819825,242
Kang_IFN_beta,stim,trrust_dorothea_intersection,6,38,HIF1A,ITGB2,B3GNT2,Activation,0.0032384080102487584,0.25,0,0.1017313112333927,0.0959602737887544,0.0830760971681663,0.0830760971681663,0.1725942826466258,0.1448127768084841,38
Kang_IFN_beta,stim,trrust_dorothea_intersection,6,288,YY1,FDPS,TWF2,Repression,0.001202486107816793,0.25,0,0.0942155415380498,0.0936787008455252,0.0829418869950352,0.082807676821904,0.1108576030063096,0.0962286941350171,321
Kang_IFN_beta,stim,trrust_dorothea_intersection,6,212,SPI1,ERAP2,RNF115,Activation,0.0023331479157038745,0.25,0,0.0893839753053292,0.0896523956515914,0.0802576835324126,0.0799892631861503,0.7403033149912851,0.3172728492819825,237
Kang_IFN_beta,stim,trrust_dorothea_intersection,6,91,JUND,NQO2,DTNBP1,Activation,0.004427252546590139,0.25,0,0.0982418467319835,0.0915313380754272,0.0805261038786748,0.0807945242249371,0.0667024560461684,0.0613340491209233,97
Kang_IFN_beta,stim,trrust_dorothea_intersection,6,57,IRF1,ERAP2,ECHS1,Activation,0.000979053584493808,0.25,0,0.0893839753053292,0.0876392430546246,0.0802576835324126,0.0802576835324126,0.5240907260770497,0.3422359414843753,58
Kang_IFN_beta,stim,trrust_dorothea_intersection,6,42,HIF1A,PFKFB3,DNASE2,Activation,0.0026570777111812115,0.25,0,0.0927392296336073,0.0950208025768364,0.0789155818011013,0.0791840021473635,0.1725942826466258,0.1448127768084841,42
Kang_IFN_beta,stim,trrust_dorothea_intersection,6,230,STAT1,FAS,LAMTOR3,Activation,0.002676418717467554,0.25,0,0.0876392430546245,0.0833445175144283,0.0750234867802985,0.0751576969534296,0.6730640182525867,0.4341699100792089,258
Kang_IFN_beta,stim,trrust_dorothea_intersection,6,197,RELA,TRAF1,C19ORF24,Activation,0.0012049890270693156,0.25,0,0.0895181854784602,0.0873708227083622,0.0764997986847409,0.0764997986847409,0.0654945644879882,0.0603945779090054,222
Kang_IFN_beta,stim,trrust_dorothea_intersection,6,154,NFKB1,TRAF1,MESDC1,Activation,0.0024087275698100046,0.25,0,0.0895181854784602,0.0857603006307887,0.0764997986847409,0.0763655885116098,0.1209233659911441,0.095155012749968,170
Kang_IFN_beta,stim,trrust_dorothea_intersection,6,134,NFKB1,FAS,TMEM126A,Activation,0.0026088099550807707,0.25,0,0.0876392430546245,0.0834787276875594,0.0750234867802985,0.0748892766071674,0.1209233659911441,0.095155012749968,147
Kang_IFN_beta,stim,trrust_dorothea_intersection,6,115,MYC,SRSF1,CLK3,Activation,0.0007531181419183561,0.25,0,0.0825392564756416,0.0811971547443303,0.0739498053952495,0.0739498053952495,0.3137833847805695,0.1462890887129264,122
Kang_IFN_beta,stim,trrust_dorothea_intersection,6,287,YY1,FAS,APMAP,Repression,0.0006024945135345919,0.25,0,0.0876392430546245,0.0887129244396734,0.0750234867802985,0.0750234867802985,0.1108576030063096,0.0962286941350171,320
Kang_IFN_beta,stim,trrust_dorothea_intersection,6,261,STAT3,FAS,FEZ2,Repression,0.0015211077710309887,0.25,0,0.0876392430546245,0.0858945108039198,0.0750234867802985,0.0748892766071674,0.2312441283049252,0.1872231915179169,292
Kang_IFN_beta,stim,trrust_dorothea_intersection,6,81,JUN,FAS,FEZ2,Activation,0.0015211077710309887,0.25,0,0.0876392430546245,0.0858945108039198,0.0750234867802985,0.0748892766071674,0.2003757884847679,0.1441417259428286,86
Kang_IFN_beta,stim,trrust_dorothea_intersection,6,133,NFKB1,CXCL2,P2RY6,Activation,0.02398825402790588,0.25,0,0.1555495906589729,0.1140786471614559,0.0720708629714136,0.071399812105758,0.1209233659911441,0.095155012749968,146
Kang_IFN_beta,stim,trrust_dorothea_intersection,6,177,RELA,CXCL2,P2RY6,Activation,0.02398825402790588,0.25,0,0.1555495906589729,0.1140786471614559,0.0720708629714136,0.071399812105758,0.0654945644879882,0.0603945779090054,199
Kang_IFN_beta,stim,trrust_dorothea_intersection,6,48,HSF1,HSPA1B,PASK,Activation,0.014360077692569794,0.25,0,0.1213259965105369,0.1002549993289502,0.071399812105758,0.0723392833176759,0.0640182525835458,0.0601261575627432,48
Kang_IFN_beta,stim,trrust_dorothea_intersection,6,281,YBX1,KPNA2,ST3GAL5,Repression,0.0032999447447906436,0.25,0,0.0873708227083621,0.0818682056099858,0.0709971815863646,0.0711313917594957,1.614548382767453,0.6789692658703417,314
Kang_IFN_beta,stim,trrust_dorothea_intersection,6,84,JUN,PDHA1,LBR,Activation,0.001223527549220745,0.25,0,0.0779761105891832,0.0773050597235276,0.0687156086431354,0.0688498188162665,0.2003757884847679,0.1441417259428286,89
Kang_IFN_beta,stim,trrust_dorothea_intersection,6,266,STAT3,IFNAR1,TMEM30A,Activation,0.0013865099586613055,0.25,0,0.0720708629714136,0.0734129647027248,0.0673735069118241,0.0675077170849552,0.2312441283049252,0.1872231915179169,297
Kang_IFN_beta,stim,trrust_dorothea_intersection,6,40,HIF1A,MIF,TMEM30A,Activation,0.0015706397816577864,0.25,0,0.0715340222788891,0.0734129647027248,0.0673735069118241,0.0675077170849552,0.1725942826466258,0.1448127768084841,40
Kang_IFN_beta,stim,trrust_dorothea_intersection,6,205,SATB1,CD8B,RASGEF1B,Activation,0.017104364294250093,0.25,0,0.1081733995436863,0.0779761105891832,0.0673735069118241,0.0676419272580863,0.0974365856931968,0.0834787276875597,230
Kang_IFN_beta,stim,trrust_dorothea_intersection,6,30,HBP1,MIF,ZBTB8OS,Repression,0.0008284299561101757,0.25,0,0.0715340222788891,0.0730103341833315,0.0673735069118241,0.0673735069118241,0.2289625553616961,0.1869547711716546,30
Kang_IFN_beta,stim,trrust_dorothea_intersection,6,102,MYC,HDAC2,MRPL15,Activation,0.0012024861078159593,0.25,0,0.0697892900281843,0.0703261307207089,0.0657629848342505,0.0656287746611194,0.3137833847805695,0.1462890887129264,109
Kang_IFN_beta,stim,trrust_dorothea_intersection,6,83,JUN,NFKB2,KDM5A,Activation,0.0016221570623941933,0.25,0,0.0731445443564625,0.0751576969534295,0.0667024560461684,0.0665682458730373,0.2003757884847679,0.1441417259428286,88
Kang_IFN_beta,stim,trrust_dorothea_intersection,6,44,HIF1A,RORA,CSRNP1,Activation,0.002184042611563193,0.25,0,0.0785129512817076,0.0746208562609049,0.0661656153536439,0.0661656153536439,0.1725942826466258,0.1448127768084841,44
Kang_IFN_beta,stim,trrust_dorothea_intersection,6,106,MYC,HSPA4,PNPLA8,Activation,0.0013865099586613588,0.25,0,0.0723392833176758,0.0709971815863645,0.0640182525835458,0.0638840424104147,0.3137833847805695,0.1462890887129264,113
Kang_IFN_beta,stim,trrust_dorothea_intersection,6,49,HSF1,HSPA4,PNPLA8,Activation,0.0013865099586613588,0.25,0,0.0723392833176758,0.0709971815863645,0.0640182525835458,0.0638840424104147,0.0640182525835458,0.0601261575627432,49
Kang_IFN_beta,stim,trrust_dorothea_intersection,6,26,CREB1,PSEN1,RIC8A,Activation,0.0012803008412611977,0.25,0,0.0712656019326268,0.0689840289893976,0.0637498322372836,0.0637498322372836,0.0616024694671855,0.0559656421956783,26
Kang_IFN_beta,stim,trrust_dorothea_intersection,6,198,RELA,XIAP,EMD,Activation,0.0001506236283836948,0.25,0,0.0677761374312174,0.0680445577774797,0.0617366796403166,0.0617366796403166,0.0654945644879882,0.0603945779090054,223
Kang_IFN_beta,stim,trrust_dorothea_intersection,6,155,NFKB1,XIAP,WDR61,Activation,0.0011858624515483757,0.25,0,0.0677761374312174,0.067373506911824,0.0617366796403166,0.0616024694671855,0.1209233659911441,0.095155012749968,171
Kang_IFN_beta,stim,trrust_dorothea_intersection,6,86,JUN,POLD2,GTF2H1,Activation,0.001347087357110366,0.25,0,0.0667024560461684,0.0654945644879883,0.059991947389612,0.0598577372164809,0.2003757884847679,0.1441417259428286,91
Kang_IFN_beta,stim,trrust_dorothea_intersection,6,24,CREB1,POLD2,OXA1L,Activation,0.0011858624515492069,0.25,0,0.0667024560461684,0.066299825526775,0.059991947389612,0.0601261575627432,0.0616024694671855,0.0559656421956783,24
Kang_IFN_beta,stim,trrust_dorothea_intersection,6,108,MYC,IER3,MGLL,Repression,0.00433055277586666,0.25,0,0.0807945242249367,0.0762313783384784,0.0578445846195141,0.0574419541001207,0.3137833847805695,0.1462890887129264,115
Kang_IFN_beta,stim,trrust_dorothea_intersection,6,183,RELA,IER3,MAP3K8,Activation,0.007292205597168526,0.25,0,0.0807945242249367,0.0693866595087909,0.0578445846195141,0.0582472151389074,0.0654945644879882,0.0603945779090054,205
Kang_IFN_beta,stim,trrust_dorothea_intersection,6,140,NFKB1,IER3,TSHZ2,Activation,0.004958548156013065,0.25,0,0.0807945242249367,0.0722050731445446,0.0578445846195141,0.0579787947926452,0.1209233659911441,0.095155012749968,153
Kang_IFN_beta,stim,trrust_dorothea_intersection,6,235,STAT1,ICAM1,PHIP,Activation,0.0021087307973713665,0.25,0,0.066299825526775,0.0625419406791034,0.0560998523688095,0.0560998523688095,0.6730640182525867,0.4341699100792089,263
Kang_IFN_beta,stim,trrust_dorothea_intersection,6,161,REL,IER3,SCIMP,Activation,0.005121203365044721,0.25,0,0.0807945242249367,0.07166823245202,0.0578445846195141,0.0578445846195141,0.1406522614414189,0.0997181586364264,178
Kang_IFN_beta,stim,trrust_dorothea_intersection,6,260,STAT3,ETV6,CCDC115,Activation,0.00045187088515102197,0.25,0,0.0634814118910213,0.0626761508522345,0.0573077439269896,0.0573077439269896,0.2312441283049252,0.1872231915179169,291
Kang_IFN_beta,stim,trrust_dorothea_intersection,6,182,RELA,ICAM1,DPM2,Activation,0.0026764187174679174,0.25,0,0.066299825526775,0.0620050999865789,0.0560998523688095,0.0559656421956783,0.0654945644879882,0.0603945779090054,204
Kang_IFN_beta,stim,trrust_dorothea_intersection,6,139,NFKB1,ICAM1,DPM2,Activation,0.0026764187174679174,0.25,0,0.066299825526775,0.0620050999865789,0.0560998523688095,0.0559656421956783,0.1209233659911441,0.095155012749968,152
Kang_IFN_beta,stim,trrust_dorothea_intersection,6,0,ATF1,CCNA1,IER3,Repression,0.01343313701835261,0.25,0,0.0927392296336067,0.0807945242249367,0.0565024828882028,0.0578445846195141,0.0648235136223326,0.0602603677358743,0
Kang_IFN_beta,stim,trrust_dorothea_intersection,6,265,STAT3,ICAM1,RNF146,Activation,0.0026764187174679174,0.25,0,0.066299825526775,0.0620050999865789,0.0560998523688095,0.0559656421956783,0.2312441283049252,0.1872231915179169,296
Kang_IFN_beta,stim,trrust_dorothea_intersection,6,240,STAT1,JAK2,HEBP1,Activation,0.0003012472567673341,0.25,0,0.0605287880821365,0.061065628774661,0.0546235404643671,0.0546235404643671,0.6730640182525867,0.4341699100792089,268
Kang_IFN_beta,stim,trrust_dorothea_intersection,6,160,REL,ICAM1,RNF146,Activation,0.0026764187174679174,0.25,0,0.066299825526775,0.0620050999865789,0.0560998523688095,0.0559656421956783,0.1406522614414189,0.0997181586364264,177
Kang_IFN_beta,stim,trrust_dorothea_intersection,6,204,RUNX3,TCF4,MAP3K7CL,Activation,0.003869545355156593,0.25,0,0.07046034089384,0.0770366393772652,0.0558314320225472,0.0559656421956783,0.0746208562609051,0.0675077170849552,229
Kang_IFN_beta,stim,trrust_dorothea_intersection,6,89,JUN,STMN1,FPR1,Activation,0.001903672942636613,0.25,0,0.0734129647027247,0.0707287612401021,0.0551603811568916,0.0552945913300227,0.2003757884847679,0.1441417259428286,94
Kang_IFN_beta,stim,trrust_dorothea_intersection,6,128,NFKB1,CD80,FPR1,Activation,0.0031412795633155746,0.25,0,0.0669708763924306,0.0707287612401021,0.0550261709837605,0.0552945913300227,0.1209233659911441,0.095155012749968,140
Kang_IFN_beta,stim,trrust_dorothea_intersection,6,180,RELA,HDAC1,DCP2,Activation,0.0015062362838366497,0.25,0,0.0571735337538584,0.0598577372164809,0.0546235404643671,0.0546235404643671,0.0654945644879882,0.0603945779090054,202
Kang_IFN_beta,stim,trrust_dorothea_intersection,6,112,MYC,PCNA,ASNSD1,Activation,0.0011641404252848916,0.25,0,0.0573077439269896,0.0573077439269896,0.0530130183867936,0.0531472285599248,0.3137833847805695,0.1462890887129264,119
Kang_IFN_beta,stim,trrust_dorothea_intersection,6,97,MYC,CCND2,PITPNC1,Activation,0.0024087275698104044,0.25,0,0.0601261575627432,0.0563682727150717,0.0508656556166957,0.0507314454435645,0.3137833847805695,0.1462890887129264,104
Kang_IFN_beta,stim,trrust_dorothea_intersection,6,123,NFKB1,CCND2,MRPL46,Activation,0.0020334189831794844,0.25,0,0.0601261575627432,0.0565024828882028,0.0508656556166957,0.0508656556166957,0.1209233659911441,0.095155012749968,134
Kang_IFN_beta,stim,trrust_dorothea_intersection,6,256,STAT3,CCND2,ZC3H13,Activation,0.0012803008412611422,0.25,0,0.0601261575627432,0.0578445846195141,0.0508656556166957,0.0508656556166957,0.2312441283049252,0.1872231915179169,287
Kang_IFN_beta,stim,trrust_dorothea_intersection,6,156,NFKB2,CCND2,MRPL46,Activation,0.0020334189831794844,0.25,0,0.0601261575627432,0.0565024828882028,0.0508656556166957,0.0508656556166957,0.0731445443564625,0.0667024560461684,172
Kang_IFN_beta,stim,trrust_dorothea_intersection,7,189,RELA,NFKBIA,ANXA2,Activation,0.1888199991172143,0.25,0,2.46356193799492,2.6334720171789243,0.5634143068044745,0.5446248825661221,0.0654945644879882,0.0603945779090054,211
Kang_IFN_beta,stim,trrust_dorothea_intersection,7,214,SPI1,IFIT3,RPL34,Activation,0.23856921308736428,0.25,0,6.844047778821768,6.606629982552764,0.9171923231780238,0.9400080526103088,0.7403033149912851,0.3172728492819825,239
Kang_IFN_beta,stim,trrust_dorothea_intersection,7,146,NFKB1,NFKBIA,ANXA2,Activation,0.1888199991172143,0.25,0,2.46356193799492,2.6334720171789243,0.5634143068044745,0.5446248825661221,0.1209233659911441,0.095155012749968,159
Kang_IFN_beta,stim,trrust_dorothea_intersection,7,71,IRF9,IFIT3,RPL34,Activation,0.23856921308736428,0.25,0,6.844047778821768,6.606629982552764,0.9171923231780238,0.9400080526103088,0.1795732116494438,0.1536706482351378,75
Kang_IFN_beta,stim,trrust_dorothea_intersection,7,236,STAT1,IFIT3,RPL34,Activation,0.23856921308736428,0.25,0,6.844047778821768,6.606629982552764,0.9171923231780238,0.9400080526103088,0.6730640182525867,0.4341699100792089,264
Kang_IFN_beta,stim,trrust_dorothea_intersection,7,252,STAT2,IFIT3,RPL34,Activation,0.23856921308736428,0.25,0,6.844047778821768,6.606629982552764,0.9171923231780238,0.9400080526103088,0.1823916252851973,0.1539390685814,282
Kang_IFN_beta,stim,trrust_dorothea_intersection,7,59,IRF1,IFIT3,RPL34,Activation,0.23856921308736428,0.25,0,6.844047778821768,6.606629982552764,0.9171923231780238,0.9400080526103088,0.5240907260770497,0.3422359414843753,60
Kang_IFN_beta,stim,trrust_dorothea_intersection,7,228,STAT1,CTSB,S100A4,Activation,0.0326794345636599,0.25,0,1.9124949671185387,1.9083344517514755,0.3957858005637018,0.3995436854113738,0.6730640182525867,0.4341699100792089,255
Kang_IFN_beta,stim,trrust_dorothea_intersection,7,58,IRF1,HLA-A,RPL32,Activation,0.18483747414019605,0.25,0,8.367064823513704,8.614145752248078,0.9914105489195156,0.9773184807407514,0.5240907260770497,0.3422359414843753,59
Kang_IFN_beta,stim,trrust_dorothea_intersection,7,124,NFKB1,CCR7,HLA-DPA1,Activation,0.2226085167396759,0.25,0,2.326264930881789,2.471211917863392,0.500603945779125,0.4767145349617816,0.1209233659911441,0.095155012749968,135
Kang_IFN_beta,stim,trrust_dorothea_intersection,7,176,RELA,CTSB,HSPB1,Activation,0.04432673397191068,0.25,0,1.9124949671185387,1.854784592672156,0.3957858005637018,0.392296336062292,0.0654945644879882,0.0603945779090054,197
Kang_IFN_beta,stim,trrust_dorothea_intersection,7,141,NFKB1,IL1RN,HSPA1A,Activation,0.21148742217749775,0.25,0,2.0543551201181303,2.1477654006173914,0.3533753858542602,0.3769963763253416,0.1209233659911441,0.095155012749968,154
Kang_IFN_beta,stim,trrust_dorothea_intersection,7,229,STAT1,CTSL,FAM26F,Activation,0.07494237681379629,0.25,0,2.1477654006173896,2.056502482888232,0.3599516843376863,0.3662595624748501,0.6730640182525867,0.4341699100792089,256
Kang_IFN_beta,stim,trrust_dorothea_intersection,7,78,JUN,CTSL,IL1RN,Activation,0.07746892616255974,0.25,0,2.1477654006173896,2.0543551201181303,0.3599516843376863,0.3533753858542602,0.2003757884847679,0.1441417259428286,83
Kang_IFN_beta,stim,trrust_dorothea_intersection,7,132,NFKB1,CTSB,S100A4,Activation,0.0326794345636599,0.25,0,1.9124949671185387,1.9083344517514755,0.3957858005637018,0.3995436854113738,0.1209233659911441,0.095155012749968,144
Kang_IFN_beta,stim,trrust_dorothea_intersection,7,243,STAT1,PLSCR1,VIM,Activation,0.16157284629412022,0.25,0,2.672124547040689,2.935579116897079,0.7327875452959082,0.7252717756005672,0.6730640182525867,0.4341699100792089,271
Kang_IFN_beta,stim,trrust_dorothea_intersection,7,232,STAT1,HLA-E,RPL30,Activation,0.08964286076397991,0.25,0,3.996778955844908,3.8449872500336073,0.9276607166822488,0.9244396725271026,0.6730640182525867,0.4341699100792089,260
Kang_IFN_beta,stim,trrust_dorothea_intersection,7,293,ZEB2,VIM,DYNLT1,Activation,0.2019900530383386,0.25,0,2.935579116897079,2.737887531874933,0.7252717756005672,0.7058113004965594,0.208159978526373,0.1523285465038266,326
Kang_IFN_beta,stim,trrust_dorothea_intersection,7,280,TCF4,VIM,PLSCR1,Activation,0.16157284629412022,0.25,0,2.935579116897079,2.672124547040689,0.7252717756005672,0.7327875452959082,0.07046034089384,0.0558314320225472,313
Kang_IFN_beta,stim,trrust_dorothea_intersection,7,264,STAT3,HSPB1,S100A4,Activation,0.06967637574332346,0.25,0,1.854784592672156,1.9083344517514755,0.392296336062292,0.3995436854113738,0.2312441283049252,0.1872231915179169,295
Kang_IFN_beta,stim,trrust_dorothea_intersection,7,185,RELA,IRF7,GNB2L1,Activation,0.278644139256649,0.25,0,2.843376727955996,2.498053952489636,0.7845926721245083,0.8076768219030556,0.0654945644879882,0.0603945779090054,207
Kang_IFN_beta,stim,trrust_dorothea_intersection,7,143,NFKB1,IRF7,GNB2L1,Activation,0.278644139256649,0.25,0,2.843376727955996,2.498053952489636,0.7845926721245083,0.8076768219030556,0.1209233659911441,0.095155012749968,156
Kang_IFN_beta,stim,trrust_dorothea_intersection,7,67,IRF3,IRF7,SH3BGRL3,Activation,0.24854532686434583,0.25,0,2.843376727955996,3.285599248423045,0.7845926721245083,0.7862031942020814,0.0807945242249369,0.0734129647027249,70
Kang_IFN_beta,stim,trrust_dorothea_intersection,7,238,STAT1,IRF7,RPL6,Activation,0.29884819853205696,0.25,0,2.843376727955996,2.3983357938532106,0.7845926721245083,0.7656690377130249,0.6730640182525867,0.4341699100792089,266
Kang_IFN_beta,stim,trrust_dorothea_intersection,7,37,HIF1A,GAPDH,CYBA,Activation,0.1357954836409398,0.25,0,2.7429875184539174,2.97248691450813,0.6765534827539821,0.6715877063481318,0.1725942826466258,0.1448127768084841,37
Kang_IFN_beta,stim,trrust_dorothea_intersection,7,18,CEBPD,GAPDH,RPL10A,Activation,0.1820456515829716,0.25,0,2.7429875184539174,2.488525030197317,0.6765534827539821,0.6895718695476977,0.1680311367601677,0.1130049657764083,18
Kang_IFN_beta,stim,trrust_dorothea_intersection,7,250,STAT1,TNFSF13B,GSTO1,Activation,0.18098769359428224,0.25,0,1.8700845524091103,1.572540598577406,0.4763119044423882,0.4682592940545195,0.6730640182525867,0.4341699100792089,280
Kang_IFN_beta,stim,trrust_dorothea_intersection,7,234,STAT1,HSP90AA1,DYNLT1,Repression,0.025570326312493594,0.25,0,2.766742719098114,2.737887531874933,0.7035297275533309,0.7058113004965594,0.6730640182525867,0.4341699100792089,262
Kang_IFN_beta,stim,trrust_dorothea_intersection,7,245,STAT1,PSMB9,SERF2,Activation,0.23242183130081226,0.25,0,3.074889276607183,2.879345054355146,0.8708898134477983,0.8472688229767267,0.6730640182525867,0.4341699100792089,273
Kang_IFN_beta,stim,trrust_dorothea_intersection,7,19,CREB1,CCL5,S100A8,Activation,0.16106968915075331,0.25,0,0.7860689840289914,0.5326801771574332,0.1704469198765273,0.1617232586230048,0.0616024694671855,0.0559656421956783,19
Kang_IFN_beta,stim,trrust_dorothea_intersection,7,122,NFKB1,CCL5,TNFAIP6,Activation,0.15760787872722729,0.25,0,0.7860689840289914,0.5342906992350067,0.1704469198765273,0.1623943094886604,0.1209233659911441,0.095155012749968,133
Kang_IFN_beta,stim,trrust_dorothea_intersection,7,167,RELA,CCL5,S100A8,Activation,0.16106968915075331,0.25,0,0.7860689840289914,0.5326801771574332,0.1704469198765273,0.1617232586230048,0.0654945644879882,0.0603945779090054,187
Kang_IFN_beta,stim,trrust_dorothea_intersection,7,47,HSF1,HSPA1A,HSPB1,Activation,0.21128584482878726,0.25,0,2.1477654006173914,1.854784592672156,0.3769963763253416,0.392296336062292,0.0640182525835458,0.0601261575627432,47
Kang_IFN_beta,stim,trrust_dorothea_intersection,7,207,SPI1,CCL5,HLA-DQA1,Activation,0.15684536834473647,0.25,0,0.7860689840289914,0.5379143739095493,0.1704469198765273,0.1787679506106566,0.7403033149912851,0.3172728492819825,232
Kang_IFN_beta,stim,trrust_dorothea_intersection,7,4,ATF3,CCL5,HLA-DQA1,Activation,0.15684536834473647,0.25,0,0.7860689840289914,0.5379143739095493,0.1704469198765273,0.1787679506106566,0.1528653871963508,0.1140786471614574,4
Kang_IFN_beta,stim,trrust_dorothea_intersection,7,90,JUND,CCL5,HLA-DQA1,Activation,0.15684536834473647,0.25,0,0.7860689840289914,0.5379143739095493,0.1704469198765273,0.1787679506106566,0.0667024560461684,0.0613340491209233,96
Kang_IFN_beta,stim,trrust_dorothea_intersection,7,63,IRF1,PSMB9,PSME2,Activation,0.23043605803075728,0.25,0,3.074889276607183,3.394980539524913,0.8708898134477983,0.8542477519795433,0.5240907260770497,0.3422359414843753,64
Kang_IFN_beta,stim,trrust_dorothea_intersection,7,53,IRF1,CCL5,HLA-DQA1,Activation,0.15684536834473647,0.25,0,0.7860689840289914,0.5379143739095493,0.1704469198765273,0.1787679506106566,0.5240907260770497,0.3422359414843753,53
Kang_IFN_beta,stim,trrust_dorothea_intersection,7,159,REL,CCL5,HLA-DQA1,Activation,0.15684536834473647,0.25,0,0.7860689840289914,0.5379143739095493,0.1704469198765273,0.1787679506106566,0.1406522614414189,0.0997181586364264,176
Kang_IFN_beta,stim,trrust_dorothea_intersection,7,75,JUN,CCL5,S100A8,Activation,0.16106968915075331,0.25,0,0.7860689840289914,0.5326801771574332,0.1704469198765273,0.1617232586230048,0.2003757884847679,0.1441417259428286,80
Kang_IFN_beta,stim,trrust_dorothea_intersection,7,100,MYC,CXCR4,CREM,Activation,0.17984920806967322,0.25,0,1.4310830760971964,1.111394443698838,0.5031539390686157,0.5016776271641737,0.3137833847805695,0.1462890887129264,107
Kang_IFN_beta,stim,trrust_dorothea_intersection,7,34,HIF1A,CXCR4,JUNB,Activation,0.19427079043761417,0.25,0,1.4310830760971964,1.3327070191920791,0.5031539390686157,0.5246275667695899,0.1725942826466258,0.1448127768084841,34
Kang_IFN_beta,stim,trrust_dorothea_intersection,7,210,SPI1,CTSS,LAP3,Activation,0.09730018430817418,0.25,0,1.6875587169507942,1.5282512414441385,0.5615353643806392,0.5659643000939651,0.7403033149912851,0.3172728492819825,235
Kang_IFN_beta,stim,trrust_dorothea_intersection,7,51,HSF1,UBB,GNB2L1,Activation,0.07143355379572741,0.25,0,2.433901489732948,2.498053952489636,0.8147899610790033,0.8076768219030556,0.0640182525835458,0.0601261575627432,51
Kang_IFN_beta,stim,trrust_dorothea_intersection,7,178,RELA,CXCR4,SNX3,Activation,0.23018367064416995,0.25,0,1.4310830760971964,1.072473493490811,0.5031539390686157,0.5160381156892002,0.0654945644879882,0.0603945779090054,200
Kang_IFN_beta,stim,trrust_dorothea_intersection,7,284,YY1,CXCR4,NPM1,Repression,0.15196070292539274,0.25,0,1.4310830760971964,1.1713863910884572,0.5031539390686157,0.508119715474466,0.1108576030063096,0.0962286941350171,317
Kang_IFN_beta,stim,trrust_dorothea_intersection,7,105,MYC,HNRNPA2B1,PSME1,Activation,0.04081646648859969,0.25,0,1.3992752650651232,1.341028049926209,0.6729298080794427,0.6701113944436898,0.3137833847805695,0.1462890887129264,112
Kang_IFN_beta,stim,trrust_dorothea_intersection,7,20,CREB1,CXCR4,NPM1,Activation,0.15196070292539274,0.25,0,1.4310830760971964,1.1713863910884572,0.5031539390686157,0.508119715474466,0.0616024694671855,0.0559656421956783,20
Kang_IFN_beta,stim,trrust_dorothea_intersection,7,109,MYC,JUNB,ARHGDIB,Repression,0.13806576301729598,0.25,0,1.3327070191920791,1.0901892363441257,0.5246275667695899,0.5273117702322117,0.3137833847805695,0.1462890887129264,116
Kang_IFN_beta,stim,trrust_dorothea_intersection,7,249,STAT1,TAP1,TMEM50A,Activation,0.012401191595681213,0.25,0,1.089518185478464,1.1107233928331808,0.5451617232586464,0.5455643537780397,0.6730640182525867,0.4341699100792089,278
Kang_IFN_beta,stim,trrust_dorothea_intersection,7,144,NFKB1,JUNB,ARHGDIB,Activation,0.13806576301729598,0.25,0,1.3327070191920791,1.0901892363441257,0.5246275667695899,0.5273117702322117,0.1209233659911441,0.095155012749968,157
Kang_IFN_beta,stim,trrust_dorothea_intersection,7,65,IRF1,TAP1,EEF1B2,Activation,0.025710553872579367,0.25,0,1.089518185478464,1.0854918802845352,0.5451617232586464,0.5422090994497625,0.5240907260770497,0.3422359414843753,66
Kang_IFN_beta,stim,trrust_dorothea_intersection,7,66,IRF2,TAP1,TMEM50A,Activation,0.012401191595681213,0.25,0,1.089518185478464,1.1107233928331808,0.5451617232586464,0.5455643537780397,0.3865252986176447,0.2692256073010329,68
Kang_IFN_beta,stim,trrust_dorothea_intersection,7,268,STAT3,JUNB,ARHGDIB,Activation,0.13806576301729598,0.25,0,1.3327070191920791,1.0901892363441257,0.5246275667695899,0.5273117702322117,0.2312441283049252,0.1872231915179169,299
Kang_IFN_beta,stim,trrust_dorothea_intersection,7,56,IRF1,EIF2AK2,PTPRC,Activation,0.044026688917036226,0.25,0,0.9016239430948828,0.9359817474164506,0.5393906858140096,0.5348275399275526,0.5240907260770497,0.3422359414843753,57
Kang_IFN_beta,stim,trrust_dorothea_intersection,7,35,HIF1A,ENO1,HINT1,Activation,0.10056799258713266,0.25,0,1.0021473627700948,0.9251107233928284,0.5046302509730577,0.5150986444772826,0.1725942826466258,0.1448127768084841,35
Kang_IFN_beta,stim,trrust_dorothea_intersection,7,14,CEBPB,S100A9,PLA2G7,Activation,0.17305039415749263,0.25,0,0.7972084283988777,0.7392296336062312,0.2186283720305981,0.2382230573077411,0.5074486646087883,0.2915044960408028,14
Kang_IFN_beta,stim,trrust_dorothea_intersection,7,77,JUN,CREM,GBP4,Activation,0.08932078297273874,0.25,0,1.111394443698838,0.9719500738155932,0.5016776271641737,0.4967118507583221,0.2003757884847679,0.1441417259428286,82
Kang_IFN_beta,stim,trrust_dorothea_intersection,7,276,STAT3,ZFP36,SAMSN1,Activation,0.11526924643556002,0.25,0,0.9892631861495094,0.9247080928734382,0.4657093007650278,0.4530935444907003,0.2312441283049252,0.1872231915179169,309
Kang_IFN_beta,stim,trrust_dorothea_intersection,7,104,MYC,HNRNPA1,POMP,Activation,0.034294628504252904,0.25,0,0.7400348946450186,0.7867400348946451,0.4552409072607986,0.4577909005502903,0.3137833847805695,0.1462890887129264,111
Kang_IFN_beta,stim,trrust_dorothea_intersection,7,186,RELA,MCL1,RBX1,Activation,0.019077088037476705,0.25,0,0.5871695074486751,0.5734800697893008,0.4020936787008655,0.4041068312978327,0.0654945644879882,0.0603945779090054,208
Kang_IFN_beta,stim,trrust_dorothea_intersection,7,269,STAT3,MCL1,CD44,Activation,0.013266201845413446,0.25,0,0.5871695074486751,0.6058247215138989,0.4020936787008655,0.4011542074889475,0.2312441283049252,0.1872231915179169,300
Kang_IFN_beta,stim,trrust_dorothea_intersection,7,99,MYC,CFLAR,SRSF7,Repression,0.06804496943196495,0.25,0,0.7672795597906349,0.7522480203999469,0.4126962823782259,0.4204804724198323,0.3137833847805695,0.1462890887129264,106
Kang_IFN_beta,stim,trrust_dorothea_intersection,7,175,RELA,CFLAR,RPS26,Activation,0.028472624386099744,0.25,0,0.7672795597906349,0.725674406119985,0.4126962823782259,0.4108173399543899,0.0654945644879882,0.0603945779090054,196
Kang_IFN_beta,stim,trrust_dorothea_intersection,7,131,NFKB1,CFLAR,MOB1A,Activation,0.03508880255584419,0.25,0,0.7672795597906349,0.7502348678029808,0.4126962823782259,0.4165883773990291,0.1209233659911441,0.095155012749968,143
Kang_IFN_beta,stim,trrust_dorothea_intersection,7,110,MYC,LDHA,RPS26,Activation,0.04884922948075533,0.25,0,0.6993692121862883,0.725674406119985,0.4054489330291441,0.4108173399543899,0.3137833847805695,0.1462890887129264,117
Kang_IFN_beta,stim,trrust_dorothea_intersection,7,10,ATF4,MCL1,RBX1,Activation,0.019077088037476705,0.25,0,0.5871695074486751,0.5734800697893008,0.4020936787008655,0.4041068312978327,0.1366259562474854,0.1138102268151951,10
Kang_IFN_beta,stim,trrust_dorothea_intersection,7,43,HIF1A,PGK1,EIF3K,Activation,0.03859080921824347,0.25,0,0.6003221044155234,0.5710642866729394,0.4082673466648981,0.4042410414709638,0.1725942826466258,0.1448127768084841,43
Kang_IFN_beta,stim,trrust_dorothea_intersection,7,278,STAT6,SOCS1,NEAT1,Activation,0.02153980718988321,0.25,0,0.8025768353241169,0.7774795329485972,0.4339014897329467,0.4357804321567827,0.0540866997718426,0.0500603945779089,311
Kang_IFN_beta,stim,trrust_dorothea_intersection,7,255,STAT2,STAT1,CCNI,Activation,0.02314546041645266,0.25,0,0.6730640182525867,0.6337404375251695,0.4341699100792089,0.4333646490404221,0.1823916252851973,0.1539390685814,285
Kang_IFN_beta,stim,trrust_dorothea_intersection,7,279,TCF4,CD44,MCL1,Activation,0.013266201845413446,0.25,0,0.6058247215138989,0.5871695074486751,0.4011542074889475,0.4020936787008655,0.07046034089384,0.0558314320225472,312
Kang_IFN_beta,stim,trrust_dorothea_intersection,7,45,HIF1A,SOCS1,STAT1,Activation,0.07271318610517212,0.25,0,0.8025768353241169,0.6730640182525867,0.4339014897329467,0.4341699100792089,0.1725942826466258,0.1448127768084841,45
Kang_IFN_beta,stim,trrust_dorothea_intersection,7,275,STAT3,STAT1,ATP5G2,Activation,0.014007997439679787,0.25,0,0.6730640182525867,0.6481009260501993,0.4341699100792089,0.4341699100792089,0.2312441283049252,0.1872231915179169,307
Kang_IFN_beta,stim,trrust_dorothea_intersection,7,273,STAT3,SOCS1,NEAT1,Activation,0.02153980718988321,0.25,0,0.8025768353241169,0.7774795329485972,0.4339014897329467,0.4357804321567827,0.2312441283049252,0.1872231915179169,305
Kang_IFN_beta,stim,trrust_dorothea_intersection,7,64,IRF1,SOCS1,RBCK1,Activation,0.07201050148630946,0.25,0,0.8025768353241169,0.6766876929271263,0.4339014897329467,0.4355120118105204,0.5240907260770497,0.3422359414843753,65
Kang_IFN_beta,stim,trrust_dorothea_intersection,7,194,RELA,STAT1,COPE,Activation,0.028819148822748462,0.25,0,0.6730640182525867,0.6338746476983,0.4341699100792089,0.4363172728493072,0.0654945644879882,0.0603945779090054,218
Kang_IFN_beta,stim,trrust_dorothea_intersection,7,39,HIF1A,LDHA,ZNF706,Activation,0.017058918313291576,0.25,0,0.6993692121862883,0.6819218896792407,0.4054489330291441,0.4070594551067178,0.1725942826466258,0.1448127768084841,39
Kang_IFN_beta,stim,trrust_dorothea_intersection,7,202,RUNX3,CFLAR,RPS26,Repression,0.028472624386099744,0.25,0,0.7672795597906349,0.725674406119985,0.4126962823782259,0.4108173399543899,0.0746208562609051,0.0675077170849552,227
Kang_IFN_beta,stim,trrust_dorothea_intersection,7,277,STAT6,RHOA,C19ORF43,Activation,0.0448824270202602,0.25,0,0.7213796805797852,0.647698295530805,0.4399409475238481,0.4419541001208153,0.0540866997718426,0.0500603945779089,310
Kang_IFN_beta,stim,trrust_dorothea_intersection,7,135,NFKB1,GSTP1,C20ORF24,Activation,0.04519680986645286,0.25,0,0.6894376593745839,0.7059455106697115,0.3881358206952265,0.3830358341162431,0.1209233659911441,0.095155012749968,148
Kang_IFN_beta,stim,trrust_dorothea_intersection,7,1,ATF1,LDHA,CNBP,Activation,0.05382223825170564,0.25,0,0.6993692121862883,0.6086431351496514,0.4054489330291441,0.403435780432177,0.0648235136223326,0.0602603677358743,1
Kang_IFN_beta,stim,trrust_dorothea_intersection,7,179,RELA,GSTP1,SLC3A2,Activation,0.043146180209020044,0.25,0,0.6894376593745839,0.6472956650114158,0.3881358206952265,0.392296336062292,0.0654945644879882,0.0603945779090054,201
Kang_IFN_beta,stim,trrust_dorothea_intersection,7,151,NFKB1,SQSTM1,ATG3,Activation,0.03607196281107411,0.25,0,0.6765534827540003,0.6450140920681858,0.362501677627178,0.3588780029526371,0.1209233659911441,0.095155012749968,165
Kang_IFN_beta,stim,trrust_dorothea_intersection,7,149,NFKB1,SERPINB1,HSPA5,Activation,0.016466571948606654,0.25,0,0.8137162796939975,0.7871426654140368,0.3590122131257683,0.3598174741645552,0.1209233659911441,0.095155012749968,162
Kang_IFN_beta,stim,trrust_dorothea_intersection,7,290,YY1,HSPA5,SERPINB1,Activation,0.016466571948606654,0.25,0,0.7871426654140368,0.8137162796939975,0.3598174741645552,0.3590122131257683,0.1108576030063096,0.0962286941350171,323
Kang_IFN_beta,stim,trrust_dorothea_intersection,7,237,STAT1,IRF1,SELT,Activation,0.035635920228438284,0.25,0,0.5240907260770497,0.4618172057442113,0.3422359414843753,0.3430412025231621,0.6730640182525867,0.4341699100792089,265
Kang_IFN_beta,stim,trrust_dorothea_intersection,7,121,NFKB1,BIRC3,LTB,Activation,0.04438275420460062,0.25,0,0.7807005771037432,0.8437793584753754,0.3481411891021456,0.3512280230841619,0.1209233659911441,0.095155012749968,129
Kang_IFN_beta,stim,trrust_dorothea_intersection,7,142,NFKB1,IRF1,SELT,Activation,0.035635920228438284,0.25,0,0.5240907260770497,0.4618172057442113,0.3422359414843753,0.3430412025231621,0.1209233659911441,0.095155012749968,155
Kang_IFN_beta,stim,trrust_dorothea_intersection,7,166,RELA,BIRC3,RABGAP1L,Activation,0.08743928928136945,0.25,0,0.7807005771037432,0.6723929673869338,0.3481411891021456,0.3553885384512274,0.0654945644879882,0.0603945779090054,183
Kang_IFN_beta,stim,trrust_dorothea_intersection,7,209,SPI1,CD68,PLAC8,Repression,0.03713222287551758,0.25,0,0.8606898402898974,0.908602872097704,0.3446517246007359,0.347604348409621,0.7403033149912851,0.3172728492819825,234
Kang_IFN_beta,stim,trrust_dorothea_intersection,7,184,RELA,IRF1,DEK,Activation,0.021500402358735626,0.25,0,0.5240907260770497,0.4878539793316492,0.3422359414843753,0.3414306804455884,0.0654945644879882,0.0603945779090054,206
Kang_IFN_beta,stim,trrust_dorothea_intersection,7,253,STAT2,IRF1,CYSTM1,Activation,0.02487034782590245,0.25,0,0.5240907260770497,0.5509327607032721,0.3422359414843753,0.3445175144276047,0.1823916252851973,0.1539390685814,283
Kang_IFN_beta,stim,trrust_dorothea_intersection,7,158,REL,BIRC3,PLAC8,Activation,0.07192305863633368,0.25,0,0.7807005771037432,0.908602872097704,0.3481411891021456,0.347604348409621,0.1406522614414189,0.0997181586364264,174
Kang_IFN_beta,stim,trrust_dorothea_intersection,7,267,STAT3,IRF1,NUB1,Activation,0.030756164815599663,0.25,0,0.5240907260770497,0.4733592806334879,0.3422359414843753,0.3435780432156867,0.2312441283049252,0.1872231915179169,298
Kang_IFN_beta,stim,trrust_dorothea_intersection,7,285,YY1,DEK,IRF1,Activation,0.021500402358735626,0.25,0,0.4878539793316492,0.5240907260770497,0.3414306804455884,0.3422359414843753,0.1108576030063096,0.0962286941350171,318
Kang_IFN_beta,stim,trrust_dorothea_intersection,7,68,IRF8,CD68,LTB,Repression,0.05782678317453426,0.25,0,0.8606898402898974,0.8437793584753754,0.3446517246007359,0.3512280230841619,0.3143202254730948,0.1598443161991692,72
Kang_IFN_beta,stim,trrust_dorothea_intersection,7,103,MYC,HLA-F,COX6C,Activation,0.013410104216341997,0.25,0,0.4324251778284935,0.4120252315125622,0.3225070460340971,0.323312307072884,0.3137833847805695,0.1462890887129264,110
Kang_IFN_beta,stim,trrust_dorothea_intersection,7,137,NFKB1,HLA-F,FAM96B,Activation,0.015333946123424667,0.25,0,0.4324251778284935,0.4173936384378069,0.3225070460340971,0.3239833579385397,0.1209233659911441,0.095155012749968,150
Kang_IFN_beta,stim,trrust_dorothea_intersection,7,2,ATF1,MAP1LC3B,HMGN1,Activation,0.019811011480846536,0.25,0,0.4619514159173403,0.4603408938397671,0.3284122936518674,0.3306938665950969,0.0648235136223326,0.0602603677358743,2
Kang_IFN_beta,stim,trrust_dorothea_intersection,7,32,HIF1A,ALDOA,ANKRD12,Activation,0.014333601572491446,0.25,0,0.4706750771708642,0.4465172460072618,0.3272044020936872,0.3266675614011626,0.1725942826466258,0.1448127768084841,32
Kang_IFN_beta,stim,trrust_dorothea_intersection,7,88,JUN,SPI1,GPX1,Activation,0.05965369522316513,0.25,0,0.7403033149912851,0.7299691316601843,0.3172728492819825,0.3104281304522941,0.2003757884847679,0.1441417259428286,93
Kang_IFN_beta,stim,trrust_dorothea_intersection,7,282,YBX1,SUMO1,PHF11,Repression,0.009332513619491596,0.25,0,0.3804858408267458,0.3965910616024821,0.3085491880284581,0.3088176083747204,1.614548382767453,0.6789692658703417,315
Kang_IFN_beta,stim,trrust_dorothea_intersection,7,171,RELA,CD69,CD3D,Activation,0.044730908491619745,0.25,0,0.6313246544088097,0.5588511609180072,0.307475506643409,0.3053281438733107,0.0654945644879882,0.0603945779090054,191
Kang_IFN_beta,stim,trrust_dorothea_intersection,7,127,NFKB1,CD69,MNDA,Activation,0.045511641195590424,0.25,0,0.6313246544088097,0.6503824989934303,0.307475506643409,0.3023755200644255,0.1209233659911441,0.095155012749968,138
Kang_IFN_beta,stim,trrust_dorothea_intersection,7,216,SPI1,MNDA,CD3D,Activation,0.057393819011775926,0.25,0,0.6503824989934303,0.5588511609180072,0.3023755200644255,0.3053281438733107,0.7403033149912851,0.3172728492819825,241
Kang_IFN_beta,stim,trrust_dorothea_intersection,7,7,ATF4,CEBPB,COX5A,Activation,0.04920854059851585,0.25,0,0.5074486646087883,0.4736277009797484,0.2915044960408028,0.2862702992886882,0.1366259562474854,0.1138102268151951,7
Kang_IFN_beta,stim,trrust_dorothea_intersection,7,17,CEBPB,XBP1,SLC25A5,Activation,0.006401504206305142,0.25,0,0.4156489061871,0.4042410414709554,0.2831834653066719,0.2831834653066719,0.5074486646087883,0.2915044960408028,17
Kang_IFN_beta,stim,trrust_dorothea_intersection,7,200,RORA,TUBA1B,GTF3A,Activation,0.006210342806978545,0.25,0,0.4203462622466894,0.4094752382230657,0.2673466648771969,0.2672124547040658,0.0785129512817076,0.0661656153536439,225
Kang_IFN_beta,stim,trrust_dorothea_intersection,7,61,IRF1,IRF2,KHDRBS1,Activation,0.018596988972172282,0.25,0,0.3865252986176447,0.3646490403972701,0.2692256073010329,0.2708361293786067,0.5240907260770497,0.3422359414843753,62
Kang_IFN_beta,stim,trrust_dorothea_intersection,7,191,RELA,PLAUR,CAPG,Activation,0.02943362760691332,0.25,0,0.5368406925245025,0.4906723929673973,0.2537914373909514,0.2554019594685251,0.0654945644879882,0.0603945779090054,213
Kang_IFN_beta,stim,trrust_dorothea_intersection,7,223,STAT1,BAX,EIF4G2,Activation,0.00583204810911953,0.25,0,0.330693866595095,0.3211649443027848,0.2509730237551973,0.2512414441014596,0.6730640182525867,0.4341699100792089,248
Kang_IFN_beta,stim,trrust_dorothea_intersection,7,147,NFKB1,PLAUR,LST1,Activation,0.023660973259267516,0.25,0,0.5368406925245025,0.5083881358207042,0.2537914373909514,0.2517782847939842,0.1209233659911441,0.095155012749968,160
Kang_IFN_beta,stim,trrust_dorothea_intersection,7,27,CREB1,UXT,BCAP31,Activation,0.015741781029508014,0.25,0,0.3102939202791625,0.3312307072876195,0.2545966984297382,0.2558045899879185,0.0616024694671855,0.0559656421956783,27
Kang_IFN_beta,stim,trrust_dorothea_intersection,7,85,JUN,PLAUR,CAPG,Activation,0.02943362760691332,0.25,0,0.5368406925245025,0.4906723929673973,0.2537914373909514,0.2554019594685251,0.2003757884847679,0.1441417259428286,90
Kang_IFN_beta,stim,trrust_dorothea_intersection,7,92,JUND,PLAUR,LST1,Activation,0.023660973259267516,0.25,0,0.5368406925245025,0.5083881358207042,0.2537914373909514,0.2517782847939842,0.0667024560461684,0.0613340491209233,98
Kang_IFN_beta,stim,trrust_dorothea_intersection,7,3,ATF1,PLAUR,LST1,Activation,0.023660973259267516,0.25,0,0.5368406925245025,0.5083881358207042,0.2537914373909514,0.2517782847939842,0.0648235136223326,0.0602603677358743,3
Kang_IFN_beta,stim,trrust_dorothea_intersection,7,163,RELA,BAX,NHP2L1,Repression,0.012806430493347691,0.25,0,0.330693866595095,0.3309622869413571,0.2509730237551973,0.2494967118507548,0.0654945644879882,0.0603945779090054,180
Kang_IFN_beta,stim,trrust_dorothea_intersection,7,33,HIF1A,BAX,HNRNPA3,Activation,0.010107158069946547,0.25,0,0.330693866595095,0.3176754798013744,0.2509730237551973,0.2517782847939842,0.1725942826466258,0.1448127768084841,33
Kang_IFN_beta,stim,trrust_dorothea_intersection,7,190,RELA,OPTN,AP1S2,Activation,0.008207586093399579,0.25,0,0.3227754663803567,0.3245201986310614,0.2323178096899719,0.2313783384780541,0.0654945644879882,0.0603945779090054,212
Kang_IFN_beta,stim,trrust_dorothea_intersection,7,226,STAT1,CD86,CFP,Activation,0.05844556882352253,0.25,0,0.4661119312844,0.4887934505435597,0.2272178231109895,0.2337941215944142,0.6730640182525867,0.4341699100792089,253
Kang_IFN_beta,stim,trrust_dorothea_intersection,7,80,JUN,EZR,EIF5A,Activation,0.013435815775311107,0.25,0,0.3136491746074409,0.3208965239565208,0.2354046436719876,0.2368809555764299,0.2003757884847679,0.1441417259428286,85
Kang_IFN_beta,stim,trrust_dorothea_intersection,7,220,SPI1,SCARB2,MRPL18,Activation,0.031042534654441952,0.25,0,0.3654543014360565,0.3133807542611777,0.2288283451885629,0.230036236746743,0.7403033149912851,0.3172728492819825,245
Kang_IFN_beta,stim,trrust_dorothea_intersection,7,21,CREB1,HLA-DQB1,AIF1,Activation,0.043140563105867565,0.25,0,0.5133539122265548,0.50905918668636,0.231244128304923,0.2362099047107743,0.0616024694671855,0.0559656421956783,21
Kang_IFN_beta,stim,trrust_dorothea_intersection,7,130,NFKB1,CD86,LSP1,Activation,0.05809516630541111,0.25,0,0.4661119312844,0.3627700979734334,0.2272178231109895,0.2276204536303829,0.1209233659911441,0.095155012749968,142
Kang_IFN_beta,stim,trrust_dorothea_intersection,7,173,RELA,CD86,HLA-DQB1,Activation,0.04384595691276103,0.25,0,0.4661119312844,0.5133539122265548,0.2272178231109895,0.231244128304923,0.0654945644879882,0.0603945779090054,194
Kang_IFN_beta,stim,trrust_dorothea_intersection,7,289,YY1,GNAS,HTATIP2,Activation,0.008677787394553509,0.25,0,0.297812374177967,0.282915044960411,0.2282915044960385,0.2280230841497762,0.1108576030063096,0.0962286941350171,322
Kang_IFN_beta,stim,trrust_dorothea_intersection,7,224,STAT1,CCR1,CD300E,Activation,0.028721560018324183,0.25,0,0.390283183465314,0.3717621795732192,0.218494161857467,0.2154073278754513,0.6730640182525867,0.4341699100792089,251
Kang_IFN_beta,stim,trrust_dorothea_intersection,7,111,MYC,NOL7,ATP6AP2,Activation,0.0074960803119803274,0.25,0,0.2727150718024435,0.2622466782982153,0.2198362635887781,0.2192994228962537,0.3137833847805695,0.1462890887129264,118
Kang_IFN_beta,stim,trrust_dorothea_intersection,7,117,NFKB1,ALOX5AP,CTSD,Activation,0.04535265554887706,0.25,0,0.4493356596430084,0.530130183867945,0.2154073278754513,0.2155415380485824,0.1209233659911441,0.095155012749968,124
Kang_IFN_beta,stim,trrust_dorothea_intersection,7,251,STAT1,UPP1,SAMHD1,Activation,0.0064498044244780854,0.25,0,0.2719098107636573,0.2622466782982158,0.2090994497382888,0.2086968192188955,0.6730640182525867,0.4341699100792089,281
Kang_IFN_beta,stim,trrust_dorothea_intersection,7,241,STAT1,MVP,PNPT1,Activation,0.011832094029164688,0.25,0,0.2595624748355929,0.2497651321970195,0.2066836666219287,0.2078915581801088,0.6730640182525867,0.4341699100792089,269
Kang_IFN_beta,stim,trrust_dorothea_intersection,7,172,RELA,CD83,CTSD,Activation,0.10005800940223074,0.25,0,0.5036907797611143,0.530130183867945,0.2041336733324375,0.2155415380485824,0.0654945644879882,0.0603945779090054,193
Kang_IFN_beta,stim,trrust_dorothea_intersection,7,129,NFKB1,CD83,CXCL16,Activation,0.055880009188876444,0.25,0,0.5036907797611143,0.5030197288954587,0.2041336733324375,0.2105757616427311,0.1209233659911441,0.095155012749968,141
Kang_IFN_beta,stim,trrust_dorothea_intersection,7,113,MYC,PMAIP1,CD40,Activation,0.03472585932931032,0.25,0,0.3274728224399464,0.3061334049120961,0.1991678969265862,0.195410012078915,0.3137833847805695,0.1462890887129264,120
Kang_IFN_beta,stim,trrust_dorothea_intersection,7,41,HIF1A,NR3C1,DBNL,Activation,0.010944064251365695,0.25,0,0.2666756140115434,0.2536572272178226,0.202388941081733,0.2033284122936508,0.1725942826466258,0.1448127768084841,41
Kang_IFN_beta,stim,trrust_dorothea_intersection,7,292,YY1,NR3C1,IDH2,Activation,0.00621696190865346,0.25,0,0.2666756140115434,0.2705677090323463,0.202388941081733,0.2017178902160774,0.1108576030063096,0.0962286941350171,325
Kang_IFN_beta,stim,trrust_dorothea_intersection,7,225,STAT1,CD40,BRI3,Activation,0.026591793126118732,0.25,0,0.3061334049120961,0.272312441283051,0.195410012078915,0.1932626493088171,0.6730640182525867,0.4341699100792089,252
Kang_IFN_beta,stim,trrust_dorothea_intersection,7,231,STAT1,FCGRT,CCNL1,Repression,0.02361235571462278,0.25,0,0.2855992484230337,0.2437256744061196,0.1912494967118504,0.1915179170581126,0.6730640182525867,0.4341699100792089,259
Kang_IFN_beta,stim,trrust_dorothea_intersection,7,208,SPI1,CD40,HAVCR2,Activation,0.02592026579796835,0.25,0,0.3061334049120961,0.3132465440880465,0.195410012078915,0.1983626358877995,0.7403033149912851,0.3172728492819825,233
Kang_IFN_beta,stim,trrust_dorothea_intersection,7,169,RELA,CD40,VIMP,Activation,0.029653297717370946,0.25,0,0.3061334049120961,0.2536572272178227,0.195410012078915,0.1958126425983083,0.0654945644879882,0.0603945779090054,189
Kang_IFN_beta,stim,trrust_dorothea_intersection,7,125,NFKB1,CD40,HAVCR2,Activation,0.02592026579796835,0.25,0,0.3061334049120961,0.3132465440880465,0.195410012078915,0.1983626358877995,0.1209233659911441,0.095155012749968,136
Kang_IFN_beta,stim,trrust_dorothea_intersection,7,54,IRF1,CD40,BRI3,Activation,0.026591793126118732,0.25,0,0.3061334049120961,0.272312441283051,0.195410012078915,0.1932626493088171,0.5240907260770497,0.3422359414843753,54
Kang_IFN_beta,stim,trrust_dorothea_intersection,7,199,RELB,CD40,HAVCR2,Activation,0.02592026579796835,0.25,0,0.3061334049120961,0.3132465440880465,0.195410012078915,0.1983626358877995,0.1350154341699122,0.1156891692390309,224
Kang_IFN_beta,stim,trrust_dorothea_intersection,7,248,STAT1,STAT3,HBP1,Activation,0.0026570777111819357,0.25,0,0.2312441283049252,0.2289625553616961,0.1872231915179169,0.1869547711716546,0.6730640182525867,0.4341699100792089,277
Kang_IFN_beta,stim,trrust_dorothea_intersection,7,31,HBP1,NCF1,FCGRT,Repression,0.04360996072215759,0.25,0,0.3548516977586948,0.2855992484230337,0.1935310696550793,0.1912494967118504,0.2289625553616961,0.1869547711716546,31
Kang_IFN_beta,stim,trrust_dorothea_intersection,7,29,CREM,DUSP1,SERPINA1,Repression,0.02123897136888023,0.25,0,0.3310964971144854,0.3372701650785185,0.1912494967118504,0.1936652798282105,1.111394443698838,0.5016776271641737,29
Kang_IFN_beta,stim,trrust_dorothea_intersection,7,221,SPI1,STAT3,HBP1,Activation,0.0026570777111819357,0.25,0,0.2312441283049252,0.2289625553616961,0.1872231915179169,0.1869547711716546,0.7403033149912851,0.3172728492819825,246
Kang_IFN_beta,stim,trrust_dorothea_intersection,7,195,RELA,STAT3,MTCH1,Activation,0.0067354367855526065,0.25,0,0.2312441283049252,0.2372835860958257,0.1872231915179169,0.1878942423835725,0.0654945644879882,0.0603945779090054,219
Kang_IFN_beta,stim,trrust_dorothea_intersection,7,211,SPI1,CYBB,TGIF1,Activation,0.024989340820572744,0.25,0,0.2737887531874944,0.2300362367467457,0.1811837337270166,0.1817205744195411,0.7403033149912851,0.3172728492819825,236
Kang_IFN_beta,stim,trrust_dorothea_intersection,7,233,STAT1,HMOX1,LILRB2,Activation,0.06703509314148104,0.25,0,0.3822305730774444,0.2983492148704906,0.1766205878405587,0.1821232049389345,0.6730640182525867,0.4341699100792089,261
Kang_IFN_beta,stim,trrust_dorothea_intersection,7,55,IRF1,CYBB,IFNGR2,Activation,0.01631535721866745,0.25,0,0.2737887531874944,0.2751308549188053,0.1811837337270166,0.179304791303181,0.5240907260770497,0.3422359414843753,56
Kang_IFN_beta,stim,trrust_dorothea_intersection,7,69,IRF8,CYBB,LILRB2,Activation,0.01601096987853436,0.25,0,0.2737887531874944,0.2983492148704906,0.1811837337270166,0.1821232049389345,0.3143202254730948,0.1598443161991692,73
Kang_IFN_beta,stim,trrust_dorothea_intersection,7,138,NFKB1,HMOX1,HLA-DMA,Activation,0.047502837185578316,0.25,0,0.3822305730774444,0.3324385988457969,0.1766205878405587,0.1810495235538855,0.1209233659911441,0.095155012749968,151
Kang_IFN_beta,stim,trrust_dorothea_intersection,7,263,STAT3,HMOX1,HLA-DMA,Activation,0.047502837185578316,0.25,0,0.3822305730774444,0.3324385988457969,0.1766205878405587,0.1810495235538855,0.2312441283049252,0.1872231915179169,294
Kang_IFN_beta,stim,trrust_dorothea_intersection,7,22,CREB1,HMOX1,RGS1,Activation,0.01826260058001645,0.25,0,0.3822305730774444,0.3497517111797127,0.1766205878405587,0.1764863776674276,0.0616024694671855,0.0559656421956783,22
Kang_IFN_beta,stim,trrust_dorothea_intersection,7,283,YY1,APH1A,NDUFAB1,Activation,0.0012235275492206992,0.25,0,0.203596832639914,0.2042678835055695,0.1750100657629853,0.1751442759361164,0.1108576030063096,0.0962286941350171,316
Kang_IFN_beta,stim,trrust_dorothea_intersection,7,116,NFE2L2,HMOX1,LILRB2,Activation,0.06703509314148104,0.25,0,0.3822305730774444,0.2983492148704906,0.1766205878405587,0.1821232049389345,0.4290699235002145,0.3050597235270484,123
Kang_IFN_beta,stim,trrust_dorothea_intersection,7,11,BACH1,HMOX1,RGS1,Repression,0.01826260058001645,0.25,0,0.3822305730774444,0.3497517111797127,0.1766205878405587,0.1764863776674276,0.0675077170849551,0.0583814253120386,11
Kang_IFN_beta,stim,trrust_dorothea_intersection,7,25,CREB1,PPP2CA,WDR1,Activation,0.004111742594907535,0.25,0,0.2022547309086025,0.208294188699504,0.1731311233391497,0.1733995436854119,0.0616024694671855,0.0559656421956783,25
Kang_IFN_beta,stim,trrust_dorothea_intersection,7,60,IRF1,IL27,ANKRD22,Activation,0.02100332769079251,0.25,0,0.3027781505838178,0.300228157294326,0.1681653469332984,0.1657495638169383,0.5240907260770497,0.3422359414843753,61
Kang_IFN_beta,stim,trrust_dorothea_intersection,7,72,IRF9,IL27,CCRL2,Repression,0.0188027739908393,0.25,0,0.3027781505838178,0.2725808616293132,0.1681653469332984,0.1672258757213806,0.1795732116494438,0.1536706482351378,76
Kang_IFN_beta,stim,trrust_dorothea_intersection,7,239,STAT1,IRF8,VASP,Activation,0.0519739354145551,0.25,0,0.3143202254730948,0.2270836129378606,0.1598443161991692,0.1618574687961359,0.6730640182525867,0.4341699100792089,267
Kang_IFN_beta,stim,trrust_dorothea_intersection,7,218,SPI1,NCF2,LPAR6,Activation,0.008315714541034873,0.25,0,0.2316467588243196,0.2286941350154347,0.1605153670648247,0.1595758958529069,0.7403033149912851,0.3172728492819825,243
Kang_IFN_beta,stim,trrust_dorothea_intersection,7,101,MYC,DDX18,RPS19BP1,Activation,0.006243817395287167,0.25,0,0.1878942423835732,0.1838679371896395,0.1590390551603825,0.159710106026038,0.3137833847805695,0.1462890887129264,108
Kang_IFN_beta,stim,trrust_dorothea_intersection,7,70,IRF8,NCF2,LPAR6,Activation,0.008315714541034873,0.25,0,0.2316467588243196,0.2286941350154347,0.1605153670648247,0.1595758958529069,0.3143202254730948,0.1598443161991692,74
Kang_IFN_beta,stim,trrust_dorothea_intersection,7,15,CEBPB,TNFAIP6,S100A8,Activation,0.005890443313699945,0.25,0,0.5342906992350067,0.5326801771574332,0.1623943094886604,0.1617232586230048,0.5074486646087883,0.2915044960408028,15
Kang_IFN_beta,stim,trrust_dorothea_intersection,7,247,STAT1,STAT2,CD2BP2,Activation,0.003539655267015978,0.25,0,0.1823916252851973,0.1760837471480347,0.1539390685814,0.1539390685814,0.6730640182525867,0.4341699100792089,276
Kang_IFN_beta,stim,trrust_dorothea_intersection,7,246,STAT1,SOCS3,SNRPD1,Activation,0.011536835509746697,0.25,0,0.2076231378338481,0.1880284525567045,0.1531338075426133,0.15273117702322,0.6730640182525867,0.4341699100792089,275
Kang_IFN_beta,stim,trrust_dorothea_intersection,7,9,ATF4,DDIT4,IRF8,Activation,0.018679304819159907,0.25,0,0.2854650382499018,0.3143202254730948,0.1587706348141202,0.1598443161991692,0.1366259562474854,0.1138102268151951,9
Kang_IFN_beta,stim,trrust_dorothea_intersection,7,242,STAT1,PIM1,LPXN,Activation,0.0055054954516627185,0.25,0,0.1980942155415387,0.1928600187894248,0.1505838142531221,0.1500469735605977,0.6730640182525867,0.4341699100792089,270
Kang_IFN_beta,stim,trrust_dorothea_intersection,7,192,RELA,RIPK2,PHB,Activation,0.012072464383662801,0.25,0,0.2076231378338486,0.1939337001744737,0.1534022278888756,0.1523285465038266,0.0654945644879882,0.0603945779090054,214
Kang_IFN_beta,stim,trrust_dorothea_intersection,7,148,NFKB1,RIPK2,POLD4,Activation,0.011107008857590124,0.25,0,0.2076231378338486,0.1888337135954911,0.1534022278888756,0.1529995973694822,0.1209233659911441,0.095155012749968,161
Kang_IFN_beta,stim,trrust_dorothea_intersection,7,193,RELA,SOCS3,RAD23A,Activation,0.014356521400137226,0.25,0,0.2076231378338481,0.1821232049389351,0.1531338075426133,0.1529995973694822,0.0654945644879882,0.0603945779090054,216
Kang_IFN_beta,stim,trrust_dorothea_intersection,7,150,NFKB1,SOCS3,PHB,Activation,0.010382588996051495,0.25,0,0.2076231378338481,0.1939337001744737,0.1531338075426133,0.1523285465038266,0.1209233659911441,0.095155012749968,163
Kang_IFN_beta,stim,trrust_dorothea_intersection,7,274,STAT3,SOCS3,ZEB2,Activation,0.006991335736596985,0.25,0,0.2076231378338481,0.208159978526373,0.1531338075426133,0.1523285465038266,0.2312441283049252,0.1872231915179169,306
Kang_IFN_beta,stim,trrust_dorothea_intersection,7,170,RELA,CD58,USP30-AS1,Activation,0.008291121924003662,0.25,0,0.1947389612132609,0.1801100523419684,0.1511206549456466,0.1509864447725155,0.0654945644879882,0.0603945779090054,190
Kang_IFN_beta,stim,trrust_dorothea_intersection,7,126,NFKB1,CD58,NANS,Activation,0.0073228649090207485,0.25,0,0.1947389612132609,0.1868205609985245,0.1511206549456466,0.1517917058113022,0.1209233659911441,0.095155012749968,137
Kang_IFN_beta,stim,trrust_dorothea_intersection,7,272,STAT3,PIM1,S1PR4,Activation,0.008443913485434718,0.25,0,0.1980942155415387,0.189638974634278,0.1505838142531221,0.1497785532143354,0.2312441283049252,0.1872231915179169,303
Kang_IFN_beta,stim,trrust_dorothea_intersection,7,62,IRF1,PSMB10,LSM7,Activation,0.00645332181082489,0.25,0,0.1680311367601677,0.1729969131660189,0.1487048718292865,0.1480338209636309,0.5240907260770497,0.3422359414843753,63
Kang_IFN_beta,stim,trrust_dorothea_intersection,7,187,RELA,MYC,SYNGR2,Activation,0.055639889495007915,0.25,0,0.3137833847805695,0.2237283586095833,0.1462890887129264,0.1436048852503041,0.0654945644879882,0.0603945779090054,209
Kang_IFN_beta,stim,trrust_dorothea_intersection,7,145,NFKB1,MYC,SYNGR2,Activation,0.055639889495007915,0.25,0,0.3137833847805695,0.2237283586095833,0.1462890887129264,0.1436048852503041,0.1209233659911441,0.095155012749968,158
Kang_IFN_beta,stim,trrust_dorothea_intersection,7,270,STAT3,MYC,PDE4DIP,Activation,0.054839358422201216,0.25,0,0.3137833847805695,0.2160783787411093,0.1462890887129264,0.1464232988860575,0.2312441283049252,0.1872231915179169,301
Kang_IFN_beta,stim,trrust_dorothea_intersection,7,291,YY1,MYC,CLEC4E,Repression,0.02994296255744231,0.25,0,0.3137833847805695,0.2802308414977878,0.1462890887129264,0.1436048852503041,0.1108576030063096,0.0962286941350171,324
Kang_IFN_beta,stim,trrust_dorothea_intersection,7,82,JUN,MYC,SYNGR2,Activation,0.055639889495007915,0.25,0,0.3137833847805695,0.2237283586095833,0.1462890887129264,0.1436048852503041,0.2003757884847679,0.1441417259428286,87
Kang_IFN_beta,stim,trrust_dorothea_intersection,7,181,RELA,HIF1A,MRP63,Activation,0.0026088099550809402,0.25,0,0.1725942826466258,0.168433767279561,0.1448127768084841,0.1449469869816153,0.0654945644879882,0.0603945779090054,203
Kang_IFN_beta,stim,trrust_dorothea_intersection,7,136,NFKB1,HIF1A,MORF4L2,Activation,0.0014309244696448804,0.25,0,0.1725942826466258,0.1700442893571343,0.1448127768084841,0.1448127768084841,0.1209233659911441,0.095155012749968,149
Kang_IFN_beta,stim,trrust_dorothea_intersection,7,95,LEF1,MYC,SYNGR2,Activation,0.055639889495007915,0.25,0,0.3137833847805695,0.2237283586095833,0.1462890887129264,0.1436048852503041,0.140920681787681,0.1103207623137857,102
Kang_IFN_beta,stim,trrust_dorothea_intersection,7,262,STAT3,HIF1A,MRP63,Activation,0.0026088099550809402,0.25,0,0.1725942826466258,0.168433767279561,0.1448127768084841,0.1449469869816153,0.2312441283049252,0.1872231915179169,293
Kang_IFN_beta,stim,trrust_dorothea_intersection,7,23,CREB1,JUN,CD3E,Repression,0.014992160623960847,0.25,0,0.2003757884847679,0.179439001476313,0.1441417259428286,0.1430680445577796,0.0616024694671855,0.0559656421956783,23
Kang_IFN_beta,stim,trrust_dorothea_intersection,7,168,RELA,CCR5,CD3E,Activation,0.023085182696968794,0.25,0,0.2201046839350429,0.179439001476313,0.1426654140383863,0.1430680445577796,0.0654945644879882,0.0603945779090054,188
Kang_IFN_beta,stim,trrust_dorothea_intersection,7,96,MEF2A,JUN,UBE2Z,Activation,0.007160343173861655,0.25,0,0.2003757884847679,0.1892363441148848,0.1441417259428286,0.1445443564622219,0.0814655750905926,0.0738155952221183,103
Kang_IFN_beta,stim,trrust_dorothea_intersection,7,16,CEBPB,TOP1,TAGAP,Activation,0.004467862522233273,0.25,0,0.1678969265870369,0.1728627029928877,0.1430680445577796,0.143470675077173,0.5074486646087883,0.2915044960408028,16
Kang_IFN_beta,stim,trrust_dorothea_intersection,7,244,STAT1,PML,ABT1,Activation,0.003941433282695974,0.25,0,0.1617232586230053,0.1550127499664489,0.1350154341699126,0.1348812239967815,0.6730640182525867,0.4341699100792089,272
Kang_IFN_beta,stim,trrust_dorothea_intersection,7,254,STAT2,PML,CCSER2,Activation,0.0034997218735555043,0.25,0,0.1617232586230053,0.1613206281036113,0.1350154341699126,0.135418064689306,0.1823916252851973,0.1539390685814,284
Kang_IFN_beta,stim,trrust_dorothea_intersection,7,73,IRF9,PML,ABT1,Activation,0.003941433282695974,0.25,0,0.1617232586230053,0.1550127499664489,0.1350154341699126,0.1348812239967815,0.1795732116494438,0.1536706482351378,77
Kang_IFN_beta,stim,trrust_dorothea_intersection,7,227,STAT1,CDKN1A,ITM2A,Activation,0.009910590444248826,0.25,0,0.1634679908737094,0.1695074486646098,0.1242786203194233,0.1253523017044723,0.6730640182525867,0.4341699100792089,254
Kang_IFN_beta,stim,trrust_dorothea_intersection,7,98,MYC,CDKN1A,SMIM14,Repression,0.0036312092846144508,0.25,0,0.1634679908737094,0.1684337672795609,0.1242786203194233,0.1245470406656855,0.3137833847805695,0.1462890887129264,105
Kang_IFN_beta,stim,trrust_dorothea_intersection,7,222,SPI1,WAS,CD247,Activation,0.003389031638632399,0.25,0,0.1505838142531219,0.1566232720440224,0.122936518588112,0.122936518588112,0.7403033149912851,0.3172728492819825,247
Kang_IFN_beta,stim,trrust_dorothea_intersection,7,174,RELA,CDKN1A,GRINA,Activation,0.008661105551733059,0.25,0,0.1634679908737094,0.1543416991007935,0.1242786203194233,0.1234733592806365,0.0654945644879882,0.0603945779090054,195
Kang_IFN_beta,stim,trrust_dorothea_intersection,7,258,STAT3,CDKN1A,FKBP4,Activation,0.0024712725287396086,0.25,0,0.1634679908737094,0.1649443027781519,0.1242786203194233,0.1245470406656855,0.2312441283049252,0.1872231915179169,289
Kang_IFN_beta,stim,trrust_dorothea_intersection,7,76,JUN,CDKN1A,FKBP4,Activation,0.0024712725287396086,0.25,0,0.1634679908737094,0.1649443027781519,0.1242786203194233,0.1245470406656855,0.2003757884847679,0.1441417259428286,81
Kang_IFN_beta,stim,trrust_dorothea_intersection,7,201,RUNX3,CASP8,SCO2,Activation,0.0023717249030967696,0.25,0,0.1440075157696971,0.1432022547309104,0.1245470406656855,0.1242786203194233,0.0746208562609051,0.0675077170849552,226
Kang_IFN_beta,stim,trrust_dorothea_intersection,7,13,CEBPB,CDKN1A,DDAH2,Activation,0.008398852083495641,0.25,0,0.1634679908737094,0.1598443161991692,0.1242786203194233,0.1233391491075053,0.5074486646087883,0.2915044960408028,13
Kang_IFN_beta,stim,trrust_dorothea_intersection,7,28,CREM,CD247,NCOA7,Repression,0.0035834003931228507,0.25,0,0.1566232720440224,0.1505838142531216,0.122936518588112,0.1230707287612431,1.111394443698838,0.5016776271641737,28
Kang_IFN_beta,stim,trrust_dorothea_intersection,7,271,STAT3,MYD88,SIVA1,Activation,0.002901949449749654,0.25,0,0.1409206817876812,0.1378338478056656,0.1201181049523582,0.119849684606096,0.2312441283049252,0.1872231915179169,302
Kang_IFN_beta,stim,trrust_dorothea_intersection,7,87,JUN,RELB,RNASEH2B,Activation,0.0027730199173233,0.25,0,0.1350154341699122,0.1376996376325346,0.1156891692390309,0.1159575895852932,0.2003757884847679,0.1441417259428286,92
Kang_IFN_beta,stim,trrust_dorothea_intersection,7,107,MYC,ID2,CEBPD,Activation,0.029428946750230098,0.25,0,0.2201046839350426,0.1680311367601677,0.1134075962958017,0.1130049657764083,0.3137833847805695,0.1462890887129264,114
Kang_IFN_beta,stim,trrust_dorothea_intersection,7,118,NFKB1,ATF3,FNDC3B,Activation,0.006133176004316884,0.25,0,0.1528653871963508,0.1457522480204016,0.1140786471614574,0.1146154878539819,0.1209233659911441,0.095155012749968,125
Kang_IFN_beta,stim,trrust_dorothea_intersection,7,74,JUN,ATF3,PTGER4,Activation,0.007292205597168528,0.25,0,0.1528653871963508,0.1414575224802058,0.1140786471614574,0.1144812776808508,0.2003757884847679,0.1441417259428286,78
Kang_IFN_beta,stim,trrust_dorothea_intersection,7,6,ATF4,ATF3,PTGER4,Activation,0.007292205597168528,0.25,0,0.1528653871963508,0.1414575224802058,0.1140786471614574,0.1144812776808508,0.1366259562474854,0.1138102268151951,6
Kang_IFN_beta,stim,trrust_dorothea_intersection,7,94,KLF6,ATF3,TXNRD1,Activation,0.001656859912220348,0.25,0,0.1528653871963508,0.1558180110052356,0.1140786471614574,0.1140786471614574,0.9133002281572968,0.4415514696014219,100
Kang_IFN_beta,stim,trrust_dorothea_intersection,7,203,RUNX3,ICAM3,SBDS,Repression,0.0012779454324292464,0.25,0,0.1297812374177985,0.1307207086297163,0.1124681250838838,0.1123339149107527,0.0746208562609051,0.0675077170849552,228
Kang_IFN_beta,stim,trrust_dorothea_intersection,7,50,HSF1,STIP1,SBDS,Activation,0.0037977901374348835,0.25,0,0.1371627969400098,0.1307207086297163,0.1121997047376215,0.1123339149107527,0.0640182525835458,0.0601261575627432,50
Kang_IFN_beta,stim,trrust_dorothea_intersection,7,213,SPI1,HCK,CBWD1,Activation,0.005952225067464056,0.25,0,0.1415917326533368,0.1330022815729452,0.1101865521406546,0.110589182660048,0.7403033149912851,0.3172728492819825,238
Kang_IFN_beta,stim,trrust_dorothea_intersection,7,259,STAT3,COPS5,CTD-2521M24.9,Activation,0.0011296772128774994,0.25,0,0.1221312575493246,0.1241444101462915,0.1092470809287367,0.1092470809287367,0.2312441283049252,0.1872231915179169,290
Kang_IFN_beta,stim,trrust_dorothea_intersection,7,79,JUN,DDIT3,YIPF5,Activation,0.0025257548654674376,0.25,0,0.1288417662058806,0.127097033955176,0.1072339283317697,0.1069655079855075,0.2003757884847679,0.1441417259428286,84
Kang_IFN_beta,stim,trrust_dorothea_intersection,7,8,ATF4,DDIT3,YIPF5,Activation,0.0025257548654674376,0.25,0,0.1288417662058806,0.127097033955176,0.1072339283317697,0.1069655079855075,0.1366259562474854,0.1138102268151951,8
Kang_IFN_beta,stim,trrust_dorothea_intersection,7,5,ATF3,DDIT3,YIPF5,Activation,0.0025257548654674376,0.25,0,0.1288417662058806,0.127097033955176,0.1072339283317697,0.1069655079855075,0.1528653871963508,0.1140786471614574,5
Kang_IFN_beta,stim,trrust_dorothea_intersection,7,219,SPI1,P2RY10,FKBP3,Activation,0.0029371607534814242,0.25,0,0.1205207354717508,0.115286538719637,0.1014628908871311,0.1014628908871311,0.7403033149912851,0.3172728492819825,244
Kang_IFN_beta,stim,trrust_dorothea_intersection,7,119,NFKB1,BCL2A1,ADM,Activation,0.016476430922819255,0.25,0,0.1595758958529066,0.1440075157696967,0.1010602603677377,0.0994497382901642,0.1209233659911441,0.095155012749968,127
Kang_IFN_beta,stim,trrust_dorothea_intersection,7,164,RELA,BCL2A1,REL,Activation,0.01575705326709066,0.25,0,0.1595758958529066,0.1406522614414189,0.1010602603677377,0.0997181586364264,0.0654945644879882,0.0603945779090054,181
Kang_IFN_beta,stim,trrust_dorothea_intersection,7,120,NFKB1,BIRC2,CLTB,Activation,0.0020870174459171288,0.25,0,0.1128707556032767,0.1159575895852927,0.100254999328951,0.1003892095020821,0.1209233659911441,0.095155012749968,128
Kang_IFN_beta,stim,trrust_dorothea_intersection,7,165,RELA,BIRC2,CLTB,Activation,0.0020870174459171288,0.25,0,0.1128707556032767,0.1159575895852927,0.100254999328951,0.1003892095020821,0.0654945644879882,0.0603945779090054,182
Kang_IFN_beta,stim,trrust_dorothea_intersection,7,114,MYC,PRDX3,SUCLG1,Activation,0.0023331479157039374,0.25,0,0.1089786605824741,0.1087102402362117,0.0983760569051151,0.0986444772513774,0.3137833847805695,0.1462890887129264,121
Kang_IFN_beta,stim,trrust_dorothea_intersection,7,12,CEBPB,ADM,GPR137B,Activation,0.008120679175822555,0.25,0,0.1440075157696967,0.1513890752919082,0.0994497382901642,0.100254999328951,0.5074486646087883,0.2915044960408028,12
Kang_IFN_beta,stim,trrust_dorothea_intersection,7,153,NFKB1,TNFAIP3,EFHD2,Activation,0.00165685991222023,0.25,0,0.1112602335257031,0.1142128573345877,0.097168165346935,0.097168165346935,0.1209233659911441,0.095155012749968,168
Kang_IFN_beta,stim,trrust_dorothea_intersection,7,196,RELA,TNFAIP3,PDCL3,Activation,0.002328280850568132,0.25,0,0.1112602335257031,0.111260233525703,0.097168165346935,0.0974365856931972,0.0654945644879882,0.0603945779090054,221
Kang_IFN_beta,stim,trrust_dorothea_intersection,7,152,NFKB1,TLR2,NUCB2,Activation,0.003916214337975232,0.25,0,0.1214602066836685,0.1144812776808501,0.0963629043081482,0.0963629043081482,0.1209233659911441,0.095155012749968,167
Kang_IFN_beta,stim,trrust_dorothea_intersection,7,162,REL,TNFAIP3,GNB4,Activation,0.0018074835406039769,0.25,0,0.1112602335257031,0.1144812776808501,0.097168165346935,0.097168165346935,0.1406522614414189,0.0997181586364264,179
Kang_IFN_beta,stim,trrust_dorothea_intersection,7,206,SPI1,ACP5,SGK1,Activation,0.008363661991455187,0.25,0,0.1437390954234346,0.1403838410951564,0.094081331364919,0.0950208025768369,0.7403033149912851,0.3172728492819825,231
Kang_IFN_beta,stim,trrust_dorothea_intersection,7,46,HIF1A,TLR2,NUCB2,Activation,0.003916214337975232,0.25,0,0.1214602066836685,0.1144812776808501,0.0963629043081482,0.0963629043081482,0.1725942826466258,0.1448127768084841,46
Kang_IFN_beta,stim,trrust_dorothea_intersection,7,188,RELA,NFKB1,CXORF21,Activation,0.007129906753243601,0.25,0,0.1209233659911441,0.1234733592806354,0.095155012749968,0.0959602737887548,0.0654945644879882,0.0603945779090054,210
Kang_IFN_beta,stim,trrust_dorothea_intersection,7,257,STAT3,CCND3,CD6,Activation,0.00045187088515085544,0.25,0,0.1116628640450966,0.1124681250838831,0.0959602737887548,0.0959602737887548,0.2312441283049252,0.1872231915179169,288
Kang_IFN_beta,stim,trrust_dorothea_intersection,7,157,RBPJ,NFKB1,CLIC4,Activation,0.004119107730705098,0.25,0,0.1209233659911441,0.1170312709703413,0.095155012749968,0.0955576432693614,0.0860287209770509,0.0773050597235277,173
Kang_IFN_beta,stim,trrust_dorothea_intersection,7,52,IRF1,CASP7,WDR45,Activation,0.0011296772128774994,0.25,0,0.1029392027915732,0.1009260501946063,0.0911287075560341,0.0911287075560341,0.5240907260770497,0.3422359414843753,52
Kang_IFN_beta,stim,trrust_dorothea_intersection,7,36,HIF1A,FAM162A,FAM107B,Activation,0.002471272528740374,0.25,0,0.0959602737887544,0.0974365856931968,0.0861629311501823,0.08589451080392,0.1725942826466258,0.1448127768084841,36
Kang_IFN_beta,stim,trrust_dorothea_intersection,7,93,JUND,TGFB1,NARS,Activation,0.0007531181419183006,0.25,0,0.098778687424508,0.0974365856931968,0.0846866192457399,0.0846866192457399,0.0667024560461684,0.0613340491209233,99
Kang_IFN_beta,stim,trrust_dorothea_intersection,7,215,SPI1,ITGB2,TSEN34,Activation,0.003916214337975295,0.25,0,0.1017313112333927,0.0947523822305742,0.0830760971681663,0.0830760971681663,0.7403033149912851,0.3172728492819825,240
Kang_IFN_beta,stim,trrust_dorothea_intersection,7,286,YY1,DNAJB4,TAF1D,Activation,0.008991625180618064,0.25,0,0.1132733861226697,0.1010602603677371,0.0838813582069531,0.0845524090726087,0.1108576030063096,0.0962286941350171,319
Kang_IFN_beta,stim,trrust_dorothea_intersection,7,217,SPI1,MSR1,MSRB1,Activation,0.003869545355156541,0.25,0,0.1034760434840974,0.0968997450006723,0.0821366259562484,0.0820024157831173,0.7403033149912851,0.3172728492819825,242
Kang_IFN_beta,stim,trrust_dorothea_intersection,7,38,HIF1A,ITGB2,NOP56,Activation,0.002560601682522281,0.25,0,0.1017313112333927,0.0971681653469345,0.0830760971681663,0.0830760971681663,0.1725942826466258,0.1448127768084841,38
Kang_IFN_beta,stim,trrust_dorothea_intersection,7,288,YY1,FDPS,LPIN2,Repression,0.00120248610781678,0.25,0,0.0942155415380498,0.0947523822305743,0.0829418869950352,0.082807676821904,0.1108576030063096,0.0962286941350171,321
Kang_IFN_beta,stim,trrust_dorothea_intersection,7,212,SPI1,ERAP2,PDHB,Activation,0.002328280850568132,0.25,0,0.0893839753053292,0.0893839753053291,0.0802576835324126,0.0805261038786748,0.7403033149912851,0.3172728492819825,237
Kang_IFN_beta,stim,trrust_dorothea_intersection,7,91,JUND,NQO2,MFSD1,Activation,0.0013865099586613569,0.25,0,0.0982418467319835,0.0968997450006722,0.0805261038786748,0.0803918937055437,0.0667024560461684,0.0613340491209233,97
Kang_IFN_beta,stim,trrust_dorothea_intersection,7,57,IRF1,ERAP2,ECHS1,Activation,0.000979053584493808,0.25,0,0.0893839753053292,0.0876392430546246,0.0802576835324126,0.0802576835324126,0.5240907260770497,0.3422359414843753,58
Kang_IFN_beta,stim,trrust_dorothea_intersection,7,42,HIF1A,PFKFB3,RDX,Activation,0.002541634385776454,0.25,0,0.0927392296336073,0.0967655348275411,0.0789155818011013,0.0787813716279701,0.1725942826466258,0.1448127768084841,42
Kang_IFN_beta,stim,trrust_dorothea_intersection,7,230,STAT1,FAS,APMAP,Activation,0.0006024945135345919,0.25,0,0.0876392430546245,0.0887129244396734,0.0750234867802985,0.0750234867802985,0.6730640182525867,0.4341699100792089,258
Kang_IFN_beta,stim,trrust_dorothea_intersection,7,197,RELA,TRAF1,NT5C2,Activation,0.0024712725287394577,0.25,0,0.0895181854784602,0.0880418735740178,0.0764997986847409,0.0762313783384787,0.0654945644879882,0.0603945779090054,222
Kang_IFN_beta,stim,trrust_dorothea_intersection,7,154,NFKB1,TRAF1,NT5C2,Activation,0.0024712725287394577,0.25,0,0.0895181854784602,0.0880418735740178,0.0764997986847409,0.0762313783384787,0.1209233659911441,0.095155012749968,170
Kang_IFN_beta,stim,trrust_dorothea_intersection,7,134,NFKB1,FAS,LAMTOR3,Activation,0.002676418717467554,0.25,0,0.0876392430546245,0.0833445175144283,0.0750234867802985,0.0751576969534296,0.1209233659911441,0.095155012749968,147
Kang_IFN_beta,stim,trrust_dorothea_intersection,7,115,MYC,SRSF1,CCDC107,Activation,7.531181419181965e-05,0.25,0,0.0825392564756416,0.0824050463025105,0.0739498053952495,0.0739498053952495,0.3137833847805695,0.1462890887129264,122
Kang_IFN_beta,stim,trrust_dorothea_intersection,7,261,STAT3,FAS,APMAP,Repression,0.0006024945135345919,0.25,0,0.0876392430546245,0.0887129244396734,0.0750234867802985,0.0750234867802985,0.2312441283049252,0.1872231915179169,292
Kang_IFN_beta,stim,trrust_dorothea_intersection,7,287,YY1,FAS,LYAR,Repression,0.0024049722156326064,0.25,0,0.0876392430546245,0.0865655616695754,0.0750234867802985,0.0752919071265608,0.1108576030063096,0.0962286941350171,320
Kang_IFN_beta,stim,trrust_dorothea_intersection,7,81,JUN,FAS,LAMTOR3,Activation,0.002676418717467554,0.25,0,0.0876392430546245,0.0833445175144283,0.0750234867802985,0.0751576969534296,0.2003757884847679,0.1441417259428286,86
Kang_IFN_beta,stim,trrust_dorothea_intersection,7,177,RELA,CXCL2,HSPA1B,Activation,0.02006723394428481,0.25,0,0.1555495906589729,0.1213259965105369,0.0720708629714136,0.071399812105758,0.0654945644879882,0.0603945779090054,199
Kang_IFN_beta,stim,trrust_dorothea_intersection,7,133,NFKB1,CXCL2,P2RY6,Activation,0.02398825402790588,0.25,0,0.1555495906589729,0.1140786471614559,0.0720708629714136,0.071399812105758,0.1209233659911441,0.095155012749968,146
Kang_IFN_beta,stim,trrust_dorothea_intersection,7,48,HSF1,HSPA1B,CLIC2,Activation,0.014609122121420435,0.25,0,0.1213259965105369,0.0997181586364256,0.071399812105758,0.0704603408938401,0.0640182525835458,0.0601261575627432,48
Kang_IFN_beta,stim,trrust_dorothea_intersection,7,281,YBX1,KPNA2,EMB,Repression,0.004515217128704248,0.25,0,0.0873708227083621,0.0822708361293792,0.0709971815863646,0.071399812105758,1.614548382767453,0.6789692658703417,314
Kang_IFN_beta,stim,trrust_dorothea_intersection,7,84,JUN,PDHA1,LBR,Activation,0.001223527549220745,0.25,0,0.0779761105891832,0.0773050597235276,0.0687156086431354,0.0688498188162665,0.2003757884847679,0.1441417259428286,89
Kang_IFN_beta,stim,trrust_dorothea_intersection,7,266,STAT3,IFNAR1,MIF,Activation,0.0003012472567673341,0.25,0,0.0720708629714136,0.0715340222788891,0.0673735069118241,0.0673735069118241,0.2312441283049252,0.1872231915179169,297
Kang_IFN_beta,stim,trrust_dorothea_intersection,7,40,HIF1A,MIF,TMEM30A,Activation,0.0015706397816577864,0.25,0,0.0715340222788891,0.0734129647027248,0.0673735069118241,0.0675077170849552,0.1725942826466258,0.1448127768084841,40
Kang_IFN_beta,stim,trrust_dorothea_intersection,7,205,SATB1,CD8B,FGR,Activation,0.01591143667606261,0.25,0,0.1081733995436863,0.0801234733592812,0.0673735069118241,0.0671050865655618,0.0974365856931968,0.0834787276875597,230
Kang_IFN_beta,stim,trrust_dorothea_intersection,7,30,HBP1,MIF,ZBTB8OS,Repression,0.0008284299561101757,0.25,0,0.0715340222788891,0.0730103341833315,0.0673735069118241,0.0673735069118241,0.2289625553616961,0.1869547711716546,30
Kang_IFN_beta,stim,trrust_dorothea_intersection,7,102,MYC,HDAC2,PARL,Activation,0.001347087357110406,0.25,0,0.0697892900281843,0.0709971815863645,0.0657629848342505,0.0658971950073816,0.3137833847805695,0.1462890887129264,109
Kang_IFN_beta,stim,trrust_dorothea_intersection,7,83,JUN,NFKB2,KDM5A,Activation,0.0016221570623941933,0.25,0,0.0731445443564625,0.0751576969534295,0.0667024560461684,0.0665682458730373,0.2003757884847679,0.1441417259428286,88
Kang_IFN_beta,stim,trrust_dorothea_intersection,7,44,HIF1A,RORA,CSRNP1,Activation,0.002184042611563193,0.25,0,0.0785129512817076,0.0746208562609049,0.0661656153536439,0.0661656153536439,0.1725942826466258,0.1448127768084841,44
Kang_IFN_beta,stim,trrust_dorothea_intersection,7,106,MYC,HSPA4,CPNE3,Activation,0.001844659255149471,0.25,0,0.0723392833176758,0.0697892900281844,0.0640182525835458,0.0641524627566769,0.3137833847805695,0.1462890887129264,113
Kang_IFN_beta,stim,trrust_dorothea_intersection,7,49,HSF1,HSPA4,TRIAP1,Activation,0.000979053584493815,0.25,0,0.0723392833176758,0.0705945510669712,0.0640182525835458,0.0640182525835458,0.0640182525835458,0.0601261575627432,49
Kang_IFN_beta,stim,trrust_dorothea_intersection,7,26,CREB1,PSEN1,DOCK10,Activation,0.00045187088515102197,0.25,0,0.0712656019326268,0.07046034089384,0.0637498322372836,0.0637498322372836,0.0616024694671855,0.0559656421956783,26
Kang_IFN_beta,stim,trrust_dorothea_intersection,7,198,RELA,XIAP,PPP1R10,Activation,0.00120248610781678,0.25,0,0.0677761374312174,0.0683129781237419,0.0617366796403166,0.0618708898134478,0.0654945644879882,0.0603945779090054,223
Kang_IFN_beta,stim,trrust_dorothea_intersection,7,155,NFKB1,XIAP,WDR61,Activation,0.0011858624515483757,0.25,0,0.0677761374312174,0.067373506911824,0.0617366796403166,0.0616024694671855,0.1209233659911441,0.095155012749968,171
Kang_IFN_beta,stim,trrust_dorothea_intersection,7,86,JUN,POLD2,ATP6AP1,Activation,0.0006778063277265364,0.25,0,0.0667024560461684,0.0654945644879882,0.059991947389612,0.059991947389612,0.2003757884847679,0.1441417259428286,91
Kang_IFN_beta,stim,trrust_dorothea_intersection,7,24,CREB1,POLD2,GTF2H1,Activation,0.001347087357110366,0.25,0,0.0667024560461684,0.0654945644879883,0.059991947389612,0.0598577372164809,0.0616024694671855,0.0559656421956783,24
Kang_IFN_beta,stim,trrust_dorothea_intersection,7,108,MYC,IER3,MGLL,Repression,0.00433055277586666,0.25,0,0.0807945242249367,0.0762313783384784,0.0578445846195141,0.0574419541001207,0.3137833847805695,0.1462890887129264,115
Kang_IFN_beta,stim,trrust_dorothea_intersection,7,183,RELA,IER3,MGLL,Activation,0.00433055277586666,0.25,0,0.0807945242249367,0.0762313783384784,0.0578445846195141,0.0574419541001207,0.0654945644879882,0.0603945779090054,205
Kang_IFN_beta,stim,trrust_dorothea_intersection,7,140,NFKB1,IER3,SCIMP,Activation,0.005121203365044721,0.25,0,0.0807945242249367,0.07166823245202,0.0578445846195141,0.0578445846195141,0.1209233659911441,0.095155012749968,153
Kang_IFN_beta,stim,trrust_dorothea_intersection,7,235,STAT1,ICAM1,RNF146,Activation,0.0026764187174679174,0.25,0,0.066299825526775,0.0620050999865789,0.0560998523688095,0.0559656421956783,0.6730640182525867,0.4341699100792089,263
Kang_IFN_beta,stim,trrust_dorothea_intersection,7,161,REL,IER3,GAPT,Activation,0.007763604892043529,0.25,0,0.0807945242249367,0.074755066434036,0.0578445846195141,0.0586498456583008,0.1406522614414189,0.0997181586364264,178
Kang_IFN_beta,stim,trrust_dorothea_intersection,7,260,STAT3,ETV6,CCDC115,Activation,0.00045187088515102197,0.25,0,0.0634814118910213,0.0626761508522345,0.0573077439269896,0.0573077439269896,0.2312441283049252,0.1872231915179169,291
Kang_IFN_beta,stim,trrust_dorothea_intersection,7,182,RELA,ICAM1,HNRNPLL,Activation,0.002621619780685915,0.25,0,0.066299825526775,0.0641524627566769,0.0560998523688095,0.0558314320225472,0.0654945644879882,0.0603945779090054,204
Kang_IFN_beta,stim,trrust_dorothea_intersection,7,139,NFKB1,ICAM1,DPM2,Activation,0.0026764187174679174,0.25,0,0.066299825526775,0.0620050999865789,0.0560998523688095,0.0559656421956783,0.1209233659911441,0.095155012749968,152
Kang_IFN_beta,stim,trrust_dorothea_intersection,7,0,ATF1,CCNA1,TCF4,Repression,0.013790380895475535,0.25,0,0.0927392296336067,0.07046034089384,0.0565024828882028,0.0558314320225472,0.0648235136223326,0.0602603677358743,0
Kang_IFN_beta,stim,trrust_dorothea_intersection,7,265,STAT3,ICAM1,DPM2,Activation,0.0026764187174679174,0.25,0,0.066299825526775,0.0620050999865789,0.0560998523688095,0.0559656421956783,0.2312441283049252,0.1872231915179169,296
Kang_IFN_beta,stim,trrust_dorothea_intersection,7,240,STAT1,JAK2,PKN2,Activation,0.00045187088515096646,0.25,0,0.0605287880821365,0.0597235270433498,0.0546235404643671,0.0546235404643671,0.6730640182525867,0.4341699100792089,268
Kang_IFN_beta,stim,trrust_dorothea_intersection,7,160,REL,ICAM1,DPM2,Activation,0.0026764187174679174,0.25,0,0.066299825526775,0.0620050999865789,0.0560998523688095,0.0559656421956783,0.1406522614414189,0.0997181586364264,177
Kang_IFN_beta,stim,trrust_dorothea_intersection,7,204,RUNX3,TCF4,MAP3K7CL,Activation,0.003869545355156593,0.25,0,0.07046034089384,0.0770366393772652,0.0558314320225472,0.0559656421956783,0.0746208562609051,0.0675077170849552,229
Kang_IFN_beta,stim,trrust_dorothea_intersection,7,89,JUN,STMN1,DCAF7,Activation,0.00602494513534671,0.25,0,0.0734129647027247,0.0626761508522345,0.0551603811568916,0.0551603811568916,0.2003757884847679,0.1441417259428286,94
Kang_IFN_beta,stim,trrust_dorothea_intersection,7,128,NFKB1,CD80,DCAF7,Activation,0.0026764187174675253,0.25,0,0.0669708763924306,0.0626761508522345,0.0550261709837605,0.0551603811568916,0.1209233659911441,0.095155012749968,140
Kang_IFN_beta,stim,trrust_dorothea_intersection,7,180,RELA,HDAC1,EED,Activation,0.0009037417703019884,0.25,0,0.0571735337538584,0.0587840558314319,0.0546235404643671,0.0546235404643671,0.0654945644879882,0.0603945779090054,202
Kang_IFN_beta,stim,trrust_dorothea_intersection,7,112,MYC,PCNA,SH3BP2,Activation,0.001223527549220758,0.25,0,0.0573077439269896,0.0579787947926452,0.0530130183867936,0.0528788082136625,0.3137833847805695,0.1462890887129264,119
Kang_IFN_beta,stim,trrust_dorothea_intersection,7,97,MYC,CCND2,ENG,Activation,0.0016221570623941434,0.25,0,0.0601261575627432,0.0581130049657763,0.0508656556166957,0.0509998657898268,0.3137833847805695,0.1462890887129264,104
Kang_IFN_beta,stim,trrust_dorothea_intersection,7,123,NFKB1,CCND2,MDK,Activation,0.00143092446964483,0.25,0,0.0601261575627432,0.0575761642732518,0.0508656556166957,0.0508656556166957,0.1209233659911441,0.095155012749968,134
Kang_IFN_beta,stim,trrust_dorothea_intersection,7,256,STAT3,CCND2,MDK,Activation,0.00143092446964483,0.25,0,0.0601261575627432,0.0575761642732518,0.0508656556166957,0.0508656556166957,0.2312441283049252,0.1872231915179169,287
Kang_IFN_beta,stim,trrust_dorothea_intersection,7,156,NFKB2,CCND2,PITPNC1,Activation,0.0024087275698104044,0.25,0,0.0601261575627432,0.0563682727150717,0.0508656556166957,0.0507314454435645,0.0731445443564625,0.0667024560461684,172
Kang_IFN_beta,stim,trrust_dorothea_intersection,8,189,RELA,NFKBIA,ANXA2,Activation,0.1888199991172143,0.25,0,2.46356193799492,2.6334720171789243,0.5634143068044745,0.5446248825661221,0.0654945644879882,0.0603945779090054,211
Kang_IFN_beta,stim,trrust_dorothea_intersection,8,71,IRF9,IFIT3,RPL34,Activation,0.23856921308736428,0.25,0,6.844047778821768,6.606629982552764,0.9171923231780238,0.9400080526103088,0.1795732116494438,0.1536706482351378,75
Kang_IFN_beta,stim,trrust_dorothea_intersection,8,252,STAT2,IFIT3,RPL34,Activation,0.23856921308736428,0.25,0,6.844047778821768,6.606629982552764,0.9171923231780238,0.9400080526103088,0.1823916252851973,0.1539390685814,282
Kang_IFN_beta,stim,trrust_dorothea_intersection,8,214,SPI1,IFIT3,RPL34,Activation,0.23856921308736428,0.25,0,6.844047778821768,6.606629982552764,0.9171923231780238,0.9400080526103088,0.7403033149912851,0.3172728492819825,239
Kang_IFN_beta,stim,trrust_dorothea_intersection,8,146,NFKB1,NFKBIA,ANXA2,Activation,0.1888199991172143,0.25,0,2.46356193799492,2.6334720171789243,0.5634143068044745,0.5446248825661221,0.1209233659911441,0.095155012749968,159
Kang_IFN_beta,stim,trrust_dorothea_intersection,8,59,IRF1,IFIT3,RPL34,Activation,0.23856921308736428,0.25,0,6.844047778821768,6.606629982552764,0.9171923231780238,0.9400080526103088,0.5240907260770497,0.3422359414843753,60
Kang_IFN_beta,stim,trrust_dorothea_intersection,8,236,STAT1,IFIT3,RPL34,Activation,0.23856921308736428,0.25,0,6.844047778821768,6.606629982552764,0.9171923231780238,0.9400080526103088,0.6730640182525867,0.4341699100792089,264
Kang_IFN_beta,stim,trrust_dorothea_intersection,8,228,STAT1,CTSB,S100A4,Activation,0.0326794345636599,0.25,0,1.9124949671185387,1.9083344517514755,0.3957858005637018,0.3995436854113738,0.6730640182525867,0.4341699100792089,255
Kang_IFN_beta,stim,trrust_dorothea_intersection,8,124,NFKB1,CCR7,HLA-DPA1,Activation,0.2226085167396759,0.25,0,2.326264930881789,2.471211917863392,0.500603945779125,0.4767145349617816,0.1209233659911441,0.095155012749968,135
Kang_IFN_beta,stim,trrust_dorothea_intersection,8,58,IRF1,HLA-A,HLA-C,Activation,0.16627391254132817,0.25,0,8.367064823513704,8.658032478861928,0.9914105489195156,0.9877868742449764,0.5240907260770497,0.3422359414843753,59
Kang_IFN_beta,stim,trrust_dorothea_intersection,8,141,NFKB1,IL1RN,CTSL,Activation,0.07746892616255974,0.25,0,2.0543551201181303,2.1477654006173896,0.3533753858542602,0.3599516843376863,0.1209233659911441,0.095155012749968,154
Kang_IFN_beta,stim,trrust_dorothea_intersection,8,132,NFKB1,CTSB,S100A4,Activation,0.0326794345636599,0.25,0,1.9124949671185387,1.9083344517514755,0.3957858005637018,0.3995436854113738,0.1209233659911441,0.095155012749968,144
Kang_IFN_beta,stim,trrust_dorothea_intersection,8,229,STAT1,CTSL,FAM26F,Activation,0.07494237681379629,0.25,0,2.1477654006173896,2.056502482888232,0.3599516843376863,0.3662595624748501,0.6730640182525867,0.4341699100792089,256
Kang_IFN_beta,stim,trrust_dorothea_intersection,8,78,JUN,CTSL,FAM26F,Activation,0.07494237681379629,0.25,0,2.1477654006173896,2.056502482888232,0.3599516843376863,0.3662595624748501,0.2003757884847679,0.1441417259428286,83
Kang_IFN_beta,stim,trrust_dorothea_intersection,8,176,RELA,CTSB,HSPB1,Activation,0.04432673397191068,0.25,0,1.9124949671185387,1.854784592672156,0.3957858005637018,0.392296336062292,0.0654945644879882,0.0603945779090054,197
Kang_IFN_beta,stim,trrust_dorothea_intersection,8,243,STAT1,PLSCR1,VIM,Activation,0.16157284629412022,0.25,0,2.672124547040689,2.935579116897079,0.7327875452959082,0.7252717756005672,0.6730640182525867,0.4341699100792089,271
Kang_IFN_beta,stim,trrust_dorothea_intersection,8,264,STAT3,HSPB1,S100A4,Activation,0.06967637574332346,0.25,0,1.854784592672156,1.9083344517514755,0.392296336062292,0.3995436854113738,0.2312441283049252,0.1872231915179169,295
Kang_IFN_beta,stim,trrust_dorothea_intersection,8,280,TCF4,VIM,HSP90AA1,Activation,0.2110511000351138,0.25,0,2.935579116897079,2.766742719098114,0.7252717756005672,0.7035297275533309,0.07046034089384,0.0558314320225472,313
Kang_IFN_beta,stim,trrust_dorothea_intersection,8,293,ZEB2,VIM,PLSCR1,Activation,0.16157284629412022,0.25,0,2.935579116897079,2.672124547040689,0.7252717756005672,0.7327875452959082,0.208159978526373,0.1523285465038266,326
Kang_IFN_beta,stim,trrust_dorothea_intersection,8,67,IRF3,IRF7,SH3BGRL3,Activation,0.24854532686434583,0.25,0,2.843376727955996,3.285599248423045,0.7845926721245083,0.7862031942020814,0.0807945242249369,0.0734129647027249,70
Kang_IFN_beta,stim,trrust_dorothea_intersection,8,185,RELA,IRF7,SH3BGRL3,Activation,0.24854532686434583,0.25,0,2.843376727955996,3.285599248423045,0.7845926721245083,0.7862031942020814,0.0654945644879882,0.0603945779090054,207
Kang_IFN_beta,stim,trrust_dorothea_intersection,8,143,NFKB1,IRF7,SH3BGRL3,Activation,0.24854532686434583,0.25,0,2.843376727955996,3.285599248423045,0.7845926721245083,0.7862031942020814,0.1209233659911441,0.095155012749968,156
Kang_IFN_beta,stim,trrust_dorothea_intersection,8,238,STAT1,IRF7,SH3BGRL3,Activation,0.24854532686434583,0.25,0,2.843376727955996,3.285599248423045,0.7845926721245083,0.7862031942020814,0.6730640182525867,0.4341699100792089,266
Kang_IFN_beta,stim,trrust_dorothea_intersection,8,232,STAT1,HLA-E,RPL30,Activation,0.08964286076397991,0.25,0,3.996778955844908,3.8449872500336073,0.9276607166822488,0.9244396725271026,0.6730640182525867,0.4341699100792089,260
Kang_IFN_beta,stim,trrust_dorothea_intersection,8,250,STAT1,TNFSF13B,SDCBP,Activation,0.15221003334215188,0.25,0,1.8700845524091103,1.8410951550127956,0.4763119044423882,0.4937592269494369,0.6730640182525867,0.4341699100792089,280
Kang_IFN_beta,stim,trrust_dorothea_intersection,8,234,STAT1,HSP90AA1,DYNLT1,Repression,0.025570326312493594,0.25,0,2.766742719098114,2.737887531874933,0.7035297275533309,0.7058113004965594,0.6730640182525867,0.4341699100792089,262
Kang_IFN_beta,stim,trrust_dorothea_intersection,8,18,CEBPD,GAPDH,CYBA,Activation,0.1357954836409398,0.25,0,2.7429875184539174,2.97248691450813,0.6765534827539821,0.6715877063481318,0.1680311367601677,0.1130049657764083,18
Kang_IFN_beta,stim,trrust_dorothea_intersection,8,37,HIF1A,GAPDH,CYBA,Activation,0.1357954836409398,0.25,0,2.7429875184539174,2.97248691450813,0.6765534827539821,0.6715877063481318,0.1725942826466258,0.1448127768084841,37
Kang_IFN_beta,stim,trrust_dorothea_intersection,8,122,NFKB1,CCL5,S100A8,Activation,0.16106968915075331,0.25,0,0.7860689840289914,0.5326801771574332,0.1704469198765273,0.1617232586230048,0.1209233659911441,0.095155012749968,133
Kang_IFN_beta,stim,trrust_dorothea_intersection,8,47,HSF1,HSPA1A,FAM26F,Activation,0.10628310844727364,0.25,0,2.1477654006173914,2.056502482888232,0.3769963763253416,0.3662595624748501,0.0640182525835458,0.0601261575627432,47
Kang_IFN_beta,stim,trrust_dorothea_intersection,8,245,STAT1,PSMB9,RPL18,Activation,0.19050170059537444,0.25,0,3.074889276607183,3.4055831432022887,0.8708898134477983,0.865924037041948,0.6730640182525867,0.4341699100792089,273
Kang_IFN_beta,stim,trrust_dorothea_intersection,8,19,CREB1,CCL5,FCGR3A,Activation,0.2152261585055832,0.25,0,0.7860689840289914,0.8820292578177421,0.1704469198765273,0.1944705408669972,0.0616024694671855,0.0559656421956783,19
Kang_IFN_beta,stim,trrust_dorothea_intersection,8,167,RELA,CCL5,TNFAIP6,Activation,0.15760787872722729,0.25,0,0.7860689840289914,0.5342906992350067,0.1704469198765273,0.1623943094886604,0.0654945644879882,0.0603945779090054,187
Kang_IFN_beta,stim,trrust_dorothea_intersection,8,207,SPI1,CCL5,TNFAIP6,Activation,0.15760787872722729,0.25,0,0.7860689840289914,0.5342906992350067,0.1704469198765273,0.1623943094886604,0.7403033149912851,0.3172728492819825,232
Kang_IFN_beta,stim,trrust_dorothea_intersection,8,90,JUND,CCL5,S100A8,Activation,0.16106968915075331,0.25,0,0.7860689840289914,0.5326801771574332,0.1704469198765273,0.1617232586230048,0.0667024560461684,0.0613340491209233,96
Kang_IFN_beta,stim,trrust_dorothea_intersection,8,63,IRF1,PSMB9,RPL18,Activation,0.19050170059537444,0.25,0,3.074889276607183,3.4055831432022887,0.8708898134477983,0.865924037041948,0.5240907260770497,0.3422359414843753,64
Kang_IFN_beta,stim,trrust_dorothea_intersection,8,75,JUN,CCL5,HLA-DQA1,Activation,0.15684536834473647,0.25,0,0.7860689840289914,0.5379143739095493,0.1704469198765273,0.1787679506106566,0.2003757884847679,0.1441417259428286,80
Kang_IFN_beta,stim,trrust_dorothea_intersection,8,53,IRF1,CCL5,HLA-DQA1,Activation,0.15684536834473647,0.25,0,0.7860689840289914,0.5379143739095493,0.1704469198765273,0.1787679506106566,0.5240907260770497,0.3422359414843753,53
Kang_IFN_beta,stim,trrust_dorothea_intersection,8,4,ATF3,CCL5,FCGR3A,Activation,0.2152261585055832,0.25,0,0.7860689840289914,0.8820292578177421,0.1704469198765273,0.1944705408669972,0.1528653871963508,0.1140786471614574,4
Kang_IFN_beta,stim,trrust_dorothea_intersection,8,159,REL,CCL5,S100A8,Activation,0.16106968915075331,0.25,0,0.7860689840289914,0.5326801771574332,0.1704469198765273,0.1617232586230048,0.1406522614414189,0.0997181586364264,176
Kang_IFN_beta,stim,trrust_dorothea_intersection,8,100,MYC,CXCR4,CREM,Activation,0.17984920806967322,0.25,0,1.4310830760971964,1.111394443698838,0.5031539390686157,0.5016776271641737,0.3137833847805695,0.1462890887129264,107
Kang_IFN_beta,stim,trrust_dorothea_intersection,8,210,SPI1,CTSS,ACTG1,Activation,0.13950457339894667,0.25,0,1.6875587169507942,1.455509327607064,0.5615353643806392,0.567306401825276,0.7403033149912851,0.3172728492819825,235
Kang_IFN_beta,stim,trrust_dorothea_intersection,8,34,HIF1A,CXCR4,CREM,Activation,0.17984920806967322,0.25,0,1.4310830760971964,1.111394443698838,0.5031539390686157,0.5016776271641737,0.1725942826466258,0.1448127768084841,34
Kang_IFN_beta,stim,trrust_dorothea_intersection,8,51,HSF1,UBB,RPL35,Activation,0.07695309601090254,0.25,0,2.433901489732948,2.426251509864481,0.8147899610790033,0.8059320896523514,0.0640182525835458,0.0601261575627432,51
Kang_IFN_beta,stim,trrust_dorothea_intersection,8,178,RELA,CXCR4,NPM1,Activation,0.15196070292539274,0.25,0,1.4310830760971964,1.1713863910884572,0.5031539390686157,0.508119715474466,0.0654945644879882,0.0603945779090054,200
Kang_IFN_beta,stim,trrust_dorothea_intersection,8,105,MYC,HNRNPA2B1,RPS11,Activation,0.06149906247342099,0.25,0,1.3992752650651232,1.3799490001342396,0.6729298080794427,0.6799087370822593,0.3137833847805695,0.1462890887129264,112
Kang_IFN_beta,stim,trrust_dorothea_intersection,8,284,YY1,CXCR4,NPM1,Repression,0.15196070292539274,0.25,0,1.4310830760971964,1.1713863910884572,0.5031539390686157,0.508119715474466,0.1108576030063096,0.0962286941350171,317
Kang_IFN_beta,stim,trrust_dorothea_intersection,8,20,CREB1,CXCR4,NPM1,Activation,0.15196070292539274,0.25,0,1.4310830760971964,1.1713863910884572,0.5031539390686157,0.508119715474466,0.0616024694671855,0.0559656421956783,20
Kang_IFN_beta,stim,trrust_dorothea_intersection,8,109,MYC,JUNB,SNX3,Repression,0.1639379134021318,0.25,0,1.3327070191920791,1.072473493490811,0.5246275667695899,0.5160381156892002,0.3137833847805695,0.1462890887129264,116
Kang_IFN_beta,stim,trrust_dorothea_intersection,8,249,STAT1,TAP1,EEF1B2,Activation,0.025710553872579367,0.25,0,1.089518185478464,1.0854918802845352,0.5451617232586464,0.5422090994497625,0.6730640182525867,0.4341699100792089,278
Kang_IFN_beta,stim,trrust_dorothea_intersection,8,144,NFKB1,JUNB,ARHGDIB,Activation,0.13806576301729598,0.25,0,1.3327070191920791,1.0901892363441257,0.5246275667695899,0.5273117702322117,0.1209233659911441,0.095155012749968,157
Kang_IFN_beta,stim,trrust_dorothea_intersection,8,66,IRF2,TAP1,EEF1B2,Activation,0.025710553872579367,0.25,0,1.089518185478464,1.0854918802845352,0.5451617232586464,0.5422090994497625,0.3865252986176447,0.2692256073010329,68
Kang_IFN_beta,stim,trrust_dorothea_intersection,8,65,IRF1,TAP1,EEF1B2,Activation,0.025710553872579367,0.25,0,1.089518185478464,1.0854918802845352,0.5451617232586464,0.5422090994497625,0.5240907260770497,0.3422359414843753,66
Kang_IFN_beta,stim,trrust_dorothea_intersection,8,268,STAT3,JUNB,SNX3,Activation,0.1639379134021318,0.25,0,1.3327070191920791,1.072473493490811,0.5246275667695899,0.5160381156892002,0.2312441283049252,0.1872231915179169,299
Kang_IFN_beta,stim,trrust_dorothea_intersection,8,56,IRF1,EIF2AK2,PTPRC,Activation,0.044026688917036226,0.25,0,0.9016239430948828,0.9359817474164506,0.5393906858140096,0.5348275399275526,0.5240907260770497,0.3422359414843753,57
Kang_IFN_beta,stim,trrust_dorothea_intersection,8,14,CEBPB,S100A9,CTSD,Activation,0.1522434982847365,0.25,0,0.7972084283988777,0.530130183867945,0.2186283720305981,0.2155415380485824,0.5074486646087883,0.2915044960408028,14
Kang_IFN_beta,stim,trrust_dorothea_intersection,8,35,HIF1A,ENO1,GBP2,Activation,0.07029672990482651,0.25,0,1.0021473627700948,0.8832371493759209,0.5046302509730577,0.502080257683567,0.1725942826466258,0.1448127768084841,35
Kang_IFN_beta,stim,trrust_dorothea_intersection,8,77,JUN,CREM,PKM,Activation,0.02239782106665087,0.25,0,1.111394443698838,1.0786471614548447,0.5016776271641737,0.5002013152597318,0.2003757884847679,0.1441417259428286,82
Kang_IFN_beta,stim,trrust_dorothea_intersection,8,276,STAT3,ZFP36,DDX58,Activation,0.0666446992959114,0.25,0,0.9892631861495094,0.875855589853708,0.4657093007650278,0.4679908737082572,0.2312441283049252,0.1872231915179169,309
Kang_IFN_beta,stim,trrust_dorothea_intersection,8,104,MYC,HNRNPA1,EEF2,Activation,0.027249875641211323,0.25,0,0.7400348946450186,0.7652664071936648,0.4552409072607986,0.4579251107234214,0.3137833847805695,0.1462890887129264,111
Kang_IFN_beta,stim,trrust_dorothea_intersection,8,186,RELA,MCL1,RBX1,Activation,0.019077088037476705,0.25,0,0.5871695074486751,0.5734800697893008,0.4020936787008655,0.4041068312978327,0.0654945644879882,0.0603945779090054,208
Kang_IFN_beta,stim,trrust_dorothea_intersection,8,269,STAT3,MCL1,GUK1,Activation,0.021218553566586022,0.25,0,0.5871695074486751,0.5542880150315518,0.4020936787008655,0.4008857871426852,0.2312441283049252,0.1872231915179169,300
Kang_IFN_beta,stim,trrust_dorothea_intersection,8,175,RELA,CFLAR,RPS26,Activation,0.028472624386099744,0.25,0,0.7672795597906349,0.725674406119985,0.4126962823782259,0.4108173399543899,0.0654945644879882,0.0603945779090054,196
Kang_IFN_beta,stim,trrust_dorothea_intersection,8,99,MYC,CFLAR,IL2RG,Repression,0.06610257241893185,0.25,0,0.7672795597906349,0.651321970205348,0.4126962823782259,0.4140383841095373,0.3137833847805695,0.1462890887129264,106
Kang_IFN_beta,stim,trrust_dorothea_intersection,8,43,HIF1A,PGK1,ZNF706,Activation,0.046972960000921035,0.25,0,0.6003221044155234,0.6819218896792407,0.4082673466648981,0.4070594551067178,0.1725942826466258,0.1448127768084841,43
Kang_IFN_beta,stim,trrust_dorothea_intersection,8,10,ATF4,MCL1,CNBP,Activation,0.01675476494952536,0.25,0,0.5871695074486751,0.6086431351496514,0.4020936787008655,0.403435780432177,0.1366259562474854,0.1138102268151951,10
Kang_IFN_beta,stim,trrust_dorothea_intersection,8,131,NFKB1,CFLAR,BAZ1A,Activation,0.04715434090196779,0.25,0,0.7672795597906349,0.7131928600187919,0.4126962823782259,0.4168567977452914,0.1209233659911441,0.095155012749968,143
Kang_IFN_beta,stim,trrust_dorothea_intersection,8,110,MYC,LDHA,ZNF706,Activation,0.017058918313291576,0.25,0,0.6993692121862883,0.6819218896792407,0.4054489330291441,0.4070594551067178,0.3137833847805695,0.1462890887129264,117
Kang_IFN_beta,stim,trrust_dorothea_intersection,8,255,STAT2,STAT1,NOP10,Activation,0.024700952306783836,0.25,0,0.6730640182525867,0.6534693329754439,0.4341699100792089,0.4316199167897172,0.1823916252851973,0.1539390685814,285
Kang_IFN_beta,stim,trrust_dorothea_intersection,8,278,STAT6,SOCS1,NEAT1,Activation,0.02153980718988321,0.25,0,0.8025768353241169,0.7774795329485972,0.4339014897329467,0.4357804321567827,0.0540866997718426,0.0500603945779089,311
Kang_IFN_beta,stim,trrust_dorothea_intersection,8,275,STAT3,STAT1,CCNI,Activation,0.02314546041645266,0.25,0,0.6730640182525867,0.6337404375251695,0.4341699100792089,0.4333646490404221,0.2312441283049252,0.1872231915179169,307
Kang_IFN_beta,stim,trrust_dorothea_intersection,8,273,STAT3,SOCS1,NEAT1,Activation,0.02153980718988321,0.25,0,0.8025768353241169,0.7774795329485972,0.4339014897329467,0.4357804321567827,0.2312441283049252,0.1872231915179169,305
Kang_IFN_beta,stim,trrust_dorothea_intersection,8,45,HIF1A,SOCS1,STAT1,Activation,0.07271318610517212,0.25,0,0.8025768353241169,0.6730640182525867,0.4339014897329467,0.4341699100792089,0.1725942826466258,0.1448127768084841,45
Kang_IFN_beta,stim,trrust_dorothea_intersection,8,279,TCF4,CD44,TPM3,Activation,0.018788741174563393,0.25,0,0.6058247215138989,0.639243054623547,0.4011542074889475,0.4010199973158164,0.07046034089384,0.0558314320225472,312
Kang_IFN_beta,stim,trrust_dorothea_intersection,8,194,RELA,STAT1,CCNI,Activation,0.02314546041645266,0.25,0,0.6730640182525867,0.6337404375251695,0.4341699100792089,0.4333646490404221,0.0654945644879882,0.0603945779090054,218
Kang_IFN_beta,stim,trrust_dorothea_intersection,8,64,IRF1,SOCS1,CASP1,Activation,0.05681773996623659,0.25,0,0.8025768353241169,0.8686082405046305,0.4339014897329467,0.438867266138799,0.5240907260770497,0.3422359414843753,65
Kang_IFN_beta,stim,trrust_dorothea_intersection,8,39,HIF1A,LDHA,LYSMD2,Activation,0.05393700689221591,0.25,0,0.6993692121862883,0.6038115689169309,0.4054489330291441,0.4061199838947998,0.1725942826466258,0.1448127768084841,39
Kang_IFN_beta,stim,trrust_dorothea_intersection,8,202,RUNX3,CFLAR,RPS26,Repression,0.028472624386099744,0.25,0,0.7672795597906349,0.725674406119985,0.4126962823782259,0.4108173399543899,0.0746208562609051,0.0675077170849552,227
Kang_IFN_beta,stim,trrust_dorothea_intersection,8,277,STAT6,RHOA,SEC61B,Activation,0.038618700857759744,0.25,0,0.7213796805797852,0.7547980136894344,0.4399409475238481,0.4438330425446513,0.0540866997718426,0.0500603945779089,310
Kang_IFN_beta,stim,trrust_dorothea_intersection,8,135,NFKB1,GSTP1,NDUFV2,Activation,0.06600436875178879,0.25,0,0.6894376593745839,0.5722721782311209,0.3881358206952265,0.3888068715608823,0.1209233659911441,0.095155012749968,148
Kang_IFN_beta,stim,trrust_dorothea_intersection,8,179,RELA,GSTP1,IFIH1,Activation,0.04682239790760924,0.25,0,0.6894376593745839,0.6690377130586542,0.3881358206952265,0.3933700174473412,0.0654945644879882,0.0603945779090054,201
Kang_IFN_beta,stim,trrust_dorothea_intersection,8,1,ATF1,LDHA,CNBP,Activation,0.05382223825170564,0.25,0,0.6993692121862883,0.6086431351496514,0.4054489330291441,0.403435780432177,0.0648235136223326,0.0602603677358743,1
Kang_IFN_beta,stim,trrust_dorothea_intersection,8,151,NFKB1,SQSTM1,SQRDL,Activation,0.03906422571202819,0.25,0,0.6765534827540003,0.6352167494296139,0.362501677627178,0.3588780029526371,0.1209233659911441,0.095155012749968,165
Kang_IFN_beta,stim,trrust_dorothea_intersection,8,149,NFKB1,SERPINB1,HSPA5,Activation,0.016466571948606654,0.25,0,0.8137162796939975,0.7871426654140368,0.3590122131257683,0.3598174741645552,0.1209233659911441,0.095155012749968,162
Kang_IFN_beta,stim,trrust_dorothea_intersection,8,290,YY1,HSPA5,SQSTM1,Activation,0.06628085953243695,0.25,0,0.7871426654140368,0.6765534827540003,0.3598174741645552,0.362501677627178,0.1108576030063096,0.0962286941350171,323
Kang_IFN_beta,stim,trrust_dorothea_intersection,8,237,STAT1,IRF1,DEK,Activation,0.021500402358735626,0.25,0,0.5240907260770497,0.4878539793316492,0.3422359414843753,0.3414306804455884,0.6730640182525867,0.4341699100792089,265
Kang_IFN_beta,stim,trrust_dorothea_intersection,8,121,NFKB1,BIRC3,PLAC8,Activation,0.07192305863633368,0.25,0,0.7807005771037432,0.908602872097704,0.3481411891021456,0.347604348409621,0.1209233659911441,0.095155012749968,129
Kang_IFN_beta,stim,trrust_dorothea_intersection,8,166,RELA,BIRC3,LTB,Activation,0.04438275420460062,0.25,0,0.7807005771037432,0.8437793584753754,0.3481411891021456,0.3512280230841619,0.0654945644879882,0.0603945779090054,183
Kang_IFN_beta,stim,trrust_dorothea_intersection,8,142,NFKB1,IRF1,DEK,Activation,0.021500402358735626,0.25,0,0.5240907260770497,0.4878539793316492,0.3422359414843753,0.3414306804455884,0.1209233659911441,0.095155012749968,155
Kang_IFN_beta,stim,trrust_dorothea_intersection,8,184,RELA,IRF1,DEK,Activation,0.021500402358735626,0.25,0,0.5240907260770497,0.4878539793316492,0.3422359414843753,0.3414306804455884,0.0654945644879882,0.0603945779090054,206
Kang_IFN_beta,stim,trrust_dorothea_intersection,8,209,SPI1,CD68,BIRC3,Repression,0.054137504984996775,0.25,0,0.8606898402898974,0.7807005771037432,0.3446517246007359,0.3481411891021456,0.7403033149912851,0.3172728492819825,234
Kang_IFN_beta,stim,trrust_dorothea_intersection,8,253,STAT2,IRF1,DEK,Activation,0.021500402358735626,0.25,0,0.5240907260770497,0.4878539793316492,0.3422359414843753,0.3414306804455884,0.1823916252851973,0.1539390685814,283
Kang_IFN_beta,stim,trrust_dorothea_intersection,8,267,STAT3,IRF1,DEK,Activation,0.021500402358735626,0.25,0,0.5240907260770497,0.4878539793316492,0.3422359414843753,0.3414306804455884,0.2312441283049252,0.1872231915179169,298
Kang_IFN_beta,stim,trrust_dorothea_intersection,8,158,REL,BIRC3,LTB,Activation,0.04438275420460062,0.25,0,0.7807005771037432,0.8437793584753754,0.3481411891021456,0.3512280230841619,0.1406522614414189,0.0997181586364264,174
Kang_IFN_beta,stim,trrust_dorothea_intersection,8,285,YY1,DEK,SELT,Activation,0.02021431613989179,0.25,0,0.4878539793316492,0.4618172057442113,0.3414306804455884,0.3430412025231621,0.1108576030063096,0.0962286941350171,318
Kang_IFN_beta,stim,trrust_dorothea_intersection,8,68,IRF8,CD68,PLAC8,Repression,0.03713222287551758,0.25,0,0.8606898402898974,0.908602872097704,0.3446517246007359,0.347604348409621,0.3143202254730948,0.1598443161991692,72
Kang_IFN_beta,stim,trrust_dorothea_intersection,8,103,MYC,HLA-F,CAST,Activation,0.014206399032787836,0.25,0,0.4324251778284935,0.4576566903771432,0.3225070460340971,0.3226412562072283,0.3137833847805695,0.1462890887129264,110
Kang_IFN_beta,stim,trrust_dorothea_intersection,8,137,NFKB1,HLA-F,ERH,Activation,0.013703803886915064,0.25,0,0.4324251778284935,0.4453093544490817,0.3225070460340971,0.3238491477654086,0.1209233659911441,0.095155012749968,150
Kang_IFN_beta,stim,trrust_dorothea_intersection,8,2,ATF1,MAP1LC3B,CAP1,Activation,0.01397049710518416,0.25,0,0.4619514159173403,0.4616829955710792,0.3284122936518674,0.3300228157294412,0.0648235136223326,0.0602603677358743,2
Kang_IFN_beta,stim,trrust_dorothea_intersection,8,32,HIF1A,ALDOA,SSR2,Activation,0.02277562456672223,0.25,0,0.4706750771708642,0.4403435780432301,0.3272044020936872,0.328949134344392,0.1725942826466258,0.1448127768084841,32
Kang_IFN_beta,stim,trrust_dorothea_intersection,8,88,JUN,SPI1,GPX1,Activation,0.05965369522316513,0.25,0,0.7403033149912851,0.7299691316601843,0.3172728492819825,0.3104281304522941,0.2003757884847679,0.1441417259428286,93
Kang_IFN_beta,stim,trrust_dorothea_intersection,8,282,YBX1,SUMO1,RPL17,Repression,0.014924240557204588,0.25,0,0.3804858408267458,0.3971279022950049,0.3085491880284581,0.3098912897597696,1.614548382767453,0.6789692658703417,315
Kang_IFN_beta,stim,trrust_dorothea_intersection,8,127,NFKB1,CD69,LACTB,Activation,0.07430482366015671,0.25,0,0.6313246544088097,0.5192591598443278,0.307475506643409,0.3029123607569501,0.1209233659911441,0.095155012749968,138
Kang_IFN_beta,stim,trrust_dorothea_intersection,8,171,RELA,CD69,GPX1,Activation,0.060991913573247354,0.25,0,0.6313246544088097,0.7299691316601843,0.307475506643409,0.3104281304522941,0.0654945644879882,0.0603945779090054,191
Kang_IFN_beta,stim,trrust_dorothea_intersection,8,216,SPI1,MNDA,CD69,Activation,0.045511641195590424,0.25,0,0.6503824989934303,0.6313246544088097,0.3023755200644255,0.307475506643409,0.7403033149912851,0.3172728492819825,241
Kang_IFN_beta,stim,trrust_dorothea_intersection,8,7,ATF4,CEBPB,STX11,Activation,0.017922435264321364,0.25,0,0.5074486646087883,0.5207354717487699,0.2915044960408028,0.2933834384646389,0.1366259562474854,0.1138102268151951,7
Kang_IFN_beta,stim,trrust_dorothea_intersection,8,17,CEBPB,XBP1,RPS27L,Activation,0.008347030628243622,0.25,0,0.4156489061871,0.412427862031954,0.2831834653066719,0.2841229365185899,0.5074486646087883,0.2915044960408028,17
Kang_IFN_beta,stim,trrust_dorothea_intersection,8,200,RORA,TUBA1B,OCIAD2,Activation,0.02252999719927398,0.25,0,0.4203462622466894,0.3815595222117929,0.2673466648771969,0.2666756140115412,0.0785129512817076,0.0661656153536439,225
Kang_IFN_beta,stim,trrust_dorothea_intersection,8,61,IRF1,IRF2,BAG1,Activation,0.019799668468744834,0.25,0,0.3865252986176447,0.3535095960273868,0.2692256073010329,0.2700308683398198,0.5240907260770497,0.3422359414843753,62
Kang_IFN_beta,stim,trrust_dorothea_intersection,8,191,RELA,PLAUR,LST1,Activation,0.023660973259267516,0.25,0,0.5368406925245025,0.5083881358207042,0.2537914373909514,0.2517782847939842,0.0654945644879882,0.0603945779090054,213
Kang_IFN_beta,stim,trrust_dorothea_intersection,8,223,STAT1,BAX,HNRNPA3,Activation,0.010107158069946547,0.25,0,0.330693866595095,0.3176754798013744,0.2509730237551973,0.2517782847939842,0.6730640182525867,0.4341699100792089,248
Kang_IFN_beta,stim,trrust_dorothea_intersection,8,147,NFKB1,PLAUR,CFD,Activation,0.046742869602695455,0.25,0,0.5368406925245025,0.5440880418735814,0.2537914373909514,0.2484230304657059,0.1209233659911441,0.095155012749968,160
Kang_IFN_beta,stim,trrust_dorothea_intersection,8,27,CREB1,UXT,YWHAQ,Activation,0.01822417533592643,0.25,0,0.3102939202791625,0.3425043618306342,0.2545966984297382,0.2543282780834759,0.0616024694671855,0.0559656421956783,27
Kang_IFN_beta,stim,trrust_dorothea_intersection,8,85,JUN,PLAUR,CAPG,Activation,0.02943362760691332,0.25,0,0.5368406925245025,0.4906723929673973,0.2537914373909514,0.2554019594685251,0.2003757884847679,0.1441417259428286,90
Kang_IFN_beta,stim,trrust_dorothea_intersection,8,3,ATF1,PLAUR,ATF5,Activation,0.04402321790725849,0.25,0,0.5368406925245025,0.4745671721916609,0.2537914373909514,0.2507046034089351,0.0648235136223326,0.0602603677358743,3
Kang_IFN_beta,stim,trrust_dorothea_intersection,8,92,JUND,PLAUR,CD38,Activation,0.042080556484980804,0.25,0,0.5368406925245025,0.4628908871292542,0.2537914373909514,0.2529861763521645,0.0667024560461684,0.0613340491209233,98
Kang_IFN_beta,stim,trrust_dorothea_intersection,8,163,RELA,BAX,ARHGDIA,Repression,0.013074020592980616,0.25,0,0.330693866595095,0.3259965105355045,0.2509730237551973,0.2494967118507548,0.0654945644879882,0.0603945779090054,180
Kang_IFN_beta,stim,trrust_dorothea_intersection,8,33,HIF1A,BAX,EIF4G2,Activation,0.00583204810911953,0.25,0,0.330693866595095,0.3211649443027848,0.2509730237551973,0.2512414441014596,0.1725942826466258,0.1448127768084841,33
Kang_IFN_beta,stim,trrust_dorothea_intersection,8,190,RELA,OPTN,AP1S2,Activation,0.008207586093399579,0.25,0,0.3227754663803567,0.3245201986310614,0.2323178096899719,0.2313783384780541,0.0654945644879882,0.0603945779090054,212
Kang_IFN_beta,stim,trrust_dorothea_intersection,8,80,JUN,EZR,RNPS1,Activation,0.01612296287117559,0.25,0,0.3136491746074409,0.2855992484230329,0.2354046436719876,0.235807274191381,0.2003757884847679,0.1441417259428286,85
Kang_IFN_beta,stim,trrust_dorothea_intersection,8,220,SPI1,SCARB2,C1QBP,Activation,0.02216023831296858,0.25,0,0.3654543014360565,0.3296201852100451,0.2288283451885629,0.2299020265736119,0.7403033149912851,0.3172728492819825,245
Kang_IFN_beta,stim,trrust_dorothea_intersection,8,226,STAT1,CD86,MS4A6A,Activation,0.04800308969192776,0.25,0,0.4661119312844,0.5113407596295877,0.2272178231109895,0.2225204670514005,0.6730640182525867,0.4341699100792089,253
Kang_IFN_beta,stim,trrust_dorothea_intersection,8,21,CREB1,HLA-DQB1,AIF1,Activation,0.043140563105867565,0.25,0,0.5133539122265548,0.50905918668636,0.231244128304923,0.2362099047107743,0.0616024694671855,0.0559656421956783,21
Kang_IFN_beta,stim,trrust_dorothea_intersection,8,173,RELA,CD86,SCARB2,Activation,0.058185725183459214,0.25,0,0.4661119312844,0.3654543014360565,0.2272178231109895,0.2288283451885629,0.0654945644879882,0.0603945779090054,194
Kang_IFN_beta,stim,trrust_dorothea_intersection,8,130,NFKB1,CD86,HLA-DQB1,Activation,0.04384595691276103,0.25,0,0.4661119312844,0.5133539122265548,0.2272178231109895,0.231244128304923,0.1209233659911441,0.095155012749968,142
Kang_IFN_beta,stim,trrust_dorothea_intersection,8,289,YY1,GNAS,PPP2R5C,Activation,0.005832048109120128,0.25,0,0.297812374177967,0.2882834518856557,0.2282915044960385,0.2280230841497762,0.1108576030063096,0.0962286941350171,322
Kang_IFN_beta,stim,trrust_dorothea_intersection,8,224,STAT1,CCR1,ATOX1,Activation,0.04376465418228174,0.25,0,0.390283183465314,0.3320359683264048,0.218494161857467,0.2151389075291891,0.6730640182525867,0.4341699100792089,251
Kang_IFN_beta,stim,trrust_dorothea_intersection,8,111,MYC,NOL7,ATP6AP2,Activation,0.0074960803119803274,0.25,0,0.2727150718024435,0.2622466782982153,0.2198362635887781,0.2192994228962537,0.3137833847805695,0.1462890887129264,118
Kang_IFN_beta,stim,trrust_dorothea_intersection,8,117,NFKB1,ALOX5AP,RGCC,Activation,0.05244596242429932,0.25,0,0.4493356596430084,0.3655885116091862,0.2154073278754513,0.212723124412829,0.1209233659911441,0.095155012749968,124
Kang_IFN_beta,stim,trrust_dorothea_intersection,8,251,STAT1,UPP1,ABRACL,Activation,0.00735840690172877,0.25,0,0.2719098107636573,0.2603677358743796,0.2090994497382888,0.2095020802576822,0.6730640182525867,0.4341699100792089,281
Kang_IFN_beta,stim,trrust_dorothea_intersection,8,241,STAT1,MVP,COPZ1,Activation,0.006670412260016236,0.25,0,0.2595624748355929,0.2484230304657085,0.2066836666219287,0.2064152462756665,0.6730640182525867,0.4341699100792089,269
Kang_IFN_beta,stim,trrust_dorothea_intersection,8,172,RELA,CD83,DEFB1,Activation,0.04054165282106584,0.25,0,0.5036907797611143,0.4580593208965319,0.2041336733324375,0.2077573480069777,0.0654945644879882,0.0603945779090054,193
Kang_IFN_beta,stim,trrust_dorothea_intersection,8,129,NFKB1,CD83,CXCL16,Activation,0.055880009188876444,0.25,0,0.5036907797611143,0.5030197288954587,0.2041336733324375,0.2105757616427311,0.1209233659911441,0.095155012749968,141
Kang_IFN_beta,stim,trrust_dorothea_intersection,8,113,MYC,PMAIP1,CD40,Activation,0.03472585932931032,0.25,0,0.3274728224399464,0.3061334049120961,0.1991678969265862,0.195410012078915,0.3137833847805695,0.1462890887129264,120
Kang_IFN_beta,stim,trrust_dorothea_intersection,8,41,HIF1A,NR3C1,IDH2,Activation,0.00621696190865346,0.25,0,0.2666756140115434,0.2705677090323463,0.202388941081733,0.2017178902160774,0.1725942826466258,0.1448127768084841,41
Kang_IFN_beta,stim,trrust_dorothea_intersection,8,292,YY1,NR3C1,RAB1A,Activation,0.010564598571827451,0.25,0,0.2666756140115434,0.2642598308951829,0.202388941081733,0.201181049523553,0.1108576030063096,0.0962286941350171,325
Kang_IFN_beta,stim,trrust_dorothea_intersection,8,225,STAT1,CD40,VIMP,Activation,0.029653297717370946,0.25,0,0.3061334049120961,0.2536572272178227,0.195410012078915,0.1958126425983083,0.6730640182525867,0.4341699100792089,252
Kang_IFN_beta,stim,trrust_dorothea_intersection,8,231,STAT1,FCGRT,BRI3,Repression,0.018987236522656638,0.25,0,0.2855992484230337,0.272312441283051,0.1912494967118504,0.1932626493088171,0.6730640182525867,0.4341699100792089,259
Kang_IFN_beta,stim,trrust_dorothea_intersection,8,208,SPI1,CD40,BRI3,Activation,0.026591793126118732,0.25,0,0.3061334049120961,0.272312441283051,0.195410012078915,0.1932626493088171,0.7403033149912851,0.3172728492819825,233
Kang_IFN_beta,stim,trrust_dorothea_intersection,8,169,RELA,CD40,HAVCR2,Activation,0.02592026579796835,0.25,0,0.3061334049120961,0.3132465440880465,0.195410012078915,0.1983626358877995,0.0654945644879882,0.0603945779090054,189
Kang_IFN_beta,stim,trrust_dorothea_intersection,8,125,NFKB1,CD40,MGAT1,Activation,0.025825229572095106,0.25,0,0.3061334049120961,0.2704334988592155,0.195410012078915,0.1972889545027506,0.1209233659911441,0.095155012749968,136
Kang_IFN_beta,stim,trrust_dorothea_intersection,8,54,IRF1,CD40,HAVCR2,Activation,0.02592026579796835,0.25,0,0.3061334049120961,0.3132465440880465,0.195410012078915,0.1983626358877995,0.5240907260770497,0.3422359414843753,54
Kang_IFN_beta,stim,trrust_dorothea_intersection,8,199,RELB,CD40,SERPINA1,Activation,0.023115262736920862,0.25,0,0.3061334049120961,0.3372701650785185,0.195410012078915,0.1936652798282105,0.1350154341699122,0.1156891692390309,224
Kang_IFN_beta,stim,trrust_dorothea_intersection,8,248,STAT1,STAT3,MTCH1,Activation,0.0067354367855526065,0.25,0,0.2312441283049252,0.2372835860958257,0.1872231915179169,0.1878942423835725,0.6730640182525867,0.4341699100792089,277
Kang_IFN_beta,stim,trrust_dorothea_intersection,8,31,HBP1,NCF1,CREG1,Repression,0.03965340598499605,0.25,0,0.3548516977586948,0.3117702321836039,0.1935310696550793,0.1899073949805392,0.2289625553616961,0.1869547711716546,31
Kang_IFN_beta,stim,trrust_dorothea_intersection,8,29,CREM,DUSP1,CREG1,Repression,0.015910190946749805,0.25,0,0.3310964971144854,0.3117702321836039,0.1912494967118504,0.1899073949805392,1.111394443698838,0.5016776271641737,29
Kang_IFN_beta,stim,trrust_dorothea_intersection,8,221,SPI1,STAT3,MTCH1,Activation,0.0067354367855526065,0.25,0,0.2312441283049252,0.2372835860958257,0.1872231915179169,0.1878942423835725,0.7403033149912851,0.3172728492819825,246
Kang_IFN_beta,stim,trrust_dorothea_intersection,8,195,RELA,STAT3,HBP1,Activation,0.0026570777111819357,0.25,0,0.2312441283049252,0.2289625553616961,0.1872231915179169,0.1869547711716546,0.0654945644879882,0.0603945779090054,219
Kang_IFN_beta,stim,trrust_dorothea_intersection,8,211,SPI1,CYBB,TGIF1,Activation,0.024989340820572744,0.25,0,0.2737887531874944,0.2300362367467457,0.1811837337270166,0.1817205744195411,0.7403033149912851,0.3172728492819825,236
Kang_IFN_beta,stim,trrust_dorothea_intersection,8,233,STAT1,HMOX1,SERPING1,Activation,0.06809920688906183,0.25,0,0.3822305730774444,0.263454569856397,0.1766205878405587,0.1782311099181321,0.6730640182525867,0.4341699100792089,261
Kang_IFN_beta,stim,trrust_dorothea_intersection,8,55,IRF1,CYBB,FLOT1,Activation,0.01677594992671123,0.25,0,0.2737887531874944,0.2450677761374314,0.1811837337270166,0.1806468930344922,0.5240907260770497,0.3422359414843753,56
Kang_IFN_beta,stim,trrust_dorothea_intersection,8,69,IRF8,CYBB,IFNGR2,Activation,0.01631535721866745,0.25,0,0.2737887531874944,0.2751308549188053,0.1811837337270166,0.179304791303181,0.3143202254730948,0.1598443161991692,73
Kang_IFN_beta,stim,trrust_dorothea_intersection,8,138,NFKB1,HMOX1,RGS1,Activation,0.01826260058001645,0.25,0,0.3822305730774444,0.3497517111797127,0.1766205878405587,0.1764863776674276,0.1209233659911441,0.095155012749968,151
Kang_IFN_beta,stim,trrust_dorothea_intersection,8,263,STAT3,HMOX1,RGS1,Activation,0.01826260058001645,0.25,0,0.3822305730774444,0.3497517111797127,0.1766205878405587,0.1764863776674276,0.2312441283049252,0.1872231915179169,294
Kang_IFN_beta,stim,trrust_dorothea_intersection,8,22,CREB1,HMOX1,HLA-DMA,Activation,0.047502837185578316,0.25,0,0.3822305730774444,0.3324385988457969,0.1766205878405587,0.1810495235538855,0.0616024694671855,0.0559656421956783,22
Kang_IFN_beta,stim,trrust_dorothea_intersection,8,283,YY1,APH1A,PFDN2,Activation,0.006136382225197127,0.25,0,0.203596832639914,0.2143336464904037,0.1750100657629853,0.1751442759361164,0.1108576030063096,0.0962286941350171,316
Kang_IFN_beta,stim,trrust_dorothea_intersection,8,116,NFE2L2,HMOX1,HLA-DMA,Activation,0.047502837185578316,0.25,0,0.3822305730774444,0.3324385988457969,0.1766205878405587,0.1810495235538855,0.4290699235002145,0.3050597235270484,123
Kang_IFN_beta,stim,trrust_dorothea_intersection,8,11,BACH1,HMOX1,RGS1,Repression,0.01826260058001645,0.25,0,0.3822305730774444,0.3497517111797127,0.1766205878405587,0.1764863776674276,0.0675077170849551,0.0583814253120386,11
Kang_IFN_beta,stim,trrust_dorothea_intersection,8,25,CREB1,PPP2CA,OGFR,Activation,0.005869221428793692,0.25,0,0.2022547309086025,0.2035968326399146,0.1731311233391497,0.1724600724734941,0.0616024694671855,0.0559656421956783,25
Kang_IFN_beta,stim,trrust_dorothea_intersection,8,60,IRF1,IL27,CCRL2,Activation,0.0188027739908393,0.25,0,0.3027781505838178,0.2725808616293132,0.1681653469332984,0.1672258757213806,0.5240907260770497,0.3422359414843753,61
Kang_IFN_beta,stim,trrust_dorothea_intersection,8,72,IRF9,IL27,IFI30,Repression,0.03204121257758785,0.25,0,0.3027781505838178,0.2524493356596439,0.1681653469332984,0.1664206146825939,0.1795732116494438,0.1536706482351378,76
Kang_IFN_beta,stim,trrust_dorothea_intersection,8,239,STAT1,IRF8,VASP,Activation,0.0519739354145551,0.25,0,0.3143202254730948,0.2270836129378606,0.1598443161991692,0.1618574687961359,0.6730640182525867,0.4341699100792089,267
Kang_IFN_beta,stim,trrust_dorothea_intersection,8,218,SPI1,NCF2,VASP,Activation,0.01191968850073822,0.25,0,0.2316467588243196,0.2270836129378606,0.1605153670648247,0.1618574687961359,0.7403033149912851,0.3172728492819825,243
Kang_IFN_beta,stim,trrust_dorothea_intersection,8,101,MYC,DDX18,PSMC5,Activation,0.0035126632491523577,0.25,0,0.1878942423835732,0.1885652932492289,0.1590390551603825,0.1594416856797758,0.3137833847805695,0.1462890887129264,108
Kang_IFN_beta,stim,trrust_dorothea_intersection,8,70,IRF8,NCF2,LPAR6,Activation,0.008315714541034873,0.25,0,0.2316467588243196,0.2286941350154347,0.1605153670648247,0.1595758958529069,0.3143202254730948,0.1598443161991692,74
Kang_IFN_beta,stim,trrust_dorothea_intersection,8,15,CEBPB,TNFAIP6,S100A8,Activation,0.005890443313699945,0.25,0,0.5342906992350067,0.5326801771574332,0.1623943094886604,0.1617232586230048,0.5074486646087883,0.2915044960408028,15
Kang_IFN_beta,stim,trrust_dorothea_intersection,8,247,STAT1,STAT2,FUS,Activation,0.001963801750727259,0.25,0,0.1823916252851973,0.179573211649444,0.1539390685814,0.1540732787545312,0.6730640182525867,0.4341699100792089,276
Kang_IFN_beta,stim,trrust_dorothea_intersection,8,246,STAT1,SOCS3,PHB,Activation,0.010382588996051495,0.25,0,0.2076231378338481,0.1939337001744737,0.1531338075426133,0.1523285465038266,0.6730640182525867,0.4341699100792089,275
Kang_IFN_beta,stim,trrust_dorothea_intersection,8,9,ATF4,DDIT4,NCF2,Activation,0.03377980076297452,0.25,0,0.2854650382499018,0.2316467588243196,0.1587706348141202,0.1605153670648247,0.1366259562474854,0.1138102268151951,9
Kang_IFN_beta,stim,trrust_dorothea_intersection,8,242,STAT1,PIM1,LPXN,Activation,0.0055054954516627185,0.25,0,0.1980942155415387,0.1928600187894248,0.1505838142531221,0.1500469735605977,0.6730640182525867,0.4341699100792089,270
Kang_IFN_beta,stim,trrust_dorothea_intersection,8,192,RELA,RIPK2,SNRPD1,Activation,0.01244114707153066,0.25,0,0.2076231378338486,0.1880284525567045,0.1534022278888756,0.15273117702322,0.0654945644879882,0.0603945779090054,214
Kang_IFN_beta,stim,trrust_dorothea_intersection,8,148,NFKB1,RIPK2,POLD4,Activation,0.011107008857590124,0.25,0,0.2076231378338486,0.1888337135954911,0.1534022278888756,0.1529995973694822,0.1209233659911441,0.095155012749968,161
Kang_IFN_beta,stim,trrust_dorothea_intersection,8,150,NFKB1,SOCS3,PHB,Activation,0.010382588996051495,0.25,0,0.2076231378338481,0.1939337001744737,0.1531338075426133,0.1523285465038266,0.1209233659911441,0.095155012749968,163
Kang_IFN_beta,stim,trrust_dorothea_intersection,8,193,RELA,SOCS3,ZEB2,Activation,0.006991335736596985,0.25,0,0.2076231378338481,0.208159978526373,0.1531338075426133,0.1523285465038266,0.0654945644879882,0.0603945779090054,216
Kang_IFN_beta,stim,trrust_dorothea_intersection,8,274,STAT3,SOCS3,SNRPD1,Activation,0.011536835509746697,0.25,0,0.2076231378338481,0.1880284525567045,0.1531338075426133,0.15273117702322,0.2312441283049252,0.1872231915179169,306
Kang_IFN_beta,stim,trrust_dorothea_intersection,8,170,RELA,CD58,NANS,Activation,0.0073228649090207485,0.25,0,0.1947389612132609,0.1868205609985245,0.1511206549456466,0.1517917058113022,0.0654945644879882,0.0603945779090054,190
Kang_IFN_beta,stim,trrust_dorothea_intersection,8,126,NFKB1,CD58,USP30-AS1,Activation,0.008291121924003662,0.25,0,0.1947389612132609,0.1801100523419684,0.1511206549456466,0.1509864447725155,0.1209233659911441,0.095155012749968,137
Kang_IFN_beta,stim,trrust_dorothea_intersection,8,272,STAT3,PIM1,BLZF1,Activation,0.006921725997367233,0.25,0,0.1980942155415387,0.1889679237686225,0.1505838142531221,0.1500469735605977,0.2312441283049252,0.1872231915179169,303
Kang_IFN_beta,stim,trrust_dorothea_intersection,8,62,IRF1,PSMB10,SDHB,Activation,0.004829361978629142,0.25,0,0.1680311367601677,0.1703127097033965,0.1487048718292865,0.148168031136762,0.5240907260770497,0.3422359414843753,63
Kang_IFN_beta,stim,trrust_dorothea_intersection,8,187,RELA,MYC,CLEC4E,Activation,0.02994296255744231,0.25,0,0.3137833847805695,0.2802308414977878,0.1462890887129264,0.1436048852503041,0.0654945644879882,0.0603945779090054,209
Kang_IFN_beta,stim,trrust_dorothea_intersection,8,145,NFKB1,MYC,SYNGR2,Activation,0.055639889495007915,0.25,0,0.3137833847805695,0.2237283586095833,0.1462890887129264,0.1436048852503041,0.1209233659911441,0.095155012749968,158
Kang_IFN_beta,stim,trrust_dorothea_intersection,8,270,STAT3,MYC,HN1,Activation,0.058006182590400454,0.25,0,0.3137833847805695,0.2166152194336335,0.1462890887129264,0.1485706616561554,0.2312441283049252,0.1872231915179169,301
Kang_IFN_beta,stim,trrust_dorothea_intersection,8,291,YY1,MYC,CLEC4E,Repression,0.02994296255744231,0.25,0,0.3137833847805695,0.2802308414977878,0.1462890887129264,0.1436048852503041,0.1108576030063096,0.0962286941350171,324
Kang_IFN_beta,stim,trrust_dorothea_intersection,8,82,JUN,MYC,SGTB,Activation,0.054324435094498635,0.25,0,0.3137833847805695,0.2197020534156502,0.1462890887129264,0.1477654006173687,0.2003757884847679,0.1441417259428286,87
Kang_IFN_beta,stim,trrust_dorothea_intersection,8,181,RELA,HIF1A,MRP63,Activation,0.0026088099550809402,0.25,0,0.1725942826466258,0.168433767279561,0.1448127768084841,0.1449469869816153,0.0654945644879882,0.0603945779090054,203
Kang_IFN_beta,stim,trrust_dorothea_intersection,8,95,LEF1,MYC,CLEC4E,Activation,0.02994296255744231,0.25,0,0.3137833847805695,0.2802308414977878,0.1462890887129264,0.1436048852503041,0.140920681787681,0.1103207623137857,102
Kang_IFN_beta,stim,trrust_dorothea_intersection,8,136,NFKB1,HIF1A,CHTOP,Activation,0.004041262071330989,0.25,0,0.1725942826466258,0.1689706079720855,0.1448127768084841,0.1444101462890908,0.1209233659911441,0.095155012749968,149
Kang_IFN_beta,stim,trrust_dorothea_intersection,8,262,STAT3,HIF1A,DTX3L,Activation,0.003512663249153227,0.25,0,0.1725942826466258,0.1732653335122813,0.1448127768084841,0.1452154073278775,0.2312441283049252,0.1872231915179169,293
Kang_IFN_beta,stim,trrust_dorothea_intersection,8,23,CREB1,JUN,UBE2Z,Repression,0.007160343173861655,0.25,0,0.2003757884847679,0.1892363441148848,0.1441417259428286,0.1445443564622219,0.0616024694671855,0.0559656421956783,23
Kang_IFN_beta,stim,trrust_dorothea_intersection,8,168,RELA,CCR5,VRK2,Activation,0.019390114029611903,0.25,0,0.2201046839350429,0.1856126694403443,0.1426654140383863,0.1427996242115174,0.0654945644879882,0.0603945779090054,188
Kang_IFN_beta,stim,trrust_dorothea_intersection,8,96,MEF2A,JUN,UBE2Z,Activation,0.007160343173861655,0.25,0,0.2003757884847679,0.1892363441148848,0.1441417259428286,0.1445443564622219,0.0814655750905926,0.0738155952221183,103
Kang_IFN_beta,stim,trrust_dorothea_intersection,8,16,CEBPB,TOP1,DNAJC7,Activation,0.0011665739578517304,0.25,0,0.1678969265870369,0.1677627164139054,0.1430680445577796,0.1429338343846485,0.5074486646087883,0.2915044960408028,16
Kang_IFN_beta,stim,trrust_dorothea_intersection,8,244,STAT1,PML,CCSER2,Activation,0.0034997218735555043,0.25,0,0.1617232586230053,0.1613206281036113,0.1350154341699126,0.135418064689306,0.6730640182525867,0.4341699100792089,272
Kang_IFN_beta,stim,trrust_dorothea_intersection,8,254,STAT2,PML,RBM17,Activation,0.002786537125097949,0.25,0,0.1617232586230053,0.1567574822171534,0.1350154341699126,0.1350154341699126,0.1823916252851973,0.1539390685814,284
Kang_IFN_beta,stim,trrust_dorothea_intersection,8,73,IRF9,PML,BTG3,Activation,0.004717070469283025,0.25,0,0.1617232586230053,0.1603811568916938,0.1350154341699126,0.1355522748624371,0.1795732116494438,0.1536706482351378,77
Kang_IFN_beta,stim,trrust_dorothea_intersection,8,227,STAT1,CDKN1A,FKBP4,Activation,0.0024712725287396086,0.25,0,0.1634679908737094,0.1649443027781519,0.1242786203194233,0.1245470406656855,0.6730640182525867,0.4341699100792089,254
Kang_IFN_beta,stim,trrust_dorothea_intersection,8,98,MYC,CDKN1A,ITM2A,Repression,0.009910590444248826,0.25,0,0.1634679908737094,0.1695074486646098,0.1242786203194233,0.1253523017044723,0.3137833847805695,0.1462890887129264,105
Kang_IFN_beta,stim,trrust_dorothea_intersection,8,222,SPI1,WAS,CD247,Activation,0.003389031638632399,0.25,0,0.1505838142531219,0.1566232720440224,0.122936518588112,0.122936518588112,0.7403033149912851,0.3172728492819825,247
Kang_IFN_beta,stim,trrust_dorothea_intersection,8,174,RELA,CDKN1A,ITM2A,Activation,0.009910590444248826,0.25,0,0.1634679908737094,0.1695074486646098,0.1242786203194233,0.1253523017044723,0.0654945644879882,0.0603945779090054,195
Kang_IFN_beta,stim,trrust_dorothea_intersection,8,258,STAT3,CDKN1A,SMIM14,Activation,0.0036312092846144508,0.25,0,0.1634679908737094,0.1684337672795609,0.1242786203194233,0.1245470406656855,0.2312441283049252,0.1872231915179169,289
Kang_IFN_beta,stim,trrust_dorothea_intersection,8,76,JUN,CDKN1A,GRINA,Activation,0.008661105551733059,0.25,0,0.1634679908737094,0.1543416991007935,0.1242786203194233,0.1234733592806365,0.2003757884847679,0.1441417259428286,81
Kang_IFN_beta,stim,trrust_dorothea_intersection,8,201,RUNX3,CASP8,POLR2E,Activation,0.001248763479057486,0.25,0,0.1440075157696971,0.1432022547309105,0.1245470406656855,0.1244128304925544,0.0746208562609051,0.0675077170849552,226
Kang_IFN_beta,stim,trrust_dorothea_intersection,8,13,CEBPB,CDKN1A,GRINA,Activation,0.008661105551733059,0.25,0,0.1634679908737094,0.1543416991007935,0.1242786203194233,0.1234733592806365,0.5074486646087883,0.2915044960408028,13
Kang_IFN_beta,stim,trrust_dorothea_intersection,8,28,CREM,CD247,P2RX4,Repression,0.0036705826476631015,0.25,0,0.1566232720440224,0.1586364246409892,0.122936518588112,0.1225338880687186,1.111394443698838,0.5016776271641737,28
Kang_IFN_beta,stim,trrust_dorothea_intersection,8,271,STAT3,MYD88,UBE2E1,Activation,0.002541634385775735,0.25,0,0.1409206817876812,0.136894376593748,0.1201181049523582,0.1199838947792271,0.2312441283049252,0.1872231915179169,302
Kang_IFN_beta,stim,trrust_dorothea_intersection,8,87,JUN,RELB,RNASEH2B,Activation,0.0027730199173233,0.25,0,0.1350154341699122,0.1376996376325346,0.1156891692390309,0.1159575895852932,0.2003757884847679,0.1441417259428286,92
Kang_IFN_beta,stim,trrust_dorothea_intersection,8,107,MYC,ID2,RP11-701P16.5,Activation,0.0012779454324291556,0.25,0,0.2201046839350426,0.2191652127231252,0.1134075962958017,0.1135418064689328,0.3137833847805695,0.1462890887129264,114
Kang_IFN_beta,stim,trrust_dorothea_intersection,8,118,NFKB1,ATF3,UBQLN2,Activation,0.008585546817868474,0.25,0,0.1528653871963508,0.1375654274594033,0.1140786471614574,0.1140786471614574,0.1209233659911441,0.095155012749968,125
Kang_IFN_beta,stim,trrust_dorothea_intersection,8,74,JUN,ATF3,PTGER4,Activation,0.007292205597168528,0.25,0,0.1528653871963508,0.1414575224802058,0.1140786471614574,0.1144812776808508,0.2003757884847679,0.1441417259428286,78
Kang_IFN_beta,stim,trrust_dorothea_intersection,8,6,ATF4,ATF3,CDK2AP2,Activation,0.008097136848711987,0.25,0,0.1528653871963508,0.1398470004026322,0.1140786471614574,0.113676016642064,0.1366259562474854,0.1138102268151951,6
Kang_IFN_beta,stim,trrust_dorothea_intersection,8,94,KLF6,ATF3,FNDC3B,Activation,0.006133176004316884,0.25,0,0.1528653871963508,0.1457522480204016,0.1140786471614574,0.1146154878539819,0.9133002281572968,0.4415514696014219,100
Kang_IFN_beta,stim,trrust_dorothea_intersection,8,203,RUNX3,ICAM3,SYPL1,Repression,0.003229584168397476,0.25,0,0.1297812374177985,0.1244128304925538,0.1124681250838838,0.1123339149107527,0.0746208562609051,0.0675077170849552,228
Kang_IFN_beta,stim,trrust_dorothea_intersection,8,50,HSF1,STIP1,ICAM3,Activation,0.004751662501024255,0.25,0,0.1371627969400098,0.1297812374177985,0.1121997047376215,0.1124681250838838,0.0640182525835458,0.0601261575627432,50
Kang_IFN_beta,stim,trrust_dorothea_intersection,8,213,SPI1,HCK,RIT1,Activation,0.002857634771598318,0.25,0,0.1415917326533368,0.1386391088444522,0.1101865521406546,0.1104549724869169,0.7403033149912851,0.3172728492819825,238
Kang_IFN_beta,stim,trrust_dorothea_intersection,8,259,STAT3,COPS5,PAK2,Activation,0.0025878682973476137,0.25,0,0.1221312575493246,0.1201181049523578,0.1092470809287367,0.1095155012749989,0.2312441283049252,0.1872231915179169,290
Kang_IFN_beta,stim,trrust_dorothea_intersection,8,79,JUN,DDIT3,TNIP2,Activation,0.003941433282695844,0.25,0,0.1288417662058806,0.1221312575493245,0.1072339283317697,0.1070997181586386,0.2003757884847679,0.1441417259428286,84
Kang_IFN_beta,stim,trrust_dorothea_intersection,8,8,ATF4,DDIT3,C1GALT1,Activation,0.004230176589032412,0.25,0,0.1288417662058806,0.1215944168568001,0.1072339283317697,0.1070997181586386,0.1366259562474854,0.1138102268151951,8
Kang_IFN_beta,stim,trrust_dorothea_intersection,8,5,ATF3,DDIT3,YIPF5,Activation,0.0025257548654674376,0.25,0,0.1288417662058806,0.127097033955176,0.1072339283317697,0.1069655079855075,0.1528653871963508,0.1140786471614574,5
Kang_IFN_beta,stim,trrust_dorothea_intersection,8,219,SPI1,P2RY10,MZT2A,Activation,0.0017321717264121607,0.25,0,0.1205207354717508,0.1174339014897349,0.1014628908871311,0.1014628908871311,0.7403033149912851,0.3172728492819825,244
Kang_IFN_beta,stim,trrust_dorothea_intersection,8,119,NFKB1,BCL2A1,REL,Activation,0.01575705326709066,0.25,0,0.1595758958529066,0.1406522614414189,0.1010602603677377,0.0997181586364264,0.1209233659911441,0.095155012749968,127
Kang_IFN_beta,stim,trrust_dorothea_intersection,8,164,RELA,BCL2A1,CPVL,Activation,0.011108159867327558,0.25,0,0.1595758958529066,0.1529995973694815,0.1010602603677377,0.1022681519259179,0.0654945644879882,0.0603945779090054,181
Kang_IFN_beta,stim,trrust_dorothea_intersection,8,120,NFKB1,BIRC2,NIPA2,Activation,0.00045187088515102197,0.25,0,0.1128707556032767,0.1120654945644899,0.100254999328951,0.100254999328951,0.1209233659911441,0.095155012749968,128
Kang_IFN_beta,stim,trrust_dorothea_intersection,8,165,RELA,BIRC2,ABHD3,Activation,0.002447055098441415,0.25,0,0.1128707556032767,0.1142128573345881,0.100254999328951,0.1005234196752132,0.0654945644879882,0.0603945779090054,182
Kang_IFN_beta,stim,trrust_dorothea_intersection,8,114,MYC,PRDX3,PSMD12,Activation,0.00030124725676727165,0.25,0,0.1089786605824741,0.1095155012749985,0.0983760569051151,0.0983760569051151,0.3137833847805695,0.1462890887129264,121
Kang_IFN_beta,stim,trrust_dorothea_intersection,8,12,CEBPB,ADM,PIM2,Activation,0.011871588777605661,0.25,0,0.1440075157696967,0.1245470406656845,0.0994497382901642,0.0989128975976397,0.5074486646087883,0.2915044960408028,12
Kang_IFN_beta,stim,trrust_dorothea_intersection,8,153,NFKB1,TNFAIP3,GNB4,Activation,0.0018074835406039769,0.25,0,0.1112602335257031,0.1144812776808501,0.097168165346935,0.097168165346935,0.1209233659911441,0.095155012749968,168
Kang_IFN_beta,stim,trrust_dorothea_intersection,8,196,RELA,TNFAIP3,EFHD2,Activation,0.00165685991222023,0.25,0,0.1112602335257031,0.1142128573345877,0.097168165346935,0.097168165346935,0.0654945644879882,0.0603945779090054,221
Kang_IFN_beta,stim,trrust_dorothea_intersection,8,152,NFKB1,TLR2,LHFPL2,Activation,0.0024712725287403567,0.25,0,0.1214602066836685,0.1229365185881108,0.0963629043081482,0.0960944839618859,0.1209233659911441,0.095155012749968,167
Kang_IFN_beta,stim,trrust_dorothea_intersection,8,162,REL,TNFAIP3,GNB4,Activation,0.0018074835406039769,0.25,0,0.1112602335257031,0.1144812776808501,0.097168165346935,0.097168165346935,0.1406522614414189,0.0997181586364264,179
Kang_IFN_beta,stim,trrust_dorothea_intersection,8,46,HIF1A,TLR2,NUCB2,Activation,0.003916214337975232,0.25,0,0.1214602066836685,0.1144812776808501,0.0963629043081482,0.0963629043081482,0.1725942826466258,0.1448127768084841,46
Kang_IFN_beta,stim,trrust_dorothea_intersection,8,206,SPI1,ACP5,PYCARD,Activation,0.01653432034147093,0.25,0,0.1437390954234346,0.1143470675077188,0.094081331364919,0.0939471211917878,0.7403033149912851,0.3172728492819825,231
Kang_IFN_beta,stim,trrust_dorothea_intersection,8,257,STAT3,CCND3,CD6,Activation,0.00045187088515085544,0.25,0,0.1116628640450966,0.1124681250838831,0.0959602737887548,0.0959602737887548,0.2312441283049252,0.1872231915179169,288
Kang_IFN_beta,stim,trrust_dorothea_intersection,8,188,RELA,NFKB1,CLIC4,Activation,0.004119107730705098,0.25,0,0.1209233659911441,0.1170312709703413,0.095155012749968,0.0955576432693614,0.0654945644879882,0.0603945779090054,210
Kang_IFN_beta,stim,trrust_dorothea_intersection,8,157,RBPJ,NFKB1,CLIC4,Activation,0.004119107730705098,0.25,0,0.1209233659911441,0.1170312709703413,0.095155012749968,0.0955576432693614,0.0860287209770509,0.0773050597235277,173
Kang_IFN_beta,stim,trrust_dorothea_intersection,8,52,IRF1,CASP7,FUNDC2,Activation,0.0012779454324293006,0.25,0,0.1029392027915732,0.1019997315796554,0.0911287075560341,0.090994497382903,0.5240907260770497,0.3422359414843753,52
Kang_IFN_beta,stim,trrust_dorothea_intersection,8,36,HIF1A,FAM162A,DNAJC2,Activation,0.0021087307973713665,0.25,0,0.0959602737887544,0.099718158636426,0.0861629311501823,0.0861629311501823,0.1725942826466258,0.1448127768084841,36
Kang_IFN_beta,stim,trrust_dorothea_intersection,8,93,JUND,TGFB1,TAF1D,Activation,0.0017304314993424282,0.25,0,0.098778687424508,0.1010602603677371,0.0846866192457399,0.0845524090726087,0.0667024560461684,0.0613340491209233,99
Kang_IFN_beta,stim,trrust_dorothea_intersection,8,215,SPI1,ITGB2,NOP56,Activation,0.002560601682522281,0.25,0,0.1017313112333927,0.0971681653469345,0.0830760971681663,0.0830760971681663,0.7403033149912851,0.3172728492819825,240
Kang_IFN_beta,stim,trrust_dorothea_intersection,8,286,YY1,DNAJB4,RGS19,Activation,0.005711018827910254,0.25,0,0.1132733861226697,0.1052207757348021,0.0838813582069531,0.0842839887263465,0.1108576030063096,0.0962286941350171,319
Kang_IFN_beta,stim,trrust_dorothea_intersection,8,217,SPI1,MSR1,MSRB1,Activation,0.003869545355156541,0.25,0,0.1034760434840974,0.0968997450006723,0.0821366259562484,0.0820024157831173,0.7403033149912851,0.3172728492819825,242
Kang_IFN_beta,stim,trrust_dorothea_intersection,8,38,HIF1A,ITGB2,B3GNT2,Activation,0.0032384080102487584,0.25,0,0.1017313112333927,0.0959602737887544,0.0830760971681663,0.0830760971681663,0.1725942826466258,0.1448127768084841,38
Kang_IFN_beta,stim,trrust_dorothea_intersection,8,288,YY1,FDPS,TWF2,Repression,0.001202486107816793,0.25,0,0.0942155415380498,0.0936787008455252,0.0829418869950352,0.082807676821904,0.1108576030063096,0.0962286941350171,321
Kang_IFN_beta,stim,trrust_dorothea_intersection,8,212,SPI1,ERAP2,MRPS14,Activation,0.0011665739578515532,0.25,0,0.0893839753053292,0.0895181854784604,0.0802576835324126,0.0803918937055437,0.7403033149912851,0.3172728492819825,237
Kang_IFN_beta,stim,trrust_dorothea_intersection,8,91,JUND,NQO2,DTNBP1,Activation,0.004427252546590139,0.25,0,0.0982418467319835,0.0915313380754272,0.0805261038786748,0.0807945242249371,0.0667024560461684,0.0613340491209233,97
Kang_IFN_beta,stim,trrust_dorothea_intersection,8,57,IRF1,ERAP2,ECHS1,Activation,0.000979053584493808,0.25,0,0.0893839753053292,0.0876392430546246,0.0802576835324126,0.0802576835324126,0.5240907260770497,0.3422359414843753,58
Kang_IFN_beta,stim,trrust_dorothea_intersection,8,42,HIF1A,PFKFB3,DNASE2,Activation,0.0026570777111812115,0.25,0,0.0927392296336073,0.0950208025768364,0.0789155818011013,0.0791840021473635,0.1725942826466258,0.1448127768084841,42
Kang_IFN_beta,stim,trrust_dorothea_intersection,8,230,STAT1,FAS,LAMTOR3,Activation,0.002676418717467554,0.25,0,0.0876392430546245,0.0833445175144283,0.0750234867802985,0.0751576969534296,0.6730640182525867,0.4341699100792089,258
Kang_IFN_beta,stim,trrust_dorothea_intersection,8,197,RELA,TRAF1,NT5C2,Activation,0.0024712725287394577,0.25,0,0.0895181854784602,0.0880418735740178,0.0764997986847409,0.0762313783384787,0.0654945644879882,0.0603945779090054,222
Kang_IFN_beta,stim,trrust_dorothea_intersection,8,154,NFKB1,TRAF1,NT5C2,Activation,0.0024712725287394577,0.25,0,0.0895181854784602,0.0880418735740178,0.0764997986847409,0.0762313783384787,0.1209233659911441,0.095155012749968,170
Kang_IFN_beta,stim,trrust_dorothea_intersection,8,115,MYC,SRSF1,CLK3,Activation,0.0007531181419183561,0.25,0,0.0825392564756416,0.0811971547443303,0.0739498053952495,0.0739498053952495,0.3137833847805695,0.1462890887129264,122
Kang_IFN_beta,stim,trrust_dorothea_intersection,8,134,NFKB1,FAS,FEZ2,Activation,0.0015211077710309887,0.25,0,0.0876392430546245,0.0858945108039198,0.0750234867802985,0.0748892766071674,0.1209233659911441,0.095155012749968,147
Kang_IFN_beta,stim,trrust_dorothea_intersection,8,261,STAT3,FAS,LAMTOR3,Repression,0.002676418717467554,0.25,0,0.0876392430546245,0.0833445175144283,0.0750234867802985,0.0751576969534296,0.2312441283049252,0.1872231915179169,292
Kang_IFN_beta,stim,trrust_dorothea_intersection,8,287,YY1,FAS,LYAR,Repression,0.0024049722156326064,0.25,0,0.0876392430546245,0.0865655616695754,0.0750234867802985,0.0752919071265608,0.1108576030063096,0.0962286941350171,320
Kang_IFN_beta,stim,trrust_dorothea_intersection,8,81,JUN,FAS,LYAR,Activation,0.0024049722156326064,0.25,0,0.0876392430546245,0.0865655616695754,0.0750234867802985,0.0752919071265608,0.2003757884847679,0.1441417259428286,86
Kang_IFN_beta,stim,trrust_dorothea_intersection,8,133,NFKB1,CXCL2,HSPA1B,Activation,0.02006723394428481,0.25,0,0.1555495906589729,0.1213259965105369,0.0720708629714136,0.071399812105758,0.1209233659911441,0.095155012749968,146
Kang_IFN_beta,stim,trrust_dorothea_intersection,8,177,RELA,CXCL2,CA2,Activation,0.02408776845720818,0.25,0,0.1555495906589729,0.1168970607972097,0.0720708629714136,0.0732787545295938,0.0654945644879882,0.0603945779090054,199
Kang_IFN_beta,stim,trrust_dorothea_intersection,8,48,HSF1,HSPA1B,PASK,Activation,0.014360077692569794,0.25,0,0.1213259965105369,0.1002549993289502,0.071399812105758,0.0723392833176759,0.0640182525835458,0.0601261575627432,48
Kang_IFN_beta,stim,trrust_dorothea_intersection,8,281,YBX1,KPNA2,EMB,Repression,0.004515217128704248,0.25,0,0.0873708227083621,0.0822708361293792,0.0709971815863646,0.071399812105758,1.614548382767453,0.6789692658703417,314
Kang_IFN_beta,stim,trrust_dorothea_intersection,8,84,JUN,PDHA1,LBR,Activation,0.001223527549220745,0.25,0,0.0779761105891832,0.0773050597235276,0.0687156086431354,0.0688498188162665,0.2003757884847679,0.1441417259428286,89
Kang_IFN_beta,stim,trrust_dorothea_intersection,8,266,STAT3,IFNAR1,ZBTB8OS,Activation,0.0005271826993428416,0.25,0,0.0720708629714136,0.0730103341833315,0.0673735069118241,0.0673735069118241,0.2312441283049252,0.1872231915179169,297
Kang_IFN_beta,stim,trrust_dorothea_intersection,8,40,HIF1A,MIF,ZBTB8OS,Activation,0.0008284299561101757,0.25,0,0.0715340222788891,0.0730103341833315,0.0673735069118241,0.0673735069118241,0.1725942826466258,0.1448127768084841,40
Kang_IFN_beta,stim,trrust_dorothea_intersection,8,205,SATB1,CD8B,FUCA1,Activation,0.015241380248604853,0.25,0,0.1081733995436863,0.1049523553885394,0.0673735069118241,0.0656287746611194,0.0974365856931968,0.0834787276875597,230
Kang_IFN_beta,stim,trrust_dorothea_intersection,8,30,HBP1,MIF,LCP2,Repression,0.0015815480980285249,0.25,0,0.0715340222788891,0.0743524359146428,0.0673735069118241,0.0673735069118241,0.2289625553616961,0.1869547711716546,30
Kang_IFN_beta,stim,trrust_dorothea_intersection,8,102,MYC,HDAC2,MRPL15,Activation,0.0012024861078159593,0.25,0,0.0697892900281843,0.0703261307207089,0.0657629848342505,0.0656287746611194,0.3137833847805695,0.1462890887129264,109
Kang_IFN_beta,stim,trrust_dorothea_intersection,8,83,JUN,NFKB2,HTATSF1,Activation,0.0012779454324293436,0.25,0,0.0731445443564625,0.0740840155683805,0.0667024560461684,0.0665682458730373,0.2003757884847679,0.1441417259428286,88
Kang_IFN_beta,stim,trrust_dorothea_intersection,8,44,HIF1A,RORA,PTRHD1,Activation,0.002608809955080659,0.25,0,0.0785129512817076,0.0743524359146427,0.0661656153536439,0.066299825526775,0.1725942826466258,0.1448127768084841,44
Kang_IFN_beta,stim,trrust_dorothea_intersection,8,106,MYC,HSPA4,TRIAP1,Activation,0.000979053584493815,0.25,0,0.0723392833176758,0.0705945510669712,0.0640182525835458,0.0640182525835458,0.3137833847805695,0.1462890887129264,113
Kang_IFN_beta,stim,trrust_dorothea_intersection,8,49,HSF1,HSPA4,TRIAP1,Activation,0.000979053584493815,0.25,0,0.0723392833176758,0.0705945510669712,0.0640182525835458,0.0640182525835458,0.0640182525835458,0.0601261575627432,49
Kang_IFN_beta,stim,trrust_dorothea_intersection,8,26,CREB1,PSEN1,CKS1B,Activation,0.0008284299561102243,0.25,0,0.0712656019326268,0.0697892900281843,0.0637498322372836,0.0637498322372836,0.0616024694671855,0.0559656421956783,26
Kang_IFN_beta,stim,trrust_dorothea_intersection,8,198,RELA,XIAP,PPP1R10,Activation,0.00120248610781678,0.25,0,0.0677761374312174,0.0683129781237419,0.0617366796403166,0.0618708898134478,0.0654945644879882,0.0603945779090054,223
Kang_IFN_beta,stim,trrust_dorothea_intersection,8,155,NFKB1,XIAP,PPP1R10,Activation,0.00120248610781678,0.25,0,0.0677761374312174,0.0683129781237419,0.0617366796403166,0.0618708898134478,0.1209233659911441,0.095155012749968,171
Kang_IFN_beta,stim,trrust_dorothea_intersection,8,86,JUN,POLD2,ATP6AP1,Activation,0.0006778063277265364,0.25,0,0.0667024560461684,0.0654945644879882,0.059991947389612,0.059991947389612,0.2003757884847679,0.1441417259428286,91
Kang_IFN_beta,stim,trrust_dorothea_intersection,8,24,CREB1,POLD2,DKC1,Activation,0.0011665739578523805,0.25,0,0.0667024560461684,0.0665682458730373,0.059991947389612,0.0601261575627432,0.0616024694671855,0.0559656421956783,24
Kang_IFN_beta,stim,trrust_dorothea_intersection,8,108,MYC,IER3,MAP3K8,Repression,0.007292205597168526,0.25,0,0.0807945242249367,0.0693866595087909,0.0578445846195141,0.0582472151389074,0.3137833847805695,0.1462890887129264,115
Kang_IFN_beta,stim,trrust_dorothea_intersection,8,183,RELA,IER3,MGLL,Activation,0.00433055277586666,0.25,0,0.0807945242249367,0.0762313783384784,0.0578445846195141,0.0574419541001207,0.0654945644879882,0.0603945779090054,205
Kang_IFN_beta,stim,trrust_dorothea_intersection,8,140,NFKB1,IER3,TSHZ2,Activation,0.004958548156013065,0.25,0,0.0807945242249367,0.0722050731445446,0.0578445846195141,0.0579787947926452,0.1209233659911441,0.095155012749968,153
Kang_IFN_beta,stim,trrust_dorothea_intersection,8,235,STAT1,ICAM1,RNF146,Activation,0.0026764187174679174,0.25,0,0.066299825526775,0.0620050999865789,0.0560998523688095,0.0559656421956783,0.6730640182525867,0.4341699100792089,263
Kang_IFN_beta,stim,trrust_dorothea_intersection,8,161,REL,IER3,TSHZ2,Activation,0.004958548156013065,0.25,0,0.0807945242249367,0.0722050731445446,0.0578445846195141,0.0579787947926452,0.1406522614414189,0.0997181586364264,178
Kang_IFN_beta,stim,trrust_dorothea_intersection,8,260,STAT3,ETV6,LZIC,Activation,0.001248763479057464,0.25,0,0.0634814118910213,0.0626761508522345,0.0573077439269896,0.0574419541001207,0.2312441283049252,0.1872231915179169,291
Kang_IFN_beta,stim,trrust_dorothea_intersection,8,182,RELA,ICAM1,HNRNPLL,Activation,0.002621619780685915,0.25,0,0.066299825526775,0.0641524627566769,0.0560998523688095,0.0558314320225472,0.0654945644879882,0.0603945779090054,204
Kang_IFN_beta,stim,trrust_dorothea_intersection,8,139,NFKB1,ICAM1,HNRNPLL,Activation,0.002621619780685915,0.25,0,0.066299825526775,0.0641524627566769,0.0560998523688095,0.0558314320225472,0.1209233659911441,0.095155012749968,152
Kang_IFN_beta,stim,trrust_dorothea_intersection,8,0,ATF1,CCNA1,ADAP2,Repression,0.012200513899076903,0.25,0,0.0927392296336067,0.0709971815863644,0.0565024828882028,0.0565024828882028,0.0648235136223326,0.0602603677358743,0
Kang_IFN_beta,stim,trrust_dorothea_intersection,8,265,STAT3,ICAM1,DPM2,Activation,0.0026764187174679174,0.25,0,0.066299825526775,0.0620050999865789,0.0560998523688095,0.0559656421956783,0.2312441283049252,0.1872231915179169,296
Kang_IFN_beta,stim,trrust_dorothea_intersection,8,240,STAT1,JAK2,HEBP1,Activation,0.0003012472567673341,0.25,0,0.0605287880821365,0.061065628774661,0.0546235404643671,0.0546235404643671,0.6730640182525867,0.4341699100792089,268
Kang_IFN_beta,stim,trrust_dorothea_intersection,8,160,REL,ICAM1,PHIP,Activation,0.0021087307973713665,0.25,0,0.066299825526775,0.0625419406791034,0.0560998523688095,0.0560998523688095,0.1406522614414189,0.0997181586364264,177
Kang_IFN_beta,stim,trrust_dorothea_intersection,8,204,RUNX3,TCF4,MRPL49,Activation,0.0037261752963456346,0.25,0,0.07046034089384,0.0641524627566769,0.0558314320225472,0.0556972218494161,0.0746208562609051,0.0675077170849552,229
Kang_IFN_beta,stim,trrust_dorothea_intersection,8,89,JUN,STMN1,CMTM8,Activation,0.0023346662399468254,0.25,0,0.0734129647027247,0.0692524493356598,0.0551603811568916,0.0551603811568916,0.2003757884847679,0.1441417259428286,94
Kang_IFN_beta,stim,trrust_dorothea_intersection,8,128,NFKB1,CD80,DUSP10,Activation,0.002861848939289667,0.25,0,0.0669708763924306,0.0618708898134478,0.0550261709837605,0.0550261709837605,0.1209233659911441,0.095155012749968,140
Kang_IFN_beta,stim,trrust_dorothea_intersection,8,180,RELA,HDAC1,PKN2,Activation,0.00143092446964483,0.25,0,0.0571735337538584,0.0597235270433498,0.0546235404643671,0.0546235404643671,0.0654945644879882,0.0603945779090054,202
Kang_IFN_beta,stim,trrust_dorothea_intersection,8,112,MYC,PCNA,MAD2L2,Activation,0.0011858624515491908,0.25,0,0.0573077439269896,0.0577103744463829,0.0530130183867936,0.0531472285599248,0.3137833847805695,0.1462890887129264,119
Kang_IFN_beta,stim,trrust_dorothea_intersection,8,97,MYC,CCND2,ENG,Activation,0.0016221570623941434,0.25,0,0.0601261575627432,0.0581130049657763,0.0508656556166957,0.0509998657898268,0.3137833847805695,0.1462890887129264,104
Kang_IFN_beta,stim,trrust_dorothea_intersection,8,123,NFKB1,CCND2,PITPNC1,Activation,0.0024087275698104044,0.25,0,0.0601261575627432,0.0563682727150717,0.0508656556166957,0.0507314454435645,0.1209233659911441,0.095155012749968,134
Kang_IFN_beta,stim,trrust_dorothea_intersection,8,256,STAT3,CCND2,PITPNC1,Activation,0.0024087275698104044,0.25,0,0.0601261575627432,0.0563682727150717,0.0508656556166957,0.0507314454435645,0.2312441283049252,0.1872231915179169,287
Kang_IFN_beta,stim,trrust_dorothea_intersection,8,156,NFKB2,CCND2,ZC3H13,Activation,0.0012803008412611422,0.25,0,0.0601261575627432,0.0578445846195141,0.0508656556166957,0.0508656556166957,0.0731445443564625,0.0667024560461684,172
Kang_IFN_beta,stim,trrust_dorothea_intersection,9,236,STAT1,IFIT3,RPL34,Activation,0.23856921308736428,0.25,0,6.844047778821768,6.606629982552764,0.9171923231780238,0.9400080526103088,0.6730640182525867,0.4341699100792089,264
Kang_IFN_beta,stim,trrust_dorothea_intersection,9,146,NFKB1,NFKBIA,ANXA2,Activation,0.1888199991172143,0.25,0,2.46356193799492,2.6334720171789243,0.5634143068044745,0.5446248825661221,0.1209233659911441,0.095155012749968,159
Kang_IFN_beta,stim,trrust_dorothea_intersection,9,189,RELA,NFKBIA,ANXA2,Activation,0.1888199991172143,0.25,0,2.46356193799492,2.6334720171789243,0.5634143068044745,0.5446248825661221,0.0654945644879882,0.0603945779090054,211
Kang_IFN_beta,stim,trrust_dorothea_intersection,9,59,IRF1,IFIT3,RPL34,Activation,0.23856921308736428,0.25,0,6.844047778821768,6.606629982552764,0.9171923231780238,0.9400080526103088,0.5240907260770497,0.3422359414843753,60
Kang_IFN_beta,stim,trrust_dorothea_intersection,9,214,SPI1,IFIT3,RPL34,Activation,0.23856921308736428,0.25,0,6.844047778821768,6.606629982552764,0.9171923231780238,0.9400080526103088,0.7403033149912851,0.3172728492819825,239
Kang_IFN_beta,stim,trrust_dorothea_intersection,9,252,STAT2,IFIT3,RPL34,Activation,0.23856921308736428,0.25,0,6.844047778821768,6.606629982552764,0.9171923231780238,0.9400080526103088,0.1823916252851973,0.1539390685814,282
Kang_IFN_beta,stim,trrust_dorothea_intersection,9,71,IRF9,IFIT3,RPL34,Activation,0.23856921308736428,0.25,0,6.844047778821768,6.606629982552764,0.9171923231780238,0.9400080526103088,0.1795732116494438,0.1536706482351378,75
Kang_IFN_beta,stim,trrust_dorothea_intersection,9,228,STAT1,CTSB,S100A4,Activation,0.0326794345636599,0.25,0,1.9124949671185387,1.9083344517514755,0.3957858005637018,0.3995436854113738,0.6730640182525867,0.4341699100792089,255
Kang_IFN_beta,stim,trrust_dorothea_intersection,9,124,NFKB1,CCR7,HLA-DPA1,Activation,0.2226085167396759,0.25,0,2.326264930881789,2.471211917863392,0.500603945779125,0.4767145349617816,0.1209233659911441,0.095155012749968,135
Kang_IFN_beta,stim,trrust_dorothea_intersection,9,58,IRF1,HLA-A,HLA-C,Activation,0.16627391254132817,0.25,0,8.367064823513704,8.658032478861928,0.9914105489195156,0.9877868742449764,0.5240907260770497,0.3422359414843753,59
Kang_IFN_beta,stim,trrust_dorothea_intersection,9,141,NFKB1,IL1RN,FAM26F,Activation,0.11176397684146981,0.25,0,2.0543551201181303,2.056502482888232,0.3533753858542602,0.3662595624748501,0.1209233659911441,0.095155012749968,154
Kang_IFN_beta,stim,trrust_dorothea_intersection,9,176,RELA,CTSB,S100A4,Activation,0.0326794345636599,0.25,0,1.9124949671185387,1.9083344517514755,0.3957858005637018,0.3995436854113738,0.0654945644879882,0.0603945779090054,197
Kang_IFN_beta,stim,trrust_dorothea_intersection,9,78,JUN,CTSL,FAM26F,Activation,0.07494237681379629,0.25,0,2.1477654006173896,2.056502482888232,0.3599516843376863,0.3662595624748501,0.2003757884847679,0.1441417259428286,83
Kang_IFN_beta,stim,trrust_dorothea_intersection,9,132,NFKB1,CTSB,S100A4,Activation,0.0326794345636599,0.25,0,1.9124949671185387,1.9083344517514755,0.3957858005637018,0.3995436854113738,0.1209233659911441,0.095155012749968,144
Kang_IFN_beta,stim,trrust_dorothea_intersection,9,229,STAT1,CTSL,FAM26F,Activation,0.07494237681379629,0.25,0,2.1477654006173896,2.056502482888232,0.3599516843376863,0.3662595624748501,0.6730640182525867,0.4341699100792089,256
Kang_IFN_beta,stim,trrust_dorothea_intersection,9,243,STAT1,PLSCR1,VIM,Activation,0.16157284629412022,0.25,0,2.672124547040689,2.935579116897079,0.7327875452959082,0.7252717756005672,0.6730640182525867,0.4341699100792089,271
Kang_IFN_beta,stim,trrust_dorothea_intersection,9,67,IRF3,IRF7,SH3BGRL3,Activation,0.24854532686434583,0.25,0,2.843376727955996,3.285599248423045,0.7845926721245083,0.7862031942020814,0.0807945242249369,0.0734129647027249,70
Kang_IFN_beta,stim,trrust_dorothea_intersection,9,264,STAT3,HSPB1,CTSB,Activation,0.04432673397191068,0.25,0,1.854784592672156,1.9124949671185387,0.392296336062292,0.3957858005637018,0.2312441283049252,0.1872231915179169,295
Kang_IFN_beta,stim,trrust_dorothea_intersection,9,293,ZEB2,VIM,PLSCR1,Activation,0.16157284629412022,0.25,0,2.935579116897079,2.672124547040689,0.7252717756005672,0.7327875452959082,0.208159978526373,0.1523285465038266,326
Kang_IFN_beta,stim,trrust_dorothea_intersection,9,232,STAT1,HLA-E,RPL27A,Activation,0.17215976712625614,0.25,0,3.996778955844908,4.170178499530317,0.9276607166822488,0.911287075560256,0.6730640182525867,0.4341699100792089,260
Kang_IFN_beta,stim,trrust_dorothea_intersection,9,185,RELA,IRF7,RPL6,Activation,0.29884819853205696,0.25,0,2.843376727955996,2.3983357938532106,0.7845926721245083,0.7656690377130249,0.0654945644879882,0.0603945779090054,207
Kang_IFN_beta,stim,trrust_dorothea_intersection,9,238,STAT1,IRF7,SH3BGRL3,Activation,0.24854532686434583,0.25,0,2.843376727955996,3.285599248423045,0.7845926721245083,0.7862031942020814,0.6730640182525867,0.4341699100792089,266
Kang_IFN_beta,stim,trrust_dorothea_intersection,9,143,NFKB1,IRF7,SH3BGRL3,Activation,0.24854532686434583,0.25,0,2.843376727955996,3.285599248423045,0.7845926721245083,0.7862031942020814,0.1209233659911441,0.095155012749968,156
Kang_IFN_beta,stim,trrust_dorothea_intersection,9,280,TCF4,VIM,PLSCR1,Activation,0.16157284629412022,0.25,0,2.935579116897079,2.672124547040689,0.7252717756005672,0.7327875452959082,0.07046034089384,0.0558314320225472,313
Kang_IFN_beta,stim,trrust_dorothea_intersection,9,18,CEBPD,GAPDH,RPL10A,Activation,0.1820456515829716,0.25,0,2.7429875184539174,2.488525030197317,0.6765534827539821,0.6895718695476977,0.1680311367601677,0.1130049657764083,18
Kang_IFN_beta,stim,trrust_dorothea_intersection,9,234,STAT1,HSP90AA1,DYNLT1,Repression,0.025570326312493594,0.25,0,2.766742719098114,2.737887531874933,0.7035297275533309,0.7058113004965594,0.6730640182525867,0.4341699100792089,262
Kang_IFN_beta,stim,trrust_dorothea_intersection,9,250,STAT1,TNFSF13B,GSTO1,Activation,0.18098769359428224,0.25,0,1.8700845524091103,1.572540598577406,0.4763119044423882,0.4682592940545195,0.6730640182525867,0.4341699100792089,280
Kang_IFN_beta,stim,trrust_dorothea_intersection,9,37,HIF1A,GAPDH,CYBA,Activation,0.1357954836409398,0.25,0,2.7429875184539174,2.97248691450813,0.6765534827539821,0.6715877063481318,0.1725942826466258,0.1448127768084841,37
Kang_IFN_beta,stim,trrust_dorothea_intersection,9,207,SPI1,CCL5,TNFAIP6,Activation,0.15760787872722729,0.25,0,0.7860689840289914,0.5342906992350067,0.1704469198765273,0.1623943094886604,0.7403033149912851,0.3172728492819825,232
Kang_IFN_beta,stim,trrust_dorothea_intersection,9,245,STAT1,PSMB9,SERF2,Activation,0.23242183130081226,0.25,0,3.074889276607183,2.879345054355146,0.8708898134477983,0.8472688229767267,0.6730640182525867,0.4341699100792089,273
Kang_IFN_beta,stim,trrust_dorothea_intersection,9,167,RELA,CCL5,TNFAIP6,Activation,0.15760787872722729,0.25,0,0.7860689840289914,0.5342906992350067,0.1704469198765273,0.1623943094886604,0.0654945644879882,0.0603945779090054,187
Kang_IFN_beta,stim,trrust_dorothea_intersection,9,122,NFKB1,CCL5,HLA-DQA1,Activation,0.15684536834473647,0.25,0,0.7860689840289914,0.5379143739095493,0.1704469198765273,0.1787679506106566,0.1209233659911441,0.095155012749968,133
Kang_IFN_beta,stim,trrust_dorothea_intersection,9,19,CREB1,CCL5,TNFAIP6,Activation,0.15760787872722729,0.25,0,0.7860689840289914,0.5342906992350067,0.1704469198765273,0.1623943094886604,0.0616024694671855,0.0559656421956783,19
Kang_IFN_beta,stim,trrust_dorothea_intersection,9,47,HSF1,HSPA1A,CTSL,Activation,0.1478458340111204,0.25,0,2.1477654006173914,2.1477654006173896,0.3769963763253416,0.3599516843376863,0.0640182525835458,0.0601261575627432,47
Kang_IFN_beta,stim,trrust_dorothea_intersection,9,90,JUND,CCL5,HLA-DQA1,Activation,0.15684536834473647,0.25,0,0.7860689840289914,0.5379143739095493,0.1704469198765273,0.1787679506106566,0.0667024560461684,0.0613340491209233,96
Kang_IFN_beta,stim,trrust_dorothea_intersection,9,75,JUN,CCL5,HLA-DQA1,Activation,0.15684536834473647,0.25,0,0.7860689840289914,0.5379143739095493,0.1704469198765273,0.1787679506106566,0.2003757884847679,0.1441417259428286,80
Kang_IFN_beta,stim,trrust_dorothea_intersection,9,63,IRF1,PSMB9,RPL18,Activation,0.19050170059537444,0.25,0,3.074889276607183,3.4055831432022887,0.8708898134477983,0.865924037041948,0.5240907260770497,0.3422359414843753,64
Kang_IFN_beta,stim,trrust_dorothea_intersection,9,159,REL,CCL5,S100A8,Activation,0.16106968915075331,0.25,0,0.7860689840289914,0.5326801771574332,0.1704469198765273,0.1617232586230048,0.1406522614414189,0.0997181586364264,176
Kang_IFN_beta,stim,trrust_dorothea_intersection,9,53,IRF1,CCL5,TNFAIP6,Activation,0.15760787872722729,0.25,0,0.7860689840289914,0.5342906992350067,0.1704469198765273,0.1623943094886604,0.5240907260770497,0.3422359414843753,53
Kang_IFN_beta,stim,trrust_dorothea_intersection,9,4,ATF3,CCL5,FCGR3A,Activation,0.2152261585055832,0.25,0,0.7860689840289914,0.8820292578177421,0.1704469198765273,0.1944705408669972,0.1528653871963508,0.1140786471614574,4
Kang_IFN_beta,stim,trrust_dorothea_intersection,9,100,MYC,CXCR4,SNX3,Activation,0.23018367064416995,0.25,0,1.4310830760971964,1.072473493490811,0.5031539390686157,0.5160381156892002,0.3137833847805695,0.1462890887129264,107
Kang_IFN_beta,stim,trrust_dorothea_intersection,9,210,SPI1,CTSS,CARD16,Activation,0.1793091838280038,0.25,0,1.6875587169507942,1.6358878002952983,0.5615353643806392,0.5819353106965647,0.7403033149912851,0.3172728492819825,235
Kang_IFN_beta,stim,trrust_dorothea_intersection,9,34,HIF1A,CXCR4,CASP4,Activation,0.21197554477572142,0.25,0,1.4310830760971964,1.0751576969534369,0.5031539390686157,0.4949671185076172,0.1725942826466258,0.1448127768084841,34
Kang_IFN_beta,stim,trrust_dorothea_intersection,9,51,HSF1,UBB,GNB2L1,Activation,0.07143355379572741,0.25,0,2.433901489732948,2.498053952489636,0.8147899610790033,0.8076768219030556,0.0640182525835458,0.0601261575627432,51
Kang_IFN_beta,stim,trrust_dorothea_intersection,9,178,RELA,CXCR4,PKM,Activation,0.1994202488995514,0.25,0,1.4310830760971964,1.0786471614548447,0.5031539390686157,0.5002013152597318,0.0654945644879882,0.0603945779090054,200
Kang_IFN_beta,stim,trrust_dorothea_intersection,9,284,YY1,CXCR4,NPM1,Repression,0.15196070292539274,0.25,0,1.4310830760971964,1.1713863910884572,0.5031539390686157,0.508119715474466,0.1108576030063096,0.0962286941350171,317
Kang_IFN_beta,stim,trrust_dorothea_intersection,9,20,CREB1,CXCR4,NPM1,Activation,0.15196070292539274,0.25,0,1.4310830760971964,1.1713863910884572,0.5031539390686157,0.508119715474466,0.0616024694671855,0.0559656421956783,20
Kang_IFN_beta,stim,trrust_dorothea_intersection,9,105,MYC,HNRNPA2B1,PSME1,Activation,0.04081646648859969,0.25,0,1.3992752650651232,1.341028049926209,0.6729298080794427,0.6701113944436898,0.3137833847805695,0.1462890887129264,112
Kang_IFN_beta,stim,trrust_dorothea_intersection,9,109,MYC,JUNB,ARHGDIB,Repression,0.13806576301729598,0.25,0,1.3327070191920791,1.0901892363441257,0.5246275667695899,0.5273117702322117,0.3137833847805695,0.1462890887129264,116
Kang_IFN_beta,stim,trrust_dorothea_intersection,9,249,STAT1,TAP1,HERC5,Activation,0.07735110642404712,0.25,0,1.089518185478464,0.9920815997852568,0.5451617232586464,0.5514696013958076,0.6730640182525867,0.4341699100792089,278
Kang_IFN_beta,stim,trrust_dorothea_intersection,9,144,NFKB1,JUNB,ARHGDIB,Activation,0.13806576301729598,0.25,0,1.3327070191920791,1.0901892363441257,0.5246275667695899,0.5273117702322117,0.1209233659911441,0.095155012749968,157
Kang_IFN_beta,stim,trrust_dorothea_intersection,9,66,IRF2,TAP1,TMEM50A,Activation,0.012401191595681213,0.25,0,1.089518185478464,1.1107233928331808,0.5451617232586464,0.5455643537780397,0.3865252986176447,0.2692256073010329,68
Kang_IFN_beta,stim,trrust_dorothea_intersection,9,65,IRF1,TAP1,TMEM50A,Activation,0.012401191595681213,0.25,0,1.089518185478464,1.1107233928331808,0.5451617232586464,0.5455643537780397,0.5240907260770497,0.3422359414843753,66
Kang_IFN_beta,stim,trrust_dorothea_intersection,9,268,STAT3,JUNB,CXCR4,Activation,0.19427079043761417,0.25,0,1.3327070191920791,1.4310830760971964,0.5246275667695899,0.5031539390686157,0.2312441283049252,0.1872231915179169,299
Kang_IFN_beta,stim,trrust_dorothea_intersection,9,56,IRF1,EIF2AK2,C4ORF3,Activation,0.1014319090485507,0.25,0,0.9016239430948828,0.9413501543416936,0.5393906858140096,0.5507985505301521,0.5240907260770497,0.3422359414843753,57
Kang_IFN_beta,stim,trrust_dorothea_intersection,9,35,HIF1A,ENO1,CREM,Activation,0.06643858702889126,0.25,0,1.0021473627700948,1.111394443698838,0.5046302509730577,0.5016776271641737,0.1725942826466258,0.1448127768084841,35
Kang_IFN_beta,stim,trrust_dorothea_intersection,9,14,CEBPB,S100A9,MS4A6A,Activation,0.1639281750313407,0.25,0,0.7972084283988777,0.5113407596295877,0.2186283720305981,0.2225204670514005,0.5074486646087883,0.2915044960408028,14
Kang_IFN_beta,stim,trrust_dorothea_intersection,9,77,JUN,CREM,CASP4,Activation,0.06165660224637873,0.25,0,1.111394443698838,1.0751576969534369,0.5016776271641737,0.4949671185076172,0.2003757884847679,0.1441417259428286,82
Kang_IFN_beta,stim,trrust_dorothea_intersection,9,276,STAT3,ZFP36,CYTIP,Activation,0.09041111746734856,0.25,0,0.9892631861495094,0.8284793987384222,0.4657093007650278,0.4663803516306835,0.2312441283049252,0.1872231915179169,309
Kang_IFN_beta,stim,trrust_dorothea_intersection,9,104,MYC,HNRNPA1,PPDPF,Activation,0.04222166273997968,0.25,0,0.7400348946450186,0.7009797342638601,0.4552409072607986,0.459401422627864,0.3137833847805695,0.1462890887129264,111
Kang_IFN_beta,stim,trrust_dorothea_intersection,9,186,RELA,MCL1,CNBP,Activation,0.01675476494952536,0.25,0,0.5871695074486751,0.6086431351496514,0.4020936787008655,0.403435780432177,0.0654945644879882,0.0603945779090054,208
Kang_IFN_beta,stim,trrust_dorothea_intersection,9,175,RELA,CFLAR,IL2RG,Activation,0.06610257241893185,0.25,0,0.7672795597906349,0.651321970205348,0.4126962823782259,0.4140383841095373,0.0654945644879882,0.0603945779090054,196
Kang_IFN_beta,stim,trrust_dorothea_intersection,9,269,STAT3,MCL1,RBX1,Activation,0.019077088037476705,0.25,0,0.5871695074486751,0.5734800697893008,0.4020936787008655,0.4041068312978327,0.2312441283049252,0.1872231915179169,300
Kang_IFN_beta,stim,trrust_dorothea_intersection,9,99,MYC,CFLAR,RPS26,Repression,0.028472624386099744,0.25,0,0.7672795597906349,0.725674406119985,0.4126962823782259,0.4108173399543899,0.3137833847805695,0.1462890887129264,106
Kang_IFN_beta,stim,trrust_dorothea_intersection,9,131,NFKB1,CFLAR,BAZ1A,Activation,0.04715434090196779,0.25,0,0.7672795597906349,0.7131928600187919,0.4126962823782259,0.4168567977452914,0.1209233659911441,0.095155012749968,143
Kang_IFN_beta,stim,trrust_dorothea_intersection,9,110,MYC,LDHA,NDUFA12,Activation,0.035278104164879774,0.25,0,0.6993692121862883,0.6609851026707889,0.4054489330291441,0.4022278888739967,0.3137833847805695,0.1462890887129264,117
Kang_IFN_beta,stim,trrust_dorothea_intersection,9,43,HIF1A,PGK1,CNBP,Activation,0.042168371830133305,0.25,0,0.6003221044155234,0.6086431351496514,0.4082673466648981,0.403435780432177,0.1725942826466258,0.1448127768084841,43
Kang_IFN_beta,stim,trrust_dorothea_intersection,9,10,ATF4,MCL1,CD44,Activation,0.013266201845413446,0.25,0,0.5871695074486751,0.6058247215138989,0.4020936787008655,0.4011542074889475,0.1366259562474854,0.1138102268151951,10
Kang_IFN_beta,stim,trrust_dorothea_intersection,9,45,HIF1A,SOCS1,CASP1,Activation,0.05681773996623659,0.25,0,0.8025768353241169,0.8686082405046305,0.4339014897329467,0.438867266138799,0.1725942826466258,0.1448127768084841,45
Kang_IFN_beta,stim,trrust_dorothea_intersection,9,255,STAT2,STAT1,ATP5G2,Activation,0.014007997439679787,0.25,0,0.6730640182525867,0.6481009260501993,0.4341699100792089,0.4341699100792089,0.1823916252851973,0.1539390685814,285
Kang_IFN_beta,stim,trrust_dorothea_intersection,9,275,STAT3,STAT1,RBCK1,Activation,0.011817659909614085,0.25,0,0.6730640182525867,0.6766876929271263,0.4341699100792089,0.4355120118105204,0.2312441283049252,0.1872231915179169,307
Kang_IFN_beta,stim,trrust_dorothea_intersection,9,273,STAT3,SOCS1,NEAT1,Activation,0.02153980718988321,0.25,0,0.8025768353241169,0.7774795329485972,0.4339014897329467,0.4357804321567827,0.2312441283049252,0.1872231915179169,305
Kang_IFN_beta,stim,trrust_dorothea_intersection,9,279,TCF4,CD44,MCL1,Activation,0.013266201845413446,0.25,0,0.6058247215138989,0.5871695074486751,0.4011542074889475,0.4020936787008655,0.07046034089384,0.0558314320225472,312
Kang_IFN_beta,stim,trrust_dorothea_intersection,9,278,STAT6,SOCS1,ATP6V0B,Activation,0.08395822749006968,0.25,0,0.8025768353241169,0.8942423835726753,0.4339014897329467,0.4415514696014219,0.0540866997718426,0.0500603945779089,311
Kang_IFN_beta,stim,trrust_dorothea_intersection,9,194,RELA,STAT1,NOP10,Activation,0.024700952306783836,0.25,0,0.6730640182525867,0.6534693329754439,0.4341699100792089,0.4316199167897172,0.0654945644879882,0.0603945779090054,218
Kang_IFN_beta,stim,trrust_dorothea_intersection,9,39,HIF1A,LDHA,RPS26,Activation,0.04884922948075533,0.25,0,0.6993692121862883,0.725674406119985,0.4054489330291441,0.4108173399543899,0.1725942826466258,0.1448127768084841,39
Kang_IFN_beta,stim,trrust_dorothea_intersection,9,64,IRF1,SOCS1,RBCK1,Activation,0.07201050148630946,0.25,0,0.8025768353241169,0.6766876929271263,0.4339014897329467,0.4355120118105204,0.5240907260770497,0.3422359414843753,65
Kang_IFN_beta,stim,trrust_dorothea_intersection,9,277,STAT6,RHOA,C19ORF43,Activation,0.0448824270202602,0.25,0,0.7213796805797852,0.647698295530805,0.4399409475238481,0.4419541001208153,0.0540866997718426,0.0500603945779089,310
Kang_IFN_beta,stim,trrust_dorothea_intersection,9,202,RUNX3,CFLAR,IL2RG,Repression,0.06610257241893185,0.25,0,0.7672795597906349,0.651321970205348,0.4126962823782259,0.4140383841095373,0.0746208562609051,0.0675077170849552,227
Kang_IFN_beta,stim,trrust_dorothea_intersection,9,135,NFKB1,GSTP1,SLC3A2,Activation,0.043146180209020044,0.25,0,0.6894376593745839,0.6472956650114158,0.3881358206952265,0.392296336062292,0.1209233659911441,0.095155012749968,148
Kang_IFN_beta,stim,trrust_dorothea_intersection,9,179,RELA,GSTP1,C20ORF24,Activation,0.04519680986645286,0.25,0,0.6894376593745839,0.7059455106697115,0.3881358206952265,0.3830358341162431,0.0654945644879882,0.0603945779090054,201
Kang_IFN_beta,stim,trrust_dorothea_intersection,9,1,ATF1,LDHA,RPS26,Activation,0.04884922948075533,0.25,0,0.6993692121862883,0.725674406119985,0.4054489330291441,0.4108173399543899,0.0648235136223326,0.0602603677358743,1
Kang_IFN_beta,stim,trrust_dorothea_intersection,9,151,NFKB1,SQSTM1,ATG3,Activation,0.03607196281107411,0.25,0,0.6765534827540003,0.6450140920681858,0.362501677627178,0.3588780029526371,0.1209233659911441,0.095155012749968,165
Kang_IFN_beta,stim,trrust_dorothea_intersection,9,149,NFKB1,SERPINB1,HSPA5,Activation,0.016466571948606654,0.25,0,0.8137162796939975,0.7871426654140368,0.3590122131257683,0.3598174741645552,0.1209233659911441,0.095155012749968,162
Kang_IFN_beta,stim,trrust_dorothea_intersection,9,290,YY1,HSPA5,SERPINB1,Activation,0.016466571948606654,0.25,0,0.7871426654140368,0.8137162796939975,0.3598174741645552,0.3590122131257683,0.1108576030063096,0.0962286941350171,323
Kang_IFN_beta,stim,trrust_dorothea_intersection,9,237,STAT1,IRF1,SEPT7,Activation,0.02688631766648264,0.25,0,0.5240907260770497,0.4761776942692409,0.3422359414843753,0.3422359414843753,0.6730640182525867,0.4341699100792089,265
Kang_IFN_beta,stim,trrust_dorothea_intersection,9,121,NFKB1,BIRC3,CD68,Activation,0.054137504984996775,0.25,0,0.7807005771037432,0.8606898402898974,0.3481411891021456,0.3446517246007359,0.1209233659911441,0.095155012749968,129
Kang_IFN_beta,stim,trrust_dorothea_intersection,9,142,NFKB1,IRF1,SEPT7,Activation,0.02688631766648264,0.25,0,0.5240907260770497,0.4761776942692409,0.3422359414843753,0.3422359414843753,0.1209233659911441,0.095155012749968,155
Kang_IFN_beta,stim,trrust_dorothea_intersection,9,166,RELA,BIRC3,CD68,Activation,0.054137504984996775,0.25,0,0.7807005771037432,0.8606898402898974,0.3481411891021456,0.3446517246007359,0.0654945644879882,0.0603945779090054,183
Kang_IFN_beta,stim,trrust_dorothea_intersection,9,209,SPI1,CD68,BIRC3,Repression,0.054137504984996775,0.25,0,0.8606898402898974,0.7807005771037432,0.3446517246007359,0.3481411891021456,0.7403033149912851,0.3172728492819825,234
Kang_IFN_beta,stim,trrust_dorothea_intersection,9,184,RELA,IRF1,NUB1,Activation,0.030756164815599663,0.25,0,0.5240907260770497,0.4733592806334879,0.3422359414843753,0.3435780432156867,0.0654945644879882,0.0603945779090054,206
Kang_IFN_beta,stim,trrust_dorothea_intersection,9,253,STAT2,IRF1,SEPT7,Activation,0.02688631766648264,0.25,0,0.5240907260770497,0.4761776942692409,0.3422359414843753,0.3422359414843753,0.1823916252851973,0.1539390685814,283
Kang_IFN_beta,stim,trrust_dorothea_intersection,9,267,STAT3,IRF1,SEPT7,Activation,0.02688631766648264,0.25,0,0.5240907260770497,0.4761776942692409,0.3422359414843753,0.3422359414843753,0.2312441283049252,0.1872231915179169,298
Kang_IFN_beta,stim,trrust_dorothea_intersection,9,158,REL,BIRC3,CD68,Activation,0.054137504984996775,0.25,0,0.7807005771037432,0.8606898402898974,0.3481411891021456,0.3446517246007359,0.1406522614414189,0.0997181586364264,174
Kang_IFN_beta,stim,trrust_dorothea_intersection,9,285,YY1,DEK,SELT,Activation,0.02021431613989179,0.25,0,0.4878539793316492,0.4618172057442113,0.3414306804455884,0.3430412025231621,0.1108576030063096,0.0962286941350171,318
Kang_IFN_beta,stim,trrust_dorothea_intersection,9,68,IRF8,CD68,LTB,Repression,0.05782678317453426,0.25,0,0.8606898402898974,0.8437793584753754,0.3446517246007359,0.3512280230841619,0.3143202254730948,0.1598443161991692,72
Kang_IFN_beta,stim,trrust_dorothea_intersection,9,103,MYC,HLA-F,GPSM3,Activation,0.01676191556441302,0.25,0,0.4324251778284935,0.4489330291236222,0.3225070460340971,0.3208965239565234,0.3137833847805695,0.1462890887129264,110
Kang_IFN_beta,stim,trrust_dorothea_intersection,9,137,NFKB1,HLA-F,ERH,Activation,0.013703803886915064,0.25,0,0.4324251778284935,0.4453093544490817,0.3225070460340971,0.3238491477654086,0.1209233659911441,0.095155012749968,150
Kang_IFN_beta,stim,trrust_dorothea_intersection,9,2,ATF1,MAP1LC3B,ANKRD12,Activation,0.017436833066172334,0.25,0,0.4619514159173403,0.4465172460072618,0.3284122936518674,0.3266675614011626,0.0648235136223326,0.0602603677358743,2
Kang_IFN_beta,stim,trrust_dorothea_intersection,9,32,HIF1A,ALDOA,ANKRD12,Activation,0.014333601572491446,0.25,0,0.4706750771708642,0.4465172460072618,0.3272044020936872,0.3266675614011626,0.1725942826466258,0.1448127768084841,32
Kang_IFN_beta,stim,trrust_dorothea_intersection,9,88,JUN,SPI1,GPX1,Activation,0.05965369522316513,0.25,0,0.7403033149912851,0.7299691316601843,0.3172728492819825,0.3104281304522941,0.2003757884847679,0.1441417259428286,93
Kang_IFN_beta,stim,trrust_dorothea_intersection,9,282,YBX1,SUMO1,PPIA,Repression,0.017125440077087287,0.25,0,0.3804858408267458,0.4073278754529715,0.3085491880284581,0.3094886592403761,1.614548382767453,0.6789692658703417,315
Kang_IFN_beta,stim,trrust_dorothea_intersection,9,171,RELA,CD69,GPX1,Activation,0.060991913573247354,0.25,0,0.6313246544088097,0.7299691316601843,0.307475506643409,0.3104281304522941,0.0654945644879882,0.0603945779090054,191
Kang_IFN_beta,stim,trrust_dorothea_intersection,9,127,NFKB1,CD69,LACTB,Activation,0.07430482366015671,0.25,0,0.6313246544088097,0.5192591598443278,0.307475506643409,0.3029123607569501,0.1209233659911441,0.095155012749968,138
Kang_IFN_beta,stim,trrust_dorothea_intersection,9,216,SPI1,MNDA,CD3D,Activation,0.057393819011775926,0.25,0,0.6503824989934303,0.5588511609180072,0.3023755200644255,0.3053281438733107,0.7403033149912851,0.3172728492819825,241
Kang_IFN_beta,stim,trrust_dorothea_intersection,9,7,ATF4,CEBPB,HSPD1,Activation,0.019767014713931615,0.25,0,0.5074486646087883,0.4909408133136637,0.2915044960408028,0.29351764863777,0.1366259562474854,0.1138102268151951,7
Kang_IFN_beta,stim,trrust_dorothea_intersection,9,17,CEBPB,XBP1,RPS27L,Activation,0.008347030628243622,0.25,0,0.4156489061871,0.412427862031954,0.2831834653066719,0.2841229365185899,0.5074486646087883,0.2915044960408028,17
Kang_IFN_beta,stim,trrust_dorothea_intersection,9,200,RORA,TUBA1B,OCIAD2,Activation,0.02252999719927398,0.25,0,0.4203462622466894,0.3815595222117929,0.2673466648771969,0.2666756140115412,0.0785129512817076,0.0661656153536439,225
Kang_IFN_beta,stim,trrust_dorothea_intersection,9,61,IRF1,IRF2,MSN,Activation,0.019600325723042596,0.25,0,0.3865252986176447,0.3557911689706168,0.2692256073010329,0.2681519259159838,0.5240907260770497,0.3422359414843753,62
Kang_IFN_beta,stim,trrust_dorothea_intersection,9,191,RELA,PLAUR,HES4,Activation,0.03878418238057037,0.25,0,0.5368406925245025,0.5800563682727209,0.2537914373909514,0.2503019728895416,0.0654945644879882,0.0603945779090054,213
Kang_IFN_beta,stim,trrust_dorothea_intersection,9,147,NFKB1,PLAUR,HES4,Activation,0.03878418238057037,0.25,0,0.5368406925245025,0.5800563682727209,0.2537914373909514,0.2503019728895416,0.1209233659911441,0.095155012749968,160
Kang_IFN_beta,stim,trrust_dorothea_intersection,9,223,STAT1,BAX,ARHGDIA,Activation,0.013074020592980616,0.25,0,0.330693866595095,0.3259965105355045,0.2509730237551973,0.2494967118507548,0.6730640182525867,0.4341699100792089,248
Kang_IFN_beta,stim,trrust_dorothea_intersection,9,27,CREB1,UXT,ADRM1,Activation,0.02176235011243827,0.25,0,0.3102939202791625,0.3207623137833912,0.2545966984297382,0.2570124815460988,0.0616024694671855,0.0559656421956783,27
Kang_IFN_beta,stim,trrust_dorothea_intersection,9,85,JUN,PLAUR,LST1,Activation,0.023660973259267516,0.25,0,0.5368406925245025,0.5083881358207042,0.2537914373909514,0.2517782847939842,0.2003757884847679,0.1441417259428286,90
Kang_IFN_beta,stim,trrust_dorothea_intersection,9,92,JUND,PLAUR,CAPG,Activation,0.02943362760691332,0.25,0,0.5368406925245025,0.4906723929673973,0.2537914373909514,0.2554019594685251,0.0667024560461684,0.0613340491209233,98
Kang_IFN_beta,stim,trrust_dorothea_intersection,9,3,ATF1,PLAUR,CD38,Activation,0.042080556484980804,0.25,0,0.5368406925245025,0.4628908871292542,0.2537914373909514,0.2529861763521645,0.0648235136223326,0.0602603677358743,3
Kang_IFN_beta,stim,trrust_dorothea_intersection,9,163,RELA,BAX,HNRNPA3,Repression,0.010107158069946547,0.25,0,0.330693866595095,0.3176754798013744,0.2509730237551973,0.2517782847939842,0.0654945644879882,0.0603945779090054,180
Kang_IFN_beta,stim,trrust_dorothea_intersection,9,33,HIF1A,BAX,ARHGDIA,Activation,0.013074020592980616,0.25,0,0.330693866595095,0.3259965105355045,0.2509730237551973,0.2494967118507548,0.1725942826466258,0.1448127768084841,33
Kang_IFN_beta,stim,trrust_dorothea_intersection,9,190,RELA,OPTN,AP1S2,Activation,0.008207586093399579,0.25,0,0.3227754663803567,0.3245201986310614,0.2323178096899719,0.2313783384780541,0.0654945644879882,0.0603945779090054,212
Kang_IFN_beta,stim,trrust_dorothea_intersection,9,220,SPI1,SCARB2,MANF,Activation,0.02731576946583729,0.25,0,0.3654543014360565,0.3319017581532734,0.2288283451885629,0.2265467722453339,0.7403033149912851,0.3172728492819825,245
Kang_IFN_beta,stim,trrust_dorothea_intersection,9,226,STAT1,CD86,LSP1,Activation,0.05809516630541111,0.25,0,0.4661119312844,0.3627700979734334,0.2272178231109895,0.2276204536303829,0.6730640182525867,0.4341699100792089,253
Kang_IFN_beta,stim,trrust_dorothea_intersection,9,80,JUN,EZR,TANK,Activation,0.005693362760967964,0.25,0,0.3136491746074409,0.3235807274191446,0.2354046436719876,0.2352704334988565,0.2003757884847679,0.1441417259428286,85
Kang_IFN_beta,stim,trrust_dorothea_intersection,9,21,CREB1,HLA-DQB1,HPSE,Activation,0.025233446455702385,0.25,0,0.5133539122265548,0.5244933565964379,0.231244128304923,0.2340625419406765,0.0616024694671855,0.0559656421956783,21
Kang_IFN_beta,stim,trrust_dorothea_intersection,9,130,NFKB1,CD86,LMNA,Activation,0.03318988226775686,0.25,0,0.4661119312844,0.4772513756542827,0.2272178231109895,0.2234599382633183,0.1209233659911441,0.095155012749968,142
Kang_IFN_beta,stim,trrust_dorothea_intersection,9,173,RELA,CD86,HLA-DQB1,Activation,0.04384595691276103,0.25,0,0.4661119312844,0.5133539122265548,0.2272178231109895,0.231244128304923,0.0654945644879882,0.0603945779090054,194
Kang_IFN_beta,stim,trrust_dorothea_intersection,9,289,YY1,GNAS,EWSR1,Activation,0.011946823746304607,0.25,0,0.297812374177967,0.2822439940947548,0.2282915044960385,0.2273520332841206,0.1108576030063096,0.0962286941350171,322
Kang_IFN_beta,stim,trrust_dorothea_intersection,9,224,STAT1,CCR1,STXBP2,Activation,0.04634044808770809,0.25,0,0.390283183465314,0.3473359280633536,0.218494161857467,0.2230573077439249,0.6730640182525867,0.4341699100792089,251
Kang_IFN_beta,stim,trrust_dorothea_intersection,9,111,MYC,NOL7,VAPA,Activation,0.014021558417087429,0.25,0,0.2727150718024435,0.2705677090323461,0.2198362635887781,0.2214467856663515,0.3137833847805695,0.1462890887129264,118
Kang_IFN_beta,stim,trrust_dorothea_intersection,9,117,NFKB1,ALOX5AP,CXCL16,Activation,0.05161267299892882,0.25,0,0.4493356596430084,0.5030197288954587,0.2154073278754513,0.2105757616427311,0.1209233659911441,0.095155012749968,124
Kang_IFN_beta,stim,trrust_dorothea_intersection,9,251,STAT1,UPP1,SAMHD1,Activation,0.0064498044244780854,0.25,0,0.2719098107636573,0.2622466782982158,0.2090994497382888,0.2086968192188955,0.6730640182525867,0.4341699100792089,281
Kang_IFN_beta,stim,trrust_dorothea_intersection,9,241,STAT1,MVP,BBX,Activation,0.0077636048920436225,0.25,0,0.2595624748355929,0.2535230170446913,0.2066836666219287,0.2074889276607154,0.6730640182525867,0.4341699100792089,269
Kang_IFN_beta,stim,trrust_dorothea_intersection,9,172,RELA,CD83,CXCL16,Activation,0.055880009188876444,0.25,0,0.5036907797611143,0.5030197288954587,0.2041336733324375,0.2105757616427311,0.0654945644879882,0.0603945779090054,193
Kang_IFN_beta,stim,trrust_dorothea_intersection,9,129,NFKB1,CD83,DRAM1,Activation,0.09267523542039964,0.25,0,0.5036907797611143,0.3498859213528431,0.2041336733324375,0.2002415783116352,0.1209233659911441,0.095155012749968,141
Kang_IFN_beta,stim,trrust_dorothea_intersection,9,113,MYC,PMAIP1,HAVCR2,Activation,0.010607410125278017,0.25,0,0.3274728224399464,0.3132465440880465,0.1991678969265862,0.1983626358877995,0.3137833847805695,0.1462890887129264,120
Kang_IFN_beta,stim,trrust_dorothea_intersection,9,41,HIF1A,NR3C1,RAB1A,Activation,0.010564598571827451,0.25,0,0.2666756140115434,0.2642598308951829,0.202388941081733,0.201181049523553,0.1725942826466258,0.1448127768084841,41
Kang_IFN_beta,stim,trrust_dorothea_intersection,9,292,YY1,NR3C1,RAB1A,Activation,0.010564598571827451,0.25,0,0.2666756140115434,0.2642598308951829,0.202388941081733,0.201181049523553,0.1108576030063096,0.0962286941350171,325
Kang_IFN_beta,stim,trrust_dorothea_intersection,9,225,STAT1,CD40,AHSA1,Activation,0.030481096645930454,0.25,0,0.3061334049120961,0.2537914373909539,0.195410012078915,0.1963494832908328,0.6730640182525867,0.4341699100792089,252
Kang_IFN_beta,stim,trrust_dorothea_intersection,9,231,STAT1,FCGRT,GMPR,Repression,0.010750862827405686,0.25,0,0.2855992484230337,0.2813045228828371,0.1912494967118504,0.1900416051536703,0.6730640182525867,0.4341699100792089,259
Kang_IFN_beta,stim,trrust_dorothea_intersection,9,208,SPI1,CD40,VIMP,Activation,0.029653297717370946,0.25,0,0.3061334049120961,0.2536572272178227,0.195410012078915,0.1958126425983083,0.7403033149912851,0.3172728492819825,233
Kang_IFN_beta,stim,trrust_dorothea_intersection,9,169,RELA,CD40,MGAT1,Activation,0.025825229572095106,0.25,0,0.3061334049120961,0.2704334988592155,0.195410012078915,0.1972889545027506,0.0654945644879882,0.0603945779090054,189
Kang_IFN_beta,stim,trrust_dorothea_intersection,9,125,NFKB1,CD40,VIMP,Activation,0.029653297717370946,0.25,0,0.3061334049120961,0.2536572272178227,0.195410012078915,0.1958126425983083,0.1209233659911441,0.095155012749968,136
Kang_IFN_beta,stim,trrust_dorothea_intersection,9,54,IRF1,CD40,MGAT1,Activation,0.025825229572095106,0.25,0,0.3061334049120961,0.2704334988592155,0.195410012078915,0.1972889545027506,0.5240907260770497,0.3422359414843753,54
Kang_IFN_beta,stim,trrust_dorothea_intersection,9,199,RELB,CD40,MGAT1,Activation,0.025825229572095106,0.25,0,0.3061334049120961,0.2704334988592155,0.195410012078915,0.1972889545027506,0.1350154341699122,0.1156891692390309,224
Kang_IFN_beta,stim,trrust_dorothea_intersection,9,248,STAT1,STAT3,HBP1,Activation,0.0026570777111819357,0.25,0,0.2312441283049252,0.2289625553616961,0.1872231915179169,0.1869547711716546,0.6730640182525867,0.4341699100792089,277
Kang_IFN_beta,stim,trrust_dorothea_intersection,9,31,HBP1,NCF1,SERPINA1,Repression,0.00993429277618355,0.25,0,0.3548516977586948,0.3372701650785185,0.1935310696550793,0.1936652798282105,0.2289625553616961,0.1869547711716546,31
Kang_IFN_beta,stim,trrust_dorothea_intersection,9,29,CREM,DUSP1,SERPINA1,Repression,0.02123897136888023,0.25,0,0.3310964971144854,0.3372701650785185,0.1912494967118504,0.1936652798282105,1.111394443698838,0.5016776271641737,29
Kang_IFN_beta,stim,trrust_dorothea_intersection,9,221,SPI1,STAT3,MRPL51,Activation,0.006401504206305864,0.25,0,0.2312441283049252,0.2198362635887794,0.1872231915179169,0.1872231915179169,0.7403033149912851,0.3172728492819825,246
Kang_IFN_beta,stim,trrust_dorothea_intersection,9,195,RELA,STAT3,MRPL51,Activation,0.006401504206305864,0.25,0,0.2312441283049252,0.2198362635887794,0.1872231915179169,0.1872231915179169,0.0654945644879882,0.0603945779090054,219
Kang_IFN_beta,stim,trrust_dorothea_intersection,9,211,SPI1,CYBB,LILRB2,Activation,0.01601096987853436,0.25,0,0.2737887531874944,0.2983492148704906,0.1811837337270166,0.1821232049389345,0.7403033149912851,0.3172728492819825,236
Kang_IFN_beta,stim,trrust_dorothea_intersection,9,233,STAT1,HMOX1,SERPING1,Activation,0.06809920688906183,0.25,0,0.3822305730774444,0.263454569856397,0.1766205878405587,0.1782311099181321,0.6730640182525867,0.4341699100792089,261
Kang_IFN_beta,stim,trrust_dorothea_intersection,9,55,IRF1,CYBB,IFNGR2,Activation,0.01631535721866745,0.25,0,0.2737887531874944,0.2751308549188053,0.1811837337270166,0.179304791303181,0.5240907260770497,0.3422359414843753,56
Kang_IFN_beta,stim,trrust_dorothea_intersection,9,69,IRF8,CYBB,FLOT1,Activation,0.01677594992671123,0.25,0,0.2737887531874944,0.2450677761374314,0.1811837337270166,0.1806468930344922,0.3143202254730948,0.1598443161991692,73
Kang_IFN_beta,stim,trrust_dorothea_intersection,9,138,NFKB1,HMOX1,IFNGR2,Activation,0.06445120841257765,0.25,0,0.3822305730774444,0.2751308549188053,0.1766205878405587,0.179304791303181,0.1209233659911441,0.095155012749968,151
Kang_IFN_beta,stim,trrust_dorothea_intersection,9,263,STAT3,HMOX1,IFNGR2,Activation,0.06445120841257765,0.25,0,0.3822305730774444,0.2751308549188053,0.1766205878405587,0.179304791303181,0.2312441283049252,0.1872231915179169,294
Kang_IFN_beta,stim,trrust_dorothea_intersection,9,22,CREB1,HMOX1,IFNGR2,Activation,0.06445120841257765,0.25,0,0.3822305730774444,0.2751308549188053,0.1766205878405587,0.179304791303181,0.0616024694671855,0.0559656421956783,22
Kang_IFN_beta,stim,trrust_dorothea_intersection,9,283,YY1,APH1A,NDUFAB1,Activation,0.0012235275492206992,0.25,0,0.203596832639914,0.2042678835055695,0.1750100657629853,0.1751442759361164,0.1108576030063096,0.0962286941350171,316
Kang_IFN_beta,stim,trrust_dorothea_intersection,9,116,NFE2L2,HMOX1,HLA-DMA,Activation,0.047502837185578316,0.25,0,0.3822305730774444,0.3324385988457969,0.1766205878405587,0.1810495235538855,0.4290699235002145,0.3050597235270484,123
Kang_IFN_beta,stim,trrust_dorothea_intersection,9,11,BACH1,HMOX1,RGS1,Repression,0.01826260058001645,0.25,0,0.3822305730774444,0.3497517111797127,0.1766205878405587,0.1764863776674276,0.0675077170849551,0.0583814253120386,11
Kang_IFN_beta,stim,trrust_dorothea_intersection,9,25,CREB1,PPP2CA,OGFR,Activation,0.005869221428793692,0.25,0,0.2022547309086025,0.2035968326399146,0.1731311233391497,0.1724600724734941,0.0616024694671855,0.0559656421956783,25
Kang_IFN_beta,stim,trrust_dorothea_intersection,9,60,IRF1,IL27,IFI30,Activation,0.03204121257758785,0.25,0,0.3027781505838178,0.2524493356596439,0.1681653469332984,0.1664206146825939,0.5240907260770497,0.3422359414843753,61
Kang_IFN_beta,stim,trrust_dorothea_intersection,9,72,IRF9,IL27,ANKRD22,Repression,0.02100332769079251,0.25,0,0.3027781505838178,0.300228157294326,0.1681653469332984,0.1657495638169383,0.1795732116494438,0.1536706482351378,76
Kang_IFN_beta,stim,trrust_dorothea_intersection,9,239,STAT1,IRF8,ANKRD22,Activation,0.051828987562126824,0.25,0,0.3143202254730948,0.300228157294326,0.1598443161991692,0.1657495638169383,0.6730640182525867,0.4341699100792089,267
Kang_IFN_beta,stim,trrust_dorothea_intersection,9,218,SPI1,NCF2,VASP,Activation,0.01191968850073822,0.25,0,0.2316467588243196,0.2270836129378606,0.1605153670648247,0.1618574687961359,0.7403033149912851,0.3172728492819825,243
Kang_IFN_beta,stim,trrust_dorothea_intersection,9,101,MYC,DDX18,TRIM69,Activation,0.002497526958114874,0.25,0,0.1878942423835732,0.1895047644611464,0.1590390551603825,0.1593074755066447,0.3137833847805695,0.1462890887129264,108
Kang_IFN_beta,stim,trrust_dorothea_intersection,9,70,IRF8,NCF2,SDF2L1,Activation,0.010696383771899907,0.25,0,0.2316467588243196,0.2192994228962559,0.1605153670648247,0.1595758958529069,0.3143202254730948,0.1598443161991692,74
Kang_IFN_beta,stim,trrust_dorothea_intersection,9,15,CEBPB,TNFAIP6,S100A8,Activation,0.005890443313699945,0.25,0,0.5342906992350067,0.5326801771574332,0.1623943094886604,0.1617232586230048,0.5074486646087883,0.2915044960408028,15
Kang_IFN_beta,stim,trrust_dorothea_intersection,9,247,STAT1,STAT2,PAFAH1B1,Activation,0.0025606016825223434,0.25,0,0.1823916252851973,0.177828479398739,0.1539390685814,0.1539390685814,0.6730640182525867,0.4341699100792089,276
Kang_IFN_beta,stim,trrust_dorothea_intersection,9,246,STAT1,SOCS3,PHB,Activation,0.010382588996051495,0.25,0,0.2076231378338481,0.1939337001744737,0.1531338075426133,0.1523285465038266,0.6730640182525867,0.4341699100792089,275
Kang_IFN_beta,stim,trrust_dorothea_intersection,9,9,ATF4,DDIT4,NCF2,Activation,0.03377980076297452,0.25,0,0.2854650382499018,0.2316467588243196,0.1587706348141202,0.1605153670648247,0.1366259562474854,0.1138102268151951,9
Kang_IFN_beta,stim,trrust_dorothea_intersection,9,242,STAT1,PIM1,LPXN,Activation,0.0055054954516627185,0.25,0,0.1980942155415387,0.1928600187894248,0.1505838142531221,0.1500469735605977,0.6730640182525867,0.4341699100792089,270
Kang_IFN_beta,stim,trrust_dorothea_intersection,9,192,RELA,RIPK2,SNRPD1,Activation,0.01244114707153066,0.25,0,0.2076231378338486,0.1880284525567045,0.1534022278888756,0.15273117702322,0.0654945644879882,0.0603945779090054,214
Kang_IFN_beta,stim,trrust_dorothea_intersection,9,148,NFKB1,RIPK2,SNRPD1,Activation,0.01244114707153066,0.25,0,0.2076231378338486,0.1880284525567045,0.1534022278888756,0.15273117702322,0.1209233659911441,0.095155012749968,161
Kang_IFN_beta,stim,trrust_dorothea_intersection,9,150,NFKB1,SOCS3,SERPINB9,Activation,0.011797289013083667,0.25,0,0.2076231378338481,0.2172862702992894,0.1531338075426133,0.1519259159844333,0.1209233659911441,0.095155012749968,163
Kang_IFN_beta,stim,trrust_dorothea_intersection,9,193,RELA,SOCS3,POLD4,Activation,0.010607726538911639,0.25,0,0.2076231378338481,0.1888337135954911,0.1531338075426133,0.1529995973694822,0.0654945644879882,0.0603945779090054,216
Kang_IFN_beta,stim,trrust_dorothea_intersection,9,274,STAT3,SOCS3,ZEB2,Activation,0.006991335736596985,0.25,0,0.2076231378338481,0.208159978526373,0.1531338075426133,0.1523285465038266,0.2312441283049252,0.1872231915179169,306
Kang_IFN_beta,stim,trrust_dorothea_intersection,9,170,RELA,CD58,USP30-AS1,Activation,0.008291121924003662,0.25,0,0.1947389612132609,0.1801100523419684,0.1511206549456466,0.1509864447725155,0.0654945644879882,0.0603945779090054,190
Kang_IFN_beta,stim,trrust_dorothea_intersection,9,126,NFKB1,CD58,PIM1,Activation,0.005022796554165549,0.25,0,0.1947389612132609,0.1980942155415387,0.1511206549456466,0.1505838142531221,0.1209233659911441,0.095155012749968,137
Kang_IFN_beta,stim,trrust_dorothea_intersection,9,272,STAT3,PIM1,S1PR4,Activation,0.008443913485434718,0.25,0,0.1980942155415387,0.189638974634278,0.1505838142531221,0.1497785532143354,0.2312441283049252,0.1872231915179169,303
Kang_IFN_beta,stim,trrust_dorothea_intersection,9,62,IRF1,PSMB10,SPAG7,Activation,0.0021840426115628444,0.25,0,0.1680311367601677,0.1719232317809698,0.1487048718292865,0.1487048718292865,0.5240907260770497,0.3422359414843753,63
Kang_IFN_beta,stim,trrust_dorothea_intersection,9,187,RELA,MYC,SYNGR2,Activation,0.055639889495007915,0.25,0,0.3137833847805695,0.2237283586095833,0.1462890887129264,0.1436048852503041,0.0654945644879882,0.0603945779090054,209
Kang_IFN_beta,stim,trrust_dorothea_intersection,9,145,NFKB1,MYC,CLEC4E,Activation,0.02994296255744231,0.25,0,0.3137833847805695,0.2802308414977878,0.1462890887129264,0.1436048852503041,0.1209233659911441,0.095155012749968,158
Kang_IFN_beta,stim,trrust_dorothea_intersection,9,270,STAT3,MYC,CLEC4E,Activation,0.02994296255744231,0.25,0,0.3137833847805695,0.2802308414977878,0.1462890887129264,0.1436048852503041,0.2312441283049252,0.1872231915179169,301
Kang_IFN_beta,stim,trrust_dorothea_intersection,9,291,YY1,MYC,HN1,Repression,0.058006182590400454,0.25,0,0.3137833847805695,0.2166152194336335,0.1462890887129264,0.1485706616561554,0.1108576030063096,0.0962286941350171,324
Kang_IFN_beta,stim,trrust_dorothea_intersection,9,82,JUN,MYC,SYNGR2,Activation,0.055639889495007915,0.25,0,0.3137833847805695,0.2237283586095833,0.1462890887129264,0.1436048852503041,0.2003757884847679,0.1441417259428286,87
Kang_IFN_beta,stim,trrust_dorothea_intersection,9,181,RELA,HIF1A,MORF4L2,Activation,0.0014309244696448804,0.25,0,0.1725942826466258,0.1700442893571343,0.1448127768084841,0.1448127768084841,0.0654945644879882,0.0603945779090054,203
Kang_IFN_beta,stim,trrust_dorothea_intersection,9,136,NFKB1,HIF1A,CBWD2,Activation,0.0003012472567673879,0.25,0,0.1725942826466258,0.1720574419541012,0.1448127768084841,0.1448127768084841,0.1209233659911441,0.095155012749968,149
Kang_IFN_beta,stim,trrust_dorothea_intersection,9,95,LEF1,MYC,SGTB,Activation,0.054324435094498635,0.25,0,0.3137833847805695,0.2197020534156502,0.1462890887129264,0.1477654006173687,0.140920681787681,0.1103207623137857,102
Kang_IFN_beta,stim,trrust_dorothea_intersection,9,262,STAT3,HIF1A,CBWD2,Activation,0.0003012472567673879,0.25,0,0.1725942826466258,0.1720574419541012,0.1448127768084841,0.1448127768084841,0.2312441283049252,0.1872231915179169,293
Kang_IFN_beta,stim,trrust_dorothea_intersection,9,168,RELA,CCR5,JUN,Activation,0.016927651917379796,0.25,0,0.2201046839350429,0.2003757884847679,0.1426654140383863,0.1441417259428286,0.0654945644879882,0.0603945779090054,188
Kang_IFN_beta,stim,trrust_dorothea_intersection,9,23,CREB1,JUN,UBE2Z,Repression,0.007160343173861655,0.25,0,0.2003757884847679,0.1892363441148848,0.1441417259428286,0.1445443564622219,0.0616024694671855,0.0559656421956783,23
Kang_IFN_beta,stim,trrust_dorothea_intersection,9,96,MEF2A,JUN,UBE2Z,Activation,0.007160343173861655,0.25,0,0.2003757884847679,0.1892363441148848,0.1441417259428286,0.1445443564622219,0.0814655750905926,0.0738155952221183,103
Kang_IFN_beta,stim,trrust_dorothea_intersection,9,16,CEBPB,TOP1,DNAJC7,Activation,0.0011665739578517304,0.25,0,0.1678969265870369,0.1677627164139054,0.1430680445577796,0.1429338343846485,0.5074486646087883,0.2915044960408028,16
Kang_IFN_beta,stim,trrust_dorothea_intersection,9,244,STAT1,PML,BTG3,Activation,0.004717070469283025,0.25,0,0.1617232586230053,0.1603811568916938,0.1350154341699126,0.1355522748624371,0.6730640182525867,0.4341699100792089,272
Kang_IFN_beta,stim,trrust_dorothea_intersection,9,254,STAT2,PML,BTG3,Activation,0.004717070469283025,0.25,0,0.1617232586230053,0.1603811568916938,0.1350154341699126,0.1355522748624371,0.1823916252851973,0.1539390685814,284
Kang_IFN_beta,stim,trrust_dorothea_intersection,9,73,IRF9,PML,CCSER2,Activation,0.0034997218735555043,0.25,0,0.1617232586230053,0.1613206281036113,0.1350154341699126,0.135418064689306,0.1795732116494438,0.1536706482351378,77
Kang_IFN_beta,stim,trrust_dorothea_intersection,9,227,STAT1,CDKN1A,GRINA,Activation,0.008661105551733059,0.25,0,0.1634679908737094,0.1543416991007935,0.1242786203194233,0.1234733592806365,0.6730640182525867,0.4341699100792089,254
Kang_IFN_beta,stim,trrust_dorothea_intersection,9,98,MYC,CDKN1A,GRINA,Repression,0.008661105551733059,0.25,0,0.1634679908737094,0.1543416991007935,0.1242786203194233,0.1234733592806365,0.3137833847805695,0.1462890887129264,105
Kang_IFN_beta,stim,trrust_dorothea_intersection,9,222,SPI1,WAS,ARPC5L,Activation,0.003350952989904865,0.25,0,0.1505838142531219,0.1462890887129258,0.122936518588112,0.1232049389343742,0.7403033149912851,0.3172728492819825,247
Kang_IFN_beta,stim,trrust_dorothea_intersection,9,174,RELA,CDKN1A,FKBP4,Activation,0.0024712725287396086,0.25,0,0.1634679908737094,0.1649443027781519,0.1242786203194233,0.1245470406656855,0.0654945644879882,0.0603945779090054,195
Kang_IFN_beta,stim,trrust_dorothea_intersection,9,258,STAT3,CDKN1A,FKBP4,Activation,0.0024712725287396086,0.25,0,0.1634679908737094,0.1649443027781519,0.1242786203194233,0.1245470406656855,0.2312441283049252,0.1872231915179169,289
Kang_IFN_beta,stim,trrust_dorothea_intersection,9,76,JUN,CDKN1A,FKBP4,Activation,0.0024712725287396086,0.25,0,0.1634679908737094,0.1649443027781519,0.1242786203194233,0.1245470406656855,0.2003757884847679,0.1441417259428286,81
Kang_IFN_beta,stim,trrust_dorothea_intersection,9,201,RUNX3,CASP8,SLU7,Activation,0.002621619780685797,0.25,0,0.1440075157696971,0.1418601529995993,0.1245470406656855,0.1248154610119478,0.0746208562609051,0.0675077170849552,226
Kang_IFN_beta,stim,trrust_dorothea_intersection,9,13,CEBPB,CDKN1A,DDAH2,Activation,0.008398852083495641,0.25,0,0.1634679908737094,0.1598443161991692,0.1242786203194233,0.1233391491075053,0.5074486646087883,0.2915044960408028,13
Kang_IFN_beta,stim,trrust_dorothea_intersection,9,28,CREM,CD247,GRINA,Repression,0.004829361978629265,0.25,0,0.1566232720440224,0.1543416991007935,0.122936518588112,0.1234733592806365,1.111394443698838,0.5016776271641737,28
Kang_IFN_beta,stim,trrust_dorothea_intersection,9,271,STAT3,MYD88,SIVA1,Activation,0.002901949449749654,0.25,0,0.1409206817876812,0.1378338478056656,0.1201181049523582,0.119849684606096,0.2312441283049252,0.1872231915179169,302
Kang_IFN_beta,stim,trrust_dorothea_intersection,9,87,JUN,RELB,GOLGA7,Activation,0.003573742352999518,0.25,0,0.1350154341699122,0.1301838679371919,0.1156891692390309,0.1159575895852932,0.2003757884847679,0.1441417259428286,92
Kang_IFN_beta,stim,trrust_dorothea_intersection,9,107,MYC,ID2,CEBPD,Activation,0.029428946750230098,0.25,0,0.2201046839350426,0.1680311367601677,0.1134075962958017,0.1130049657764083,0.3137833847805695,0.1462890887129264,114
Kang_IFN_beta,stim,trrust_dorothea_intersection,9,118,NFKB1,ATF3,PEA15,Activation,0.009175301745899202,0.25,0,0.1528653871963508,0.1422627835189925,0.1140786471614574,0.1148839082002441,0.1209233659911441,0.095155012749968,125
Kang_IFN_beta,stim,trrust_dorothea_intersection,9,74,JUN,ATF3,CDK2AP2,Activation,0.008097136848711987,0.25,0,0.1528653871963508,0.1398470004026322,0.1140786471614574,0.113676016642064,0.2003757884847679,0.1441417259428286,78
Kang_IFN_beta,stim,trrust_dorothea_intersection,9,6,ATF4,ATF3,TXNRD1,Activation,0.001656859912220348,0.25,0,0.1528653871963508,0.1558180110052356,0.1140786471614574,0.1140786471614574,0.1366259562474854,0.1138102268151951,6
Kang_IFN_beta,stim,trrust_dorothea_intersection,9,94,KLF6,ATF3,TXNRD1,Activation,0.001656859912220348,0.25,0,0.1528653871963508,0.1558180110052356,0.1140786471614574,0.1140786471614574,0.9133002281572968,0.4415514696014219,100
Kang_IFN_beta,stim,trrust_dorothea_intersection,9,203,RUNX3,ICAM3,SBDS,Repression,0.0012779454324292464,0.25,0,0.1297812374177985,0.1307207086297163,0.1124681250838838,0.1123339149107527,0.0746208562609051,0.0675077170849552,228
Kang_IFN_beta,stim,trrust_dorothea_intersection,9,50,HSF1,STIP1,NDUFS4,Activation,0.004299869616318317,0.25,0,0.1371627969400098,0.1307207086297163,0.1121997047376215,0.1119312843913593,0.0640182525835458,0.0601261575627432,50
Kang_IFN_beta,stim,trrust_dorothea_intersection,9,213,SPI1,HCK,LEF1,Activation,0.0012235275492206463,0.25,0,0.1415917326533368,0.140920681787681,0.1101865521406546,0.1103207623137857,0.7403033149912851,0.3172728492819825,238
Kang_IFN_beta,stim,trrust_dorothea_intersection,9,259,STAT3,COPS5,TRAFD1,Activation,0.003299944744790778,0.25,0,0.1221312575493246,0.1276338746477006,0.1092470809287367,0.1091128707556055,0.2312441283049252,0.1872231915179169,290
Kang_IFN_beta,stim,trrust_dorothea_intersection,9,79,JUN,DDIT3,TNIP2,Activation,0.003941433282695844,0.25,0,0.1288417662058806,0.1221312575493245,0.1072339283317697,0.1070997181586386,0.2003757884847679,0.1441417259428286,84
Kang_IFN_beta,stim,trrust_dorothea_intersection,9,8,ATF4,DDIT3,YIPF5,Activation,0.0025257548654674376,0.25,0,0.1288417662058806,0.127097033955176,0.1072339283317697,0.1069655079855075,0.1366259562474854,0.1138102268151951,8
Kang_IFN_beta,stim,trrust_dorothea_intersection,9,5,ATF3,DDIT3,ASF1A,Activation,0.0038655130496161997,0.25,0,0.1288417662058806,0.1258891423969959,0.1072339283317697,0.1068312978123763,0.1528653871963508,0.1140786471614574,5
Kang_IFN_beta,stim,trrust_dorothea_intersection,9,219,SPI1,P2RY10,BIN2,Activation,0.003141279563316178,0.25,0,0.1205207354717508,0.1167628506240794,0.1014628908871311,0.1017313112333934,0.7403033149912851,0.3172728492819825,244
Kang_IFN_beta,stim,trrust_dorothea_intersection,9,119,NFKB1,BCL2A1,CPVL,Activation,0.011108159867327558,0.25,0,0.1595758958529066,0.1529995973694815,0.1010602603677377,0.1022681519259179,0.1209233659911441,0.095155012749968,127
Kang_IFN_beta,stim,trrust_dorothea_intersection,9,120,NFKB1,BIRC2,CLTB,Activation,0.0020870174459171288,0.25,0,0.1128707556032767,0.1159575895852927,0.100254999328951,0.1003892095020821,0.1209233659911441,0.095155012749968,128
Kang_IFN_beta,stim,trrust_dorothea_intersection,9,164,RELA,BCL2A1,ADM,Activation,0.016476430922819255,0.25,0,0.1595758958529066,0.1440075157696967,0.1010602603677377,0.0994497382901642,0.0654945644879882,0.0603945779090054,181
Kang_IFN_beta,stim,trrust_dorothea_intersection,9,165,RELA,BIRC2,CLTB,Activation,0.0020870174459171288,0.25,0,0.1128707556032767,0.1159575895852927,0.100254999328951,0.1003892095020821,0.0654945644879882,0.0603945779090054,182
Kang_IFN_beta,stim,trrust_dorothea_intersection,9,114,MYC,PRDX3,CDC123,Activation,0.00022593544257551446,0.25,0,0.1089786605824741,0.1085760300630807,0.0983760569051151,0.0983760569051151,0.3137833847805695,0.1462890887129264,121
Kang_IFN_beta,stim,trrust_dorothea_intersection,9,12,CEBPB,ADM,PIM2,Activation,0.011871588777605661,0.25,0,0.1440075157696967,0.1245470406656845,0.0994497382901642,0.0989128975976397,0.5074486646087883,0.2915044960408028,12
Kang_IFN_beta,stim,trrust_dorothea_intersection,9,153,NFKB1,TNFAIP3,PDCL3,Activation,0.002328280850568132,0.25,0,0.1112602335257031,0.111260233525703,0.097168165346935,0.0974365856931972,0.1209233659911441,0.095155012749968,168
Kang_IFN_beta,stim,trrust_dorothea_intersection,9,196,RELA,TNFAIP3,POLR2K,Activation,0.0017868711765001068,0.25,0,0.1112602335257031,0.1088444504093428,0.097168165346935,0.0970339551738038,0.0654945644879882,0.0603945779090054,221
Kang_IFN_beta,stim,trrust_dorothea_intersection,9,152,NFKB1,TLR2,CUL1,Activation,7.531181419187516e-05,0.25,0,0.1214602066836685,0.1215944168567997,0.0963629043081482,0.0963629043081482,0.1209233659911441,0.095155012749968,167
Kang_IFN_beta,stim,trrust_dorothea_intersection,9,162,REL,TNFAIP3,POLR2K,Activation,0.0017868711765001068,0.25,0,0.1112602335257031,0.1088444504093428,0.097168165346935,0.0970339551738038,0.1406522614414189,0.0997181586364264,179
Kang_IFN_beta,stim,trrust_dorothea_intersection,9,206,SPI1,ACP5,KLF2,Activation,0.01345595524787036,0.25,0,0.1437390954234346,0.1198496846060948,0.094081331364919,0.0939471211917878,0.7403033149912851,0.3172728492819825,231
Kang_IFN_beta,stim,trrust_dorothea_intersection,9,46,HIF1A,TLR2,NUCB2,Activation,0.003916214337975232,0.25,0,0.1214602066836685,0.1144812776808501,0.0963629043081482,0.0963629043081482,0.1725942826466258,0.1448127768084841,46
Kang_IFN_beta,stim,trrust_dorothea_intersection,9,188,RELA,NFKB1,CXORF21,Activation,0.007129906753243601,0.25,0,0.1209233659911441,0.1234733592806354,0.095155012749968,0.0959602737887548,0.0654945644879882,0.0603945779090054,210
Kang_IFN_beta,stim,trrust_dorothea_intersection,9,257,STAT3,CCND3,ORAI2,Activation,0.001473761214433685,0.25,0,0.1116628640450966,0.11327338612267,0.0959602737887548,0.0960944839618859,0.2312441283049252,0.1872231915179169,288
Kang_IFN_beta,stim,trrust_dorothea_intersection,9,157,RBPJ,NFKB1,CLIC4,Activation,0.004119107730705098,0.25,0,0.1209233659911441,0.1170312709703413,0.095155012749968,0.0955576432693614,0.0860287209770509,0.0773050597235277,173
Kang_IFN_beta,stim,trrust_dorothea_intersection,9,52,IRF1,CASP7,STX5,Activation,0.0013470873571103765,0.25,0,0.1029392027915732,0.1041470943497533,0.0911287075560341,0.090994497382903,0.5240907260770497,0.3422359414843753,52
Kang_IFN_beta,stim,trrust_dorothea_intersection,9,36,HIF1A,FAM162A,DNAJC2,Activation,0.0021087307973713665,0.25,0,0.0959602737887544,0.099718158636426,0.0861629311501823,0.0861629311501823,0.1725942826466258,0.1448127768084841,36
Kang_IFN_beta,stim,trrust_dorothea_intersection,9,93,JUND,TGFB1,CTNNA1,Activation,0.0003765590709590913,0.25,0,0.098778687424508,0.0981076365588525,0.0846866192457399,0.0846866192457399,0.0667024560461684,0.0613340491209233,99
Kang_IFN_beta,stim,trrust_dorothea_intersection,9,215,SPI1,ITGB2,B3GNT2,Activation,0.0032384080102487584,0.25,0,0.1017313112333927,0.0959602737887544,0.0830760971681663,0.0830760971681663,0.7403033149912851,0.3172728492819825,240
Kang_IFN_beta,stim,trrust_dorothea_intersection,9,286,YY1,DNAJB4,SATB1,Activation,0.009548409045124794,0.25,0,0.1132733861226697,0.0974365856931968,0.0838813582069531,0.0834787276875597,0.1108576030063096,0.0962286941350171,319
Kang_IFN_beta,stim,trrust_dorothea_intersection,9,217,SPI1,MSR1,GYPC,Activation,0.004762803041159118,0.25,0,0.1034760434840974,0.0977050060394589,0.0821366259562484,0.081733995436855,0.7403033149912851,0.3172728492819825,242
Kang_IFN_beta,stim,trrust_dorothea_intersection,9,38,HIF1A,ITGB2,TSEN34,Activation,0.003916214337975295,0.25,0,0.1017313112333927,0.0947523822305742,0.0830760971681663,0.0830760971681663,0.1725942826466258,0.1448127768084841,38
Kang_IFN_beta,stim,trrust_dorothea_intersection,9,288,YY1,FDPS,AKR1B1,Repression,0.0011665739578523842,0.25,0,0.0942155415380498,0.094349751711181,0.0829418869950352,0.082807676821904,0.1108576030063096,0.0962286941350171,321
Kang_IFN_beta,stim,trrust_dorothea_intersection,9,212,SPI1,ERAP2,RNF115,Activation,0.0023331479157038745,0.25,0,0.0893839753053292,0.0896523956515914,0.0802576835324126,0.0799892631861503,0.7403033149912851,0.3172728492819825,237
Kang_IFN_beta,stim,trrust_dorothea_intersection,9,91,JUND,NQO2,C1ORF122,Activation,0.0034956678682989853,0.25,0,0.0982418467319835,0.0979734263857213,0.0805261038786748,0.0809287343980682,0.0667024560461684,0.0613340491209233,97
Kang_IFN_beta,stim,trrust_dorothea_intersection,9,57,IRF1,ERAP2,RNF115,Activation,0.0023331479157038745,0.25,0,0.0893839753053292,0.0896523956515914,0.0802576835324126,0.0799892631861503,0.5240907260770497,0.3422359414843753,58
Kang_IFN_beta,stim,trrust_dorothea_intersection,9,42,HIF1A,PFKFB3,RDX,Activation,0.002541634385776454,0.25,0,0.0927392296336073,0.0967655348275411,0.0789155818011013,0.0787813716279701,0.1725942826466258,0.1448127768084841,42
Kang_IFN_beta,stim,trrust_dorothea_intersection,9,230,STAT1,FAS,FEZ2,Activation,0.0015211077710309887,0.25,0,0.0876392430546245,0.0858945108039198,0.0750234867802985,0.0748892766071674,0.6730640182525867,0.4341699100792089,258
Kang_IFN_beta,stim,trrust_dorothea_intersection,9,197,RELA,TRAF1,C19ORF24,Activation,0.0012049890270693156,0.25,0,0.0895181854784602,0.0873708227083622,0.0764997986847409,0.0764997986847409,0.0654945644879882,0.0603945779090054,222
Kang_IFN_beta,stim,trrust_dorothea_intersection,9,154,NFKB1,TRAF1,NT5C2,Activation,0.0024712725287394577,0.25,0,0.0895181854784602,0.0880418735740178,0.0764997986847409,0.0762313783384787,0.1209233659911441,0.095155012749968,170
Kang_IFN_beta,stim,trrust_dorothea_intersection,9,134,NFKB1,FAS,APMAP,Activation,0.0006024945135345919,0.25,0,0.0876392430546245,0.0887129244396734,0.0750234867802985,0.0750234867802985,0.1209233659911441,0.095155012749968,147
Kang_IFN_beta,stim,trrust_dorothea_intersection,9,115,MYC,SRSF1,CCDC82,Activation,0.0006778063277265295,0.25,0,0.0825392564756416,0.0837471480338218,0.0739498053952495,0.0739498053952495,0.3137833847805695,0.1462890887129264,122
Kang_IFN_beta,stim,trrust_dorothea_intersection,9,261,STAT3,FAS,APMAP,Repression,0.0006024945135345919,0.25,0,0.0876392430546245,0.0887129244396734,0.0750234867802985,0.0750234867802985,0.2312441283049252,0.1872231915179169,292
Kang_IFN_beta,stim,trrust_dorothea_intersection,9,287,YY1,FAS,LAMTOR3,Repression,0.002676418717467554,0.25,0,0.0876392430546245,0.0833445175144283,0.0750234867802985,0.0751576969534296,0.1108576030063096,0.0962286941350171,320
Kang_IFN_beta,stim,trrust_dorothea_intersection,9,81,JUN,FAS,APMAP,Activation,0.0006024945135345919,0.25,0,0.0876392430546245,0.0887129244396734,0.0750234867802985,0.0750234867802985,0.2003757884847679,0.1441417259428286,86
Kang_IFN_beta,stim,trrust_dorothea_intersection,9,133,NFKB1,CXCL2,CA2,Activation,0.02408776845720818,0.25,0,0.1555495906589729,0.1168970607972097,0.0720708629714136,0.0732787545295938,0.1209233659911441,0.095155012749968,146
Kang_IFN_beta,stim,trrust_dorothea_intersection,9,177,RELA,CXCL2,P2RY6,Activation,0.02398825402790588,0.25,0,0.1555495906589729,0.1140786471614559,0.0720708629714136,0.071399812105758,0.0654945644879882,0.0603945779090054,199
Kang_IFN_beta,stim,trrust_dorothea_intersection,9,48,HSF1,HSPA1B,PASK,Activation,0.014360077692569794,0.25,0,0.1213259965105369,0.1002549993289502,0.071399812105758,0.0723392833176759,0.0640182525835458,0.0601261575627432,48
Kang_IFN_beta,stim,trrust_dorothea_intersection,9,281,YBX1,KPNA2,GABARAPL1,Repression,0.003573742352998978,0.25,0,0.0873708227083621,0.0825392564756416,0.0709971815863646,0.0712656019326268,1.614548382767453,0.6789692658703417,314
Kang_IFN_beta,stim,trrust_dorothea_intersection,9,84,JUN,PDHA1,GYG1,Activation,0.0004518708851510289,0.25,0,0.0779761105891832,0.0771708495503964,0.0687156086431354,0.0687156086431354,0.2003757884847679,0.1441417259428286,89
Kang_IFN_beta,stim,trrust_dorothea_intersection,9,266,STAT3,IFNAR1,LCP2,Activation,0.0012803008412611908,0.25,0,0.0720708629714136,0.0743524359146428,0.0673735069118241,0.0673735069118241,0.2312441283049252,0.1872231915179169,297
Kang_IFN_beta,stim,trrust_dorothea_intersection,9,40,HIF1A,MIF,LCP2,Activation,0.0015815480980285249,0.25,0,0.0715340222788891,0.0743524359146428,0.0673735069118241,0.0673735069118241,0.1725942826466258,0.1448127768084841,40
Kang_IFN_beta,stim,trrust_dorothea_intersection,9,205,SATB1,CD8B,FUCA1,Activation,0.015241380248604853,0.25,0,0.1081733995436863,0.1049523553885394,0.0673735069118241,0.0656287746611194,0.0974365856931968,0.0834787276875597,230
Kang_IFN_beta,stim,trrust_dorothea_intersection,9,30,HBP1,MIF,IFNAR1,Repression,0.0003012472567673341,0.25,0,0.0715340222788891,0.0720708629714136,0.0673735069118241,0.0673735069118241,0.2289625553616961,0.1869547711716546,30
Kang_IFN_beta,stim,trrust_dorothea_intersection,9,102,MYC,HDAC2,SAYSD1,Activation,0.0013556126554530729,0.25,0,0.0697892900281843,0.0722050731445447,0.0657629848342505,0.0657629848342505,0.3137833847805695,0.1462890887129264,109
Kang_IFN_beta,stim,trrust_dorothea_intersection,9,83,JUN,NFKB2,KDM5A,Activation,0.0016221570623941933,0.25,0,0.0731445443564625,0.0751576969534295,0.0667024560461684,0.0665682458730373,0.2003757884847679,0.1441417259428286,88
Kang_IFN_beta,stim,trrust_dorothea_intersection,9,44,HIF1A,RORA,ATXN3,Activation,0.003299944744790585,0.25,0,0.0785129512817076,0.0730103341833314,0.0661656153536439,0.066299825526775,0.1725942826466258,0.1448127768084841,44
Kang_IFN_beta,stim,trrust_dorothea_intersection,9,106,MYC,HSPA4,DHPS,Activation,0.0015211077710308466,0.25,0,0.0723392833176758,0.0705945510669712,0.0640182525835458,0.0641524627566769,0.3137833847805695,0.1462890887129264,113
Kang_IFN_beta,stim,trrust_dorothea_intersection,9,49,HSF1,HSPA4,TRIAP1,Activation,0.000979053584493815,0.25,0,0.0723392833176758,0.0705945510669712,0.0640182525835458,0.0640182525835458,0.0640182525835458,0.0601261575627432,49
Kang_IFN_beta,stim,trrust_dorothea_intersection,9,26,CREB1,PSEN1,ACAA1,Activation,0.001581548098028518,0.25,0,0.0712656019326268,0.0684471882968731,0.0637498322372836,0.0637498322372836,0.0616024694671855,0.0559656421956783,26
Kang_IFN_beta,stim,trrust_dorothea_intersection,9,198,RELA,XIAP,WDR61,Activation,0.0011858624515483757,0.25,0,0.0677761374312174,0.067373506911824,0.0617366796403166,0.0616024694671855,0.0654945644879882,0.0603945779090054,223
Kang_IFN_beta,stim,trrust_dorothea_intersection,9,155,NFKB1,XIAP,TESPA1,Activation,0.001223527549220758,0.25,0,0.0677761374312174,0.068447188296873,0.0617366796403166,0.0616024694671855,0.1209233659911441,0.095155012749968,171
Kang_IFN_beta,stim,trrust_dorothea_intersection,9,86,JUN,POLD2,ATP6AP1,Activation,0.0006778063277265364,0.25,0,0.0667024560461684,0.0654945644879882,0.059991947389612,0.059991947389612,0.2003757884847679,0.1441417259428286,91
Kang_IFN_beta,stim,trrust_dorothea_intersection,9,24,CREB1,POLD2,GTF2H1,Activation,0.001347087357110366,0.25,0,0.0667024560461684,0.0654945644879883,0.059991947389612,0.0598577372164809,0.0616024694671855,0.0559656421956783,24
Kang_IFN_beta,stim,trrust_dorothea_intersection,9,108,MYC,IER3,MGLL,Repression,0.00433055277586666,0.25,0,0.0807945242249367,0.0762313783384784,0.0578445846195141,0.0574419541001207,0.3137833847805695,0.1462890887129264,115
Kang_IFN_beta,stim,trrust_dorothea_intersection,9,183,RELA,IER3,MAP3K8,Activation,0.007292205597168526,0.25,0,0.0807945242249367,0.0693866595087909,0.0578445846195141,0.0582472151389074,0.0654945644879882,0.0603945779090054,205
Kang_IFN_beta,stim,trrust_dorothea_intersection,9,140,NFKB1,IER3,SCIMP,Activation,0.005121203365044721,0.25,0,0.0807945242249367,0.07166823245202,0.0578445846195141,0.0578445846195141,0.1209233659911441,0.095155012749968,153
Kang_IFN_beta,stim,trrust_dorothea_intersection,9,235,STAT1,ICAM1,NEU1,Activation,0.002694174714220703,0.25,0,0.066299825526775,0.0638840424104147,0.0560998523688095,0.0563682727150717,0.6730640182525867,0.4341699100792089,263
Kang_IFN_beta,stim,trrust_dorothea_intersection,9,161,REL,IER3,TSHZ2,Activation,0.004958548156013065,0.25,0,0.0807945242249367,0.0722050731445446,0.0578445846195141,0.0579787947926452,0.1406522614414189,0.0997181586364264,178
Kang_IFN_beta,stim,trrust_dorothea_intersection,9,260,STAT3,ETV6,LZIC,Activation,0.001248763479057464,0.25,0,0.0634814118910213,0.0626761508522345,0.0573077439269896,0.0574419541001207,0.2312441283049252,0.1872231915179169,291
Kang_IFN_beta,stim,trrust_dorothea_intersection,9,182,RELA,ICAM1,RNF146,Activation,0.0026764187174679174,0.25,0,0.066299825526775,0.0620050999865789,0.0560998523688095,0.0559656421956783,0.0654945644879882,0.0603945779090054,204
Kang_IFN_beta,stim,trrust_dorothea_intersection,9,139,NFKB1,ICAM1,RNF146,Activation,0.0026764187174679174,0.25,0,0.066299825526775,0.0620050999865789,0.0560998523688095,0.0559656421956783,0.1209233659911441,0.095155012749968,152
Kang_IFN_beta,stim,trrust_dorothea_intersection,9,0,ATF1,CCNA1,IER3,Repression,0.01343313701835261,0.25,0,0.0927392296336067,0.0807945242249367,0.0565024828882028,0.0578445846195141,0.0648235136223326,0.0602603677358743,0
Kang_IFN_beta,stim,trrust_dorothea_intersection,9,265,STAT3,ICAM1,RNF146,Activation,0.0026764187174679174,0.25,0,0.066299825526775,0.0620050999865789,0.0560998523688095,0.0559656421956783,0.2312441283049252,0.1872231915179169,296
Kang_IFN_beta,stim,trrust_dorothea_intersection,9,240,STAT1,JAK2,CXORF38,Activation,0.0003012472567673341,0.25,0,0.0605287880821365,0.061065628774661,0.0546235404643671,0.0546235404643671,0.6730640182525867,0.4341699100792089,268
Kang_IFN_beta,stim,trrust_dorothea_intersection,9,160,REL,ICAM1,PHIP,Activation,0.0021087307973713665,0.25,0,0.066299825526775,0.0625419406791034,0.0560998523688095,0.0560998523688095,0.1406522614414189,0.0997181586364264,177
Kang_IFN_beta,stim,trrust_dorothea_intersection,9,204,RUNX3,TCF4,MRPL49,Activation,0.0037261752963456346,0.25,0,0.07046034089384,0.0641524627566769,0.0558314320225472,0.0556972218494161,0.0746208562609051,0.0675077170849552,229
Kang_IFN_beta,stim,trrust_dorothea_intersection,9,89,JUN,STMN1,DCAF7,Activation,0.00602494513534671,0.25,0,0.0734129647027247,0.0626761508522345,0.0551603811568916,0.0551603811568916,0.2003757884847679,0.1441417259428286,94
Kang_IFN_beta,stim,trrust_dorothea_intersection,9,128,NFKB1,CD80,CMTM8,Activation,0.0017304314993418551,0.25,0,0.0669708763924306,0.0692524493356598,0.0550261709837605,0.0551603811568916,0.1209233659911441,0.095155012749968,140
Kang_IFN_beta,stim,trrust_dorothea_intersection,9,180,RELA,HDAC1,DCP2,Activation,0.0015062362838366497,0.25,0,0.0571735337538584,0.0598577372164809,0.0546235404643671,0.0546235404643671,0.0654945644879882,0.0603945779090054,202
Kang_IFN_beta,stim,trrust_dorothea_intersection,9,112,MYC,PCNA,ASNSD1,Activation,0.0011641404252848916,0.25,0,0.0573077439269896,0.0573077439269896,0.0530130183867936,0.0531472285599248,0.3137833847805695,0.1462890887129264,119
Kang_IFN_beta,stim,trrust_dorothea_intersection,9,97,MYC,CCND2,MDK,Activation,0.00143092446964483,0.25,0,0.0601261575627432,0.0575761642732518,0.0508656556166957,0.0508656556166957,0.3137833847805695,0.1462890887129264,104
Kang_IFN_beta,stim,trrust_dorothea_intersection,9,123,NFKB1,CCND2,PITPNC1,Activation,0.0024087275698104044,0.25,0,0.0601261575627432,0.0563682727150717,0.0508656556166957,0.0507314454435645,0.1209233659911441,0.095155012749968,134
Kang_IFN_beta,stim,trrust_dorothea_intersection,9,256,STAT3,CCND2,ZC3H13,Activation,0.0012803008412611422,0.25,0,0.0601261575627432,0.0578445846195141,0.0508656556166957,0.0508656556166957,0.2312441283049252,0.1872231915179169,287
Kang_IFN_beta,stim,trrust_dorothea_intersection,9,156,NFKB2,CCND2,PITPNC1,Activation,0.0024087275698104044,0.25,0,0.0601261575627432,0.0563682727150717,0.0508656556166957,0.0507314454435645,0.0731445443564625,0.0667024560461684,172
