tf,target,mode,pmid,tf_detection_rate,target_detection_rate,tf_mean_counts,target_mean_counts,target_z_mean_counts,target_z_detection_rate,edge_id_original
AATF,BAX,Repression,22909821,0.2945981993997955,0.4886628876291579,0.3623645,0.8149618,0.22750678116843745,3.0311970177938288,0
AATF,CDKN1A,Unknown,17157788,0.2945981993997955,0.0708569523174387,0.3623645,0.104368836,-0.043243775197974905,0.06383375847895917,1
AATF,MYC,Activation,20549547,0.2945981993997955,0.2710070023341127,0.3623645,0.41546583,0.07529058761823003,1.4853499567263537,2
AATF,TP53,Unknown,17157788,0.2945981993997955,0.2720906968989674,0.3623645,0.35978127,0.054073623245052146,1.493046629186667,3
ABL1,BAX,Activation,11753601,0.0611870623541183,0.4886628876291579,0.064604774,0.8149618,0.22750678116843745,3.0311970177938288,4
ABL1,BCL2,Repression,11753601,0.0611870623541183,0.3046848949649814,0.064604774,0.5778597,0.13716599714310515,1.7245388547237723,5
ABL1,BCL6,Repression,15509806,0.0611870623541183,0.1882294098032687,0.064604774,0.3059335,0.033556513696820535,0.8974425911038394,6
ABL1,CCND2,Activation,15509806,0.0611870623541183,0.2890130043347752,0.064604774,0.4857372,0.10206542706644334,1.6132331299130929,7
ABL1,CDKN1A,Activation,11753601;9916993,0.0611870623541183,0.0708569523174387,0.064604774,0.104368836,-0.043243775197974905,0.06383375847895917,8
ABL1,FOXO3,Activation,15509806,0.0611870623541183,0.2166555518506204,0.064604774,0.2870103,0.026346384709063066,1.0993322302551938,9
ABL1,JUN,Activation,15145216,0.0611870623541183,0.6497165721906392,0.064604774,2.2591062,0.777755544641191,4.175040955741881,10
ABL1,PIM1,Activation,15145216,0.0611870623541183,0.3832110703567595,0.064604774,0.65180755,0.16534165120094638,2.282251582232605,11
ABL1,TP53,Activation,11753601,0.0611870623541183,0.2720906968989674,0.064604774,0.35978127,0.054073623245052146,1.493046629186667,12
AHR,ARNT,Unknown,19255421;8631989,0.2662554184728268,0.1537179059686541,0.5568498,0.18547884,-0.012339192937177381,0.6523331758291754,13
AHR,CCNG2,Activation,22596188,0.2662554184728268,0.1453817939313076,0.5568498,0.18231119,-0.01354613283571832,0.5931280030575176,14
AHR,CYP1B1,Activation,16115918;19287966,0.2662554184728268,0.1917305768589543,0.5568498,0.5604354,0.13052697993029855,0.9223087636679363,15
AHR,IL1B,Unknown,23349129,0.2662554184728268,0.0821940646882281,0.5568498,0.16480523,-0.02021626419059079,0.14435279344840074,17
AHR,MT2A,Unknown,23994556,0.2662554184728268,0.5882794264754158,0.5568498,2.0481071,0.697360541296052,3.738698832414907,18
AHR,MYC,Unknown,11114727;16091746,0.2662554184728268,0.2710070023341127,0.5568498,0.41546583,0.07529058761823003,1.4853499567263537,19
AHR,PCNA,Activation,12417031,0.2662554184728268,0.1495498499499809,0.5568498,0.18606216,-0.012116936001715161,0.6227305894433469,20
AIP,AHR,Activation,11469723,0.4240580193397439,0.2662554184728268,0.59236574,0.5568498,0.12916079247265375,1.4516030082465203,21
AIP,NFKB2,Repression,21984905,0.4240580193397439,0.1749749916638878,0.59236574,0.21032028,-0.00287409260310927,0.8033063663969038,22
AIP,RSF1,Repression,21984905,0.4240580193397439,0.4504001333777501,0.59236574,0.7405131,0.1991402929438846,2.7594452747720095,23
APBB1,GMPS,Repression,21453247,0.0555185061687231,0.2119873291097063,0.062020496,0.25533348,0.014276863797062172,1.0661773335030649,24
APC,AKT1,Repression,15888491,0.2216572190730283,0.2261587195731954,0.30151483,0.2718382,0.020565502087986548,1.1668261272148834,25
APC,DLG1,Unknown,21858148,0.2216572190730283,0.2180726908969693,0.30151483,0.2783409,0.02304316473324161,1.1093971096263753,26
APC,DNMT1,Repression,12538344,0.2216572190730283,0.3440313437812439,0.30151483,0.5126623,0.11232444478058622,2.003987270205905,27
APC,KLF4,Unknown,12387883,0.2216572190730283,0.3008502834278033,0.30151483,0.67706454,0.17496508464468213,1.6973044752488187,28
APC,MYC,Repression,16510874,0.2216572190730283,0.2710070023341127,0.30151483,0.41546583,0.07529058761823003,1.4853499567263537,29
APC,ODC1,Repression,12112318,0.2216572190730283,0.2331610536845665,0.30151483,0.33202344,0.0434973182479986,1.2165584723430762,30
APC,SGK1,Repression,18487207,0.2216572190730283,0.1545515171723888,0.30151483,0.26950574,0.019676786783028366,0.6582536931063415,31
APEX1,NFKB1,Activation,17045925,0.491913971323722,0.359286428809583,0.8462245,0.5491799,0.1262384025849392,2.1123327363780033,32
APEX1,RELA,Activation,17045925,0.491913971323722,0.2120706902300798,0.8462245,0.2434963,0.009766654390021983,1.0667693852307816,33
ARID1A,CDKN1A,Unknown,21900401,0.4881627209069173,0.0708569523174387,0.8672328,0.104368836,-0.043243775197974905,0.06383375847895917,34
ARID1A,SMAD3,Unknown,21900401,0.4881627209069173,0.1583027675891947,0.8672328,0.19473146,-0.00881375412795355,0.6848960208535875,35
ARID3A,PML,Activation,22010578,0.2227409136378833,0.2264921640546893,0.33385813,0.30584905,0.03352433650728514,1.16919433412575,36
ARID3A,RBL1,Unknown,23659165,0.2227409136378833,0.0702734244748246,0.33385813,0.08069393,-0.052264402049302015,0.0596893963849442,37
ARNT,AHR,Unknown,18540824,0.1537179059686541,0.2662554184728268,0.18547884,0.5568498,0.12916079247265375,1.4516030082465203,38
ARNT,BHLHE40,Unknown,12354771,0.1537179059686541,0.0763587862620865,0.18547884,0.09153112,-0.0481352094304619,0.10290917250824703,39
ARNT,CTSD,Unknown,9611253,0.1537179059686541,0.5465155051683236,0.18547884,1.9909959,0.6755999976963639,3.442080916828999,40
ARNT,CYP1B1,Activation,16115918;19287966,0.1537179059686541,0.1917305768589543,0.18547884,0.5604354,0.13052697993029855,0.9223087636679363,41
ARNT,EGLN2,Unknown,15178343,0.1537179059686541,0.316605535178383,0.18547884,0.39112282,0.06601539938102544,1.8092022517872155,42
ARNT,HIF1A,Activation,14764593,0.1537179059686541,0.3469489829943142,0.18547884,0.5292545,0.11864641475345915,2.0247090806759784,44
ARNT,JUN,Repression,21544813,0.1537179059686541,0.6497165721906392,0.18547884,2.2591062,0.777755544641191,4.175040955741881,45
ARNT,RELB,Unknown,17900530,0.1537179059686541,0.1352117372457449,0.18547884,0.1583036,-0.022693519143805553,0.5208976922760952,46
ARNTL,BHLHE40,Activation,19032342,0.1009503167722547,0.0763587862620865,0.1156234,0.09153112,-0.0481352094304619,0.10290917250824703,47
ARNTL,PER1,Activation,17994337;22750052,0.1009503167722547,0.1221240413471113,0.1156234,0.15488586,-0.023995748483801864,0.42794557102459535,48
ARNTL,PER2,Activation,22750052,0.1009503167722547,0.0734411470490157,0.1156234,0.0824446,-0.051597360718290484,0.08218736203817019,49
ASH1L,TGFB1,Unknown,22488473,0.4663221073690767,0.6528009336444563,0.74309933,1.5803765,0.5191455481912287,4.1969468696673875,50
ASH1L,TIMP1,Unknown,22488473,0.4663221073690767,0.4483994664887876,0.74309933,1.1428996,0.3524578379644027,2.745236033306816,51
ATF1,BCL2,Unknown,10542244,0.1751417139046347,0.3046848949649814,0.20815232,0.5778597,0.13716599714310515,1.7245388547237723,52
ATF1,FTH1,Activation,17565989,0.1751417139046347,0.9748249416470453,0.20815232,30.914242,11.695952534563965,6.484042693835774,53
ATF1,GABPA,Unknown,10585419,0.1751417139046347,0.1620540180060007,0.20815232,0.19289772,-0.00951244684007467,0.7115383486008339,54
ATF1,LDHA,Unknown,9632793,0.1751417139046347,0.5974491497164939,0.20815232,1.1864247,0.3690417976120861,3.8038245224637093,55
ATF1,MAP1LC3B,Activation,20514020,0.1751417139046347,0.4727409136378314,0.20815232,0.73309445,0.1963136344815195,2.9181151378,56
ATF1,PLAUR,Unknown,12369939,0.1751417139046347,0.2094031343781289,0.20815232,0.33994368,0.04651509283231819,1.047823729943851,57
ATF1,SLC20A1,Activation,11722845,0.1751417139046347,0.3022674224741518,0.20815232,0.5087461,0.11083229191310842,1.7073693546199977,58
ATF1,USP7,Unknown,7642633,0.1751417139046347,0.3611203734577986,0.20815232,0.5166643,0.11384928921540724,2.1253578743877637,59
ATF2,ATF3,Activation,10979959;20581861;8576171,0.1853951317105709,0.0570190063354454,0.22132294,0.07219076,-0.05550428497105042,-0.03444682832197943,60
ATF2,CDKN1A,Unknown,10506225,0.1853951317105709,0.0708569523174387,0.22132294,0.104368836,-0.043243775197974905,0.06383375847895917,61
ATF2,DUSP1,Unknown,17681939,0.1853951317105709,0.5256752250749642,0.22132294,5.0690584,1.848405213377602,3.2940679848999035,62
ATF2,DUSP10,Unknown,17681939,0.1853951317105709,0.0608536178726244,0.22132294,0.06727239,-0.05737828525163281,-0.007212448847019566,63
ATF2,FAS,Unknown,19670268,0.1853951317105709,0.1246248749583148,0.22132294,0.15146811,-0.02529798163400416,0.44570712285608954,64
ATF2,KAT5,Repression,18397884,0.1853951317105709,0.150466822274089,0.22132294,0.16622272,-0.019676171302556195,0.6292431584482291,65
ATF2,IMPDH2,Unknown,9278455,0.1853951317105709,0.2448316105368516,0.22132294,0.31251734,0.03606509235343024,1.2994457142233973,66
ATF2,JUN,Activation,9502786,0.1853951317105709,0.6497165721906392,0.22132294,2.2591062,0.777755544641191,4.175040955741881,67
ATF2,MAP3K1,Unknown,9710625,0.1853951317105709,0.4468156052016923,0.22132294,0.87381357,0.24993051779109302,2.733987050480205,68
ATF2,PCK2,Unknown,11042264,0.1853951317105709,0.0909469823274405,0.22132294,0.10086803,-0.04457765439499842,0.20651822485863136,69
ATF2,POLB,Activation,10518804,0.1853951317105709,0.140963654551514,0.22132294,0.16688958,-0.019422083906303123,0.5617492614885392,70
ATF2,RELA,Activation,21350211,0.1853951317105709,0.2120706902300798,0.22132294,0.2434963,0.009766654390021983,1.0667693852307816,71
ATF2,RETN,Activation,20360975,0.1853951317105709,0.132544181393794,0.22132294,0.28876245,0.027013989950560237,0.5019520369891647,72
ATF2,ST3GAL5,Activation,21699754,0.1853951317105709,0.2901800600200033,0.22132294,0.45389405,0.08993253099830957,1.6215218541011218,73
ATF3,ADIPOR1,Repression,20696134,0.0570190063354454,0.2351617205735297,0.07219076,0.29317814,0.02869645879673586,1.2307677138082744,74
ATF3,ADIPOR2,Repression,20696134,0.0570190063354454,0.1421307102367425,0.07219076,0.1632217,-0.02081962173878473,0.5700379856765713,75
ATF3,CCL5,Unknown,10760799,0.0570190063354454,0.1663054351450474,0.07219076,2.0445166,0.6959924868374749,0.7417329867143793,76
ATF3,CD82,Unknown,21454613,0.0570190063354454,0.134878292764251,0.07219076,0.1752255,-0.01624592667963812,0.5185294853652287,77
ATF3,DDIT3,Activation,22753726,0.0570190063354454,0.0737745915305095,0.07219076,0.08302811,-0.05137503138891457,0.08455556894903601,78
ATF3,LDLR,Repression,21294679,0.0570190063354454,0.0981160386795573,0.07219076,0.12854405,-0.03403252069310047,0.25743467344224863,79
ATF3,TP53,Unknown,22991139,0.0570190063354454,0.2720906968989674,0.07219076,0.35978127,0.054073623245052146,1.493046629186667,80
ATF4,ATF3,Activation,16246168;21801305,0.3902134044681283,0.0570190063354454,0.57252413,0.07219076,-0.05550428497105042,-0.03444682832197943,81
ATF4,ATG5,Activation,20038797,0.3902134044681283,0.2028176058686251,0.57252413,0.23582737,0.0068446340922878384,1.001051643454241,82
ATF4,CEBPB,Activation,16026328,0.3902134044681283,0.5541847282426798,0.57252413,2.421915,0.8397890510429626,3.4965496757789065,83
ATF4,DDIT3,Activation,16246168;17276738;20020050;21044953;21966512,0.3902134044681283,0.0737745915305095,0.57252413,0.08302811,-0.05137503138891457,0.08455556894903601,84
ATF4,DDIT4,Activation,19059405;19439225,0.3902134044681283,0.1658886295431801,0.57252413,0.24057966,0.008655354471886947,0.7387727280757965,85
ATF4,DISC1,Unknown,12812986,0.3902134044681283,0.1190396798932936,0.57252413,0.13863088,-0.030189230690480313,0.40603965709908557,86
ATF4,HSPA5,Repression,16205636,0.3902134044681283,0.5324274758252127,0.57252413,1.0820584,0.3292760875326602,3.342024174844931,87
ATF4,IRF7,Repression,21148039,0.3902134044681283,0.3548682894297908,0.57252413,0.74826354,0.20209337023059482,2.080953994809035,88
ATF4,MAP1LC3B,Activation,20038797;20514020,0.3902134044681283,0.4727409136378314,0.57252413,0.73309445,0.1963136344815195,2.9181151378,89
ATF4,MCL1,Unknown,22128141,0.3902134044681283,0.6913137712569845,0.57252413,2.6946912,0.9437224019978924,4.470474767872356,90
ATF4,SIGMAR1,Activation,22079628,0.3902134044681283,0.0906135378459467,0.57252413,0.09936755,-0.04514936818249474,0.20415001794776544,91
ATF4,SIRT1,Activation,22363646,0.3902134044681283,0.1296265421807227,0.57252413,0.14705001,-0.026981368739821942,0.48123022651908415,92
ATF4,SIRT2,Repression,21801305,0.3902134044681283,0.1606368789596517,0.57252413,0.18647888,-0.011958157097947387,0.7014734692296515,93
ATF4,TNFRSF10B,Unknown,21044953,0.3902134044681283,0.111537179059683,0.57252413,0.12904467,-0.03384177416112643,0.3527550016046023,94
ATF5,BCL2,Activation,21212266,0.1813104368122711,0.3046848949649814,0.29351312,0.5778597,0.13716599714310515,1.7245388547237723,95
ATF5,CCND3,Activation,16300731,0.1813104368122711,0.6295431810602673,0.29351312,1.1805934,0.36681995219660085,4.031764437634517,96
ATF5,CREB1,Activation,17140605,0.1813104368122711,0.3244414804934861,0.29351312,0.47023085,0.0961571883103496,1.8648551141925551,97
ATF5,DISC1,Unknown,12812986,0.1813104368122711,0.1190396798932936,0.29351312,0.13863088,-0.030189230690480313,0.40603965709908557,98
ATF5,SH2D1A,Unknown,18832568,0.1813104368122711,0.1126208736245378,0.29351312,0.1491341,-0.026187287520889873,0.3604516740649162,99
ATF6,ATP2A2,Unknown,11595740,0.2790930310103361,0.2139879959986695,0.38862345,0.28584278,0.025901535540012035,1.0803865749682628,100
ATF6,DDIT3,Unknown,17455323,0.2790930310103361,0.0737745915305095,0.38862345,0.08302811,-0.05137503138891457,0.08455556894903601,101
ATF6,DNAJC3,Activation,12601012,0.2790930310103361,0.2997665888629486,0.38862345,0.43922228,0.08434228441323356,1.6896078027885058,102
ATF6,HSPA5,Unknown,12713871,0.2790930310103361,0.5324274758252127,0.38862345,1.0820584,0.3292760875326602,3.342024174844931,103
ATF6,NUCB1,Activation,17686766,0.2790930310103361,0.3375291763921158,0.38862345,0.45597607,0.09072582350460295,1.9578072354440275,104
ATF6,RTN3,Activation,17191123,0.2790930310103361,0.4120540180059689,0.38862345,0.83663094,0.23576316985818208,2.4871014800224738,105
ATF6,SRF,Unknown,9271374,0.2790930310103361,0.0801933977992653,0.38862345,0.08869695,-0.049215086579846384,0.13014355198320549,106
ATF6,STARD4,Activation,16579971,0.2790930310103361,0.0699399799933308,0.38862345,0.080027066,-0.052518490969637475,0.057321189474078375,107
ATF6,WBP1,Activation,21841196,0.2790930310103361,0.1642214071357108,0.38862345,0.18722896,-0.011672361167494979,0.726931693521465,108
ATF6,XBP1,Unknown,20003459;24269637,0.2790930310103361,0.4426475491830204,0.38862345,0.78511524,0.21613462701687525,2.7043844640943857,109
ATF7,TAF12,Activation,15735663,0.175558519506502,0.2437479159719966,0.21357088,0.29442802,0.029172688822271635,1.2917490417630821,110
ATM,BAX,Activation,16214353,0.7052350783593485,0.4886628876291579,1.665242,0.8149618,0.22750678116843745,3.0311970177938288,111
ATM,BCL2,Repression,16214353,0.7052350783593485,0.3046848949649814,1.665242,0.5778597,0.13716599714310515,1.7245388547237723,112
ATM,CDKN1A,Unknown,12420214,0.7052350783593485,0.0708569523174387,1.665242,0.104368836,-0.043243775197974905,0.06383375847895917,113
ATM,CFLAR,Activation,19351839,0.7052350783593485,0.6237912637545001,1.665242,1.5071025,0.4912266448636234,3.990912868422086,114
ATM,DUSP1,Activation,17178844,0.7052350783593485,0.5256752250749642,1.665242,5.0690584,1.848405213377602,3.2940679848999035,115
ATM,FAS,Activation,19502594,0.7052350783593485,0.1246248749583148,1.665242,0.15146811,-0.02529798163400416,0.44570712285608954,116
ATM,IGF1R,Unknown,11172010,0.7052350783593485,0.0953651217072334,1.665242,0.111121655,-0.04067081206166713,0.23789696642760466,117
ATM,KLRK1,Activation,19767562,0.7052350783593485,0.2081527175725269,1.665242,0.5583518,0.12973308541145964,1.038942954028102,118
ATM,MCL1,Activation,20164679,0.7052350783593485,0.6913137712569845,1.665242,2.6946912,0.9437224019978924,4.470474767872356,119
ATM,MTF1,Unknown,12926986,0.7052350783593485,0.1813937979326446,1.665242,0.24558103,0.01056097946213704,0.8488943494310802,120
ATM,PCNA,Unknown,22362778,0.7052350783593485,0.1495498499499809,1.665242,0.18606216,-0.012116936001715161,0.6227305894433469,121
ATM,PMAIP1,Repression,20368352,0.7052350783593485,0.1668056018672882,1.665242,0.23291056,0.005733269400651065,0.7452852970806789,122
ATM,SP1,Repression,11466608,0.7052350783593485,0.2797599199733236,1.665242,0.40529555,0.0714155014466729,1.547515388136574,123
ATM,TERF1,Repression,17694070,0.7052350783593485,0.2560853617872674,1.665242,0.326938,0.041559660856040515,1.3793726974651213,124
ATM,TNFRSF10B,Repression,19351839,0.7052350783593485,0.111537179059683,1.665242,0.12904467,-0.03384177416112643,0.3527550016046023,125
BACH1,HMOX1,Activation,17942419,0.3776258752917392,0.1859786595531852,0.8523833,0.37395507,0.0594741330027399,0.8814571944554923,126
BACH2,BCL2,Unknown,18929412,0.1168722907635839,0.3046848949649814,0.15263502,0.5778597,0.13716599714310515,1.7245388547237723,127
BACH2,XBP1,Repression,24821775,0.1168722907635839,0.4426475491830204,0.15263502,0.78511524,0.21613462701687525,2.7043844640943857,128
BATF,CD2,Unknown,22592317,0.1608869623207721,0.4048849616538533,0.19598179,1.1179693,0.34295888013996023,2.436185031438865,129
BCL3,CTCF,Repression,21912613,0.1065355118372759,0.3512004001333595,0.12462664,0.4967382,0.10625703466950837,2.054903718789514,130
BCL3,NFKB1,Repression,11387332,0.1065355118372759,0.359286428809583,0.12462664,0.5491799,0.1262384025849392,2.1123327363780033,131
BCL3,RELA,Unknown,7896265,0.1065355118372759,0.2120706902300798,0.12462664,0.2434963,0.009766654390021983,1.0667693852307816,132
BCL6,BCL2L1,Repression,11777915,0.1882294098032687,0.0869456485495148,0.3059335,0.09694991,-0.04607053882202515,0.17809974192823996,133
BCL6,BCL6,Repression,12407182,0.1882294098032687,0.1882294098032687,0.3059335,0.3059335,0.033556513696820535,0.8974425911038394,134
BCL6,CCND2,Repression,15509806;22723377,0.1882294098032687,0.2890130043347752,0.3059335,0.4857372,0.10206542706644334,1.6132331299130929,135
BCL6,CDKN1A,Repression,16142238,0.1882294098032687,0.0708569523174387,0.3059335,0.104368836,-0.043243775197974905,0.06383375847895917,136
BCL6,FCER2,Repression,11342629,0.1882294098032687,0.0988662887629184,0.3059335,0.20748629,-0.0039539011687860495,0.2627631389916973,137
BCL6,HDAC7,Repression,11929873,0.1882294098032687,0.2155718572857653,0.3059335,0.26516974,0.01802468146833971,1.0916355577948778,138
BCL6,IRF4,Repression,10601358,0.1882294098032687,0.0581027009003003,0.3059335,0.087279335,-0.04975522709545578,-0.026750155861664928,139
BCL6,LITAF,Repression,23795761,0.1882294098032687,0.5869456485494408,0.3059335,1.1117321,0.34058237846358197,3.729226004771445,140
BCL6,MYC,Activation,21394099,0.1882294098032687,0.2710070023341127,0.3059335,0.41546583,0.07529058761823003,1.4853499567263537,141
BCL6,NFKB1,Repression,15611242,0.1882294098032687,0.359286428809583,0.3059335,0.5491799,0.1262384025849392,2.1123327363780033,142
BCL6,PDCD2,Repression,20605493,0.1882294098032687,0.3893797932643939,0.3059335,0.52983654,0.11886818398255543,2.3260634100836177,143
BCL6,STAT3,Unknown,17951530,0.1882294098032687,0.509253084361397,0.3059335,0.84672683,0.23960991190742378,3.1774337945397764,144
BCL6,SUMO1,Repression,22723377,0.1882294098032687,0.5584361453817251,0.3059335,0.87949556,0.2520954730210302,3.526744313892442,145
BCL6,XBP1,Repression,24821775,0.1882294098032687,0.4426475491830204,0.3059335,0.78511524,0.21613462701687525,2.7043844640943857,146
BDP1,MYC,Unknown,12734418,0.3561187062353924,0.2710070023341127,0.56743795,0.41546583,0.07529058761823003,1.4853499567263537,147
BDP1,RB1,Unknown,12734418,0.3561187062353924,0.2888462820940283,0.56743795,0.4403895,0.08478701927610507,1.6120490264576597,148
BDP1,TP53,Unknown,12734418,0.3561187062353924,0.2720906968989674,0.56743795,0.35978127,0.054073623245052146,1.493046629186667,149
BIN1,MYC,Unknown,9797456,0.3141880626875533,0.2710070023341127,0.4518922,0.41546583,0.07529058761823003,1.4853499567263537,150
BRD7,BRD2,Activation,12600283,0.4188062687562173,0.458569523174347,0.6414717,0.7259252,0.19358200255639693,2.8174663440882153,151
BRD7,BRD3,Activation,12600283,0.4188062687562173,0.205485161720576,0.6414717,0.26400328,0.01758023618112299,1.0199972987411714,152
BRD7,E2F3,Repression,16475162,0.4188062687562173,0.1623041013671211,0.6414717,0.21423794,-0.001381383445557808,0.7133145037839836,153
BRPF1,ING5,Unknown,18794358,0.0721073691230405,0.1470490163387769,0.07819309,0.17172438,-0.01757992551712953,0.6049690376118492,154
BRPF1,MEAF6,Unknown,18794358,0.0721073691230405,0.3764588196065111,0.07819309,0.49815467,0.10679673891653259,2.2342953922875783,155
BTAF1,DR1,Repression,20627952,0.1666388796265412,0.3688729576525283,0.2064018,0.5237508,0.11654939168601175,2.1804186850653875,156
BTAF1,TBP,Repression,20627952,0.1666388796265412,0.0886128709569839,0.2064018,0.09594962,-0.046451669916404745,0.18994077648257018,157
BTF3,ABL2,Activation,17312387,0.9493164388127734,0.096948982994329,6.2902937,0.11078818,-0.04079787290572059,0.249145949254218,158
BTF3,ATM,Activation,17312387,0.9493164388127734,0.7052350783593485,6.2902937,1.665242,0.5514810517852577,4.5693474064009925,159
BTF3,NFKB1,Repression,17312387,0.9493164388127734,0.359286428809583,6.2902937,0.5491799,0.1262384025849392,2.1123327363780033,160
BTF3,RRAS2,Repression,17312387,0.9493164388127734,0.0539346448816274,6.2902937,0.06443803,-0.058458234794931015,-0.05635274224749136,161
BTG2,HRAS,Repression,20197462,0.4076358786261767,0.1053684561520476,0.65247595,0.11762418,-0.038193216095016795,0.3089431737535827,162
CBFA2T3,TCF12,Unknown,18456661,0.1416305435145017,0.1487162387462462,0.19231436,0.1744752,-0.01653180643462219,0.6168100721661808,163
CBFA2T3,ZNF652,Repression,20116376,0.1416305435145017,0.3496165388462642,0.19231436,0.50073993,0.10778177622876783,2.0436547359629027,164
CBFB,RUNX1,Unknown,24648201,0.1954818272757602,0.2892630876958955,0.23290998,0.41071284,0.07347960052421204,1.6150092850962414,165
CBFB,RUNX2,Unknown,24648201,0.1954818272757602,0.100283427809267,0.23290998,0.14663315,-0.0271402009864735,0.27282801836287685,166
CBFB,RUNX3,Unknown,24648201,0.1954818272757602,0.2908469489829908,0.23290998,0.42913604,0.08049921921276647,1.6262582679228528,167
CDC5L,PLRG1,Unknown,11544257,0.3577025675224877,0.2083194398132739,0.5317543,0.24066202,0.008686735328371671,1.0401270574835357,168
CEBPA,BCL2,Repression,12970736,0.22482494164722,0.3046848949649814,0.37603793,0.5778597,0.13716599714310515,1.7245388547237723,169
CEBPA,CD163,Unknown,10725797,0.22482494164722,0.182894298099367,0.37603793,0.31585345,0.03733621898197867,0.8595512805299789,170
CEBPA,CSF2RA,Unknown,7565736,0.22482494164722,0.1886462154051361,0.37603793,0.27942517,0.023456293937475347,0.9004028497424229,171
CEBPA,CSF3R,Activation,10453008,0.22482494164722,0.3651217072357236,0.37603793,1.1692339,0.3624917487090073,2.1537763573181503,172
CEBPA,HK3,Unknown,24584857,0.22482494164722,0.1454651550516811,0.37603793,0.19339797,-0.009321841285722039,0.5937200547852344,174
CEBPA,HOMER3,Unknown,14645007,0.22482494164722,0.0869456485495148,0.37603793,0.105119385,-0.042957800568861844,0.17809974192823996,175
CEBPA,HSD17B11,Activation,21549806,0.22482494164722,0.4887462487495314,0.37603793,0.87856966,0.25174268604896605,3.0317890695215457,176
CEBPA,HSPA4,Activation,2247079,0.22482494164722,0.294681560520169,0.37603793,0.40112644,0.06982698465965222,1.6534926473978069,177
CEBPA,ICAM1,Unknown,9916895,0.22482494164722,0.1101200400133343,0.37603793,0.13971451,-0.02977634533942957,0.34269012223342193,178
CEBPA,INSR,Activation,8288055,0.22482494164722,0.1091197065688529,0.37603793,0.13562988,-0.031332673506296885,0.3355855015008244,179
CEBPA,ITGAX,Activation,9360988,0.22482494164722,0.2610036678893002,0.37603793,0.49007362,0.10371769240978332,1.4143037494003878,180
CEBPA,MAD1L1,Unknown,21345218,0.22482494164722,0.1910636878959666,0.37603793,0.22215635,0.0016356938710666885,0.9175723498462037,181
CEBPA,MYC,Repression,12032779,0.22482494164722,0.2710070023341127,0.37603793,0.41546583,0.07529058761823003,1.4853499567263537,182
CEBPA,PCK2,Unknown,11042264,0.22482494164722,0.0909469823274405,0.37603793,0.10086803,-0.04457765439499842,0.20651822485863136,183
CEBPA,SOCS3,Activation,19332118,0.22482494164722,0.1829776592197404,0.37603793,0.27242282,0.020788254350226708,0.860143332257695,185
CEBPA,SPI1,Unknown,24429361,0.22482494164722,0.4275591863954283,0.37603793,1.8685457,0.6289439492174228,2.597223101377721,186
CEBPA,STAT3,Unknown,24429361,0.22482494164722,0.509253084361397,0.37603793,0.84672683,0.23960991190742378,3.1774337945397764,187
CEBPB,BCL2L1,Unknown,19043455,0.5541847282426798,0.0869456485495148,2.421915,0.09694991,-0.04607053882202515,0.17809974192823996,188
CEBPB,CDKN1A,Activation,15041706,0.5541847282426798,0.0708569523174387,2.421915,0.104368836,-0.043243775197974905,0.06383375847895917,189
CEBPB,CSF3R,Activation,10453008,0.5541847282426798,0.3651217072357236,2.421915,1.1692339,0.3624917487090073,2.1537763573181503,190
CEBPB,CSRP1,Activation,14522018,0.5541847282426798,0.1438812937645852,2.421915,0.16605587,-0.01973974458940024,0.5824710719586189,191
CEBPB,DAPK1,Unknown,19521987,0.5541847282426798,0.101200400133375,2.421915,0.13096163,-0.03311137291480596,0.27934058736775846,192
CEBPB,DDIT3,Unknown,16757577,0.5541847282426798,0.0737745915305095,2.421915,0.08302811,-0.05137503138891457,0.08455556894903601,193
CEBPB,FURIN,Activation,8132667,0.5541847282426798,0.1237912637545803,2.421915,0.14229868,-0.028791723339646583,0.4397866055789248,194
CEBPB,GFER,Repression,20690902,0.5541847282426798,0.1284594864954942,2.421915,0.14163184,-0.02904580311548768,0.47294150233105225,195
CEBPB,HSF1,Unknown,11801594,0.5541847282426798,0.1580526842280743,2.421915,0.17564212,-0.016087185877930187,0.6831198656704377,197
CEBPB,IL1B,Activation,17386941,0.5541847282426798,0.0821940646882281,2.421915,0.16480523,-0.02021626419059079,0.14435279344840074,198
CEBPB,INSR,Activation,8288055,0.5541847282426798,0.1091197065688529,2.421915,0.13562988,-0.031332673506296885,0.3355855015008244,199
CEBPB,IRF4,Activation,19717648,0.5541847282426798,0.0581027009003003,2.421915,0.087279335,-0.04975522709545578,-0.026750155861664928,200
CEBPB,MAD1L1,Unknown,21345218,0.5541847282426798,0.1910636878959666,2.421915,0.22215635,0.0016356938710666885,0.9175723498462037,201
CEBPB,PCK2,Activation,8093246,0.5541847282426798,0.0909469823274405,2.421915,0.10086803,-0.04457765439499842,0.20651822485863136,202
CEBPB,PRDM1,Activation,19717648,0.5541847282426798,0.1295431810603492,2.421915,0.20081745,-0.006494866576260279,0.4806381747913674,203
CEBPB,SLC19A1,Activation,15652157,0.5541847282426798,0.0681060353451148,2.421915,0.0755254,-0.05423371844278165,0.04429605146431519,205
CEBPB,TOP1,Unknown,8524227,0.5541847282426798,0.4990830276758376,2.421915,0.9333409,0.2726116566892077,3.1052034837583773,206
CEBPB,XBP1,Activation,19717648,0.5541847282426798,0.4426475491830204,2.421915,0.78511524,0.21613462701687525,2.7043844640943857,207
CEBPD,CASP8,Unknown,24810056,0.4193897965988314,0.3737912637545611,2.272425,0.546428,0.12518987200018555,2.215349737000654,208
CEBPD,DDIT3,Activation,20971808,0.4193897965988314,0.0737745915305095,2.272425,0.08302811,-0.05137503138891457,0.08455556894903601,209
CEBPD,SOD1,Activation,20385105,0.4193897965988314,0.6486328776257845,2.272425,1.2927933,0.4095704252357004,4.167344283281568,211
CEBPZ,APC,Activation,15087381,0.3133544514838189,0.2216572190730283,0.44022188,0.30151483,0.03187290940926165,1.1348553339181884,212
CEBPZ,GZMB,Unknown,9857074,0.3133544514838189,0.0841947315771909,0.44022188,0.6425481,0.1618136100210354,0.15856203491359608,213
CEBPZ,MLH1,Repression,11704838,0.3133544514838189,0.1009503167722547,0.44022188,0.11345593,-0.039781405204322835,0.2775644321846094,214
CHD4,CD79A,Repression,23071088,0.3805435145048095,0.1367122374124672,0.6090402,0.9374002,0.2741583336043174,0.5315546233749933,215
CHD4,RNF8,Unknown,22531782,0.3805435145048095,0.1187895965321732,0.6090402,0.1367969,-0.030888014847545053,0.4042635019159358,216
CHD8,MYC,Unknown,16949368,0.3108536178726158,0.2710070023341127,0.4278015,0.41546583,0.07529058761823003,1.4853499567263537,217
CIITA,CREBBP,Unknown,9858618,0.3066855618539439,0.3274424808269299,0.6218787,0.46547934,0.09434676512681726,1.8861689763903453,218
CIITA,HLA-A,Activation,10329350,0.3066855618539439,0.985078359452978,0.6218787,15.145466,5.687724066912924,6.556865056344888,219
CIITA,HLA-B,Activation,11053628,0.3066855618539439,0.9854118039344718,0.6218787,18.685316,7.036479832180599,6.559233263255755,220
CIITA,HLA-C,Activation,11053628,0.3066855618539439,0.9814938312769202,0.6218787,12.588266,4.7133781926689595,6.531406832053085,221
CIITA,HLA-DMA,Activation,9300700,0.3066855618539439,0.4324774924974611,0.6218787,1.4303218,0.46197161660358754,2.6321541533129875,222
CIITA,HLA-DMB,Activation,9300700;9600954,0.3066855618539439,0.4447315771923564,0.6218787,1.470584,0.4773123441407318,2.7191857572872955,223
CIITA,HLA-DOA,Activation,11823510,0.3066855618539439,0.0734411470490157,0.6218787,0.10345187,-0.043593158132012914,0.08218736203817019,224
CIITA,HLA-DOB,Activation,11823510,0.3066855618539439,0.0678559519839945,0.6218787,0.10361848,-0.04352967629011248,0.04251989628116614,225
CIITA,HLA-DPB1,Unknown,11889043,0.3066855618539439,0.5259253084360845,0.6218787,4.220864,1.525225675524937,3.295844140083053,226
CIITA,HLA-DQB1,Unknown,11332992,0.3066855618539439,0.5181727242413549,0.6218787,2.478512,0.8613536738509501,3.240783329405429,227
CIITA,HLA-DRB1,Unknown,10886240,0.3066855618539439,0.530593531176997,0.6218787,5.5847845,2.044907480613223,3.32899903683517,229
CIITA,HLA-DRB5,Unknown,10886240,0.3066855618539439,0.4636545515171267,0.6218787,2.2514338,0.7748322022019803,2.8535814994789144,230
CIITA,HLA-F,Unknown,11137213,0.3066855618539439,0.7079026342112985,0.6218787,1.5131941,0.4935476699408737,4.588293061687916,231
CIITA,IRF1,Unknown,12052885;15950283,0.3066855618539439,0.7586695565187219,0.6218787,3.5529811,1.2707485333017656,4.948852563867193,232
CIITA,IRF2,Unknown,15950283,0.3066855618539439,0.4884128042680376,0.6218787,0.81996393,0.22941269573434236,3.02942086261068,233
CIITA,PSMC5,Activation,22771340,0.3066855618539439,0.4750750250082876,0.6218787,0.7139216,0.18900838370137,2.9346925861760584,234
CIITA,RAB4B,Unknown,17175541,0.3066855618539439,0.2510836945648612,0.6218787,0.32010245,0.038955175504606,1.3438495938021386,235
CIITA,SIRT1,Repression,22064865,0.3066855618539439,0.1296265421807227,0.6218787,0.14705001,-0.026981368739821942,0.48123022651908415,237
CIITA,STAT1,Unknown,12052885,0.3066855618539439,0.694648216071922,0.6218787,3.1569238,1.1198425438526791,4.494156836981012,238
CLOCK,BHLHE40,Activation,19032342,0.1343781260420102,0.0763587862620865,0.16013764,0.09153112,-0.0481352094304619,0.10290917250824703,239
CLOCK,KAT5,Unknown,18458078,0.1343781260420102,0.150466822274089,0.16013764,0.16622272,-0.019676171302556195,0.6292431584482291,240
CLOCK,NAMPT,Activation,19299583,0.1343781260420102,0.3872124041346845,0.16013764,1.0759567,0.32695121414736605,2.310670065162991,241
CLOCK,NR3C1,Repression,21164265,0.1343781260420102,0.4534844948315673,0.16013764,0.77135974,0.21089349817550074,2.7813511886975153,242
CLOCK,PER1,Activation,17994337;22750052,0.1343781260420102,0.1221240413471113,0.16013764,0.15488586,-0.023995748483801864,0.42794557102459535,243
CLOCK,PER2,Activation,22750052,0.1343781260420102,0.0734411470490157,0.16013764,0.0824446,-0.051597360718290484,0.08218736203817019,244
CNBP,MYC,Unknown,23774591,0.7960153384460219,0.2710070023341127,2.145419,0.41546583,0.07529058761823003,1.4853499567263537,245
COPS5,CDKN1B,Repression,16951171,0.3604534844948111,0.3676225408469267,0.47814873,0.5059085,0.10975110786307139,2.171537909149641,246
CREB1,AQP3,Unknown,18495115,0.3244414804934861,0.1850616872290771,0.47023085,0.31643713,0.03755861308485633,0.8749446254506099,247
CREB1,BCL2,Activation,17290286,0.3244414804934861,0.3046848949649814,0.47023085,0.5778597,0.13716599714310515,1.7245388547237723,248
CREB1,BCL2L11,Unknown,20367563,0.3244414804934861,0.1362954318105999,0.47023085,0.17722628,-0.015483588286759253,0.5285943647364103,249
CREB1,CASP8,Activation,18342014,0.3244414804934861,0.3737912637545611,0.47023085,0.546428,0.12518987200018555,2.215349737000654,250
CREB1,CCL5,Unknown,11413310,0.3244414804934861,0.1663054351450474,0.47023085,2.0445166,0.6959924868374749,0.7417329867143793,251
CREB1,CD4,Unknown,9765424,0.3244414804934861,0.4153884628209064,0.47023085,0.9203266,0.2676529403153718,2.510783549131129,252
CREB1,CRTC1,Unknown,17334997,0.3244414804934861,0.0638546182060688,0.47023085,0.067939304,-0.05712417728026744,0.014101413350774845,253
CREB1,CXCR4,Unknown,11874984,0.3244414804934861,0.463904634878247,0.47023085,0.8587251,0.2441814999226612,2.855357654662064,254
CREB1,ETV3,Activation,14754893,0.3244414804934861,0.089196398799598,0.47023085,0.10203507,-0.04413298811583461,0.19408513857658505,255
CREB1,GABPA,Unknown,10585419,0.3244414804934861,0.1620540180060007,0.47023085,0.19289772,-0.00951244684007467,0.7115383486008339,257
CREB1,GSK3A,Unknown,11579131,0.3244414804934861,0.2164888296098734,0.47023085,0.2641698,0.01764368373116957,1.09814812679976,258
CREB1,GSK3B,Unknown,11579131,0.3244414804934861,0.2059019673224434,0.47023085,0.25391662,0.013737010952004561,1.022957557379755,259
CREB1,HLA-DOB,Unknown,12938212,0.3244414804934861,0.0678559519839945,0.47023085,0.10361848,-0.04352967629011248,0.04251989628116614,260
CREB1,HLA-DQB1,Unknown,1324879,0.3244414804934861,0.5181727242413549,0.47023085,2.478512,0.8613536738509501,3.240783329405429,261
CREB1,HMOX1,Repression,14523007,0.3244414804934861,0.1859786595531852,0.47023085,0.37395507,0.0594741330027399,0.8814571944554923,262
CREB1,JUN,Repression,8647095,0.3244414804934861,0.6497165721906392,0.47023085,2.2591062,0.777755544641191,4.175040955741881,263
CREB1,LYL1,Activation,23000483,0.3244414804934861,0.2923474491497127,0.47023085,0.4634805,0.0935851659138993,1.636915199021748,264
CREB1,NF1,Unknown,10435592,0.3244414804934861,0.1583027675891947,0.47023085,0.19589853,-0.008369076418171799,0.6848960208535875,265
CREB1,NOLC1,Activation,21266110,0.3244414804934861,0.1779759919973325,0.47023085,0.21357064,-0.0016356384908741617,0.8246202285947003,266
CREB1,NRF1,Unknown,20587593,0.3244414804934861,0.0663554518172724,0.47023085,0.07035689,-0.05620302721584934,0.03186296518226968,267
CREB1,ODC1,Unknown,1356108,0.3244414804934861,0.2331610536845665,0.47023085,0.33202344,0.0434973182479986,1.2165584723430762,268
CREB1,POLD2,Unknown,10978529,0.3244414804934861,0.147965988662885,0.47023085,0.17105746,-0.0178340357746185,0.6114816066167313,269
CREB1,PPM1D,Unknown,19015127,0.3244414804934861,0.0795265088362777,0.47023085,0.08794667,-0.04950095871441848,0.1254071381614736,270
CREB1,PPP2CA,Activation,17526027,0.3244414804934861,0.3500333444481314,0.47023085,0.4822337,0.10073052139992772,2.0466149946014847,271
CREB1,PSEN1,Activation,11116137,0.3244414804934861,0.2470823607869352,0.47023085,0.3381921,0.045847704772562094,1.3154311108717454,272
CREB1,RRM2B,Unknown,11978967,0.3244414804934861,0.0919473157719219,0.47023085,0.105786435,-0.04270364077869508,0.21362284559122904,273
CREB1,SLC19A1,Unknown,11078737,0.3244414804934861,0.0681060353451148,0.47023085,0.0755254,-0.05423371844278165,0.04429605146431519,274
CREB1,SLC20A1,Activation,11722845,0.3244414804934861,0.3022674224741518,0.47023085,0.5087461,0.11083229191310842,1.7073693546199977,275
CREB1,SLC39A1,Unknown,19026724,0.3244414804934861,0.1507169056352094,0.47023085,0.17497523,-0.016341284704801205,0.6310193136313789,276
CREB1,STMN1,Unknown,23000483,0.3244414804934861,0.160136712237411,0.47023085,0.31193516,0.03584326978145021,0.6979211588633526,277
CREB1,UXT,Activation,17761951,0.3244414804934861,0.7200733577858204,0.47023085,1.6124738,0.5313752806444474,4.674732613934508,278
CREB1,XPC,Unknown,21507255,0.3244414804934861,0.2321607202400849,0.47023085,0.3032646,0.03253960782173461,1.2094538516104774,279
CREB3,CXCR4,Activation,20473547,0.1062854284761555,0.463904634878247,0.1151234,0.8587251,0.2441814999226612,2.855357654662064,280
CREB5,ATP6V0E1,Activation,21132541,0.2234078026008711,0.8388629543179688,0.41113245,2.4755416,0.8602218902654448,5.5184063259303535,281
CREB5,LGALS3BP,Repression,21132541,0.2234078026008711,0.1075358452817573,0.41113245,0.12854439,-0.034032391146097005,0.32433651867421104,282
CREB5,LY96,Repression,21132541,0.2234078026008711,0.3052684228075955,0.41113245,0.525669,0.11728026539787427,1.728683216817787,283
CREB5,MAPKAPK3,Activation,21132541,0.2234078026008711,0.2860953651217049,0.41113245,0.44439116,0.08631173416392265,1.5925113194430194,284
CREB5,MX1,Activation,21132541,0.2234078026008711,0.4322274091363408,0.41113245,1.3773032,0.4417704379049363,2.630377998129838,285
CREB5,RDX,Repression,21132541,0.2234078026008711,0.1838112704234751,0.41113245,0.24583128,0.01065632986688816,0.866063849534861,286
CREB5,STAT1,Repression,21132541,0.2234078026008711,0.694648216071922,0.41113245,3.1569238,1.1198425438526791,4.494156836981012,287
CREB5,TGFBR3,Activation,21132541,0.2234078026008711,0.0506835611870625,0.41113245,0.067272365,-0.05737829477714778,-0.07944275962843625,288
CREBBP,CDKN1A,Activation,15286705,0.3274424808269299,0.0708569523174387,0.46547934,0.104368836,-0.043243775197974905,0.06383375847895917,289
CREBBP,CREB1,Activation,19564345,0.3274424808269299,0.3244414804934861,0.46547934,0.47023085,0.0961571883103496,1.8648551141925551,290
CREBBP,EP300,Unknown,15154850,0.3274424808269299,0.4134711570523173,0.46547934,0.68257177,0.1770634527148419,2.4971663593936517,291
CREBBP,EZH2,Unknown,25088689,0.3274424808269299,0.062604201400467,0.46547934,0.074691765,-0.054551350549333896,0.0052206374350274275,292
CREBBP,HINFP,Activation,17826007,0.3274424808269299,0.0921140380126688,0.46547934,0.100951396,-0.044545890231791695,0.214806949046662,293
CREBBP,IRF1,Activation,18497060,0.3274424808269299,0.7586695565187219,0.46547934,3.5529811,1.2707485333017656,4.948852563867193,294
CREBBP,PCK2,Unknown,10085123;11997389,0.3274424808269299,0.0909469823274405,0.46547934,0.10086803,-0.04457765439499842,0.20651822485863136,295
CREBBP,PPARA,Unknown,10542237,0.3274424808269299,0.0808602867622529,0.46547934,0.09469899,-0.04692818570738931,0.13487996580493722,296
CREBBP,PSMC5,Activation,22771340,0.3274424808269299,0.4750750250082876,0.46547934,0.7139216,0.18900838370137,2.9346925861760584,297
CREBBP,RARA,Unknown,21110951,0.3274424808269299,0.2353284428142766,0.46547934,0.34402755,0.04807113142353072,1.2319518172637074,298
CREBBP,TP53,Unknown,15154850,0.3274424808269299,0.2720906968989674,0.46547934,0.35978127,0.054073623245052146,1.493046629186667,300
CREBBP,TRIM22,Unknown,23670564,0.3274424808269299,0.5896132044013908,0.46547934,1.3607223,0.4354527734648253,3.7481716600583694,301
CREG1,HSPA4,Repression,9710587,0.2541680560186783,0.294681560520169,0.41913408,0.40112644,0.06982698465965222,1.6534926473978069,302
CREM,CCL4,Repression,16443828,0.0880293431143697,0.0936978992997644,0.10061785,0.33252704,0.04368920022135589,0.22605593187327525,303
CREM,CD247,Repression,16237091,0.0880293431143697,0.329943314438133,0.10061785,0.6840676,0.17763339475655562,1.9039305282218366,304
CREM,CREB1,Repression,11988318,0.0880293431143697,0.3244414804934861,0.10061785,0.47023085,0.0961571883103496,1.8648551141925551,305
CREM,DUSP1,Repression,21325296,0.0880293431143697,0.5256752250749642,0.10061785,5.0690584,1.848405213377602,3.2940679848999035,306
CREM,G6PD,Repression,17273168,0.0880293431143697,0.2627542514171424,0.10061785,0.3602812,0.0542641068728133,1.4267368356824321,308
CREM,GPX4,Unknown,15225122,0.0880293431143697,0.7394964988328313,0.10061785,1.8853121,0.6353322929785381,4.812680666492425,309
CREM,TAF4,Unknown,10409662,0.0880293431143697,0.0676058686228741,0.10061785,0.07269108,-0.055313652745255903,0.0407437410980164,310
CREM,TBP,Unknown,10409662,0.0880293431143697,0.0886128709569839,0.10061785,0.09594962,-0.046451669916404745,0.18994077648257018,311
CREM,ZAP70,Unknown,16237091,0.0880293431143697,0.1768922974324775,0.10061785,0.23616166,0.006972005468128994,0.8169235561343852,312
CTCF,APP,Activation,11706010;9407128,0.3512004001333595,0.2350783594531562,0.4967382,0.37170264,0.05861591077627214,1.2301756620805577,313
CTCF,ATXN7,Unknown,21689595,0.3512004001333595,0.3323607869289627,0.4967382,0.47890034,0.09946044257802492,1.9211000283256119,314
CTCF,BBC3,Unknown,20818159,0.3512004001333595,0.079026342114037,0.4967382,0.08969726,-0.04883394786505482,0.12185482779517483,315
CTCF,BCL6,Repression,20733034,0.3512004001333595,0.1882294098032687,0.4967382,0.3059335,0.033556513696820535,0.8974425911038394,316
CTCF,PBXIP1,Unknown,22187427,0.3512004001333595,0.2700066688896315,0.4967382,0.3794542,0.061569414806052596,1.4782453359937575,317
CTCF,MYC,Activation,19568426,0.3512004001333595,0.2710070023341127,0.4967382,0.41546583,0.07529058761823003,1.4853499567263537,318
CTCF,NF1,Unknown,21111075,0.3512004001333595,0.1583027675891947,0.4967382,0.19589853,-0.008369076418171799,0.6848960208535875,319
CTCF,RAD21,Unknown,19826084,0.3512004001333595,0.5306768922973705,0.4967382,0.9195074,0.2673408082411575,3.3295910885628865,320
CTCF,RBL2,Unknown,21325284,0.3512004001333595,0.4398132710903236,0.4967382,0.6746538,0.17404654304728068,2.684254705352029,321
CTNNB1,CD44,Unknown,17724465,0.4339779926641829,0.7525008336110875,0.7061655,2.6831927,0.9393412366471204,4.905040736016181,322
CTNNB1,GLCE,Unknown,22805760,0.4339779926641829,0.0650216738912971,0.7061655,0.07177407,-0.05566305244420025,0.022390137538805387,323
CTNNB1,JUN,Activation,20300972,0.4339779926641829,0.6497165721906392,0.7061655,2.2591062,0.777755544641191,4.175040955741881,324
CTNNB1,MYC,Activation,20300972;21533051,0.4339779926641829,0.2710070023341127,0.7061655,0.41546583,0.07529058761823003,1.4853499567263537,325
CTNNB1,NCOA2,Unknown,16141201,0.4339779926641829,0.2288262754251463,0.7061655,0.2982635,0.03063408570704609,1.1857717825018141,326
CTNNB1,PPARD,Unknown,17724465,0.4339779926641829,0.0523507835945317,0.7061655,0.055434983,-0.06188858115034885,-0.06760172507410539,327
CTNNB1,RB1,Repression,16628468,0.4339779926641829,0.2888462820940283,0.7061655,0.4403895,0.08478701927610507,1.6120490264576597,328
CTNNB1,STARD7,Activation,21622533,0.4339779926641829,0.289346448816269,0.7061655,0.41104674,0.07360682330201983,1.6156013368239583,329
CTNNB1,TCF7,Unknown,17724465,0.4339779926641829,0.3756252084027767,0.7061655,0.9563349,0.28137284432895654,2.228374875010414,330
CUX1,CDKN1B,Unknown,19332113,0.3336112037345642,0.3676225408469267,0.5921157,0.5059085,0.10975110786307139,2.171537909149641,332
CUX1,CYBB,Activation,14605447,0.3336112037345642,0.4816605535177892,0.5921157,4.499658,1.631451932236955,2.9814646726656533,333
CUX1,FTO,Unknown,23341774,0.3336112037345642,0.0746915638546175,0.5921157,0.08302818,-0.05137500471747267,0.0910681379539176,334
DDB2,BCL2,Repression,20013802,0.1269589863287718,0.3046848949649814,0.14713345,0.5778597,0.13716599714310515,1.7245388547237723,335
DDB2,SOD2,Repression,18431487,0.1269589863287718,0.5062520840279533,0.14713345,2.0023332,0.6799197425266729,3.1561199323419866,336
DDB2,XPA,Unknown,24953096,0.1269589863287718,0.2694231410470174,0.14713345,0.34894451,0.049944594465069346,1.4741009738997428,337
DDIT3,ATF2,Repression,16164412,0.0737745915305095,0.1853951317105709,0.08302811,0.22132294,0.0013181474941490955,0.8773128323614758,338
DDIT3,ATF5,Repression,16164412,0.0737745915305095,0.1813104368122711,0.08302811,0.29351312,0.028824093076789938,0.8483022977033634,339
DDIT3,ATG5,Activation,20038797,0.0737745915305095,0.2028176058686251,0.08302811,0.23582737,0.0068446340922878384,1.001051643454241,340
DDIT3,CEBPA,Repression,21983012,0.0737745915305095,0.22482494164722,0.08302811,0.37603793,0.06026774556633594,1.1573532995714186,341
DDIT3,MAP1LC3B,Activation,20038797,0.0737745915305095,0.4727409136378314,0.08302811,0.73309445,0.1963136344815195,2.9181151378,342
DDIT3,MCL1,Unknown,22253918,0.0737745915305095,0.6913137712569845,0.08302811,2.6946912,0.9437224019978924,4.470474767872356,343
DDIT3,RTN3,Activation,17191123,0.0737745915305095,0.4120540180059689,0.08302811,0.83663094,0.23576316985818208,2.4871014800224738,344
DDIT3,SIRT1,Repression,21801305,0.0737745915305095,0.1296265421807227,0.08302811,0.14705001,-0.026981368739821942,0.48123022651908415,345
DDIT3,SIRT2,Repression,21801305,0.0737745915305095,0.1606368789596517,0.08302811,0.18647888,-0.011958157097947387,0.7014734692296515,346
DDIT3,TNFRSF10B,Activation,15322075;15994939;18593935;18794136;21044953;21726997;21941003,0.0737745915305095,0.111537179059683,0.08302811,0.12904467,-0.03384177416112643,0.3527550016046023,347
DEDD,CFLAR,Unknown,17193921,0.1131210403467786,0.6237912637545001,0.12654395,1.5071025,0.4912266448636234,3.990912868422086,348
DEDD,FADD,Unknown,17193921,0.1131210403467786,0.1128709569856582,0.12654395,0.12354305,-0.035938004705729144,0.36222782924806596,349
DEK,BCL2,Activation,17685435,0.7001500500165688,0.3046848949649814,2.002517,0.5778597,0.13716599714310515,1.7245388547237723,350
DEK,BIRC3,Unknown,16829531,0.7001500500165688,0.3123541180393377,2.002517,0.61103934,0.14980812343080266,1.7790076136736799,351
DEK,HLA-DQB1,Unknown,12823858,0.7001500500165688,0.5181727242413549,2.002517,2.478512,0.8613536738509501,3.240783329405429,352
DEK,PRDX5,Repression,19229864,0.7001500500165688,0.5459319773257095,2.002517,0.9649405,0.2846517551905997,3.4379365547349847,353
DMAP1,ATM,Unknown,23318425,0.1466322107369096,0.7052350783593485,0.16355512,1.665242,0.5514810517852577,4.5693474064009925,354
DMAP1,BAX,Unknown,24559687,0.1466322107369096,0.4886628876291579,0.16355512,0.8149618,0.22750678116843745,3.0311970177938288,355
DMAP1,CDKN1A,Unknown,24559687,0.1466322107369096,0.0708569523174387,0.16355512,0.104368836,-0.043243775197974905,0.06383375847895917,356
DMAP1,DNMT1,Unknown,20864525,0.1466322107369096,0.3440313437812439,0.16355512,0.5126623,0.11232444478058622,2.003987270205905,357
DNMT1,BAG1,Unknown,18413740,0.3440313437812439,0.3756252084027767,0.5126623,0.58611363,0.14031091449090688,2.228374875010414,358
DNMT1,CASP8,Repression,20398055,0.3440313437812439,0.3737912637545611,0.5126623,0.546428,0.12518987200018555,2.215349737000654,359
DNMT1,CXCR4,Repression,19932585,0.3440313437812439,0.463904634878247,0.5126623,0.8587251,0.2441814999226612,2.855357654662064,360
DNMT1,HDAC1,Unknown,24475290,0.3440313437812439,0.4005501833944345,0.5126623,0.5516806,0.12719122079537318,2.4053983415976123,361
DNMT1,IL32,Repression,20889550,0.3440313437812439,0.4816605535177892,0.5126623,4.3638673,1.5797128784649777,2.9814646726656533,362
DNMT1,MBD2,Repression,15618232,0.3440313437812439,0.5235078359452549,0.5126623,1.0914708,0.33286240581309734,3.2786746399792777,363
DNMT1,MGMT,Unknown,18555750,0.3440313437812439,0.321940646882283,0.5126623,0.4081281,0.07249476134268797,1.847093562361064,364
DNMT1,MSH2,Activation,16473673,0.3440313437812439,0.108036012003998,0.5126623,0.12304272,-0.03612864074172965,0.3278888290405098,365
DNMT1,RASSF1,Unknown,24247422,0.3440313437812439,0.2382460820273479,0.5126623,0.29701272,0.030157512762971763,1.252673627733788,366
DNMT1,RB1,Repression,17934516,0.3440313437812439,0.2888462820940283,0.5126623,0.4403895,0.08478701927610507,1.6120490264576597,367
DNMT1,RGS10,Unknown,24475290,0.3440313437812439,0.629876625541761,0.5126623,1.4845986,0.48265219541915333,4.034132644545382,368
DNMT1,RUNX3,Unknown,22274925,0.3440313437812439,0.2908469489829908,0.5126623,0.42913604,0.08049921921276647,1.6262582679228528,369
DNMT1,TNFRSF10B,Repression,20398055,0.3440313437812439,0.111537179059683,0.5126623,0.12904467,-0.03384177416112643,0.3527550016046023,370
DNMT1,TP53,Unknown,24006445,0.3440313437812439,0.2720906968989674,0.5126623,0.35978127,0.054073623245052146,1.493046629186667,371
DNMT3A,CDKN1A,Unknown,24957603,0.1356285428476122,0.0708569523174387,0.15822026,0.104368836,-0.043243775197974905,0.06383375847895917,372
DNMT3A,JUP,Unknown,17998942,0.1356285428476122,0.0783594531510493,0.15822026,0.0956993,-0.04654704699259774,0.11711841397344229,373
DNMT3A,SETDB1,Unknown,16682412,0.1356285428476122,0.1210403467822564,0.15822026,0.1357134,-0.03130085066591801,0.4202488985642809,374
DR1,NR2C2,Unknown,21126370,0.3688729576525283,0.1043681227075662,0.5237508,0.11420631,-0.0394954949676909,0.30183855302098506,375
DR1,TBP,Repression,16858867,0.3688729576525283,0.0886128709569839,0.5237508,0.09594962,-0.046451669916404745,0.18994077648257018,376
DRAP1,TBP,Unknown,15509807,0.6471323774590626,0.0886128709569839,1.5196934,0.09594962,-0.046451669916404745,0.18994077648257018,377
E2F3,CDKN1A,Activation,10030670,0.1623041013671211,0.0708569523174387,0.21423794,0.104368836,-0.043243775197974905,0.06383375847895917,378
E2F3,CUX1,Unknown,18347061,0.1623041013671211,0.3336112037345642,0.21423794,0.5921157,0.1425978267939819,1.929980804241357,379
E2F3,MAP3K5,Unknown,16512785,0.1623041013671211,0.1866455485161729,0.21423794,0.24708202,0.011132887570138549,0.8861936082772248,380
E2F3,MAPK8,Unknown,20800677,0.1623041013671211,0.1009503167722547,0.21423794,0.11070501,-0.04082956238889002,0.2775644321846094,381
E2F3,TFE3,Unknown,12748276,0.1623041013671211,0.1055351783927945,0.21423794,0.12095864,-0.03692271815045574,0.3101272772090157,382
E2F4,CUX1,Unknown,18347061,0.2125708569523206,0.3336112037345642,0.25149894,0.5921157,0.1425978267939819,1.929980804241357,383
E2F4,HCFC1,Activation,14532282,0.2125708569523206,0.2023174391463844,0.25149894,0.245914,0.010687847890788301,0.9974993330879419,384
E2F4,LIN54,Unknown,19725879,0.2125708569523206,0.0681893964654883,0.25149894,0.073191255,-0.05512307576744816,0.04488810319203207,385
E2F4,LTBP4,Unknown,23741501,0.2125708569523206,0.0711070356785591,0.25149894,0.07669256,-0.053789006441146044,0.06560991366210892,386
E2F4,MAP3K5,Unknown,16512785,0.2125708569523206,0.1866455485161729,0.25149894,0.24708202,0.011132887570138549,0.8861936082772248,387
E2F4,MYC,Unknown,17132729,0.2125708569523206,0.2710070023341127,0.25149894,0.41546583,0.07529058761823003,1.4853499567263537,388
E2F4,TOPBP1,Repression,15195143,0.2125708569523206,0.1684728242747575,0.25149894,0.2095693,-0.003160231452100254,0.7571263316350103,389
EAF1,ELL,Activation,16006523,0.1101200400133343,0.0900300100033325,0.1302117,0.10003438,-0.044895292216859624,0.20000565585374977,390
EAPP,CDKN1A,Unknown,21258403,0.3995498499499533,0.0708569523174387,0.57035667,0.104368836,-0.043243775197974905,0.06383375847895917,391
EHMT2,CDKN1A,Unknown,16287849,0.1357119039679857,0.0708569523174387,0.15021777,0.104368836,-0.043243775197974905,0.06383375847895917,392
EHMT2,RUNX3,Activation,18850007,0.1357119039679857,0.2908469489829908,0.15021777,0.42913604,0.08049921921276647,1.6262582679228528,393
EHMT2,SIAH1,Repression,21847359,0.1357119039679857,0.0886962320773573,0.15021777,0.09795028,-0.045689377245997684,0.19053282821028628,394
EIF2AK2,CD4,Unknown,8995707,0.4557352450816501,0.4153884628209064,1.027368,0.9203266,0.2676529403153718,2.510783549131129,395
EIF2AK2,IRS2,Unknown,20685959,0.4557352450816501,0.1848949649883301,1.027368,0.292846,0.02856990661518128,0.8737605219951764,396
ELF1,CD68,Activation,12676954,0.6237079026341267,0.4067189063020689,1.2023441,1.6973194,0.5637032019285682,2.4492101694486252,397
ELF1,CYBB,Unknown,10233904,0.6237079026341267,0.4816605535177892,1.2023441,4.499658,1.631451932236955,2.9814646726656533,398
ELF1,FLI1,Activation,19829305,0.6237079026341267,0.3982994331443517,1.2023441,0.61329085,0.15066599511831988,2.38941294494927,399
ELF2,VCP,Activation,18544453,0.3384461487162236,0.3935478492830658,0.47064716,0.57218987,0.13500567512364456,2.355665996469437,400
ELF4,MDM2,Unknown,23393136,0.1230410136712193,0.2341613871290481,0.14338228,0.3111005,0.03552524712878462,1.2236630930756756,401
ELF4,TP53,Repression,20805247,0.1230410136712193,0.2720906968989674,0.14338228,0.35978127,0.054073623245052146,1.493046629186667,402
ELK1,CITED2,Unknown,16740701,0.0973657885961963,0.3672057352450595,0.105786644,0.68157125,0.17668223398572463,2.168577650511059,403
ELK1,DAP3,Unknown,19536094,0.0973657885961963,0.3552017339112845,0.105786644,0.47223052,0.09691910377036424,2.0833222017199002,404
ELK1,EIF2AK1,Activation,19133234,0.0973657885961963,0.2941813937979283,0.105786644,0.38912264,0.06525328960050564,1.649940337031508,405
ELK1,EZH2,Activation,22222375,0.0973657885961963,0.062604201400467,0.105786644,0.074691765,-0.054551350549333896,0.0052206374350274275,406
ELK1,FUT4,Unknown,11006292,0.0973657885961963,0.0806102034011325,0.105786644,0.09186472,-0.048008100958833635,0.1331038106217874,408
ELK1,MCL1,Unknown,9880563,0.0973657885961963,0.6913137712569845,0.105786644,2.6946912,0.9437224019978924,4.470474767872356,409
ELK1,PSEN1,Activation,12750007,0.0973657885961963,0.2470823607869352,0.105786644,0.3381921,0.045847704772562094,1.3154311108717454,410
ELK1,SKP2,Unknown,16969077,0.0973657885961963,0.0544348116038681,0.105786644,0.056768756,-0.061380386163751,-0.05280043188119252,411
ELK1,SRF,Unknown,15531578,0.0973657885961963,0.0801933977992653,0.105786644,0.08869695,-0.049215086579846384,0.13014355198320549,412
ELK1,TNFRSF10B,Activation,21044953,0.0973657885961963,0.111537179059683,0.105786644,0.12904467,-0.03384177416112643,0.3527550016046023,413
ELK1,ZFP36,Unknown,22433566,0.0973657885961963,0.5824441480492751,0.105786644,1.8632107,0.6269112043249265,3.6972552114747606,414
ELK4,MCL1,Unknown,21846680,0.3095198399466408,0.6913137712569845,0.41638136,2.6946912,0.9437224019978924,4.470474767872356,416
ELK4,NR2C2,Unknown,21126370,0.3095198399466408,0.1043681227075662,0.41638136,0.11420631,-0.0394954949676909,0.30183855302098506,417
ELL,BAX,Repression,15851483,0.0900300100033325,0.4886628876291579,0.10003438,0.8149618,0.22750678116843745,3.0311970177938288,418
ELL,CDKN1A,Repression,15851483,0.0900300100033325,0.0708569523174387,0.10003438,0.104368836,-0.043243775197974905,0.06383375847895917,419
ELL,MDM2,Repression,15851483,0.0900300100033325,0.2341613871290481,0.10003438,0.3111005,0.03552524712878462,1.2236630930756756,420
ENO1,MYC,Repression,10681589;9119380,0.7678392797598,0.2710070023341127,2.3238125,0.41546583,0.07529058761823003,1.4853499567263537,421
EP300,CDKN1A,Activation,21245169,0.4134711570523173,0.0708569523174387,0.68257177,0.104368836,-0.043243775197974905,0.06383375847895917,422
EP300,CREBBP,Unknown,9651310,0.4134711570523173,0.3274424808269299,0.68257177,0.46547934,0.09434676512681726,1.8861689763903453,423
EP300,CYBB,Repression,14605447,0.4134711570523173,0.4816605535177892,0.68257177,4.499658,1.631451932236955,2.9814646726656533,424
EP300,CYP1B1,Unknown,20631054,0.4134711570523173,0.1917305768589543,0.68257177,0.5604354,0.13052697993029855,0.9223087636679363,425
EP300,DNMT1,Activation,19275888,0.4134711570523173,0.3440313437812439,0.68257177,0.5126623,0.11232444478058622,2.003987270205905,426
EP300,EIF2AK1,Activation,19133234,0.4134711570523173,0.2941813937979283,0.68257177,0.38912264,0.06525328960050564,1.649940337031508,427
EP300,EZH2,Unknown,25088689,0.4134711570523173,0.062604201400467,0.68257177,0.074691765,-0.054551350549333896,0.0052206374350274275,428
EP300,HINFP,Activation,17826007,0.4134711570523173,0.0921140380126688,0.68257177,0.100951396,-0.044545890231791695,0.214806949046662,429
EP300,MDM2,Unknown,11591713,0.4134711570523173,0.2341613871290481,0.68257177,0.3111005,0.03552524712878462,1.2236630930756756,430
EP300,MGMT,Unknown,22675172,0.4134711570523173,0.321940646882283,0.68257177,0.4081281,0.07249476134268797,1.847093562361064,431
EP300,MYC,Repression,19279113,0.4134711570523173,0.2710070023341127,0.68257177,0.41546583,0.07529058761823003,1.4853499567263537,432
EP300,NFKB1,Unknown,9560267,0.4134711570523173,0.359286428809583,0.68257177,0.5491799,0.1262384025849392,2.1123327363780033,433
EP300,PARP1,Unknown,17065349,0.4134711570523173,0.3789596532177142,0.68257177,0.58077794,0.13827790669419765,2.252056944119069,434
EP300,PCNA,Repression,10618724,0.4134711570523173,0.1495498499499809,0.68257177,0.18606216,-0.012116936001715161,0.6227305894433469,435
EP300,RELA,Unknown,21146504,0.4134711570523173,0.2120706902300798,0.68257177,0.2434963,0.009766654390021983,1.0667693852307816,436
EP300,TBXAS1,Activation,14565864,0.4134711570523173,0.2758419473157721,0.68257177,0.49499157,0.10559153266171438,1.5196889569339043,438
EP300,TRIM22,Activation,23670564,0.4134711570523173,0.5896132044013908,0.68257177,1.3607223,0.4354527734648253,3.7481716600583694,439
EP300,YY1,Unknown,11486036,0.4134711570523173,0.5901967322440048,0.68257177,1.149995,0.35516133151833307,3.752316022152384,440
EP300,ZEB1,Unknown,16804902,0.4134711570523173,0.0947815938646193,0.68257177,0.114789516,-0.0392732814685769,0.2337526043335898,441
ERF,ETS2,Repression,7588608,0.0664388129376458,0.1709736578859614,0.070940435,0.23882943,0.007988480789938721,0.7748878834665074,442
ERF,UTRN,Repression,17507653,0.0664388129376458,0.5386795598532205,0.070940435,1.3274581,0.4227784280753267,3.3864280544236594,443
ESRRA,AHR,Unknown,10620335,0.1663054351450474,0.2662554184728268,0.20223396,0.5568498,0.12916079247265375,1.4516030082465203,444
ESRRA,DAP3,Unknown,19536094,0.1663054351450474,0.3552017339112845,0.20223396,0.47223052,0.09691910377036424,2.0833222017199002,445
ESRRA,NRIP1,Activation,16923809,0.1663054351450474,0.2510003334444877,0.20223396,0.3872075,0.06452358181167425,1.343257542074422,446
ESRRA,PNRC1,Unknown,10894149,0.1663054351450474,0.8644548182726141,0.20223396,2.886527,1.0168157933095967,5.700166206339283,447
ETS1,ANGPT2,Activation,15003510,0.4787429143047189,0.0542680893631212,1.2290944,0.060353275,-0.06001461058937314,-0.053984535336625485,448
ETS1,ANPEP,Activation,14507917,0.4787429143047189,0.140796932310767,1.2290944,0.19223133,-0.009766355156646478,0.5605651580331057,449
ETS1,ATXN2,Unknown,22914732,0.4787429143047189,0.2802600866955643,1.2290944,0.38720617,0.06452307505427837,1.5510676985028726,450
ETS1,BAX,Repression,17213822,0.4787429143047189,0.4886628876291579,1.2290944,0.8149618,0.22750678116843745,3.0311970177938288,451
ETS1,EMSY,Unknown,24582497,0.4787429143047189,0.1113704568189361,1.2290944,0.12429325,-0.03565216305280493,0.3515708981491695,452
ETS1,CASP1,Activation,16103071,0.4787429143047189,0.5331777259085736,1.2290944,1.8294415,0.6140444435332327,3.3473526403943783,453
ETS1,CD6,Unknown,19446338,0.4787429143047189,0.1953984661553867,1.2290944,0.27317324,0.02107417982768257,0.9483590396874653,454
ETS1,CD8A,Activation,8413295,0.4787429143047189,0.1653884628209393,1.2290944,0.39112833,0.06601749880452268,0.7352204177094971,455
ETS1,CDKN1A,Unknown,18955504,0.4787429143047189,0.0708569523174387,1.2290944,0.104368836,-0.043243775197974905,0.06383375847895917,456
ETS1,CHUK,Activation,15469934,0.4787429143047189,0.0947815938646193,1.2290944,0.107620426,-0.042004852430403763,0.2337526043335898,457
ETS1,CR1,Unknown,10533284,0.4787429143047189,0.1928142714238093,1.2290944,0.31710377,0.03781261665657774,0.9300054361282515,458
ETS1,CSF3R,Activation,7964503,0.4787429143047189,0.3651217072357236,1.2290944,1.1692339,0.3624917487090073,2.1537763573181503,459
ETS1,CSNK2A1,Unknown,19027835,0.4787429143047189,0.4106368789596205,1.2290944,0.63846993,0.16025974324723377,2.477036600651295,460
ETS1,CSNK2B,Unknown,11389726,0.4787429143047189,0.5059186395464595,1.2290944,0.8443082,0.2386883640575009,3.153751725431121,461
ETS1,CTSB,Unknown,10701774,0.4787429143047189,0.4847449149716064,1.2290944,1.55436,0.5092327257927974,3.0033705865911595,462
ETS1,CXCR4,Unknown,21741415,0.4787429143047189,0.463904634878247,1.2290944,0.8587251,0.2441814999226612,2.855357654662064,463
ETS1,DUSP6,Unknown,20097731,0.4787429143047189,0.4044681560519861,1.2290944,2.9472425,1.0399496494521197,2.433224772800283,464
ETS1,ECE1,Activation,11723240;9595399,0.4787429143047189,0.1382127375791896,1.2290944,0.16363849,-0.02066081616357507,0.5422115544738917,465
ETS1,F13A1,Unknown,10037697,0.4787429143047189,0.0752750916972316,1.2290944,0.12921055,-0.03377857046426283,0.09521250004793248,466
ETS1,FLI1,Activation,19829305,0.4787429143047189,0.3982994331443517,1.2290944,0.61329085,0.15066599511831988,2.38941294494927,467
ETS1,HMOX1,Unknown,10022513,0.4787429143047189,0.1859786595531852,1.2290944,0.37395507,0.0594741330027399,0.8814571944554923,468
ETS1,IL2RB,Activation,8413220,0.4787429143047189,0.1022007335778564,1.2290944,0.20590205,-0.004557529241604853,0.2864452081003561,469
ETS1,LCK,Activation,7970721,0.4787429143047189,0.3871290430143111,1.2290944,0.77068496,0.21063639309610832,2.3100780134352754,470
ETS1,MDM2,Repression,11424091,0.4787429143047189,0.2341613871290481,1.2290944,0.3111005,0.03552524712878462,1.2236630930756756,471
ETS1,MGAT5,Unknown,10438459,0.4787429143047189,0.0709403134378122,1.2290944,0.07860992,-0.05305845278658622,0.06442581020667595,472
ETS1,NDRG1,Repression,18381358,0.4787429143047189,0.1678059353117698,1.2290944,0.20490131,-0.004938831795253729,0.7523899178132779,473
ETS1,PARP1,Activation,11973649;24448423,0.4787429143047189,0.3789596532177142,1.2290944,0.58077794,0.13827790669419765,2.252056944119069,474
ETS1,RHOC,Activation,21732343,0.4787429143047189,0.164804934978325,1.2290944,0.34602985,0.04883404896771917,0.7310760556154806,475
ETS1,SQSTM1,Unknown,9762895,0.4787429143047189,0.5204234744914377,1.2290944,0.94684774,0.2777580409485826,3.2567687260537714,476
ETS1,TAF12,Unknown,18567809,0.4787429143047189,0.2437479159719966,1.2290944,0.29442802,0.029172688822271635,1.2917490417630821,477
ETS1,TBXAS1,Repression,14586398,0.4787429143047189,0.2758419473157721,1.2290944,0.49499157,0.10559153266171438,1.5196889569339043,478
ETS1,TGFBR2,Activation,14976186,0.4787429143047189,0.4423141047015267,1.2290944,0.67165244,0.1729029630640487,2.7020162571835207,479
ETS1,TNFSF14,Activation,12215452,0.4787429143047189,0.0753584528176051,1.2290944,0.08986383,-0.04877048126397832,0.09580455177564937,480
ETS1,TP53,Unknown,10510472,0.4787429143047189,0.2720906968989674,1.2290944,0.35978127,0.054073623245052146,1.493046629186667,481
ETS1,WAS,Unknown,10066431,0.4787429143047189,0.5895298432810173,1.2290944,1.2230983,0.3830151946297904,3.747579608330653,482
ETS2,ANGPT2,Activation,15003510,0.1709736578859614,0.0542680893631212,0.23882943,0.060353275,-0.06001461058937314,-0.053984535336625485,483
ETS2,ANPEP,Activation,14507917,0.1709736578859614,0.140796932310767,0.23882943,0.19223133,-0.009766355156646478,0.5605651580331057,484
ETS2,APP,Unknown,12890557,0.1709736578859614,0.2350783594531562,0.23882943,0.37170264,0.05861591077627214,1.2301756620805577,485
ETS2,CD163,Unknown,10725797,0.1709736578859614,0.182894298099367,0.23882943,0.31585345,0.03733621898197867,0.8595512805299789,486
ETS2,CDKN1A,Unknown,11114728,0.1709736578859614,0.0708569523174387,0.23882943,0.104368836,-0.043243775197974905,0.06383375847895917,487
ETS2,CSF3R,Activation,7964503,0.1709736578859614,0.3651217072357236,0.23882943,1.1692339,0.3624917487090073,2.1537763573181503,488
ETS2,FLI1,Activation,19829305,0.1709736578859614,0.3982994331443517,0.23882943,0.61329085,0.15066599511831988,2.38941294494927,489
ETS2,ICAM1,Activation,9572487,0.1709736578859614,0.1101200400133343,0.23882943,0.13971451,-0.02977634533942957,0.34269012223342193,490
ETS2,LCK,Activation,7970721,0.1709736578859614,0.3871290430143111,0.23882943,0.77068496,0.21063639309610832,2.3100780134352754,491
ETS2,MDM2,Activation,12750288,0.1709736578859614,0.2341613871290481,0.23882943,0.3111005,0.03552524712878462,1.2236630930756756,492
ETS2,MYC,Unknown,22108824,0.1709736578859614,0.2710070023341127,0.23882943,0.41546583,0.07529058761823003,1.4853499567263537,493
ETS2,PDE7A,Unknown,12737631,0.1709736578859614,0.3030176725575127,0.23882943,0.42621768,0.07938726393920217,1.7126978201694452,494
ETS2,TP53,Unknown,10510472,0.1709736578859614,0.2720906968989674,0.23882943,0.35978127,0.054073623245052146,1.493046629186667,495
ETV3,NFKB1,Repression,18025162,0.089196398799598,0.359286428809583,0.10203507,0.5491799,0.1262384025849392,2.1123327363780033,496
ETV3,RELA,Repression,18025162,0.089196398799598,0.2120706902300798,0.10203507,0.2434963,0.009766654390021983,1.0667693852307816,497
ETV6,BBC3,Activation,16828711,0.2881793931310408,0.079026342114037,0.44739166,0.08969726,-0.04883394786505482,0.12185482779517483,498
ETV6,CDKN1A,Activation,16828711,0.2881793931310408,0.0708569523174387,0.44739166,0.104368836,-0.043243775197974905,0.06383375847895917,499
ETV7,ETS1,Unknown,22615925,0.053684561520507,0.4787429143047189,0.0651883,1.2290944,0.3852998322398929,2.96074286219558,500
ETV7,ETS2,Unknown,22615925,0.053684561520507,0.1709736578859614,0.0651883,0.23882943,0.007988480789938721,0.7748878834665074,501
ETV7,ETV6,Unknown,22615925,0.053684561520507,0.2881793931310408,0.0651883,0.44739166,0.08745498646944003,1.6073126126359285,502
EWSR1,ATF1,Unknown,9569031,0.4514004668222314,0.1751417139046347,0.72400767,0.20815232,-0.0037001300196296597,0.8044904698523367,503
EWSR1,TGFBR2,Repression,10508522,0.4514004668222314,0.4423141047015267,0.72400767,0.67165244,0.1729029630640487,2.7020162571835207,504
EZH2,ADRB2,Repression,17996646,0.062604201400467,0.1505501833944625,0.074691765,0.19923322,-0.0070984908388731114,0.6298352101759459,505
EZH2,ALDH1A1,Repression,22144423,0.062604201400467,0.166055351783927,0.074691765,0.3249402,0.0407984579045449,0.7399568315312296,506
EZH2,APC,Repression,22907428,0.062604201400467,0.2216572190730283,0.074691765,0.30151483,0.03187290940926165,1.1348553339181884,507
EZH2,CDKN1A,Repression,21629038,0.062604201400467,0.0708569523174387,0.074691765,0.104368836,-0.043243775197974905,0.06383375847895917,508
EZH2,CIITA,Repression,17911618;21266852,0.062604201400467,0.3066855618539439,0.074691765,0.6218787,0.1539381428643413,1.7387480961889654,509
EZH2,FBXO32,Repression,21546904,0.062604201400467,0.0746915638546175,0.074691765,0.08777981,-0.04956453581146851,0.0910681379539176,510
EZH2,HDAC1,Repression,20132185,0.062604201400467,0.4005501833944345,0.074691765,0.5516806,0.12719122079537318,2.4053983415976123,511
EZH2,KPNB1,Activation,24132643,0.062604201400467,0.5471823941313111,0.074691765,1.106979,0.33877134945729814,3.4468173306507306,512
EZH2,MYC,Repression,23079660,0.062604201400467,0.2710070023341127,0.074691765,0.41546583,0.07529058761823003,1.4853499567263537,513
EZH2,PCNA,Activation,21629038,0.062604201400467,0.1495498499499809,0.074691765,0.18606216,-0.012116936001715161,0.6227305894433469,514
EZH2,PEBP1,Repression,22505648,0.062604201400467,0.527925975325047,0.074691765,0.99428165,0.29583133772152154,3.3100533815482462,515
EZH2,PIP5K1C,Repression,21216957,0.062604201400467,0.0879459819939963,0.074691765,0.09820039,-0.045594080184130345,0.18520436266083834,516
EZH2,POLR3D,Unknown,18852463,0.062604201400467,0.1224574858286051,0.074691765,0.14271541,-0.02863294062567284,0.4303137779354613,517
EZH2,PTEN,Unknown,22956625,0.062604201400467,0.5405968656218095,0.074691765,1.0544661,0.3187628528752608,3.400045244161136,518
EZH2,RPLP0,Activation,17676662,0.062604201400467,0.9577359119704906,0.074691765,10.4399805,3.8948371659119085,6.362672089653915,519
EZH2,RUNX3,Repression,18430739;20631058;22222375,0.062604201400467,0.2908469489829908,0.074691765,0.42913604,0.08049921921276647,1.6262582679228528,520
EZH2,SATB1,Repression,21232178,0.062604201400467,0.3237745915304986,0.074691765,0.5169979,0.11397639768703552,1.860118700370824,521
EZH2,TP53,Repression,20132185,0.062604201400467,0.2720906968989674,0.074691765,0.35978127,0.054073623245052146,1.493046629186667,522
EZH2,VDR,Unknown,23424038,0.062604201400467,0.0529343114371459,0.074691765,0.062020496,-0.059379365046277985,-0.06345736298008972,523
FLI1,EP300,Unknown,24058639,0.3982994331443517,0.4134711570523173,0.61329085,0.68257177,0.1770634527148419,2.4971663593936517,524
FLI1,EYA3,Activation,22723308,0.3982994331443517,0.1030343447815909,0.61329085,0.115790136,-0.03889202463739983,0.29236572537752087,525
FLI1,FLI1,Activation,19829305,0.3982994331443517,0.3982994331443517,0.61329085,0.61329085,0.15066599511831988,2.38941294494927,526
FLI1,HDAC1,Unknown,24058639,0.3982994331443517,0.4005501833944345,0.61329085,0.5516806,0.12719122079537318,2.4053983415976123,527
FLI1,HMOX1,Unknown,10022513,0.3982994331443517,0.1859786595531852,0.61329085,0.37395507,0.0594741330027399,0.8814571944554923,528
FLI1,ID2,Activation,12447693,0.3982994331443517,0.3882960986995392,0.61329085,0.95067024,0.2792144921859897,2.3183667376233044,529
FLI1,TGFBR2,Activation,10508522,0.3982994331443517,0.4423141047015267,0.61329085,0.67165244,0.1729029630640487,2.7020162571835207,530
FOS,BATF3,Unknown,12087103,0.5436812270756267,0.0811103701233732,10.45352,0.14129786,-0.029173056374943336,0.13665612098808627,531
FOS,BCL2L1,Unknown,16911523,0.5436812270756267,0.0869456485495148,10.45352,0.09694991,-0.04607053882202515,0.17809974192823996,532
FOS,CD40LG,Unknown,11160303,0.5436812270756267,0.1113704568189361,10.45352,0.16147134,-0.021486544953410756,0.3515708981491695,533
FOS,CREM,Activation,21757709,0.5436812270756267,0.0880293431143697,10.45352,0.10061785,-0.044672978128307644,0.18579641438855451,534
FOS,CSTA,Unknown,9651321,0.5436812270756267,0.4044681560519861,10.45352,2.1508915,0.7365235148908592,2.433224772800283,535
FOS,DDIT3,Activation,20188076,0.5436812270756267,0.0737745915305095,10.45352,0.08302811,-0.05137503138891457,0.08455556894903601,536
FOS,ERCC4,Activation,20976523,0.5436812270756267,0.1105368456152016,10.45352,0.1335459,-0.03212671281296314,0.3456503808720048,537
FOS,EZR,Activation,19164283,0.5436812270756267,0.4707402467488689,10.45352,0.88190234,0.25301250577686196,2.9039058963348072,538
FOS,FAS,Activation,10903433,0.5436812270756267,0.1246248749583148,10.45352,0.15146811,-0.02529798163400416,0.44570712285608954,539
FOS,GSTP1,Unknown,8206948,0.5436812270756267,0.7140713571189329,10.45352,3.418944,1.2196776372511535,4.632104889538929,541
FOS,HSPH1,Activation,20188076,0.5436812270756267,0.2570023341113752,10.45352,0.3827058,0.06280834138382971,1.3858852664700014,542
FOS,LRIG2,Unknown,22721266,0.5436812270756267,0.1058686228742883,10.45352,0.11820764,-0.0379709058166708,0.3124954841198816,543
FOS,MYC,Repression,2498162,0.5436812270756267,0.2710070023341127,10.45352,0.41546583,0.07529058761823003,1.4853499567263537,544
FOS,NFKB1,Repression,20188076,0.5436812270756267,0.359286428809583,10.45352,0.5491799,0.1262384025849392,2.1123327363780033,545
FOS,PCK2,Unknown,1325459,0.5436812270756267,0.0909469823274405,10.45352,0.10086803,-0.04457765439499842,0.20651822485863136,546
FOS,PDHA1,Unknown,8476854,0.5436812270756267,0.1933144381460501,10.45352,0.22674157,0.003382757139290101,0.9335577464945509,547
FOS,PLAUR,Unknown,10471035,0.5436812270756267,0.2094031343781289,10.45352,0.33994368,0.04651509283231819,1.047823729943851,548
FOS,SMAD4,Unknown,11854297,0.5436812270756267,0.2314938312770972,10.45352,0.28901026,0.027108410665051246,1.2047174377887446,549
FOS,SMAD7,Activation,15579469,0.5436812270756267,0.0807769256418794,10.45352,0.09353193,-0.04737285960696508,0.13428791407722035,550
FOS,SPI1,Repression,9988737,0.5436812270756267,0.4275591863954283,10.45352,1.8685457,0.6289439492174228,2.597223101377721,551
FOS,TP53,Unknown,10348347,0.5436812270756267,0.2720906968989674,10.45352,0.35978127,0.054073623245052146,1.493046629186667,552
FOSB,TGFB1,Unknown,10843986,0.4388129376458423,0.6528009336444563,1.1400627,1.5803765,0.5191455481912287,4.1969468696673875,553
FOSB,TIMP1,Repression,11337499,0.4388129376458423,0.4483994664887876,1.1400627,1.1428996,0.3524578379644027,2.745236033306816,554
FOSL2,BCL6,Activation,22493372,0.1873124374791606,0.1882294098032687,0.2609196,0.3059335,0.033556513696820535,0.8974425911038394,555
FOSL2,MDM2,Activation,22493372,0.1873124374791606,0.2341613871290481,0.2609196,0.3111005,0.03552524712878462,1.2236630930756756,556
FOSL2,PLAUR,Unknown,11234878,0.1873124374791606,0.2094031343781289,0.2609196,0.33994368,0.04651509283231819,1.047823729943851,557
FOSL2,TGFB1,Unknown,10843986,0.1873124374791606,0.6528009336444563,0.2609196,1.5803765,0.5191455481912287,4.1969468696673875,558
FOSL2,TIMP1,Repression,11337499,0.1873124374791606,0.4483994664887876,0.2609196,1.1428996,0.3524578379644027,2.745236033306816,559
FOXK2,SIN3A,Unknown,24748658,0.1112037345781892,0.1993997999333131,0.1225427,0.24282967,0.009512654628506555,0.9767775226178617,560
FOXO1,ADIPOR1,Activation,20125105,0.1632210736912292,0.2351617205735297,0.19389808,0.29317814,0.02869645879673586,1.2307677138082744,561
FOXO1,ANGPT2,Unknown,20213583,0.1632210736912292,0.0542680893631212,0.19389808,0.060353275,-0.06001461058937314,-0.053984535336625485,562
FOXO1,CDKN1B,Activation,21418583,0.1632210736912292,0.3676225408469267,0.19389808,0.5059085,0.10975110786307139,2.171537909149641,563
FOXO1,CXCR4,Activation,20068066,0.1632210736912292,0.463904634878247,0.19389808,0.8587251,0.2441814999226612,2.855357654662064,564
FOXO1,HYOU1,Unknown,21296878,0.1632210736912292,0.1044514838279396,0.19389808,0.1219589,-0.0365415984866941,0.3024306047487012,565
FOXO1,IRS2,Unknown,20685959,0.1632210736912292,0.1848949649883301,0.19389808,0.292846,0.02856990661518128,0.8737605219951764,566
FOXO1,KLF2,Unknown,23002242,0.1632210736912292,0.9214738246080452,0.19389808,4.987648,1.8173861740531256,6.105129588097288,567
FOXO1,NLK,Unknown,23144700,0.1632210736912292,0.077192397465821,0.19389808,0.08727964,-0.049755110884173274,0.10882968978541176,568
FOXO1,TNFSF10,Activation,23630076,0.1632210736912292,0.565271757252347,0.19389808,4.0093765,1.4446445817195366,3.5752925555651855,569
FOXO1,TXNIP,Repression,23803610,0.1632210736912292,0.9784928309434764,0.19389808,12.857609,4.816003423705442,6.510092969855294,570
FOXO3,BBC3,Unknown,21654193,0.2166555518506204,0.079026342114037,0.2870103,0.08969726,-0.04883394786505482,0.12185482779517483,571
FOXO3,BCL2L11,Unknown,21654193,0.2166555518506204,0.1362954318105999,0.2870103,0.17722628,-0.015483588286759253,0.5285943647364103,572
FOXO3,BCL6,Activation,15509806,0.2166555518506204,0.1882294098032687,0.2870103,0.3059335,0.033556513696820535,0.8974425911038394,573
FOXO3,CCND2,Repression,15509806,0.2166555518506204,0.2890130043347752,0.2870103,0.4857372,0.10206542706644334,1.6132331299130929,574
FOXO3,GALT,Activation,17975019,0.2166555518506204,0.1276258752917595,0.2870103,0.14363246,-0.028283525685904563,0.46702098505388606,575
FOXO3,PIK3CA,Unknown,19299143,0.2166555518506204,0.1887295765255095,0.2870103,0.23791176,0.0076388296173994326,0.900994901470139,576
FOXO3,SIRT1,Activation,23525956,0.2166555518506204,0.1296265421807227,0.2870103,0.14705001,-0.026981368739821942,0.48123022651908415,577
FOXO3,SIRT6,Activation,20816089,0.2166555518506204,0.0731077025675219,0.2870103,0.07735949,-0.0535348923734511,0.07981915512730427,578
FOXO3,TNFSF10,Activation,23630076,0.2166555518506204,0.565271757252347,0.2870103,4.0093765,1.4446445817195366,3.5752925555651855,579
FOXO3,TXNIP,Activation,20656682,0.2166555518506204,0.9784928309434764,0.2870103,12.857609,4.816003423705442,6.510092969855294,580
FOXO3,VEGFB,Unknown,21860419,0.2166555518506204,0.1636378792930965,0.2870103,0.21915592,0.0004924682369912091,0.7227873314274488,581
FUBP1,CDKN1A,Unknown,24117486,0.3851283761253486,0.0708569523174387,0.5580166,0.104368836,-0.043243775197974905,0.06383375847895917,582
FUBP1,MYC,Unknown,11239393;18193062;24117486,0.3851283761253486,0.2710070023341127,0.5580166,0.41546583,0.07529058761823003,1.4853499567263537,583
FUS,DDIT3,Activation,11162437,0.8102700900298797,0.0737745915305095,2.1670089,0.08302811,-0.05137503138891457,0.08455556894903601,584
FUS,MDM2,Repression,17234782,0.8102700900298797,0.2341613871290481,2.1670089,0.3111005,0.03552524712878462,1.2236630930756756,585
GABPA,RPS3A,Unknown,12463423,0.1620540180060007,0.9810770256750532,0.19289772,31.919973,12.079156762019485,6.528446573414503,586
GABPA,TOMM70,Activation,17167546,0.1620540180060007,0.1564688229409785,0.19289772,0.18164414,-0.013800292625885079,0.6718708828438229,587
GABPB2,RPS3A,Unknown,12463423,0.1609703234411456,0.9810770256750532,0.20548508,31.919973,12.079156762019485,6.528446573414503,588
GATA3,CD40LG,Activation,18719603,0.1107869289763219,0.1113704568189361,0.14721672,0.16147134,-0.021486544953410756,0.3515708981491695,589
GATA3,CD8A,Activation,8413295,0.1107869289763219,0.1653884628209393,0.14721672,0.39112833,0.06601749880452268,0.7352204177094971,590
GATA3,CD8B,Unknown,11937547,0.1107869289763219,0.1708069356452145,0.14721672,0.5966174,0.1443130672218264,0.7737037800110746,591
GATA3,FUT7,Unknown,17075044,0.1107869289763219,0.1047849283094334,0.14721672,0.14780016,-0.02669554613792764,0.30479881165956707,592
GATA3,GATA3,Unknown,20484083,0.1107869289763219,0.1107869289763219,0.14721672,0.14721672,-0.026917848795861676,0.34742653605515383,593
GATA3,NFKB1,Unknown,19686049,0.1107869289763219,0.359286428809583,0.14721672,0.5491799,0.1262384025849392,2.1123327363780033,594
GATA3,RELA,Unknown,19686049,0.1107869289763219,0.2120706902300798,0.14721672,0.2434963,0.009766654390021983,1.0667693852307816,595
GATA3,STAT4,Repression,21632975,0.1107869289763219,0.1502167389129686,0.14721672,0.18864664,-0.01113219588554668,0.6274670032650794,596
GATA3,TCF7L2,Unknown,22951069,0.1107869289763219,0.202067355785264,0.14721672,0.50007975,0.10753023405011213,0.9957231779047923,597
GATA3,TGFBR3,Unknown,24124001,0.1107869289763219,0.0506835611870625,0.14721672,0.067272365,-0.05737829477714778,-0.07944275962843625,598
GATA3,ZEB1,Activation,20731704,0.1107869289763219,0.0947815938646193,0.14721672,0.114789516,-0.0392732814685769,0.2337526043335898,599
GTF2A1,TBP,Unknown,12818428,0.1853951317105709,0.0886128709569839,0.22949244,0.09594962,-0.046451669916404745,0.18994077648257018,600
GTF2I,HSPA5,Activation,19097122;21503958,0.5019173057685345,0.5324274758252127,0.9303381,1.0820584,0.3292760875326602,3.342024174844931,601
GTF2I,SIRT1,Activation,21407215,0.5019173057685345,0.1296265421807227,0.9303381,0.14705001,-0.026981368739821942,0.48123022651908415,602
GTF3A,FUS,Unknown,12364590,0.6603867955984392,0.8102700900298797,1.3876526,2.1670089,0.7426645762836089,5.3153325833236345,603
GTF3A,STAT1,Unknown,12364590,0.6603867955984392,0.694648216071922,1.3876526,3.1569238,1.1198425438526791,4.494156836981012,604
HAX1,ATP2A2,Repression,18971376,0.380626875625183,0.2139879959986695,0.50148904,0.28584278,0.025901535540012035,1.0803865749682628,605
HBP1,CDKN1A,Repression,10030670,0.3009336445481768,0.0708569523174387,0.3947079,0.104368836,-0.043243775197974905,0.06383375847895917,606
HBP1,DNMT1,Repression,23249948,0.3009336445481768,0.3440313437812439,0.3947079,0.5126623,0.11232444478058622,2.003987270205905,607
HBP1,MIF,Repression,20383199,0.3009336445481768,0.8616205401799172,0.3947079,2.9532127,1.0422244186287233,5.680036447596926,608
HBP1,NCF1,Repression,15024088;18258815,0.3009336445481768,0.5900300100032579,0.3947079,3.6843536,1.3208041618658652,3.751131918696951,609
HCFC1,E2F4,Repression,17612494,0.2023174391463844,0.2125708569523206,0.245914,0.25149894,0.012815825071650218,1.0703216955970813,610
HDAC1,BCL2A1,Activation,17000776,0.4005501833944345,0.2902634211403768,0.5516806,0.57719344,0.13691213835921112,1.6221139058288385,611
HDAC1,BIRC3,Activation,17000776,0.4005501833944345,0.3123541180393377,0.5516806,0.61103934,0.14980812343080266,1.7790076136736799,612
HDAC1,CCND2,Repression,11511535,0.4005501833944345,0.2890130043347752,0.5516806,0.4857372,0.10206542706644334,1.6132331299130929,613
HDAC1,CD1D,Repression,22419072,0.4005501833944345,0.2224908302767629,0.5516806,0.36311698,0.0553445974653612,1.1407758511953536,614
HDAC1,CD44,Repression,18372343,0.4005501833944345,0.7525008336110875,0.5516806,2.6831927,0.9393412366471204,4.905040736016181,615
HDAC1,CD82,Repression,19182791,0.4005501833944345,0.134878292764251,0.5516806,0.1752255,-0.01624592667963812,0.5185294853652287,616
HDAC1,CDKN1A,Repression,12665570;15130752;18210215;19182791,0.4005501833944345,0.0708569523174387,0.5516806,0.104368836,-0.043243775197974905,0.06383375847895917,617
HDAC1,DNMT1,Unknown,23242655,0.4005501833944345,0.3440313437812439,0.5516806,0.5126623,0.11232444478058622,2.003987270205905,618
HDAC1,EIF2AK1,Repression,19133234,0.4005501833944345,0.2941813937979283,0.5516806,0.38912264,0.06525328960050564,1.649940337031508,619
HDAC1,HMGCS1,Unknown,12626711,0.4005501833944345,0.1045348449483131,0.5516806,0.12212563,-0.03647807092232186,0.303022656476418,622
HDAC1,HSPA5,Repression,19417144,0.4005501833944345,0.5324274758252127,0.5516806,1.0820584,0.3292760875326602,3.342024174844931,623
HDAC1,ICAM1,Activation,12490396,0.4005501833944345,0.1101200400133343,0.5516806,0.13971451,-0.02977634533942957,0.34269012223342193,624
HDAC1,KLF4,Repression,15051827,0.4005501833944345,0.3008502834278033,0.5516806,0.67706454,0.17496508464468213,1.6973044752488187,625
HDAC1,MGMT,Unknown,18555750,0.4005501833944345,0.321940646882283,0.5516806,0.4081281,0.07249476134268797,1.847093562361064,626
HDAC1,MICA,Unknown,17625602,0.4005501833944345,0.0721907302434139,0.5516806,0.07644248,-0.053884292072395444,0.07330658612242268,627
HDAC1,MICB,Unknown,17625602,0.4005501833944345,0.1052017339113007,0.5516806,0.11670715,-0.0385426234143731,0.30775907029814975,628
HDAC1,NFKB1,Unknown,24448807,0.4005501833944345,0.359286428809583,0.5516806,0.5491799,0.1262384025849392,2.1123327363780033,629
HDAC1,PCNA,Repression,9650586,0.4005501833944345,0.1495498499499809,0.5516806,0.18606216,-0.012116936001715161,0.6227305894433469,630
HDAC1,PHB,Repression,21152868,0.4005501833944345,0.3611203734577986,0.5516806,0.504325,0.10914776174549543,2.1253578743877637,631
HDAC1,PSIP1,Unknown,23386123,0.4005501833944345,0.4516505501833517,0.5516806,0.77744496,0.21321209234133323,2.7683260506877554,632
HDAC1,RECK,Activation,20442303,0.4005501833944345,0.0598532844281429,0.5516806,0.067022294,-0.057473576979211786,-0.014317069579617933,633
HDAC1,RGS10,Unknown,24475290,0.4005501833944345,0.629876625541761,0.5516806,1.4845986,0.48265219541915333,4.034132644545382,634
HDAC1,RHOB,Repression,13679859,0.4005501833944345,0.2566688896298815,0.5516806,0.60387105,0.14707685728545447,1.3835170595591362,635
HDAC1,RUNX3,Activation,18850007,0.4005501833944345,0.2908469489829908,0.5516806,0.42913604,0.08049921921276647,1.6262582679228528,636
HDAC1,SMAD7,Unknown,24369345,0.4005501833944345,0.0807769256418794,0.5516806,0.09353193,-0.04737285960696508,0.13428791407722035,637
HDAC1,SP1,Repression,21636851,0.4005501833944345,0.2797599199733236,0.5516806,0.40529555,0.0714155014466729,1.547515388136574,638
HDAC1,STAT3,Unknown,18611949,0.4005501833944345,0.509253084361397,0.5516806,0.84672683,0.23960991190742378,3.1774337945397764,639
HDAC1,TNFRSF10A,Unknown,18408217,0.4005501833944345,0.1033677892630847,0.5516806,0.11487321,-0.0392413923306139,0.2947339322883867,640
HDAC1,TP53,Repression,15130752,0.4005501833944345,0.2720906968989674,0.5516806,0.35978127,0.054073623245052146,1.493046629186667,641
HDAC1,TXNIP,Repression,19351825,0.4005501833944345,0.9784928309434764,0.5516806,12.857609,4.816003423705442,6.510092969855294,642
HDAC10,TXNIP,Repression,20680488,0.127709236412133,0.9784928309434764,0.14171524,12.857609,4.816003423705442,6.510092969855294,643
HDAC2,ALOX5,Activation,21883892,0.2718406135378471,0.2878459486495471,0.3647826,0.48648772,0.10235139064595906,1.6049444057250635,644
HDAC2,APAF1,Repression,18834886,0.2718406135378471,0.2576692230743627,0.3647826,0.403212,0.07062162597886397,1.3906216802917324,645
HDAC2,CD1D,Repression,22419072,0.2718406135378471,0.2224908302767629,0.3647826,0.36311698,0.0553445974653612,1.1407758511953536,646
HDAC2,CDKN1A,Unknown,20190809,0.2718406135378471,0.0708569523174387,0.3647826,0.104368836,-0.043243775197974905,0.06383375847895917,647
HDAC2,DNMT1,Repression,22328086,0.2718406135378471,0.3440313437812439,0.3647826,0.5126623,0.11232444478058622,2.003987270205905,648
HDAC2,KLF4,Repression,19486889,0.2718406135378471,0.3008502834278033,0.3647826,0.67706454,0.17496508464468213,1.6973044752488187,649
HDAC2,MYC,Unknown,20493879,0.2718406135378471,0.2710070023341127,0.3647826,0.41546583,0.07529058761823003,1.4853499567263537,650
HDAC2,PHB,Repression,21152868,0.2718406135378471,0.3611203734577986,0.3647826,0.504325,0.10914776174549543,2.1253578743877637,651
HDAC2,SP1,Repression,21636851,0.2718406135378471,0.2797599199733236,0.3647826,0.40529555,0.0714155014466729,1.547515388136574,652
HDAC2,TGFBR2,Repression,19088080,0.2718406135378471,0.4423141047015267,0.3647826,0.67165244,0.1729029630640487,2.7020162571835207,653
HDAC2,TNFSF10,Repression,23630076,0.2718406135378471,0.565271757252347,0.3647826,4.0093765,1.4446445817195366,3.5752925555651855,654
HDAC3,ALOX5,Activation,21883892,0.1823107702567527,0.2878459486495471,0.21173666,0.48648772,0.10235139064595906,1.6049444057250635,655
HDAC3,CXCR4,Repression,20473547,0.1823107702567527,0.463904634878247,0.21173666,0.8587251,0.2441814999226612,2.855357654662064,656
HDAC3,GTF2I,Unknown,21549311,0.1823107702567527,0.5019173057685345,0.21173666,0.9303381,0.271467528036314,3.1253332425007345,657
HDAC3,JUN,Repression,17244530,0.1823107702567527,0.6497165721906392,0.21173666,2.2591062,0.777755544641191,4.175040955741881,658
HDAC3,LGALS9,Unknown,22027828,0.1823107702567527,0.3668722907635658,0.21173666,0.75984925,0.20650776438775387,2.166209443600194,659
HDAC3,MBD1,Unknown,16432238,0.1823107702567527,0.1168722907635839,0.21173666,0.12821124,-0.03415932815845599,0.39064631217845724,660
HDAC3,MYC,Repression,19279113;23079660;23714368,0.1823107702567527,0.2710070023341127,0.21173666,0.41546583,0.07529058761823003,1.4853499567263537,661
HDAC3,PCK2,Unknown,17456789,0.1823107702567527,0.0909469823274405,0.21173666,0.10086803,-0.04457765439499842,0.20651822485863136,662
HDAC3,PRAM1,Unknown,16730330,0.1823107702567527,0.2692564188062705,0.21173666,0.4933241,0.10495619224449024,1.4729168704443096,663
HDAC4,ATF4,Unknown,24308964,0.1447149049683199,0.3902134044681283,0.17689261,0.57252413,0.13513303506886776,2.331983927360781,664
HDAC4,CDKN1A,Repression,18632985,0.1447149049683199,0.0708569523174387,0.17689261,0.104368836,-0.043243775197974905,0.06383375847895917,665
HDAC4,HDAC3,Unknown,11804585,0.1447149049683199,0.1823107702567527,0.17689261,0.21173666,-0.0023344226479389035,0.8554069184359626,666
HDAC4,JUN,Activation,10523670,0.1447149049683199,0.6497165721906392,0.17689261,2.2591062,0.777755544641191,4.175040955741881,667
HDAC4,KLF4,Unknown,21118993,0.1447149049683199,0.3008502834278033,0.17689261,0.67706454,0.17496508464468213,1.6973044752488187,668
HDAC4,MEF2A,Repression,17179159,0.1447149049683199,0.3328609536512033,0.17689261,0.5296709,0.11880507173063543,1.9246523386919097,669
HDAC4,PTPA,Unknown,18045992,0.1447149049683199,0.1312104034678185,0.17689261,0.14863394,-0.026377858783388646,0.49247920934569894,670
HDAC4,RECK,Unknown,22781396,0.1447149049683199,0.0598532844281429,0.17689261,0.067022294,-0.057473576979211786,-0.014317069579617933,671
HDAC4,RUNX2,Repression,19509297,0.1447149049683199,0.100283427809267,0.17689261,0.14663315,-0.0271402009864735,0.27282801836287685,672
HDAC4,SMAD4,Unknown,23817620,0.1447149049683199,0.2314938312770972,0.17689261,0.28901026,0.027108410665051246,1.2047174377887446,673
HDAC4,TGIF1,Activation,17610967,0.1447149049683199,0.1191230410136671,0.17689261,0.13479647,-0.03165021988321448,0.40663170882680233,674
HDAC4,TGIF2,Activation,17610967,0.1447149049683199,0.1223741247082317,0.17689261,0.14088161,-0.02933165619902986,0.4297217262077451,675
HDAC5,MEF2A,Repression,15194749,0.1518839613204379,0.3328609536512033,0.17539197,0.5296709,0.11880507173063543,1.9246523386919097,676
HDAC5,YY1,Activation,18632988,0.1518839613204379,0.5901967322440048,0.17539197,1.149995,0.35516133151833307,3.752316022152384,677
HDAC7,ACTN4,Repression,16980305,0.2155718572857653,0.4376458819606142,0.26516974,0.7429299,0.20006114352611237,2.668861360431403,678
HDAC7,CDKN1A,Activation,20693714,0.2155718572857653,0.0708569523174387,0.26516974,0.104368836,-0.043243775197974905,0.06383375847895917,679
HDAC7,HIF1A,Activation,20693714,0.2155718572857653,0.3469489829943142,0.26516974,0.5292545,0.11864641475345915,2.0247090806759784,680
HDAC7,MAML1,Unknown,20203086,0.2155718572857653,0.1177892630876918,0.26516974,0.1302952,-0.033365296472201704,0.39715888118333814,681
HDAC7,MEF2A,Repression,11585834,0.2155718572857653,0.3328609536512033,0.26516974,0.5296709,0.11880507173063543,1.9246523386919097,682
HDAC7,MEF2C,Repression,11585834,0.2155718572857653,0.4003001000333142,0.26516974,1.1129693,0.34105377714792995,2.4036221864144633,683
HDAC7,MEF2D,Repression,11585834,0.2155718572857653,0.148132710903632,0.26516974,0.17380823,-0.01678593574314107,0.6126657100721651,684
HDAC9,APP,Unknown,20145244,0.1909803267755931,0.2350783594531562,0.27917466,0.37170264,0.05861591077627214,1.2301756620805577,685
HDAC9,CFLAR,Activation,20087862,0.1909803267755931,0.6237912637545001,0.27917466,1.5071025,0.4912266448636234,3.990912868422086,686
HDAC9,CITED2,Repression,18054336,0.1909803267755931,0.3672057352450595,0.27917466,0.68157125,0.17668223398572463,2.168577650511059,687
HDAC9,HSPA5,Repression,19417144,0.1909803267755931,0.5324274758252127,0.27917466,1.0820584,0.3292760875326602,3.342024174844931,688
HDAC9,IL18,Unknown,11944905,0.1909803267755931,0.1092030676892263,0.27917466,0.15063424,-0.02561570328039701,0.3361775532285405,689
HDAC9,MEF2A,Repression,12242305;15194749,0.1909803267755931,0.3328609536512033,0.27917466,0.5296709,0.11880507173063543,1.9246523386919097,690
HDAC9,NFKB1,Repression,15964798,0.1909803267755931,0.359286428809583,0.27917466,0.5491799,0.1262384025849392,2.1123327363780033,691
HDAC9,RELA,Repression,15964798,0.1909803267755931,0.2120706902300798,0.27917466,0.2434963,0.009766654390021983,1.0667693852307816,692
HDAC9,STAT6,Repression,21106524,0.1909803267755931,0.3564521507168861,0.27917466,0.5347555,0.12074240906529089,2.092202977635646,693
HDAC9,TNFRSF10B,Repression,15964798,0.1909803267755931,0.111537179059683,0.27917466,0.12904467,-0.03384177416112643,0.3527550016046023,694
HDAC9,TP53,Repression,15964798,0.1909803267755931,0.2720906968989674,0.27917466,0.35978127,0.054073623245052146,1.493046629186667,695
HDGF,FAS,Activation,19710540,0.3385295098365971,0.1246248749583148,0.4999066,0.15146811,-0.02529798163400416,0.44570712285608954,696
HDGF,VEGFB,Activation,14662017,0.3385295098365971,0.1636378792930965,0.4999066,0.21915592,0.0004924682369912091,0.7227873314274488,697
HHEX,TLE1,Unknown,15187083,0.3191897299099596,0.0501833944648218,0.5849438,0.066355415,-0.05772767161485621,-0.08299506999473509,699
HIF1A,ALDOA,Activation,8955077,0.3469489829943142,0.1287095698566146,0.5292545,0.14613326,-0.027330669373410704,0.474717657514202,700
HIF1A,ALOX5AP,Unknown,20448047,0.3469489829943142,0.3866288762920705,0.5292545,0.82987815,0.23319021777147164,2.306525703068977,701
HIF1A,APEX1,Repression,19524065,0.3469489829943142,0.491913971323722,0.5292545,0.8462245,0.23941851383022647,3.0542870351747684,702
HIF1A,ARNT,Unknown,12239177,0.3469489829943142,0.1537179059686541,0.5292545,0.18547884,-0.012339192937177381,0.6523331758291754,703
HIF1A,BAX,Activation,15706354,0.3469489829943142,0.4886628876291579,0.5292545,0.8149618,0.22750678116843745,3.0311970177938288,704
HIF1A,BID,Repression,15024076,0.3469489829943142,0.371873957985972,0.5292545,0.7709375,0.2107326160380298,2.201732547263177,705
HIF1A,BNIP3,Activation,17848618,0.3469489829943142,0.1187895965321732,0.5292545,0.1352131,-0.03149147527130056,0.4042635019159358,706
HIF1A,CCR7,Activation,17178876;19305150,0.3469489829943142,0.3082694231410393,0.5292545,0.7528411,0.20383751488103447,1.7499970790155772,707
HIF1A,CXCR4,Activation,17075581,0.3469489829943142,0.463904634878247,0.5292545,0.8587251,0.2441814999226612,2.855357654662064,708
HIF1A,E2F3,Activation,20308562,0.3469489829943142,0.1623041013671211,0.5292545,0.21423794,-0.001381383445557808,0.7133145037839836,709
HIF1A,EGLN1,Unknown,12839937;22075993,0.3469489829943142,0.1774758252750917,0.5292545,0.20765226,-0.0038906631800685906,0.8210679182284008,710
HIF1A,ENO1,Activation,8955077,0.3469489829943142,0.7678392797598,0.5292545,2.3238125,0.8024099777878325,5.013978253915996,711
HIF1A,FAM162A,Unknown,15082785,0.3469489829943142,0.2780926975658549,0.5292545,0.36503255,0.0560744690930499,1.5356743535822466,712
HIF1A,HIF1A,Repression,14744852,0.3469489829943142,0.3469489829943142,0.5292545,0.5292545,0.11864641475345915,2.0247090806759784,714
HIF1A,ITGB2,Activation,15235127,0.3469489829943142,0.7391630543513376,0.5292545,3.2106972,1.1403313168990072,4.81031245958156,715
HIF1A,LDHA,Activation,8955077,0.3469489829943142,0.5974491497164939,0.5292545,1.1864247,0.3690417976120861,3.8038245224637093,716
HIF1A,MICA,Activation,21092233,0.3469489829943142,0.0721907302434139,0.5292545,0.07644248,-0.053884292072395444,0.07330658612242268,717
HIF1A,MIF,Activation,20727156,0.3469489829943142,0.8616205401799172,0.5292545,2.9532127,1.0422244186287233,5.680036447596926,718
HIF1A,NR3C1,Unknown,15699159,0.3469489829943142,0.4534844948315673,0.5292545,0.77135974,0.21089349817550074,2.7813511886975153,719
HIF1A,PFKFB3,Unknown,16025159,0.3469489829943142,0.0509336445481829,0.5292545,0.057102203,-0.0612533359882743,-0.07766660444528646,720
HIF1A,PFKFB4,Unknown,16311927,0.3469489829943142,0.0593531177059022,0.5292545,0.0665221,-0.0576641611964109,-0.017869379945916773,721
HIF1A,PGK1,Activation,8089148,0.3469489829943142,0.7017339113036641,0.5292545,1.9520819,0.6607729621299907,4.544481233836904,722
HIF1A,PIK3CA,Unknown,23060442,0.3469489829943142,0.1887295765255095,0.5292545,0.23791176,0.0076388296173994326,0.900994901470139,723
HIF1A,PPARA,Unknown,14521756,0.3469489829943142,0.0808602867622529,0.5292545,0.09469899,-0.04692818570738931,0.13487996580493722,724
HIF1A,RECK,Repression,20442303,0.3469489829943142,0.0598532844281429,0.5292545,0.067022294,-0.057473576979211786,-0.014317069579617933,725
HIF1A,RORA,Activation,14742449,0.3469489829943142,0.2217405801934018,0.5292545,0.38404047,0.06331687814590434,1.135447385645905,726
HIF1A,SDHB,Repression,17102089,0.3469489829943142,0.3554518172724049,0.5292545,0.5017401,0.1081628616006756,2.0850983569030497,727
HIF1A,SETD2,Activation,18842833,0.3469489829943142,0.3120206735578439,0.5292545,0.4450572,0.08656550912328502,1.776639406762814,728
HIF1A,SOCS1,Activation,20003295,0.3469489829943142,0.1097865955318405,0.5292545,0.13871405,-0.030157541207310883,0.3403219153225561,729
HIF1A,STAT3,Unknown,23991099,0.3469489829943142,0.509253084361397,0.5292545,0.84672683,0.23960991190742378,3.1774337945397764,730
HIF1A,TFRC,Unknown,10446187;10446188,0.3469489829943142,0.1139546515505131,0.5292545,0.14054807,-0.029458741809422213,0.36992450170838037,731
HIF1A,TIMP2,Activation,17332917,0.3469489829943142,0.3398632877625721,0.5292545,0.71340996,0.18881343832240152,1.9743846838200863,732
HIF1A,TLR2,Unknown,18159247,0.3469489829943142,0.3110203401133627,0.5292545,0.6628083,0.16953316354886178,1.7695347860302177,733
HIF1A,TLR6,Unknown,18159247,0.3469489829943142,0.1231243747915927,0.5292545,0.15880364,-0.022502993603778585,0.43505019175719306,734
HIF1A,VEGFB,Unknown,21731766,0.3469489829943142,0.1636378792930965,0.5292545,0.21915592,0.0004924682369912091,0.7227873314274488,735
HIF1A,VHL,Unknown,12205091;15962286;17140440,0.3469489829943142,0.2432477492497558,0.5292545,0.30684918,0.03390540663836898,1.2881967313967826,736
HIF1A,XPC,Activation,19934262,0.3469489829943142,0.2321607202400849,0.5292545,0.3032646,0.03253960782173461,1.2094538516104774,738
HIF1A,ZNF217,Activation,21483406,0.3469489829943142,0.3836278759586267,0.5292545,0.6541439,0.16623184867603236,2.285211840871187,739
HINFP,MBD2,Repression,11553631,0.0921140380126688,0.5235078359452549,0.100951396,1.0914708,0.33286240581309734,3.2786746399792777,740
HIPK2,CDKN1A,Activation,15897882,0.2244081360453526,0.0708569523174387,0.32293773,0.104368836,-0.043243775197974905,0.06383375847895917,741
HIPK2,CTBP2,Unknown,23393140,0.2244081360453526,0.2524174724908362,0.32293773,0.4048794,0.07125693972464622,1.3533224214456008,742
HIPK2,HIF1A,Repression,19046997,0.2244081360453526,0.3469489829943142,0.32293773,0.5292545,0.11864641475345915,2.0247090806759784,743
HIPK2,MEF2C,Repression,23620283,0.2244081360453526,0.4003001000333142,0.32293773,1.1129693,0.34105377714792995,2.4036221864144633,744
HIPK2,TP53,Unknown,12851404,0.2244081360453526,0.2720906968989674,0.32293773,0.35978127,0.054073623245052146,1.493046629186667,745
HIVEP2,HLA-A,Unknown,1409593,0.1239579859953272,0.985078359452978,0.14705011,15.145466,5.687724066912924,6.556865056344888,747
HIVEP2,HLA-B,Unknown,1409593,0.1239579859953272,0.9854118039344718,0.14705011,18.685316,7.036479832180599,6.559233263255755,748
HIVEP2,HLA-C,Unknown,1409593,0.1239579859953272,0.9814938312769202,0.14705011,12.588266,4.7133781926689595,6.531406832053085,749
HIVEP2,HLA-E,Unknown,1409593,0.1239579859953272,0.9786595531842234,0.14705011,7.3577914,2.720459630629288,6.511277073310727,750
HIVEP2,HLA-F,Unknown,1409593,0.1239579859953272,0.7079026342112985,0.14705011,1.5131941,0.4935476699408737,4.588293061687916,751
HLTF,HERC2,Unknown,22234890,0.1605535178392783,0.1388796265421773,0.1994831,0.16480583,-0.02021603557823175,0.5469479682956243,752
HLX,BTG1,Unknown,22897850,0.0734411470490157,0.956652217405636,0.09053082,6.258719,2.301690407089709,6.354975417193603,753
HLX,PAK1,Unknown,22897850,0.0734411470490157,0.304601533844608,0.09053082,0.59336513,0.14307388536024837,1.7239468029960558,754
HMGA1,CD44,Activation,15901130,0.3041847282427408,0.7525008336110875,0.42780128,2.6831927,0.9393412366471204,4.905040736016181,755
HMGA1,IL1B,Unknown,15901130,0.3041847282427408,0.0821940646882281,0.42780128,0.16480523,-0.02021626419059079,0.14435279344840074,756
HMGA1,INSR,Activation,16707431,0.3041847282427408,0.1091197065688529,0.42780128,0.13562988,-0.031332673506296885,0.3355855015008244,757
HMGA1,SLC2A3,Activation,22706202,0.3041847282427408,0.3434478159386299,0.42780128,0.85288554,0.24195650727703313,1.9998429081118907,758
HMGA1,SP1,Unknown,20335021,0.3041847282427408,0.2797599199733236,0.42780128,0.40529555,0.0714155014466729,1.547515388136574,759
HMGA1,TP53,Unknown,20335021,0.3041847282427408,0.2720906968989674,0.42780128,0.35978127,0.054073623245052146,1.493046629186667,760
HMGA1,XPA,Repression,17616660,0.3041847282427408,0.2694231410470174,0.42780128,0.34894451,0.049944594465069346,1.4741009738997428,761
HMGN1,PCNA,Unknown,22393258,0.7198232744247001,0.1495498499499809,1.864059,0.18606216,-0.012116936001715161,0.6227305894433469,763
HNRNPD,KLF2,Unknown,15835916,0.7051517172389751,0.9214738246080452,1.6339834,4.987648,1.8173861740531256,6.105129588097288,764
HSF1,ATG7,Activation,23386620,0.1580526842280743,0.1921473824608216,0.17564212,0.2476654,0.011355167366836671,0.9252690223065191,766
HSF1,CDKN1A,Repression,20622894,0.1580526842280743,0.0708569523174387,0.17564212,0.104368836,-0.043243775197974905,0.06383375847895917,767
HSF1,FKBP4,Unknown,20692357,0.1580526842280743,0.1499666555518482,0.17564212,0.17147438,-0.017675180666731044,0.6256908480819297,768
HSF1,FUT4,Unknown,23959823,0.1580526842280743,0.0806102034011325,0.17564212,0.09186472,-0.048008100958833635,0.1331038106217874,769
HSF1,HOPX,Unknown,22669480,0.1580526842280743,0.147965988662885,0.17564212,0.45456666,0.09018880926300347,0.6114816066167313,770
HSF1,HSPA1A,Unknown,17897941;20692357;23212905;23874968,0.1580526842280743,0.3548682894297908,0.17564212,0.6388017,0.16038615445116697,2.080953994809035,771
HSF1,HSPA1B,Unknown,20692357,0.1580526842280743,0.0810270090029998,0.17564212,0.094782375,-0.04689641430479122,0.13606406926037018,772
HSF1,HSPA4,Activation,12813038;23349863;8114740;8455624,0.1580526842280743,0.294681560520169,0.17564212,0.40112644,0.06982698465965222,1.6534926473978069,773
HSF1,IL1B,Repression,10328874,0.1580526842280743,0.0821940646882281,0.17564212,0.16480523,-0.02021626419059079,0.14435279344840074,774
HSF1,JUN,Unknown,24127737,0.1580526842280743,0.6497165721906392,0.17564212,2.2591062,0.777755544641191,4.175040955741881,775
HSF1,LDHA,Activation,19668225,0.1580526842280743,0.5974491497164939,0.17564212,1.1864247,0.3690417976120861,3.8038245224637093,776
HSF1,MAP3K14,Unknown,19381566,0.1580526842280743,0.0791930643547839,0.17564212,0.08602931,-0.05023151236897831,0.12303893125060779,777
HSF1,MICA,Activation,19139882,0.1580526842280743,0.0721907302434139,0.17564212,0.07644248,-0.053884292072395444,0.07330658612242268,778
HSF1,MICB,Activation,19139882,0.1580526842280743,0.1052017339113007,0.17564212,0.11670715,-0.0385426234143731,0.30775907029814975,779
HSF1,NFKB1,Unknown,18689673,0.1580526842280743,0.359286428809583,0.17564212,0.5491799,0.1262384025849392,2.1123327363780033,780
HSF1,POLK,Activation,22227292,0.1580526842280743,0.3208569523174283,0.17564212,0.49715632,0.10641634700211389,1.8393968899007507,781
HSF1,RELA,Unknown,18689673,0.1580526842280743,0.2120706902300798,0.17564212,0.2434963,0.009766654390021983,1.0667693852307816,782
HSF1,SESN3,Unknown,23388456,0.1580526842280743,0.1604701567189048,0.17564212,0.20890276,-0.003414196921761823,0.7002893657742185,783
HSF1,STIP1,Unknown,20692357;22669480,0.1580526842280743,0.2500833611203799,0.17564212,0.31668475,0.03765296140543364,1.3367449730695415,784
HSF1,UBB,Unknown,20692357,0.1580526842280743,0.8396132044013297,0.17564212,2.6268506,0.9178737359896666,5.523734791479801,785
HSF2,HIF1A,Unknown,21258402,0.0769423141047007,0.3469489829943142,0.08519566,0.5292545,0.11864641475345915,2.0247090806759784,787
HSF2,HSPA4,Activation,12813038;8114740,0.0769423141047007,0.294681560520169,0.08519566,0.40112644,0.06982698465965222,1.6534926473978069,788
HSF2,MAP2K4,Repression,11557063,0.0769423141047007,0.1219573191063644,0.08519566,0.13929778,-0.029935128053403315,0.4267614675691624,789
HSF2,MAPK8,Repression,11557063,0.0769423141047007,0.1009503167722547,0.08519566,0.11070501,-0.04082956238889002,0.2775644321846094,790
HSF2,TXN,Unknown,9374530,0.0769423141047007,0.5640213404467455,0.08519566,1.506515,0.4910027952620598,3.5664117796494397,791
ID3,TCF3,Repression,24492847,0.1179559853284387,0.1312104034678185,0.1635553,0.15747,-0.023011137914636836,0.49247920934569894,792
IFI16,ICAM1,Repression,17699163,0.6976492164053657,0.1101200400133343,2.54947,0.13971451,-0.02977634533942957,0.34269012223342193,793
IFI16,MYC,Repression,20052289,0.6976492164053657,0.2710070023341127,2.54947,0.41546583,0.07529058761823003,1.4853499567263537,794
IFI16,TP53,Unknown,22618232,0.6976492164053657,0.2720906968989674,2.54947,0.35978127,0.054073623245052146,1.493046629186667,795
IKBKB,CD44,Repression,18600306,0.2581693897966033,0.7525008336110875,0.33460718,2.6831927,0.9393412366471204,4.905040736016181,796
IKBKB,TP53,Unknown,24006445,0.2581693897966033,0.2720906968989674,0.33460718,0.35978127,0.054073623245052146,1.493046629186667,797
ILF2,ILF3,Unknown,11739746,0.3940480160053064,0.3853784594864689,0.555932,0.5491792,0.1262381358705203,2.297644927153231,798
ILF3,HLA-DQA1,Unknown,7651394,0.3853784594864689,0.3291097032343986,0.5491792,2.503589,0.8709085273971787,1.8980100109446725,799
ILF3,HLA-DRB1,Unknown,7651394,0.3853784594864689,0.530593531176997,0.5491792,5.5847845,2.044907480613223,3.32899903683517,801
ING1,BAX,Activation,15662138;16325212,0.1753917972657551,0.4886628876291579,0.20456764,0.8149618,0.22750678116843745,3.0311970177938288,802
ING1,CASP3,Activation,15662138,0.1753917972657551,0.1763921307102367,0.20456764,0.22499137,0.0027158948879598206,0.8133712457680856,803
ING1,CDKN1A,Activation,14522900;16325212,0.1753917972657551,0.0708569523174387,0.20456764,0.104368836,-0.043243775197974905,0.06383375847895917,804
ING1,PCNA,Unknown,18691180,0.1753917972657551,0.1495498499499809,0.20456764,0.18606216,-0.012116936001715161,0.6227305894433469,805
ING1,TP53,Activation,15662138;16325212,0.1753917972657551,0.2720906968989674,0.20456764,0.35978127,0.054073623245052146,1.493046629186667,806
ING2,BCL2,Repression,15748897,0.0954484828276069,0.3046848949649814,0.11787388,0.5778597,0.13716599714310515,1.7245388547237723,807
ING2,TMEM71,Unknown,20676127,0.0954484828276069,0.1832277425808608,0.11787388,0.22057277,0.0010323172718428274,0.8619194874408448,808
ING4,ARL6IP5,Activation,24157826,0.2033177725908659,0.8148549516504188,0.23466034,2.4301915,0.8429425680256704,5.3478954283480356,809
ING4,BAX,Activation,20707719,0.2033177725908659,0.4886628876291579,0.23466034,0.8149618,0.22750678116843745,3.0311970177938288,810
ING4,BCL2,Repression,19895734;20707719,0.2033177725908659,0.3046848949649814,0.23466034,0.5778597,0.13716599714310515,1.7245388547237723,811
ING4,CASP3,Activation,19895734,0.2033177725908659,0.1763921307102367,0.23466034,0.22499137,0.0027158948879598206,0.8133712457680856,812
ING4,CDKN1A,Activation,15882981;20707719,0.2033177725908659,0.0708569523174387,0.23466034,0.104368836,-0.043243775197974905,0.06383375847895917,813
ING4,CDKN1B,Activation,20707719,0.2033177725908659,0.3676225408469267,0.23466034,0.5059085,0.10975110786307139,2.171537909149641,814
ING4,SKP2,Repression,18399550,0.2033177725908659,0.0544348116038681,0.23466034,0.056768756,-0.061380386163751,-0.05280043188119252,815
ING4,TP53,Activation,19895734,0.2033177725908659,0.2720906968989674,0.23466034,0.35978127,0.054073623245052146,1.493046629186667,816
IRF1,BCL2,Repression,10918594,0.7586695565187219,0.3046848949649814,3.5529811,0.5778597,0.13716599714310515,1.7245388547237723,817
IRF1,CASP7,Activation,10918594,0.7586695565187219,0.1199566522174016,3.5529811,0.13888083,-0.03009399459190872,0.412552226103967,818
IRF1,CCL5,Unknown,10385645,0.7586695565187219,0.1663054351450474,3.5529811,2.0445166,0.6959924868374749,0.7417329867143793,819
IRF1,CD40,Activation,18694960,0.7586695565187219,0.1583027675891947,3.5529811,0.22449163,0.002525483654112379,0.6848960208535875,820
IRF1,CDK4,Repression,22200613,0.7586695565187219,0.155135045015003,3.5529811,0.1749755,-0.016341181829239635,0.6623980552003572,821
IRF1,CDKN1A,Repression,12531694,0.7586695565187219,0.0708569523174387,3.5529811,0.104368836,-0.043243775197974905,0.06383375847895917,822
IRF1,CIITA,Activation,10557076;11464288,0.7586695565187219,0.3066855618539439,3.5529811,0.6218787,0.1539381428643413,1.7387480961889654,823
IRF1,CXCL10,Activation,19342664,0.7586695565187219,0.0726908969656547,3.5529811,0.62320834,0.15444476309280594,0.07685889648872225,824
IRF1,CYBB,Activation,9593745,0.7586695565187219,0.4816605535177892,3.5529811,4.499658,1.631451932236955,2.9814646726656533,825
IRF1,DDX58,Activation,22391244,0.7586695565187219,0.2840946982327424,3.5529811,0.46331406,0.0935217488455006,1.5783020779778263,826
IRF1,DST,Repression,15560761,0.7586695565187219,0.0802767589196387,3.5529811,0.119707495,-0.037399430167048484,0.13073560371092155,827
IRF1,EIF2AK2,Activation,8622878,0.7586695565187219,0.4557352450816501,3.5529811,1.027368,0.30843791859759373,2.7973365853458576,828
IRF1,ERAP2,Unknown,15691326,0.7586695565187219,0.5390130043347142,3.5529811,1.0327953,0.3105058316913229,3.388796261334525,829
IRF1,HLA-A,Activation,19428110,0.7586695565187219,0.985078359452978,3.5529811,15.145466,5.687724066912924,6.556865056344888,830
IRF1,IFIT3,Activation,21056555,0.7586695565187219,0.3224408136045236,3.5529811,1.1157165,0.34210051693587107,1.8506458727273618,831
IRF1,IRF2,Activation,9054665,0.7586695565187219,0.4884128042680376,3.5529811,0.81996393,0.22941269573434236,3.02942086261068,832
IRF1,NCF2,Activation,10570299,0.7586695565187219,0.4195565188395783,3.5529811,2.1286297,0.7280413105332632,2.540386135516948,833
IRF1,PSMB10,Unknown,18694960,0.7586695565187219,0.7141547182393063,3.5529811,1.9314877,0.6529261477222967,4.632696941266645,834
IRF1,PSMB9,Activation,18694960,0.7586695565187219,0.8183561187061031,3.5529811,3.066415,1.0853568267156652,5.372761600912123,835
IRF1,SOCS1,Activation,20644166,0.7586695565187219,0.1097865955318405,3.5529811,0.13871405,-0.030157541207310883,0.3403219153225561,836
IRF1,SOCS2,Activation,22291912,0.7586695565187219,0.0521007002334113,3.5529811,0.06343766,-0.05883939637095847,-0.06937788025725518,837
IRF1,TAP1,Activation,18694960,0.7586695565187219,0.5478492830942986,3.5529811,1.1207321,0.3440115638492364,3.4515537444724615,838
IRF1,TAP2,Unknown,18694960,0.7586695565187219,0.2834278092697549,3.5529811,0.38220412,0.06261719097002136,1.5735656641560951,839
IRF1,TAPBP,Unknown,18694960,0.7586695565187219,0.7278259419805501,3.5529811,1.745354,0.5820053739647636,4.729793424612132,840
IRF1,TNFSF10,Activation,21858676,0.7586695565187219,0.565271757252347,3.5529811,4.0093765,1.4446445817195366,3.5752925555651855,841
IRF1,TP53,Unknown,19003964,0.7586695565187219,0.2720906968989674,3.5529811,0.35978127,0.054073623245052146,1.493046629186667,842
IRF1,TRIM22,Unknown,21683060;23670564;23729439,0.7586695565187219,0.5896132044013908,3.5529811,1.3607223,0.4354527734648253,3.7481716600583694,843
IRF2,CIITA,Activation,10557076;10956389,0.4884128042680376,0.3066855618539439,0.81996393,0.6218787,0.1539381428643413,1.7387480961889654,844
IRF2,CXCR4,Repression,21447649,0.4884128042680376,0.463904634878247,0.81996393,0.8587251,0.2441814999226612,2.855357654662064,845
IRF2,DST,Repression,15560761,0.4884128042680376,0.0802767589196387,0.81996393,0.119707495,-0.037399430167048484,0.13073560371092155,846
IRF2,ERAP2,Unknown,15691326,0.4884128042680376,0.5390130043347142,0.81996393,1.0327953,0.3105058316913229,3.388796261334525,847
IRF2,IFNGR1,Repression,18281489,0.4884128042680376,0.3911303767922361,0.81996393,0.75384784,0.20422110355827378,2.3384964963656616,848
IRF2,TAP1,Activation,15778351,0.4884128042680376,0.5478492830942986,0.81996393,1.1207321,0.3440115638492364,3.4515537444724615,849
IRF3,CCL5,Unknown,10385645;20483755,0.374541513837922,0.1663054351450474,0.5066588,2.0445166,0.6959924868374749,0.7417329867143793,850
IRF3,CXCL10,Activation,18691624;24257594,0.374541513837922,0.0726908969656547,0.5066588,0.62320834,0.15444476309280594,0.07685889648872225,851
IRF3,IRF5,Unknown,20483755,0.374541513837922,0.1688062687562513,0.5066588,0.22332451,0.0020807868933007062,0.7594945385458762,852
IRF3,IRF7,Unknown,20483755,0.374541513837922,0.3548682894297908,0.5066588,0.74826354,0.20209337023059482,2.080953994809035,853
IRF3,MAVS,Activation,18207245,0.374541513837922,0.2550016672224127,0.5066588,0.3420258,0.04730842344067139,1.3716760250048081,854
IRF3,PURA,Repression,21062477,0.374541513837922,0.3454484828275924,0.5066588,0.49407062,0.10524063174161234,2.014052149577084,855
IRF3,SOCS2,Activation,22291912,0.374541513837922,0.0521007002334113,0.5066588,0.06343766,-0.05883939637095847,-0.06937788025725518,856
IRF3,TLR4,Unknown,22208359,0.374541513837922,0.279259753251083,0.5066588,0.55851674,0.12979593094896075,1.5439630777702755,857
IRF3,TNPO1,Unknown,20483755,0.374541513837922,0.2370790263421194,0.5066588,0.29867995,0.0307927617352523,1.2443849035457557,858
IRF4,BCL6,Repression,17785200,0.0581027009003003,0.1882294098032687,0.087279335,0.3059335,0.033556513696820535,0.8974425911038394,859
IRF4,CD68,Repression,12676954,0.0581027009003003,0.4067189063020689,0.087279335,1.6973194,0.5637032019285682,2.4492101694486252,860
IRF4,FCER2,Activation,11342629,0.0581027009003003,0.0988662887629184,0.087279335,0.20748629,-0.0039539011687860495,0.2627631389916973,861
IRF4,IRF3,Repression,19955181,0.0581027009003003,0.374541513837922,0.087279335,0.5066588,0.11003698761805546,2.220678202550101,862
IRF4,MS4A1,Unknown,19769942,0.0581027009003003,0.1116205401800564,0.087279335,0.9180578,0.26678848078170814,0.35334705333231853,863
IRF5,PDLIM7,Repression,16140744,0.1688062687562513,0.0739413137712564,0.22332451,0.08369508,-0.05112090208039568,0.08573967240446898,864
IRF7,ATF4,Activation,21148039,0.3548682894297908,0.3902134044681283,0.74826354,0.57252413,0.13513303506886776,2.331983927360781,865
IRF7,CCL5,Unknown,10385645,0.3548682894297908,0.1663054351450474,0.74826354,2.0445166,0.6959924868374749,0.7417329867143793,866
IRF7,CXCL10,Activation,24701034,0.3548682894297908,0.0726908969656547,0.74826354,0.62320834,0.15444476309280594,0.07685889648872225,867
IRF8,CD68,Repression,12676954,0.3225241747248971,0.4067189063020689,0.7768535,1.6973194,0.5637032019285682,2.4492101694486252,868
IRF8,CFLAR,Unknown,19155307,0.3225241747248971,0.6237912637545001,0.7768535,1.5071025,0.4912266448636234,3.990912868422086,869
IRF8,CYBB,Activation,9593745,0.3225241747248971,0.4816605535177892,0.7768535,4.499658,1.631451932236955,2.9814646726656533,870
IRF8,IL1B,Activation,17386941,0.3225241747248971,0.0821940646882281,0.7768535,0.16480523,-0.02021626419059079,0.14435279344840074,871
IRF8,NCF2,Activation,10570299,0.3225241747248971,0.4195565188395783,0.7768535,2.1286297,0.7280413105332632,2.540386135516948,872
IRF8,NF1,Activation,15371411,0.3225241747248971,0.1583027675891947,0.7768535,0.19589853,-0.008369076418171799,0.6848960208535875,873
IRF8,TLR4,Unknown,10734131,0.3225241747248971,0.279259753251083,0.7768535,0.55851674,0.12979593094896075,1.5439630777702755,874
IRF9,CCND2,Repression,15362048,0.5345115038345486,0.2890130043347752,0.89041173,0.4857372,0.10206542706644334,1.6132331299130929,875
IRF9,CDKN1A,Activation,15362048,0.5345115038345486,0.0708569523174387,0.89041173,0.104368836,-0.043243775197974905,0.06383375847895917,876
IRF9,CDKN1B,Activation,15362048,0.5345115038345486,0.3676225408469267,0.89041173,0.5059085,0.10975110786307139,2.171537909149641,877
IRF9,IFIT3,Unknown,19351818;20403236,0.5345115038345486,0.3224408136045236,0.89041173,1.1157165,0.34210051693587107,1.8506458727273618,878
IRF9,PML,Activation,8681971,0.5345115038345486,0.2264921640546893,0.89041173,0.30584905,0.03352433650728514,1.16919433412575,879
IRF9,SP100,Activation,8681971,0.5345115038345486,0.7078192730909251,0.89041173,1.7627754,0.5886432862178348,4.5877010099602,880
JDP2,ATF3,Repression,22989952,0.1633044348116026,0.0570190063354454,0.22832596,0.07219076,-0.05550428497105042,-0.03444682832197943,881
JDP2,DDIT3,Repression,18396163,0.1633044348116026,0.0737745915305095,0.22832596,0.08302811,-0.05137503138891457,0.08455556894903601,882
JUN,APP,Unknown,8015372,0.6497165721906392,0.2350783594531562,2.2591062,0.37170264,0.05861591077627214,1.2301756620805577,883
JUN,ATF3,Activation,8576171,0.6497165721906392,0.0570190063354454,2.2591062,0.07219076,-0.05550428497105042,-0.03444682832197943,884
JUN,BATF3,Unknown,12087103,0.6497165721906392,0.0811103701233732,2.2591062,0.14129786,-0.029173056374943336,0.13665612098808627,885
JUN,BCL2L1,Unknown,16911523,0.6497165721906392,0.0869456485495148,2.2591062,0.09694991,-0.04607053882202515,0.17809974192823996,886
JUN,BECN1,Activation,19060920,0.6497165721906392,0.3001833944648158,2.2591062,0.41129628,0.07370190318214608,1.6925680614270877,887
JUN,BEX2,Activation,21384344,0.6497165721906392,0.1178726242080653,2.2591062,0.14930074,-0.026123794248371492,0.3977509329110549,888
JUN,CA2,Unknown,11382925,0.6497165721906392,0.0746915638546175,2.2591062,0.099783994,-0.04499069444041212,0.0910681379539176,889
JUN,CCL5,Unknown,11413310,0.6497165721906392,0.1663054351450474,2.2591062,2.0445166,0.6959924868374749,0.7417329867143793,890
JUN,CD82,Activation,15580298,0.6497165721906392,0.134878292764251,2.2591062,0.1752255,-0.01624592667963812,0.5185294853652287,891
JUN,CDKN1A,Repression,18094076,0.6497165721906392,0.0708569523174387,2.2591062,0.104368836,-0.043243775197974905,0.06383375847895917,892
JUN,CREM,Activation,21757709,0.6497165721906392,0.0880293431143697,2.2591062,0.10061785,-0.044672978128307644,0.18579641438855451,893
JUN,CSTA,Unknown,9651321,0.6497165721906392,0.4044681560519861,2.2591062,2.1508915,0.7365235148908592,2.433224772800283,894
JUN,CTSL,Activation,9038212,0.6497165721906392,0.086612204068021,2.2591062,0.1558024,-0.02364652786453877,0.17573153501737412,895
JUN,DDIT3,Activation,22622069,0.6497165721906392,0.0737745915305095,2.2591062,0.08302811,-0.05137503138891457,0.08455556894903601,896
JUN,DDX21,Unknown,22550165,0.6497165721906392,0.5531843947981986,2.2591062,1.1244848,0.3454414198488749,3.48944505504631,897
JUN,ETS1,Activation,1945412,0.6497165721906392,0.4787429143047189,2.2591062,1.2290944,0.3852998322398929,2.96074286219558,898
JUN,ETS2,Unknown,22354960,0.6497165721906392,0.1709736578859614,2.2591062,0.23882943,0.007988480789938721,0.7748878834665074,899
JUN,EZH2,Unknown,23116973,0.6497165721906392,0.062604201400467,2.2591062,0.074691765,-0.054551350549333896,0.0052206374350274275,900
JUN,EZR,Activation,19164283,0.6497165721906392,0.4707402467488689,2.2591062,0.88190234,0.25301250577686196,2.9039058963348072,901
JUN,FAS,Activation,10903433,0.6497165721906392,0.1246248749583148,2.2591062,0.15146811,-0.02529798163400416,0.44570712285608954,902
JUN,GCLC,Unknown,11233143;11912197;16054171,0.6497165721906392,0.1137045681893927,2.2591062,0.1394642,-0.02987171860541658,0.36814834652523065,903
JUN,GSTP1,Unknown,8206948,0.6497165721906392,0.7140713571189329,2.2591062,3.418944,1.2196776372511535,4.632104889538929,904
JUN,IL1B,Unknown,11306276,0.6497165721906392,0.0821940646882281,2.2591062,0.16480523,-0.02021626419059079,0.14435279344840074,905
JUN,ITGAX,Unknown,8649405;8649434,0.6497165721906392,0.2610036678893002,2.2591062,0.49007362,0.10371769240978332,1.4143037494003878,906
JUN,JUN,Activation,9502786,0.6497165721906392,0.6497165721906392,2.2591062,2.2591062,0.777755544641191,4.175040955741881,907
JUN,LDHA,Activation,9723176,0.6497165721906392,0.5974491497164939,2.2591062,1.1864247,0.3690417976120861,3.8038245224637093,908
JUN,LGALS3,Activation,16285957,0.6497165721906392,0.4194731577192048,2.2591062,1.583788,0.5204453999626909,2.539794083789231,909
JUN,MAP3K1,Unknown,9710625,0.6497165721906392,0.4468156052016923,2.2591062,0.87381357,0.24993051779109302,2.733987050480205,910
JUN,MAPK8,Activation,19324081,0.6497165721906392,0.1009503167722547,2.2591062,0.11070501,-0.04082956238889002,0.2775644321846094,911
JUN,MAT2A,Activation,14530285,0.6497165721906392,0.3071023674558111,2.2591062,0.4431396,0.08583486402378157,1.7417083548275474,912
JUN,MEF2D,Activation,12054430,0.6497165721906392,0.148132710903632,2.2591062,0.17380823,-0.01678593574314107,0.6126657100721651,913
JUN,MGMT,Unknown,9731508,0.6497165721906392,0.321940646882283,2.2591062,0.4081281,0.07249476134268797,1.847093562361064,914
JUN,MYC,Repression,2498162,0.6497165721906392,0.2710070023341127,2.2591062,0.41546583,0.07529058761823003,1.4853499567263537,915
JUN,NAMPT,Activation,16701870,0.6497165721906392,0.3872124041346845,2.2591062,1.0759567,0.32695121414736605,2.310670065162991,916
JUN,NFKB2,Unknown,7541912,0.6497165721906392,0.1749749916638878,2.2591062,0.21032028,-0.00287409260310927,0.8033063663969038,917
JUN,PCK2,Unknown,1325459,0.6497165721906392,0.0909469823274405,2.2591062,0.10086803,-0.04457765439499842,0.20651822485863136,918
JUN,PDHA1,Unknown,8476854,0.6497165721906392,0.1933144381460501,2.2591062,0.22674157,0.003382757139290101,0.9335577464945509,919
JUN,PDK1,Unknown,19910471,0.6497165721906392,0.1501333777925951,2.2591062,0.19414838,-0.009035919618472148,0.6268749515373626,920
JUN,PLAUR,Activation,16893520,0.6497165721906392,0.2094031343781289,2.2591062,0.33994368,0.04651509283231819,1.047823729943851,921
JUN,POLD2,Unknown,10978529,0.6497165721906392,0.147965988662885,2.2591062,0.17105746,-0.0178340357746185,0.6114816066167313,922
JUN,PPARA,Unknown,10542237,0.6497165721906392,0.0808602867622529,2.2591062,0.09469899,-0.04692818570738931,0.13487996580493722,923
JUN,PPARD,Activation,18625220,0.6497165721906392,0.0523507835945317,2.2591062,0.055434983,-0.06188858115034885,-0.06760172507410539,924
JUN,RARA,Repression,9377582,0.6497165721906392,0.2353284428142766,2.2591062,0.34402755,0.04807113142353072,1.2319518172637074,925
JUN,RELB,Unknown,15596805,0.6497165721906392,0.1352117372457449,2.2591062,0.1583036,-0.022693519143805553,0.5208976922760952,926
JUN,RHOB,Activation,21565167,0.6497165721906392,0.2566688896298815,2.2591062,0.60387105,0.14707685728545447,1.3835170595591362,927
JUN,RUNX2,Unknown,11604227,0.6497165721906392,0.100283427809267,2.2591062,0.14663315,-0.0271402009864735,0.27282801836287685,928
JUN,SLC19A1,Unknown,11078737,0.6497165721906392,0.0681060353451148,2.2591062,0.0755254,-0.05423371844278165,0.04429605146431519,929
JUN,SMAD7,Activation,15579469,0.6497165721906392,0.0807769256418794,2.2591062,0.09353193,-0.04737285960696508,0.13428791407722035,930
JUN,SOD2,Unknown,15330761,0.6497165721906392,0.5062520840279533,2.2591062,2.0023332,0.6799197425266729,3.1561199323419866,931
JUN,SPI1,Activation,9988737,0.6497165721906392,0.4275591863954283,2.2591062,1.8685457,0.6289439492174228,2.597223101377721,932
JUN,STMN1,Activation,15474303,0.6497165721906392,0.160136712237411,2.2591062,0.31193516,0.03584326978145021,0.6979211588633526,933
JUN,SYK,Unknown,22354960,0.6497165721906392,0.3622874291430267,2.2591062,0.78227186,0.21505124066777945,2.1336465985757926,934
JUN,TIMP2,Unknown,8810321,0.6497165721906392,0.3398632877625721,2.2591062,0.71340996,0.18881343832240152,1.9743846838200863,935
JUN,TNFRSF10A,Unknown,12082627,0.6497165721906392,0.1033677892630847,2.2591062,0.11487321,-0.0392413923306139,0.2947339322883867,936
JUN,TNFRSF1B,Activation,9743209,0.6497165721906392,0.5010836945648002,2.2591062,1.7136612,0.5699297643436002,3.1194127252235706,937
JUN,TP53,Repression,22859294,0.6497165721906392,0.2720906968989674,2.2591062,0.35978127,0.054073623245052146,1.493046629186667,938
JUN,TXN,Unknown,12414792,0.6497165721906392,0.5640213404467455,2.2591062,1.506515,0.4910027952620598,3.5664117796494397,939
JUN,VDR,Activation,15930183,0.6497165721906392,0.0529343114371459,2.2591062,0.062020496,-0.059379365046277985,-0.06345736298008972,940
JUNB,CD82,Activation,15580298,0.736578859619761,0.134878292764251,3.2439663,0.1752255,-0.01624592667963812,0.5185294853652287,941
JUNB,CDKN1A,Unknown,10506225,0.736578859619761,0.0708569523174387,3.2439663,0.104368836,-0.043243775197974905,0.06383375847895917,942
JUNB,IL1B,Unknown,11306276,0.736578859619761,0.0821940646882281,3.2439663,0.16480523,-0.02021626419059079,0.14435279344840074,943
JUNB,SMAD4,Unknown,11854297,0.736578859619761,0.2314938312770972,3.2439663,0.28901026,0.027108410665051246,1.2047174377887446,944
JUND,BCL6,Activation,22493372,0.8939646548848109,0.1882294098032687,3.986715,0.3059335,0.033556513696820535,0.8974425911038394,945
JUND,CCL5,Unknown,10760799,0.8939646548848109,0.1663054351450474,3.986715,2.0445166,0.6959924868374749,0.7417329867143793,946
JUND,CD40LG,Unknown,11160303,0.8939646548848109,0.1113704568189361,3.986715,0.16147134,-0.021486544953410756,0.3515708981491695,947
JUND,CDKN1A,Unknown,10506225,0.8939646548848109,0.0708569523174387,3.986715,0.104368836,-0.043243775197974905,0.06383375847895917,948
JUND,CSTA,Unknown,9651321,0.8939646548848109,0.4044681560519861,3.986715,2.1508915,0.7365235148908592,2.433224772800283,949
JUND,GCLC,Unknown,16054171,0.8939646548848109,0.1137045681893927,3.986715,0.1394642,-0.02987171860541658,0.36814834652523065,950
JUND,ITGAV,Repression,23319049,0.8939646548848109,0.0501000333444483,3.986715,0.055685073,-0.06179329170889347,-0.0835871217224519,951
JUND,MDM2,Activation,22493372,0.8939646548848109,0.2341613871290481,3.986715,0.3111005,0.03552524712878462,1.2236630930756756,952
JUND,NQO2,Unknown,16545679,0.8939646548848109,0.1242080693564476,3.986715,0.14413272,-0.02809291632134595,0.4427468642175075,953
JUND,PLAUR,Unknown,10471035;11234878,0.8939646548848109,0.2094031343781289,3.986715,0.33994368,0.04651509283231819,1.047823729943851,954
JUND,SOX4,Activation,23482931,0.8939646548848109,0.1490496832277401,3.986715,0.30851808,0.03454129191504884,0.6191782790770473,955
JUND,TGFB1,Unknown,10843986,0.8939646548848109,0.6528009336444563,3.986715,1.5803765,0.5191455481912287,4.1969468696673875,956
JUND,TIMP1,Unknown,10051488;11337499,0.8939646548848109,0.4483994664887876,3.986715,1.1428996,0.3524578379644027,2.745236033306816,957
KAT2B,CDKN1A,Activation,19525977,0.1136212070690193,0.0708569523174387,0.13437961,0.104368836,-0.043243775197974905,0.06383375847895917,958
KAT2B,CDKN1B,Activation,19525977,0.1136212070690193,0.3676225408469267,0.13437961,0.5059085,0.10975110786307139,2.171537909149641,959
KAT2B,CLOCK,Unknown,14645221,0.1136212070690193,0.1343781260420102,0.13437961,0.16013764,-0.021994712125504908,0.514977174998929,960
KAT2B,CYP1B1,Unknown,20631054,0.1136212070690193,0.1917305768589543,0.13437961,0.5604354,0.13052697993029855,0.9223087636679363,961
KAT2B,IRF7,Repression,12374802,0.1136212070690193,0.3548682894297908,0.13437961,0.74826354,0.20209337023059482,2.080953994809035,962
KAT2B,RB1,Activation,19525977,0.1136212070690193,0.2888462820940283,0.13437961,0.4403895,0.08478701927610507,1.6120490264576597,963
KAT2B,SMAD4,Activation,19525977,0.1136212070690193,0.2314938312770972,0.13437961,0.28901026,0.027108410665051246,1.2047174377887446,964
KAT2B,YY1,Unknown,11486036,0.1136212070690193,0.5901967322440048,0.13437961,1.149995,0.35516133151833307,3.752316022152384,965
KAT2B,ZEB1,Repression,22384255,0.1136212070690193,0.0947815938646193,0.13437961,0.114789516,-0.0392732814685769,0.2337526043335898,966
KAT5,ERCC1,Activation,22159227,0.150466822274089,0.2713404468156065,0.16622272,0.37078476,0.05826617958940719,1.4877181636372196,967
KAT5,GMPS,Repression,21453247,0.150466822274089,0.2119873291097063,0.16622272,0.25533348,0.014276863797062172,1.0661773335030649,968
KAT5,STAT3,Repression,12551922,0.150466822274089,0.509253084361397,0.16622272,0.84672683,0.23960991190742378,3.1774337945397764,969
KHSRP,RPL3,Unknown,21705779,0.2303267755918687,0.9777425808601156,0.27959067,26.337326,9.952053261389716,6.5047645043058475,970
KLF10,CDKN1A,Activation,12173049,0.1580526842280743,0.0708569523174387,0.24608192,0.104368836,-0.043243775197974905,0.06383375847895917,971
KLF10,STMN1,Repression,18930345,0.1580526842280743,0.160136712237411,0.24608192,0.31193516,0.03584326978145021,0.6979211588633526,972
KLF13,CCL5,Unknown,17513757;22797700,0.5384294764921002,0.1663054351450474,0.92842585,2.0445166,0.6959924868374749,0.7417329867143793,973
KLF13,LDLR,Repression,16303770,0.5384294764921002,0.0981160386795573,0.92842585,0.12854405,-0.03403252069310047,0.25743467344224863,974
KLF16,CDKN1A,Repression,16172401,0.0942814271423786,0.0708569523174387,0.104119256,0.104368836,-0.043243775197974905,0.06383375847895917,975
KLF2,CCR7,Unknown,20146713,0.9214738246080452,0.3082694231410393,4.987648,0.7528411,0.20383751488103447,1.7499970790155772,976
KLF2,CDKN1A,Activation,15361832,0.9214738246080452,0.0708569523174387,4.987648,0.104368836,-0.043243775197974905,0.06383375847895917,977
KLF2,CXCR4,Repression,19671192,0.9214738246080452,0.463904634878247,4.987648,0.8587251,0.2441814999226612,2.855357654662064,978
KLF2,FABP5,Repression,20424164,0.9214738246080452,0.1388796265421773,4.987648,0.22640847,0.003255839177961043,0.5469479682956243,979
KLF2,SELL,Unknown,20146713,0.9214738246080452,0.6875625208401798,4.987648,2.0999649,0.7171194312840733,4.443832440125119,980
KLF4,ATF3,Activation,21205742,0.3008502834278033,0.0570190063354454,0.67706454,0.07219076,-0.05550428497105042,-0.03444682832197943,981
KLF4,CD14,Activation,17762869,0.3008502834278033,0.3617872624207861,0.67706454,1.9396497,0.6560360378464869,2.130094288209495,982
KLF4,CDKN1A,Activation,18645021;19737957;21132436;21652709,0.3008502834278033,0.0708569523174387,0.67706454,0.104368836,-0.043243775197974905,0.06383375847895917,983
KLF4,CDKN1B,Activation,22170594,0.3008502834278033,0.3676225408469267,0.67706454,0.5059085,0.10975110786307139,2.171537909149641,984
KLF4,CDKN1C,Activation,19544095,0.3008502834278033,0.0594364788262756,0.67706454,0.61070395,0.14968033293230323,-0.017277328218200685,985
KLF4,HSPA8,Activation,18379898,0.3008502834278033,0.8736245415136922,0.67706454,3.707632,1.3296737117638007,5.765291896388085,986
KLF4,IFITM3,Repression,21531817,0.3008502834278033,0.4173891297098689,0.67706454,3.1413271,1.1138998798855193,2.5249927905963223,987
KLF4,IL1B,Repression,22449968,0.3008502834278033,0.0821940646882281,0.67706454,0.16480523,-0.02021626419059079,0.14435279344840074,988
KLF4,ODC1,Repression,12297499,0.3008502834278033,0.2331610536845665,0.67706454,0.33202344,0.0434973182479986,1.2165584723430762,989
KLF4,PFKP,Activation,21586797,0.3008502834278033,0.1039513171056989,0.67706454,0.12045839,-0.03711332370480837,0.2988782943824023,990
KLF4,RARA,Repression,19531492,0.3008502834278033,0.2353284428142766,0.67706454,0.34402755,0.04807113142353072,1.2319518172637074,991
KLF4,SOD1,Repression,23370975,0.3008502834278033,0.6486328776257845,0.67706454,1.2927933,0.4095704252357004,4.167344283281568,992
KLF4,TAGLN,Unknown,19486889,0.3008502834278033,0.0629376458819609,0.67706454,0.07927668,-0.052804403492393,0.0075888443458939445,993
KLF4,TP53,Activation,21132436,0.3008502834278033,0.2720906968989674,0.67706454,0.35978127,0.054073623245052146,1.493046629186667,994
KLF4,VDR,Repression,22677193,0.3008502834278033,0.0529343114371459,0.67706454,0.062020496,-0.059379365046277985,-0.06345736298008972,995
KLF6,ASAH1,Unknown,16500425,0.680560186728811,0.5387629209735939,3.7841394,1.739667,0.5798385098216284,3.387020106151376,996
KLF6,ATF3,Activation,18755691,0.680560186728811,0.0570190063354454,3.7841394,0.07219076,-0.05550428497105042,-0.03444682832197943,997
KLF6,CDKN1A,Activation,12740910;18822210;23085750,0.680560186728811,0.0708569523174387,3.7841394,0.104368836,-0.043243775197974905,0.06383375847895917,998
KLF6,CERS2,Activation,22169644,0.680560186728811,0.2535845281760643,3.7841394,0.3105996,0.03533439391104301,1.3616111456336302,999
KLF6,IGF1R,Unknown,15131018,0.680560186728811,0.0953651217072334,3.7841394,0.111121655,-0.04067081206166713,0.23789696642760466,1000
KLF6,PMAIP1,Activation,22718761,0.680560186728811,0.1668056018672882,3.7841394,0.23291056,0.005733269400651065,0.7452852970806789,1001
KLF6,TXNIP,Unknown,19808645,0.680560186728811,0.9784928309434764,3.7841394,12.857609,4.816003423705442,6.510092969855294,1002
KLF9,PDCD5,Activation,24173774,0.1659719906635535,0.355285095031658,0.20290078,0.49648812,0.10616174903825897,2.083914253447617,1003
KLF9,PMAIP1,Repression,22144178,0.1659719906635535,0.1668056018672882,0.20290078,0.23291056,0.005733269400651065,0.7452852970806789,1004
LCOR,CDKN1A,Unknown,22277651,0.2770923641213736,0.0708569523174387,0.36903378,0.104368836,-0.043243775197974905,0.06383375847895917,1005
LDB1,TCF3,Repression,10767331,0.0940313437812582,0.1312104034678185,0.101034805,0.15747,-0.023011137914636836,0.49247920934569894,1006
LEF1,CD1D,Repression,20363964,0.2694231410470174,0.2224908302767629,0.56485283,0.36311698,0.0553445974653612,1.1407758511953536,1007
LEF1,CEBPA,Unknown,19620402,0.2694231410470174,0.22482494164722,0.56485283,0.37603793,0.06026774556633594,1.1573532995714186,1008
LEF1,CTNNB1,Unknown,11326276,0.2694231410470174,0.4339779926641829,0.56485283,0.7061655,0.18605314983807278,2.642811084411882,1009
LEF1,CYLD,Repression,22157808,0.2694231410470174,0.5302600866955033,0.56485283,0.9385952,0.2746136532194126,3.3266308299243046,1010
LEF1,HERC2,Unknown,22234890,0.2694231410470174,0.1388796265421773,0.56485283,0.16480583,-0.02021603557823175,0.5469479682956243,1011
LEF1,MYC,Unknown,19620402,0.2694231410470174,0.2710070023341127,0.56485283,0.41546583,0.07529058761823003,1.4853499567263537,1012
LEF1,MYCBP,Activation,15979100,0.2694231410470174,0.2204068022674263,0.56485283,0.28175846,0.024345325489530206,1.1259745580024394,1013
LEF1,SKP2,Unknown,19174556,0.2694231410470174,0.0544348116038681,0.56485283,0.056768756,-0.061380386163751,-0.05280043188119252,1014
LEF1,TCF3,Unknown,8479911,0.2694231410470174,0.1312104034678185,0.56485283,0.15747,-0.023011137914636836,0.49247920934569894,1015
LEF1,TCF4,Unknown,19174556,0.2694231410470174,0.1880626875625218,0.56485283,0.56477,0.1321785518161494,0.8962584876484067,1016
LIMD1,HIF1A,Repression,22286099,0.1533011003667868,0.3469489829943142,0.19048001,0.5292545,0.11864641475345915,2.0247090806759784,1017
LMO2,ANGPT2,Unknown,22792348,0.3653717905968439,0.0542680893631212,0.9899274,0.060353275,-0.06001461058937314,-0.053984535336625485,1018
LMO2,ELK1,Unknown,22517897,0.3653717905968439,0.0973657885961963,0.9899274,0.105786644,-0.042703561145390014,0.2521062078928007,1019
LMO2,LEF1,Repression,22517897,0.3653717905968439,0.2694231410470174,0.9899274,0.56485283,0.13221011175231537,1.4741009738997428,1020
LMO2,LYL1,Unknown,19608273,0.3653717905968439,0.2923474491497127,0.9899274,0.4634805,0.0935851659138993,1.636915199021748,1021
LMO2,NFATC1,Activation,22517897,0.3653717905968439,0.1137879293097662,0.9899274,0.12721083,-0.03454050497530739,0.3687403982529474,1022
LMO2,ZEB1,Repression,20731704,0.3653717905968439,0.0947815938646193,0.9899274,0.114789516,-0.0392732814685769,0.2337526043335898,1023
LMO4,MTA1,Unknown,16288053,0.3461987329109533,0.1112037345781892,0.59169924,0.12287618,-0.036192095912188194,0.3503867946937365,1024
LYL1,ANGPT2,Unknown,22792348,0.2923474491497127,0.0542680893631212,0.4634805,0.060353275,-0.06001461058937314,-0.053984535336625485,1025
LYL1,NFKB1,Repression,10023675,0.2923474491497127,0.359286428809583,0.4634805,0.5491799,0.1262384025849392,2.1123327363780033,1026
LYL1,STMN1,Unknown,23000483,0.2923474491497127,0.160136712237411,0.4634805,0.31193516,0.03584326978145021,0.6979211588633526,1027
MAF,CCND2,Unknown,15755896,0.1149549849949945,0.2890130043347752,0.2159056,0.4857372,0.10206542706644334,1.6132331299130929,1028
MAF,GCLC,Unknown,16054171,0.1149549849949945,0.1137045681893927,0.2159056,0.1394642,-0.02987171860541658,0.36814834652523065,1029
MAF,ITGB7,Activation,17490615,0.1149549849949945,0.2060686895631903,0.2159056,0.27909106,0.0233289911453419,1.0241416608351879,1030
MAFB,CCND2,Unknown,15755896,0.2989329776592143,0.2890130043347752,1.1040434,0.4857372,0.10206542706644334,1.6132331299130929,1031
MAFG,MLH1,Unknown,25219500,0.1140380126708865,0.1009503167722547,0.14229864,0.11345593,-0.039781405204322835,0.2775644321846094,1032
MAX,BRD7,Unknown,19111069,0.4503167722573767,0.4188062687562173,0.6782403,0.6414717,0.16140347944891112,2.5350576699675003,1033
MAX,MYC,Unknown,9797456,0.4503167722573767,0.2710070023341127,0.6782403,0.41546583,0.07529058761823003,1.4853499567263537,1034
MAX,ODC1,Activation,8262968,0.4503167722573767,0.2331610536845665,0.6782403,0.33202344,0.0434973182479986,1.2165584723430762,1035
MAZ,CD4,Unknown,7760814,0.3949649883294142,0.4153884628209064,0.5511805,0.9203266,0.2676529403153718,2.510783549131129,1036
MAZ,HRAS,Activation,21931711,0.3949649883294142,0.1053684561520476,0.5511805,0.11762418,-0.038193216095016795,0.3089431737535827,1037
MAZ,TSG101,Activation,21556761,0.3949649883294142,0.270673557852619,0.5511805,0.34836087,0.04972221560301564,1.4829817498154885,1038
MBD1,ALOX5,Repression,19781662,0.1168722907635839,0.2878459486495471,0.12821124,0.48648772,0.10235139064595906,1.6049444057250635,1039
MBD1,IRF8,Repression,19074829,0.1168722907635839,0.3225241747248971,0.12821124,0.7768535,0.2129867338982,1.8512379244550785,1040
MBD1,MGMT,Repression,15657354,0.1168722907635839,0.321940646882283,0.12821124,0.4081281,0.07249476134268797,1.847093562361064,1041
MBD1,SETDB1,Repression,17066076,0.1168722907635839,0.1210403467822564,0.12821124,0.1357134,-0.03130085066591801,0.4202488985642809,1042
MBD2,ALOX5,Unknown,19781662,0.5235078359452549,0.2878459486495471,1.0914708,0.48648772,0.10235139064595906,1.6049444057250635,1043
MBD2,CHD4,Unknown,23071088,0.5235078359452549,0.3805435145048095,1.0914708,0.6090402,0.14904640991170517,2.2633059269456806,1044
MBD2,DAPK1,Unknown,21693597,0.5235078359452549,0.101200400133375,1.0914708,0.13096163,-0.03311137291480596,0.27934058736775846,1045
MBD2,GSTP1,Repression,11960994;12543808;19856314,0.5235078359452549,0.7140713571189329,1.0914708,3.418944,1.2196776372511535,4.632104889538929,1046
MBD2,MSH2,Unknown,15526354,0.5235078359452549,0.108036012003998,1.0914708,0.12304272,-0.03612864074172965,0.3278888290405098,1047
MCM5,STAT1,Unknown,11248027,0.1199566522174016,0.694648216071922,0.14313227,3.1569238,1.1198425438526791,4.494156836981012,1048
MDM2,DNMT3A,Activation,22733537,0.2341613871290481,0.1356285428476122,0.3111005,0.15822026,-0.022725273400476708,0.5238579509146779,1049
MDM4,TP53,Unknown,11528400;17499002;17875722;19910468,0.6352950983660345,0.2720906968989674,1.2747811,0.35978127,0.054073623245052146,1.493046629186667,1050
MECP2,ALOX5,Unknown,19781662,0.3033511170390064,0.2878459486495471,0.3853714,0.48648772,0.10235139064595906,1.6049444057250635,1051
MECP2,MGMT,Unknown,15657354,0.3033511170390064,0.321940646882283,0.3853714,0.4081281,0.07249476134268797,1.847093562361064,1052
MED1,VDR,Unknown,17229570,0.2204901633877998,0.0529343114371459,0.28709316,0.062020496,-0.059379365046277985,-0.06345736298008972,1053
MED15,NCF2,Unknown,20025940,0.2129043014338144,0.4195565188395783,0.25316635,2.1286297,0.7280413105332632,2.540386135516948,1054
MED23,TXNIP,Unknown,12543799,0.1823941313771262,0.9784928309434764,0.21623826,12.857609,4.816003423705442,6.510092969855294,1055
MEF2A,COX6A1,Unknown,18222924,0.3328609536512033,0.7544181393796766,0.5296709,1.8118787,0.6073526549675469,4.918657925753658,1056
MEF2A,JUN,Activation,12054430,0.3328609536512033,0.6497165721906392,0.5296709,2.2591062,0.777755544641191,4.175040955741881,1057
MEF2A,MAPK14,Activation,18073218,0.3328609536512033,0.2928476158719533,0.5296709,0.43238667,0.08173777620056313,1.6404675093880459,1058
MEF2A,MAPK7,Activation,18073218,0.3328609536512033,0.0525175058352786,0.5296709,0.056435317,-0.061507433291062924,-0.06641762161867243,1059
MEF2A,MEF2A,Unknown,18222924,0.3328609536512033,0.3328609536512033,0.5296709,0.5296709,0.11880507173063543,1.9246523386919097,1060
MEF2A,NRF1,Activation,18222924,0.3328609536512033,0.0663554518172724,0.5296709,0.07035689,-0.05620302721584934,0.03186296518226968,1061
MEF2C,JUN,Activation,10523670;12054430,0.4003001000333142,0.6497165721906392,1.1129693,2.2591062,0.777755544641191,4.175040955741881,1062
MEF2C,MAPK7,Activation,11158308,0.4003001000333142,0.0525175058352786,1.1129693,0.056435317,-0.061507433291062924,-0.06641762161867243,1063
MEF2C,MECP2,Unknown,20513142,0.4003001000333142,0.3033511170390064,1.1129693,0.3853714,0.06382398989094089,1.7150660270803102,1064
MEF2D,ATF3,Activation,17108111,0.148132710903632,0.0570190063354454,0.17380823,0.07219076,-0.05550428497105042,-0.03444682832197943,1065
MEF2D,ATM,Unknown,24672010,0.148132710903632,0.7052350783593485,0.17380823,1.665242,0.5514810517852577,4.5693474064009925,1066
MEF2D,CD14,Activation,12213324,0.148132710903632,0.3617872624207861,0.17380823,1.9396497,0.6560360378464869,2.130094288209495,1067
MEF2D,HDAC7,Unknown,15171250,0.148132710903632,0.2155718572857653,0.17380823,0.26516974,0.01802468146833971,1.0916355577948778,1068
MEF2D,JUN,Activation,12054430,0.148132710903632,0.6497165721906392,0.17380823,2.2591062,0.777755544641191,4.175040955741881,1069
MEN1,CASP8,Activation,17766243,0.0550183394464824,0.3737912637545611,0.05760237,0.546428,0.12518987200018555,2.215349737000654,1070
MEN1,CDKN1B,Activation,10523037,0.0550183394464824,0.3676225408469267,0.05760237,0.5059085,0.10975110786307139,2.171537909149641,1071
MEN1,GATA3,Unknown,20484083,0.0550183394464824,0.1107869289763219,0.05760237,0.14721672,-0.026917848795861676,0.34742653605515383,1072
MEN1,JUND,Repression,22327296,0.0550183394464824,0.8939646548848109,0.05760237,3.986715,1.4360100834287577,5.909752517950882,1073
MLLT10,BAX,Repression,15851483,0.1968989663221091,0.4886628876291579,0.23766167,0.8149618,0.22750678116843745,3.0311970177938288,1074
MLLT10,CDKN1A,Repression,15851483,0.1968989663221091,0.0708569523174387,0.23766167,0.104368836,-0.043243775197974905,0.06383375847895917,1075
MLLT10,MDM2,Repression,15851483,0.1968989663221091,0.2341613871290481,0.23766167,0.3111005,0.03552524712878462,1.2236630930756756,1076
MLLT3,BAX,Repression,15851483,0.1324608202734205,0.4886628876291579,0.1679733,0.8149618,0.22750678116843745,3.0311970177938288,1077
MLLT3,CDKN1A,Repression,15851483,0.1324608202734205,0.0708569523174387,0.1679733,0.104368836,-0.043243775197974905,0.06383375847895917,1078
MLLT3,MDM2,Repression,15851483,0.1324608202734205,0.2341613871290481,0.1679733,0.3111005,0.03552524712878462,1.2236630930756756,1079
MLX,ODC1,Unknown,19960435,0.2887629209736549,0.2331610536845665,0.3722844,0.33202344,0.0434973182479986,1.2165584723430762,1080
MTA1,ARNTL,Activation,24089055,0.1112037345781892,0.1009503167722547,0.12287618,0.1156234,-0.038955554487895665,0.2775644321846094,1081
MTA1,BCAS3,Activation,16617102,0.1112037345781892,0.0693564521507166,0.12287618,0.07652576,-0.05385256067696018,0.053176827380062706,1082
MTA1,BCL2L1,Activation,11948399,0.1112037345781892,0.0869456485495148,0.12287618,0.09694991,-0.04607053882202515,0.17809974192823996,1083
MTA1,HDAC1,Unknown,23791785,0.1112037345781892,0.4005501833944345,0.12287618,0.5516806,0.12719122079537318,2.4053983415976123,1084
MTA1,ITGB3BP,Unknown,15254226,0.1112037345781892,0.0927809269756564,0.12287618,0.112872176,-0.04000382750272476,0.21954336286839377,1085
MTA1,MNAT1,Unknown,12527756,0.1112037345781892,0.1208736245415095,0.12287618,0.14263217,-0.028664656780284153,0.4190647951088479,1086
MTA1,MTA3,Repression,18719363,0.1112037345781892,0.0557685895298435,0.12287618,0.060436636,-0.059982848331269406,-0.04332760423772754,1087
MTA1,MYC,Unknown,12431981,0.1112037345781892,0.2710070023341127,0.12287618,0.41546583,0.07529058761823003,1.4853499567263537,1088
MTA1,PTEN,Repression,22700976,0.1112037345781892,0.5405968656218095,0.12287618,1.0544661,0.3187628528752608,3.400045244161136,1089
MTA1,SMAD7,Repression,22841502,0.1112037345781892,0.0807769256418794,0.12287618,0.09353193,-0.04737285960696508,0.13428791407722035,1090
MTA1,SUMO2,Activation,21965678,0.1112037345781892,0.8833777925973844,0.12287618,3.0722606,1.0875841207257075,5.834561948530902,1091
MTF1,ACO1,Unknown,16886906,0.1813937979326446,0.0760253417805927,0.24558103,0.084695466,-0.05073973440803864,0.10054096559738111,1092
MTF1,GCLC,Activation,15378601,0.1813937979326446,0.1137045681893927,0.24558103,0.1394642,-0.02987171860541658,0.36814834652523065,1093
MTF1,PRNP,Activation,18990686,0.1813937979326446,0.2749249749916643,0.24558103,0.38987398,0.06553956561691203,1.513176387929024,1094
MTF1,SOD1,Activation,15378601,0.1813937979326446,0.6486328776257845,0.24558103,1.2927933,0.4095704252357004,4.167344283281568,1095
MXD1,ODC1,Unknown,19789310,0.1935645215071705,0.2331610536845665,0.28017548,0.33202344,0.0434973182479986,1.2165584723430762,1096
MXD1,PTEN,Repression,17998413,0.1935645215071705,0.5405968656218095,0.28017548,1.0544661,0.3187628528752608,3.400045244161136,1097
MXD4,ODC1,Unknown,19789310,0.2820940313437799,0.2331610536845665,0.3822879,0.33202344,0.0434973182479986,1.2165584723430762,1098
MXI1,MYC,Repression,8838813,0.1850616872290771,0.2710070023341127,0.23524445,0.41546583,0.07529058761823003,1.4853499567263537,1099
MYBL1,NCL,Unknown,10660576,0.1031177059019644,0.7981827275757313,0.16380519,2.3808444,0.8241403064540669,5.229485082804759,1100
MYC,ATF3,Unknown,21384303,0.2710070023341127,0.0570190063354454,0.41546583,0.07219076,-0.05550428497105042,-0.03444682832197943,1101
MYC,BCL2,Unknown,18809243,0.2710070023341127,0.3046848949649814,0.41546583,0.5778597,0.13716599714310515,1.7245388547237723,1102
MYC,BMI1,Activation,21856782,0.2710070023341127,0.1507169056352094,0.41546583,0.17780966,-0.01526130849006113,0.6310193136313789,1103
MYC,BRD7,Repression,19111069,0.2710070023341127,0.4188062687562173,0.41546583,0.6414717,0.16140347944891112,2.5350576699675003,1104
MYC,CBFB,Unknown,9064279,0.2710070023341127,0.1954818272757602,0.41546583,0.23290998,0.00573304840870399,0.9489510914151821,1105
MYC,CCND2,Activation,9339900,0.2710070023341127,0.2890130043347752,0.41546583,0.4857372,0.10206542706644334,1.6132331299130929,1106
MYC,CD33,Repression,19259613,0.2710070023341127,0.2690896965655237,0.41546583,0.4834038,0.10117635360212265,1.4717327669888773,1107
MYC,CD38,Activation,11519042,0.2710070023341127,0.1029509836612175,0.41546583,0.15805346,-0.022788827636290837,0.29177367364980467,1108
MYC,CDC34,Activation,21252116,0.2710070023341127,0.1282094031343738,0.41546583,0.14129856,-0.029172789660524456,0.4711653471479023,1109
MYC,CDK4,Activation,22395148,0.2710070023341127,0.155135045015003,0.41546583,0.1749755,-0.016341181829239635,0.6623980552003572,1110
MYC,CDK6,Activation,22395148,0.2710070023341127,0.1609703234411456,0.41546583,0.25333372,0.013514914045193673,0.703841676140518,1111
MYC,CDKN1A,Activation,16738884,0.2710070023341127,0.0708569523174387,0.41546583,0.104368836,-0.043243775197974905,0.06383375847895917,1112
MYC,CEBPA,Repression,19259613,0.2710070023341127,0.22482494164722,0.41546583,0.37603793,0.06026774556633594,1.1573532995714186,1113
MYC,CFLAR,Repression,20348907,0.2710070023341127,0.6237912637545001,0.41546583,1.5071025,0.4912266448636234,3.990912868422086,1114
MYC,CREBBP,Unknown,12776737,0.2710070023341127,0.3274424808269299,0.41546583,0.46547934,0.09434676512681726,1.8861689763903453,1115
MYC,CXCR4,Activation,10229837,0.2710070023341127,0.463904634878247,0.41546583,0.8587251,0.2441814999226612,2.855357654662064,1116
MYC,DDX18,Unknown,8861962,0.2710070023341127,0.6114538179392314,0.41546583,1.1500773,0.35519268951358185,3.9032892127200616,1117
MYC,EBNA1BP2,Activation,22169551,0.2710070023341127,0.1776425475158387,0.41546583,0.21432091,-0.0013497701665080516,0.8222520216838344,1118
MYC,EP300,Unknown,12776737,0.2710070023341127,0.4134711570523173,0.41546583,0.68257177,0.1770634527148419,2.4971663593936517,1119
MYC,FMR1,Unknown,9328468,0.2710070023341127,0.2337445815271807,0.41546583,0.2974297,0.030316390732095123,1.220702834437092,1120
MYC,HDAC2,Activation,20697349,0.2710070023341127,0.2718406135378471,0.41546583,0.3647826,0.05597923299447831,1.4912704740035179,1121
MYC,HLA-A,Activation,8206526,0.2710070023341127,0.985078359452978,0.41546583,15.145466,5.687724066912924,6.556865056344888,1122
MYC,HLA-B,Activation,8206526,0.2710070023341127,0.9854118039344718,0.41546583,18.685316,7.036479832180599,6.559233263255755,1123
MYC,HLA-C,Activation,8206526,0.2710070023341127,0.9814938312769202,0.41546583,12.588266,4.7133781926689595,6.531406832053085,1124
MYC,HLA-E,Activation,8206526,0.2710070023341127,0.9786595531842234,0.41546583,7.3577914,2.720459630629288,6.511277073310727,1125
MYC,HLA-F,Activation,8206526,0.2710070023341127,0.7079026342112985,0.41546583,1.5131941,0.4935476699408737,4.588293061687916,1126
MYC,HNRNPA1,Activation,20010808,0.2710070023341127,0.9120540180058468,0.41546583,4.201938,1.518014479679504,6.038227742865337,1127
MYC,HNRNPA2B1,Activation,20010808,0.2710070023341127,0.9411470490161764,0.41546583,5.25516,1.9193137563739264,6.244853795838354,1128
MYC,HSPA4,Unknown,1562593,0.2710070023341127,0.294681560520169,0.41546583,0.40112644,0.06982698465965222,1.6534926473978069,1129
MYC,ID2,Unknown,12545167,0.2710070023341127,0.3882960986995392,0.41546583,0.95067024,0.2792144921859897,2.3183667376233044,1130
MYC,IER3,Unknown,12360408,0.2710070023341127,0.1044514838279396,0.41546583,0.13821371,-0.030348181053517376,0.3024306047487012,1131
MYC,IPO7,Activation,22284678,0.2710070023341127,0.2575858619539893,0.41546583,0.3541128,0.05191381941360538,1.3900296285640166,1132
MYC,JUNB,Repression,18838534,0.2710070023341127,0.736578859619761,0.41546583,3.2439663,1.1530075292894382,4.791958856022352,1133
MYC,KRAS,Activation,21252116,0.2710070023341127,0.3830443481160127,0.41546583,0.568188,0.1334808802215013,2.2810674787771723,1134
MYC,LDHA,Activation,9723176,0.2710070023341127,0.5974491497164939,0.41546583,1.1864247,0.3690417976120861,3.8038245224637093,1135
MYC,MAPK1,Unknown,21933022,0.2710070023341127,0.399883294431447,0.41546583,0.63855296,0.16029137938751942,2.4006619277758814,1136
MYC,MTDH,Unknown,17088530,0.2710070023341127,0.7074024674890579,0.41546583,2.0434504,0.6955862426754543,4.584740751321618,1137
MYC,NDRG1,Repression,11936845,0.2710070023341127,0.1678059353117698,0.41546583,0.20490131,-0.004938831795253729,0.7523899178132779,1138
MYC,NFE2,Repression,18838534,0.2710070023341127,0.1493831277092339,0.41546583,0.22007373,0.0008421727524142673,0.6215464859879132,1139
MYC,NOL7,Activation,20206243,0.2710070023341127,0.5149216405467908,0.41546583,0.8128799,0.22671353438461592,3.2176933120244904,1140
MYC,ODC1,Activation,21874531;8262968,0.2710070023341127,0.2331610536845665,0.41546583,0.33202344,0.0434973182479986,1.2165584723430762,1141
MYC,PCNA,Unknown,18809243,0.2710070023341127,0.1495498499499809,0.41546583,0.18606216,-0.012116936001715161,0.6227305894433469,1142
MYC,PGK1,Unknown,18809243,0.2710070023341127,0.7017339113036641,0.41546583,1.9520819,0.6607729621299907,4.544481233836904,1143
MYC,PMAIP1,Activation,22216287,0.2710070023341127,0.1668056018672882,0.41546583,0.23291056,0.005733269400651065,0.7452852970806789,1144
MYC,PRDX3,Activation,12011429,0.2710070023341127,0.3529509836612017,0.41546583,0.5345061,0.1206473825280484,2.067336805071558,1145
MYC,PTBP1,Activation,20010808,0.2710070023341127,0.3657052350783377,0.41546583,0.5207491,0.11540568215577629,2.157920719412165,1146
MYC,SART3,Unknown,21447833,0.2710070023341127,0.1666388796265412,0.41546583,0.19439802,-0.008940801636286062,0.7441011936252452,1147
MYC,SRSF1,Activation,22545246,0.2710070023341127,0.4175558519506158,0.41546583,0.6007876,0.14590199932129932,2.526176894051755,1148
MYC,ST3GAL1,Activation,22547830,0.2710070023341127,0.2201567189063059,0.41546583,0.27508947,0.021804302928966214,1.1241984028192897,1149
MYC,ST3GAL3,Activation,22547830,0.2710070023341127,0.0535178392797601,0.41546583,0.05693548,-0.06131686088550236,-0.05931300088607406,1150
MYC,SURF1,Activation,10858544,0.2710070023341127,0.2769256418806268,0.41546583,0.3411918,0.046990652261600735,1.5273856293942172,1151
MYC,SURF2,Activation,10858544,0.2710070023341127,0.1496332110703543,0.41546583,0.1664727,-0.01958092377336664,0.623322641171063,1152
MYC,TFAM,Unknown,15988031,0.2710070023341127,0.3107702567522424,0.41546583,0.42379984,0.07846601709555208,1.7677586308470687,1153
MYC,TFAP4,Activation,19270520,0.2710070023341127,0.0689396465488493,0.41546583,0.07360811,-0.0549642454258996,0.050216568741480005,1154
MYC,TFRC,Activation,16466700,0.2710070023341127,0.1139546515505131,0.41546583,0.14054807,-0.029458741809422213,0.36992450170838037,1155
MYC,TNFRSF10B,Activation,15144957,0.2710070023341127,0.111537179059683,0.41546583,0.12904467,-0.03384177416112643,0.3527550016046023,1156
MYC,TOP1MT,Unknown,21531700,0.2710070023341127,0.0603534511503837,0.41546583,0.06468813,-0.058362941543269646,-0.010764759213318405,1157
MYC,TP53,Activation,8494784,0.2710070023341127,0.2720906968989674,0.41546583,0.35978127,0.054073623245052146,1.493046629186667,1158
MYC,WRN,Activation,12842909,0.2710070023341127,0.0816938979659874,0.41546583,0.09203144,-0.04794457720466737,0.14080048308210194,1159
MYC,XPO1,Activation,22284678,0.2710070023341127,0.412637545848583,0.41546583,0.65272564,0.16569146240213697,2.4912458421164883,1160
MZF1,BLMH,Activation,21190945,0.0819439813271078,0.1077025675225042,0.09003075,0.12395975,-0.035779233422373345,0.325520622129644,1161
NCOA1,CDKN1A,Activation,15286705,0.270673557852619,0.0708569523174387,0.38412225,0.104368836,-0.043243775197974905,0.06383375847895917,1162
NCOA3,BCL2,Activation,22213475,0.4111370456818611,0.3046848949649814,0.66789925,0.5778597,0.13716599714310515,1.7245388547237723,1163
NCOA6,HSF1,Activation,14960326,0.1273757919306391,0.1580526842280743,0.14880075,0.17564212,-0.016087185877930187,0.6831198656704377,1165
NCOR2,PCK2,Unknown,17456789,0.1985661887295784,0.0909469823274405,0.25400025,0.10086803,-0.04457765439499842,0.20651822485863136,1166
NELFCD,CDKN1A,Activation,20735431,0.2236578859619915,0.0708569523174387,0.27333885,0.104368836,-0.043243775197974905,0.06383375847895917,1167
NELFCD,CTNNB1,Repression,20735431,0.2236578859619915,0.4339779926641829,0.27333885,0.7061655,0.18605314983807278,2.642811084411882,1168
NF1,DDB1,Unknown,12527763,0.1583027675891947,0.2460820273424536,0.19589853,0.31168345,0.03574736308662541,1.3083264901391463,1169
NF1,DDB2,Unknown,12527763,0.1583027675891947,0.1269589863287718,0.19589853,0.14713345,-0.026949576381090946,0.4622845712321536,1170
NF1,MBP,Unknown,9765312,0.1583027675891947,0.5497665888628877,0.19589853,1.0408795,0.3135860784129571,3.4651709342099384,1172
NF1,MSH2,Unknown,19639020,0.1583027675891947,0.108036012003998,0.19589853,0.12304272,-0.03612864074172965,0.3278888290405098,1173
NF1,MYC,Activation,9562250,0.1583027675891947,0.2710070023341127,0.19589853,0.41546583,0.07529058761823003,1.4853499567263537,1174
NF1,PPP2R2D,Unknown,22539979,0.1583027675891947,0.1901467155718584,0.19589853,0.22340712,0.0021122630049350243,0.9110597808413208,1175
NF1,SP3,Unknown,18342022,0.1583027675891947,0.3888796265421533,0.19589853,0.587864,0.14097784151573886,2.3225110997173193,1176
NF1,TP53,Activation,10634504;8816507,0.1583027675891947,0.2720906968989674,0.19589853,0.35978127,0.054073623245052146,1.493046629186667,1177
NFATC1,CD3G,Activation,15879122;16219537,0.1137879293097662,0.4346448816271704,0.12721083,1.66923,0.5530005619317011,2.647547498233613,1179
NFATC1,ICAM1,Activation,19351910,0.1137879293097662,0.1101200400133343,0.12721083,0.13971451,-0.02977634533942957,0.34269012223342193,1180
NFATC1,SP1,Repression,21603612,0.1137879293097662,0.2797599199733236,0.12721083,0.40529555,0.0714155014466729,1.547515388136574,1181
NFATC2,CD3G,Repression,15879122;16219537,0.0967822607535821,0.4346448816271704,0.117874056,1.66923,0.5530005619317011,2.647547498233613,1182
NFATC2,MDM2,Activation,22787160,0.0967822607535821,0.2341613871290481,0.117874056,0.3111005,0.03552524712878462,1.2236630930756756,1183
NFATC3,CTSD,Activation,16219765,0.1979826608869642,0.5465155051683236,0.23374338,1.9909959,0.6755999976963639,3.442080916828999,1184
NFE2,GCLC,Unknown,16054171,0.1493831277092339,0.1137045681893927,0.22007373,0.1394642,-0.02987171860541658,0.36814834652523065,1185
NFE2,GSS,Unknown,15890065,0.1493831277092339,0.0971990663554493,0.22007373,0.10612001,-0.042576541832581784,0.25092210443736707,1186
NFE2L1,CDK11B,Unknown,12115485,0.122624208069352,0.1498832944314747,0.14138179,0.16905686,-0.018596305583789653,0.6250987963542126,1187
NFE2L2,CAT,Activation,22493435,0.4034678226075048,0.3440313437812439,0.6569775,0.5742741,0.1357998096854604,2.003987270205905,1188
NFE2L2,GCLC,Repression,22459801,0.4034678226075048,0.1137045681893927,0.6569775,0.1394642,-0.02987171860541658,0.36814834652523065,1189
NFE2L2,GSS,Unknown,15890065;22213475,0.4034678226075048,0.0971990663554493,0.6569775,0.10612001,-0.042576541832581784,0.25092210443736707,1190
NFE2L2,HMOX1,Activation,16551619;21982894;22484158,0.4034678226075048,0.1859786595531852,0.6569775,0.37395507,0.0594741330027399,0.8814571944554923,1191
NFE2L2,MTHFR,Activation,16551619,0.4034678226075048,0.209069689896635,0.6569775,0.2835926,0.02504417060989068,1.0454555230329843,1192
NFE2L2,SDHB,Unknown,9492280,0.4034678226075048,0.3554518172724049,0.6569775,0.5017401,0.1081628616006756,2.0850983569030497,1193
NFE2L2,SOD1,Activation,22493435,0.4034678226075048,0.6486328776257845,0.6569775,1.2927933,0.4095704252357004,4.167344283281568,1194
NFE2L2,SOD2,Activation,22493435,0.4034678226075048,0.5062520840279533,0.6569775,2.0023332,0.6799197425266729,3.1561199323419866,1195
NFIA,CDKN1A,Repression,17130157,0.1320440146715532,0.0708569523174387,0.21540536,0.104368836,-0.043243775197974905,0.06383375847895917,1196
NFIA,PCK2,Unknown,10085123,0.1320440146715532,0.0909469823274405,0.21540536,0.10086803,-0.04457765439499842,0.20651822485863136,1197
NFIC,ALAS1,Unknown,15123725,0.273341113704569,0.108036012003998,0.39004073,0.12404311,-0.03574747154529022,0.3278888290405098,1198
NFIC,GTF3C1,Unknown,11118217,0.273341113704569,0.1249583194398086,0.39004073,0.14179857,-0.028982275551115436,0.44807532976695547,1199
NFIC,GTF3C2,Unknown,11118217,0.273341113704569,0.0976992330776901,0.39004073,0.10687026,-0.04229068112862764,0.2544744148036666,1200
NFIC,HGF,Unknown,10860846,0.273341113704569,0.0680226742247414,0.39004073,0.081861004,-0.05181972281543786,0.04370399973659911,1201
NFIC,HMGB1,Activation,11245470,0.273341113704569,0.9474824941645578,0.39004073,5.2168913,1.9047325933997046,6.289849727144801,1202
NFIC,IRS2,Activation,19755487,0.273341113704569,0.1848949649883301,0.39004073,0.292846,0.02856990661518128,0.8737605219951764,1203
NFIC,ITGA5,Repression,18775869,0.273341113704569,0.128959653217735,0.39004073,0.14713347,-0.026949568760678982,0.4764938126973517,1204
NFIC,JUN,Unknown,10403485,0.273341113704569,0.6497165721906392,0.39004073,2.2591062,0.777755544641191,4.175040955741881,1205
NFIC,POLD2,Unknown,10978529,0.273341113704569,0.147965988662885,0.39004073,0.17105746,-0.0178340357746185,0.6114816066167313,1206
NFIC,SMUG1,Activation,14642566,0.273341113704569,0.0789429809936635,0.39004073,0.08577921,-0.050326805620639674,0.12126277606745796,1207
NFIL3,APP,Unknown,22947103,0.0870290096698883,0.2350783594531562,0.10261848,0.37170264,0.05861591077627214,1.2301756620805577,1208
NFIL3,IL1B,Repression,8547328,0.0870290096698883,0.0821940646882281,0.10261848,0.16480523,-0.02021626419059079,0.14435279344840074,1209
NFIL3,TNFSF10,Repression,23630076,0.0870290096698883,0.565271757252347,0.10261848,4.0093765,1.4446445817195366,3.5752925555651855,1210
NFIX,CDKN1A,Repression,17130157,0.0601867289096368,0.0708569523174387,0.068439476,0.104368836,-0.043243775197974905,0.06383375847895917,1211
NFKB1,ADORA2A,Unknown,17082635,0.359286428809583,0.0622707569189732,0.5491799,0.06627203,-0.05775944301745431,0.002852430524161503,1212
NFKB1,AGER,Activation,18622638;19616578,0.359286428809583,0.0520173391130379,0.5491799,0.055518348,-0.061856817368162724,-0.06996993198497127,1213
NFKB1,AKT1,Repression,18031796,0.359286428809583,0.2261587195731954,0.5491799,0.2718382,0.020565502087986548,1.1668261272148834,1214
NFKB1,AKT2,Repression,20514445,0.359286428809583,0.2240746915638588,0.5491799,0.26533607,0.018088056624472586,1.1520248340219694,1215
NFKB1,ALOX5,Repression,15517885,0.359286428809583,0.2878459486495471,0.5491799,0.48648772,0.10235139064595906,1.6049444057250635,1216
NFKB1,ALOX5AP,Unknown,20194722,0.359286428809583,0.3866288762920705,0.5491799,0.82987815,0.23319021777147164,2.306525703068977,1217
NFKB1,ATF3,Unknown,24100018,0.359286428809583,0.0570190063354454,0.5491799,0.07219076,-0.05550428497105042,-0.03444682832197943,1218
NFKB1,BAX,Repression,18158998,0.359286428809583,0.4886628876291579,0.5491799,0.8149618,0.22750678116843745,3.0311970177938288,1220
NFKB1,BCL2,Activation,14978135;18158998;19259124;20446017;21503108,0.359286428809583,0.3046848949649814,0.5491799,0.5778597,0.13716599714310515,1.7245388547237723,1221
NFKB1,BCL2A1,Activation,11880364;12665576;19343319,0.359286428809583,0.2902634211403768,0.5491799,0.57719344,0.13691213835921112,1.6221139058288385,1222
NFKB1,BCL2L1,Activation,12226754;14978135;15756023;15856023;15986355;16904634;18223231;20066113,0.359286428809583,0.0869456485495148,0.5491799,0.09694991,-0.04607053882202515,0.17809974192823996,1223
NFKB1,BCL2L11,Repression,18223231,0.359286428809583,0.1362954318105999,0.5491799,0.17722628,-0.015483588286759253,0.5285943647364103,1224
NFKB1,BCL3,Activation,11387332,0.359286428809583,0.1065355118372759,0.5491799,0.12462664,-0.035525134595502335,0.3172318979416134,1225
NFKB1,BIRC2,Activation,12010810;15756023,0.359286428809583,0.2865955318439455,0.5491799,0.37962016,0.06163264898456405,1.5960636298093174,1226
NFKB1,BIRC3,Activation,10733571;11297551;11880364;12010810;19343319,0.359286428809583,0.3123541180393377,0.5491799,0.61103934,0.14980812343080266,1.7790076136736799,1227
NFKB1,BST1,Unknown,9030974,0.359286428809583,0.2497499166388861,0.5491799,0.49657643,0.1061953969673042,1.3343767661586758,1228
NFKB1,BTG2,Unknown,17363596,0.359286428809583,0.4076358786261767,0.5491799,0.65247595,0.16559632536892097,2.455722738453505,1229
NFKB1,CARD8,Unknown,17878386,0.359286428809583,0.332610870290083,0.5491799,0.45197457,0.08920116958008112,1.9228761835087609,1230
NFKB1,CARM1,Unknown,20462455,0.359286428809583,0.0885295098366104,0.5491799,0.09870057,-0.045403501301219604,0.18934872475485331,1231
NFKB1,CASP3,Unknown,20056115,0.359286428809583,0.1763921307102367,0.5491799,0.22499137,0.0027158948879598206,0.8133712457680856,1232
NFKB1,CCL4,Unknown,11342414,0.359286428809583,0.0936978992997644,0.5491799,0.33252704,0.04368920022135589,0.22605593187327525,1233
NFKB1,CCL5,Activation,11478739;9120310,0.359286428809583,0.1663054351450474,0.5491799,2.0445166,0.6959924868374749,0.7417329867143793,1234
NFKB1,CCND2,Activation,21790895,0.359286428809583,0.2890130043347752,0.5491799,0.4857372,0.10206542706644334,1.6132331299130929,1235
NFKB1,CCR2,Activation,19156404,0.359286428809583,0.2326608869623257,0.5491799,0.4558134,0.09066384288386022,1.213006161976777,1236
NFKB1,CCR7,Activation,11830455;19164127,0.359286428809583,0.3082694231410393,0.5491799,0.7528411,0.20383751488103447,1.7499970790155772,1237
NFKB1,CD28,Unknown,16365455,0.359286428809583,0.1066188729576494,0.5491799,0.13896412,-0.030062259386267484,0.31782394966933014,1238
NFKB1,CD38,Unknown,17322278;18341691;18441094,0.359286428809583,0.1029509836612175,0.5491799,0.15805346,-0.022788827636290837,0.29177367364980467,1239
NFKB1,CD3G,Activation,16219537,0.359286428809583,0.4346448816271704,0.5491799,1.66923,0.5530005619317011,2.647547498233613,1240
NFKB1,CD40,Activation,19164127;9733827,0.359286428809583,0.1583027675891947,0.5491799,0.22449163,0.002525483654112379,0.6848960208535875,1241
NFKB1,CD40LG,Activation,11751888,0.359286428809583,0.1113704568189361,0.5491799,0.16147134,-0.021486544953410756,0.3515708981491695,1242
NFKB1,CD58,Activation,9733827,0.359286428809583,0.1538846282094011,0.5491799,0.186479,-0.011958111375475582,0.6535172792846091,1243
NFKB1,CD69,Unknown,10480634,0.359286428809583,0.19114704901634,0.5491799,0.2845101,0.025393757008928243,0.9181644015739199,1244
NFKB1,CD83,Activation,19164127,0.359286428809583,0.0669389796598865,0.5491799,0.0847786,-0.05070805864161076,0.036007327276284654,1246
NFKB1,CD86,Activation,15895390;15949284;18929846;19164127,0.359286428809583,0.2536678892964377,0.5491799,0.43555605,0.08294537526473932,1.362203197361346,1247
NFKB1,CDK4,Activation,18425349,0.359286428809583,0.155135045015003,0.5491799,0.1749755,-0.016341181829239635,0.6623980552003572,1248
NFKB1,CDKN1A,Repression,18954936,0.359286428809583,0.0708569523174387,0.5491799,0.104368836,-0.043243775197974905,0.06383375847895917,1249
NFKB1,CFLAR,Activation,15750764;15986355;19343319,0.359286428809583,0.6237912637545001,0.5491799,1.5071025,0.4912266448636234,3.990912868422086,1250
NFKB1,CREB3,Unknown,17296613,0.359286428809583,0.1062854284761555,0.5491799,0.1151234,-0.03914606478709869,0.3154557427584636,1251
NFKB1,CSNK2A1,Unknown,19027835,0.359286428809583,0.4106368789596205,0.5491799,0.63846993,0.16025974324723377,2.477036600651295,1252
NFKB1,CTCF,Repression,21912613,0.359286428809583,0.3512004001333595,0.5491799,0.4967382,0.10625703466950837,2.054903718789514,1253
NFKB1,CTSB,Activation,15102937;18598236,0.359286428809583,0.4847449149716064,0.5491799,1.55436,0.5092327257927974,3.0033705865911595,1254
NFKB1,CXCL10,Activation,16982926;20164184;24701034,0.359286428809583,0.0726908969656547,0.5491799,0.62320834,0.15444476309280594,0.07685889648872225,1255
NFKB1,CXCR4,Activation,12690099;20068066,0.359286428809583,0.463904634878247,0.5491799,0.8587251,0.2441814999226612,2.855357654662064,1256
NFKB1,ERAP1,Unknown,20103633,0.359286428809583,0.1909803267755931,0.5491799,0.2366615,0.007162454804036277,0.9169802981184869,1257
NFKB1,ERAP2,Unknown,20103633,0.359286428809583,0.5390130043347142,0.5491799,1.0327953,0.3105058316913229,3.388796261334525,1258
NFKB1,FAF1,Activation,17046979,0.359286428809583,0.1397965988662854,0.5491799,0.15938732,-0.02228059950090094,0.5534605373005065,1259
NFKB1,FAS,Activation,19628709;9733827,0.359286428809583,0.1246248749583148,0.5491799,0.15146811,-0.02529798163400416,0.44570712285608954,1260
NFKB1,FBP1,Unknown,11023824,0.359286428809583,0.180393464488163,0.5491799,0.27567402,0.02202702851976448,0.8417897286984812,1261
NFKB1,FOXO3,Unknown,19299143,0.359286428809583,0.2166555518506204,0.5491799,0.2870103,0.026346384709063066,1.0993322302551938,1262
NFKB1,GATA3,Activation,20660789,0.359286428809583,0.1107869289763219,0.5491799,0.14721672,-0.026917848795861676,0.34742653605515383,1263
NFKB1,GCLC,Unknown,11233143,0.359286428809583,0.1137045681893927,0.5491799,0.1394642,-0.02987171860541658,0.36814834652523065,1264
NFKB1,GSK3A,Unknown,11579131,0.359286428809583,0.2164888296098734,0.5491799,0.2641698,0.01764368373116957,1.09814812679976,1265
NFKB1,GSK3B,Unknown,11579131,0.359286428809583,0.2059019673224434,0.5491799,0.25391662,0.013737010952004561,1.022957557379755,1266
NFKB1,GSTP1,Activation,15013838,0.359286428809583,0.7140713571189329,0.5491799,3.418944,1.2196776372511535,4.632104889538929,1267
NFKB1,HAX1,Unknown,19679660,0.359286428809583,0.380626875625183,0.5491799,0.50148904,0.1080672025692398,2.2638979786733975,1268
NFKB1,HDAC1,Unknown,23027620,0.359286428809583,0.4005501833944345,0.5491799,0.5516806,0.12719122079537318,2.4053983415976123,1269
NFKB1,HDAC7,Unknown,21243522,0.359286428809583,0.2155718572857653,0.5491799,0.26516974,0.01802468146833971,1.0916355577948778,1270
NFKB1,HIF1A,Unknown,18498249,0.359286428809583,0.3469489829943142,0.5491799,0.5292545,0.11864641475345915,2.0247090806759784,1271
NFKB1,HLA-F,Unknown,11137213;9725221,0.359286428809583,0.7079026342112985,0.5491799,1.5131941,0.4935476699408737,4.588293061687916,1272
NFKB1,HMOX1,Unknown,8016102,0.359286428809583,0.1859786595531852,0.5491799,0.37395507,0.0594741330027399,0.8814571944554923,1273
NFKB1,HPSE,Activation,14558943;17715045,0.359286428809583,0.1411303767922609,0.5491799,0.19198129,-0.00986162554707193,0.5629333649439722,1274
NFKB1,ICAM1,Activation,10092659;10946302;11463837;11877286;16317091;16385502;17121934;19074768;20173029;22001597;22708120;9733827;9916895,0.359286428809583,0.1101200400133343,0.5491799,0.13971451,-0.02977634533942957,0.34269012223342193,1275
NFKB1,IER3,Unknown,12360408,0.359286428809583,0.1044514838279396,0.5491799,0.13821371,-0.030348181053517376,0.3024306047487012,1276
NFKB1,IGF2BP2,Unknown,17426251,0.359286428809583,0.0727742580860281,0.5491799,0.09169778,-0.04807170853753154,0.07745094821643835,1277
NFKB1,IL18,Activation,15963597;17399992,0.359286428809583,0.1092030676892263,0.5491799,0.15063424,-0.02561570328039701,0.3361775532285405,1278
NFKB1,IL1B,Activation,12686724;14960579;8413223;8679226;9878621,0.359286428809583,0.0821940646882281,0.5491799,0.16480523,-0.02021626419059079,0.14435279344840074,1279
NFKB1,IL1RN,Activation,20032313,0.359286428809583,0.1441313771257056,0.5491799,0.22115709,0.0012549552279034531,0.5842472271417687,1280
NFKB1,IRF1,Activation,18694960,0.359286428809583,0.7586695565187219,0.5491799,3.5529811,1.2707485333017656,4.948852563867193,1281
NFKB1,IRF4,Activation,17018379,0.359286428809583,0.0581027009003003,0.5491799,0.087279335,-0.04975522709545578,-0.026750155861664928,1282
NFKB1,IRF7,Activation,15265881;16982926,0.359286428809583,0.3548682894297908,0.5491799,0.74826354,0.20209337023059482,2.080953994809035,1283
NFKB1,ITGAX,Unknown,7678251,0.359286428809583,0.2610036678893002,0.5491799,0.49007362,0.10371769240978332,1.4143037494003878,1284
NFKB1,JUNB,Activation,17018379,0.359286428809583,0.736578859619761,0.5491799,3.2439663,1.1530075292894382,4.791958856022352,1285
NFKB1,KDM2A,Unknown,20080798,0.359286428809583,0.3707902634211173,0.5491799,0.5294196,0.118709321254256,2.194035874802864,1286
NFKB1,MAT2A,Activation,14530285,0.359286428809583,0.3071023674558111,0.5491799,0.4431396,0.08583486402378157,1.7417083548275474,1287
NFKB1,MCL1,Activation,18223231,0.359286428809583,0.6913137712569845,0.5491799,2.6946912,0.9437224019978924,4.470474767872356,1288
NFKB1,MGMT,Unknown,22675172,0.359286428809583,0.321940646882283,0.5491799,0.4081281,0.07249476134268797,1.847093562361064,1289
NFKB1,MICA,Unknown,15494508,0.359286428809583,0.0721907302434139,0.5491799,0.07644248,-0.053884292072395444,0.07330658612242268,1290
NFKB1,MIF,Unknown,18710704,0.359286428809583,0.8616205401799172,0.5491799,2.9532127,1.0422244186287233,5.680036447596926,1291
NFKB1,MYC,Activation,17018379,0.359286428809583,0.2710070023341127,0.5491799,0.41546583,0.07529058761823003,1.4853499567263537,1292
NFKB1,NAMPT,Activation,16701870,0.359286428809583,0.3872124041346845,0.5491799,1.0759567,0.32695121414736605,2.310670065162991,1293
NFKB1,NCOR1,Unknown,17876798,0.359286428809583,0.5516838946314767,0.5491799,0.9903674,0.29433992784421065,3.478788123947415,1294
NFKB1,NCOR2,Unknown,17876798,0.359286428809583,0.1985661887295784,0.5491799,0.25400025,0.01376887570464926,0.9708570053406955,1295
NFKB1,NFKB1,Unknown,19469019,0.359286428809583,0.359286428809583,0.5491799,0.5491799,0.1262384025849392,2.1123327363780033,1296
NFKB1,NFKBIA,Activation,12885753,0.359286428809583,0.4073857952650564,0.5491799,0.7596052,0.20641477631071284,2.453946583270356,1297
NFKB1,NFKBIZ,Unknown,20220144,0.359286428809583,0.4062187395798283,0.5491799,0.879816,0.25221756726158345,2.445657859082327,1298
NFKB1,NOD2,Activation,12671897,0.359286428809583,0.1314604868289389,0.5491799,0.16405533,-0.02050199153733549,0.4942553645288487,1299
NFKB1,NOLC1,Activation,21266110,0.359286428809583,0.1779759919973325,0.5491799,0.21357064,-0.0016356384908741617,0.8246202285947003,1300
NFKB1,NRF1,Unknown,20587593,0.359286428809583,0.0663554518172724,0.5491799,0.07035689,-0.05620302721584934,0.03186296518226968,1301
NFKB1,OPTN,Activation,19340308,0.359286428809583,0.2230743581193772,0.5491799,0.33294085,0.0438468703551823,1.14492021328937,1302
NFKB1,PCYT2,Unknown,18583706,0.359286428809583,0.0727742580860281,0.5491799,0.07635913,-0.05391605013927258,0.07745094821643835,1303
NFKB1,PDE7A,Unknown,12737631,0.359286428809583,0.3030176725575127,0.5491799,0.42621768,0.07938726393920217,1.7126978201694452,1304
NFKB1,PLAUR,Activation,19020743,0.359286428809583,0.2094031343781289,0.5491799,0.33994368,0.04651509283231819,1.047823729943851,1305
NFKB1,POU2F2,Unknown,9360945,0.359286428809583,0.5630210070022642,0.5491799,2.26736,0.7809004124563148,3.5593071589168432,1306
NFKB1,PPIG,Unknown,19928584,0.359286428809583,0.5861120373457064,0.5491799,1.1595813,0.35881390928083295,3.7233054874942813,1307
NFKB1,PSMB10,Unknown,18694960,0.359286428809583,0.7141547182393063,0.5491799,1.9314877,0.6529261477222967,4.632696941266645,1308
NFKB1,PSMB9,Unknown,18694960,0.359286428809583,0.8183561187061031,0.5491799,3.066415,1.0853568267156652,5.372761600912123,1309
NFKB1,PTAFR,Activation,11502209,0.359286428809583,0.217489163054355,0.5491799,0.36711854,0.05686927425111894,1.105252747532359,1310
NFKB1,PTEN,Activation,17334236;19940030,0.359286428809583,0.5405968656218095,0.5491799,1.0544661,0.3187628528752608,3.400045244161136,1311
NFKB1,PTGER4,Unknown,23300802,0.359286428809583,0.2286595531843994,0.5491799,0.333941,0.044227948106678114,1.1845876790463812,1312
NFKB1,PTPN6,Unknown,18948549,0.359286428809583,0.6570523507835017,0.5491799,1.7719355,0.5921334730012942,4.227141507780923,1313
NFKB1,RIPK2,Activation,19693652,0.359286428809583,0.1729743247749246,0.5491799,0.21190375,-0.0022707579161512326,0.7890971249317057,1314
NFKB1,RRM2B,Unknown,11978967,0.359286428809583,0.0919473157719219,0.5491799,0.105786435,-0.04270364077869508,0.21362284559122904,1315
NFKB1,SERPINB1,Activation,10861849,0.359286428809583,0.6224574858285251,0.5491799,1.9644042,0.6654680122497296,3.981440040778624,1317
NFKB1,SOCS3,Unknown,23335796,0.359286428809583,0.1829776592197404,0.5491799,0.27242282,0.020788254350226708,0.860143332257695,1318
NFKB1,SOD2,Activation,11880364;14515147;19507253,0.359286428809583,0.5062520840279533,0.5491799,2.0023332,0.6799197425266729,3.1561199323419866,1319
NFKB1,SQSTM1,Unknown,9762895,0.359286428809583,0.5204234744914377,0.5491799,0.94684774,0.2777580409485826,3.2567687260537714,1320
NFKB1,STAT4,Unknown,17046972,0.359286428809583,0.1502167389129686,0.5491799,0.18864664,-0.01113219588554668,0.6274670032650794,1321
NFKB1,STK39,Activation,18787102,0.359286428809583,0.0848616205401786,0.5491799,0.0968665,-0.0461023197501382,0.16329844873532853,1322
NFKB1,TAP1,Unknown,18694960,0.359286428809583,0.5478492830942986,0.5491799,1.1207321,0.3440115638492364,3.4515537444724615,1323
NFKB1,TAP2,Unknown,18694960,0.359286428809583,0.2834278092697549,0.5491799,0.38220412,0.06261719097002136,1.5735656641560951,1324
NFKB1,TAPBP,Unknown,18694960,0.359286428809583,0.7278259419805501,0.5491799,1.745354,0.5820053739647636,4.729793424612132,1325
NFKB1,TBP,Unknown,9023117,0.359286428809583,0.0886128709569839,0.5491799,0.09594962,-0.046451669916404745,0.18994077648257018,1326
NFKB1,TBX21,Activation,17407192,0.359286428809583,0.060770256752251,0.5491799,0.091947705,-0.04797648196447491,-0.007804500574735702,1327
NFKB1,TGFB1,Unknown,16365456,0.359286428809583,0.6528009336444563,0.5491799,1.5803765,0.5191455481912287,4.1969468696673875,1328
NFKB1,TIMP1,Repression,14600595,0.359286428809583,0.4483994664887876,0.5491799,1.1428996,0.3524578379644027,2.745236033306816,1329
NFKB1,TLR2,Activation,12686724;19779021,0.359286428809583,0.3110203401133627,0.5491799,0.6628083,0.16953316354886178,1.7695347860302177,1330
NFKB1,TLR7,Activation,16423052;20658750,0.359286428809583,0.1535511837279072,0.5491799,0.21757247,-0.00011085882955486417,0.6511490723737424,1331
NFKB1,TNFAIP3,Activation,11880364;19343319,0.359286428809583,0.1912304101367135,0.5491799,0.2820927,0.02447267781434144,0.9187564533016367,1332
NFKB1,TNFRSF10A,Unknown,21243522,0.359286428809583,0.1033677892630847,0.5491799,0.11487321,-0.0392413923306139,0.2947339322883867,1333
NFKB1,TNFRSF10B,Activation,18599488,0.359286428809583,0.111537179059683,0.5491799,0.12904467,-0.03384177416112643,0.3527550016046023,1334
NFKB1,TNFRSF13C,Activation,20025535,0.359286428809583,0.0936145381793909,0.5491799,0.21415524,-0.0014128938490459853,0.22546388014555846,1335
NFKB1,TNFSF10,Activation,11544302;20542572,0.359286428809583,0.565271757252347,0.5491799,4.0093765,1.4446445817195366,3.5752925555651855,1336
NFKB1,TNFSF13B,Unknown,16497967,0.359286428809583,0.4235578526175033,0.5491799,2.0628624,0.7029826145317127,2.5688046184473343,1337
NFKB1,TNFSF14,Unknown,21243522,0.359286428809583,0.0753584528176051,0.5491799,0.08986383,-0.04877048126397832,0.09580455177564937,1338
NFKB1,TP53,Unknown,10348347;11032029,0.359286428809583,0.2720906968989674,0.5491799,0.35978127,0.054073623245052146,1.493046629186667,1339
NFKB1,TRIM21,Unknown,23391827,0.359286428809583,0.185228409469824,0.5491799,0.22799206,0.003859219587390886,0.8761287289060429,1340
NFKB1,UPP1,Activation,20544543,0.359286428809583,0.3474491497165549,0.5491799,0.52375054,0.11654929262065616,2.028261391042277,1341
NFKB1,XIAP,Activation,15041463;15756023;16157589;18223231,0.359286428809583,0.3568689563187533,0.5491799,0.55401504,0.12808069052111623,2.0951632362742285,1342
NFKB1,YY1,Repression,16784892,0.359286428809583,0.5901967322440048,0.5491799,1.149995,0.35516133151833307,3.752316022152384,1343
NFKB2,CCND2,Activation,18504428,0.1749749916638878,0.2890130043347752,0.21032028,0.4857372,0.10206542706644334,1.6132331299130929,1344
NFKB2,CDK6,Activation,18504428,0.1749749916638878,0.1609703234411456,0.21032028,0.25333372,0.013514914045193673,0.703841676140518,1345
NFKB2,HIF1A,Repression,19414801,0.1749749916638878,0.3469489829943142,0.21032028,0.5292545,0.11864641475345915,2.0247090806759784,1346
NFKB2,SND1,Activation,20363924,0.1749749916638878,0.2964321440480111,0.21032028,0.4150478,0.07513130957747836,1.6659257336798505,1347
NFKBIA,CCL5,Repression,15228586,0.4073857952650564,0.1663054351450474,0.7596052,2.0445166,0.6959924868374749,0.7417329867143793,1348
NFKBIA,CD40,Repression,9733827,0.4073857952650564,0.1583027675891947,0.7596052,0.22449163,0.002525483654112379,0.6848960208535875,1349
NFKBIA,CD58,Repression,9733827,0.4073857952650564,0.1538846282094011,0.7596052,0.186479,-0.011958111375475582,0.6535172792846091,1350
NFKBIA,FAS,Repression,9733827,0.4073857952650564,0.1246248749583148,0.7596052,0.15146811,-0.02529798163400416,0.44570712285608954,1351
NFKBIA,ICAM1,Repression,12490396;9733827;9990039,0.4073857952650564,0.1101200400133343,0.7596052,0.13971451,-0.02977634533942957,0.34269012223342193,1352
NFKBIA,IL1B,Repression,15228586,0.4073857952650564,0.0821940646882281,0.7596052,0.16480523,-0.02021626419059079,0.14435279344840074,1353
NFKBIA,NFKB1,Activation,9500973,0.4073857952650564,0.359286428809583,0.7596052,0.5491799,0.1262384025849392,2.1123327363780033,1354
NFKBIA,RELA,Activation,9500973,0.4073857952650564,0.2120706902300798,0.7596052,0.2434963,0.009766654390021983,1.0667693852307816,1355
NFKBIA,TNFSF10,Repression,11544302,0.4073857952650564,0.565271757252347,0.7596052,4.0093765,1.4446445817195366,3.5752925555651855,1357
NFRKB,JUN,Activation,22291976,0.0758586195398458,0.6497165721906392,0.0835284,2.2591062,0.777755544641191,4.175040955741881,1358
NFYA,CCND2,Activation,9339900,0.0556018672890966,0.2890130043347752,0.05968639,0.4857372,0.10206542706644334,1.6132331299130929,1359
NFYA,CDKN1B,Activation,15064717,0.0556018672890966,0.3676225408469267,0.05968639,0.5059085,0.10975110786307139,2.171537909149641,1360
NFYA,DDIT3,Unknown,20023394,0.0556018672890966,0.0737745915305095,0.05968639,0.08302811,-0.05137503138891457,0.08455556894903601,1361
NFYA,FAS,Unknown,9261184,0.0556018672890966,0.1246248749583148,0.05968639,0.15146811,-0.02529798163400416,0.44570712285608954,1362
NFYA,FXR2,Activation,16886907,0.0556018672890966,0.0647715905301768,0.05968639,0.0677726,-0.05718769493810412,0.020613982355656337,1363
NFYA,HSPA5,Unknown,22530004,0.0556018672890966,0.5324274758252127,0.05968639,1.0820584,0.3292760875326602,3.342024174844931,1364
NFYA,LPIN1,Unknown,19553673,0.0556018672890966,0.1532177392464133,0.05968639,0.18414485,-0.012847470605245078,0.6487808654628758,1365
NFYA,OGG1,Activation,14688259,0.0556018672890966,0.1123707902634175,0.05968639,0.12546034,-0.0352074777226112,0.3586755188817671,1366
NFYA,SP3,Activation,16024108,0.0556018672890966,0.3888796265421533,0.05968639,0.587864,0.14097784151573886,2.3225110997173193,1367
NFYA,STK11,Unknown,22412893,0.0556018672890966,0.2208236078692936,0.05968639,0.2629191,0.01716714126874312,1.128934816641022,1368
NFYB,CCND2,Activation,9339900,0.1573024341447131,0.2890130043347752,0.18264443,0.4857372,0.10206542706644334,1.6132331299130929,1369
NFYB,CDKN1B,Activation,15064717,0.1573024341447131,0.3676225408469267,0.18264443,0.5059085,0.10975110786307139,2.171537909149641,1370
NFYB,FAS,Unknown,9261184,0.1573024341447131,0.1246248749583148,0.18264443,0.15146811,-0.02529798163400416,0.44570712285608954,1371
NFYB,FXR2,Activation,16886907,0.1573024341447131,0.0647715905301768,0.18264443,0.0677726,-0.05718769493810412,0.020613982355656337,1373
NFYB,LPIN1,Unknown,19553673,0.1573024341447131,0.1532177392464133,0.18264443,0.18414485,-0.012847470605245078,0.6487808654628758,1374
NFYB,STK11,Unknown,22412893,0.1573024341447131,0.2208236078692936,0.18264443,0.2629191,0.01716714126874312,1.128934816641022,1375
NFYC,CCND2,Activation,9339900,0.217655885295102,0.2890130043347752,0.26558653,0.4857372,0.10206542706644334,1.6132331299130929,1376
NFYC,CDKN1B,Activation,15064717,0.217655885295102,0.3676225408469267,0.26558653,0.5059085,0.10975110786307139,2.171537909149641,1377
NFYC,FAS,Unknown,9261184,0.217655885295102,0.1246248749583148,0.26558653,0.15146811,-0.02529798163400416,0.44570712285608954,1378
NFYC,FDPS,Unknown,20450493,0.217655885295102,0.3009336445481768,0.26558653,0.3887059,0.06509450307632589,1.6978965269765356,1379
NFYC,FXR2,Activation,16886907,0.217655885295102,0.0647715905301768,0.26558653,0.0677726,-0.05718769493810412,0.020613982355656337,1381
NFYC,LPIN1,Unknown,19553673,0.217655885295102,0.1532177392464133,0.26558653,0.18414485,-0.012847470605245078,0.6487808654628758,1382
NPM1,ATF5,Repression,22528486,0.8899633211068859,0.1813104368122711,4.71301,0.29351312,0.028824093076789938,0.8483022977033634,1383
NPM1,BRD4,Unknown,24220271,0.8899633211068859,0.4561520506835173,4.71301,0.72900933,0.194757119614559,2.8002968439844396,1384
NPM1,CDKN1A,Activation,19221506,0.8899633211068859,0.0708569523174387,4.71301,0.104368836,-0.043243775197974905,0.06383375847895917,1385
NPM1,DNMT1,Unknown,19887607,0.8899633211068859,0.3440313437812439,4.71301,0.5126623,0.11232444478058622,2.003987270205905,1386
NPM1,ELF4,Unknown,23393136,0.8899633211068859,0.1230410136712193,4.71301,0.14338228,-0.028378849419213786,0.43445814002947686,1387
NPM1,MDM2,Repression,23393136,0.8899633211068859,0.2341613871290481,4.71301,0.3111005,0.03552524712878462,1.2236630930756756,1388
NPM1,PTPN6,Activation,16825495,0.8899633211068859,0.6570523507835017,4.71301,1.7719355,0.5921334730012942,4.227141507780923,1389
NPM1,RPL3,Unknown,21705779,0.8899633211068859,0.9777425808601156,4.71301,26.337326,9.952053261389716,6.5047645043058475,1390
NPM1,USP7,Unknown,23183427,0.8899633211068859,0.3611203734577986,4.71301,0.5166643,0.11384928921540724,2.1253578743877637,1391
NR3C1,ATF2,Repression,17016446,0.4534844948315673,0.1853951317105709,0.77135974,0.22132294,0.0013181474941490955,0.8773128323614758,1392
NR3C1,BAD,Activation,17496926,0.4534844948315673,0.121707235745244,0.77135974,0.13512997,-0.031523149513646063,0.42498531238601267,1393
NR3C1,BAX,Activation,17496926,0.4534844948315673,0.4886628876291579,0.77135974,0.8149618,0.22750678116843745,3.0311970177938288,1394
NR3C1,CCND3,Repression,9154817,0.4534844948315673,0.6295431810602673,0.77135974,1.1805934,0.36681995219660085,4.031764437634517,1395
NR3C1,CDK4,Repression,9154817,0.4534844948315673,0.155135045015003,0.77135974,0.1749755,-0.016341181829239635,0.6623980552003572,1396
NR3C1,CDK6,Repression,9154817,0.4534844948315673,0.1609703234411456,0.77135974,0.25333372,0.013514914045193673,0.703841676140518,1397
NR3C1,CDKN1A,Activation,17989362,0.4534844948315673,0.0708569523174387,0.77135974,0.104368836,-0.043243775197974905,0.06383375847895917,1398
NR3C1,CSF1R,Unknown,11891846,0.4534844948315673,0.2296598866288809,0.77135974,0.5280904,0.11820286867485466,1.1916922997789796,1399
NR3C1,ELK1,Repression,17016446,0.4534844948315673,0.0973657885961963,0.77135974,0.105786644,-0.042703561145390014,0.2521062078928007,1400
NR3C1,ETS1,Repression,17016446,0.4534844948315673,0.4787429143047189,0.77135974,1.2290944,0.3852998322398929,2.96074286219558,1401
NR3C1,NFKB1,Repression,17016446,0.4534844948315673,0.359286428809583,0.77135974,0.5491799,0.1262384025849392,2.1123327363780033,1402
NR3C1,NR3C1,Unknown,22516378,0.4534844948315673,0.4534844948315673,0.77135974,0.77135974,0.21089349817550074,2.7813511886975153,1403
NR3C1,PNRC1,Unknown,10894149,0.4534844948315673,0.8644548182726141,0.77135974,2.886527,1.0168157933095967,5.700166206339283,1404
NR3C1,PPIG,Unknown,20482443,0.4534844948315673,0.5861120373457064,0.77135974,1.1595813,0.35881390928083295,3.7233054874942813,1405
NR3C1,RPS6KA3,Activation,11705993,0.4534844948315673,0.413971323774558,0.77135974,0.6779051,0.17528535531887832,2.5007186697599506,1406
NR3C1,SRF,Repression,17016446,0.4534844948315673,0.0801933977992653,0.77135974,0.08869695,-0.049215086579846384,0.13014355198320549,1407
NR3C1,STAT1,Repression,17016446,0.4534844948315673,0.694648216071922,0.77135974,3.1569238,1.1198425438526791,4.494156836981012,1408
NR3C1,TP53,Repression,17016446,0.4534844948315673,0.2720906968989674,0.77135974,0.35978127,0.054073623245052146,1.493046629186667,1409
NRF1,CAPNS1,Activation,18234454,0.0663554518172724,0.5480993664554189,0.07035689,1.2845278,0.40642109947957517,3.4533298996556105,1410
NRF1,COX6A1,Unknown,10773445,0.0663554518172724,0.7544181393796766,0.07035689,1.8118787,0.6073526549675469,4.918657925753658,1411
NRF1,CXCR4,Activation,10381170;20068066,0.0663554518172724,0.463904634878247,0.07035689,0.8587251,0.2441814999226612,2.855357654662064,1412
NRF1,FMR1,Activation,11058604;16500891,0.0663554518172724,0.2337445815271807,0.07035689,0.2974297,0.030316390732095123,1.220702834437092,1413
NRF1,FXR2,Activation,16886907,0.0663554518172724,0.0647715905301768,0.07035689,0.0677726,-0.05718769493810412,0.020613982355656337,1414
NRF1,GALNT3,Unknown,10626815,0.0663554518172724,0.065188396132044,0.07035689,0.07677584,-0.053757275045710796,0.023574240994238348,1415
NRF1,IDE,Activation,22870279,0.0663554518172724,0.1007835945315078,0.07035689,0.11528993,-0.03908261342684613,0.27638032872917645,1416
NRF1,PRDX3,Activation,21051700,0.0663554518172724,0.3529509836612017,0.07035689,0.5345061,0.1206473825280484,2.067336805071558,1417
NRF1,PRDX5,Activation,21051700,0.0663554518172724,0.5459319773257095,0.07035689,0.9649405,0.2846517551905997,3.4379365547349847,1418
NRF1,SDHB,Unknown,9492280,0.0663554518172724,0.3554518172724049,0.07035689,0.5017401,0.1081628616006756,2.0850983569030497,1419
NRF1,SNRPN,Unknown,16116039,0.0663554518172724,0.3613704568189189,0.07035689,0.51499593,0.11321360587964453,2.1271340295709127,1420
NRF1,SPAST,Activation,22574173,0.0663554518172724,0.1809769923307773,0.07035689,0.22257356,0.0017946594749276793,0.8459340907924975,1421
PARP1,BCL2,Repression,20564216,0.3789596532177142,0.3046848949649814,0.58077794,0.5778597,0.13716599714310515,1.7245388547237723,1422
PARP1,CDKN1A,Unknown,20711239,0.3789596532177142,0.0708569523174387,0.58077794,0.104368836,-0.043243775197974905,0.06383375847895917,1423
PARP1,FOXO1,Repression,19281796,0.3789596532177142,0.1632210736912292,0.58077794,0.19389808,-0.009131289074253188,0.719827072788866,1424
PARP1,IFNAR1,Unknown,19501422,0.3789596532177142,0.4018006002000361,0.58077794,0.6300491,0.15705123356155815,2.4142791175133587,1425
PARP1,JUN,Unknown,16026317,0.3789596532177142,0.6497165721906392,0.58077794,2.2591062,0.777755544641191,4.175040955741881,1426
PARP1,NFKB1,Unknown,16026317,0.3789596532177142,0.359286428809583,0.58077794,0.5491799,0.1262384025849392,2.1123327363780033,1427
PARP1,RELA,Unknown,16026317,0.3789596532177142,0.2120706902300798,0.58077794,0.2434963,0.009766654390021983,1.0667693852307816,1428
PARP1,SH3BP2,Unknown,22820184,0.3789596532177142,0.3722074024674658,0.58077794,0.7109967,0.18789393655309214,2.2041007541740427,1429
PARP1,SMARCB1,Unknown,17616514,0.3789596532177142,0.2299099699900013,0.58077794,0.3150185,0.03701808583333953,1.1934684549621293,1430
PAX5,BAX,Activation,22105368,0.0687729243081024,0.4886628876291579,0.12712635,0.8149618,0.22750678116843745,3.0311970177938288,1432
PAX5,BCL2,Repression,22105368,0.0687729243081024,0.3046848949649814,0.12712635,0.5778597,0.13716599714310515,1.7245388547237723,1433
PAX5,BLK,Repression,18697940,0.0687729243081024,0.0782760920306759,0.12712635,0.1477999,-0.026695645203283224,0.11652636224572621,1434
PAX5,CD79A,Activation,9545244,0.0687729243081024,0.1367122374124672,0.12712635,0.9374002,0.2741583336043174,0.5315546233749933,1435
PAX5,CDKN1A,Activation,22105368,0.0687729243081024,0.0708569523174387,0.12712635,0.104368836,-0.043243775197974905,0.06383375847895917,1436
PAX5,FCER2,Unknown,12731041,0.0687729243081024,0.0988662887629184,0.12712635,0.20748629,-0.0039539011687860495,0.2627631389916973,1437
PAX5,LEF1,Activation,9545244,0.0687729243081024,0.2694231410470174,0.12712635,0.56485283,0.13221011175231537,1.4741009738997428,1438
PAX5,PRDM1,Repression,17682124;22593617,0.0687729243081024,0.1295431810603492,0.12712635,0.20081745,-0.006494866576260279,0.4806381747913674,1439
PAX5,PRKCE,Unknown,9190940,0.0687729243081024,0.0650216738912971,0.12712635,0.0731912,-0.05512309672358107,0.022390137538805387,1440
PAX5,RB1,Unknown,10197586,0.0687729243081024,0.2888462820940283,0.12712635,0.4403895,0.08478701927610507,1.6120490264576597,1441
PAX5,TIMP1,Activation,22105368,0.0687729243081024,0.4483994664887876,0.12712635,1.1428996,0.3524578379644027,2.745236033306816,1442
PAX5,TP53,Activation,22105368,0.0687729243081024,0.2720906968989674,0.12712635,0.35978127,0.054073623245052146,1.493046629186667,1443
PAX5,XBP1,Repression,8627152,0.0687729243081024,0.4426475491830204,0.12712635,0.78511524,0.21613462701687525,2.7043844640943857,1444
PBX2,VCP,Unknown,19356220,0.1999833277759273,0.3935478492830658,0.24291308,0.57218987,0.13500567512364456,2.355665996469437,1445
PER1,BAX,Repression,19675098,0.1221240413471113,0.4886628876291579,0.15488586,0.8149618,0.22750678116843745,3.0311970177938288,1446
PER1,BCL2,Activation,19675098,0.1221240413471113,0.3046848949649814,0.15488586,0.5778597,0.13716599714310515,1.7245388547237723,1447
PHB2,ARNT,Repression,21256954,0.5095031677225174,0.1537179059686541,0.846393,0.18547884,-0.012339192937177381,0.6523331758291754,1448
PHB2,BTG2,Repression,19117054,0.5095031677225174,0.4076358786261767,0.846393,0.65247595,0.16559632536892097,2.455722738453505,1449
PHF10,CASP3,Unknown,20530714,0.1619706568856272,0.1763921307102367,0.18947992,0.22499137,0.0027158948879598206,0.8133712457680856,1450
PIAS1,PRMT1,Repression,19136629,0.4351450483494111,0.325941980660208,0.72325444,0.43430257,0.08246777356504931,1.8755120452914502,1451
PIAS1,STAT1,Unknown,17940994;19136629,0.4351450483494111,0.694648216071922,0.72325444,3.1569238,1.1198425438526791,4.494156836981012,1452
PIAS2,LRRN3,Repression,21908575,0.169639879959986,0.0867789263087679,0.2203233,0.13946405,-0.02987177575850634,0.1769156384728071,1453
PIAS4,VDR,Unknown,22564762,0.0845281760586847,0.0529343114371459,0.09186479,0.062020496,-0.059379365046277985,-0.06345736298008972,1454
PKNOX1,PTPN6,Activation,20864515,0.1091197065688529,0.6570523507835017,0.12429318,1.7719355,0.5921334730012942,4.227141507780923,1455
PLAGL1,SDHB,Repression,19423711,0.1172057352450777,0.3554518172724049,0.14955086,0.5017401,0.1081628616006756,2.0850983569030497,1456
PLAGL2,METAP2,Activation,17462995,0.1421307102367425,0.4190563521173376,0.20381775,0.6496412,0.1645162272275894,2.5368338251506493,1457
PLAGL2,NCF2,Activation,17462995;20025940,0.1421307102367425,0.4195565188395783,0.20381775,2.1286297,0.7280413105332632,2.540386135516948,1458
PML,BAX,Activation,16007146,0.2264921640546893,0.4886628876291579,0.30584905,0.8149618,0.22750678116843745,3.0311970177938288,1459
PML,CASP3,Activation,16253165,0.2264921640546893,0.1763921307102367,0.30584905,0.22499137,0.0027158948879598206,0.8133712457680856,1460
PML,CCNT1,Unknown,12727882,0.2264921640546893,0.1503834611537155,0.30584905,0.17455894,-0.016499899769711668,0.6286511067205124,1461
PML,CDKN1A,Activation,10356361;16007146,0.2264921640546893,0.0708569523174387,0.30584905,0.104368836,-0.043243775197974905,0.06383375847895917,1462
PML,EAF2,Repression,18089734,0.2264921640546893,0.1519673224408114,0.30584905,0.21607214,-0.0006825154639614186,0.6399000895471277,1463
PML,EP300,Activation,18809579,0.2264921640546893,0.4134711570523173,0.30584905,0.68257177,0.1770634527148419,2.4971663593936517,1464
PML,HCK,Unknown,21993313,0.2264921640546893,0.3613704568189189,0.30584905,1.0034316,0.299317657145907,2.1271340295709127,1465
PML,HIPK2,Activation,18809579,0.2264921640546893,0.2244081360453526,0.30584905,0.32293773,0.04003547558685471,1.1543930409328351,1466
PML,PML,Activation,15529177,0.2264921640546893,0.2264921640546893,0.30584905,0.30584905,0.03352433650728514,1.16919433412575,1467
PML,TNFAIP3,Repression,12080044,0.2264921640546893,0.1912304101367135,0.30584905,0.2820927,0.02447267781434144,0.9187564533016367,1468
PML,TNFSF10,Activation,15459016,0.2264921640546893,0.565271757252347,0.30584905,4.0093765,1.4446445817195366,3.5752925555651855,1469
PML,TP53,Unknown,12837275,0.2264921640546893,0.2720906968989674,0.30584905,0.35978127,0.054073623245052146,1.493046629186667,1470
PML,UBA7,Repression,11891284,0.2264921640546893,0.1439646548849587,0.30584905,0.16330503,-0.020787871292319557,0.5830631236863357,1471
POU2F1,HIST2H2BE,Unknown,10064132;2007132,0.1474658219406442,0.0609369789929979,0.18464537,0.072440945,-0.05540895933263821,-0.00662039711930274,1472
POU2F1,PTGIR,Activation,19118563,0.1474658219406442,0.0954484828276069,0.18464537,0.13729666,-0.03069759599328565,0.23848901815532156,1473
POU2F1,RRM2B,Unknown,11978967,0.1474658219406442,0.0919473157719219,0.18464537,0.105786435,-0.04270364077869508,0.21362284559122904,1474
POU2F1,SNAPC1,Unknown,9644240,0.1474658219406442,0.0844448149383113,0.18464537,0.09761675,-0.04581645904618405,0.16033819009674583,1475
POU2F1,ST6GAL1,Unknown,10814704,0.1474658219406442,0.2644214738246112,0.18464537,0.3413591,0.047054397007714084,1.4385778702367598,1476
POU2F1,TXNRD1,Unknown,11375392,0.1474658219406442,0.2098199399799962,0.18464537,0.27600706,0.022153923619857633,1.0507839885824337,1477
POU2F2,HLA-DOB,Unknown,12938212,0.5630210070022642,0.0678559519839945,2.26736,0.10361848,-0.04352967629011248,0.04251989628116614,1478
POU2F2,ID2,Unknown,24801987,0.5630210070022642,0.3882960986995392,2.26736,0.95067024,0.2792144921859897,2.3183667376233044,1480
POU2F2,SPI1,Unknown,12592383,0.5630210070022642,0.4275591863954283,2.26736,1.8685457,0.6289439492174228,2.597223101377721,1481
POU2F2,SPIB,Unknown,24801987,0.5630210070022642,0.0789429809936635,2.26736,0.21215454,-0.0021752017602769775,0.12126277606745796,1482
PPARA,ACOX1,Unknown,20110263,0.0808602867622529,0.1631377125708557,0.09469899,0.20598513,-0.004525874050289283,0.719235021061149,1483
PPARA,ACSL1,Repression,17150915,0.0808602867622529,0.2369956652217459,0.09469899,0.44597623,0.08691567848383813,1.243792851818039,1484
PPARA,APOBR,Repression,12700342,0.0808602867622529,0.2132377459153083,0.09469899,0.3106842,0.03536662825366818,1.0750581094188136,1485
PPARA,CD36,Unknown,16713233;20110263,0.0808602867622529,0.3903801267088752,0.09469899,2.271595,0.7825140346905645,2.333168030816214,1486
PPARA,CPT1A,Repression,17150915,0.0808602867622529,0.170723574524841,0.09469899,0.22240716,0.0017312576473529075,0.7731117282833576,1487
PPARA,HMOX1,Unknown,17413033,0.0808602867622529,0.1859786595531852,0.09469899,0.37395507,0.0594741330027399,0.8814571944554923,1488
PPARA,IL6R,Repression,14764586,0.0808602867622529,0.3633711237078814,0.09469899,0.6570599,0.16734290474098443,2.1413432710361056,1489
PPARA,MLYCD,Unknown,16434556,0.0808602867622529,0.0991997332444122,0.09469899,0.10920438,-0.0414013333294761,0.2651313459025631,1490
PPARA,NFKBIA,Activation,14976045,0.0808602867622529,0.4073857952650564,0.09469899,0.7596052,0.20641477631071284,2.453946583270356,1491
PPARA,PLIN2,Repression,17150915,0.0808602867622529,0.2207402467489202,0.09469899,0.2905943,0.027711962533750377,1.1283427649133062,1492
PPARA,SLC25A20,Unknown,19748481,0.0808602867622529,0.0749416472157378,0.09469899,0.081444316,-0.05197848952654648,0.09284429313706666,1493
PPARA,SLC9A1,Unknown,19958503,0.0808602867622529,0.0539346448816274,0.09469899,0.058435977,-0.06074514062065586,-0.05635274224749136,1494
PPARA,SOD2,Unknown,19958503,0.0808602867622529,0.5062520840279533,0.09469899,2.0023332,0.6799197425266729,3.1561199323419866,1495
PPARA,SREBF2,Repression,16946405,0.0808602867622529,0.1203734578192688,0.09469899,0.13779737,-0.030506815169457746,0.41551248474254904,1496
PPARA,STAT5A,Unknown,21542777,0.0808602867622529,0.2445815271757312,0.09469899,0.31768554,0.03803428301011242,1.2976695590402476,1497
PPARA,TUBA1B,Unknown,23029400,0.0808602867622529,0.6477992664220501,0.09469899,2.11581,0.7231567407678773,4.161423766004404,1498
PPARA,TXNIP,Repression,18848838,0.0808602867622529,0.9784928309434764,0.09469899,12.857609,4.816003423705442,6.510092969855294,1499
PPARD,CAT,Activation,18048767,0.0523507835945317,0.3440313437812439,0.055434983,0.5742741,0.1357998096854604,2.003987270205905,1500
PPARD,SOD1,Activation,18048767,0.0523507835945317,0.6486328776257845,0.055434983,1.2927933,0.4095704252357004,4.167344283281568,1502
PPARD,TIMP1,Activation,17511960,0.0523507835945317,0.4483994664887876,0.055434983,1.1428996,0.3524578379644027,2.745236033306816,1503
PPARD,TXN,Activation,18048767,0.0523507835945317,0.5640213404467455,0.055434983,1.506515,0.4910027952620598,3.5664117796494397,1504
PRDM1,CIITA,Repression,16765445;16982896;17300840,0.1295431810603492,0.3066855618539439,0.20081745,0.6218787,0.1539381428643413,1.7387480961889654,1505
PRDM1,LMO2,Repression,21722313,0.1295431810603492,0.3653717905968439,0.20081745,0.9899274,0.29417227878091196,2.155552512501299,1506
PRDM1,MYC,Repression,10713181;12032779,0.1295431810603492,0.2710070023341127,0.20081745,0.41546583,0.07529058761823003,1.4853499567263537,1507
PRDM1,PCNA,Unknown,20530581,0.1295431810603492,0.1495498499499809,0.20081745,0.18606216,-0.012116936001715161,0.6227305894433469,1508
PRDM2,KMT5A,Unknown,24423864,0.3916305435144767,0.101200400133375,0.5786104,0.11862429,-0.03781215358434492,0.27934058736775846,1509
PTMA,CDKN1A,Unknown,16540664,0.9826608869621484,0.0708569523174387,20.943296,0.104368836,-0.043243775197974905,0.06383375847895917,1510
PURA,FAS,Repression,10903433,0.3454484828275924,0.1246248749583148,0.49407062,0.15146811,-0.02529798163400416,0.44570712285608954,1511
PURA,PCNA,Repression,18386260,0.3454484828275924,0.1495498499499809,0.49407062,0.18606216,-0.012116936001715161,0.6227305894433469,1512
RARA,CDKN1A,Activation,10356361,0.2353284428142766,0.0708569523174387,0.34402755,0.104368836,-0.043243775197974905,0.06383375847895917,1513
RARA,ETS1,Unknown,11327309,0.2353284428142766,0.4787429143047189,0.34402755,1.2290944,0.3852998322398929,2.96074286219558,1514
RARA,HCK,Unknown,21993313,0.2353284428142766,0.3613704568189189,0.34402755,1.0034316,0.299317657145907,2.1271340295709127,1515
RARA,ICAM1,Activation,1355009,0.2353284428142766,0.1101200400133343,0.34402755,0.13971451,-0.02977634533942957,0.34269012223342193,1516
RARA,PRKCA,Activation,11525643,0.2353284428142766,0.1971490496832295,0.34402755,0.24641477,0.010878651575852105,0.9607921259695136,1517
RB1,ATF2,Unknown,7702750,0.2888462820940283,0.1853951317105709,0.4403895,0.22132294,0.0013181474941490955,0.8773128323614758,1518
RB1,CDKN1A,Activation,14527674,0.2888462820940283,0.0708569523174387,0.4403895,0.104368836,-0.043243775197974905,0.06383375847895917,1519
RB1,DDIT3,Unknown,20971808,0.2888462820940283,0.0737745915305095,0.4403895,0.08302811,-0.05137503138891457,0.08455556894903601,1520
RB1,DHFR,Repression,9671466,0.2888462820940283,0.0955318439479803,0.4403895,0.11437279,-0.039432062658468256,0.23908106988303762,1521
RB1,DNMT3A,Repression,22733537,0.2888462820940283,0.1356285428476122,0.4403895,0.15822026,-0.022725273400476708,0.5238579509146779,1522
RB1,E2F3,Repression,20428827,0.2888462820940283,0.1623041013671211,0.4403895,0.21423794,-0.001381383445557808,0.7133145037839836,1523
RB1,EBNA1BP2,Activation,22169551,0.2888462820940283,0.1776425475158387,0.4403895,0.21432091,-0.0013497701665080516,0.8222520216838344,1524
RB1,ELF1,Unknown,7702750,0.2888462820940283,0.6237079026341267,0.4403895,1.2023441,0.3751074169263514,3.99032081669437,1525
RB1,HBP1,Unknown,16966377,0.2888462820940283,0.3009336445481768,0.4403895,0.3947079,0.06738138870795903,1.6978965269765356,1527
RB1,MAP3K5,Unknown,19610065,0.2888462820940283,0.1866455485161729,0.4403895,0.24708202,0.011132887570138549,0.8861936082772248,1528
RB1,MYC,Repression,10200487;9671466,0.2888462820940283,0.2710070023341127,0.4403895,0.41546583,0.07529058761823003,1.4853499567263537,1529
RB1,PCNA,Repression,9671466,0.2888462820940283,0.1495498499499809,0.4403895,0.18606216,-0.012116936001715161,0.6227305894433469,1530
RB1,RB1,Repression,8264596,0.2888462820940283,0.2888462820940283,0.4403895,0.4403895,0.08478701927610507,1.6120490264576597,1531
RB1,RBL1,Repression,9671466,0.2888462820940283,0.0702734244748246,0.4403895,0.08069393,-0.052264402049302015,0.0596893963849442,1532
RB1,SP1,Unknown,7702750,0.2888462820940283,0.2797599199733236,0.4403895,0.40529555,0.0714155014466729,1.547515388136574,1533
RB1,TFDP1,Repression,8223441,0.2888462820940283,0.145631877292428,0.4403895,0.17530882,-0.01621418004337893,0.5949041582406673,1534
RB1,TGFBI,Unknown,7680889,0.2888462820940283,0.3375291763921158,0.4403895,0.8824709,0.2532291388482917,1.9578072354440275,1535
RB1,TP53BP2,Unknown,19610065,0.2888462820940283,0.1233744581527131,0.4403895,0.14279868,-0.028601213040443555,0.4368263469403428,1536
RB1,WRN,Unknown,11896071,0.2888462820940283,0.0816938979659874,0.4403895,0.09203144,-0.04794457720466737,0.14080048308210194,1537
RB1CC1,RB1,Activation,12095676,0.390546848949622,0.2888462820940283,0.67481774,0.4403895,0.08478701927610507,1.6120490264576597,1538
RBL1,MYC,Unknown,17132729;9797456,0.0702734244748246,0.2710070023341127,0.08069393,0.41546583,0.07529058761823003,1.4853499567263537,1539
RBL1,TFDP1,Repression,8223441,0.0702734244748246,0.145631877292428,0.08069393,0.17530882,-0.01621418004337893,0.5949041582406673,1540
RBL2,E2F4,Unknown,8575214,0.4398132710903236,0.2125708569523206,0.6746538,0.25149894,0.012815825071650218,1.0703216955970813,1541
RBMX,JUNB,Repression,16707624,0.5666888962986955,0.736578859619761,0.9931187,3.2439663,1.1530075292894382,4.791958856022352,1543
RBMX,JUND,Repression,16707624,0.5666888962986955,0.8939646548848109,0.9931187,3.986715,1.4360100834287577,5.909752517950882,1544
RBMX,TXNIP,Activation,16707624,0.5666888962986955,0.9784928309434764,0.9931187,12.857609,4.816003423705442,6.510092969855294,1545
RBPJ,NFKB1,Unknown,14570916,0.4229743247748892,0.359286428809583,0.7886971,0.5491799,0.1262384025849392,2.1123327363780033,1546
RBPJ,PTEN,Repression,17245125,0.4229743247748892,0.5405968656218095,0.7886971,1.0544661,0.3187628528752608,3.400045244161136,1547
REL,BCL2A1,Activation,11880364,0.3631210403467611,0.2902634211403768,0.58986443,0.57719344,0.13691213835921112,1.6221139058288385,1548
REL,BIRC3,Activation,11880364,0.3631210403467611,0.3123541180393377,0.58986443,0.61103934,0.14980812343080266,1.7790076136736799,1549
REL,CCL5,Unknown,11259372,0.3631210403467611,0.1663054351450474,0.58986443,2.0445166,0.6959924868374749,0.7417329867143793,1550
REL,CD40LG,Unknown,11160303,0.3631210403467611,0.1113704568189361,0.58986443,0.16147134,-0.021486544953410756,0.3515708981491695,1551
REL,CDKN1A,Activation,15566959,0.3631210403467611,0.0708569523174387,0.58986443,0.104368836,-0.043243775197974905,0.06383375847895917,1552
REL,CSRP1,Activation,14522018,0.3631210403467611,0.1438812937645852,0.58986443,0.16605587,-0.01973974458940024,0.5824710719586189,1553
REL,ICAM1,Unknown,10706725;10837365;10926553,0.3631210403467611,0.1101200400133343,0.58986443,0.13971451,-0.02977634533942957,0.34269012223342193,1554
REL,IER3,Unknown,12360408,0.3631210403467611,0.1044514838279396,0.58986443,0.13821371,-0.030348181053517376,0.3024306047487012,1555
REL,IL1B,Activation,8413223,0.3631210403467611,0.0821940646882281,0.58986443,0.16480523,-0.02021626419059079,0.14435279344840074,1556
REL,SOD2,Activation,11880364,0.3631210403467611,0.5062520840279533,0.58986443,2.0023332,0.6799197425266729,3.1561199323419866,1557
REL,TNFAIP3,Activation,11880364,0.3631210403467611,0.1912304101367135,0.58986443,0.2820927,0.02447267781434144,0.9187564533016367,1558
RELA,ADORA2A,Unknown,17082635,0.2120706902300798,0.0622707569189732,0.2434963,0.06627203,-0.05775944301745431,0.002852430524161503,1559
RELA,AGER,Activation,18622638;19616578,0.2120706902300798,0.0520173391130379,0.2434963,0.055518348,-0.061856817368162724,-0.06996993198497127,1560
RELA,AKT1,Repression,18031796,0.2120706902300798,0.2261587195731954,0.2434963,0.2718382,0.020565502087986548,1.1668261272148834,1561
RELA,AKT2,Repression,20514445,0.2120706902300798,0.2240746915638588,0.2434963,0.26533607,0.018088056624472586,1.1520248340219694,1562
RELA,ALOX5,Repression,15517885,0.2120706902300798,0.2878459486495471,0.2434963,0.48648772,0.10235139064595906,1.6049444057250635,1563
RELA,ALOX5AP,Unknown,20194722,0.2120706902300798,0.3866288762920705,0.2434963,0.82987815,0.23319021777147164,2.306525703068977,1564
RELA,BAD,Activation,20596645,0.2120706902300798,0.121707235745244,0.2434963,0.13512997,-0.031523149513646063,0.42498531238601267,1565
RELA,BAX,Repression,18158998,0.2120706902300798,0.4886628876291579,0.2434963,0.8149618,0.22750678116843745,3.0311970177938288,1566
RELA,BCL2,Activation,14978135;18158998;19259124;20446017;21503108,0.2120706902300798,0.3046848949649814,0.2434963,0.5778597,0.13716599714310515,1.7245388547237723,1567
RELA,BCL2A1,Activation,11880364;19343319,0.2120706902300798,0.2902634211403768,0.2434963,0.57719344,0.13691213835921112,1.6221139058288385,1568
RELA,BCL2L1,Activation,12226754;14978135;15756023;15856023;15986355;16904634;18223231;20066113;20585448,0.2120706902300798,0.0869456485495148,0.2434963,0.09694991,-0.04607053882202515,0.17809974192823996,1569
RELA,BCL2L11,Repression,18223231,0.2120706902300798,0.1362954318105999,0.2434963,0.17722628,-0.015483588286759253,0.5285943647364103,1570
RELA,BCL3,Activation,11387332,0.2120706902300798,0.1065355118372759,0.2434963,0.12462664,-0.035525134595502335,0.3172318979416134,1571
RELA,BIRC2,Activation,12010810;15756023,0.2120706902300798,0.2865955318439455,0.2434963,0.37962016,0.06163264898456405,1.5960636298093174,1572
RELA,BIRC3,Activation,10733571;11297551;11880364;12010810;19343319,0.2120706902300798,0.3123541180393377,0.2434963,0.61103934,0.14980812343080266,1.7790076136736799,1573
RELA,BTG2,Unknown,17363596,0.2120706902300798,0.4076358786261767,0.2434963,0.65247595,0.16559632536892097,2.455722738453505,1574
RELA,CARD8,Unknown,17878386,0.2120706902300798,0.332610870290083,0.2434963,0.45197457,0.08920116958008112,1.9228761835087609,1575
RELA,CARM1,Unknown,20462455,0.2120706902300798,0.0885295098366104,0.2434963,0.09870057,-0.045403501301219604,0.18934872475485331,1576
RELA,CASP3,Unknown,20056115,0.2120706902300798,0.1763921307102367,0.2434963,0.22499137,0.0027158948879598206,0.8133712457680856,1577
RELA,CCL4,Unknown,11342414,0.2120706902300798,0.0936978992997644,0.2434963,0.33252704,0.04368920022135589,0.22605593187327525,1578
RELA,CCL5,Activation,11478739;9120310,0.2120706902300798,0.1663054351450474,0.2434963,2.0445166,0.6959924868374749,0.7417329867143793,1579
RELA,CCND2,Activation,18504428;21790895,0.2120706902300798,0.2890130043347752,0.2434963,0.4857372,0.10206542706644334,1.6132331299130929,1580
RELA,CCR2,Activation,19156404,0.2120706902300798,0.2326608869623257,0.2434963,0.4558134,0.09066384288386022,1.213006161976777,1581
RELA,CCR7,Activation,11830455;19164127,0.2120706902300798,0.3082694231410393,0.2434963,0.7528411,0.20383751488103447,1.7499970790155772,1582
RELA,CD28,Unknown,16365455,0.2120706902300798,0.1066188729576494,0.2434963,0.13896412,-0.030062259386267484,0.31782394966933014,1583
RELA,CD38,Unknown,17322278;18341691;18441094,0.2120706902300798,0.1029509836612175,0.2434963,0.15805346,-0.022788827636290837,0.29177367364980467,1584
RELA,CD40,Activation,19164127;9733827,0.2120706902300798,0.1583027675891947,0.2434963,0.22449163,0.002525483654112379,0.6848960208535875,1585
RELA,CD40LG,Unknown,11160303;11529914;21243522,0.2120706902300798,0.1113704568189361,0.2434963,0.16147134,-0.021486544953410756,0.3515708981491695,1586
RELA,CD58,Activation,9733827,0.2120706902300798,0.1538846282094011,0.2434963,0.186479,-0.011958111375475582,0.6535172792846091,1587
RELA,CD69,Unknown,10480634,0.2120706902300798,0.19114704901634,0.2434963,0.2845101,0.025393757008928243,0.9181644015739199,1588
RELA,CD83,Activation,19164127,0.2120706902300798,0.0669389796598865,0.2434963,0.0847786,-0.05070805864161076,0.036007327276284654,1590
RELA,CD86,Activation,15895390;15949284;18929846;19164127,0.2120706902300798,0.2536678892964377,0.2434963,0.43555605,0.08294537526473932,1.362203197361346,1591
RELA,CDK4,Activation,18425349,0.2120706902300798,0.155135045015003,0.2434963,0.1749755,-0.016341181829239635,0.6623980552003572,1592
RELA,CDK6,Activation,18504428,0.2120706902300798,0.1609703234411456,0.2434963,0.25333372,0.013514914045193673,0.703841676140518,1593
RELA,CDKN1A,Activation,18269916,0.2120706902300798,0.0708569523174387,0.2434963,0.104368836,-0.043243775197974905,0.06383375847895917,1594
RELA,CFLAR,Activation,15986355;19343319,0.2120706902300798,0.6237912637545001,0.2434963,1.5071025,0.4912266448636234,3.990912868422086,1595
RELA,CREB3,Unknown,17296613,0.2120706902300798,0.1062854284761555,0.2434963,0.1151234,-0.03914606478709869,0.3154557427584636,1596
RELA,CSNK2A1,Unknown,19027835,0.2120706902300798,0.4106368789596205,0.2434963,0.63846993,0.16025974324723377,2.477036600651295,1597
RELA,CTSB,Activation,15102937;18598236,0.2120706902300798,0.4847449149716064,0.2434963,1.55436,0.5092327257927974,3.0033705865911595,1598
RELA,CXCL10,Activation,16982926;20164184;24701034,0.2120706902300798,0.0726908969656547,0.2434963,0.62320834,0.15444476309280594,0.07685889648872225,1599
RELA,CXCR4,Activation,12690099;16267013;20068066,0.2120706902300798,0.463904634878247,0.2434963,0.8587251,0.2441814999226612,2.855357654662064,1600
RELA,ERAP1,Unknown,20103633,0.2120706902300798,0.1909803267755931,0.2434963,0.2366615,0.007162454804036277,0.9169802981184869,1601
RELA,ERAP2,Unknown,20103633,0.2120706902300798,0.5390130043347142,0.2434963,1.0327953,0.3105058316913229,3.388796261334525,1602
RELA,FAF1,Activation,17046979,0.2120706902300798,0.1397965988662854,0.2434963,0.15938732,-0.02228059950090094,0.5534605373005065,1603
RELA,FAS,Activation,19628709;9733827,0.2120706902300798,0.1246248749583148,0.2434963,0.15146811,-0.02529798163400416,0.44570712285608954,1604
RELA,FBP1,Unknown,11023824,0.2120706902300798,0.180393464488163,0.2434963,0.27567402,0.02202702851976448,0.8417897286984812,1605
RELA,FOXO3,Unknown,19299143,0.2120706902300798,0.2166555518506204,0.2434963,0.2870103,0.026346384709063066,1.0993322302551938,1606
RELA,GATA3,Activation,20660789,0.2120706902300798,0.1107869289763219,0.2434963,0.14721672,-0.026917848795861676,0.34742653605515383,1607
RELA,GCLC,Unknown,11233143,0.2120706902300798,0.1137045681893927,0.2434963,0.1394642,-0.02987171860541658,0.36814834652523065,1608
RELA,GSK3A,Unknown,11579131,0.2120706902300798,0.2164888296098734,0.2434963,0.2641698,0.01764368373116957,1.09814812679976,1609
RELA,GSTP1,Activation,15013838,0.2120706902300798,0.7140713571189329,0.2434963,3.418944,1.2196776372511535,4.632104889538929,1610
RELA,GTF2B,Activation,7706261,0.2120706902300798,0.2867622540846924,0.2434963,0.35736337,0.053152353540166154,1.5972477332647503,1611
RELA,HDAC1,Unknown,23027620,0.2120706902300798,0.4005501833944345,0.2434963,0.5516806,0.12719122079537318,2.4053983415976123,1612
RELA,HDAC7,Unknown,21243522,0.2120706902300798,0.2155718572857653,0.2434963,0.26516974,0.01802468146833971,1.0916355577948778,1613
RELA,HIF1A,Unknown,18498249,0.2120706902300798,0.3469489829943142,0.2434963,0.5292545,0.11864641475345915,2.0247090806759784,1614
RELA,HLA-A,Activation,19428110,0.2120706902300798,0.985078359452978,0.2434963,15.145466,5.687724066912924,6.556865056344888,1615
RELA,HLA-F,Unknown,11137213,0.2120706902300798,0.7079026342112985,0.2434963,1.5131941,0.4935476699408737,4.588293061687916,1616
RELA,HMOX1,Unknown,8016102,0.2120706902300798,0.1859786595531852,0.2434963,0.37395507,0.0594741330027399,0.8814571944554923,1617
RELA,HPSE,Activation,14558943;17715045,0.2120706902300798,0.1411303767922609,0.2434963,0.19198129,-0.00986162554707193,0.5629333649439722,1618
RELA,ICAM1,Activation,10092659;10946302;11463837;11877286;16317091;16385502;17121934;19074768;19351910;20173029;22001597;22708120;9733827;9888295;9916895,0.2120706902300798,0.1101200400133343,0.2434963,0.13971451,-0.02977634533942957,0.34269012223342193,1619
RELA,IER3,Unknown,12360408,0.2120706902300798,0.1044514838279396,0.2434963,0.13821371,-0.030348181053517376,0.3024306047487012,1620
RELA,IGF2BP2,Unknown,17426251,0.2120706902300798,0.0727742580860281,0.2434963,0.09169778,-0.04807170853753154,0.07745094821643835,1621
RELA,IL18,Activation,15963597;17399992,0.2120706902300798,0.1092030676892263,0.2434963,0.15063424,-0.02561570328039701,0.3361775532285405,1622
RELA,IL1B,Activation,12686724;14960579;8021507;8413223;8679226;9878621,0.2120706902300798,0.0821940646882281,0.2434963,0.16480523,-0.02021626419059079,0.14435279344840074,1623
RELA,IL1RN,Activation,20032313,0.2120706902300798,0.1441313771257056,0.2434963,0.22115709,0.0012549552279034531,0.5842472271417687,1624
RELA,IRF1,Activation,18694960,0.2120706902300798,0.7586695565187219,0.2434963,3.5529811,1.2707485333017656,4.948852563867193,1625
RELA,IRF4,Activation,17018379,0.2120706902300798,0.0581027009003003,0.2434963,0.087279335,-0.04975522709545578,-0.026750155861664928,1626
RELA,IRF7,Activation,15265881;16982926,0.2120706902300798,0.3548682894297908,0.2434963,0.74826354,0.20209337023059482,2.080953994809035,1627
RELA,ITGAX,Unknown,7678251,0.2120706902300798,0.2610036678893002,0.2434963,0.49007362,0.10371769240978332,1.4143037494003878,1628
RELA,JUNB,Activation,17018379,0.2120706902300798,0.736578859619761,0.2434963,3.2439663,1.1530075292894382,4.791958856022352,1629
RELA,KDM2A,Unknown,20080798,0.2120706902300798,0.3707902634211173,0.2434963,0.5294196,0.118709321254256,2.194035874802864,1630
RELA,MAT2A,Activation,14530285,0.2120706902300798,0.3071023674558111,0.2434963,0.4431396,0.08583486402378157,1.7417083548275474,1631
RELA,MCL1,Activation,18223231,0.2120706902300798,0.6913137712569845,0.2434963,2.6946912,0.9437224019978924,4.470474767872356,1632
RELA,MGMT,Unknown,22675172,0.2120706902300798,0.321940646882283,0.2434963,0.4081281,0.07249476134268797,1.847093562361064,1633
RELA,MICA,Unknown,15494508,0.2120706902300798,0.0721907302434139,0.2434963,0.07644248,-0.053884292072395444,0.07330658612242268,1634
RELA,MIF,Unknown,18710704,0.2120706902300798,0.8616205401799172,0.2434963,2.9532127,1.0422244186287233,5.680036447596926,1635
RELA,MYC,Activation,17018379,0.2120706902300798,0.2710070023341127,0.2434963,0.41546583,0.07529058761823003,1.4853499567263537,1636
RELA,NAMPT,Activation,16701870,0.2120706902300798,0.3872124041346845,0.2434963,1.0759567,0.32695121414736605,2.310670065162991,1637
RELA,NCOR1,Unknown,17876798,0.2120706902300798,0.5516838946314767,0.2434963,0.9903674,0.29433992784421065,3.478788123947415,1638
RELA,NCOR2,Unknown,17876798,0.2120706902300798,0.1985661887295784,0.2434963,0.25400025,0.01376887570464926,0.9708570053406955,1639
RELA,NFKB1,Activation,20596645,0.2120706902300798,0.359286428809583,0.2434963,0.5491799,0.1262384025849392,2.1123327363780033,1640
RELA,NFKBIA,Activation,12885753,0.2120706902300798,0.4073857952650564,0.2434963,0.7596052,0.20641477631071284,2.453946583270356,1641
RELA,NFKBIZ,Unknown,20220144,0.2120706902300798,0.4062187395798283,0.2434963,0.879816,0.25221756726158345,2.445657859082327,1642
RELA,NOLC1,Activation,21266110,0.2120706902300798,0.1779759919973325,0.2434963,0.21357064,-0.0016356384908741617,0.8246202285947003,1643
RELA,NRF1,Unknown,20587593,0.2120706902300798,0.0663554518172724,0.2434963,0.07035689,-0.05620302721584934,0.03186296518226968,1644
RELA,OPTN,Activation,19340308,0.2120706902300798,0.2230743581193772,0.2434963,0.33294085,0.0438468703551823,1.14492021328937,1645
RELA,PCK2,Repression,20137375,0.2120706902300798,0.0909469823274405,0.2434963,0.10086803,-0.04457765439499842,0.20651822485863136,1646
RELA,PCYT2,Unknown,18583706,0.2120706902300798,0.0727742580860281,0.2434963,0.07635913,-0.05391605013927258,0.07745094821643835,1647
RELA,PLAUR,Activation,19020743,0.2120706902300798,0.2094031343781289,0.2434963,0.33994368,0.04651509283231819,1.047823729943851,1648
RELA,POU2F2,Unknown,9360945,0.2120706902300798,0.5630210070022642,0.2434963,2.26736,0.7809004124563148,3.5593071589168432,1649
RELA,PPARA,Unknown,10542237,0.2120706902300798,0.0808602867622529,0.2434963,0.09469899,-0.04692818570738931,0.13487996580493722,1650
RELA,PPARD,Repression,14708613,0.2120706902300798,0.0523507835945317,0.2434963,0.055434983,-0.06188858115034885,-0.06760172507410539,1651
RELA,PPIG,Unknown,19928584,0.2120706902300798,0.5861120373457064,0.2434963,1.1595813,0.35881390928083295,3.7233054874942813,1652
RELA,PSMB10,Unknown,18694960,0.2120706902300798,0.7141547182393063,0.2434963,1.9314877,0.6529261477222967,4.632696941266645,1653
RELA,PSMB9,Unknown,18694960,0.2120706902300798,0.8183561187061031,0.2434963,3.066415,1.0853568267156652,5.372761600912123,1654
RELA,PTAFR,Activation,11502209,0.2120706902300798,0.217489163054355,0.2434963,0.36711854,0.05686927425111894,1.105252747532359,1655
RELA,PTEN,Activation,17334236;19940030,0.2120706902300798,0.5405968656218095,0.2434963,1.0544661,0.3187628528752608,3.400045244161136,1656
RELA,PTGER4,Unknown,23300802,0.2120706902300798,0.2286595531843994,0.2434963,0.333941,0.044227948106678114,1.1845876790463812,1657
RELA,PTPN6,Unknown,18948549,0.2120706902300798,0.6570523507835017,0.2434963,1.7719355,0.5921334730012942,4.227141507780923,1658
RELA,RIPK2,Activation,19693652,0.2120706902300798,0.1729743247749246,0.2434963,0.21190375,-0.0022707579161512326,0.7890971249317057,1659
RELA,SERPINB1,Activation,10861849,0.2120706902300798,0.6224574858285251,0.2434963,1.9644042,0.6654680122497296,3.981440040778624,1661
RELA,SIRT1,Activation,20617556,0.2120706902300798,0.1296265421807227,0.2434963,0.14705001,-0.026981368739821942,0.48123022651908415,1662
RELA,SOCS3,Unknown,23335796,0.2120706902300798,0.1829776592197404,0.2434963,0.27242282,0.020788254350226708,0.860143332257695,1663
RELA,SOD2,Activation,11880364;14515147;19507253,0.2120706902300798,0.5062520840279533,0.2434963,2.0023332,0.6799197425266729,3.1561199323419866,1664
RELA,STAT1,Unknown,25040843,0.2120706902300798,0.694648216071922,0.2434963,3.1569238,1.1198425438526791,4.494156836981012,1665
RELA,STAT3,Unknown,25040843,0.2120706902300798,0.509253084361397,0.2434963,0.84672683,0.23960991190742378,3.1774337945397764,1666
RELA,STAT4,Unknown,17046972,0.2120706902300798,0.1502167389129686,0.2434963,0.18864664,-0.01113219588554668,0.6274670032650794,1667
RELA,STK39,Activation,18787102,0.2120706902300798,0.0848616205401786,0.2434963,0.0968665,-0.0461023197501382,0.16329844873532853,1668
RELA,TAP1,Unknown,18694960,0.2120706902300798,0.5478492830942986,0.2434963,1.1207321,0.3440115638492364,3.4515537444724615,1669
RELA,TAP2,Unknown,18694960,0.2120706902300798,0.2834278092697549,0.2434963,0.38220412,0.06261719097002136,1.5735656641560951,1670
RELA,TAPBP,Unknown,18694960,0.2120706902300798,0.7278259419805501,0.2434963,1.745354,0.5820053739647636,4.729793424612132,1671
RELA,TBP,Activation,7706261,0.2120706902300798,0.0886128709569839,0.2434963,0.09594962,-0.046451669916404745,0.18994077648257018,1672
RELA,TBX21,Activation,17407192,0.2120706902300798,0.060770256752251,0.2434963,0.091947705,-0.04797648196447491,-0.007804500574735702,1673
RELA,TIMP1,Repression,14600595,0.2120706902300798,0.4483994664887876,0.2434963,1.1428996,0.3524578379644027,2.745236033306816,1674
RELA,TLR2,Activation,12686724;19779021,0.2120706902300798,0.3110203401133627,0.2434963,0.6628083,0.16953316354886178,1.7695347860302177,1675
RELA,TLR7,Activation,16423052;20658750,0.2120706902300798,0.1535511837279072,0.2434963,0.21757247,-0.00011085882955486417,0.6511490723737424,1676
RELA,TNFAIP3,Activation,11880364;19343319,0.2120706902300798,0.1912304101367135,0.2434963,0.2820927,0.02447267781434144,0.9187564533016367,1677
RELA,TNFRSF10A,Unknown,21243522,0.2120706902300798,0.1033677892630847,0.2434963,0.11487321,-0.0392413923306139,0.2947339322883867,1678
RELA,TNFRSF10B,Activation,18599488,0.2120706902300798,0.111537179059683,0.2434963,0.12904467,-0.03384177416112643,0.3527550016046023,1679
RELA,TNFRSF13C,Activation,20025535,0.2120706902300798,0.0936145381793909,0.2434963,0.21415524,-0.0014128938490459853,0.22546388014555846,1680
RELA,TNFSF10,Activation,11544302;20542572,0.2120706902300798,0.565271757252347,0.2434963,4.0093765,1.4446445817195366,3.5752925555651855,1681
RELA,TNFSF14,Unknown,21243522,0.2120706902300798,0.0753584528176051,0.2434963,0.08986383,-0.04877048126397832,0.09580455177564937,1682
RELA,TP53,Unknown,10348347;11032029;15155458,0.2120706902300798,0.2720906968989674,0.2434963,0.35978127,0.054073623245052146,1.493046629186667,1683
RELA,TRIM21,Unknown,23391827,0.2120706902300798,0.185228409469824,0.2434963,0.22799206,0.003859219587390886,0.8761287289060429,1684
RELA,UPP1,Activation,20544543,0.2120706902300798,0.3474491497165549,0.2434963,0.52375054,0.11654929262065616,2.028261391042277,1685
RELA,XIAP,Activation,15041463;15756023;18223231,0.2120706902300798,0.3568689563187533,0.2434963,0.55401504,0.12808069052111623,2.0951632362742285,1686
RELA,YY1,Repression,16784892,0.2120706902300798,0.5901967322440048,0.2434963,1.149995,0.35516133151833307,3.752316022152384,1687
RELB,CD40,Unknown,11027342,0.1352117372457449,0.1583027675891947,0.1583036,0.22449163,0.002525483654112379,0.6848960208535875,1688
REST,CD59,Repression,20421646,0.3680393464487939,0.0925308436145361,0.5587676,0.115789846,-0.03889213513337337,0.2177672076852447,1689
REST,DYRK1A,Unknown,21252229,0.3680393464487939,0.281343781260419,0.5587676,0.37661958,0.060489366197398815,1.5587643709631855,1690
REST,KCNN4,Repression,16209944,0.3680393464487939,0.0753584528176051,0.5587676,0.08494552,-0.05064445868332482,0.09580455177564937,1691
REST,STAT1,Repression,23598529,0.3680393464487939,0.694648216071922,0.5587676,3.1569238,1.1198425438526791,4.494156836981012,1692
RFX1,CIITA,Unknown,1505960,0.1342947649216367,0.3066855618539439,0.1597205,0.6218787,0.1539381428643413,1.7387480961889654,1693
RFX1,HDAC1,Unknown,16464847,0.1342947649216367,0.4005501833944345,0.1597205,0.5516806,0.12719122079537318,2.4053983415976123,1694
RFX1,HLA-DMB,Unknown,11889043,0.1342947649216367,0.4447315771923564,0.1597205,1.470584,0.4773123441407318,2.7191857572872955,1695
RFX1,HLA-DOB,Unknown,12938212,0.1342947649216367,0.0678559519839945,0.1597205,0.10361848,-0.04352967629011248,0.04251989628116614,1696
RFX1,HLA-DPB1,Unknown,11889043,0.1342947649216367,0.5259253084360845,0.1597205,4.220864,1.525225675524937,3.295844140083053,1697
RFX1,ITGAL,Unknown,21192791,0.1342947649216367,0.4420640213404064,0.1597205,0.82254535,0.2303962699274797,2.7002401020003712,1699
RFX1,MYC,Repression,10918054;12032779,0.1342947649216367,0.2710070023341127,0.1597205,0.41546583,0.07529058761823003,1.4853499567263537,1700
RFX1,PCNA,Repression,10336433,0.1342947649216367,0.1495498499499809,0.1597205,0.18606216,-0.012116936001715161,0.6227305894433469,1701
RFX5,HDAC2,Unknown,16464847,0.1112870956985626,0.2718406135378471,0.12704407,0.3647826,0.05597923299447831,1.4912704740035179,1702
RFX5,HLA-DMA,Unknown,11258423;7495736,0.1112870956985626,0.4324774924974611,0.12704407,1.4303218,0.46197161660358754,2.6321541533129875,1703
RFX5,HLA-DMB,Unknown,11258423;7495736,0.1112870956985626,0.4447315771923564,0.12704407,1.470584,0.4773123441407318,2.7191857572872955,1704
RFX5,HLA-DOA,Unknown,11258423,0.1112870956985626,0.0734411470490157,0.12704407,0.10345187,-0.043593158132012914,0.08218736203817019,1705
RFX5,HLA-DOB,Unknown,11258423,0.1112870956985626,0.0678559519839945,0.12704407,0.10361848,-0.04352967629011248,0.04251989628116614,1706
RFX5,HLA-DPA1,Unknown,11258423,0.1112870956985626,0.561270423474422,0.12704407,6.742542,2.4860369360723213,3.546874072634799,1707
RFX5,HLA-DPB1,Unknown,11258423,0.1112870956985626,0.5259253084360845,0.12704407,4.220864,1.525225675524937,3.295844140083053,1708
RFX5,HLA-DQA1,Unknown,11258423,0.1112870956985626,0.3291097032343986,0.12704407,2.503589,0.8709085273971787,1.8980100109446725,1709
RFX5,HLA-DQA2,Unknown,11258423,0.1112870956985626,0.0845281760586847,0.12704407,0.11970768,-0.03739935967823778,0.160930241824462,1710
RFX5,HLA-DQB1,Unknown,11258423;18723135,0.1112870956985626,0.5181727242413549,0.12704407,2.478512,0.8613536738509501,3.240783329405429,1711
RFX5,HLA-DRB1,Unknown,11258423;18723135,0.1112870956985626,0.530593531176997,0.12704407,5.5847845,2.044907480613223,3.32899903683517,1713
RFX5,HLA-DRB5,Unknown,11258423,0.1112870956985626,0.4636545515171267,0.12704407,2.2514338,0.7748322022019803,2.8535814994789144,1714
RFXANK,HLA-DMA,Unknown,11258423,0.1996498832944335,0.4324774924974611,0.23366001,1.4303218,0.46197161660358754,2.6321541533129875,1715
RFXANK,HLA-DMB,Unknown,11258423,0.1996498832944335,0.4447315771923564,0.23366001,1.470584,0.4773123441407318,2.7191857572872955,1716
RFXANK,HLA-DOA,Unknown,11258423,0.1996498832944335,0.0734411470490157,0.23366001,0.10345187,-0.043593158132012914,0.08218736203817019,1717
RFXANK,HLA-DOB,Unknown,11258423;12938212,0.1996498832944335,0.0678559519839945,0.23366001,0.10361848,-0.04352967629011248,0.04251989628116614,1718
RFXANK,HLA-DPA1,Unknown,11258423,0.1996498832944335,0.561270423474422,0.23366001,6.742542,2.4860369360723213,3.546874072634799,1719
RFXANK,HLA-DPB1,Unknown,11258423,0.1996498832944335,0.5259253084360845,0.23366001,4.220864,1.525225675524937,3.295844140083053,1720
RFXANK,HLA-DQA1,Unknown,11258423,0.1996498832944335,0.3291097032343986,0.23366001,2.503589,0.8709085273971787,1.8980100109446725,1721
RFXANK,HLA-DQA2,Unknown,11258423,0.1996498832944335,0.0845281760586847,0.23366001,0.11970768,-0.03739935967823778,0.160930241824462,1722
RFXANK,HLA-DQB1,Unknown,11258423,0.1996498832944335,0.5181727242413549,0.23366001,2.478512,0.8613536738509501,3.240783329405429,1723
RFXANK,HLA-DRB1,Unknown,11258423,0.1996498832944335,0.530593531176997,0.23366001,5.5847845,2.044907480613223,3.32899903683517,1725
RFXANK,HLA-DRB5,Unknown,11258423,0.1996498832944335,0.4636545515171267,0.23366001,2.2514338,0.7748322022019803,2.8535814994789144,1726
RFXAP,HLA-DMA,Unknown,11258423,0.0634378126042016,0.4324774924974611,0.06877295,1.4303218,0.46197161660358754,2.6321541533129875,1727
RFXAP,HLA-DMB,Unknown,11258423,0.0634378126042016,0.4447315771923564,0.06877295,1.470584,0.4773123441407318,2.7191857572872955,1728
RFXAP,HLA-DOA,Unknown,11258423,0.0634378126042016,0.0734411470490157,0.06877295,0.10345187,-0.043593158132012914,0.08218736203817019,1729
RFXAP,HLA-DOB,Unknown,11258423,0.0634378126042016,0.0678559519839945,0.06877295,0.10361848,-0.04352967629011248,0.04251989628116614,1730
RFXAP,HLA-DPA1,Unknown,11258423,0.0634378126042016,0.561270423474422,0.06877295,6.742542,2.4860369360723213,3.546874072634799,1731
RFXAP,HLA-DPB1,Unknown,11258423,0.0634378126042016,0.5259253084360845,0.06877295,4.220864,1.525225675524937,3.295844140083053,1732
RFXAP,HLA-DQA1,Unknown,11258423,0.0634378126042016,0.3291097032343986,0.06877295,2.503589,0.8709085273971787,1.8980100109446725,1733
RFXAP,HLA-DQA2,Unknown,11258423,0.0634378126042016,0.0845281760586847,0.06877295,0.11970768,-0.03739935967823778,0.160930241824462,1734
RFXAP,HLA-DQB1,Unknown,11258423;18723135,0.0634378126042016,0.5181727242413549,0.06877295,2.478512,0.8613536738509501,3.240783329405429,1735
RFXAP,HLA-DRB1,Unknown,11258423;18723135,0.0634378126042016,0.530593531176997,0.06877295,5.5847845,2.044907480613223,3.32899903683517,1737
RFXAP,HLA-DRB5,Unknown,11258423,0.0634378126042016,0.4636545515171267,0.06877295,2.2514338,0.7748322022019803,2.8535814994789144,1738
RORA,TUBA1B,Unknown,23029400,0.2217405801934018,0.6477992664220501,0.38404047,2.11581,0.7231567407678773,4.161423766004404,1739
RREB1,SLC39A3,Unknown,21613827,0.227159053017677,0.117455818606198,0.31401813,0.13046183,-0.0333018070098893,0.3947906742724722,1740
RUNX1,CCND2,Unknown,19379567,0.2892630876958955,0.2890130043347752,0.41071284,0.4857372,0.10206542706644334,1.6132331299130929,1741
RUNX1,CD6,Unknown,19446338,0.2892630876958955,0.1953984661553867,0.41071284,0.27317324,0.02107417982768257,0.9483590396874653,1742
RUNX1,CSF1R,Unknown,8585955;9209363,0.2892630876958955,0.2296598866288809,0.41071284,0.5280904,0.11820286867485466,1.1916922997789796,1743
RUNX1,ITGB2,Unknown,12855590,0.2892630876958955,0.7391630543513376,0.41071284,3.2106972,1.1403313168990072,4.81031245958156,1744
RUNX1,JUN,Activation,20959602,0.2892630876958955,0.6497165721906392,0.41071284,2.2591062,0.777755544641191,4.175040955741881,1745
RUNX1,KLF4,Unknown,19328795,0.2892630876958955,0.3008502834278033,0.41071284,0.67706454,0.17496508464468213,1.6973044752488187,1746
RUNX1,LGALS3,Activation,19020999,0.2892630876958955,0.4194731577192048,0.41071284,1.583788,0.5204453999626909,2.539794083789231,1747
RUNX1,NF1,Repression,15988004,0.2892630876958955,0.1583027675891947,0.41071284,0.19589853,-0.008369076418171799,0.6848960208535875,1748
RUNX1,NFKB1,Unknown,19686049,0.2892630876958955,0.359286428809583,0.41071284,0.5491799,0.1262384025849392,2.1123327363780033,1749
RUNX1,PIK3CD,Unknown,19638627,0.2892630876958955,0.2993497832610814,0.41071284,0.39479098,0.0674130438992746,1.6866475441499238,1750
RUNX1,PRKCQ,Unknown,21252065,0.2892630876958955,0.0859453151050334,0.41071284,0.09911733,-0.04524470715662789,0.1709951211956424,1751
RUNX1,RELA,Unknown,19686049,0.2892630876958955,0.2120706902300798,0.41071284,0.2434963,0.009766654390021983,1.0667693852307816,1752
RUNX1,SPI1,Activation,12576332;18316480,0.2892630876958955,0.4275591863954283,0.41071284,1.8685457,0.6289439492174228,2.597223101377721,1753
RUNX1,SYMPK,Repression,19328795,0.2892630876958955,0.2392464154718294,0.41071284,0.30501518,0.033206614860892276,1.2597782484663862,1754
RUNX1,TIMP1,Unknown,15051730,0.2892630876958955,0.4483994664887876,0.41071284,1.1428996,0.3524578379644027,2.745236033306816,1755
RUNX2,LGALS3,Activation,19020999,0.100283427809267,0.4194731577192048,0.14663315,1.583788,0.5204453999626909,2.539794083789231,1756
RUNX2,SNAI3,Activation,22641097,0.100283427809267,0.0533511170390132,0.14663315,0.055851787,-0.061729770240850815,-0.06049710434150702,1757
RUNX3,CAPN10,Activation,17956589,0.2908469489829908,0.0728576192064016,0.42913604,0.076275766,-0.05394781354043811,0.07804299994415521,1758
RUNX3,CASP2,Activation,17956589,0.2908469489829908,0.1653884628209393,0.42913604,0.19381447,-0.009163146206485923,0.7352204177094971,1759
RUNX3,CASP3,Activation,15930301;19290488,0.2908469489829908,0.1763921307102367,0.42913604,0.22499137,0.0027158948879598206,0.8133712457680856,1760
RUNX3,CASP7,Activation,15930301,0.2908469489829908,0.1199566522174016,0.42913604,0.13888083,-0.03009399459190872,0.412552226103967,1761
RUNX3,CASP8,Activation,15930301,0.2908469489829908,0.3737912637545611,0.42913604,0.546428,0.12518987200018555,2.215349737000654,1762
RUNX3,CD36,Repression,16887969,0.2908469489829908,0.3903801267088752,0.42913604,2.271595,0.7825140346905645,2.333168030816214,1763
RUNX3,CD6,Unknown,19446338,0.2908469489829908,0.1953984661553867,0.42913604,0.27317324,0.02107417982768257,0.9483590396874653,1764
RUNX3,CDKN1A,Activation,20599712,0.2908469489829908,0.0708569523174387,0.42913604,0.104368836,-0.043243775197974905,0.06383375847895917,1765
RUNX3,CFLAR,Repression,17956589,0.2908469489829908,0.6237912637545001,0.42913604,1.5071025,0.4912266448636234,3.990912868422086,1766
RUNX3,DNASE1,Activation,17956589,0.2908469489829908,0.1017005668556157,0.42913604,0.11804073,-0.03803450196475076,0.28289289773405724,1767
RUNX3,FADD,Activation,17956589,0.2908469489829908,0.1128709569856582,0.42913604,0.12354305,-0.035938004705729144,0.36222782924806596,1768
RUNX3,HSPD1,Repression,17956589,0.2908469489829908,0.5330110036678267,0.42913604,0.99828225,0.2973556487275048,3.3461685369389453,1769
RUNX3,ICAM3,Repression,22479382,0.2908469489829908,0.6505501833943735,0.42913604,1.2288547,0.38520850160245507,4.180961473019045,1770
RUNX3,ING1,Activation,17956589,0.2908469489829908,0.1753917972657551,0.42913604,0.20456764,-0.00506596693832388,0.8062666250354865,1771
RUNX3,ING4,Activation,17956589,0.2908469489829908,0.2033177725908659,0.42913604,0.23466034,0.006399971623330015,1.0046039538205402,1772
RUNX3,MYC,Repression,20442291,0.2908469489829908,0.2710070023341127,0.42913604,0.41546583,0.07529058761823003,1.4853499567263537,1773
RUNX3,PEA15,Repression,17956589,0.2908469489829908,0.19114704901634,0.42913604,0.30768403,0.03422350168494828,0.9181644015739199,1774
RUNX3,RUNX1,Repression,19403666,0.2908469489829908,0.2892630876958955,0.42913604,0.41071284,0.07347960052421204,1.6150092850962414,1775
RUNX3,TCF4,Activation,24447505,0.2908469489829908,0.1880626875625218,0.42913604,0.56477,0.1321785518161494,0.8962584876484067,1776
RUNX3,TIAL1,Repression,17956589,0.2908469489829908,0.4130543514504501,0.42913604,0.5800281,0.13799220220868885,2.4942061007550698,1777
RUNX3,TIMP1,Activation,21128246,0.2908469489829908,0.4483994664887876,0.42913604,1.1428996,0.3524578379644027,2.745236033306816,1778
RUNX3,TRAF6,Activation,17956589,0.2908469489829908,0.0762754251417131,0.42913604,0.08227797,-0.05166085018060288,0.10231712078053085,1779
RUNX3,TXN2,Repression,17956589,0.2908469489829908,0.3574524841613674,0.42913604,0.49632102,0.10609808049626532,2.099307598368243,1780
RUVBL1,TP53,Repression,21617703,0.170723574524841,0.2720906968989674,0.20590158,0.35978127,0.054073623245052146,1.493046629186667,1781
RXRA,IL2RB,Activation,12149223,0.3207735911970549,0.1022007335778564,0.65547293,0.20590205,-0.004557529241604853,0.2864452081003561,1782
RXRA,IL2RG,Activation,12149223,0.3207735911970549,0.565271757252347,0.65547293,1.211842,0.37872631246795235,3.5752925555651855,1783
RXRA,NOL7,Activation,20206243,0.3207735911970549,0.5149216405467908,0.65547293,0.8128799,0.22671353438461592,3.2176933120244904,1784
RXRA,TLR10,Unknown,24373795,0.3207735911970549,0.066105368456152,0.65547293,0.106035925,-0.042608579949598754,0.03008680999911994,1785
SATB1,BCL2,Activation,20564216,0.3237745915304986,0.3046848949649814,0.5169979,0.5778597,0.13716599714310515,1.7245388547237723,1786
SATB1,CD8B,Unknown,11937547,0.3237745915304986,0.1708069356452145,0.5169979,0.5966174,0.1443130672218264,0.7737037800110746,1787
SATB1,CDK4,Activation,22583549,0.3237745915304986,0.155135045015003,0.5169979,0.1749755,-0.016341181829239635,0.6623980552003572,1788
SATB1,CYBB,Repression,14605447,0.3237745915304986,0.4816605535177892,0.5169979,4.499658,1.631451932236955,2.9814646726656533,1789
SATB1,GATA3,Activation,20126258,0.3237745915304986,0.1107869289763219,0.5169979,0.14721672,-0.026917848795861676,0.34742653605515383,1790
SATB1,HDAC1,Unknown,15713622,0.3237745915304986,0.4005501833944345,0.5169979,0.5516806,0.12719122079537318,2.4053983415976123,1791
SATB1,SPI1,Activation,17694175,0.3237745915304986,0.4275591863954283,0.5169979,1.8685457,0.6289439492174228,2.597223101377721,1792
SERTAD1,SET,Activation,20570897,0.1043681227075662,0.8500333444480094,0.11337272,2.863183,1.0079212484604056,5.597741257444349,1793
SETBP1,PTPA,Repression,21233840,0.058769589863288,0.1312104034678185,0.07635896,0.14863394,-0.026377858783388646,0.49247920934569894,1794
SETBP1,PTGER2,Repression,18419541,0.058769589863288,0.2022340780260109,0.07635896,0.27550685,0.02196333330632894,0.9969072813602252,1795
SF1,SF3B1,Unknown,16376933,0.7926808936310844,0.707985995331672,1.8340567,1.6189796,0.5338541244535574,4.588885113415633,1796
SF1,TCERG1,Repression,11604498,0.7926808936310844,0.2535011670556908,1.8340567,0.3561136,0.0526761654268962,1.3610190939059132,1797
SF1,U2AF2,Unknown,10606272;16376933,0.7926808936310844,0.2154884961653919,1.8340567,0.2552499,0.014245018095447383,1.0910435060671615,1798
SFPQ,STAT6,Repression,21106524,0.6446315438478595,0.3564521507168861,1.4784292,0.5347555,0.12074240906529089,2.092202977635646,1800
SIRT1,BCL11A,Repression,15639232,0.1296265421807227,0.2264921640546893,0.14705001,0.6068709,0.1482198619275829,1.16919433412575,1801
SIRT1,CCAR2,Repression,23892437,0.1296265421807227,0.100450150050014,0.14705001,0.108704366,-0.041591848962967505,0.27401212181831053,1802
SIRT1,CDKN1A,Repression,15130752;21719763;23474493,0.1296265421807227,0.0708569523174387,0.14705001,0.104368836,-0.043243775197974905,0.06383375847895917,1803
SIRT1,CFLAR,Activation,22483777,0.1296265421807227,0.6237912637545001,0.14705001,1.5071025,0.4912266448636234,3.990912868422086,1804
SIRT1,CTNNB1,Repression,22245592,0.1296265421807227,0.4339779926641829,0.14705001,0.7061655,0.18605314983807278,2.642811084411882,1805
SIRT1,EGLN1,Repression,22245592,0.1296265421807227,0.1774758252750917,0.14705001,0.20765226,-0.0038906631800685906,0.8210679182284008,1806
SIRT1,EZH2,Repression,21703114,0.1296265421807227,0.062604201400467,0.14705001,0.074691765,-0.054551350549333896,0.0052206374350274275,1807
SIRT1,FOXO3,Repression,17558024;21841822,0.1296265421807227,0.2166555518506204,0.14705001,0.2870103,0.026346384709063066,1.0993322302551938,1808
SIRT1,HIF1A,Activation,22245592,0.1296265421807227,0.3469489829943142,0.14705001,0.5292545,0.11864641475345915,2.0247090806759784,1809
SIRT1,HSF1,Activation,23349863,0.1296265421807227,0.1580526842280743,0.14705001,0.17564212,-0.016087185877930187,0.6831198656704377,1810
SIRT1,HSPA4,Unknown,23349863,0.1296265421807227,0.294681560520169,0.14705001,0.40112644,0.06982698465965222,1.6534926473978069,1811
SIRT1,HYOU1,Activation,22564731,0.1296265421807227,0.1044514838279396,0.14705001,0.1219589,-0.0365415984866941,0.3024306047487012,1812
SIRT1,ICAM1,Repression,23238746,0.1296265421807227,0.1101200400133343,0.14705001,0.13971451,-0.02977634533942957,0.34269012223342193,1813
SIRT1,IL1B,Unknown,21245135,0.1296265421807227,0.0821940646882281,0.14705001,0.16480523,-0.02021626419059079,0.14435279344840074,1814
SIRT1,MCL1,Activation,22483777,0.1296265421807227,0.6913137712569845,0.14705001,2.6946912,0.9437224019978924,4.470474767872356,1815
SIRT1,MYC,Repression,22245592;22483777,0.1296265421807227,0.2710070023341127,0.14705001,0.41546583,0.07529058761823003,1.4853499567263537,1816
SIRT1,NBN,Activation,18692496,0.1296265421807227,0.2743414471490502,0.14705001,0.39770952,0.06852506775654661,1.509032025835009,1817
SIRT1,NDRG1,Unknown,16314423,0.1296265421807227,0.1678059353117698,0.14705001,0.20490131,-0.004938831795253729,0.7523899178132779,1818
SIRT1,NOTCH1,Repression,23028940,0.1296265421807227,0.1539679893297745,0.14705001,0.18106061,-0.014022629575672964,0.6541093310123253,1819
SIRT1,PER1,Activation,22149272,0.1296265421807227,0.1221240413471113,0.14705001,0.15488586,-0.023995748483801864,0.42794557102459535,1820
SIRT1,SHC1,Unknown,21778425,0.1296265421807227,0.134878292764251,0.14705001,0.15196835,-0.02510737988985751,0.5185294853652287,1821
SIRT1,TNFRSF10B,Repression,22483777,0.1296265421807227,0.111537179059683,0.14705001,0.12904467,-0.03384177416112643,0.3527550016046023,1822
SIRT1,TP53,Activation,23661372,0.1296265421807227,0.2720906968989674,0.14705001,0.35978127,0.054073623245052146,1.493046629186667,1823
SIRT1,WRN,Repression,17996922,0.1296265421807227,0.0816938979659874,0.14705001,0.09203144,-0.04794457720466737,0.14080048308210194,1824
SIRT1,XPC,Repression,21149730,0.1296265421807227,0.2321607202400849,0.14705001,0.3032646,0.03253960782173461,1.2094538516104774,1825
SIRT2,CDKN1A,Repression,14522900,0.1606368789596517,0.0708569523174387,0.18647888,0.104368836,-0.043243775197974905,0.06383375847895917,1826
SKI,MDM2,Activation,22411991,0.1212070690230033,0.2341613871290481,0.13546333,0.3111005,0.03552524712878462,1.2236630930756756,1827
SKIL,SMAD7,Repression,23154975,0.1623874624874945,0.0807769256418794,0.22149044,0.09353193,-0.04737285960696508,0.13428791407722035,1828
SLA2,CD69,Unknown,11696592,0.0541847282427478,0.19114704901634,0.060019832,0.2845101,0.025393757008928243,0.9181644015739199,1829
SMAD2,AHR,Unknown,11259615,0.3468656218739408,0.2662554184728268,0.5109108,0.5568498,0.12916079247265375,1.4516030082465203,1830
SMAD2,BCL2,Unknown,24739390,0.3468656218739408,0.3046848949649814,0.5109108,0.5778597,0.13716599714310515,1.7245388547237723,1831
SMAD2,CDKN1A,Unknown,10506225,0.3468656218739408,0.0708569523174387,0.5109108,0.104368836,-0.043243775197974905,0.06383375847895917,1832
SMAD3,AHR,Unknown,11259615,0.1583027675891947,0.2662554184728268,0.19473146,0.5568498,0.12916079247265375,1.4516030082465203,1833
SMAD3,CCND2,Activation,24416423,0.1583027675891947,0.2890130043347752,0.19473146,0.4857372,0.10206542706644334,1.6132331299130929,1834
SMAD3,CDKN1A,Activation,10878024,0.1583027675891947,0.0708569523174387,0.19473146,0.104368836,-0.043243775197974905,0.06383375847895917,1835
SMAD3,JUN,Unknown,10022869,0.1583027675891947,0.6497165721906392,0.19473146,2.2591062,0.777755544641191,4.175040955741881,1836
SMAD3,LTBP4,Unknown,23741501,0.1583027675891947,0.0711070356785591,0.19473146,0.07669256,-0.053789006441146044,0.06560991366210892,1837
SMAD3,MXD1,Unknown,21345218,0.1583027675891947,0.1935645215071705,0.19473146,0.28017548,0.023742177502665385,0.9353339016777007,1838
SMAD3,MYC,Unknown,17132729,0.1583027675891947,0.2710070023341127,0.19473146,0.41546583,0.07529058761823003,1.4853499567263537,1839
SMAD3,POR,Unknown,21393444,0.1583027675891947,0.1492997665888605,0.19473146,0.17322476,-0.017008249831693054,0.620954434260197,1840
SMAD3,SMAD7,Repression,12761881,0.1583027675891947,0.0807769256418794,0.19473146,0.09353193,-0.04737285960696508,0.13428791407722035,1841
SMAD3,TGFB1,Repression,19214138,0.1583027675891947,0.6528009336444563,0.19473146,1.5803765,0.5191455481912287,4.1969468696673875,1842
SMAD3,VDR,Activation,17471513,0.1583027675891947,0.0529343114371459,0.19473146,0.062020496,-0.059379365046277985,-0.06345736298008972,1843
SMAD3,ZFP36,Unknown,12754205,0.1583027675891947,0.5824441480492751,0.19473146,1.8632107,0.6269112043249265,3.6972552114747606,1844
SMAD4,AHR,Unknown,11259615,0.2314938312770972,0.2662554184728268,0.28901026,0.5568498,0.12916079247265375,1.4516030082465203,1845
SMAD4,BCL2,Unknown,24739390,0.2314938312770972,0.3046848949649814,0.28901026,0.5778597,0.13716599714310515,1.7245388547237723,1846
SMAD4,BTRC,Repression,14988407,0.2314938312770972,0.052767589196399,0.28901026,0.058185898,-0.060840425870884646,-0.06464146643552268,1847
SMAD4,CDKN1A,Activation,10878024,0.2314938312770972,0.0708569523174387,0.28901026,0.104368836,-0.043243775197974905,0.06383375847895917,1848
SMAD4,FBXO32,Unknown,20065949,0.2314938312770972,0.0746915638546175,0.28901026,0.08777981,-0.04956453581146851,0.0910681379539176,1849
SMAD4,JUN,Unknown,10022869,0.2314938312770972,0.6497165721906392,0.28901026,2.2591062,0.777755544641191,4.175040955741881,1850
SMAD4,MYC,Unknown,17132729,0.2314938312770972,0.2710070023341127,0.28901026,0.41546583,0.07529058761823003,1.4853499567263537,1851
SMAD4,POR,Unknown,21393444,0.2314938312770972,0.1492997665888605,0.28901026,0.17322476,-0.017008249831693054,0.620954434260197,1852
SMAD4,SKIL,Unknown,22674574,0.2314938312770972,0.1623874624874945,0.28901026,0.22149044,0.0013819684443821154,0.7139065555116998,1853
SMAD4,SMAD7,Unknown,10559222;10823886,0.2314938312770972,0.0807769256418794,0.28901026,0.09353193,-0.04737285960696508,0.13428791407722035,1854
SMAD4,TGFB1,Unknown,21968601,0.2314938312770972,0.6528009336444563,0.28901026,1.5803765,0.5191455481912287,4.1969468696673875,1855
SMAD4,UCP2,Unknown,21935467,0.2314938312770972,0.7122374124707173,0.28901026,1.977506,0.670460067925926,4.619079751529168,1856
SMAD4,ZFP36,Unknown,12754205,0.2314938312770972,0.5824441480492751,0.28901026,1.8632107,0.6269112043249265,3.6972552114747606,1857
SMAD7,CDKN1A,Repression,15555279,0.0807769256418794,0.0708569523174387,0.09353193,0.104368836,-0.043243775197974905,0.06383375847895917,1858
SMAD7,HMOX1,Unknown,11018038,0.0807769256418794,0.1859786595531852,0.09353193,0.37395507,0.0594741330027399,0.8814571944554923,1859
SMAD7,MYC,Activation,15555279,0.0807769256418794,0.2710070023341127,0.09353193,0.41546583,0.07529058761823003,1.4853499567263537,1860
SMAD7,TGFB1,Activation,19214138,0.0807769256418794,0.6528009336444563,0.09353193,1.5803765,0.5191455481912287,4.1969468696673875,1861
SMAD7,TGFBR1,Repression,15221015,0.0807769256418794,0.1531343781260399,0.09353193,0.18197754,-0.013673260358376507,0.6481888137351597,1862
SMARCA4,CD44,Repression,14604992,0.2253251083694608,0.7525008336110875,0.28400898,2.6831927,0.9393412366471204,4.905040736016181,1863
SMARCA4,CDKN1A,Activation,14729964,0.2253251083694608,0.0708569523174387,0.28400898,0.104368836,-0.043243775197974905,0.06383375847895917,1864
SMARCB1,CD44,Repression,14604992,0.2299099699900013,0.7525008336110875,0.3150185,2.6831927,0.9393412366471204,4.905040736016181,1866
SMG6,UPF1,Unknown,25053839,0.1133711237078989,0.1560520173391112,0.12887803,0.17897655,-0.014816699363987086,0.6689106242052402,1867
SNIP1,MYC,Unknown,17157259,0.099533177725906,0.2710070023341127,0.11370596,0.41546583,0.07529058761823003,1.4853499567263537,1868
SNW1,VDR,Unknown,15225769,0.4176392130709892,0.0529343114371459,0.6349678,0.062020496,-0.059379365046277985,-0.06345736298008972,1869
SOX4,AGO1,Unknown,19147588,0.1490496832277401,0.1843947982660893,0.30851808,0.23749503,0.007480046903425676,0.8702082116288767,1870
SOX4,DHX9,Unknown,19147588;22098624,0.1490496832277401,0.3574524841613674,0.30851808,0.5184983,0.11454808099288394,2.099307598368243,1871
SOX4,DICER1,Unknown,22098624,0.1490496832277401,0.4193897965988314,0.30851808,0.8381316,0.23633495222938608,2.539202032061515,1872
SOX4,HDAC8,Activation,23482931,0.1490496832277401,0.1542180726908949,0.30851808,0.18697916,-0.011767540112976808,0.655885486195475,1873
SOX4,KMT2A,Unknown,20019190,0.1490496832277401,0.5525175058352111,0.30851808,1.0026219,0.29900914476737767,3.484708641224579,1874
SP1,ABCB8,Activation,21046154,0.2797599199733236,0.0782760920306759,0.40529555,0.083778486,-0.05108912267636503,0.11652636224572621,1875
SP1,ABCC1,Repression,23765166,0.2797599199733236,0.0991997332444122,0.40529555,0.109871335,-0.04114720973626619,0.2651313459025631,1876
SP1,ACO1,Unknown,16886906,0.2797599199733236,0.0760253417805927,0.40529555,0.084695466,-0.05073973440803864,0.10054096559738111,1877
SP1,ADA,Unknown,8127716,0.2797599199733236,0.1097865955318405,0.40529555,0.14996777,-0.025869642078616695,0.3403219153225561,1878
SP1,ADAM10,Activation,21854868,0.2797599199733236,0.4194731577192048,0.40529555,0.723505,0.19265985650413456,2.539794083789231,1879
SP1,ADAM17,Activation,22705645,0.2797599199733236,0.3076025341780518,0.40529555,0.44188926,0.08535845872877054,1.745260665193846,1880
SP1,GRK2,Activation,12423667,0.2797599199733236,0.5270923641213127,0.40529555,0.9679397,0.2857945121693391,3.3041328642710823,1881
SP1,AHR,Repression,16410262,0.2797599199733236,0.2662554184728268,0.40529555,0.5568498,0.12916079247265375,1.4516030082465203,1882
SP1,ALOX5,Activation,19781662;9062372,0.2797599199733236,0.2878459486495471,0.40529555,0.48648772,0.10235139064595906,1.6049444057250635,1883
SP1,APAF1,Unknown,15972851,0.2797599199733236,0.2576692230743627,0.40529555,0.403212,0.07062162597886397,1.3906216802917324,1884
SP1,APEX1,Repression,18208837,0.2797599199733236,0.491913971323722,0.40529555,0.8462245,0.23941851383022647,3.0542870351747684,1885
SP1,APP,Activation,15673661,0.2797599199733236,0.2350783594531562,0.40529555,0.37170264,0.05861591077627214,1.2301756620805577,1886
SP1,ARF6,Activation,19642173,0.2797599199733236,0.5821107035677814,0.40529555,1.1254878,0.3458235835090761,3.6948870045638946,1887
SP1,ATF2,Unknown,2145272,0.2797599199733236,0.1853951317105709,0.40529555,0.22132294,0.0013181474941490955,0.8773128323614758,1888
SP1,ATM,Unknown,11466608,0.2797599199733236,0.7052350783593485,0.40529555,1.665242,0.5514810517852577,4.5693474064009925,1889
SP1,ATP2A2,Activation,17597815,0.2797599199733236,0.2139879959986695,0.40529555,0.28584278,0.025901535540012035,1.0803865749682628,1890
SP1,ATP2A3,Activation,22851172,0.2797599199733236,0.1643047682560842,0.40529555,0.1973157,-0.007829105456728682,0.7275237452491812,1891
SP1,ATP2C1,Activation,15955096,0.2797599199733236,0.1055351783927945,0.40529555,0.117874235,-0.03809793998928237,0.3101272772090157,1892
SP1,B4GALT1,Activation,17557191,0.2797599199733236,0.2960153384461439,0.40529555,0.41571465,0.07538539316352544,1.6629654750412686,1893
SP1,B4GALT5,Activation,15263012;16873896,0.2797599199733236,0.1658886295431801,0.40529555,0.2139877,-0.0014767300401029334,0.7387727280757965,1894
SP1,BAX,Unknown,11278953,0.2797599199733236,0.4886628876291579,0.40529555,0.8149618,0.22750678116843745,3.0311970177938288,1895
SP1,BCL2,Unknown,10542244,0.2797599199733236,0.3046848949649814,0.40529555,0.5778597,0.13716599714310515,1.7245388547237723,1896
SP1,BLMH,Activation,21190945,0.2797599199733236,0.1077025675225042,0.40529555,0.12395975,-0.035779233422373345,0.325520622129644,1897
SP1,BRD7,Activation,19111069,0.2797599199733236,0.4188062687562173,0.40529555,0.6414717,0.16140347944891112,2.5350576699675003,1898
SP1,BSG,Activation,11814679;20384626;20629990,0.2797599199733236,0.4403967989329376,0.40529555,0.6674841,0.17131473966288882,2.6883990674460434,1899
SP1,BTK,Unknown,10362515,0.2797599199733236,0.2680893631210424,0.40529555,0.42130092,0.07751387710178323,1.4646281462562807,1900
SP1,C1QBP,Unknown,11278463,0.2797599199733236,0.5370956985661252,0.40529555,0.9221759,0.2683575617080041,3.375179071597048,1901
SP1,CASP3,Unknown,11773055,0.2797599199733236,0.1763921307102367,0.40529555,0.22499137,0.0027158948879598206,0.8133712457680856,1902
SP1,CAT,Unknown,11479230,0.2797599199733236,0.3440313437812439,0.40529555,0.5742741,0.1357998096854604,2.003987270205905,1903
SP1,CBFB,Unknown,9064279,0.2797599199733236,0.1954818272757602,0.40529555,0.23290998,0.00573304840870399,0.9489510914151821,1904
SP1,CCL5,Unknown,11259372,0.2797599199733236,0.1663054351450474,0.40529555,2.0445166,0.6959924868374749,0.7417329867143793,1905
SP1,CCND2,Activation,9339900,0.2797599199733236,0.2890130043347752,0.40529555,0.4857372,0.10206542706644334,1.6132331299130929,1906
SP1,CD14,Activation,17203216,0.2797599199733236,0.3617872624207861,0.40529555,1.9396497,0.6560360378464869,2.130094288209495,1907
SP1,CD151,Activation,20149781,0.2797599199733236,0.090113371123706,0.40529555,0.10261865,-0.04391063211501681,0.20059770758146664,1908
SP1,CD163,Unknown,10725797,0.2797599199733236,0.182894298099367,0.40529555,0.31585345,0.03733621898197867,0.8595512805299789,1909
SP1,CD1D,Activation,22419072,0.2797599199733236,0.2224908302767629,0.40529555,0.36311698,0.0553445974653612,1.1407758511953536,1910
SP1,CD28,Unknown,10510368,0.2797599199733236,0.1066188729576494,0.40529555,0.13896412,-0.030062259386267484,0.31782394966933014,1911
SP1,CD2AP,Activation,21604172,0.2797599199733236,0.2022340780260109,0.40529555,0.28325918,0.024917130721970146,0.9969072813602252,1912
SP1,CD44,Activation,12972613,0.2797599199733236,0.7525008336110875,0.40529555,2.6831927,0.9393412366471204,4.905040736016181,1913
SP1,CD83,Unknown,12182451,0.2797599199733236,0.0669389796598865,0.40529555,0.0847786,-0.05070805864161076,0.036007327276284654,1914
SP1,ADGRE5,Activation,18329191,0.2797599199733236,0.5330943647882002,0.40529555,1.3243741,0.4216033605498424,3.346760588666662,1915
SP1,CD99,Activation,17473187,0.2797599199733236,0.5485161720572861,0.40529555,1.2145101,0.37974291352655953,3.4562901582941925,1916
SP1,CDK4,Activation,19017637,0.2797599199733236,0.155135045015003,0.40529555,0.1749755,-0.016341181829239635,0.6623980552003572,1917
SP1,CDK6,Repression,11297539,0.2797599199733236,0.1609703234411456,0.40529555,0.25333372,0.013514914045193673,0.703841676140518,1918
SP1,CDKN1A,Activation,10878024;12434298;12665570;14527674;15033443;15041706;15961274;17026958,0.2797599199733236,0.0708569523174387,0.40529555,0.104368836,-0.043243775197974905,0.06383375847895917,1919
SP1,CDKN1B,Activation,12907235;15064717;16518840,0.2797599199733236,0.3676225408469267,0.40529555,0.5059085,0.10975110786307139,2.171537909149641,1920
SP1,CENPW,Unknown,20180024,0.2797599199733236,0.052767589196399,0.40529555,0.060269915,-0.060046372466456256,-0.06464146643552268,1921
SP1,CERS2,Activation,22169644,0.2797599199733236,0.2535845281760643,0.40529555,0.3105996,0.03533439391104301,1.3616111456336302,1922
SP1,CES1,Unknown,11409902,0.2797599199733236,0.1338779593197694,0.40529555,0.28050968,0.02386951458665269,0.5114248646326295,1923
SP1,CIC,Unknown,18706393,0.2797599199733236,0.116705568522837,0.40529555,0.12987834,-0.03352412871885325,0.3894622087230244,1924
SP1,CREB1,Unknown,17937658,0.2797599199733236,0.3244414804934861,0.40529555,0.47023085,0.0961571883103496,1.8648551141925551,1925
SP1,CREM,Activation,21757709,0.2797599199733236,0.0880293431143697,0.40529555,0.10061785,-0.044672978128307644,0.18579641438855451,1926
SP1,CSNK2A1,Unknown,19027835,0.2797599199733236,0.4106368789596205,0.40529555,0.63846993,0.16025974324723377,2.477036600651295,1927
SP1,CTSB,Unknown,10701774,0.2797599199733236,0.4847449149716064,0.40529555,1.55436,0.5092327257927974,3.0033705865911595,1928
SP1,CTSL,Activation,11742542,0.2797599199733236,0.086612204068021,0.40529555,0.1558024,-0.02364652786453877,0.17573153501737412,1929
SP1,CYP1B1,Activation,12801909,0.2797599199733236,0.1917305768589543,0.40529555,0.5604354,0.13052697993029855,0.9223087636679363,1930
SP1,CYP27A1,Activation,11867220,0.2797599199733236,0.0682727575858617,0.40529555,0.0895303,-0.0488975630641647,0.045480154919748154,1931
SP1,DBF4,Activation,12420215,0.2797599199733236,0.0970323441147024,0.40529555,0.121458575,-0.03673223261759161,0.2497380009819342,1932
SP1,DCK,Unknown,20544528,0.2797599199733236,0.3085195065021596,0.40529555,0.4258009,0.07922846217419849,1.7517732341987262,1933
SP1,DDB1,Unknown,12527763,0.2797599199733236,0.2460820273424536,0.40529555,0.31168345,0.03574736308662541,1.3083264901391463,1934
SP1,DDB2,Unknown,12527763,0.2797599199733236,0.1269589863287718,0.40529555,0.14713345,-0.026949576381090946,0.4622845712321536,1935
SP1,DNASE2,Activation,12694199,0.2797599199733236,0.1401300433477793,0.40529555,0.16797324,-0.019009187124634425,0.555828744211373,1936
SP1,DNMT1,Activation,19211935;20570896,0.2797599199733236,0.3440313437812439,0.40529555,0.5126623,0.11232444478058622,2.003987270205905,1937
SP1,DNMT3A,Activation,15362956,0.2797599199733236,0.1356285428476122,0.40529555,0.15822026,-0.022725273400476708,0.5238579509146779,1938
SP1,DPYSL2,Unknown,15207709,0.2797599199733236,0.3681227075691674,0.40529555,0.88830984,0.25545389526114876,2.17509021951594,1939
SP1,DRG2,Unknown,21296692,0.2797599199733236,0.1422140713571159,0.40529555,0.16197142,-0.02129600417255985,0.5706300374042873,1940
SP1,EAPP,Activation,18588995,0.2797599199733236,0.3995498499499533,0.40529555,0.57035667,0.13430718816264658,2.3982937208650164,1941
SP1,ELF4,Activation,15907486,0.2797599199733236,0.1230410136712193,0.40529555,0.14338228,-0.028378849419213786,0.43445814002947686,1942
SP1,ENG,Activation,21146604,0.2797599199733236,0.0647715905301768,0.40529555,0.07002343,-0.05633008234459382,0.020613982355656337,1943
SP1,EZR,Activation,19164283,0.2797599199733236,0.4707402467488689,0.40529555,0.88190234,0.25301250577686196,2.9039058963348072,1944
SP1,FAS,Activation,22084312,0.2797599199733236,0.1246248749583148,0.40529555,0.15146811,-0.02529798163400416,0.44570712285608954,1945
SP1,FBP1,Unknown,11023824,0.2797599199733236,0.180393464488163,0.40529555,0.27567402,0.02202702851976448,0.8417897286984812,1946
SP1,FES,Unknown,8657143,0.2797599199733236,0.2328276092030726,0.40529555,0.36078265,0.054455169651884,1.2141902654322099,1947
SP1,FMR1,Activation,16500891,0.2797599199733236,0.2337445815271807,0.40529555,0.2974297,0.030316390732095123,1.220702834437092,1949
SP1,FPGS,Unknown,20072153,0.2797599199733236,0.0839446482160706,0.40529555,0.0901142,-0.0486750851367554,0.15678587973044703,1951
SP1,FUT4,Unknown,23959823,0.2797599199733236,0.0806102034011325,0.40529555,0.09186472,-0.048008100958833635,0.1331038106217874,1952
SP1,FXR2,Activation,16886907,0.2797599199733236,0.0647715905301768,0.40529555,0.0677726,-0.05718769493810412,0.020613982355656337,1953
SP1,GATA3,Unknown,15486968,0.2797599199733236,0.1107869289763219,0.40529555,0.14721672,-0.026917848795861676,0.34742653605515383,1954
SP1,GCLC,Activation,15342415;18245173,0.2797599199733236,0.1137045681893927,0.40529555,0.1394642,-0.02987171860541658,0.36814834652523065,1955
SP1,GFER,Activation,18513187,0.2797599199733236,0.1284594864954942,0.40529555,0.14163184,-0.02904580311548768,0.47294150233105225,1956
SP1,GM2A,Unknown,10987359,0.2797599199733236,0.1876458819606545,0.40529555,0.27242318,0.020788391517642127,0.8932982290098237,1957
SP1,GSPT1,Unknown,22580340,0.2797599199733236,0.3266922307435689,0.40529555,0.44405606,0.08618405416139677,1.8808405108408974,1958
SP1,GSTP1,Activation,8557630,0.2797599199733236,0.7140713571189329,0.40529555,3.418944,1.2196776372511535,4.632104889538929,1959
SP1,HDAC4,Activation,16280357,0.2797599199733236,0.1447149049683199,0.40529555,0.17689261,-0.015610723429829403,0.588391589235785,1960
SP1,HGF,Activation,9223667,0.2797599199733236,0.0680226742247414,0.40529555,0.081861004,-0.05181972281543786,0.04370399973659911,1961
SP1,HMGA1,Activation,17510387,0.2797599199733236,0.3041847282427408,0.40529555,0.42780128,0.07999064815883801,1.7209865443574741,1962
SP1,HRAS,Activation,21931711,0.2797599199733236,0.1053684561520476,0.40529555,0.11762418,-0.038193216095016795,0.3089431737535827,1963
SP1,HSD17B11,Activation,21549806,0.2797599199733236,0.4887462487495314,0.40529555,0.87856966,0.25174268604896605,3.0317890695215457,1964
SP1,HTT,Activation,22399227,0.2797599199733236,0.1713071023674553,0.40529555,0.2016501,-0.006177609774997481,0.7772560903773741,1965
SP1,ICAM1,Unknown,15480988,0.2797599199733236,0.1101200400133343,0.40529555,0.13971451,-0.02977634533942957,0.34269012223342193,1966
SP1,IFNGR1,Unknown,11477089,0.2797599199733236,0.3911303767922361,0.40529555,0.75384784,0.20422110355827378,2.3384964963656616,1967
SP1,IGF1R,Unknown,15345673,0.2797599199733236,0.0953651217072334,0.40529555,0.111121655,-0.04067081206166713,0.23789696642760466,1968
SP1,IL2RB,Unknown,9199305,0.2797599199733236,0.1022007335778564,0.40529555,0.20590205,-0.004557529241604853,0.2864452081003561,1969
SP1,IMPDH2,Unknown,7896827,0.2797599199733236,0.2448316105368516,0.40529555,0.31251734,0.03606509235343024,1.2994457142233973,1970
SP1,INSR,Activation,1311316;16707431,0.2797599199733236,0.1091197065688529,0.40529555,0.13562988,-0.031332673506296885,0.3355855015008244,1971
SP1,IRF5,Activation,20127100,0.2797599199733236,0.1688062687562513,0.40529555,0.22332451,0.0020807868933007062,0.7594945385458762,1972
SP1,IRS2,Activation,19755487,0.2797599199733236,0.1848949649883301,0.40529555,0.292846,0.02856990661518128,0.8737605219951764,1973
SP1,ISG20,Unknown,10871365,0.2797599199733236,0.5283427809269142,0.40529555,1.1552416,0.3571603941899303,3.3130136401868278,1974
SP1,ITGA5,Activation,18775869,0.2797599199733236,0.128959653217735,0.40529555,0.14713347,-0.026949568760678982,0.4764938126973517,1975
SP1,ITGAV,Repression,23319049,0.2797599199733236,0.0501000333444483,0.40529555,0.055685073,-0.06179329170889347,-0.0835871217224519,1976
SP1,ITGAX,Unknown,7678251;8649405,0.2797599199733236,0.2610036678893002,0.40529555,0.49007362,0.10371769240978332,1.4143037494003878,1977
SP1,ITGB2,Unknown,8670251,0.2797599199733236,0.7391630543513376,0.40529555,3.2106972,1.1403313168990072,4.81031245958156,1978
SP1,LDHA,Activation,9723176,0.2797599199733236,0.5974491497164939,0.40529555,1.1864247,0.3690417976120861,3.8038245224637093,1979
SP1,LDLR,Activation,16303770,0.2797599199733236,0.0981160386795573,0.40529555,0.12854405,-0.03403252069310047,0.25743467344224863,1980
SP1,LMO4,Unknown,23291272,0.2797599199733236,0.3461987329109533,0.40529555,0.59169924,0.14243914695556967,2.0193806151265314,1981
SP1,LSP1,Unknown,9257843,0.2797599199733236,0.7324108036010891,0.40529555,2.0956385,0.7154709837671295,4.762356269636533,1982
SP1,LTBP4,Unknown,23741501,0.2797599199733236,0.0711070356785591,0.40529555,0.07669256,-0.053789006441146044,0.06560991366210892,1983
SP1,MAT2A,Activation,11427482,0.2797599199733236,0.3071023674558111,0.40529555,0.4431396,0.08583486402378157,1.7417083548275474,1985
SP1,MAT2B,Activation,11337507,0.2797599199733236,0.4275591863954283,0.40529555,0.6689831,0.1718858895398995,2.597223101377721,1986
SP1,MCTS1,Unknown,12938157,0.2797599199733236,0.363287762587508,0.40529555,0.513162,0.11251484077360972,2.14075121930839,1987
SP1,MDM2,Activation,15550242;17214373;17634539,0.2797599199733236,0.2341613871290481,0.40529555,0.3111005,0.03552524712878462,1.2236630930756756,1988
SP1,MGMT,Unknown,22675172,0.2797599199733236,0.321940646882283,0.40529555,0.4081281,0.07249476134268797,1.847093562361064,1989
SP1,MICA,Activation,19139882,0.2797599199733236,0.0721907302434139,0.40529555,0.07644248,-0.053884292072395444,0.07330658612242268,1990
SP1,MICB,Activation,19139882,0.2797599199733236,0.1052017339113007,0.40529555,0.11670715,-0.0385426234143731,0.30775907029814975,1991
SP1,MIF,Activation,18034423,0.2797599199733236,0.8616205401799172,0.40529555,2.9532127,1.0422244186287233,5.680036447596926,1992
SP1,MNDA,Unknown,8809111,0.2797599199733236,0.4518172724240986,0.40529555,7.60538,2.814795987159805,2.7695101541431884,1993
SP1,MPG,Unknown,10563836,0.2797599199733236,0.2686728909636565,0.40529555,0.33777416,0.045688461023664265,1.4687725083502954,1994
SP1,MTA1,Activation,21555589,0.2797599199733236,0.1112037345781892,0.40529555,0.12287618,-0.036192095912188194,0.3503867946937365,1995
SP1,MYBL1,Unknown,10951586,0.2797599199733236,0.1031177059019644,0.40529555,0.16380519,-0.020597300029820784,0.2929577771052376,1996
SP1,MYC,Unknown,2057364;8355712,0.2797599199733236,0.2710070023341127,0.40529555,0.41546583,0.07529058761823003,1.4853499567263537,1997
SP1,NDUFV1,Activation,17786189,0.2797599199733236,0.2844281427142361,0.40529555,0.36436534,0.05582024833958739,1.5806702848886913,1998
SP1,NDUFV2,Activation,17786189,0.2797599199733236,0.5417639213070377,0.40529555,0.90950567,0.26352994309146177,3.4083339683491656,1999
SP1,NF1,Unknown,10435592;14647436,0.2797599199733236,0.1583027675891947,0.40529555,0.19589853,-0.008369076418171799,0.6848960208535875,2000
SP1,NFKB1,Activation,20538607;9151857,0.2797599199733236,0.359286428809583,0.40529555,0.5491799,0.1262384025849392,2.1123327363780033,2001
SP1,NFKB2,Unknown,7541912,0.2797599199733236,0.1749749916638878,0.40529555,0.21032028,-0.00287409260310927,0.8033063663969038,2002
SP1,NOL7,Unknown,20206243,0.2797599199733236,0.5149216405467908,0.40529555,0.8128799,0.22671353438461592,3.2176933120244904,2003
SP1,NQO2,Unknown,11154737;15451063,0.2797599199733236,0.1242080693564476,0.40529555,0.14413272,-0.02809291632134595,0.4427468642175075,2004
SP1,OAT,Unknown,2373169,0.2797599199733236,0.1385461820606835,0.40529555,0.15880387,-0.022502905969040945,0.5445797613847584,2005
SP1,ODC1,Unknown,10448078;8132514,0.2797599199733236,0.2331610536845665,0.40529555,0.33202344,0.0434973182479986,1.2165584723430762,2006
SP1,P2RX4,Repression,11299224,0.2797599199733236,0.170890296765588,0.40529555,0.21257035,-0.0020167695852537602,0.7742958317387914,2007
SP1,P4HA1,Activation,21829524,0.2797599199733236,0.1396298766255385,0.40529555,0.17105748,-0.017834028154206524,0.5522764338450735,2008
SP1,PDHA1,Unknown,8476854,0.2797599199733236,0.1933144381460501,0.40529555,0.22674157,0.003382757139290101,0.9335577464945509,2009
SP1,PELO,Unknown,17669516,0.2797599199733236,0.0691063687895962,0.40529555,0.07344137,-0.05502777680047783,0.05140067219691287,2010
SP1,PLAA,Unknown,18291623,0.2797599199733236,0.1197065688562812,0.40529555,0.13771397,-0.030538592287364816,0.4107760709208173,2011
SP1,PLAUR,Activation,14660675,0.2797599199733236,0.2094031343781289,0.40529555,0.33994368,0.04651509283231819,1.047823729943851,2012
SP1,PNOC,Unknown,12062800,0.2797599199733236,0.0545181727242416,0.40529555,0.074191466,-0.05474197477369585,-0.05220838015347569,2013
SP1,POLD2,Unknown,10978529,0.2797599199733236,0.147965988662885,0.40529555,0.17105746,-0.0178340357746185,0.6114816066167313,2014
SP1,POR,Activation,8660656,0.2797599199733236,0.1492997665888605,0.40529555,0.17322476,-0.017008249831693054,0.620954434260197,2015
SP1,PRKCE,Repression,24825907,0.2797599199733236,0.0650216738912971,0.40529555,0.0731912,-0.05512309672358107,0.022390137538805387,2016
SP1,PRNP,Activation,18990686,0.2797599199733236,0.2749249749916643,0.40529555,0.38987398,0.06553956561691203,1.513176387929024,2017
SP1,PSEN1,Unknown,10446206,0.2797599199733236,0.2470823607869352,0.40529555,0.3381921,0.045847704772562094,1.3154311108717454,2018
SP1,PSIP1,Unknown,22019592;23386123,0.2797599199733236,0.4516505501833517,0.40529555,0.77744496,0.21321209234133323,2.7683260506877554,2019
SP1,PTEN,Unknown,22030357,0.2797599199733236,0.5405968656218095,0.40529555,1.0544661,0.3187628528752608,3.400045244161136,2020
SP1,PTGIR,Activation,19118563,0.2797599199733236,0.0954484828276069,0.40529555,0.13729666,-0.03069759599328565,0.23848901815532156,2021
SP1,RARA,Activation,9626663,0.2797599199733236,0.2353284428142766,0.40529555,0.34402755,0.04807113142353072,1.2319518172637074,2022
SP1,RASSF1,Activation,19450668,0.2797599199733236,0.2382460820273479,0.40529555,0.29701272,0.030157512762971763,1.252673627733788,2023
SP1,RECK,Activation,17828469,0.2797599199733236,0.0598532844281429,0.40529555,0.067022294,-0.057473576979211786,-0.014317069579617933,2024
SP1,RELA,Activation,20538607;11964305;9151857,0.2797599199733236,0.2120706902300798,0.40529555,0.2434963,0.009766654390021983,1.0667693852307816,2025
SP1,RETN,Activation,20360975,0.2797599199733236,0.132544181393794,0.40529555,0.28876245,0.027013989950560237,0.5019520369891647,2026
SP1,RORA,Activation,14742449,0.2797599199733236,0.2217405801934018,0.40529555,0.38404047,0.06331687814590434,1.135447385645905,2027
SP1,RPS3A,Unknown,12463423,0.2797599199733236,0.9810770256750532,0.40529555,31.919973,12.079156762019485,6.528446573414503,2028
SP1,SGPL1,Unknown,21184844,0.2797599199733236,0.0981993997999308,0.40529555,0.112455584,-0.04016255763585594,0.25802672516996544,2029
SP1,SIGIRR,Activation,21077278,0.2797599199733236,0.4121373791263423,0.40529555,0.5784431,0.13738828456021523,2.48769353175019,2030
SP1,SIRT1,Unknown,23843607,0.2797599199733236,0.1296265421807227,0.40529555,0.14705001,-0.026981368739821942,0.48123022651908415,2031
SP1,SKP2,Activation,19329185,0.2797599199733236,0.0544348116038681,0.40529555,0.056768756,-0.061380386163751,-0.05280043188119252,2032
SP1,SLC19A1,Activation,15652157,0.2797599199733236,0.0681060353451148,0.40529555,0.0755254,-0.05423371844278165,0.04429605146431519,2033
SP1,SLC25A20,Unknown,21130740,0.2797599199733236,0.0749416472157378,0.40529555,0.081444316,-0.05197848952654648,0.09284429313706666,2034
SP1,SLC31A1,Unknown,20159940,0.2797599199733236,0.1524674891630522,0.40529555,0.20673557,-0.004239940952421436,0.6434523999134272,2035
SP1,SLC39A1,Unknown,19026724,0.2797599199733236,0.1507169056352094,0.40529555,0.17497523,-0.016341284704801205,0.6310193136313789,2036
SP1,SLC3A2,Unknown,17023546,0.2797599199733236,0.325941980660208,0.40529555,0.42029822,0.07713182774776146,1.8755120452914502,2037
SP1,SLC4A2,Unknown,23121767,0.2797599199733236,0.0706902300766918,0.40529555,0.07669254,-0.05378901406155802,0.06264965502352621,2038
SP1,SMPD1,Activation,10224156,0.2797599199733236,0.096032010670221,0.40529555,0.10261881,-0.04391057115172106,0.24263338024933653,2039
SP1,SNAPC1,Unknown,9644240,0.2797599199733236,0.0844448149383113,0.40529555,0.09761675,-0.04581645904618405,0.16033819009674583,2040
SP1,SNRPN,Unknown,16116039,0.2797599199733236,0.3613704568189189,0.40529555,0.51499593,0.11321360587964453,2.1271340295709127,2041
SP1,SOCS1,Activation,20644166,0.2797599199733236,0.1097865955318405,0.40529555,0.13871405,-0.030157541207310883,0.3403219153225561,2042
SP1,SOD1,Activation,8921911;9867871,0.2797599199733236,0.6486328776257845,0.40529555,1.2927933,0.4095704252357004,4.167344283281568,2043
SP1,SOD2,Repression,11853549,0.2797599199733236,0.5062520840279533,0.40529555,2.0023332,0.6799197425266729,3.1561199323419866,2044
SP1,SP3,Activation,16024108,0.2797599199733236,0.3888796265421533,0.40529555,0.587864,0.14097784151573886,2.3225110997173193,2045
SP1,SPN,Activation,8055899,0.2797599199733236,0.4807435811936814,0.40529555,1.0207869,0.3059303839374236,2.974952103660773,2046
SP1,SQSTM1,Unknown,9762895,0.2797599199733236,0.5204234744914377,0.40529555,0.94684774,0.2777580409485826,3.2567687260537714,2047
SP1,SRC,Unknown,19112177,0.2797599199733236,0.0809436478826263,0.40529555,0.09744999,-0.04587999804117425,0.1354720175326533,2048
SP1,SREBF1,Activation,20179320,0.2797599199733236,0.0891130376792246,0.40529555,0.09786689,-0.04572115055369876,0.19349308684886896,2049
SP1,ST6GAL1,Unknown,10814704,0.2797599199733236,0.2644214738246112,0.40529555,0.3413591,0.047054397007714084,1.4385778702367598,2050
SP1,STARD3,Activation,12802284,0.2797599199733236,0.1377959319773223,0.40529555,0.15155162,-0.025266162603831264,0.539251295835309,2051
SP1,STK11,Unknown,22412893;23995788,0.2797599199733236,0.2208236078692936,0.40529555,0.2629191,0.01716714126874312,1.128934816641022,2052
SP1,TAF7,Activation,12364593,0.2797599199733236,0.4841613871289923,0.40529555,0.7818649,0.2148961805250521,2.9992262244971446,2053
SP1,TBX21,Unknown,17075044,0.2797599199733236,0.060770256752251,0.40529555,0.091947705,-0.04797648196447491,-0.007804500574735702,2054
SP1,TCN2,Unknown,9774437,0.2797599199733236,0.0535178392797601,0.40529555,0.060853444,-0.05982403589768897,-0.05931300088607406,2055
SP1,TERF2,Activation,19783902,0.2797599199733236,0.1357119039679857,0.40529555,0.1548859,-0.023995733242977924,0.5244500026423947,2056
SP1,TGFB1,Activation,9580699,0.2797599199733236,0.6528009336444563,0.40529555,1.5803765,0.5191455481912287,4.1969468696673875,2057
SP1,TGFBR2,Unknown,10982796;11687969,0.2797599199733236,0.4423141047015267,0.40529555,0.67165244,0.1729029630640487,2.7020162571835207,2058
SP1,TICAM1,Repression,14960149,0.2797599199733236,0.0709403134378122,0.40529555,0.075942285,-0.054074876670615155,0.06442581020667595,2059
SP1,TIMP1,Activation,11830330,0.2797599199733236,0.4483994664887876,0.40529555,1.1428996,0.3524578379644027,2.745236033306816,2060
SP1,TIMP2,Unknown,10764764,0.2797599199733236,0.3398632877625721,0.40529555,0.71340996,0.18881343832240152,1.9743846838200863,2061
SP1,TINF2,Unknown,9399940,0.2797599199733236,0.2662554184728268,0.40529555,0.32910484,0.042385271529490696,1.4516030082465203,2062
SP1,TLR2,Activation,18423053,0.2797599199733236,0.3110203401133627,0.40529555,0.6628083,0.16953316354886178,1.7695347860302177,2063
SP1,TMPO,Activation,19747485,0.2797599199733236,0.4789929976658392,0.40529555,0.8236326,0.23081053457309672,2.962519017378729,2064
SP1,TNFRSF10B,Activation,20515942,0.2797599199733236,0.111537179059683,0.40529555,0.12904467,-0.03384177416112643,0.3527550016046023,2065
SP1,TNFSF10,Repression,21603612,0.2797599199733236,0.565271757252347,0.40529555,4.0093765,1.4446445817195366,3.5752925555651855,2066
SP1,TNFSF14,Activation,12215452,0.2797599199733236,0.0753584528176051,0.40529555,0.08986383,-0.04877048126397832,0.09580455177564937,2067
SP1,TPMT,Unknown,20350137,0.2797599199733236,0.2095698566188758,0.40529555,0.302432,0.03222237007150172,1.049007833399284,2068
SP1,TYMP,Unknown,17805539,0.2797599199733236,0.5467655885294439,0.40529555,7.2068653,2.6629536776921956,3.4438570720121486,2069
SP1,UBC,Unknown,19733223,0.2797599199733236,0.947149049683064,0.40529555,5.763482,2.112994908996889,6.287481520233935,2070
SP1,UGCG,Activation,15342415,0.2797599199733236,0.1638046015338434,0.40529555,0.31618634,0.03746305692898207,0.7239714348828817,2071
SP1,USP7,Unknown,7642633,0.2797599199733236,0.3611203734577986,0.40529555,0.5166643,0.11384928921540724,2.1253578743877637,2072
SP1,UTRN,Activation,11237613,0.2797599199733236,0.5386795598532205,0.40529555,1.3274581,0.4227784280753267,3.3864280544236594,2073
SP1,VAMP2,Activation,8774732,0.2797599199733236,0.6748916305434173,0.40529555,1.2554492,0.39534155390676484,4.353840577512229,2074
SP1,VDR,Unknown,15664452,0.2797599199733236,0.0529343114371459,0.40529555,0.062020496,-0.059379365046277985,-0.06345736298008972,2075
SP1,WAS,Unknown,10066431,0.2797599199733236,0.5895298432810173,0.40529555,1.2230983,0.3830151946297904,3.747579608330653,2077
SP1,WRN,Unknown,11896071,0.2797599199733236,0.0816938979659874,0.40529555,0.09203144,-0.04794457720466737,0.14080048308210194,2078
SP1,XIAP,Activation,17121920,0.2797599199733236,0.3568689563187533,0.40529555,0.55401504,0.12808069052111623,2.0951632362742285,2079
SP1,XPC,Unknown,19934262;21507255,0.2797599199733236,0.2321607202400849,0.40529555,0.3032646,0.03253960782173461,1.2094538516104774,2080
SP1,YY1,Activation,22553354,0.2797599199733236,0.5901967322440048,0.40529555,1.149995,0.35516133151833307,3.752316022152384,2081
SP100,ETS1,Repression,15247905,0.7078192730909251,0.4787429143047189,1.7627754,1.2290944,0.3852998322398929,2.96074286219558,2082
SP2,CD14,Unknown,11698458,0.1027842614204706,0.3617872624207861,0.114039555,1.9396497,0.6560360378464869,2.130094288209495,2083
SP2,DNMT3A,Activation,15362956,0.1027842614204706,0.1356285428476122,0.114039555,0.15822026,-0.022725273400476708,0.5238579509146779,2084
SP2,MAT2A,Unknown,11124935,0.1027842614204706,0.3071023674558111,0.114039555,0.4431396,0.08583486402378157,1.7417083548275474,2085
SP3,ATP2A2,Unknown,14613864,0.3888796265421533,0.2139879959986695,0.587864,0.28584278,0.025901535540012035,1.0803865749682628,2086
SP3,BSG,Activation,11814679,0.3888796265421533,0.4403967989329376,0.587864,0.6674841,0.17131473966288882,2.6883990674460434,2087
SP3,BTK,Unknown,10362515,0.3888796265421533,0.2680893631210424,0.587864,0.42130092,0.07751387710178323,1.4646281462562807,2088
SP3,CD14,Unknown,11698458,0.3888796265421533,0.3617872624207861,0.587864,1.9396497,0.6560360378464869,2.130094288209495,2089
SP3,CD2AP,Activation,21604172,0.3888796265421533,0.2022340780260109,0.587864,0.28325918,0.024917130721970146,0.9969072813602252,2090
SP3,CD83,Unknown,12182451,0.3888796265421533,0.0669389796598865,0.587864,0.0847786,-0.05070805864161076,0.036007327276284654,2091
SP3,ADGRE5,Activation,18329191,0.3888796265421533,0.5330943647882002,0.587864,1.3243741,0.4216033605498424,3.346760588666662,2092
SP3,CDKN1A,Activation,12434298,0.3888796265421533,0.0708569523174387,0.587864,0.104368836,-0.043243775197974905,0.06383375847895917,2093
SP3,CTSB,Unknown,10701774,0.3888796265421533,0.4847449149716064,0.587864,1.55436,0.5092327257927974,3.0033705865911595,2094
SP3,CTSL,Activation,11742542,0.3888796265421533,0.086612204068021,0.587864,0.1558024,-0.02364652786453877,0.17573153501737412,2095
SP3,CYP27A1,Activation,11867220,0.3888796265421533,0.0682727575858617,0.587864,0.0895303,-0.0488975630641647,0.045480154919748154,2096
SP3,DNASE2,Activation,12694199,0.3888796265421533,0.1401300433477793,0.587864,0.16797324,-0.019009187124634425,0.555828744211373,2097
SP3,DNMT3A,Unknown,15362956,0.3888796265421533,0.1356285428476122,0.587864,0.15822026,-0.022725273400476708,0.5238579509146779,2098
SP3,EAPP,Repression,18588995,0.3888796265421533,0.3995498499499533,0.587864,0.57035667,0.13430718816264658,2.3982937208650164,2099
SP3,ETF1,Repression,14563555,0.3888796265421533,0.2339946648883011,0.587864,0.31126702,0.0355886946788312,1.2224789896202417,2100
SP3,FBP1,Unknown,11023824,0.3888796265421533,0.180393464488163,0.587864,0.27567402,0.02202702851976448,0.8417897286984812,2101
SP3,HDAC4,Activation,16280357,0.3888796265421533,0.1447149049683199,0.587864,0.17689261,-0.015610723429829403,0.588391589235785,2102
SP3,HGF,Activation,9223667,0.3888796265421533,0.0680226742247414,0.587864,0.081861004,-0.05181972281543786,0.04370399973659911,2103
SP3,ITGAV,Unknown,12136940,0.3888796265421533,0.0501000333444483,0.587864,0.055685073,-0.06179329170889347,-0.0835871217224519,2104
SP3,MAT2A,Unknown,11124935,0.3888796265421533,0.3071023674558111,0.587864,0.4431396,0.08583486402378157,1.7417083548275474,2105
SP3,MICB,Unknown,23527639,0.3888796265421533,0.1052017339113007,0.587864,0.11670715,-0.0385426234143731,0.30775907029814975,2106
SP3,MSH6,Activation,14585961,0.3888796265421533,0.1327109036345409,0.587864,0.15288527,-0.024758014482767033,0.5031361404445976,2107
SP3,NFKB1,Activation,20538607,0.3888796265421533,0.359286428809583,0.587864,0.5491799,0.1262384025849392,2.1123327363780033,2108
SP3,PLAUR,Unknown,16261846,0.3888796265421533,0.2094031343781289,0.587864,0.33994368,0.04651509283231819,1.047823729943851,2109
SP3,RASSF1,Activation,19450668,0.3888796265421533,0.2382460820273479,0.587864,0.29701272,0.030157512762971763,1.252673627733788,2110
SP3,RECK,Unknown,16377629,0.3888796265421533,0.0598532844281429,0.587864,0.067022294,-0.057473576979211786,-0.014317069579617933,2111
SP3,RELA,Activation,20538607,0.3888796265421533,0.2120706902300798,0.587864,0.2434963,0.009766654390021983,1.0667693852307816,2112
SP3,RORA,Activation,14742449,0.3888796265421533,0.2217405801934018,0.587864,0.38404047,0.06331687814590434,1.135447385645905,2113
SP3,SOCS3,Unknown,10570957,0.3888796265421533,0.1829776592197404,0.587864,0.27242282,0.020788254350226708,0.860143332257695,2114
SP3,TCN2,Unknown,9774437,0.3888796265421533,0.0535178392797601,0.587864,0.060853444,-0.05982403589768897,-0.05931300088607406,2115
SP3,TIMP1,Unknown,11830330,0.3888796265421533,0.4483994664887876,0.587864,1.1428996,0.3524578379644027,2.745236033306816,2116
SP3,TIMP2,Unknown,10764764,0.3888796265421533,0.3398632877625721,0.587864,0.71340996,0.18881343832240152,1.9743846838200863,2117
SP3,TPMT,Unknown,20350137,0.3888796265421533,0.2095698566188758,0.587864,0.302432,0.03222237007150172,1.049007833399284,2118
SP3,TYMP,Unknown,17805539,0.3888796265421533,0.5467655885294439,0.587864,7.2068653,2.6629536776921956,3.4438570720121486,2119
SP3,UBC,Unknown,19733223,0.3888796265421533,0.947149049683064,0.587864,5.763482,2.112994908996889,6.287481520233935,2120
SP3,UTRN,Activation,11237613,0.3888796265421533,0.5386795598532205,0.587864,1.3274581,0.4227784280753267,3.3864280544236594,2121
SP3,YY1,Activation,22553354,0.3888796265421533,0.5901967322440048,0.587864,1.149995,0.35516133151833307,3.752316022152384,2122
SP4,NFKB1,Activation,20538607,0.12354118039346,0.359286428809583,0.14571652,0.5491799,0.1262384025849392,2.1123327363780033,2123
SP4,RELA,Activation,20538607,0.12354118039346,0.2120706902300798,0.14571652,0.2434963,0.009766654390021983,1.0667693852307816,2124
SP4,YY1,Activation,22553354,0.12354118039346,0.5901967322440048,0.14571652,1.149995,0.35516133151833307,3.752316022152384,2125
SPEN,NCOR2,Unknown,11331609,0.3438646215404971,0.1985661887295784,0.5227506,0.25400025,0.01376887570464926,0.9708570053406955,2126
SPI1,ACP5,Activation,11481336,0.4275591863954283,0.0865288429476476,1.8685457,0.109787695,-0.04117907829911687,0.17513948328965795,2127
SPI1,BCL6,Repression,19564417,0.4275591863954283,0.1882294098032687,1.8685457,0.3059335,0.033556513696820535,0.8974425911038394,2128
SPI1,BTK,Unknown,10362515,0.4275591863954283,0.2680893631210424,1.8685457,0.42130092,0.07751387710178323,1.4646281462562807,2129
SPI1,CCL5,Unknown,10760799,0.4275591863954283,0.1663054351450474,1.8685457,2.0445166,0.6959924868374749,0.7417329867143793,2130
SPI1,CD163,Unknown,10725797,0.4275591863954283,0.182894298099367,1.8685457,0.31585345,0.03733621898197867,0.8595512805299789,2131
SPI1,CD22,Unknown,15892171,0.4275591863954283,0.0815271757252405,1.8685457,0.17772646,-0.015293009403848515,0.13961637962666898,2132
SPI1,CD40,Activation,10823830,0.4275591863954283,0.1583027675891947,1.8685457,0.22449163,0.002525483654112379,0.6848960208535875,2133
SPI1,CD68,Repression,12676954,0.4275591863954283,0.4067189063020689,1.8685457,1.6973194,0.5637032019285682,2.4492101694486252,2134
SPI1,CSF2RA,Unknown,7565736,0.4275591863954283,0.1886462154051361,1.8685457,0.27942517,0.023456293937475347,0.9004028497424229,2135
SPI1,CSF3R,Activation,7964503,0.4275591863954283,0.3651217072357236,1.8685457,1.1692339,0.3624917487090073,2.1537763573181503,2136
SPI1,CYBB,Activation,9593745,0.4275591863954283,0.4816605535177892,1.8685457,4.499658,1.631451932236955,2.9814646726656533,2138
SPI1,ERAP2,Unknown,15691326,0.4275591863954283,0.5390130043347142,1.8685457,1.0327953,0.3105058316913229,3.388796261334525,2139
SPI1,FCGR1A,Unknown,10820245;14734612,0.4275591863954283,0.2875958652884268,1.8685457,0.6719796,0.17302761776302322,1.6031682505419143,2140
SPI1,FES,Unknown,7624145;8657143,0.4275591863954283,0.2328276092030726,1.8685457,0.36078265,0.054455169651884,1.2141902654322099,2141
SPI1,FLI1,Unknown,10523830,0.4275591863954283,0.3982994331443517,1.8685457,0.61329085,0.15066599511831988,2.38941294494927,2142
SPI1,HCK,Unknown,21993313,0.4275591863954283,0.3613704568189189,1.8685457,1.0034316,0.299317657145907,2.1271340295709127,2143
SPI1,IFIT3,Activation,21176776,0.4275591863954283,0.3224408136045236,1.8685457,1.1157165,0.34210051693587107,1.8506458727273618,2144
SPI1,JCHAIN,Unknown,8406004,0.4275591863954283,0.0680226742247414,1.8685457,0.82277644,0.23048431997756538,0.04370399973659911,2145
SPI1,IL18,Unknown,14991611,0.4275591863954283,0.1092030676892263,1.8685457,0.15063424,-0.02561570328039701,0.3361775532285405,2146
SPI1,IL1B,Activation,17386941,0.4275591863954283,0.0821940646882281,1.8685457,0.16480523,-0.02021626419059079,0.14435279344840074,2147
SPI1,ITGAM,Activation,15163413;8095266;9295016,0.4275591863954283,0.282677559186394,1.8685457,0.5444281,0.12442786890543327,1.5682371986066477,2148
SPI1,ITGAX,Repression,9295016,0.4275591863954283,0.2610036678893002,1.8685457,0.49007362,0.10371769240978332,1.4143037494003878,2149
SPI1,ITGB2,Activation,9295016,0.4275591863954283,0.7391630543513376,1.8685457,3.2106972,1.1403313168990072,4.81031245958156,2150
SPI1,MAPK1,Repression,22075620,0.4275591863954283,0.399883294431447,1.8685457,0.63855296,0.16029137938751942,2.4006619277758814,2151
SPI1,MNDA,Unknown,8809111,0.4275591863954283,0.4518172724240986,1.8685457,7.60538,2.814795987159805,2.7695101541431884,2152
SPI1,MS4A1,Unknown,11226004;15892171;19769942,0.4275591863954283,0.1116205401800564,1.8685457,0.9180578,0.26678848078170814,0.35334705333231853,2153
SPI1,NCF2,Activation,10570299,0.4275591863954283,0.4195565188395783,1.8685457,2.1286297,0.7280413105332632,2.540386135516948,2154
SPI1,NSFL1C,Unknown,10542290,0.4275591863954283,0.2477492497499229,1.8685457,0.30926615,0.03482632199409848,1.3201675246934779,2155
SPI1,P2RY10,Unknown,10567398,0.4275591863954283,0.1303767922640839,1.8685457,0.17080736,-0.017929329026279858,0.4865586920685336,2156
SPI1,PARG,Repression,19076642,0.4275591863954283,0.1001167055685201,1.8685457,0.11045489,-0.04092486326096334,0.271643914907444,2157
SPI1,PEBP1,Activation,9334192,0.4275591863954283,0.527925975325047,1.8685457,0.99428165,0.29583133772152154,3.3100533815482462,2158
SPI1,PTGIR,Activation,19118563,0.4275591863954283,0.0954484828276069,1.8685457,0.13729666,-0.03069759599328565,0.23848901815532156,2159
SPI1,RNASE2,Activation,9490699,0.4275591863954283,0.1513837945981971,1.8685457,0.3103522,0.03524012941499737,0.6357557274531113,2160
SPI1,SCARB2,Unknown,8007948,0.4275591863954283,0.3067689229743174,1.8685457,0.5578502,0.1295419654792992,1.7393401479166823,2161
SPI1,STAT3,Unknown,24429361,0.4275591863954283,0.509253084361397,1.8685457,0.84672683,0.23960991190742378,3.1774337945397764,2162
SPI1,TLR4,Activation,16785240;20956019,0.4275591863954283,0.279259753251083,1.8685457,0.55851674,0.12979593094896075,1.5439630777702755,2163
SPI1,WAS,Unknown,10066431,0.4275591863954283,0.5895298432810173,1.8685457,1.2230983,0.3830151946297904,3.747579608330653,2164
SPIB,CD40,Activation,10823830,0.0789429809936635,0.1583027675891947,0.21215454,0.22449163,0.002525483654112379,0.6848960208535875,2165
SPIB,IRF7,Repression,22698399,0.0789429809936635,0.3548682894297908,0.21215454,0.74826354,0.20209337023059482,2.080953994809035,2166
SRCAP,PCK2,Unknown,11522779,0.1351283761253714,0.0909469823274405,0.15580276,0.10086803,-0.04457765439499842,0.20651822485863136,2167
SREBF1,ACLY,Activation,10777536,0.0891130376792246,0.1986495498499519,0.09786689,0.2459146,0.010688076503147351,0.9714490570684122,2168
SREBF1,BCL2L1,Repression,16091421,0.0891130376792246,0.0869456485495148,0.09786689,0.09694991,-0.04607053882202515,0.17809974192823996,2169
SREBF1,CIC,Unknown,17350599,0.0891130376792246,0.116705568522837,0.09786689,0.12987834,-0.03352412871885325,0.3894622087230244,2170
SREBF1,FAS,Activation,18420801,0.0891130376792246,0.1246248749583148,0.09786689,0.15146811,-0.02529798163400416,0.44570712285608954,2171
SREBF1,FDFT1,Unknown,11008488;11111077,0.0891130376792246,0.2728409469823283,0.09786689,0.35611308,0.05267596729618505,1.498375094736114,2172
SREBF1,FDPS,Unknown,8798690,0.0891130376792246,0.3009336445481768,0.09786689,0.3887059,0.06509450307632589,1.6978965269765356,2173
SREBF1,HK2,Unknown,14747281,0.0891130376792246,0.1114538179393095,0.09786689,0.13679703,-0.030887965314867268,0.35216294987688557,2174
SREBF1,HMOX1,Unknown,17452746,0.0891130376792246,0.1859786595531852,0.09786689,0.37395507,0.0594741330027399,0.8814571944554923,2175
SREBF1,IRS2,Repression,15881188;16091421,0.0891130376792246,0.1848949649883301,0.09786689,0.292846,0.02856990661518128,0.8737605219951764,2176
SREBF1,LDLR,Activation,22153697,0.0891130376792246,0.0981160386795573,0.09786689,0.12854405,-0.03403252069310047,0.25743467344224863,2177
SREBF1,LPIN1,Unknown,19553673,0.0891130376792246,0.1532177392464133,0.09786689,0.18414485,-0.012847470605245078,0.6487808654628758,2178
SREBF1,LRP1,Repression,20980003,0.0891130376792246,0.2840946982327424,0.09786689,0.54626125,0.12512633681540136,1.5783020779778263,2179
SREBF2,FAS,Unknown,9300785,0.1203734578192688,0.1246248749583148,0.13779737,0.15146811,-0.02529798163400416,0.44570712285608954,2180
SREBF2,FDFT1,Unknown,11008488;11111077,0.1203734578192688,0.2728409469823283,0.13779737,0.35611308,0.05267596729618505,1.498375094736114,2181
SREBF2,FDPS,Unknown,20450493,0.1203734578192688,0.3009336445481768,0.13779737,0.3887059,0.06509450307632589,1.6978965269765356,2182
SREBF2,HMGCR,Activation,17448444,0.1203734578192688,0.1131210403467786,0.13779737,0.13187872,-0.03276194273421375,0.3640039844312157,2183
SREBF2,LDLR,Activation,16697011;17448444;21123766;22153697,0.1203734578192688,0.0981160386795573,0.13779737,0.12854405,-0.03403252069310047,0.25743467344224863,2184
SREBF2,LRP1,Repression,16697011;20980003,0.1203734578192688,0.2840946982327424,0.13779737,0.54626125,0.12512633681540136,1.5783020779778263,2185
SRF,CREB1,Repression,1531519,0.0801933977992653,0.3244414804934861,0.08869695,0.47023085,0.0961571883103496,1.8648551141925551,2186
SRF,FXN,Unknown,20808827,0.0801933977992653,0.1297932644214696,0.08869695,0.15263528,-0.024853265822162556,0.4824143299745171,2188
SRF,HMGXB4,Unknown,20511232,0.0801933977992653,0.1728909636545511,0.08869695,0.2085692,-0.0035412901525661406,0.7885050732039887,2189
SRF,KPNA1,Unknown,21131446,0.0801933977992653,0.1585528509503151,0.08869695,0.18556197,-0.01230751869483189,0.6866721760367371,2190
SRF,KPNB1,Unknown,21131446,0.0801933977992653,0.5471823941313111,0.08869695,1.106979,0.33877134945729814,3.4468173306507306,2191
SRF,LMO7,Unknown,21670154,0.0801933977992653,0.0598532844281429,0.08869695,0.068356104,-0.0569653678948518,-0.014317069579617933,2192
SRF,MCL1,Unknown,9880563,0.0801933977992653,0.6913137712569845,0.08869695,2.6946912,0.9437224019978924,4.470474767872356,2193
SRF,SAMD4A,Activation,16814806,0.0801933977992653,0.1464654884961627,0.08869695,0.21898988,0.0004292035768318654,0.6008246755178335,2194
SRF,TAGLN,Activation,14970199,0.0801933977992653,0.0629376458819609,0.08869695,0.07927668,-0.052804403492393,0.0075888443458939445,2195
SRF,UBE2S,Activation,18780286,0.0801933977992653,0.2030676892297455,0.08869695,0.2500822,0.012276017949064414,1.0028277986373906,2196
SRSF1,MYC,Unknown,22545246,0.4175558519506158,0.2710070023341127,0.6007876,0.41546583,0.07529058761823003,1.4853499567263537,2197
SRSF1,NFKB1,Repression,19183244,0.4175558519506158,0.359286428809583,0.6007876,0.5491799,0.1262384025849392,2.1123327363780033,2198
SSB,XIAP,Unknown,10848591,0.627959319773172,0.3568689563187533,1.3584766,0.55401504,0.12808069052111623,2.0951632362742285,2199
STAT1,ACAT1,Unknown,18000807,0.694648216071922,0.2087362454151412,3.1569238,0.25516692,0.014213401006191666,1.0430873161221184,2200
STAT1,APP,Unknown,9841227,0.694648216071922,0.2350783594531562,3.1569238,0.37170264,0.05861591077627214,1.2301756620805577,2201
STAT1,BAX,Unknown,17346710,0.694648216071922,0.4886628876291579,3.1569238,0.8149618,0.22750678116843745,3.0311970177938288,2202
STAT1,CCR1,Activation,16628196,0.694648216071922,0.2810936978992986,3.1569238,0.59636533,0.14421702335958622,1.556988215780036,2203
STAT1,CD22,Activation,12855573,0.694648216071922,0.0815271757252405,3.1569238,0.17772646,-0.015293009403848515,0.13961637962666898,2204
STAT1,CD40,Activation,10823830;15182726,0.694648216071922,0.1583027675891947,3.1569238,0.22449163,0.002525483654112379,0.6848960208535875,2205
STAT1,CD40LG,Activation,12855573,0.694648216071922,0.1113704568189361,3.1569238,0.16147134,-0.021486544953410756,0.3515708981491695,2206
STAT1,CD86,Unknown,10773351,0.694648216071922,0.2536678892964377,3.1569238,0.43555605,0.08294537526473932,1.362203197361346,2207
STAT1,CDKN1A,Activation,10023678,0.694648216071922,0.0708569523174387,3.1569238,0.104368836,-0.043243775197974905,0.06383375847895917,2208
STAT1,CIITA,Activation,11397960;11464288;12847226;9491997,0.694648216071922,0.3066855618539439,3.1569238,0.6218787,0.1539381428643413,1.7387480961889654,2209
STAT1,CTSB,Unknown,11556541,0.694648216071922,0.4847449149716064,3.1569238,1.55436,0.5092327257927974,3.0033705865911595,2210
STAT1,CTSL,Unknown,11556541,0.694648216071922,0.086612204068021,3.1569238,0.1558024,-0.02364652786453877,0.17573153501737412,2211
STAT1,CXCL10,Repression,22022583,0.694648216071922,0.0726908969656547,3.1569238,0.62320834,0.15444476309280594,0.07685889648872225,2212
STAT1,FAS,Unknown,16317104,0.694648216071922,0.1246248749583148,3.1569238,0.15146811,-0.02529798163400416,0.44570712285608954,2213
STAT1,FCGR1A,Unknown,14734612,0.694648216071922,0.2875958652884268,3.1569238,0.6719796,0.17302761776302322,1.6031682505419143,2214
STAT1,FCGRT,Repression,18566411,0.694648216071922,0.457235745248372,3.1569238,1.2507598,0.39355479591259945,2.807993516444753,2215
STAT1,GLS,Unknown,22479354,0.694648216071922,0.4551517172390361,3.1569238,0.7120029,0.18827731947920828,2.7931922232518436,2216
STAT1,HLA-E,Unknown,11137213,0.694648216071922,0.9786595531842234,3.1569238,7.3577914,2.720459630629288,6.511277073310727,2217
STAT1,HMOX1,Activation,19129475,0.694648216071922,0.1859786595531852,3.1569238,0.37395507,0.0594741330027399,0.8814571944554923,2218
STAT1,HSP90AA1,Repression,12940076,0.694648216071922,0.9190563521172156,3.1569238,5.1092033,1.8637012471985532,6.087960087993514,2219
STAT1,ICAM1,Activation,12651068;9888295;9990314,0.694648216071922,0.1101200400133343,3.1569238,0.13971451,-0.02977634533942957,0.34269012223342193,2220
STAT1,IFIT3,Unknown,17050680,0.694648216071922,0.3224408136045236,3.1569238,1.1157165,0.34210051693587107,1.8506458727273618,2221
STAT1,IL1B,Activation,17386941,0.694648216071922,0.0821940646882281,3.1569238,0.16480523,-0.02021626419059079,0.14435279344840074,2222
STAT1,IRF1,Activation,18497060;18694960;8647845,0.694648216071922,0.7586695565187219,3.1569238,3.5529811,1.2707485333017656,4.948852563867193,2223
STAT1,IRF7,Activation,16628196,0.694648216071922,0.3548682894297908,3.1569238,0.74826354,0.20209337023059482,2.080953994809035,2224
STAT1,IRF8,Activation,16918696;19074829,0.694648216071922,0.3225241747248971,3.1569238,0.7768535,0.2129867338982,1.8512379244550785,2225
STAT1,JAK2,Activation,21239533,0.694648216071922,0.3701233744581299,3.1569238,0.94724816,0.2779106092165963,2.1892994609811334,2226
STAT1,LY96,Activation,21572044,0.694648216071922,0.3052684228075955,3.1569238,0.525669,0.11728026539787427,1.728683216817787,2227
STAT1,MVP,Activation,16418217,0.694648216071922,0.3722074024674658,3.1569238,0.573024,0.135323495835393,2.2041007541740427,2228
STAT1,PIM1,Unknown,10068671,0.694648216071922,0.3832110703567595,3.1569238,0.65180755,0.16534165120094638,2.282251582232605,2229
STAT1,PLSCR1,Unknown,16260419,0.694648216071922,0.381960653551158,3.1569238,0.9037332,0.26133051311778077,2.2733708063168594,2230
STAT1,PML,Activation,21115099;22589541,0.694648216071922,0.2264921640546893,3.1569238,0.30584905,0.03352433650728514,1.16919433412575,2231
STAT1,PPARA,Activation,24242046,0.694648216071922,0.0808602867622529,3.1569238,0.09469899,-0.04692818570738931,0.13487996580493722,2232
STAT1,PRKCE,Repression,24825907,0.694648216071922,0.0650216738912971,3.1569238,0.0731912,-0.05512309672358107,0.022390137538805387,2233
STAT1,PSMB9,Unknown,10764778;10921891;16703666;9632673,0.694648216071922,0.8183561187061031,3.1569238,3.066415,1.0853568267156652,5.372761600912123,2234
STAT1,S100A10,Activation,12645529,0.694648216071922,0.8182727575857297,3.1569238,5.459279,1.997087299899972,5.372169549184407,2235
STAT1,SMARCA4,Unknown,16195385,0.694648216071922,0.2253251083694608,3.1569238,0.28400898,0.025202819966655014,1.160905609937718,2236
STAT1,SOCS3,Unknown,19115200,0.694648216071922,0.1829776592197404,3.1569238,0.27242282,0.020788254350226708,0.860143332257695,2237
STAT1,STAT2,Activation,16918696,0.694648216071922,0.4708236078692423,3.1569238,1.2322586,0.3865054576173694,2.9044979480625233,2238
STAT1,STAT3,Unknown,22693070,0.694648216071922,0.509253084361397,3.1569238,0.84672683,0.23960991190742378,3.1774337945397764,2239
STAT1,TAP1,Unknown,15778351;9632673,0.694648216071922,0.5478492830942986,3.1569238,1.1207321,0.3440115638492364,3.4515537444724615,2240
STAT1,TBX21,Unknown,18414429,0.694648216071922,0.060770256752251,3.1569238,0.091947705,-0.04797648196447491,-0.007804500574735702,2241
STAT1,TIMP1,Unknown,11918744,0.694648216071922,0.4483994664887876,3.1569238,1.1428996,0.3524578379644027,2.745236033306816,2242
STAT1,TNFSF13B,Unknown,23271704,0.694648216071922,0.4235578526175033,3.1569238,2.0628624,0.7029826145317127,2.5688046184473343,2243
STAT1,TP53,Activation,14602726,0.694648216071922,0.2720906968989674,3.1569238,0.35978127,0.054073623245052146,1.493046629186667,2244
STAT1,UPP1,Activation,20544543,0.694648216071922,0.3474491497165549,3.1569238,0.52375054,0.11654929262065616,2.028261391042277,2245
STAT1,XAF1,Unknown,18035482,0.694648216071922,0.5601033677891939,3.1569238,1.851294,0.622370696159901,3.53858534844677,2246
STAT2,IFIT3,Unknown,19351818;20403236,0.4708236078692423,0.3224408136045236,1.2322586,1.1157165,0.34210051693587107,1.8506458727273618,2247
STAT2,IRF1,Activation,8647845,0.4708236078692423,0.7586695565187219,1.2322586,3.5529811,1.2707485333017656,4.948852563867193,2248
STAT2,PML,Unknown,17062732,0.4708236078692423,0.2264921640546893,1.2322586,0.30584905,0.03352433650728514,1.16919433412575,2249
STAT2,RCAN1,Unknown,22426484,0.4708236078692423,0.066105368456152,1.2322586,0.072691076,-0.055313654269338305,0.03008680999911994,2250
STAT2,SCARB2,Unknown,17998316,0.4708236078692423,0.3067689229743174,1.2322586,0.5578502,0.1295419654792992,1.7393401479166823,2251
STAT2,STAT1,Unknown,21498520,0.4708236078692423,0.694648216071922,1.2322586,3.1569238,1.1198425438526791,4.494156836981012,2252
STAT3,AKT1,Unknown,16007214,0.509253084361397,0.2261587195731954,0.84672683,0.2718382,0.020565502087986548,1.1668261272148834,2253
STAT3,BCL2,Activation,15184887;15805299;18839277;19926637;21435102;22504301,0.509253084361397,0.3046848949649814,0.84672683,0.5778597,0.13716599714310515,1.7245388547237723,2254
STAT3,BCL2L1,Activation,11369651;15184887;15805299;16651438;17880940;20069389;21435102,0.509253084361397,0.0869456485495148,0.84672683,0.09694991,-0.04607053882202515,0.17809974192823996,2255
STAT3,BCL6,Activation,20228272;23716595,0.509253084361397,0.1882294098032687,0.84672683,0.3059335,0.033556513696820535,0.8974425911038394,2256
STAT3,CCND2,Unknown,12147685,0.509253084361397,0.2890130043347752,0.84672683,0.4857372,0.10206542706644334,1.6132331299130929,2257
STAT3,CCND3,Activation,15184887,0.509253084361397,0.6295431810602673,0.84672683,1.1805934,0.36681995219660085,4.031764437634517,2258
STAT3,CD46,Activation,17699108,0.509253084361397,0.5360120040012705,0.84672683,0.94009626,0.27518558799885606,3.367482399136735,2259
STAT3,CDK4,Activation,22218594,0.509253084361397,0.155135045015003,0.84672683,0.1749755,-0.016341181829239635,0.6623980552003572,2260
STAT3,CDKN1A,Activation,10023678;15286705,0.509253084361397,0.0708569523174387,0.84672683,0.104368836,-0.043243775197974905,0.06383375847895917,2261
STAT3,CDKN1B,Unknown,18320073,0.509253084361397,0.3676225408469267,0.84672683,0.5059085,0.10975110786307139,2.171537909149641,2262
STAT3,CFLAR,Unknown,18222423,0.509253084361397,0.6237912637545001,0.84672683,1.5071025,0.4912266448636234,3.990912868422086,2263
STAT3,CISH,Activation,14630083,0.509253084361397,0.1883127709236422,0.84672683,0.28342614,0.024980745921080016,0.8980346428315563,2264
STAT3,COPS5,Unknown,21689417,0.509253084361397,0.3604534844948111,0.84672683,0.47814873,0.09917406368605695,2.1206214605660327,2265
STAT3,CSRP1,Activation,8621622,0.509253084361397,0.1438812937645852,0.84672683,0.16605587,-0.01973974458940024,0.5824710719586189,2266
STAT3,DDIT3,Repression,23288901,0.509253084361397,0.0737745915305095,0.84672683,0.08302811,-0.05137503138891457,0.08455556894903601,2267
STAT3,DNMT1,Activation,16861352;21944426,0.509253084361397,0.3440313437812439,0.84672683,0.5126623,0.11232444478058622,2.003987270205905,2268
STAT3,ETV6,Activation,15229229,0.509253084361397,0.2881793931310408,0.84672683,0.44739166,0.08745498646944003,1.6073126126359285,2269
STAT3,FAS,Activation,15223310,0.509253084361397,0.1246248749583148,0.84672683,0.15146811,-0.02529798163400416,0.44570712285608954,2270
STAT3,HGF,Activation,12168776,0.509253084361397,0.0680226742247414,0.84672683,0.081861004,-0.05181972281543786,0.04370399973659911,2272
STAT3,HIF1A,Activation,17597020;18644974;19265129,0.509253084361397,0.3469489829943142,0.84672683,0.5292545,0.11864641475345915,2.0247090806759784,2273
STAT3,HMOX1,Activation,19129475,0.509253084361397,0.1859786595531852,0.84672683,0.37395507,0.0594741330027399,0.8814571944554923,2274
STAT3,HSPA4,Activation,19754877,0.509253084361397,0.294681560520169,0.84672683,0.40112644,0.06982698465965222,1.6534926473978069,2275
STAT3,HSPB1,Activation,14715258,0.509253084361397,0.3081027009002924,0.84672683,0.45822787,0.0915838056880937,1.7488129755601445,2276
STAT3,ICAM1,Unknown,23690481;8675499,0.509253084361397,0.1101200400133343,0.84672683,0.13971451,-0.02977634533942957,0.34269012223342193,2277
STAT3,IFNAR1,Activation,18550668,0.509253084361397,0.4018006002000361,0.84672683,0.6300491,0.15705123356155815,2.4142791175133587,2278
STAT3,IKBKE,Activation,22330135,0.509253084361397,0.1232910970323396,0.84672683,0.14171517,-0.029014052669022506,0.436234295212626,2279
STAT3,IL1RN,Activation,20032313,0.509253084361397,0.1441313771257056,0.84672683,0.22115709,0.0012549552279034531,0.5842472271417687,2280
STAT3,IRF1,Activation,8647845,0.509253084361397,0.7586695565187219,0.84672683,3.5529811,1.2707485333017656,4.948852563867193,2281
STAT3,JAK2,Activation,17151100,0.509253084361397,0.3701233744581299,0.84672683,0.94724816,0.2779106092165963,2.1892994609811334,2282
STAT3,JUNB,Activation,17204573,0.509253084361397,0.736578859619761,0.84672683,3.2439663,1.1530075292894382,4.791958856022352,2283
STAT3,KLF11,Activation,18505768,0.509253084361397,0.0756918972990989,0.84672683,0.08727963,-0.04975511469437926,0.09817275868651529,2284
STAT3,LGALS3BP,Repression,18594176,0.509253084361397,0.1075358452817573,0.84672683,0.12854439,-0.034032391146097005,0.32433651867421104,2285
STAT3,MCL1,Activation,15184887;15805299;16432172;17880940;19523441,0.509253084361397,0.6913137712569845,0.84672683,2.6946912,0.9437224019978924,4.470474767872356,2286
STAT3,MICA,Repression,21257710;23686482,0.509253084361397,0.0721907302434139,0.84672683,0.07644248,-0.053884292072395444,0.07330658612242268,2287
STAT3,MYC,Activation,15184887;17204573;19259613,0.509253084361397,0.2710070023341127,0.84672683,0.41546583,0.07529058761823003,1.4853499567263537,2288
STAT3,MYD88,Unknown,12244150,0.509253084361397,0.3677059019673002,0.84672683,0.7039105,0.18519394838866712,2.172129960877358,2289
STAT3,NLK,Unknown,15764709,0.509253084361397,0.077192397465821,0.84672683,0.08727964,-0.049755110884173274,0.10882968978541176,2290
STAT3,NME1,Activation,23583378,0.509253084361397,0.15530176725575,0.84672683,0.19856593,-0.007352742073983482,0.663582158655791,2291
STAT3,NR2C2,Unknown,15764709,0.509253084361397,0.1043681227075662,0.84672683,0.11420631,-0.0394954949676909,0.30183855302098506,2292
STAT3,OAS1,Repression,18550668,0.509253084361397,0.3900466822273814,0.84672683,0.9483335,0.2783241461128704,2.3307998239053487,2293
STAT3,PHB,Unknown,17324931,0.509253084361397,0.3611203734577986,0.84672683,0.504325,0.10914776174549543,2.1253578743877637,2294
STAT3,PIM1,Activation,22273698,0.509253084361397,0.3832110703567595,0.84672683,0.65180755,0.16534165120094638,2.282251582232605,2295
STAT3,POU2F1,Unknown,23172665,0.509253084361397,0.1474658219406442,0.84672683,0.18464537,-0.012656762175330877,0.6079292962504318,2296
STAT3,PPARA,Activation,24242046,0.509253084361397,0.0808602867622529,0.84672683,0.09469899,-0.04692818570738931,0.13487996580493722,2297
STAT3,PRDM1,Activation,1702555,0.509253084361397,0.1295431810603492,0.84672683,0.20081745,-0.006494866576260279,0.4806381747913674,2298
STAT3,PSMB5,Activation,24627483,0.509253084361397,0.2408302767589253,0.84672683,0.2912608,0.027965912762588,1.2710272312930018,2299
STAT3,PTEN,Activation,22055460,0.509253084361397,0.5405968656218095,0.84672683,1.0544661,0.3187628528752608,3.400045244161136,2300
STAT3,PTPN6,Repression,14630083;16825495;21792937,0.509253084361397,0.6570523507835017,0.84672683,1.7719355,0.5921334730012942,4.227141507780923,2301
STAT3,S1PR1,Activation,21102457,0.509253084361397,0.1520506835611848,0.84672683,0.19056377,-0.010401729865724484,0.6404921412748439,2303
STAT3,SOCS1,Activation,14630083;20003295;20357037,0.509253084361397,0.1097865955318405,0.84672683,0.13871405,-0.030157541207310883,0.3403219153225561,2304
STAT3,SOCS3,Activation,11788008;15184887;19332118;20357037;22179221,0.509253084361397,0.1829776592197404,0.84672683,0.27242282,0.020788254350226708,0.860143332257695,2305
STAT3,STAT1,Activation,22693070,0.509253084361397,0.694648216071922,0.84672683,3.1569238,1.1198425438526791,4.494156836981012,2306
STAT3,STK11,Unknown,24913037,0.509253084361397,0.2208236078692936,0.84672683,0.2629191,0.01716714126874312,1.128934816641022,2307
STAT3,STS,Activation,21331591,0.509253084361397,0.0506002000666891,0.84672683,0.056852125,-0.06134862085748249,-0.08003481135615238,2308
STAT3,TGFB1,Activation,16474852,0.509253084361397,0.6528009336444563,0.84672683,1.5803765,0.5191455481912287,4.1969468696673875,2309
STAT3,TIMP1,Activation,15161657,0.509253084361397,0.4483994664887876,0.84672683,1.1428996,0.3524578379644027,2.745236033306816,2310
STAT3,TNFRSF10B,Repression,19351839,0.509253084361397,0.111537179059683,0.84672683,0.12904467,-0.03384177416112643,0.3527550016046023,2311
STAT3,TP53,Unknown,20043094,0.509253084361397,0.2720906968989674,0.84672683,0.35978127,0.054073623245052146,1.493046629186667,2312
STAT3,TYK2,Repression,18550668,0.509253084361397,0.1689729909969983,0.84672683,0.2073188,-0.004017718308813077,0.7606786420013101,2313
STAT3,UCP2,Repression,21344490,0.509253084361397,0.7122374124707173,0.84672683,1.977506,0.670460067925926,4.619079751529168,2314
STAT3,USP7,Repression,22750444,0.509253084361397,0.3611203734577986,0.84672683,0.5166643,0.11384928921540724,2.1253578743877637,2315
STAT3,VDR,Repression,23424038,0.509253084361397,0.0529343114371459,0.84672683,0.062020496,-0.059379365046277985,-0.06345736298008972,2316
STAT3,VEGFB,Unknown,16899623;21731766,0.509253084361397,0.1636378792930965,0.84672683,0.21915592,0.0004924682369912091,0.7227873314274488,2317
STAT3,ZFP36,Activation,21606497,0.509253084361397,0.5824441480492751,0.84672683,1.8632107,0.6269112043249265,3.6972552114747606,2318
STAT4,IRF1,Unknown,10068671;10358173,0.1502167389129686,0.7586695565187219,0.18864664,3.5529811,1.2707485333017656,4.948852563867193,2319
STAT4,MYC,Activation,10702306,0.1502167389129686,0.2710070023341127,0.18864664,0.41546583,0.07529058761823003,1.4853499567263537,2320
STAT4,PIM1,Unknown,10068671,0.1502167389129686,0.3832110703567595,0.18864664,0.65180755,0.16534165120094638,2.282251582232605,2321
STAT4,PRF1,Activation,12372421,0.1502167389129686,0.1428809603201037,0.18864664,0.65030164,0.16476786847160071,0.5753664512260206,2322
STAT4,SOCS3,Repression,14559241,0.1502167389129686,0.1829776592197404,0.18864664,0.27242282,0.020788254350226708,0.860143332257695,2324
STAT4,TBX21,Unknown,19923468,0.1502167389129686,0.060770256752251,0.18864664,0.091947705,-0.04797648196447491,-0.007804500574735702,2325
STAT5A,BCL2L1,Unknown,11756417,0.2445815271757312,0.0869456485495148,0.31768554,0.09694991,-0.04607053882202515,0.17809974192823996,2326
STAT5A,BCL6,Repression,16819511,0.2445815271757312,0.1882294098032687,0.31768554,0.3059335,0.033556513696820535,0.8974425911038394,2327
STAT5A,CCND2,Repression,22723377,0.2445815271757312,0.2890130043347752,0.31768554,0.4857372,0.10206542706644334,1.6132331299130929,2328
STAT5A,SP1,Unknown,17922009,0.2445815271757312,0.2797599199733236,0.31768554,0.40529555,0.0714155014466729,1.547515388136574,2329
STAT5A,STK11,Unknown,24913037,0.2445815271757312,0.2208236078692936,0.31768554,0.2629191,0.01716714126874312,1.128934816641022,2330
STAT5A,SUMO1,Repression,22723377,0.2445815271757312,0.5584361453817251,0.31768554,0.87949556,0.2520954730210302,3.526744313892442,2331
STAT5B,BCL2L1,Activation,20585448,0.2362454151383847,0.0869456485495148,0.28842664,0.09694991,-0.04607053882202515,0.17809974192823996,2332
STAT5B,BCL6,Repression,16819511,0.2362454151383847,0.1882294098032687,0.28842664,0.3059335,0.033556513696820535,0.8974425911038394,2333
STAT6,CD40,Unknown,11086058,0.3564521507168861,0.1583027675891947,0.5347555,0.22449163,0.002525483654112379,0.6848960208535875,2334
STAT6,CISH,Unknown,18342537,0.3564521507168861,0.1883127709236422,0.5347555,0.28342614,0.024980745921080016,0.8980346428315563,2335
STAT6,CYSLTR1,Unknown,16210619,0.3564521507168861,0.2443314438146108,0.5347555,0.35052925,0.050548413048187364,1.2958934038570977,2336
STAT6,DUSP1,Unknown,18342537,0.3564521507168861,0.5256752250749642,0.5347555,5.0690584,1.848405213377602,3.2940679848999035,2337
STAT6,FCER2,Activation,9686563,0.3564521507168861,0.0988662887629184,0.5347555,0.20748629,-0.0039539011687860495,0.2627631389916973,2338
STAT6,FOSB,Unknown,18342537,0.3564521507168861,0.4388129376458423,0.5347555,1.1400627,0.3513769206287846,2.677150084619432,2340
STAT6,IRF4,Unknown,10601358,0.3564521507168861,0.0581027009003003,0.5347555,0.087279335,-0.04975522709545578,-0.026750155861664928,2341
STAT6,ORMDL3,Unknown,23461825,0.3564521507168861,0.1135378459486458,0.5347555,0.12862791,-0.03400056830571813,0.3669642430697977,2342
STAT6,RHOA,Activation,19857574,0.3564521507168861,0.7974324774923703,0.5347555,3.4076984,1.2153928320097183,5.2241566172553116,2343
STAT6,SIDT1,Unknown,18342537,0.3564521507168861,0.0625208402800936,0.5347555,0.06918976,-0.056647727786867004,0.004628585707311242,2344
STAT6,SOCS1,Unknown,15199062;18342537,0.3564521507168861,0.1097865955318405,0.5347555,0.13871405,-0.030157541207310883,0.3403219153225561,2345
STAT6,STAT1,Repression,19440213,0.3564521507168861,0.694648216071922,0.5347555,3.1569238,1.1198425438526791,4.494156836981012,2346
STAT6,TLR4,Repression,16433852,0.3564521507168861,0.279259753251083,0.5347555,0.55851674,0.12979593094896075,1.5439630777702755,2347
SUGP1,IL1B,Activation,9878621,0.0947815938646193,0.0821940646882281,0.102285296,0.16480523,-0.02021626419059079,0.14435279344840074,2348
TAF1,CDKN1A,Activation,17996705,0.221240413471161,0.0708569523174387,0.28309187,0.104368836,-0.043243775197974905,0.06383375847895917,2349
TAF1,LRIG2,Unknown,22721266,0.221240413471161,0.1058686228742883,0.28309187,0.11820764,-0.0379709058166708,0.3124954841198816,2350
TAF1,SRC,Unknown,14993269,0.221240413471161,0.0809436478826263,0.28309187,0.09744999,-0.04587999804117425,0.1354720175326533,2351
TAF1,TBP,Unknown,16858867,0.221240413471161,0.0886128709569839,0.28309187,0.09594962,-0.046451669916404745,0.18994077648257018,2352
TAF4,ATF7,Repression,16205117,0.0676058686228741,0.175558519506502,0.07269108,0.21357088,-0.00163554704593055,0.8074507284909195,2353
TAF4,CDKN1A,Unknown,17996705,0.0676058686228741,0.0708569523174387,0.07269108,0.104368836,-0.043243775197974905,0.06383375847895917,2354
TBC1D22A,ACBD3,Unknown,23572552,0.2034011337112394,0.273341113704569,0.24924856,0.36903393,0.05759907729509992,1.5019274051024127,2355
TBL1X,MYC,Unknown,20493879,0.2324108036012053,0.2710070023341127,0.3203535,0.41546583,0.07529058761823003,1.4853499567263537,2356
TBP,APP,Unknown,8015372,0.0886128709569839,0.2350783594531562,0.09594962,0.37170264,0.05861591077627214,1.2301756620805577,2357
TBP,BCL2,Repression,11313951,0.0886128709569839,0.3046848949649814,0.09594962,0.5778597,0.13716599714310515,1.7245388547237723,2358
TBP,CDKN1A,Unknown,17996705,0.0886128709569839,0.0708569523174387,0.09594962,0.104368836,-0.043243775197974905,0.06383375847895917,2359
TBP,FUS,Repression,19841068,0.0886128709569839,0.8102700900298797,0.09594962,2.1670089,0.7426645762836089,5.3153325833236345,2361
TBP,MYC,Unknown,7880838;9797456,0.0886128709569839,0.2710070023341127,0.09594962,0.41546583,0.07529058761823003,1.4853499567263537,2362
TBP,NF1,Repression,15767669,0.0886128709569839,0.1583027675891947,0.09594962,0.19589853,-0.008369076418171799,0.6848960208535875,2363
TBPL1,NF1,Activation,15767669,0.1529676558852929,0.1583027675891947,0.1717243,0.19589853,-0.008369076418171799,0.6848960208535875,2364
TBX21,CXCR3,Activation,14500650;21540308,0.060770256752251,0.0609369789929979,0.091947705,0.08519544,-0.05054923401537117,-0.00662039711930274,2365
TBX21,FUT7,Unknown,17075044,0.060770256752251,0.1047849283094334,0.091947705,0.14780016,-0.02669554613792764,0.30479881165956707,2366
TBX21,GATA3,Unknown,17075044,0.060770256752251,0.1107869289763219,0.091947705,0.14721672,-0.026917848795861676,0.34742653605515383,2367
TBX21,NELFCD,Unknown,21930963,0.060770256752251,0.2236578859619915,0.091947705,0.27333885,0.021137280648984614,1.1490645753833864,2368
TBX21,YY1,Unknown,21272048,0.060770256752251,0.5901967322440048,0.091947705,1.149995,0.35516133151833307,3.752316022152384,2369
TCF3,BBC3,Repression,23684607,0.1312104034678185,0.079026342114037,0.15747,0.08969726,-0.04883394786505482,0.12185482779517483,2370
TCF3,CD4,Unknown,17486074,0.1312104034678185,0.4153884628209064,0.15747,0.9203266,0.2676529403153718,2.510783549131129,2371
TCF3,CDK6,Repression,21788410,0.1312104034678185,0.1609703234411456,0.15747,0.25333372,0.013514914045193673,0.703841676140518,2372
TCF3,CDKN1A,Activation,15856770;23684607,0.1312104034678185,0.0708569523174387,0.15747,0.104368836,-0.043243775197974905,0.06383375847895917,2373
TCF3,MYC,Activation,22384858,0.1312104034678185,0.2710070023341127,0.15747,0.41546583,0.07529058761823003,1.4853499567263537,2374
TCF4,BCL2,Unknown,23671559,0.1880626875625218,0.3046848949649814,0.56477,0.5778597,0.13716599714310515,1.7245388547237723,2375
TCF4,CD44,Unknown,16311123,0.1880626875625218,0.7525008336110875,0.56477,2.6831927,0.9393412366471204,4.905040736016181,2376
TCF4,HECA,Repression,22100912,0.1880626875625218,0.2901800600200033,0.56477,0.37745264,0.06080677921710696,1.6215218541011218,2377
TCF4,JUN,Unknown,19671687,0.1880626875625218,0.6497165721906392,0.56477,2.2591062,0.777755544641191,4.175040955741881,2378
TCF4,KLF4,Unknown,18977346,0.1880626875625218,0.3008502834278033,0.56477,0.67706454,0.17496508464468213,1.6973044752488187,2379
TCF4,MYC,Activation,21533051,0.1880626875625218,0.2710070023341127,0.56477,0.41546583,0.07529058761823003,1.4853499567263537,2380
TCF4,PTEN,Repression,21132538,0.1880626875625218,0.5405968656218095,0.56477,1.0544661,0.3187628528752608,3.400045244161136,2381
TCF4,SKP2,Unknown,19174556,0.1880626875625218,0.0544348116038681,0.56477,0.056768756,-0.061380386163751,-0.05280043188119252,2382
TCF7L2,CTNNB1,Unknown,24317174,0.202067355785264,0.4339779926641829,0.50007975,0.7061655,0.18605314983807278,2.642811084411882,2385
TCF7L2,GATA3,Unknown,22951069,0.202067355785264,0.1107869289763219,0.50007975,0.14721672,-0.026917848795861676,0.34742653605515383,2386
TCF7L2,GLCE,Unknown,15853773;22805760,0.202067355785264,0.0650216738912971,0.50007975,0.07177407,-0.05566305244420025,0.022390137538805387,2387
TCF7L2,HECA,Repression,22100912,0.202067355785264,0.2901800600200033,0.50007975,0.37745264,0.06080677921710696,1.6215218541011218,2388
TCF7L2,STARD7,Activation,21622533,0.202067355785264,0.289346448816269,0.50007975,0.41104674,0.07360682330201983,1.6156013368239583,2389
TCF7L2,STAT3,Unknown,18602747,0.202067355785264,0.509253084361397,0.50007975,0.84672683,0.23960991190742378,3.1774337945397764,2390
TFAP4,CDKN1A,Activation,19270520,0.0689396465488493,0.0708569523174387,0.07360811,0.104368836,-0.043243775197974905,0.06383375847895917,2391
TFAP4,CLCN5,Unknown,15086899,0.0689396465488493,0.0614371457152386,0.07360811,0.07552536,-0.0542337336836056,-0.0030680867530039017,2392
TFAP4,MDM2,Repression,19505873,0.0689396465488493,0.2341613871290481,0.07360811,0.3111005,0.03552524712878462,1.2236630930756756,2393
TFCP2,GSK3B,Unknown,16973241,0.1750583527842612,0.2059019673224434,0.21123682,0.25391662,0.013737010952004561,1.022957557379755,2394
TFDP1,DHFR,Activation,14618416,0.145631877292428,0.0955318439479803,0.17530882,0.11437279,-0.039432062658468256,0.23908106988303762,2395
TFDP1,NRIP1,Activation,22629304,0.145631877292428,0.2510003334444877,0.17530882,0.3872075,0.06452358181167425,1.343257542074422,2396
TFDP1,PCNA,Activation,14618416,0.145631877292428,0.1495498499499809,0.17530882,0.18606216,-0.012116936001715161,0.6227305894433469,2397
TFDP1,RRM1,Activation,14618416,0.145631877292428,0.0913637879293078,0.17530882,0.10637001,-0.04248128668298027,0.20947848349721407,2398
TFDP1,TP53,Repression,8557038,0.145631877292428,0.2720906968989674,0.17530882,0.35978127,0.054073623245052146,1.493046629186667,2399
TFPT,EAF1,Unknown,17395368,0.1090363454484794,0.1101200400133343,0.12412644,0.1302117,-0.0333971116921686,0.34269012223342193,2400
TFPT,EAF2,Repression,17395368,0.1090363454484794,0.1519673224408114,0.12412644,0.21607214,-0.0006825154639614186,0.6399000895471277,2401
TLE3,RUNX1,Repression,19403666,0.2099866622207432,0.2892630876958955,0.27792376,0.41071284,0.07347960052421204,1.6150092850962414,2402
TNFAIP3,IRF7,Repression,20392859,0.1912304101367135,0.3548682894297908,0.2820927,0.74826354,0.20209337023059482,2.080953994809035,2403
TNFAIP3,JUN,Repression,19124729,0.1912304101367135,0.6497165721906392,0.2820927,2.2591062,0.777755544641191,4.175040955741881,2404
TNFAIP3,NFKB1,Repression,19124729,0.1912304101367135,0.359286428809583,0.2820927,0.5491799,0.1262384025849392,2.1123327363780033,2405
TNFAIP3,RELA,Repression,19124729,0.1912304101367135,0.2120706902300798,0.2820927,0.2434963,0.009766654390021983,1.0667693852307816,2406
TNFAIP3,SATB1,Unknown,24039598,0.1912304101367135,0.3237745915304986,0.2820927,0.5169979,0.11397639768703552,1.860118700370824,2407
TOP2B,RUNX1,Activation,24327541,0.3557852617538986,0.2892630876958955,0.5180812,0.41071284,0.07347960052421204,1.6150092850962414,2408
TP53,AKT1,Repression,12485897,0.2720906968989674,0.2261587195731954,0.35978127,0.2718382,0.020565502087986548,1.1668261272148834,2409
TP53,ALKBH2,Unknown,20661249,0.2720906968989674,0.065188396132044,0.35978127,0.069940075,-0.056361842316573964,0.023574240994238348,2410
TP53,ALOX5,Unknown,17018618,0.2720906968989674,0.2878459486495471,0.35978127,0.48648772,0.10235139064595906,1.6049444057250635,2411
TP53,APAF1,Unknown,11896574;15972851,0.2720906968989674,0.2576692230743627,0.35978127,0.403212,0.07062162597886397,1.3906216802917324,2412
TP53,AQP3,Unknown,11231003,0.2720906968989674,0.1850616872290771,0.35978127,0.31643713,0.03755861308485633,0.8749446254506099,2413
TP53,ATF3,Activation,12372430,0.2720906968989674,0.0570190063354454,0.35978127,0.07219076,-0.05550428497105042,-0.03444682832197943,2414
TP53,BAX,Activation,10101800;10566557;15851483;17280505;17693666;18172861;20673369;22532570;22732402;9000137,0.2720906968989674,0.4886628876291579,0.35978127,0.8149618,0.22750678116843745,3.0311970177938288,2415
TP53,BBC3,Activation,17280505,0.2720906968989674,0.079026342114037,0.35978127,0.08969726,-0.04883394786505482,0.12185482779517483,2416
TP53,BCL2,Repression,11313951;17693666;19411072;20428827;9000137,0.2720906968989674,0.3046848949649814,0.35978127,0.5778597,0.13716599714310515,1.7245388547237723,2417
TP53,BCL2L1,Activation,9000137,0.2720906968989674,0.0869456485495148,0.35978127,0.09694991,-0.04607053882202515,0.17809974192823996,2418
TP53,BCL3,Repression,12808109,0.2720906968989674,0.1065355118372759,0.35978127,0.12462664,-0.035525134595502335,0.3172318979416134,2419
TP53,BTG2,Unknown,16581545,0.2720906968989674,0.4076358786261767,0.35978127,0.65247595,0.16559632536892097,2.455722738453505,2420
TP53,BTG3,Unknown,18590053,0.2720906968989674,0.06702234078026,0.35978127,0.07860986,-0.053058475647822116,0.036599379004001426,2421
TP53,CARM1,Unknown,20462455,0.2720906968989674,0.0885295098366104,0.35978127,0.09870057,-0.045403501301219604,0.18934872475485331,2422
TP53,CASP1,Unknown,11278253,0.2720906968989674,0.5331777259085736,0.35978127,1.8294415,0.6140444435332327,3.3473526403943783,2423
TP53,CASP3,Unknown,21859835,0.2720906968989674,0.1763921307102367,0.35978127,0.22499137,0.0027158948879598206,0.8133712457680856,2424
TP53,CD82,Activation,9736732,0.2720906968989674,0.134878292764251,0.35978127,0.1752255,-0.01624592667963812,0.5185294853652287,2425
TP53,CDK4,Unknown,17530187,0.2720906968989674,0.155135045015003,0.35978127,0.1749755,-0.016341181829239635,0.6623980552003572,2426
TP53,CDKN1A,Activation,10101800;10327058;10499591;10522058;10566557;10597242;11444825;11892838;12665570;12889596;12902982;14522900;15851483;15882981;15897882;17280505;18172861;18645021;19501055;19713748;20673369;21084835;21245169;21557991;22532570;22732402;7753560;9916993,0.2720906968989674,0.0708569523174387,0.35978127,0.104368836,-0.043243775197974905,0.06383375847895917,2427
TP53,CDKN1B,Unknown,15988033,0.2720906968989674,0.3676225408469267,0.35978127,0.5059085,0.10975110786307139,2.171537909149641,2428
TP53,CHUK,Repression,15469934,0.2720906968989674,0.0947815938646193,0.35978127,0.107620426,-0.042004852430403763,0.2337526043335898,2429
TP53,CTNNB1,Repression,19411072,0.2720906968989674,0.4339779926641829,0.35978127,0.7061655,0.18605314983807278,2.642811084411882,2430
TP53,CTSD,Activation,10029407,0.2720906968989674,0.5465155051683236,0.35978127,1.9909959,0.6755999976963639,3.442080916828999,2431
TP53,CYFIP2,Unknown,15856024,0.2720906968989674,0.2991830610203346,0.35978127,0.41863242,0.07649712363493666,1.6854634406944915,2432
TP53,DDB1,Activation,16357511,0.2720906968989674,0.2460820273424536,0.35978127,0.31168345,0.03574736308662541,1.3083264901391463,2433
TP53,DDB2,Activation,16357511,0.2720906968989674,0.1269589863287718,0.35978127,0.14713345,-0.026949576381090946,0.4622845712321536,2434
TP53,DNMT1,Activation,20570896,0.2720906968989674,0.3440313437812439,0.35978127,0.5126623,0.11232444478058622,2.003987270205905,2435
TP53,DUSP1,Activation,12890671;15611668,0.2720906968989674,0.5256752250749642,0.35978127,5.0690584,1.848405213377602,3.2940679848999035,2436
TP53,E2F3,Repression,20428827,0.2720906968989674,0.1623041013671211,0.35978127,0.21423794,-0.001381383445557808,0.7133145037839836,2437
TP53,ELF4,Unknown,20805247,0.2720906968989674,0.1230410136712193,0.35978127,0.14338228,-0.028378849419213786,0.43445814002947686,2438
TP53,EZH2,Activation,15208672,0.2720906968989674,0.062604201400467,0.35978127,0.074691765,-0.054551350549333896,0.0052206374350274275,2439
TP53,FAS,Activation,10101800;11313989,0.2720906968989674,0.1246248749583148,0.35978127,0.15146811,-0.02529798163400416,0.44570712285608954,2440
TP53,FOXO3,Unknown,19299143,0.2720906968989674,0.2166555518506204,0.35978127,0.2870103,0.026346384709063066,1.0993322302551938,2441
TP53,FUS,Unknown,12364590,0.2720906968989674,0.8102700900298797,0.35978127,2.1670089,0.7426645762836089,5.3153325833236345,2442
TP53,GSTP1,Activation,18505928,0.2720906968989674,0.7140713571189329,0.35978127,3.418944,1.2196776372511535,4.632104889538929,2443
TP53,HIPK2,Activation,11740489,0.2720906968989674,0.2244081360453526,0.35978127,0.32293773,0.04003547558685471,1.1543930409328351,2444
TP53,HRAS,Unknown,11127813,0.2720906968989674,0.1053684561520476,0.35978127,0.11762418,-0.038193216095016795,0.3089431737535827,2445
TP53,HSF1,Unknown,20180806,0.2720906968989674,0.1580526842280743,0.35978127,0.17564212,-0.016087185877930187,0.6831198656704377,2446
TP53,HSP90AB1,Repression,15284248,0.2720906968989674,0.8695398466153937,0.35978127,3.8843482,1.3970062240358447,5.736281361729983,2447
TP53,ID2,Unknown,16557594,0.2720906968989674,0.3882960986995392,0.35978127,0.95067024,0.2792144921859897,2.3183667376233044,2448
TP53,IER3,Unknown,12360408,0.2720906968989674,0.1044514838279396,0.35978127,0.13821371,-0.030348181053517376,0.3024306047487012,2449
TP53,IFI16,Activation,18974396,0.2720906968989674,0.6976492164053657,0.35978127,2.54947,0.888390133472647,4.515470699178802,2450
TP53,IGF1R,Repression,12444079;17097318,0.2720906968989674,0.0953651217072334,0.35978127,0.111121655,-0.04067081206166713,0.23789696642760466,2451
TP53,ING1,Unknown,16465410,0.2720906968989674,0.1753917972657551,0.35978127,0.20456764,-0.00506596693832388,0.8062666250354865,2452
TP53,IPO7,Repression,22284678,0.2720906968989674,0.2575858619539893,0.35978127,0.3541128,0.05191381941360538,1.3900296285640166,2453
TP53,KLF2,Repression,23202365,0.2720906968989674,0.9214738246080452,0.35978127,4.987648,1.8173861740531256,6.105129588097288,2454
TP53,MAD1L1,Repression,12876282,0.2720906968989674,0.1910636878959666,0.35978127,0.22215635,0.0016356938710666885,0.9175723498462037,2455
TP53,MAP4,Repression,19411072,0.2720906968989674,0.2361620540180112,0.35978127,0.30826598,0.034445236622190685,1.237872334540873,2456
TP53,MCL1,Repression,19411072,0.2720906968989674,0.6913137712569845,0.35978127,2.6946912,0.9437224019978924,4.470474767872356,2457
TP53,MCM7,Repression,15899946,0.2720906968989674,0.077192397465821,0.35978127,0.08886366,-0.04915156663588611,0.10882968978541176,2458
TP53,MDM2,Activation,10566557;10718212;12902982;15851483;20837136;22223137;22532570;9645455;9858609,0.2720906968989674,0.2341613871290481,0.35978127,0.3111005,0.03552524712878462,1.2236630930756756,2459
TP53,MDM4,Unknown,20036872;20372076,0.2720906968989674,0.6352950983660345,0.35978127,1.2747811,0.40270740601309085,4.072616006846947,2460
TP53,MGMT,Repression,17564708;19846904,0.2720906968989674,0.321940646882283,0.35978127,0.4081281,0.07249476134268797,1.847093562361064,2461
TP53,MYC,Repression,19411072,0.2720906968989674,0.2710070023341127,0.35978127,0.41546583,0.07529058761823003,1.4853499567263537,2462
TP53,NFKB1,Unknown,15988033,0.2720906968989674,0.359286428809583,0.35978127,0.5491799,0.1262384025849392,2.1123327363780033,2463
TP53,NLRC4,Activation,15580302,0.2720906968989674,0.1173724574858246,0.35978127,0.14238201,-0.02875997289318141,0.3941986225447561,2464
TP53,NME1,Unknown,12669312,0.2720906968989674,0.15530176725575,0.35978127,0.19856593,-0.007352742073983482,0.663582158655791,2465
TP53,OGG1,Activation,16293709,0.2720906968989674,0.1123707902634175,0.35978127,0.12546034,-0.0352074777226112,0.3586755188817671,2466
TP53,PAX5,Activation,21319196,0.2720906968989674,0.0687729243081024,0.35978127,0.12712635,-0.03457269359546073,0.049032465286047044,2467
TP53,PLAGL1,Unknown,11896574,0.2720906968989674,0.1172057352450777,0.35978127,0.14955086,-0.02602849337629816,0.39301451908932317,2468
TP53,PLK3,Unknown,16581545,0.2720906968989674,0.1177059019673184,0.35978127,0.13537982,-0.0314279515171343,0.39656682945562194,2469
TP53,PMAIP1,Activation,14695212,0.2720906968989674,0.1668056018672882,0.35978127,0.23291056,0.005733269400651065,0.7452852970806789,2470
TP53,PML,Activation,14992722,0.2720906968989674,0.2264921640546893,0.35978127,0.30584905,0.03352433650728514,1.16919433412575,2471
TP53,PTPA,Repression,10787423,0.2720906968989674,0.1312104034678185,0.35978127,0.14863394,-0.026377858783388646,0.49247920934569894,2472
TP53,PRKAB1,Unknown,12771025,0.2720906968989674,0.0593531177059022,0.35978127,0.061436966,-0.05960170199606587,-0.017869379945916773,2473
TP53,PTEN,Repression,17344317,0.2720906968989674,0.5405968656218095,0.35978127,1.0544661,0.3187628528752608,3.400045244161136,2474
TP53,RASSF1,Repression,21364923,0.2720906968989674,0.2382460820273479,0.35978127,0.29701272,0.030157512762971763,1.252673627733788,2475
TP53,RB1,Unknown,8119988,0.2720906968989674,0.2888462820940283,0.35978127,0.4403895,0.08478701927610507,1.6120490264576597,2476
TP53,REEP5,Repression,8557038,0.2720906968989674,0.5010836945648002,0.35978127,0.9464277,0.27759799705642807,3.1194127252235706,2477
TP53,RELA,Unknown,15988033,0.2720906968989674,0.2120706902300798,0.35978127,0.2434963,0.009766654390021983,1.0667693852307816,2478
TP53,RRM2B,Unknown,10716435;15856024,0.2720906968989674,0.0919473157719219,0.35978127,0.105786435,-0.04270364077869508,0.21362284559122904,2479
TP53,S100B,Activation,15178678,0.2720906968989674,0.0502667555851952,0.35978127,0.20281775,-0.005732711073268653,-0.08240301826701894,2480
TP53,SIAH1,Unknown,20421190,0.2720906968989674,0.0886962320773573,0.35978127,0.09795028,-0.045689377245997684,0.19053282821028628,2481
TP53,SIVA1,Activation,15105421,0.2720906968989674,0.4208069356451798,0.35978127,0.5796107,0.13783316421091418,2.5492669114326936,2482
TP53,SLC6A6,Repression,16734743,0.2720906968989674,0.1718906302100696,0.35978127,0.22115713,0.001254970468727392,0.7814004524713903,2483
TP53,SMAD3,Unknown,21900401,0.2720906968989674,0.1583027675891947,0.35978127,0.19473146,-0.00881375412795355,0.6848960208535875,2484
TP53,STAT1,Unknown,12364590,0.2720906968989674,0.694648216071922,0.35978127,3.1569238,1.1198425438526791,4.494156836981012,2485
TP53,STAT3,Repression,11809683,0.2720906968989674,0.509253084361397,0.35978127,0.84672683,0.23960991190742378,3.1774337945397764,2486
TP53,TBXAS1,Repression,14586398,0.2720906968989674,0.2758419473157721,0.35978127,0.49499157,0.10559153266171438,1.5196889569339043,2487
TP53,TCF7L2,Repression,14990988,0.2720906968989674,0.202067355785264,0.35978127,0.50007975,0.10753023405011213,0.9957231779047923,2488
TP53,THBS1,Activation,10029407;10101800,0.2720906968989674,0.1204568189396423,0.35978127,0.29609805,0.029809004652227696,0.4161045364702659,2489
TP53,TNFRSF10A,Activation,11313989,0.2720906968989674,0.1033677892630847,0.35978127,0.11487321,-0.0392413923306139,0.2947339322883867,2490
TP53,TNFRSF10B,Activation,10101800;11313989;11756185,0.2720906968989674,0.111537179059683,0.35978127,0.12904467,-0.03384177416112643,0.3527550016046023,2491
TP53,TP53,Activation,22532570,0.2720906968989674,0.2720906968989674,0.35978127,0.35978127,0.054073623245052146,1.493046629186667,2492
TP53,TRIM22,Activation,15064739,0.2720906968989674,0.5896132044013908,0.35978127,1.3607223,0.4354527734648253,3.7481716600583694,2493
TP53,WRN,Repression,11427532,0.2720906968989674,0.0816938979659874,0.35978127,0.09203144,-0.04794457720466737,0.14080048308210194,2495
TP53,XPC,Unknown,12771027;12967652;15927209;16357511;22336944,0.2720906968989674,0.2321607202400849,0.35978127,0.3032646,0.03253960782173461,1.2094538516104774,2496
TP53,XPO1,Repression,22284678,0.2720906968989674,0.412637545848583,0.35978127,0.65272564,0.16569146240213697,2.4912458421164883,2497
TRAF6,CD40,Unknown,16143987,0.0762754251417131,0.1583027675891947,0.08227797,0.22449163,0.002525483654112379,0.6848960208535875,2498
TRAF6,TICAM1,Unknown,14530355;20047764,0.0762754251417131,0.0709403134378122,0.08227797,0.075942285,-0.054074876670615155,0.06442581020667595,2499
TRERF1,CCR7,Unknown,17006331,0.093447815938644,0.3082694231410393,0.10870421,0.7528411,0.20383751488103447,1.7499970790155772,2500
TRERF1,CD40,Repression,18652845,0.093447815938644,0.1583027675891947,0.10870421,0.22449163,0.002525483654112379,0.6848960208535875,2501
TRERF1,CD86,Repression,18652845,0.093447815938644,0.2536678892964377,0.10870421,0.43555605,0.08294537526473932,1.362203197361346,2502
TRERF1,LILRB1,Repression,18652845,0.093447815938644,0.3070190063354377,0.10870421,0.7280837,0.1944044355180564,1.7411163030998313,2503
TRERF1,LILRB2,Repression,18652845,0.093447815938644,0.3227742580860174,0.10870421,0.85562885,0.24300176489484643,1.8530140796382277,2504
TRERF1,LILRB4,Repression,18652845,0.093447815938644,0.156552184061352,0.10870421,0.23341134,0.005924076895920852,0.6724629345715396,2505
TRIM22,NFKB1,Unknown,21651891,0.5896132044013908,0.359286428809583,1.3607223,0.5491799,0.1262384025849392,2.1123327363780033,2506
TRIM22,RELA,Unknown,21651891,0.5896132044013908,0.2120706902300798,1.3607223,0.2434963,0.009766654390021983,1.0667693852307816,2507
TRIM25,DDX58,Unknown,21292167,0.2214071357119079,0.2840946982327424,0.31101725,0.46331406,0.0935217488455006,1.5783020779778263,2508
TRIM28,E2F3,Repression,23060449,0.2838446148716221,0.1623041013671211,0.35377884,0.21423794,-0.001381383445557808,0.7133145037839836,2509
TRIM28,E2F4,Repression,23060449,0.2838446148716221,0.2125708569523206,0.35377884,0.25149894,0.012815825071650218,1.0703216955970813,2510
TRIM28,ZNF274,Unknown,21170338,0.2838446148716221,0.1347949316438775,0.35377884,0.15480262,-0.02402746463841318,0.5179374336375119,2511
TRPS1,RUNX2,Repression,16140555,0.2308269423141095,0.100283427809267,0.35052964,0.14663315,-0.0271402009864735,0.27282801836287685,2512
TRRAP,CCND2,Activation,11511535,0.1457985995331749,0.2890130043347752,0.16955686,0.4857372,0.10206542706644334,1.6132331299130929,2513
TSC22D1,CNP,Activation,20802130,0.0573524508169392,0.1675558519506494,0.09119764,0.2018172,-0.0061139412330038275,0.7506137626301281,2514
TSC22D3,CDKN1A,Repression,19814803,0.7349116372122922,0.0708569523174387,2.108391,0.104368836,-0.043243775197974905,0.06383375847895917,2515
TSC22D3,FOXO1,Repression,20018851,0.7349116372122922,0.1632210736912292,2.108391,0.19389808,-0.009131289074253188,0.719827072788866,2516
TSC22D3,FOXO3,Repression,20018851,0.7349116372122922,0.2166555518506204,2.108391,0.2870103,0.026346384709063066,1.0993322302551938,2517
TTF2,TSG101,Unknown,21556761,0.1090363454484794,0.270673557852619,0.13079508,0.34836087,0.04972221560301564,1.4829817498154885,2518
UBTF,TAF1B,Unknown,10082553,0.3476992330776752,0.1164554851617166,0.50048965,0.13838059,-0.03028459633605537,0.3876860535398745,2519
UPF1,NCBP1,Unknown,20691628,0.1560520173391112,0.1195398466155343,0.17897655,0.132129,-0.03266658089884468,0.40959196746538434,2520
UPF1,SLBP,Unknown,25016523,0.1560520173391112,0.2554184728242799,0.17897655,0.3230202,0.040066898355605264,1.37463628364339,2521
UPF2,UPF1,Unknown,19095803,0.3481160386795424,0.1560520173391112,0.48765203,0.17897655,-0.014816699363987086,0.6689106242052402,2522
USF1,APC,Activation,11241666,0.1451317105701872,0.2216572190730283,0.16572246,0.30151483,0.03187290940926165,1.1348553339181884,2523
USF1,APEX1,Unknown,7534297,0.1451317105701872,0.491913971323722,0.16572246,0.8462245,0.23941851383022647,3.0542870351747684,2524
USF1,ASCL2,Repression,12917334,0.1451317105701872,0.1437145715238383,0.16572246,0.19298132,-0.009480593518047918,0.581286968503186,2525
USF1,ASPH,Unknown,19087304,0.1451317105701872,0.0962820940313414,0.16572246,0.115956634,-0.038828585469806415,0.24440953543248625,2526
USF1,CD2,Activation,7929376,0.1451317105701872,0.4048849616538533,0.16572246,1.1179693,0.34295888013996023,2.436185031438865,2528
USF1,CIITA,Activation,9491997,0.1451317105701872,0.3066855618539439,0.16572246,0.6218787,0.1539381428643413,1.7387480961889654,2529
USF1,CTSB,Unknown,14669984;15276216,0.1451317105701872,0.4847449149716064,0.16572246,1.55436,0.5092327257927974,3.0033705865911595,2530
USF1,CTSD,Activation,9731700,0.1451317105701872,0.5465155051683236,0.16572246,1.9909959,0.6755999976963639,3.442080916828999,2531
USF1,CXCR4,Activation,10229837,0.1451317105701872,0.463904634878247,0.16572246,0.8587251,0.2441814999226612,2.855357654662064,2532
USF1,EXT1,Unknown,22037484,0.1451317105701872,0.081443814604867,0.16572246,0.096533,-0.04622939011970662,0.1390243278989521,2533
USF1,FBP1,Unknown,11023824,0.1451317105701872,0.180393464488163,0.16572246,0.27567402,0.02202702851976448,0.8417897286984812,2534
USF1,FMR1,Activation,11058604,0.1451317105701872,0.2337445815271807,0.16572246,0.2974297,0.030316390732095123,1.220702834437092,2535
USF1,HMOX1,Activation,15242350,0.1451317105701872,0.1859786595531852,0.16572246,0.37395507,0.0594741330027399,0.8814571944554923,2536
USF1,ISG20,Unknown,10871365,0.1451317105701872,0.5283427809269142,0.16572246,1.1552416,0.3571603941899303,3.3130136401868278,2537
USF1,MVP,Unknown,24173679,0.1451317105701872,0.3722074024674658,0.16572246,0.573024,0.135323495835393,2.2041007541740427,2538
USF1,MYH9,Unknown,11467950,0.1451317105701872,0.6623874624874017,0.16572246,1.4748448,0.4789357967064204,4.265032818354771,2539
USF1,NFKB1,Unknown,19686049,0.1451317105701872,0.359286428809583,0.16572246,0.5491799,0.1262384025849392,2.1123327363780033,2540
USF1,P4HA1,Activation,16488890,0.1451317105701872,0.1396298766255385,0.16572246,0.17105748,-0.017834028154206524,0.5522764338450735,2541
USF1,POU2F1,Unknown,18845576,0.1451317105701872,0.1474658219406442,0.16572246,0.18464537,-0.012656762175330877,0.6079292962504318,2542
USF1,PTPN6,Unknown,12071971,0.1451317105701872,0.6570523507835017,0.16572246,1.7719355,0.5921334730012942,4.227141507780923,2543
USF1,RELA,Unknown,19686049,0.1451317105701872,0.2120706902300798,0.16572246,0.2434963,0.009766654390021983,1.0667693852307816,2544
USF1,SERBP1,Activation,18234320,0.1451317105701872,0.7708402800932438,0.16572246,2.1034832,0.7184599760554453,5.035292116113785,2546
USF1,SF1,Unknown,18165439,0.1451317105701872,0.7926808936310844,0.16572246,1.8340567,0.6158029297989964,5.1904096687754775,2547
USF1,SLC19A1,Activation,15214842,0.1451317105701872,0.0681060353451148,0.16572246,0.0755254,-0.05423371844278165,0.04429605146431519,2548
USF1,TBX21,Unknown,22258560,0.1451317105701872,0.060770256752251,0.16572246,0.091947705,-0.04797648196447491,-0.007804500574735702,2549
USF1,TCN2,Unknown,9774437,0.1451317105701872,0.0535178392797601,0.16572246,0.060853444,-0.05982403589768897,-0.05931300088607406,2550
USF1,TGFB1,Activation,14757763,0.1451317105701872,0.6528009336444563,0.16572246,1.5803765,0.5191455481912287,4.1969468696673875,2551
USF1,TOP3A,Activation,9748294,0.1451317105701872,0.1388796265421773,0.16572246,0.16230486,-0.02116895666422734,0.5469479682956243,2552
USF2,APC,Activation,11241666,0.3651217072357236,0.2216572190730283,0.53308874,0.30151483,0.03187290940926165,1.1348553339181884,2553
USF2,ASCL2,Repression,12917334,0.3651217072357236,0.1437145715238383,0.53308874,0.19298132,-0.009480593518047918,0.581286968503186,2554
USF2,ASPH,Unknown,19087304,0.3651217072357236,0.0962820940313414,0.53308874,0.115956634,-0.038828585469806415,0.24440953543248625,2555
USF2,ATP5F1A,Activation,10434034,0.3651217072357236,0.6690563521172767,0.53308874,1.5117762,0.4930074208343937,4.312396956572082,2556
USF2,CD2,Activation,7929376,0.3651217072357236,0.4048849616538533,0.53308874,1.1179693,0.34295888013996023,2.436185031438865,2558
USF2,CTSB,Unknown,14669984;15276216,0.3651217072357236,0.4847449149716064,0.53308874,1.55436,0.5092327257927974,3.0033705865911595,2559
USF2,CTSD,Activation,9731700,0.3651217072357236,0.5465155051683236,0.53308874,1.9909959,0.6755999976963639,3.442080916828999,2560
USF2,CXCR4,Activation,10229837,0.3651217072357236,0.463904634878247,0.53308874,0.8587251,0.2441814999226612,2.855357654662064,2561
USF2,FBP1,Unknown,11023824,0.3651217072357236,0.180393464488163,0.53308874,0.27567402,0.02202702851976448,0.8417897286984812,2562
USF2,FMR1,Activation,11058604,0.3651217072357236,0.2337445815271807,0.53308874,0.2974297,0.030316390732095123,1.220702834437092,2563
USF2,HIF1A,Unknown,23991099,0.3651217072357236,0.3469489829943142,0.53308874,0.5292545,0.11864641475345915,2.0247090806759784,2564
USF2,HMOX1,Activation,15242350,0.3651217072357236,0.1859786595531852,0.53308874,0.37395507,0.0594741330027399,0.8814571944554923,2565
USF2,IGF2R,Activation,12857727,0.3651217072357236,0.2980993664554799,0.53308874,0.4369715,0.08348469087075318,1.6777667682341786,2566
USF2,MYH9,Unknown,11467950,0.3651217072357236,0.6623874624874017,0.53308874,1.4748448,0.4789357967064204,4.265032818354771,2567
USF2,P4HA1,Activation,16488890,0.3651217072357236,0.1396298766255385,0.53308874,0.17105748,-0.017834028154206524,0.5522764338450735,2568
USF2,POU2F1,Unknown,18845576,0.3651217072357236,0.1474658219406442,0.53308874,0.18464537,-0.012656762175330877,0.6079292962504318,2569
USF2,PTPN6,Unknown,12071971,0.3651217072357236,0.6570523507835017,0.53308874,1.7719355,0.5921334730012942,4.227141507780923,2570
USF2,SF1,Unknown,18165439,0.3651217072357236,0.7926808936310844,0.53308874,1.8340567,0.6158029297989964,5.1904096687754775,2571
USF2,SLC19A1,Activation,15214842,0.3651217072357236,0.0681060353451148,0.53308874,0.0755254,-0.05423371844278165,0.04429605146431519,2572
USF2,TCN2,Unknown,9774437,0.3651217072357236,0.0535178392797601,0.53308874,0.060853444,-0.05982403589768897,-0.05931300088607406,2573
USF2,TGFB1,Activation,14757763,0.3651217072357236,0.6528009336444563,0.53308874,1.5803765,0.5191455481912287,4.1969468696673875,2574
USF2,THBS1,Activation,15184388,0.3651217072357236,0.1204568189396423,0.53308874,0.29609805,0.029809004652227696,0.4161045364702659,2575
USF2,TOP3A,Activation,11557042,0.3651217072357236,0.1388796265421773,0.53308874,0.16230486,-0.02116895666422734,0.5469479682956243,2576
VDR,BHLHE40,Unknown,23220548,0.0529343114371459,0.0763587862620865,0.062020496,0.09153112,-0.0481352094304619,0.10290917250824703,2577
VDR,CD14,Activation,16402404,0.0529343114371459,0.3617872624207861,0.062020496,1.9396497,0.6560360378464869,2.130094288209495,2578
VDR,CDKN1A,Unknown,23087083,0.0529343114371459,0.0708569523174387,0.062020496,0.104368836,-0.043243775197974905,0.06383375847895917,2579
VDR,CDKN1B,Activation,16518840,0.0529343114371459,0.3676225408469267,0.062020496,0.5059085,0.10975110786307139,2.171537909149641,2580
VDR,DDIT4,Unknown,21123297,0.0529343114371459,0.1658886295431801,0.062020496,0.24057966,0.008655354471886947,0.7387727280757965,2581
VDR,HLA-DRB1,Unknown,19956544,0.0529343114371459,0.530593531176997,0.062020496,5.5847845,2.044907480613223,3.32899903683517,2582
VDR,NCOR1,Activation,23098689,0.0529343114371459,0.5516838946314767,0.062020496,0.9903674,0.29433992784421065,3.478788123947415,2583
VDR,PHB,Unknown,16849588;17207617,0.0529343114371459,0.3611203734577986,0.062020496,0.504325,0.10914776174549543,2.1253578743877637,2584
VDR,SKP2,Repression,16883603,0.0529343114371459,0.0544348116038681,0.062020496,0.056768756,-0.061380386163751,-0.05280043188119252,2585
VDR,TLR10,Unknown,24373795,0.0529343114371459,0.066105368456152,0.062020496,0.106035925,-0.042608579949598754,0.03008680999911994,2586
VHL,ANGPT2,Repression,12434420,0.2432477492497558,0.0542680893631212,0.30684918,0.060353275,-0.06001461058937314,-0.053984535336625485,2588
VHL,CDKN1B,Activation,10778984,0.2432477492497558,0.3676225408469267,0.30684918,0.5059085,0.10975110786307139,2.171537909149641,2589
VHL,CDKN1C,Activation,15824735,0.2432477492497558,0.0594364788262756,0.30684918,0.61070395,0.14968033293230323,-0.017277328218200685,2590
VHL,CXCR4,Repression,13679920,0.2432477492497558,0.463904634878247,0.30684918,0.8587251,0.2441814999226612,2.855357654662064,2591
VHL,DAB2,Activation,15824735,0.2432477492497558,0.0639379793264423,0.30684918,0.0997004,-0.04502254547631528,0.01469346507849162,2592
VHL,HIF1A,Repression,11987242,0.2432477492497558,0.3469489829943142,0.30684918,0.5292545,0.11864641475345915,2.0247090806759784,2593
VHL,IGF1R,Repression,17486080;19509240,0.2432477492497558,0.0953651217072334,0.30684918,0.111121655,-0.04067081206166713,0.23789696642760466,2594
VHL,KLF10,Unknown,18359287,0.2432477492497558,0.1580526842280743,0.30684918,0.24608192,0.010751828869672651,0.6831198656704377,2595
VHL,BHLHE40,Unknown,11278694,0.2432477492497558,0.0763587862620865,0.30684918,0.09153112,-0.0481352094304619,0.10290917250824703,2596
VHL,TCF4,Unknown,16407833,0.2432477492497558,0.1880626875625218,0.30684918,0.56477,0.1321785518161494,0.8962584876484067,2597
VHL,TFRC,Repression,15985433,0.2432477492497558,0.1139546515505131,0.30684918,0.14054807,-0.029458741809422213,0.36992450170838037,2598
VHL,TP53,Unknown,22071692,0.2432477492497558,0.2720906968989674,0.30684918,0.35978127,0.054073623245052146,1.493046629186667,2599
WDR5,MYC,Unknown,24782528,0.0637712570856954,0.2710070023341127,0.06760587,0.41546583,0.07529058761823003,1.4853499567263537,2600
WWP1,SPART,Unknown,19307600,0.2339946648883011,0.2390796932310825,0.29567897,0.31360117,0.03647805390860068,1.2585941450109532,2601
WWP1,TGFBR1,Repression,15221015,0.2339946648883011,0.1531343781260399,0.29567897,0.18197754,-0.013673260358376507,0.6481888137351597,2602
XBP1,DDIT3,Unknown,17455323,0.4426475491830204,0.0737745915305095,0.78511524,0.08302811,-0.05137503138891457,0.08455556894903601,2603
XBP1,EDEM2,Unknown,15579471,0.4426475491830204,0.152800933644546,0.78511524,0.17564213,-0.016087182067724207,0.6458206068242931,2604
XBP1,ERN1,Unknown,20513357,0.4426475491830204,0.1282927642547472,0.78511524,0.16347183,-0.020724317056505417,0.47175739887561846,2605
XBP1,ERP29,Repression,19265690,0.4426475491830204,0.8040180060018719,0.78511524,2.1822674,0.7484783790843877,5.2709287037449055,2606
XBP1,HSPA1A,Unknown,17404501,0.4426475491830204,0.3548682894297908,0.78511524,0.6388017,0.16038615445116697,2.080953994809035,2607
XBP1,HSPA5,Activation,14718536;20170659,0.4426475491830204,0.5324274758252127,0.78511524,1.0820584,0.3292760875326602,3.342024174844931,2608
XBP1,PRNP,Unknown,23737521,0.4426475491830204,0.2749249749916643,0.78511524,0.38987398,0.06553956561691203,1.513176387929024,2609
XBP1,PTGER4,Unknown,23300802,0.4426475491830204,0.2286595531843994,0.78511524,0.333941,0.044227948106678114,1.1845876790463812,2610
XBP1,SOD2,Unknown,17192397,0.4426475491830204,0.5062520840279533,0.78511524,2.0023332,0.6799197425266729,3.1561199323419866,2611
XBP1,ZHX2,Unknown,22078940,0.4426475491830204,0.0586028676225411,0.78511524,0.06268739,-0.05912526469532458,-0.0231978454953654,2612
XPC,CASP2,Repression,22174370,0.2321607202400849,0.1653884628209393,0.3032646,0.19381447,-0.009163146206485923,0.7352204177094971,2613
XPC,CPD,Unknown,12713809,0.2321607202400849,0.1805601867289099,0.3032646,0.24608137,0.010751619308343521,0.8429738321539141,2614
XPC,KIN,Activation,12525703,0.2321607202400849,0.2306602200733625,0.3032646,0.29551226,0.029585806595887422,1.1987969205115787,2615
XPC,RNF111,Repression,23751493,0.2321607202400849,0.1568856285428458,0.3032646,0.18356133,-0.01306980374482698,0.6748311414824055,2616
XRCC5,CD40,Unknown,17031478,0.7435811937311297,0.1583027675891947,1.766442,0.22449163,0.002525483654112379,0.6848960208535875,2617
XRCC5,ETS1,Repression,19836356,0.7435811937311297,0.4787429143047189,1.766442,1.2290944,0.3852998322398929,2.96074286219558,2618
XRCC6,CD40,Unknown,17031478,0.5876125375124283,0.1583027675891947,1.0347972,0.22449163,0.002525483654112379,0.6848960208535875,2619
YBX1,ANAPC4,Repression,20596676,0.9208069356450578,0.1202067355785219,5.4850736,0.1354634,-0.03139610581551953,0.4143283812871162,2620
YBX1,CCNC,Repression,20596676,0.9208069356450578,0.2561687229076408,5.4850736,0.3118498,0.035810745863170276,1.3799647491928375,2621
YBX1,CKS2,Repression,20596676,0.9208069356450578,0.0865288429476476,5.4850736,0.10561963,-0.0427671969196122,0.17513948328965795,2622
YBX1,CXCR4,Activation,17072343,0.9208069356450578,0.463904634878247,5.4850736,0.8587251,0.2441814999226612,2.855357654662064,2623
YBX1,FAS,Repression,10903433,0.9208069356450578,0.1246248749583148,5.4850736,0.15146811,-0.02529798163400416,0.44570712285608954,2624
YBX1,KPNA2,Repression,20596676,0.9208069356450578,0.1120373457819237,5.4850736,0.12996152,-0.033492435425477834,0.3563073119709012,2625
YBX1,MNAT1,Repression,20596676,0.9208069356450578,0.1208736245415095,5.4850736,0.14263217,-0.028664656780284153,0.4190647951088479,2626
YBX1,RAD9A,Activation,20596676,0.9208069356450578,0.1084528176058653,5.4850736,0.11970828,-0.037399131065878735,0.33084908767909255,2627
YBX1,RBBP8,Repression,20596676,0.9208069356450578,0.0748582860953644,5.4850736,0.09836674,-0.0455306974075855,0.09225224140935057,2628
YBX1,SKP2,Repression,20596676,0.9208069356450578,0.0544348116038681,5.4850736,0.056768756,-0.061380386163751,-0.05280043188119252,2629
YBX1,SUMO1,Repression,20596676,0.9208069356450578,0.5584361453817251,5.4850736,0.87949556,0.2520954730210302,3.526744313892442,2630
YEATS4,TP53,Repression,18214854,0.1262920973657841,0.2720906968989674,0.14796712,0.35978127,0.054073623245052146,1.493046629186667,2631
YY1,ADORA2A,Unknown,20666933,0.5901967322440048,0.0622707569189732,1.149995,0.06627203,-0.05775944301745431,0.002852430524161503,2632
YY1,APC,Repression,22907428,0.5901967322440048,0.2216572190730283,1.149995,0.30151483,0.03187290940926165,1.1348553339181884,2633
YY1,APH1A,Activation,21443683,0.5901967322440048,0.3795431810603283,1.149995,0.5323381,0.1198213298707041,2.2562013062130846,2634
YY1,ATP2C1,Activation,15955096,0.5901967322440048,0.1055351783927945,1.149995,0.117874235,-0.03809793998928237,0.3101272772090157,2635
YY1,CBX5,Unknown,19566924,0.5901967322440048,0.2045681893964679,1.149995,0.2647536,0.01786612355651901,1.0134847297362892,2636
YY1,COX6A1,Unknown,10773445,0.5901967322440048,0.7544181393796766,1.149995,1.8118787,0.6073526549675469,4.918657925753658,2637
YY1,COX7C,Activation,9092564,0.5901967322440048,0.9468156052015704,1.149995,5.5811467,2.0435214038803413,6.28511331332307,2638
YY1,CREBBP,Repression,21852380,0.5901967322440048,0.3274424808269299,1.149995,0.46547934,0.09434676512681726,1.8861689763903453,2639
YY1,CTCF,Activation,9756895,0.5901967322440048,0.3512004001333595,1.149995,0.4967382,0.10625703466950837,2.054903718789514,2640
YY1,CXCR4,Repression,10229837;11145693;12571248;15737629;15805285;20068066,0.5901967322440048,0.463904634878247,1.149995,0.8587251,0.2441814999226612,2.855357654662064,2641
YY1,DEK,Unknown,12483538,0.5901967322440048,0.7001500500165688,1.149995,2.002517,0.67998977411266,4.5332322510102925,2642
YY1,ERCC5,Activation,17893230,0.5901967322440048,0.2932644214738205,1.149995,0.39320764,0.06680975874499437,1.6434277680266278,2643
YY1,FAS,Repression,16784892;17530016,0.5901967322440048,0.1246248749583148,1.149995,0.15146811,-0.02529798163400416,0.44570712285608954,2644
YY1,FCGR2B,Unknown,15153544,0.5901967322440048,0.1000333444481467,1.149995,0.14938392,-0.02609210095499607,0.27105186317972785,2645
YY1,FDPS,Unknown,10318878,0.5901967322440048,0.3009336445481768,1.149995,0.3887059,0.06509450307632589,1.6978965269765356,2646
YY1,GBP1,Unknown,22162832,0.5901967322440048,0.5261753917972048,1.149995,2.590899,0.9041754358440114,3.297620295266202,2647
YY1,GNAS,Unknown,18458536,0.5901967322440048,0.9085528509501624,1.149995,4.2953005,1.5535875152981893,6.013361570301249,2648
YY1,HCFC1,Unknown,23000143,0.5901967322440048,0.2023174391463844,1.149995,0.245914,0.010687847890788301,0.9974993330879419,2649
YY1,HDAC1,Unknown,11532945,0.5901967322440048,0.4005501833944345,1.149995,0.5516806,0.12719122079537318,2.4053983415976123,2650
YY1,HDAC2,Unknown,11532945,0.5901967322440048,0.2718406135378471,1.149995,0.3647826,0.05597923299447831,1.4912704740035179,2651
YY1,HDAC3,Unknown,19279113,0.5901967322440048,0.1823107702567527,1.149995,0.21173666,-0.0023344226479389035,0.8554069184359626,2652
YY1,HIF1A,Unknown,20660740,0.5901967322440048,0.3469489829943142,1.149995,0.5292545,0.11864641475345915,2.0247090806759784,2653
YY1,HSPA5,Activation,15899857,0.5901967322440048,0.5324274758252127,1.149995,1.0820584,0.3292760875326602,3.342024174844931,2655
YY1,IL1B,Unknown,22467534,0.5901967322440048,0.0821940646882281,1.149995,0.16480523,-0.02021626419059079,0.14435279344840074,2656
YY1,INO80,Unknown,17721549,0.5901967322440048,0.1686395465155044,1.149995,0.19931616,-0.007066888990441312,0.7583104350904433,2657
YY1,IRF7,Unknown,22065573,0.5901967322440048,0.3548682894297908,1.149995,0.74826354,0.20209337023059482,2.080953994809035,2658
YY1,LDLR,Unknown,10318878,0.5901967322440048,0.0981160386795573,1.149995,0.12854405,-0.03403252069310047,0.25743467344224863,2659
YY1,LRIG2,Unknown,22721266,0.5901967322440048,0.1058686228742883,1.149995,0.11820764,-0.0379709058166708,0.3124954841198816,2660
YY1,MYC,Activation,18490439,0.5901967322440048,0.2710070023341127,1.149995,0.41546583,0.07529058761823003,1.4853499567263537,2661
YY1,NF1,Activation,15763658,0.5901967322440048,0.1583027675891947,1.149995,0.19589853,-0.008369076418171799,0.6848960208535875,2662
YY1,NR3C1,Unknown,10030686,0.5901967322440048,0.4534844948315673,1.149995,0.77135974,0.21089349817550074,2.7813511886975153,2663
YY1,PARP1,Unknown,9367892,0.5901967322440048,0.3789596532177142,1.149995,0.58077794,0.13827790669419765,2.252056944119069,2664
YY1,PCNA,Activation,16099430,0.5901967322440048,0.1495498499499809,1.149995,0.18606216,-0.012116936001715161,0.6227305894433469,2665
YY1,PDIA6,Repression,1330541,0.5901967322440048,0.4787429143047189,1.149995,0.8849889,0.2541885487150781,2.96074286219558,2666
YY1,PRDM2,Activation,18488713,0.5901967322440048,0.3916305435144767,1.149995,0.5786104,0.13745202930632858,2.3420488067319596,2667
YY1,SAP30,Unknown,12788099,0.5901967322440048,0.1406302100700201,1.149995,0.1794767,-0.014626131911694307,0.5593810545776727,2668
YY1,SMAD7,Unknown,24369345,0.5901967322440048,0.0807769256418794,1.149995,0.09353193,-0.04737285960696508,0.13428791407722035,2669
YY1,SNRPN,Unknown,16116039,0.5901967322440048,0.3613704568189189,1.149995,0.51499593,0.11321360587964453,2.1271340295709127,2670
YY1,SURF1,Activation,10858544;7607503,0.5901967322440048,0.2769256418806268,1.149995,0.3411918,0.046990652261600735,1.5273856293942172,2671
YY1,SURF2,Activation,10858544;7607503,0.5901967322440048,0.1496332110703543,1.149995,0.1664727,-0.01958092377336664,0.623322641171063,2672
YY1,TFRC,Unknown,19437620,0.5901967322440048,0.1139546515505131,1.149995,0.14054807,-0.029458741809422213,0.36992450170838037,2673
YY1,TNFRSF10B,Activation,17431117,0.5901967322440048,0.111537179059683,1.149995,0.12904467,-0.03384177416112643,0.3527550016046023,2674
YY1,TOP3A,Activation,9748294,0.5901967322440048,0.1388796265421773,1.149995,0.16230486,-0.02116895666422734,0.5469479682956243,2675
YY1,TP53,Activation,10634504;8816507,0.5901967322440048,0.2720906968989674,1.149995,0.35978127,0.054073623245052146,1.493046629186667,2676
YY1,TSIX,Unknown,18458536,0.5901967322440048,0.0754418139379786,1.149995,0.08444542,-0.050835007084587686,0.09639660350336614,2677
YY1,VEGFB,Activation,20660740,0.5901967322440048,0.1636378792930965,1.149995,0.21915592,0.0004924682369912091,0.7227873314274488,2678
YY1,WDFY4,Unknown,22972472,0.5901967322440048,0.0961987329109679,1.149995,0.1269603,-0.03463596206582606,0.24381748370476938,2679
ZBTB16,BCL2,Repression,14769944,0.0932810936978971,0.3046848949649814,0.13813028,0.5778597,0.13716599714310515,1.7245388547237723,2680
ZBTB16,BID,Repression,20731660,0.0932810936978971,0.371873957985972,0.13813028,0.7709375,0.2107326160380298,2.201732547263177,2681
ZBTB16,CEBPA,Unknown,19723763,0.0932810936978971,0.22482494164722,0.13813028,0.37603793,0.06026774556633594,1.1573532995714186,2682
ZBTB16,CXCR4,Activation,18568019,0.0932810936978971,0.463904634878247,0.13813028,0.8587251,0.2441814999226612,2.855357654662064,2683
ZBTB16,ID2,Unknown,19723763,0.0932810936978971,0.3882960986995392,0.13813028,0.95067024,0.2792144921859897,2.3183667376233044,2684
ZBTB16,LEF1,Unknown,19723763,0.0932810936978971,0.2694231410470174,0.13813028,0.56485283,0.13221011175231537,1.4741009738997428,2685
ZBTB17,CDKN1A,Repression,16142238,0.0551017005668558,0.0708569523174387,0.05726892,0.104368836,-0.043243775197974905,0.06383375847895917,2686
ZBTB2,ARF1,Repression,19380588,0.0653551183727909,0.6757252417471517,0.0714406,1.4897665,0.48462127176965597,4.359761094789393,2687
ZBTB2,CDKN1A,Repression,19380588,0.0653551183727909,0.0708569523174387,0.0714406,0.104368836,-0.043243775197974905,0.06383375847895917,2688
ZBTB2,MDM2,Activation,19380588,0.0653551183727909,0.2341613871290481,0.0714406,0.3111005,0.03552524712878462,1.2236630930756756,2689
ZBTB2,TP53,Repression,19380588,0.0653551183727909,0.2720906968989674,0.0714406,0.35978127,0.054073623245052146,1.493046629186667,2690
ZBTB7A,MYC,Repression,17189472,0.5485995331776595,0.2710070023341127,1.1350704,0.41546583,0.07529058761823003,1.4853499567263537,2692
ZBTB7A,PFKP,Repression,25184678,0.5485995331776595,0.1039513171056989,1.1350704,0.12045839,-0.03711332370480837,0.2988782943824023,2693
ZBTB7A,PKM,Repression,25184678,0.5485995331776595,0.6042847615871157,1.1350704,1.4967617,0.487286587059626,3.8523727641364527,2694
ZBTB7A,SLC2A3,Repression,25184678,0.5485995331776595,0.3434478159386299,1.1350704,0.85288554,0.24195650727703313,1.9998429081118907,2695
ZEB1,BCL6,Repression,20175752,0.0947815938646193,0.1882294098032687,0.114789516,0.3059335,0.033556513696820535,0.8974425911038394,2696
ZEB2,ITGA5,Activation,22227038,0.5258419473157111,0.128959653217735,3.0387046,0.14713347,-0.026949568760678982,0.4764938126973517,2697
ZFHX3,CDKN1A,Activation,14978340;15750593;20599712,0.1591363787929294,0.0708569523174387,0.24158075,0.104368836,-0.043243775197974905,0.06383375847895917,2699
ZFP36,ELAVL1,Activation,15158469,0.5824441480492751,0.2651717239079721,1.8632107,0.3315223,0.04330637358531339,1.4439063357862072,2700
ZFP36,HIF1A,Activation,19962963,0.5824441480492751,0.3469489829943142,1.8632107,0.5292545,0.11864641475345915,2.0247090806759784,2701
ZFP36,LATS2,Repression,20335167,0.5824441480492751,0.0833611203734564,1.8632107,0.09461569,-0.04695992472323653,0.15264151763643136,2702
ZNF143,PCYT1A,Activation,14702349,0.1474658219406442,0.2094864954985024,0.17964332,0.26717082,0.018787134167398096,1.0484157816715678,2703
ZNF143,TALDO1,Unknown,14702349,0.1474658219406442,0.6185395131709736,0.17964332,2.1964934,0.7538987781173123,3.953613609575954,2704
ZNF148,ADORA2A,Unknown,20666933,0.363287762587508,0.0622707569189732,0.53092116,0.06627203,-0.05775944301745431,0.002852430524161503,2705
ZNF148,IRS2,Unknown,19875459,0.363287762587508,0.1848949649883301,0.53092116,0.292846,0.02856990661518128,0.8737605219951764,2706
ZNF148,ODC1,Unknown,10448078,0.363287762587508,0.2331610536845665,0.53092116,0.33202344,0.0434973182479986,1.2165584723430762,2707
ZNF160,TLR4,Repression,19846881,0.1402134044681528,0.279259753251083,0.15980412,0.55851674,0.12979593094896075,1.5439630777702755,2709
ZNF224,ALDOA,Repression,17900823,0.1684728242747575,0.1287095698566146,0.18972981,0.14613326,-0.027330669373410704,0.474717657514202,2710
ZNF224,VDR,Activation,23362234,0.1684728242747575,0.0529343114371459,0.18972981,0.062020496,-0.059379365046277985,-0.06345736298008972,2711
ZNF24,CTNNB1,Activation,24224020,0.3349449816605392,0.4339779926641829,0.45089066,0.7061655,0.18605314983807278,2.642811084411882,2712
ZNF335,REST,Unknown,23178126,0.0811937312437467,0.3680393464487939,0.0886969,0.5587676,0.12989151377627692,2.174498167788223,2713
ZNF350,ATXN2,Activation,20926453,0.100283427809267,0.2802600866955643,0.108037494,0.38720617,0.06452307505427837,1.5510676985028726,2714
ZNF350,RBBP8,Unknown,20713352,0.100283427809267,0.0748582860953644,0.108037494,0.09836674,-0.0455306974075855,0.09225224140935057,2715
ZNF350,TRIM28,Unknown,22975076,0.100283427809267,0.2838446148716221,0.108037494,0.35377884,0.05178657377456169,1.576525922794677,2716
ZNF383,JUN,Repression,15964543,0.0741913971323768,0.6497165721906392,0.08402852,2.2591062,0.777755544641191,4.175040955741881,2717
ZNF76,CDKN1A,Repression,15280358,0.0717739246415467,0.0708569523174387,0.07510867,0.104368836,-0.043243775197974905,0.06383375847895917,2718
ZNF76,PCYT1A,Activation,14702349,0.0717739246415467,0.2094864954985024,0.07510867,0.26717082,0.018787134167398096,1.0484157816715678,2719
ZNF76,TALDO1,Unknown,14702349,0.0717739246415467,0.6185395131709736,0.07510867,2.1964934,0.7538987781173123,3.953613609575954,2720
ZNRD1,BCL2,Activation,16373708;16609701,0.2847615871957299,0.3046848949649814,0.34794357,0.5778597,0.13716599714310515,1.7245388547237723,2721
