dataset,condition,edge_set,repeat,edge_id,tf,target,reason,in_common_supported_subset
PBMC10k,all,trrust_dorothea_union,0,1460,EP300,S100A4,all_caliper_candidates_excluded,False
PBMC10k,all,trrust_dorothea_union,0,17,AHR,FOS,all_caliper_candidates_excluded,False
PBMC10k,all,trrust_dorothea_union,0,4536,SFPQ,NEAT1,all_caliper_candidates_excluded,False
PBMC10k,all,trrust_dorothea_union,0,6427,TP53,VCAN,all_caliper_candidates_excluded,False
PBMC10k,all,trrust_dorothea_union,0,3898,PARP1,VIM,all_caliper_candidates_excluded,False
PBMC10k,all,trrust_dorothea_union,0,3488,MYC,RPL13,all_caliper_candidates_excluded,False
PBMC10k,all,trrust_dorothea_union,0,1417,ELK1,FOS,all_caliper_candidates_excluded,False
PBMC10k,all,trrust_dorothea_union,0,3979,PPARD,SAT1,all_caliper_candidates_excluded,False
PBMC10k,all,trrust_dorothea_union,0,75,ATF2,FOS,all_caliper_candidates_excluded,False
PBMC10k,all,trrust_dorothea_union,0,3576,NF1,FOS,all_caliper_candidates_excluded,False
PBMC10k,all,trrust_dorothea_union,0,6153,TP53,ACTB,all_caliper_candidates_excluded,False
PBMC10k,all,trrust_dorothea_union,0,3818,NFYB,ACTB,all_caliper_candidates_excluded,False
PBMC10k,all,trrust_dorothea_union,0,4938,SPI1,B2M,all_caliper_candidates_excluded,False
PBMC10k,all,trrust_dorothea_union,0,5029,SPI1,FOS,all_caliper_candidates_excluded,False
PBMC10k,all,trrust_dorothea_union,0,5315,SRF,ACTB,all_caliper_candidates_excluded,False
PBMC10k,all,trrust_dorothea_union,0,2864,HSF2,FOS,all_caliper_candidates_excluded,False
PBMC10k,all,trrust_dorothea_union,0,1602,ETS1,FOS,all_caliper_candidates_excluded,False
PBMC10k,all,trrust_dorothea_union,0,640,CREB1,FOS,all_caliper_candidates_excluded,False
PBMC10k,all,trrust_dorothea_union,0,3751,NFKB1,S100A6,all_caliper_candidates_excluded,False
PBMC10k,all,trrust_dorothea_union,0,3825,NFYB,FOS,all_caliper_candidates_excluded,False
PBMC10k,all,trrust_dorothea_union,0,1013,CTNNB1,VIM,all_caliper_candidates_excluded,False
PBMC10k,all,trrust_dorothea_union,0,5481,STAT1,FOS,all_caliper_candidates_excluded,False
PBMC10k,all,trrust_dorothea_union,0,4612,SMARCA4,FOS,all_caliper_candidates_excluded,False
PBMC10k,all,trrust_dorothea_union,0,1437,ELK3,FOS,all_caliper_candidates_excluded,False
PBMC10k,all,trrust_dorothea_union,0,3806,NFYA,CD74,all_caliper_candidates_excluded,False
PBMC10k,all,trrust_dorothea_union,0,3494,MYC,RPL27A,all_caliper_candidates_excluded,False
PBMC10k,all,trrust_dorothea_union,0,5942,STAT3,FOS,all_caliper_candidates_excluded,False
PBMC10k,all,trrust_dorothea_union,0,4232,RFX5,CD74,all_caliper_candidates_excluded,False
PBMC10k,all,trrust_dorothea_union,0,4917,SPI1,AIF1,all_caliper_candidates_excluded,False
PBMC10k,all,trrust_dorothea_union,0,3487,MYC,RPL10,all_caliper_candidates_excluded,False
PBMC10k,all,trrust_dorothea_union,0,694,CREBBP,S100A4,all_caliper_candidates_excluded,False
PBMC10k,all,trrust_dorothea_union,0,6492,USF1,S100A6,all_caliper_candidates_excluded,False
PBMC10k,all,trrust_dorothea_union,0,5344,STAT1,ACTB,all_caliper_candidates_excluded,False
PBMC10k,all,trrust_dorothea_union,0,331,CEBPA,GAPDH,all_caliper_candidates_excluded,False
PBMC10k,all,trrust_dorothea_union,0,2818,HIPK2,VIM,all_caliper_candidates_excluded,False
PBMC10k,all,trrust_dorothea_union,0,646,CREB1,HLA-DRA,all_caliper_candidates_excluded,False
PBMC10k,all,trrust_dorothea_union,0,3583,NFAT5,LTB,all_caliper_candidates_excluded,False
PBMC10k,all,trrust_dorothea_union,0,4020,RB1,FOS,all_caliper_candidates_excluded,False
PBMC10k,all,trrust_dorothea_union,0,3777,NFKB1,VIM,all_caliper_candidates_excluded,False
PBMC10k,all,trrust_dorothea_union,0,1809,ETS1,TMSB4X,all_caliper_candidates_excluded,False
PBMC10k,all,trrust_dorothea_union,0,6805,ZEB2,VIM,all_caliper_candidates_excluded,False
PBMC10k,all,trrust_dorothea_union,0,2009,FOS,HLA-DRA,all_caliper_candidates_excluded,False
PBMC10k,all,trrust_dorothea_union,0,2616,HDAC1,HLA-DRA,all_caliper_candidates_excluded,False
PBMC10k,all,trrust_dorothea_union,0,4854,SP1,VIM,all_caliper_candidates_excluded,False
PBMC10k,all,trrust_dorothea_union,0,2839,HOPX,FOS,all_caliper_candidates_excluded,False
PBMC10k,all,trrust_dorothea_union,0,4985,SPI1,CTSS,all_caliper_candidates_excluded,False
PBMC10k,all,trrust_dorothea_union,0,6469,USF1,B2M,all_caliper_candidates_excluded,False
PBMC10k,all,trrust_dorothea_union,0,579,CEBPB,S100A9,all_caliper_candidates_excluded,False
PBMC10k,all,trrust_dorothea_union,0,3646,NFKB1,B2M,all_caliper_candidates_excluded,False
PBMC10k,all,trrust_dorothea_union,0,2735,HIF1A,GAPDH,all_caliper_candidates_excluded,False
PBMC10k,all,trrust_dorothea_union,0,6107,TCF4,VIM,all_caliper_candidates_excluded,False
PBMC10k,all,trrust_dorothea_union,0,1994,FOS,FOS,all_caliper_candidates_excluded,False
PBMC10k,all,trrust_dorothea_union,0,4258,RFXANK,HLA-DRA,all_caliper_candidates_excluded,False
PBMC10k,all,trrust_dorothea_union,0,4221,RFX1,HLA-DRA,all_caliper_candidates_excluded,False
PBMC10k,all,trrust_dorothea_union,0,568,CEBPB,FOS,all_caliper_candidates_excluded,False
PBMC10k,all,trrust_dorothea_union,0,6815,ZNF148,VIM,all_caliper_candidates_excluded,False
PBMC10k,all,trrust_dorothea_union,0,607,CIITA,HLA-DRA,all_caliper_candidates_excluded,False
PBMC10k,all,trrust_dorothea_union,0,6058,TBP,ACTB,all_caliper_candidates_excluded,False
PBMC10k,all,trrust_dorothea_union,0,4702,SP1,FOS,all_caliper_candidates_excluded,False
PBMC10k,all,trrust_dorothea_union,0,1477,ETS1,ACTB,all_caliper_candidates_excluded,False
PBMC10k,all,trrust_dorothea_union,0,467,CEBPA,S100A9,all_caliper_candidates_excluded,False
PBMC10k,all,trrust_dorothea_union,0,1906,FLI1,FOS,all_caliper_candidates_excluded,False
PBMC10k,all,trrust_dorothea_union,0,3411,MYC,LTB,all_caliper_candidates_excluded,False
PBMC10k,all,trrust_dorothea_union,0,6507,USF2,B2M,all_caliper_candidates_excluded,False
PBMC10k,all,trrust_dorothea_union,0,6123,TCF7L2,VIM,all_caliper_candidates_excluded,False
PBMC10k,all,trrust_dorothea_union,0,1438,ELK4,FOS,all_caliper_candidates_excluded,False
PBMC10k,all,trrust_dorothea_union,0,6247,TP53,FOS,all_caliper_candidates_excluded,False
PBMC10k,all,trrust_dorothea_union,0,3355,MYC,GAPDH,all_caliper_candidates_excluded,False
PBMC10k,all,trrust_dorothea_union,0,5978,STAT3,S100A11,all_caliper_candidates_excluded,False
PBMC10k,all,trrust_dorothea_union,0,3803,NFYA,ACTB,all_caliper_candidates_excluded,False
PBMC10k,all,trrust_dorothea_union,0,3061,JUN,VIM,all_caliper_candidates_excluded,False
PBMC10k,all,trrust_dorothea_union,0,6235,TP53,EEF1A1,all_caliper_candidates_excluded,False
PBMC10k,all,trrust_dorothea_union,0,4270,RFXAP,HLA-DRA,all_caliper_candidates_excluded,False
PBMC10k,all,trrust_dorothea_union,0,3584,NFAT5,S100A4,all_caliper_candidates_excluded,False
PBMC10k,all,trrust_dorothea_union,0,6791,ZBTB7A,FOS,all_caliper_candidates_excluded,False
PBMC10k,all,trrust_dorothea_union,0,587,CEBPD,GAPDH,all_caliper_candidates_excluded,False
PBMC10k,all,trrust_dorothea_union,0,2807,HIF1A,VIM,all_caliper_candidates_excluded,False
PBMC10k,all,trrust_dorothea_union,0,1666,ETS1,LTB,all_caliper_candidates_excluded,False
PBMC10k,all,trrust_dorothea_union,0,45,ARNT,FOS,all_caliper_candidates_excluded,False
PBMC10k,all,trrust_dorothea_union,0,4091,RELA,CD74,all_caliper_candidates_excluded,False
PBMC10k,all,trrust_dorothea_union,0,1580,ETS1,EEF1A1,all_caliper_candidates_excluded,False
PBMC10k,all,trrust_dorothea_union,0,1865,ETS2,FOS,all_caliper_candidates_excluded,False
PBMC10k,all,trrust_dorothea_union,0,6625,VDR,TPT1,all_caliper_candidates_excluded,False
PBMC10k,all,trrust_dorothea_union,0,6106,TCF4,VCAN,all_caliper_candidates_excluded,False
PBMC10k,all,trrust_dorothea_union,0,3569,NCOA6,FOS,all_caliper_candidates_excluded,False
PBMC10k,all,trrust_dorothea_union,0,2836,HMGN1,FOS,all_caliper_candidates_excluded,False
PBMC10k,all,trrust_dorothea_union,0,6039,STAT6,FOS,all_caliper_candidates_excluded,False
PBMC10k,all,trrust_dorothea_union,0,5253,SPI1,TYROBP,all_caliper_candidates_excluded,False
PBMC10k,all,trrust_dorothea_union,0,3951,POU2F2,HLA-DRA,all_caliper_candidates_excluded,False
PBMC10k,all,trrust_dorothea_union,0,615,CIITA,S100A4,all_caliper_candidates_excluded,False
PBMC10k,all,trrust_dorothea_union,0,6001,STAT4,S100A4,all_caliper_candidates_excluded,False
PBMC10k,all,trrust_dorothea_union,0,5735,STAT1,S100A11,all_caliper_candidates_excluded,False
PBMC10k,all,trrust_dorothea_union,0,571,CEBPB,GNLY,all_caliper_candidates_excluded,False
PBMC10k,all,trrust_dorothea_union,0,3800,NFKBIA,S100A6,all_caliper_candidates_excluded,False
PBMC10k,all,trrust_dorothea_union,0,4036,RBMX,FOS,all_caliper_candidates_excluded,False
PBMC10k,all,trrust_dorothea_union,0,3018,JUN,FOS,all_caliper_candidates_excluded,False
PBMC10k,all,trrust_dorothea_union,0,6555,VDR,EEF1A1,all_caliper_candidates_excluded,False
PBMC10k,all,trrust_dorothea_union,0,4172,RELA,S100A6,all_caliper_candidates_excluded,False
PBMC10k,all,trrust_dorothea_union,0,319,CEBPA,FGL2,all_caliper_candidates_excluded,False
PBMC10k,all,trrust_dorothea_union,0,1070,E2F4,ACTB,all_caliper_candidates_excluded,False
PBMC10k,all,trrust_dorothea_union,0,703,CREM,FOS,all_caliper_candidates_excluded,False
PBMC10k,all,trrust_dorothea_union,0,633,CREB1,CD74,all_caliper_candidates_excluded,False
PBMC10k,all,trrust_dorothea_union,0,2569,GATA3,TMSB4X,all_caliper_candidates_excluded,False
PBMC10k,all,trrust_dorothea_union,0,3673,NFKB1,CD74,all_caliper_candidates_excluded,False
PBMC10k,all,trrust_dorothea_union,0,1203,E2F4,LGALS1,all_caliper_candidates_excluded,False
PBMC10k,all,trrust_dorothea_union,0,4700,SP1,FGL2,all_caliper_candidates_excluded,False
PBMC10k,all,trrust_dorothea_union,0,6062,TBP,FOS,all_caliper_candidates_excluded,False
PBMC10k,all,trrust_dorothea_union,0,6717,YY1,HLA-DRA,all_caliper_candidates_excluded,False
PBMC10k,all,trrust_dorothea_union,0,4243,RFX5,HLA-DRA,all_caliper_candidates_excluded,False
PBMC10k,all,trrust_dorothea_union,0,3834,NFYC,FOS,all_caliper_candidates_excluded,False
PBMC10k,all,trrust_dorothea_union,0,5319,SRF,FOS,all_caliper_candidates_excluded,False
PBMC10k,all,trrust_dorothea_union,0,6530,VDR,ACTB,all_caliper_candidates_excluded,False
PBMC10k,all,trrust_dorothea_union,0,4745,SP1,LYZ,all_caliper_candidates_excluded,False
PBMC10k,all,trrust_dorothea_union,0,2753,HIF1A,LGALS1,all_caliper_candidates_excluded,False
PBMC10k,all,trrust_dorothea_union,0,2693,HDGF,VIM,all_caliper_candidates_excluded,False
PBMC10k,all,trrust_dorothea_union,0,3820,NFYB,CD74,all_caliper_candidates_excluded,False
PBMC10k,all,trrust_dorothea_union,0,3941,POU2F1,HLA-DRA,all_caliper_candidates_excluded,False
PBMC10k,all,trrust_dorothea_union,0,2615,HDAC1,FOS,all_caliper_candidates_excluded,False
PBMC10k,all,trrust_dorothea_union,0,2878,ILF3,HLA-DRA,all_caliper_candidates_excluded,False
PBMC10k,all,trrust_dorothea_union,0,5080,SPI1,LCP1,caliper_candidates_exhausted_by_unique_constraint,False
PBMC10k,all,trrust_dorothea_union,0,5487,STAT1,FYB1,caliper_candidates_exhausted_by_unique_constraint,False
PBMC10k,all,trrust_dorothea_union,1,6235,TP53,EEF1A1,all_caliper_candidates_excluded,False
PBMC10k,all,trrust_dorothea_union,1,5978,STAT3,S100A11,all_caliper_candidates_excluded,False
PBMC10k,all,trrust_dorothea_union,1,1809,ETS1,TMSB4X,all_caliper_candidates_excluded,False
PBMC10k,all,trrust_dorothea_union,1,1070,E2F4,ACTB,all_caliper_candidates_excluded,False
PBMC10k,all,trrust_dorothea_union,1,579,CEBPB,S100A9,all_caliper_candidates_excluded,False
PBMC10k,all,trrust_dorothea_union,1,4700,SP1,FGL2,all_caliper_candidates_excluded,False
PBMC10k,all,trrust_dorothea_union,1,75,ATF2,FOS,all_caliper_candidates_excluded,False
PBMC10k,all,trrust_dorothea_union,1,4258,RFXANK,HLA-DRA,all_caliper_candidates_excluded,False
PBMC10k,all,trrust_dorothea_union,1,1666,ETS1,LTB,all_caliper_candidates_excluded,False
PBMC10k,all,trrust_dorothea_union,1,587,CEBPD,GAPDH,all_caliper_candidates_excluded,False
PBMC10k,all,trrust_dorothea_union,1,3411,MYC,LTB,all_caliper_candidates_excluded,False
PBMC10k,all,trrust_dorothea_union,1,3777,NFKB1,VIM,all_caliper_candidates_excluded,False
PBMC10k,all,trrust_dorothea_union,1,3673,NFKB1,CD74,all_caliper_candidates_excluded,False
PBMC10k,all,trrust_dorothea_union,1,5253,SPI1,TYROBP,all_caliper_candidates_excluded,False
PBMC10k,all,trrust_dorothea_union,1,3355,MYC,GAPDH,all_caliper_candidates_excluded,False
PBMC10k,all,trrust_dorothea_union,1,4702,SP1,FOS,all_caliper_candidates_excluded,False
PBMC10k,all,trrust_dorothea_union,1,6058,TBP,ACTB,all_caliper_candidates_excluded,False
PBMC10k,all,trrust_dorothea_union,1,6153,TP53,ACTB,all_caliper_candidates_excluded,False
PBMC10k,all,trrust_dorothea_union,1,6106,TCF4,VCAN,all_caliper_candidates_excluded,False
PBMC10k,all,trrust_dorothea_union,1,6247,TP53,FOS,all_caliper_candidates_excluded,False
PBMC10k,all,trrust_dorothea_union,1,4536,SFPQ,NEAT1,all_caliper_candidates_excluded,False
PBMC10k,all,trrust_dorothea_union,1,6815,ZNF148,VIM,all_caliper_candidates_excluded,False
PBMC10k,all,trrust_dorothea_union,1,6001,STAT4,S100A4,all_caliper_candidates_excluded,False
PBMC10k,all,trrust_dorothea_union,1,3487,MYC,RPL10,all_caliper_candidates_excluded,False
PBMC10k,all,trrust_dorothea_union,1,4172,RELA,S100A6,all_caliper_candidates_excluded,False
PBMC10k,all,trrust_dorothea_union,1,3584,NFAT5,S100A4,all_caliper_candidates_excluded,False
PBMC10k,all,trrust_dorothea_union,1,1417,ELK1,FOS,all_caliper_candidates_excluded,False
PBMC10k,all,trrust_dorothea_union,1,4020,RB1,FOS,all_caliper_candidates_excluded,False
PBMC10k,all,trrust_dorothea_union,1,640,CREB1,FOS,all_caliper_candidates_excluded,False
PBMC10k,all,trrust_dorothea_union,1,3583,NFAT5,LTB,all_caliper_candidates_excluded,False
PBMC10k,all,trrust_dorothea_union,1,2807,HIF1A,VIM,all_caliper_candidates_excluded,False
PBMC10k,all,trrust_dorothea_union,1,45,ARNT,FOS,all_caliper_candidates_excluded,False
PBMC10k,all,trrust_dorothea_union,1,1438,ELK4,FOS,all_caliper_candidates_excluded,False
PBMC10k,all,trrust_dorothea_union,1,4917,SPI1,AIF1,all_caliper_candidates_excluded,False
PBMC10k,all,trrust_dorothea_union,1,6717,YY1,HLA-DRA,all_caliper_candidates_excluded,False
PBMC10k,all,trrust_dorothea_union,1,3646,NFKB1,B2M,all_caliper_candidates_excluded,False
PBMC10k,all,trrust_dorothea_union,1,4270,RFXAP,HLA-DRA,all_caliper_candidates_excluded,False
PBMC10k,all,trrust_dorothea_union,1,703,CREM,FOS,all_caliper_candidates_excluded,False
PBMC10k,all,trrust_dorothea_union,1,4938,SPI1,B2M,all_caliper_candidates_excluded,False
PBMC10k,all,trrust_dorothea_union,1,6123,TCF7L2,VIM,all_caliper_candidates_excluded,False
PBMC10k,all,trrust_dorothea_union,1,2878,ILF3,HLA-DRA,all_caliper_candidates_excluded,False
PBMC10k,all,trrust_dorothea_union,1,2615,HDAC1,FOS,all_caliper_candidates_excluded,False
PBMC10k,all,trrust_dorothea_union,1,4985,SPI1,CTSS,all_caliper_candidates_excluded,False
PBMC10k,all,trrust_dorothea_union,1,3818,NFYB,ACTB,all_caliper_candidates_excluded,False
PBMC10k,all,trrust_dorothea_union,1,319,CEBPA,FGL2,all_caliper_candidates_excluded,False
PBMC10k,all,trrust_dorothea_union,1,3806,NFYA,CD74,all_caliper_candidates_excluded,False
PBMC10k,all,trrust_dorothea_union,1,3061,JUN,VIM,all_caliper_candidates_excluded,False
PBMC10k,all,trrust_dorothea_union,1,2864,HSF2,FOS,all_caliper_candidates_excluded,False
PBMC10k,all,trrust_dorothea_union,1,6791,ZBTB7A,FOS,all_caliper_candidates_excluded,False
PBMC10k,all,trrust_dorothea_union,1,2009,FOS,HLA-DRA,all_caliper_candidates_excluded,False
PBMC10k,all,trrust_dorothea_union,1,2693,HDGF,VIM,all_caliper_candidates_excluded,False
PBMC10k,all,trrust_dorothea_union,1,6530,VDR,ACTB,all_caliper_candidates_excluded,False
PBMC10k,all,trrust_dorothea_union,1,568,CEBPB,FOS,all_caliper_candidates_excluded,False
PBMC10k,all,trrust_dorothea_union,1,3979,PPARD,SAT1,all_caliper_candidates_excluded,False
PBMC10k,all,trrust_dorothea_union,1,3018,JUN,FOS,all_caliper_candidates_excluded,False
PBMC10k,all,trrust_dorothea_union,1,1437,ELK3,FOS,all_caliper_candidates_excluded,False
PBMC10k,all,trrust_dorothea_union,1,3820,NFYB,CD74,all_caliper_candidates_excluded,False
PBMC10k,all,trrust_dorothea_union,1,4854,SP1,VIM,all_caliper_candidates_excluded,False
PBMC10k,all,trrust_dorothea_union,1,1580,ETS1,EEF1A1,all_caliper_candidates_excluded,False
PBMC10k,all,trrust_dorothea_union,1,5029,SPI1,FOS,all_caliper_candidates_excluded,False
PBMC10k,all,trrust_dorothea_union,1,3751,NFKB1,S100A6,all_caliper_candidates_excluded,False
PBMC10k,all,trrust_dorothea_union,1,6507,USF2,B2M,all_caliper_candidates_excluded,False
PBMC10k,all,trrust_dorothea_union,1,3488,MYC,RPL13,all_caliper_candidates_excluded,False
PBMC10k,all,trrust_dorothea_union,1,2616,HDAC1,HLA-DRA,all_caliper_candidates_excluded,False
PBMC10k,all,trrust_dorothea_union,1,6107,TCF4,VIM,all_caliper_candidates_excluded,False
PBMC10k,all,trrust_dorothea_union,1,1013,CTNNB1,VIM,all_caliper_candidates_excluded,False
PBMC10k,all,trrust_dorothea_union,1,6555,VDR,EEF1A1,all_caliper_candidates_excluded,False
PBMC10k,all,trrust_dorothea_union,1,694,CREBBP,S100A4,all_caliper_candidates_excluded,False
PBMC10k,all,trrust_dorothea_union,1,1477,ETS1,ACTB,all_caliper_candidates_excluded,False
PBMC10k,all,trrust_dorothea_union,1,3803,NFYA,ACTB,all_caliper_candidates_excluded,False
PBMC10k,all,trrust_dorothea_union,1,17,AHR,FOS,all_caliper_candidates_excluded,False
PBMC10k,all,trrust_dorothea_union,1,1602,ETS1,FOS,all_caliper_candidates_excluded,False
PBMC10k,all,trrust_dorothea_union,1,1203,E2F4,LGALS1,all_caliper_candidates_excluded,False
PBMC10k,all,trrust_dorothea_union,1,4612,SMARCA4,FOS,all_caliper_candidates_excluded,False
PBMC10k,all,trrust_dorothea_union,1,5735,STAT1,S100A11,all_caliper_candidates_excluded,False
PBMC10k,all,trrust_dorothea_union,1,2818,HIPK2,VIM,all_caliper_candidates_excluded,False
PBMC10k,all,trrust_dorothea_union,1,4036,RBMX,FOS,all_caliper_candidates_excluded,False
PBMC10k,all,trrust_dorothea_union,1,4745,SP1,LYZ,all_caliper_candidates_excluded,False
PBMC10k,all,trrust_dorothea_union,1,4232,RFX5,CD74,all_caliper_candidates_excluded,False
PBMC10k,all,trrust_dorothea_union,1,615,CIITA,S100A4,all_caliper_candidates_excluded,False
PBMC10k,all,trrust_dorothea_union,1,2839,HOPX,FOS,all_caliper_candidates_excluded,False
PBMC10k,all,trrust_dorothea_union,1,2735,HIF1A,GAPDH,all_caliper_candidates_excluded,False
PBMC10k,all,trrust_dorothea_union,1,646,CREB1,HLA-DRA,all_caliper_candidates_excluded,False
PBMC10k,all,trrust_dorothea_union,1,5481,STAT1,FOS,all_caliper_candidates_excluded,False
PBMC10k,all,trrust_dorothea_union,1,6625,VDR,TPT1,all_caliper_candidates_excluded,False
PBMC10k,all,trrust_dorothea_union,1,3800,NFKBIA,S100A6,all_caliper_candidates_excluded,False
PBMC10k,all,trrust_dorothea_union,1,6492,USF1,S100A6,all_caliper_candidates_excluded,False
PBMC10k,all,trrust_dorothea_union,1,2753,HIF1A,LGALS1,all_caliper_candidates_excluded,False
PBMC10k,all,trrust_dorothea_union,1,331,CEBPA,GAPDH,all_caliper_candidates_excluded,False
PBMC10k,all,trrust_dorothea_union,1,3898,PARP1,VIM,all_caliper_candidates_excluded,False
PBMC10k,all,trrust_dorothea_union,1,2569,GATA3,TMSB4X,all_caliper_candidates_excluded,False
PBMC10k,all,trrust_dorothea_union,1,1906,FLI1,FOS,all_caliper_candidates_excluded,False
PBMC10k,all,trrust_dorothea_union,1,1460,EP300,S100A4,all_caliper_candidates_excluded,False
PBMC10k,all,trrust_dorothea_union,1,4221,RFX1,HLA-DRA,all_caliper_candidates_excluded,False
PBMC10k,all,trrust_dorothea_union,1,6805,ZEB2,VIM,all_caliper_candidates_excluded,False
PBMC10k,all,trrust_dorothea_union,1,3941,POU2F1,HLA-DRA,all_caliper_candidates_excluded,False
PBMC10k,all,trrust_dorothea_union,1,5315,SRF,ACTB,all_caliper_candidates_excluded,False
PBMC10k,all,trrust_dorothea_union,1,5319,SRF,FOS,all_caliper_candidates_excluded,False
PBMC10k,all,trrust_dorothea_union,1,571,CEBPB,GNLY,all_caliper_candidates_excluded,False
PBMC10k,all,trrust_dorothea_union,1,3834,NFYC,FOS,all_caliper_candidates_excluded,False
PBMC10k,all,trrust_dorothea_union,1,6469,USF1,B2M,all_caliper_candidates_excluded,False
PBMC10k,all,trrust_dorothea_union,1,467,CEBPA,S100A9,all_caliper_candidates_excluded,False
PBMC10k,all,trrust_dorothea_union,1,6427,TP53,VCAN,all_caliper_candidates_excluded,False
PBMC10k,all,trrust_dorothea_union,1,5942,STAT3,FOS,all_caliper_candidates_excluded,False
PBMC10k,all,trrust_dorothea_union,1,607,CIITA,HLA-DRA,all_caliper_candidates_excluded,False
PBMC10k,all,trrust_dorothea_union,1,3569,NCOA6,FOS,all_caliper_candidates_excluded,False
PBMC10k,all,trrust_dorothea_union,1,4243,RFX5,HLA-DRA,all_caliper_candidates_excluded,False
PBMC10k,all,trrust_dorothea_union,1,1994,FOS,FOS,all_caliper_candidates_excluded,False
PBMC10k,all,trrust_dorothea_union,1,3825,NFYB,FOS,all_caliper_candidates_excluded,False
PBMC10k,all,trrust_dorothea_union,1,4091,RELA,CD74,all_caliper_candidates_excluded,False
PBMC10k,all,trrust_dorothea_union,1,2836,HMGN1,FOS,all_caliper_candidates_excluded,False
PBMC10k,all,trrust_dorothea_union,1,6062,TBP,FOS,all_caliper_candidates_excluded,False
PBMC10k,all,trrust_dorothea_union,1,3576,NF1,FOS,all_caliper_candidates_excluded,False
PBMC10k,all,trrust_dorothea_union,1,5344,STAT1,ACTB,all_caliper_candidates_excluded,False
PBMC10k,all,trrust_dorothea_union,1,1865,ETS2,FOS,all_caliper_candidates_excluded,False
PBMC10k,all,trrust_dorothea_union,1,3951,POU2F2,HLA-DRA,all_caliper_candidates_excluded,False
PBMC10k,all,trrust_dorothea_union,1,6039,STAT6,FOS,all_caliper_candidates_excluded,False
PBMC10k,all,trrust_dorothea_union,1,633,CREB1,CD74,all_caliper_candidates_excluded,False
PBMC10k,all,trrust_dorothea_union,1,3494,MYC,RPL27A,all_caliper_candidates_excluded,False
PBMC10k,all,trrust_dorothea_union,1,5035,SPI1,FYB1,caliper_candidates_exhausted_by_unique_constraint,False
PBMC10k,all,trrust_dorothea_union,1,5734,STAT1,S100A10,caliper_candidates_exhausted_by_unique_constraint,False
PBMC10k,all,trrust_dorothea_union,2,3673,NFKB1,CD74,all_caliper_candidates_excluded,False
PBMC10k,all,trrust_dorothea_union,2,5319,SRF,FOS,all_caliper_candidates_excluded,False
PBMC10k,all,trrust_dorothea_union,2,4702,SP1,FOS,all_caliper_candidates_excluded,False
PBMC10k,all,trrust_dorothea_union,2,1809,ETS1,TMSB4X,all_caliper_candidates_excluded,False
PBMC10k,all,trrust_dorothea_union,2,5315,SRF,ACTB,all_caliper_candidates_excluded,False
PBMC10k,all,trrust_dorothea_union,2,3494,MYC,RPL27A,all_caliper_candidates_excluded,False
PBMC10k,all,trrust_dorothea_union,2,1203,E2F4,LGALS1,all_caliper_candidates_excluded,False
PBMC10k,all,trrust_dorothea_union,2,3487,MYC,RPL10,all_caliper_candidates_excluded,False
PBMC10k,all,trrust_dorothea_union,2,3488,MYC,RPL13,all_caliper_candidates_excluded,False
PBMC10k,all,trrust_dorothea_union,2,1460,EP300,S100A4,all_caliper_candidates_excluded,False
PBMC10k,all,trrust_dorothea_union,2,587,CEBPD,GAPDH,all_caliper_candidates_excluded,False
PBMC10k,all,trrust_dorothea_union,2,6001,STAT4,S100A4,all_caliper_candidates_excluded,False
PBMC10k,all,trrust_dorothea_union,2,1994,FOS,FOS,all_caliper_candidates_excluded,False
PBMC10k,all,trrust_dorothea_union,2,3951,POU2F2,HLA-DRA,all_caliper_candidates_excluded,False
PBMC10k,all,trrust_dorothea_union,2,3061,JUN,VIM,all_caliper_candidates_excluded,False
PBMC10k,all,trrust_dorothea_union,2,1070,E2F4,ACTB,all_caliper_candidates_excluded,False
PBMC10k,all,trrust_dorothea_union,2,4536,SFPQ,NEAT1,all_caliper_candidates_excluded,False
PBMC10k,all,trrust_dorothea_union,2,4270,RFXAP,HLA-DRA,all_caliper_candidates_excluded,False
PBMC10k,all,trrust_dorothea_union,2,5344,STAT1,ACTB,all_caliper_candidates_excluded,False
PBMC10k,all,trrust_dorothea_union,2,4020,RB1,FOS,all_caliper_candidates_excluded,False
PBMC10k,all,trrust_dorothea_union,2,6791,ZBTB7A,FOS,all_caliper_candidates_excluded,False
PBMC10k,all,trrust_dorothea_union,2,5481,STAT1,FOS,all_caliper_candidates_excluded,False
PBMC10k,all,trrust_dorothea_union,2,4091,RELA,CD74,all_caliper_candidates_excluded,False
PBMC10k,all,trrust_dorothea_union,2,3803,NFYA,ACTB,all_caliper_candidates_excluded,False
PBMC10k,all,trrust_dorothea_union,2,633,CREB1,CD74,all_caliper_candidates_excluded,False
PBMC10k,all,trrust_dorothea_union,2,4258,RFXANK,HLA-DRA,all_caliper_candidates_excluded,False
PBMC10k,all,trrust_dorothea_union,2,4243,RFX5,HLA-DRA,all_caliper_candidates_excluded,False
PBMC10k,all,trrust_dorothea_union,2,3018,JUN,FOS,all_caliper_candidates_excluded,False
PBMC10k,all,trrust_dorothea_union,2,3355,MYC,GAPDH,all_caliper_candidates_excluded,False
PBMC10k,all,trrust_dorothea_union,2,3569,NCOA6,FOS,all_caliper_candidates_excluded,False
PBMC10k,all,trrust_dorothea_union,2,3818,NFYB,ACTB,all_caliper_candidates_excluded,False
PBMC10k,all,trrust_dorothea_union,2,4854,SP1,VIM,all_caliper_candidates_excluded,False
PBMC10k,all,trrust_dorothea_union,2,5735,STAT1,S100A11,all_caliper_candidates_excluded,False
PBMC10k,all,trrust_dorothea_union,2,6507,USF2,B2M,all_caliper_candidates_excluded,False
PBMC10k,all,trrust_dorothea_union,2,3584,NFAT5,S100A4,all_caliper_candidates_excluded,False
PBMC10k,all,trrust_dorothea_union,2,4232,RFX5,CD74,all_caliper_candidates_excluded,False
PBMC10k,all,trrust_dorothea_union,2,3583,NFAT5,LTB,all_caliper_candidates_excluded,False
PBMC10k,all,trrust_dorothea_union,2,6469,USF1,B2M,all_caliper_candidates_excluded,False
PBMC10k,all,trrust_dorothea_union,2,3806,NFYA,CD74,all_caliper_candidates_excluded,False
PBMC10k,all,trrust_dorothea_union,2,2615,HDAC1,FOS,all_caliper_candidates_excluded,False
PBMC10k,all,trrust_dorothea_union,2,6235,TP53,EEF1A1,all_caliper_candidates_excluded,False
PBMC10k,all,trrust_dorothea_union,2,568,CEBPB,FOS,all_caliper_candidates_excluded,False
PBMC10k,all,trrust_dorothea_union,2,6106,TCF4,VCAN,all_caliper_candidates_excluded,False
PBMC10k,all,trrust_dorothea_union,2,4938,SPI1,B2M,all_caliper_candidates_excluded,False
PBMC10k,all,trrust_dorothea_union,2,3646,NFKB1,B2M,all_caliper_candidates_excluded,False
PBMC10k,all,trrust_dorothea_union,2,3941,POU2F1,HLA-DRA,all_caliper_candidates_excluded,False
PBMC10k,all,trrust_dorothea_union,2,6247,TP53,FOS,all_caliper_candidates_excluded,False
PBMC10k,all,trrust_dorothea_union,2,703,CREM,FOS,all_caliper_candidates_excluded,False
PBMC10k,all,trrust_dorothea_union,2,1906,FLI1,FOS,all_caliper_candidates_excluded,False
PBMC10k,all,trrust_dorothea_union,2,640,CREB1,FOS,all_caliper_candidates_excluded,False
PBMC10k,all,trrust_dorothea_union,2,4612,SMARCA4,FOS,all_caliper_candidates_excluded,False
PBMC10k,all,trrust_dorothea_union,2,4172,RELA,S100A6,all_caliper_candidates_excluded,False
PBMC10k,all,trrust_dorothea_union,2,6062,TBP,FOS,all_caliper_candidates_excluded,False
PBMC10k,all,trrust_dorothea_union,2,1438,ELK4,FOS,all_caliper_candidates_excluded,False
PBMC10k,all,trrust_dorothea_union,2,2818,HIPK2,VIM,all_caliper_candidates_excluded,False
PBMC10k,all,trrust_dorothea_union,2,2693,HDGF,VIM,all_caliper_candidates_excluded,False
PBMC10k,all,trrust_dorothea_union,2,6153,TP53,ACTB,all_caliper_candidates_excluded,False
PBMC10k,all,trrust_dorothea_union,2,6625,VDR,TPT1,all_caliper_candidates_excluded,False
PBMC10k,all,trrust_dorothea_union,2,3820,NFYB,CD74,all_caliper_candidates_excluded,False
PBMC10k,all,trrust_dorothea_union,2,3898,PARP1,VIM,all_caliper_candidates_excluded,False
PBMC10k,all,trrust_dorothea_union,2,694,CREBBP,S100A4,all_caliper_candidates_excluded,False
PBMC10k,all,trrust_dorothea_union,2,1666,ETS1,LTB,all_caliper_candidates_excluded,False
PBMC10k,all,trrust_dorothea_union,2,615,CIITA,S100A4,all_caliper_candidates_excluded,False
PBMC10k,all,trrust_dorothea_union,2,3825,NFYB,FOS,all_caliper_candidates_excluded,False
PBMC10k,all,trrust_dorothea_union,2,4985,SPI1,CTSS,all_caliper_candidates_excluded,False
PBMC10k,all,trrust_dorothea_union,2,467,CEBPA,S100A9,all_caliper_candidates_excluded,False
PBMC10k,all,trrust_dorothea_union,2,4036,RBMX,FOS,all_caliper_candidates_excluded,False
PBMC10k,all,trrust_dorothea_union,2,6039,STAT6,FOS,all_caliper_candidates_excluded,False
PBMC10k,all,trrust_dorothea_union,2,571,CEBPB,GNLY,all_caliper_candidates_excluded,False
PBMC10k,all,trrust_dorothea_union,2,2839,HOPX,FOS,all_caliper_candidates_excluded,False
PBMC10k,all,trrust_dorothea_union,2,6123,TCF7L2,VIM,all_caliper_candidates_excluded,False
PBMC10k,all,trrust_dorothea_union,2,5978,STAT3,S100A11,all_caliper_candidates_excluded,False
PBMC10k,all,trrust_dorothea_union,2,6530,VDR,ACTB,all_caliper_candidates_excluded,False
PBMC10k,all,trrust_dorothea_union,2,2878,ILF3,HLA-DRA,all_caliper_candidates_excluded,False
PBMC10k,all,trrust_dorothea_union,2,6058,TBP,ACTB,all_caliper_candidates_excluded,False
PBMC10k,all,trrust_dorothea_union,2,3411,MYC,LTB,all_caliper_candidates_excluded,False
PBMC10k,all,trrust_dorothea_union,2,6805,ZEB2,VIM,all_caliper_candidates_excluded,False
PBMC10k,all,trrust_dorothea_union,2,1580,ETS1,EEF1A1,all_caliper_candidates_excluded,False
PBMC10k,all,trrust_dorothea_union,2,2569,GATA3,TMSB4X,all_caliper_candidates_excluded,False
PBMC10k,all,trrust_dorothea_union,2,2735,HIF1A,GAPDH,all_caliper_candidates_excluded,False
PBMC10k,all,trrust_dorothea_union,2,6815,ZNF148,VIM,all_caliper_candidates_excluded,False
PBMC10k,all,trrust_dorothea_union,2,2009,FOS,HLA-DRA,all_caliper_candidates_excluded,False
PBMC10k,all,trrust_dorothea_union,2,4221,RFX1,HLA-DRA,all_caliper_candidates_excluded,False
PBMC10k,all,trrust_dorothea_union,2,5942,STAT3,FOS,all_caliper_candidates_excluded,False
PBMC10k,all,trrust_dorothea_union,2,2616,HDAC1,HLA-DRA,all_caliper_candidates_excluded,False
PBMC10k,all,trrust_dorothea_union,2,1417,ELK1,FOS,all_caliper_candidates_excluded,False
PBMC10k,all,trrust_dorothea_union,2,5253,SPI1,TYROBP,all_caliper_candidates_excluded,False
PBMC10k,all,trrust_dorothea_union,2,3979,PPARD,SAT1,all_caliper_candidates_excluded,False
PBMC10k,all,trrust_dorothea_union,2,4917,SPI1,AIF1,all_caliper_candidates_excluded,False
PBMC10k,all,trrust_dorothea_union,2,3834,NFYC,FOS,all_caliper_candidates_excluded,False
PBMC10k,all,trrust_dorothea_union,2,331,CEBPA,GAPDH,all_caliper_candidates_excluded,False
PBMC10k,all,trrust_dorothea_union,2,45,ARNT,FOS,all_caliper_candidates_excluded,False
PBMC10k,all,trrust_dorothea_union,2,6492,USF1,S100A6,all_caliper_candidates_excluded,False
PBMC10k,all,trrust_dorothea_union,2,1013,CTNNB1,VIM,all_caliper_candidates_excluded,False
PBMC10k,all,trrust_dorothea_union,2,607,CIITA,HLA-DRA,all_caliper_candidates_excluded,False
PBMC10k,all,trrust_dorothea_union,2,6107,TCF4,VIM,all_caliper_candidates_excluded,False
PBMC10k,all,trrust_dorothea_union,2,579,CEBPB,S100A9,all_caliper_candidates_excluded,False
PBMC10k,all,trrust_dorothea_union,2,5029,SPI1,FOS,all_caliper_candidates_excluded,False
PBMC10k,all,trrust_dorothea_union,2,3800,NFKBIA,S100A6,all_caliper_candidates_excluded,False
PBMC10k,all,trrust_dorothea_union,2,17,AHR,FOS,all_caliper_candidates_excluded,False
PBMC10k,all,trrust_dorothea_union,2,3777,NFKB1,VIM,all_caliper_candidates_excluded,False
PBMC10k,all,trrust_dorothea_union,2,2807,HIF1A,VIM,all_caliper_candidates_excluded,False
PBMC10k,all,trrust_dorothea_union,2,1602,ETS1,FOS,all_caliper_candidates_excluded,False
PBMC10k,all,trrust_dorothea_union,2,319,CEBPA,FGL2,all_caliper_candidates_excluded,False
PBMC10k,all,trrust_dorothea_union,2,1477,ETS1,ACTB,all_caliper_candidates_excluded,False
PBMC10k,all,trrust_dorothea_union,2,3751,NFKB1,S100A6,all_caliper_candidates_excluded,False
PBMC10k,all,trrust_dorothea_union,2,2753,HIF1A,LGALS1,all_caliper_candidates_excluded,False
PBMC10k,all,trrust_dorothea_union,2,4745,SP1,LYZ,all_caliper_candidates_excluded,False
PBMC10k,all,trrust_dorothea_union,2,6717,YY1,HLA-DRA,all_caliper_candidates_excluded,False
PBMC10k,all,trrust_dorothea_union,2,646,CREB1,HLA-DRA,all_caliper_candidates_excluded,False
PBMC10k,all,trrust_dorothea_union,2,2864,HSF2,FOS,all_caliper_candidates_excluded,False
PBMC10k,all,trrust_dorothea_union,2,4700,SP1,FGL2,all_caliper_candidates_excluded,False
PBMC10k,all,trrust_dorothea_union,2,75,ATF2,FOS,all_caliper_candidates_excluded,False
PBMC10k,all,trrust_dorothea_union,2,1865,ETS2,FOS,all_caliper_candidates_excluded,False
PBMC10k,all,trrust_dorothea_union,2,1437,ELK3,FOS,all_caliper_candidates_excluded,False
PBMC10k,all,trrust_dorothea_union,2,6555,VDR,EEF1A1,all_caliper_candidates_excluded,False
PBMC10k,all,trrust_dorothea_union,2,6427,TP53,VCAN,all_caliper_candidates_excluded,False
PBMC10k,all,trrust_dorothea_union,2,3576,NF1,FOS,all_caliper_candidates_excluded,False
PBMC10k,all,trrust_dorothea_union,2,2836,HMGN1,FOS,all_caliper_candidates_excluded,False
PBMC10k,all,trrust_dorothea_union,2,5734,STAT1,S100A10,caliper_candidates_exhausted_by_unique_constraint,False
PBMC10k,all,trrust_dorothea_union,2,5035,SPI1,FYB1,caliper_candidates_exhausted_by_unique_constraint,False
PBMC10k,all,trrust_dorothea_union,3,3834,NFYC,FOS,all_caliper_candidates_excluded,False
PBMC10k,all,trrust_dorothea_union,3,587,CEBPD,GAPDH,all_caliper_candidates_excluded,False
PBMC10k,all,trrust_dorothea_union,3,1809,ETS1,TMSB4X,all_caliper_candidates_excluded,False
PBMC10k,all,trrust_dorothea_union,3,5319,SRF,FOS,all_caliper_candidates_excluded,False
PBMC10k,all,trrust_dorothea_union,3,4243,RFX5,HLA-DRA,all_caliper_candidates_excluded,False
PBMC10k,all,trrust_dorothea_union,3,6625,VDR,TPT1,all_caliper_candidates_excluded,False
PBMC10k,all,trrust_dorothea_union,3,17,AHR,FOS,all_caliper_candidates_excluded,False
PBMC10k,all,trrust_dorothea_union,3,6427,TP53,VCAN,all_caliper_candidates_excluded,False
PBMC10k,all,trrust_dorothea_union,3,3488,MYC,RPL13,all_caliper_candidates_excluded,False
PBMC10k,all,trrust_dorothea_union,3,6247,TP53,FOS,all_caliper_candidates_excluded,False
PBMC10k,all,trrust_dorothea_union,3,2818,HIPK2,VIM,all_caliper_candidates_excluded,False
PBMC10k,all,trrust_dorothea_union,3,1203,E2F4,LGALS1,all_caliper_candidates_excluded,False
PBMC10k,all,trrust_dorothea_union,3,579,CEBPB,S100A9,all_caliper_candidates_excluded,False
PBMC10k,all,trrust_dorothea_union,3,4745,SP1,LYZ,all_caliper_candidates_excluded,False
PBMC10k,all,trrust_dorothea_union,3,75,ATF2,FOS,all_caliper_candidates_excluded,False
PBMC10k,all,trrust_dorothea_union,3,3803,NFYA,ACTB,all_caliper_candidates_excluded,False
PBMC10k,all,trrust_dorothea_union,3,1417,ELK1,FOS,all_caliper_candidates_excluded,False
PBMC10k,all,trrust_dorothea_union,3,1477,ETS1,ACTB,all_caliper_candidates_excluded,False
PBMC10k,all,trrust_dorothea_union,3,3569,NCOA6,FOS,all_caliper_candidates_excluded,False
PBMC10k,all,trrust_dorothea_union,3,694,CREBBP,S100A4,all_caliper_candidates_excluded,False
PBMC10k,all,trrust_dorothea_union,3,5942,STAT3,FOS,all_caliper_candidates_excluded,False
PBMC10k,all,trrust_dorothea_union,3,2839,HOPX,FOS,all_caliper_candidates_excluded,False
PBMC10k,all,trrust_dorothea_union,3,3584,NFAT5,S100A4,all_caliper_candidates_excluded,False
PBMC10k,all,trrust_dorothea_union,3,1070,E2F4,ACTB,all_caliper_candidates_excluded,False
PBMC10k,all,trrust_dorothea_union,3,6791,ZBTB7A,FOS,all_caliper_candidates_excluded,False
PBMC10k,all,trrust_dorothea_union,3,571,CEBPB,GNLY,all_caliper_candidates_excluded,False
PBMC10k,all,trrust_dorothea_union,3,6805,ZEB2,VIM,all_caliper_candidates_excluded,False
PBMC10k,all,trrust_dorothea_union,3,5344,STAT1,ACTB,all_caliper_candidates_excluded,False
PBMC10k,all,trrust_dorothea_union,3,3979,PPARD,SAT1,all_caliper_candidates_excluded,False
PBMC10k,all,trrust_dorothea_union,3,4221,RFX1,HLA-DRA,all_caliper_candidates_excluded,False
PBMC10k,all,trrust_dorothea_union,3,4091,RELA,CD74,all_caliper_candidates_excluded,False
PBMC10k,all,trrust_dorothea_union,3,1865,ETS2,FOS,all_caliper_candidates_excluded,False
PBMC10k,all,trrust_dorothea_union,3,568,CEBPB,FOS,all_caliper_candidates_excluded,False
PBMC10k,all,trrust_dorothea_union,3,6123,TCF7L2,VIM,all_caliper_candidates_excluded,False
PBMC10k,all,trrust_dorothea_union,3,2864,HSF2,FOS,all_caliper_candidates_excluded,False
PBMC10k,all,trrust_dorothea_union,3,2735,HIF1A,GAPDH,all_caliper_candidates_excluded,False
PBMC10k,all,trrust_dorothea_union,3,3751,NFKB1,S100A6,all_caliper_candidates_excluded,False
PBMC10k,all,trrust_dorothea_union,3,4702,SP1,FOS,all_caliper_candidates_excluded,False
PBMC10k,all,trrust_dorothea_union,3,319,CEBPA,FGL2,all_caliper_candidates_excluded,False
PBMC10k,all,trrust_dorothea_union,3,6153,TP53,ACTB,all_caliper_candidates_excluded,False
PBMC10k,all,trrust_dorothea_union,3,5029,SPI1,FOS,all_caliper_candidates_excluded,False
PBMC10k,all,trrust_dorothea_union,3,3411,MYC,LTB,all_caliper_candidates_excluded,False
PBMC10k,all,trrust_dorothea_union,3,4036,RBMX,FOS,all_caliper_candidates_excluded,False
PBMC10k,all,trrust_dorothea_union,3,1906,FLI1,FOS,all_caliper_candidates_excluded,False
PBMC10k,all,trrust_dorothea_union,3,6107,TCF4,VIM,all_caliper_candidates_excluded,False
PBMC10k,all,trrust_dorothea_union,3,3951,POU2F2,HLA-DRA,all_caliper_candidates_excluded,False
PBMC10k,all,trrust_dorothea_union,3,3800,NFKBIA,S100A6,all_caliper_candidates_excluded,False
PBMC10k,all,trrust_dorothea_union,3,6492,USF1,S100A6,all_caliper_candidates_excluded,False
PBMC10k,all,trrust_dorothea_union,3,2569,GATA3,TMSB4X,all_caliper_candidates_excluded,False
PBMC10k,all,trrust_dorothea_union,3,1666,ETS1,LTB,all_caliper_candidates_excluded,False
PBMC10k,all,trrust_dorothea_union,3,3777,NFKB1,VIM,all_caliper_candidates_excluded,False
PBMC10k,all,trrust_dorothea_union,3,1580,ETS1,EEF1A1,all_caliper_candidates_excluded,False
PBMC10k,all,trrust_dorothea_union,3,1602,ETS1,FOS,all_caliper_candidates_excluded,False
PBMC10k,all,trrust_dorothea_union,3,1994,FOS,FOS,all_caliper_candidates_excluded,False
PBMC10k,all,trrust_dorothea_union,3,4854,SP1,VIM,all_caliper_candidates_excluded,False
PBMC10k,all,trrust_dorothea_union,3,4917,SPI1,AIF1,all_caliper_candidates_excluded,False
PBMC10k,all,trrust_dorothea_union,3,4985,SPI1,CTSS,all_caliper_candidates_excluded,False
PBMC10k,all,trrust_dorothea_union,3,3576,NF1,FOS,all_caliper_candidates_excluded,False
PBMC10k,all,trrust_dorothea_union,3,6555,VDR,EEF1A1,all_caliper_candidates_excluded,False
PBMC10k,all,trrust_dorothea_union,3,3646,NFKB1,B2M,all_caliper_candidates_excluded,False
PBMC10k,all,trrust_dorothea_union,3,4270,RFXAP,HLA-DRA,all_caliper_candidates_excluded,False
PBMC10k,all,trrust_dorothea_union,3,4172,RELA,S100A6,all_caliper_candidates_excluded,False
PBMC10k,all,trrust_dorothea_union,3,3898,PARP1,VIM,all_caliper_candidates_excluded,False
PBMC10k,all,trrust_dorothea_union,3,3018,JUN,FOS,all_caliper_candidates_excluded,False
PBMC10k,all,trrust_dorothea_union,3,2807,HIF1A,VIM,all_caliper_candidates_excluded,False
PBMC10k,all,trrust_dorothea_union,3,2009,FOS,HLA-DRA,all_caliper_candidates_excluded,False
PBMC10k,all,trrust_dorothea_union,3,6001,STAT4,S100A4,all_caliper_candidates_excluded,False
PBMC10k,all,trrust_dorothea_union,3,1460,EP300,S100A4,all_caliper_candidates_excluded,False
PBMC10k,all,trrust_dorothea_union,3,6106,TCF4,VCAN,all_caliper_candidates_excluded,False
PBMC10k,all,trrust_dorothea_union,3,4232,RFX5,CD74,all_caliper_candidates_excluded,False
PBMC10k,all,trrust_dorothea_union,3,3820,NFYB,CD74,all_caliper_candidates_excluded,False
PBMC10k,all,trrust_dorothea_union,3,6058,TBP,ACTB,all_caliper_candidates_excluded,False
PBMC10k,all,trrust_dorothea_union,3,1438,ELK4,FOS,all_caliper_candidates_excluded,False
PBMC10k,all,trrust_dorothea_union,3,6815,ZNF148,VIM,all_caliper_candidates_excluded,False
PBMC10k,all,trrust_dorothea_union,3,1437,ELK3,FOS,all_caliper_candidates_excluded,False
PBMC10k,all,trrust_dorothea_union,3,3494,MYC,RPL27A,all_caliper_candidates_excluded,False
PBMC10k,all,trrust_dorothea_union,3,4700,SP1,FGL2,all_caliper_candidates_excluded,False
PBMC10k,all,trrust_dorothea_union,3,2616,HDAC1,HLA-DRA,all_caliper_candidates_excluded,False
PBMC10k,all,trrust_dorothea_union,3,1013,CTNNB1,VIM,all_caliper_candidates_excluded,False
PBMC10k,all,trrust_dorothea_union,3,3583,NFAT5,LTB,all_caliper_candidates_excluded,False
PBMC10k,all,trrust_dorothea_union,3,3818,NFYB,ACTB,all_caliper_candidates_excluded,False
PBMC10k,all,trrust_dorothea_union,3,3806,NFYA,CD74,all_caliper_candidates_excluded,False
PBMC10k,all,trrust_dorothea_union,3,2753,HIF1A,LGALS1,all_caliper_candidates_excluded,False
PBMC10k,all,trrust_dorothea_union,3,45,ARNT,FOS,all_caliper_candidates_excluded,False
PBMC10k,all,trrust_dorothea_union,3,6469,USF1,B2M,all_caliper_candidates_excluded,False
PBMC10k,all,trrust_dorothea_union,3,633,CREB1,CD74,all_caliper_candidates_excluded,False
PBMC10k,all,trrust_dorothea_union,3,703,CREM,FOS,all_caliper_candidates_excluded,False
PBMC10k,all,trrust_dorothea_union,3,3673,NFKB1,CD74,all_caliper_candidates_excluded,False
PBMC10k,all,trrust_dorothea_union,3,2836,HMGN1,FOS,all_caliper_candidates_excluded,False
PBMC10k,all,trrust_dorothea_union,3,3061,JUN,VIM,all_caliper_candidates_excluded,False
PBMC10k,all,trrust_dorothea_union,3,467,CEBPA,S100A9,all_caliper_candidates_excluded,False
PBMC10k,all,trrust_dorothea_union,3,615,CIITA,S100A4,all_caliper_candidates_excluded,False
PBMC10k,all,trrust_dorothea_union,3,331,CEBPA,GAPDH,all_caliper_candidates_excluded,False
PBMC10k,all,trrust_dorothea_union,3,4020,RB1,FOS,all_caliper_candidates_excluded,False
PBMC10k,all,trrust_dorothea_union,3,646,CREB1,HLA-DRA,all_caliper_candidates_excluded,False
PBMC10k,all,trrust_dorothea_union,3,6039,STAT6,FOS,all_caliper_candidates_excluded,False
PBMC10k,all,trrust_dorothea_union,3,4536,SFPQ,NEAT1,all_caliper_candidates_excluded,False
PBMC10k,all,trrust_dorothea_union,3,2615,HDAC1,FOS,all_caliper_candidates_excluded,False
PBMC10k,all,trrust_dorothea_union,3,5253,SPI1,TYROBP,all_caliper_candidates_excluded,False
PBMC10k,all,trrust_dorothea_union,3,4612,SMARCA4,FOS,all_caliper_candidates_excluded,False
PBMC10k,all,trrust_dorothea_union,3,3487,MYC,RPL10,all_caliper_candidates_excluded,False
PBMC10k,all,trrust_dorothea_union,3,4938,SPI1,B2M,all_caliper_candidates_excluded,False
PBMC10k,all,trrust_dorothea_union,3,640,CREB1,FOS,all_caliper_candidates_excluded,False
PBMC10k,all,trrust_dorothea_union,3,607,CIITA,HLA-DRA,all_caliper_candidates_excluded,False
PBMC10k,all,trrust_dorothea_union,3,6235,TP53,EEF1A1,all_caliper_candidates_excluded,False
PBMC10k,all,trrust_dorothea_union,3,3941,POU2F1,HLA-DRA,all_caliper_candidates_excluded,False
PBMC10k,all,trrust_dorothea_union,3,6717,YY1,HLA-DRA,all_caliper_candidates_excluded,False
PBMC10k,all,trrust_dorothea_union,3,6530,VDR,ACTB,all_caliper_candidates_excluded,False
PBMC10k,all,trrust_dorothea_union,3,3825,NFYB,FOS,all_caliper_candidates_excluded,False
PBMC10k,all,trrust_dorothea_union,3,5481,STAT1,FOS,all_caliper_candidates_excluded,False
PBMC10k,all,trrust_dorothea_union,3,6507,USF2,B2M,all_caliper_candidates_excluded,False
PBMC10k,all,trrust_dorothea_union,3,5978,STAT3,S100A11,all_caliper_candidates_excluded,False
PBMC10k,all,trrust_dorothea_union,3,4258,RFXANK,HLA-DRA,all_caliper_candidates_excluded,False
PBMC10k,all,trrust_dorothea_union,3,6062,TBP,FOS,all_caliper_candidates_excluded,False
PBMC10k,all,trrust_dorothea_union,3,2693,HDGF,VIM,all_caliper_candidates_excluded,False
PBMC10k,all,trrust_dorothea_union,3,5735,STAT1,S100A11,all_caliper_candidates_excluded,False
PBMC10k,all,trrust_dorothea_union,3,5315,SRF,ACTB,all_caliper_candidates_excluded,False
PBMC10k,all,trrust_dorothea_union,3,2878,ILF3,HLA-DRA,all_caliper_candidates_excluded,False
PBMC10k,all,trrust_dorothea_union,3,3355,MYC,GAPDH,all_caliper_candidates_excluded,False
PBMC10k,all,trrust_dorothea_union,3,5080,SPI1,LCP1,caliper_candidates_exhausted_by_unique_constraint,False
PBMC10k,all,trrust_dorothea_union,3,5487,STAT1,FYB1,caliper_candidates_exhausted_by_unique_constraint,False
PBMC10k,all,trrust_dorothea_union,4,6039,STAT6,FOS,all_caliper_candidates_excluded,False
PBMC10k,all,trrust_dorothea_union,4,3569,NCOA6,FOS,all_caliper_candidates_excluded,False
PBMC10k,all,trrust_dorothea_union,4,3583,NFAT5,LTB,all_caliper_candidates_excluded,False
PBMC10k,all,trrust_dorothea_union,4,646,CREB1,HLA-DRA,all_caliper_candidates_excluded,False
PBMC10k,all,trrust_dorothea_union,4,5735,STAT1,S100A11,all_caliper_candidates_excluded,False
PBMC10k,all,trrust_dorothea_union,4,607,CIITA,HLA-DRA,all_caliper_candidates_excluded,False
PBMC10k,all,trrust_dorothea_union,4,1013,CTNNB1,VIM,all_caliper_candidates_excluded,False
PBMC10k,all,trrust_dorothea_union,4,1666,ETS1,LTB,all_caliper_candidates_excluded,False
PBMC10k,all,trrust_dorothea_union,4,633,CREB1,CD74,all_caliper_candidates_excluded,False
PBMC10k,all,trrust_dorothea_union,4,5319,SRF,FOS,all_caliper_candidates_excluded,False
PBMC10k,all,trrust_dorothea_union,4,6805,ZEB2,VIM,all_caliper_candidates_excluded,False
PBMC10k,all,trrust_dorothea_union,4,3673,NFKB1,CD74,all_caliper_candidates_excluded,False
PBMC10k,all,trrust_dorothea_union,4,6530,VDR,ACTB,all_caliper_candidates_excluded,False
PBMC10k,all,trrust_dorothea_union,4,2693,HDGF,VIM,all_caliper_candidates_excluded,False
PBMC10k,all,trrust_dorothea_union,4,1437,ELK3,FOS,all_caliper_candidates_excluded,False
PBMC10k,all,trrust_dorothea_union,4,2616,HDAC1,HLA-DRA,all_caliper_candidates_excluded,False
PBMC10k,all,trrust_dorothea_union,4,6469,USF1,B2M,all_caliper_candidates_excluded,False
PBMC10k,all,trrust_dorothea_union,4,3818,NFYB,ACTB,all_caliper_candidates_excluded,False
PBMC10k,all,trrust_dorothea_union,4,3898,PARP1,VIM,all_caliper_candidates_excluded,False
PBMC10k,all,trrust_dorothea_union,4,587,CEBPD,GAPDH,all_caliper_candidates_excluded,False
PBMC10k,all,trrust_dorothea_union,4,6492,USF1,S100A6,all_caliper_candidates_excluded,False
PBMC10k,all,trrust_dorothea_union,4,1438,ELK4,FOS,all_caliper_candidates_excluded,False
PBMC10k,all,trrust_dorothea_union,4,6555,VDR,EEF1A1,all_caliper_candidates_excluded,False
PBMC10k,all,trrust_dorothea_union,4,5942,STAT3,FOS,all_caliper_candidates_excluded,False
PBMC10k,all,trrust_dorothea_union,4,615,CIITA,S100A4,all_caliper_candidates_excluded,False
PBMC10k,all,trrust_dorothea_union,4,1602,ETS1,FOS,all_caliper_candidates_excluded,False
PBMC10k,all,trrust_dorothea_union,4,45,ARNT,FOS,all_caliper_candidates_excluded,False
PBMC10k,all,trrust_dorothea_union,4,4745,SP1,LYZ,all_caliper_candidates_excluded,False
PBMC10k,all,trrust_dorothea_union,4,1994,FOS,FOS,all_caliper_candidates_excluded,False
PBMC10k,all,trrust_dorothea_union,4,579,CEBPB,S100A9,all_caliper_candidates_excluded,False
PBMC10k,all,trrust_dorothea_union,4,3061,JUN,VIM,all_caliper_candidates_excluded,False
PBMC10k,all,trrust_dorothea_union,4,1203,E2F4,LGALS1,all_caliper_candidates_excluded,False
PBMC10k,all,trrust_dorothea_union,4,6001,STAT4,S100A4,all_caliper_candidates_excluded,False
PBMC10k,all,trrust_dorothea_union,4,3806,NFYA,CD74,all_caliper_candidates_excluded,False
PBMC10k,all,trrust_dorothea_union,4,5344,STAT1,ACTB,all_caliper_candidates_excluded,False
PBMC10k,all,trrust_dorothea_union,4,4036,RBMX,FOS,all_caliper_candidates_excluded,False
PBMC10k,all,trrust_dorothea_union,4,467,CEBPA,S100A9,all_caliper_candidates_excluded,False
PBMC10k,all,trrust_dorothea_union,4,3494,MYC,RPL27A,all_caliper_candidates_excluded,False
PBMC10k,all,trrust_dorothea_union,4,3584,NFAT5,S100A4,all_caliper_candidates_excluded,False
PBMC10k,all,trrust_dorothea_union,4,6247,TP53,FOS,all_caliper_candidates_excluded,False
PBMC10k,all,trrust_dorothea_union,4,3800,NFKBIA,S100A6,all_caliper_candidates_excluded,False
PBMC10k,all,trrust_dorothea_union,4,2818,HIPK2,VIM,all_caliper_candidates_excluded,False
PBMC10k,all,trrust_dorothea_union,4,3355,MYC,GAPDH,all_caliper_candidates_excluded,False
PBMC10k,all,trrust_dorothea_union,4,6058,TBP,ACTB,all_caliper_candidates_excluded,False
PBMC10k,all,trrust_dorothea_union,4,4702,SP1,FOS,all_caliper_candidates_excluded,False
PBMC10k,all,trrust_dorothea_union,4,3751,NFKB1,S100A6,all_caliper_candidates_excluded,False
PBMC10k,all,trrust_dorothea_union,4,4172,RELA,S100A6,all_caliper_candidates_excluded,False
PBMC10k,all,trrust_dorothea_union,4,3941,POU2F1,HLA-DRA,all_caliper_candidates_excluded,False
PBMC10k,all,trrust_dorothea_union,4,3979,PPARD,SAT1,all_caliper_candidates_excluded,False
PBMC10k,all,trrust_dorothea_union,4,2753,HIF1A,LGALS1,all_caliper_candidates_excluded,False
PBMC10k,all,trrust_dorothea_union,4,3411,MYC,LTB,all_caliper_candidates_excluded,False
PBMC10k,all,trrust_dorothea_union,4,568,CEBPB,FOS,all_caliper_candidates_excluded,False
PBMC10k,all,trrust_dorothea_union,4,6153,TP53,ACTB,all_caliper_candidates_excluded,False
PBMC10k,all,trrust_dorothea_union,4,1460,EP300,S100A4,all_caliper_candidates_excluded,False
PBMC10k,all,trrust_dorothea_union,4,17,AHR,FOS,all_caliper_candidates_excluded,False
PBMC10k,all,trrust_dorothea_union,4,3820,NFYB,CD74,all_caliper_candidates_excluded,False
PBMC10k,all,trrust_dorothea_union,4,6625,VDR,TPT1,all_caliper_candidates_excluded,False
PBMC10k,all,trrust_dorothea_union,4,75,ATF2,FOS,all_caliper_candidates_excluded,False
PBMC10k,all,trrust_dorothea_union,4,694,CREBBP,S100A4,all_caliper_candidates_excluded,False
PBMC10k,all,trrust_dorothea_union,4,2569,GATA3,TMSB4X,all_caliper_candidates_excluded,False
PBMC10k,all,trrust_dorothea_union,4,4091,RELA,CD74,all_caliper_candidates_excluded,False
PBMC10k,all,trrust_dorothea_union,4,6123,TCF7L2,VIM,all_caliper_candidates_excluded,False
PBMC10k,all,trrust_dorothea_union,4,3488,MYC,RPL13,all_caliper_candidates_excluded,False
PBMC10k,all,trrust_dorothea_union,4,4020,RB1,FOS,all_caliper_candidates_excluded,False
PBMC10k,all,trrust_dorothea_union,4,3576,NF1,FOS,all_caliper_candidates_excluded,False
PBMC10k,all,trrust_dorothea_union,4,1070,E2F4,ACTB,all_caliper_candidates_excluded,False
PBMC10k,all,trrust_dorothea_union,4,6815,ZNF148,VIM,all_caliper_candidates_excluded,False
PBMC10k,all,trrust_dorothea_union,4,4985,SPI1,CTSS,all_caliper_candidates_excluded,False
PBMC10k,all,trrust_dorothea_union,4,1477,ETS1,ACTB,all_caliper_candidates_excluded,False
PBMC10k,all,trrust_dorothea_union,4,4700,SP1,FGL2,all_caliper_candidates_excluded,False
PBMC10k,all,trrust_dorothea_union,4,4258,RFXANK,HLA-DRA,all_caliper_candidates_excluded,False
PBMC10k,all,trrust_dorothea_union,4,4221,RFX1,HLA-DRA,all_caliper_candidates_excluded,False
PBMC10k,all,trrust_dorothea_union,4,2735,HIF1A,GAPDH,all_caliper_candidates_excluded,False
PBMC10k,all,trrust_dorothea_union,4,2839,HOPX,FOS,all_caliper_candidates_excluded,False
PBMC10k,all,trrust_dorothea_union,4,4917,SPI1,AIF1,all_caliper_candidates_excluded,False
PBMC10k,all,trrust_dorothea_union,4,5253,SPI1,TYROBP,all_caliper_candidates_excluded,False
PBMC10k,all,trrust_dorothea_union,4,2807,HIF1A,VIM,all_caliper_candidates_excluded,False
PBMC10k,all,trrust_dorothea_union,4,2009,FOS,HLA-DRA,all_caliper_candidates_excluded,False
PBMC10k,all,trrust_dorothea_union,4,4938,SPI1,B2M,all_caliper_candidates_excluded,False
PBMC10k,all,trrust_dorothea_union,4,3646,NFKB1,B2M,all_caliper_candidates_excluded,False
PBMC10k,all,trrust_dorothea_union,4,6791,ZBTB7A,FOS,all_caliper_candidates_excluded,False
PBMC10k,all,trrust_dorothea_union,4,1809,ETS1,TMSB4X,all_caliper_candidates_excluded,False
PBMC10k,all,trrust_dorothea_union,4,703,CREM,FOS,all_caliper_candidates_excluded,False
PBMC10k,all,trrust_dorothea_union,4,6507,USF2,B2M,all_caliper_candidates_excluded,False
PBMC10k,all,trrust_dorothea_union,4,4243,RFX5,HLA-DRA,all_caliper_candidates_excluded,False
PBMC10k,all,trrust_dorothea_union,4,2836,HMGN1,FOS,all_caliper_candidates_excluded,False
PBMC10k,all,trrust_dorothea_union,4,5978,STAT3,S100A11,all_caliper_candidates_excluded,False
PBMC10k,all,trrust_dorothea_union,4,2864,HSF2,FOS,all_caliper_candidates_excluded,False
PBMC10k,all,trrust_dorothea_union,4,6427,TP53,VCAN,all_caliper_candidates_excluded,False
PBMC10k,all,trrust_dorothea_union,4,3018,JUN,FOS,all_caliper_candidates_excluded,False
PBMC10k,all,trrust_dorothea_union,4,4536,SFPQ,NEAT1,all_caliper_candidates_excluded,False
PBMC10k,all,trrust_dorothea_union,4,6235,TP53,EEF1A1,all_caliper_candidates_excluded,False
PBMC10k,all,trrust_dorothea_union,4,4612,SMARCA4,FOS,all_caliper_candidates_excluded,False
PBMC10k,all,trrust_dorothea_union,4,6717,YY1,HLA-DRA,all_caliper_candidates_excluded,False
PBMC10k,all,trrust_dorothea_union,4,4854,SP1,VIM,all_caliper_candidates_excluded,False
PBMC10k,all,trrust_dorothea_union,4,1865,ETS2,FOS,all_caliper_candidates_excluded,False
PBMC10k,all,trrust_dorothea_union,4,5029,SPI1,FOS,all_caliper_candidates_excluded,False
PBMC10k,all,trrust_dorothea_union,4,319,CEBPA,FGL2,all_caliper_candidates_excluded,False
PBMC10k,all,trrust_dorothea_union,4,3777,NFKB1,VIM,all_caliper_candidates_excluded,False
PBMC10k,all,trrust_dorothea_union,4,3803,NFYA,ACTB,all_caliper_candidates_excluded,False
PBMC10k,all,trrust_dorothea_union,4,4232,RFX5,CD74,all_caliper_candidates_excluded,False
PBMC10k,all,trrust_dorothea_union,4,5481,STAT1,FOS,all_caliper_candidates_excluded,False
PBMC10k,all,trrust_dorothea_union,4,6062,TBP,FOS,all_caliper_candidates_excluded,False
PBMC10k,all,trrust_dorothea_union,4,331,CEBPA,GAPDH,all_caliper_candidates_excluded,False
PBMC10k,all,trrust_dorothea_union,4,3834,NFYC,FOS,all_caliper_candidates_excluded,False
PBMC10k,all,trrust_dorothea_union,4,640,CREB1,FOS,all_caliper_candidates_excluded,False
PBMC10k,all,trrust_dorothea_union,4,3825,NFYB,FOS,all_caliper_candidates_excluded,False
PBMC10k,all,trrust_dorothea_union,4,571,CEBPB,GNLY,all_caliper_candidates_excluded,False
PBMC10k,all,trrust_dorothea_union,4,6107,TCF4,VIM,all_caliper_candidates_excluded,False
PBMC10k,all,trrust_dorothea_union,4,3487,MYC,RPL10,all_caliper_candidates_excluded,False
PBMC10k,all,trrust_dorothea_union,4,2878,ILF3,HLA-DRA,all_caliper_candidates_excluded,False
PBMC10k,all,trrust_dorothea_union,4,1906,FLI1,FOS,all_caliper_candidates_excluded,False
PBMC10k,all,trrust_dorothea_union,4,4270,RFXAP,HLA-DRA,all_caliper_candidates_excluded,False
PBMC10k,all,trrust_dorothea_union,4,1417,ELK1,FOS,all_caliper_candidates_excluded,False
PBMC10k,all,trrust_dorothea_union,4,6106,TCF4,VCAN,all_caliper_candidates_excluded,False
PBMC10k,all,trrust_dorothea_union,4,2615,HDAC1,FOS,all_caliper_candidates_excluded,False
PBMC10k,all,trrust_dorothea_union,4,5315,SRF,ACTB,all_caliper_candidates_excluded,False
PBMC10k,all,trrust_dorothea_union,4,1580,ETS1,EEF1A1,all_caliper_candidates_excluded,False
PBMC10k,all,trrust_dorothea_union,4,3951,POU2F2,HLA-DRA,all_caliper_candidates_excluded,False
PBMC10k,all,trrust_dorothea_union,4,5080,SPI1,LCP1,caliper_candidates_exhausted_by_unique_constraint,False
PBMC10k,all,trrust_dorothea_union,4,5734,STAT1,S100A10,caliper_candidates_exhausted_by_unique_constraint,False
PBMC10k,all,trrust_dorothea_union,5,6247,TP53,FOS,all_caliper_candidates_excluded,False
PBMC10k,all,trrust_dorothea_union,5,6717,YY1,HLA-DRA,all_caliper_candidates_excluded,False
PBMC10k,all,trrust_dorothea_union,5,4232,RFX5,CD74,all_caliper_candidates_excluded,False
PBMC10k,all,trrust_dorothea_union,5,6123,TCF7L2,VIM,all_caliper_candidates_excluded,False
PBMC10k,all,trrust_dorothea_union,5,3061,JUN,VIM,all_caliper_candidates_excluded,False
PBMC10k,all,trrust_dorothea_union,5,1460,EP300,S100A4,all_caliper_candidates_excluded,False
PBMC10k,all,trrust_dorothea_union,5,75,ATF2,FOS,all_caliper_candidates_excluded,False
PBMC10k,all,trrust_dorothea_union,5,2807,HIF1A,VIM,all_caliper_candidates_excluded,False
PBMC10k,all,trrust_dorothea_union,5,6530,VDR,ACTB,all_caliper_candidates_excluded,False
PBMC10k,all,trrust_dorothea_union,5,6106,TCF4,VCAN,all_caliper_candidates_excluded,False
PBMC10k,all,trrust_dorothea_union,5,331,CEBPA,GAPDH,all_caliper_candidates_excluded,False
PBMC10k,all,trrust_dorothea_union,5,5942,STAT3,FOS,all_caliper_candidates_excluded,False
PBMC10k,all,trrust_dorothea_union,5,17,AHR,FOS,all_caliper_candidates_excluded,False
PBMC10k,all,trrust_dorothea_union,5,1417,ELK1,FOS,all_caliper_candidates_excluded,False
PBMC10k,all,trrust_dorothea_union,5,3646,NFKB1,B2M,all_caliper_candidates_excluded,False
PBMC10k,all,trrust_dorothea_union,5,6001,STAT4,S100A4,all_caliper_candidates_excluded,False
PBMC10k,all,trrust_dorothea_union,5,6427,TP53,VCAN,all_caliper_candidates_excluded,False
PBMC10k,all,trrust_dorothea_union,5,3979,PPARD,SAT1,all_caliper_candidates_excluded,False
PBMC10k,all,trrust_dorothea_union,5,4172,RELA,S100A6,all_caliper_candidates_excluded,False
PBMC10k,all,trrust_dorothea_union,5,1437,ELK3,FOS,all_caliper_candidates_excluded,False
PBMC10k,all,trrust_dorothea_union,5,1906,FLI1,FOS,all_caliper_candidates_excluded,False
PBMC10k,all,trrust_dorothea_union,5,2836,HMGN1,FOS,all_caliper_candidates_excluded,False
PBMC10k,all,trrust_dorothea_union,5,1666,ETS1,LTB,all_caliper_candidates_excluded,False
PBMC10k,all,trrust_dorothea_union,5,5253,SPI1,TYROBP,all_caliper_candidates_excluded,False
PBMC10k,all,trrust_dorothea_union,5,1580,ETS1,EEF1A1,all_caliper_candidates_excluded,False
PBMC10k,all,trrust_dorothea_union,5,5344,STAT1,ACTB,all_caliper_candidates_excluded,False
PBMC10k,all,trrust_dorothea_union,5,6153,TP53,ACTB,all_caliper_candidates_excluded,False
PBMC10k,all,trrust_dorothea_union,5,3488,MYC,RPL13,all_caliper_candidates_excluded,False
PBMC10k,all,trrust_dorothea_union,5,6235,TP53,EEF1A1,all_caliper_candidates_excluded,False
PBMC10k,all,trrust_dorothea_union,5,1477,ETS1,ACTB,all_caliper_candidates_excluded,False
PBMC10k,all,trrust_dorothea_union,5,467,CEBPA,S100A9,all_caliper_candidates_excluded,False
PBMC10k,all,trrust_dorothea_union,5,1203,E2F4,LGALS1,all_caliper_candidates_excluded,False
PBMC10k,all,trrust_dorothea_union,5,587,CEBPD,GAPDH,all_caliper_candidates_excluded,False
PBMC10k,all,trrust_dorothea_union,5,4612,SMARCA4,FOS,all_caliper_candidates_excluded,False
PBMC10k,all,trrust_dorothea_union,5,3487,MYC,RPL10,all_caliper_candidates_excluded,False
PBMC10k,all,trrust_dorothea_union,5,4020,RB1,FOS,all_caliper_candidates_excluded,False
PBMC10k,all,trrust_dorothea_union,5,5978,STAT3,S100A11,all_caliper_candidates_excluded,False
PBMC10k,all,trrust_dorothea_union,5,3576,NF1,FOS,all_caliper_candidates_excluded,False
PBMC10k,all,trrust_dorothea_union,5,3951,POU2F2,HLA-DRA,all_caliper_candidates_excluded,False
PBMC10k,all,trrust_dorothea_union,5,6507,USF2,B2M,all_caliper_candidates_excluded,False
PBMC10k,all,trrust_dorothea_union,5,2753,HIF1A,LGALS1,all_caliper_candidates_excluded,False
PBMC10k,all,trrust_dorothea_union,5,4985,SPI1,CTSS,all_caliper_candidates_excluded,False
PBMC10k,all,trrust_dorothea_union,5,3803,NFYA,ACTB,all_caliper_candidates_excluded,False
PBMC10k,all,trrust_dorothea_union,5,6555,VDR,EEF1A1,all_caliper_candidates_excluded,False
PBMC10k,all,trrust_dorothea_union,5,3777,NFKB1,VIM,all_caliper_candidates_excluded,False
PBMC10k,all,trrust_dorothea_union,5,2693,HDGF,VIM,all_caliper_candidates_excluded,False
PBMC10k,all,trrust_dorothea_union,5,1602,ETS1,FOS,all_caliper_candidates_excluded,False
PBMC10k,all,trrust_dorothea_union,5,1013,CTNNB1,VIM,all_caliper_candidates_excluded,False
PBMC10k,all,trrust_dorothea_union,5,3569,NCOA6,FOS,all_caliper_candidates_excluded,False
PBMC10k,all,trrust_dorothea_union,5,3820,NFYB,CD74,all_caliper_candidates_excluded,False
PBMC10k,all,trrust_dorothea_union,5,3673,NFKB1,CD74,all_caliper_candidates_excluded,False
PBMC10k,all,trrust_dorothea_union,5,6815,ZNF148,VIM,all_caliper_candidates_excluded,False
PBMC10k,all,trrust_dorothea_union,5,3834,NFYC,FOS,all_caliper_candidates_excluded,False
PBMC10k,all,trrust_dorothea_union,5,703,CREM,FOS,all_caliper_candidates_excluded,False
PBMC10k,all,trrust_dorothea_union,5,4917,SPI1,AIF1,all_caliper_candidates_excluded,False
PBMC10k,all,trrust_dorothea_union,5,579,CEBPB,S100A9,all_caliper_candidates_excluded,False
PBMC10k,all,trrust_dorothea_union,5,6058,TBP,ACTB,all_caliper_candidates_excluded,False
PBMC10k,all,trrust_dorothea_union,5,6107,TCF4,VIM,all_caliper_candidates_excluded,False
PBMC10k,all,trrust_dorothea_union,5,4091,RELA,CD74,all_caliper_candidates_excluded,False
PBMC10k,all,trrust_dorothea_union,5,6492,USF1,S100A6,all_caliper_candidates_excluded,False
PBMC10k,all,trrust_dorothea_union,5,4536,SFPQ,NEAT1,all_caliper_candidates_excluded,False
PBMC10k,all,trrust_dorothea_union,5,3898,PARP1,VIM,all_caliper_candidates_excluded,False
PBMC10k,all,trrust_dorothea_union,5,2009,FOS,HLA-DRA,all_caliper_candidates_excluded,False
PBMC10k,all,trrust_dorothea_union,5,3941,POU2F1,HLA-DRA,all_caliper_candidates_excluded,False
PBMC10k,all,trrust_dorothea_union,5,633,CREB1,CD74,all_caliper_candidates_excluded,False
PBMC10k,all,trrust_dorothea_union,5,4243,RFX5,HLA-DRA,all_caliper_candidates_excluded,False
PBMC10k,all,trrust_dorothea_union,5,2839,HOPX,FOS,all_caliper_candidates_excluded,False
PBMC10k,all,trrust_dorothea_union,5,568,CEBPB,FOS,all_caliper_candidates_excluded,False
PBMC10k,all,trrust_dorothea_union,5,2735,HIF1A,GAPDH,all_caliper_candidates_excluded,False
PBMC10k,all,trrust_dorothea_union,5,1070,E2F4,ACTB,all_caliper_candidates_excluded,False
PBMC10k,all,trrust_dorothea_union,5,2818,HIPK2,VIM,all_caliper_candidates_excluded,False
PBMC10k,all,trrust_dorothea_union,5,3806,NFYA,CD74,all_caliper_candidates_excluded,False
PBMC10k,all,trrust_dorothea_union,5,319,CEBPA,FGL2,all_caliper_candidates_excluded,False
PBMC10k,all,trrust_dorothea_union,5,5319,SRF,FOS,all_caliper_candidates_excluded,False
PBMC10k,all,trrust_dorothea_union,5,2878,ILF3,HLA-DRA,all_caliper_candidates_excluded,False
PBMC10k,all,trrust_dorothea_union,5,694,CREBBP,S100A4,all_caliper_candidates_excluded,False
PBMC10k,all,trrust_dorothea_union,5,640,CREB1,FOS,all_caliper_candidates_excluded,False
PBMC10k,all,trrust_dorothea_union,5,3818,NFYB,ACTB,all_caliper_candidates_excluded,False
PBMC10k,all,trrust_dorothea_union,5,4745,SP1,LYZ,all_caliper_candidates_excluded,False
PBMC10k,all,trrust_dorothea_union,5,6805,ZEB2,VIM,all_caliper_candidates_excluded,False
PBMC10k,all,trrust_dorothea_union,5,6791,ZBTB7A,FOS,all_caliper_candidates_excluded,False
PBMC10k,all,trrust_dorothea_union,5,5315,SRF,ACTB,all_caliper_candidates_excluded,False
PBMC10k,all,trrust_dorothea_union,5,3411,MYC,LTB,all_caliper_candidates_excluded,False
PBMC10k,all,trrust_dorothea_union,5,1994,FOS,FOS,all_caliper_candidates_excluded,False
PBMC10k,all,trrust_dorothea_union,5,5481,STAT1,FOS,all_caliper_candidates_excluded,False
PBMC10k,all,trrust_dorothea_union,5,2864,HSF2,FOS,all_caliper_candidates_excluded,False
PBMC10k,all,trrust_dorothea_union,5,3800,NFKBIA,S100A6,all_caliper_candidates_excluded,False
PBMC10k,all,trrust_dorothea_union,5,6625,VDR,TPT1,all_caliper_candidates_excluded,False
PBMC10k,all,trrust_dorothea_union,5,6062,TBP,FOS,all_caliper_candidates_excluded,False
PBMC10k,all,trrust_dorothea_union,5,4702,SP1,FOS,all_caliper_candidates_excluded,False
PBMC10k,all,trrust_dorothea_union,5,45,ARNT,FOS,all_caliper_candidates_excluded,False
PBMC10k,all,trrust_dorothea_union,5,615,CIITA,S100A4,all_caliper_candidates_excluded,False
PBMC10k,all,trrust_dorothea_union,5,6039,STAT6,FOS,all_caliper_candidates_excluded,False
PBMC10k,all,trrust_dorothea_union,5,4221,RFX1,HLA-DRA,all_caliper_candidates_excluded,False
PBMC10k,all,trrust_dorothea_union,5,2615,HDAC1,FOS,all_caliper_candidates_excluded,False
PBMC10k,all,trrust_dorothea_union,5,571,CEBPB,GNLY,all_caliper_candidates_excluded,False
PBMC10k,all,trrust_dorothea_union,5,1865,ETS2,FOS,all_caliper_candidates_excluded,False
PBMC10k,all,trrust_dorothea_union,5,1809,ETS1,TMSB4X,all_caliper_candidates_excluded,False
PBMC10k,all,trrust_dorothea_union,5,3825,NFYB,FOS,all_caliper_candidates_excluded,False
PBMC10k,all,trrust_dorothea_union,5,4258,RFXANK,HLA-DRA,all_caliper_candidates_excluded,False
PBMC10k,all,trrust_dorothea_union,5,3355,MYC,GAPDH,all_caliper_candidates_excluded,False
PBMC10k,all,trrust_dorothea_union,5,5029,SPI1,FOS,all_caliper_candidates_excluded,False
PBMC10k,all,trrust_dorothea_union,5,2569,GATA3,TMSB4X,all_caliper_candidates_excluded,False
PBMC10k,all,trrust_dorothea_union,5,3584,NFAT5,S100A4,all_caliper_candidates_excluded,False
PBMC10k,all,trrust_dorothea_union,5,4036,RBMX,FOS,all_caliper_candidates_excluded,False
PBMC10k,all,trrust_dorothea_union,5,4854,SP1,VIM,all_caliper_candidates_excluded,False
PBMC10k,all,trrust_dorothea_union,5,646,CREB1,HLA-DRA,all_caliper_candidates_excluded,False
PBMC10k,all,trrust_dorothea_union,5,3751,NFKB1,S100A6,all_caliper_candidates_excluded,False
PBMC10k,all,trrust_dorothea_union,5,4938,SPI1,B2M,all_caliper_candidates_excluded,False
PBMC10k,all,trrust_dorothea_union,5,4270,RFXAP,HLA-DRA,all_caliper_candidates_excluded,False
PBMC10k,all,trrust_dorothea_union,5,2616,HDAC1,HLA-DRA,all_caliper_candidates_excluded,False
PBMC10k,all,trrust_dorothea_union,5,6469,USF1,B2M,all_caliper_candidates_excluded,False
PBMC10k,all,trrust_dorothea_union,5,1438,ELK4,FOS,all_caliper_candidates_excluded,False
PBMC10k,all,trrust_dorothea_union,5,3018,JUN,FOS,all_caliper_candidates_excluded,False
PBMC10k,all,trrust_dorothea_union,5,5735,STAT1,S100A11,all_caliper_candidates_excluded,False
PBMC10k,all,trrust_dorothea_union,5,3583,NFAT5,LTB,all_caliper_candidates_excluded,False
PBMC10k,all,trrust_dorothea_union,5,4700,SP1,FGL2,all_caliper_candidates_excluded,False
PBMC10k,all,trrust_dorothea_union,5,607,CIITA,HLA-DRA,all_caliper_candidates_excluded,False
PBMC10k,all,trrust_dorothea_union,5,3494,MYC,RPL27A,all_caliper_candidates_excluded,False
PBMC10k,all,trrust_dorothea_union,5,5035,SPI1,FYB1,caliper_candidates_exhausted_by_unique_constraint,False
PBMC10k,all,trrust_dorothea_union,5,5734,STAT1,S100A10,caliper_candidates_exhausted_by_unique_constraint,False
PBMC10k,all,trrust_dorothea_union,6,615,CIITA,S100A4,all_caliper_candidates_excluded,False
PBMC10k,all,trrust_dorothea_union,6,6039,STAT6,FOS,all_caliper_candidates_excluded,False
PBMC10k,all,trrust_dorothea_union,6,4020,RB1,FOS,all_caliper_candidates_excluded,False
PBMC10k,all,trrust_dorothea_union,6,3800,NFKBIA,S100A6,all_caliper_candidates_excluded,False
PBMC10k,all,trrust_dorothea_union,6,3979,PPARD,SAT1,all_caliper_candidates_excluded,False
PBMC10k,all,trrust_dorothea_union,6,75,ATF2,FOS,all_caliper_candidates_excluded,False
PBMC10k,all,trrust_dorothea_union,6,6153,TP53,ACTB,all_caliper_candidates_excluded,False
PBMC10k,all,trrust_dorothea_union,6,4745,SP1,LYZ,all_caliper_candidates_excluded,False
PBMC10k,all,trrust_dorothea_union,6,3951,POU2F2,HLA-DRA,all_caliper_candidates_excluded,False
PBMC10k,all,trrust_dorothea_union,6,2836,HMGN1,FOS,all_caliper_candidates_excluded,False
PBMC10k,all,trrust_dorothea_union,6,1809,ETS1,TMSB4X,all_caliper_candidates_excluded,False
PBMC10k,all,trrust_dorothea_union,6,571,CEBPB,GNLY,all_caliper_candidates_excluded,False
PBMC10k,all,trrust_dorothea_union,6,3834,NFYC,FOS,all_caliper_candidates_excluded,False
PBMC10k,all,trrust_dorothea_union,6,6791,ZBTB7A,FOS,all_caliper_candidates_excluded,False
PBMC10k,all,trrust_dorothea_union,6,6123,TCF7L2,VIM,all_caliper_candidates_excluded,False
PBMC10k,all,trrust_dorothea_union,6,1580,ETS1,EEF1A1,all_caliper_candidates_excluded,False
PBMC10k,all,trrust_dorothea_union,6,1013,CTNNB1,VIM,all_caliper_candidates_excluded,False
PBMC10k,all,trrust_dorothea_union,6,2735,HIF1A,GAPDH,all_caliper_candidates_excluded,False
PBMC10k,all,trrust_dorothea_union,6,607,CIITA,HLA-DRA,all_caliper_candidates_excluded,False
PBMC10k,all,trrust_dorothea_union,6,6805,ZEB2,VIM,all_caliper_candidates_excluded,False
PBMC10k,all,trrust_dorothea_union,6,5029,SPI1,FOS,all_caliper_candidates_excluded,False
PBMC10k,all,trrust_dorothea_union,6,1070,E2F4,ACTB,all_caliper_candidates_excluded,False
PBMC10k,all,trrust_dorothea_union,6,3487,MYC,RPL10,all_caliper_candidates_excluded,False
PBMC10k,all,trrust_dorothea_union,6,6427,TP53,VCAN,all_caliper_candidates_excluded,False
PBMC10k,all,trrust_dorothea_union,6,3018,JUN,FOS,all_caliper_candidates_excluded,False
PBMC10k,all,trrust_dorothea_union,6,467,CEBPA,S100A9,all_caliper_candidates_excluded,False
PBMC10k,all,trrust_dorothea_union,6,3569,NCOA6,FOS,all_caliper_candidates_excluded,False
PBMC10k,all,trrust_dorothea_union,6,568,CEBPB,FOS,all_caliper_candidates_excluded,False
PBMC10k,all,trrust_dorothea_union,6,4700,SP1,FGL2,all_caliper_candidates_excluded,False
PBMC10k,all,trrust_dorothea_union,6,5942,STAT3,FOS,all_caliper_candidates_excluded,False
PBMC10k,all,trrust_dorothea_union,6,3584,NFAT5,S100A4,all_caliper_candidates_excluded,False
PBMC10k,all,trrust_dorothea_union,6,5253,SPI1,TYROBP,all_caliper_candidates_excluded,False
PBMC10k,all,trrust_dorothea_union,6,4036,RBMX,FOS,all_caliper_candidates_excluded,False
PBMC10k,all,trrust_dorothea_union,6,6717,YY1,HLA-DRA,all_caliper_candidates_excluded,False
PBMC10k,all,trrust_dorothea_union,6,1417,ELK1,FOS,all_caliper_candidates_excluded,False
PBMC10k,all,trrust_dorothea_union,6,1460,EP300,S100A4,all_caliper_candidates_excluded,False
PBMC10k,all,trrust_dorothea_union,6,45,ARNT,FOS,all_caliper_candidates_excluded,False
PBMC10k,all,trrust_dorothea_union,6,4270,RFXAP,HLA-DRA,all_caliper_candidates_excluded,False
PBMC10k,all,trrust_dorothea_union,6,3898,PARP1,VIM,all_caliper_candidates_excluded,False
PBMC10k,all,trrust_dorothea_union,6,17,AHR,FOS,all_caliper_candidates_excluded,False
PBMC10k,all,trrust_dorothea_union,6,5978,STAT3,S100A11,all_caliper_candidates_excluded,False
PBMC10k,all,trrust_dorothea_union,6,6530,VDR,ACTB,all_caliper_candidates_excluded,False
PBMC10k,all,trrust_dorothea_union,6,3818,NFYB,ACTB,all_caliper_candidates_excluded,False
PBMC10k,all,trrust_dorothea_union,6,6062,TBP,FOS,all_caliper_candidates_excluded,False
PBMC10k,all,trrust_dorothea_union,6,4702,SP1,FOS,all_caliper_candidates_excluded,False
PBMC10k,all,trrust_dorothea_union,6,4854,SP1,VIM,all_caliper_candidates_excluded,False
PBMC10k,all,trrust_dorothea_union,6,1994,FOS,FOS,all_caliper_candidates_excluded,False
PBMC10k,all,trrust_dorothea_union,6,6058,TBP,ACTB,all_caliper_candidates_excluded,False
PBMC10k,all,trrust_dorothea_union,6,319,CEBPA,FGL2,all_caliper_candidates_excluded,False
PBMC10k,all,trrust_dorothea_union,6,1666,ETS1,LTB,all_caliper_candidates_excluded,False
PBMC10k,all,trrust_dorothea_union,6,1438,ELK4,FOS,all_caliper_candidates_excluded,False
PBMC10k,all,trrust_dorothea_union,6,703,CREM,FOS,all_caliper_candidates_excluded,False
PBMC10k,all,trrust_dorothea_union,6,3751,NFKB1,S100A6,all_caliper_candidates_excluded,False
PBMC10k,all,trrust_dorothea_union,6,1906,FLI1,FOS,all_caliper_candidates_excluded,False
PBMC10k,all,trrust_dorothea_union,6,2818,HIPK2,VIM,all_caliper_candidates_excluded,False
PBMC10k,all,trrust_dorothea_union,6,5319,SRF,FOS,all_caliper_candidates_excluded,False
PBMC10k,all,trrust_dorothea_union,6,4172,RELA,S100A6,all_caliper_candidates_excluded,False
PBMC10k,all,trrust_dorothea_union,6,2693,HDGF,VIM,all_caliper_candidates_excluded,False
PBMC10k,all,trrust_dorothea_union,6,4536,SFPQ,NEAT1,all_caliper_candidates_excluded,False
PBMC10k,all,trrust_dorothea_union,6,6247,TP53,FOS,all_caliper_candidates_excluded,False
PBMC10k,all,trrust_dorothea_union,6,3803,NFYA,ACTB,all_caliper_candidates_excluded,False
PBMC10k,all,trrust_dorothea_union,6,4612,SMARCA4,FOS,all_caliper_candidates_excluded,False
PBMC10k,all,trrust_dorothea_union,6,4985,SPI1,CTSS,all_caliper_candidates_excluded,False
PBMC10k,all,trrust_dorothea_union,6,6235,TP53,EEF1A1,all_caliper_candidates_excluded,False
PBMC10k,all,trrust_dorothea_union,6,4258,RFXANK,HLA-DRA,all_caliper_candidates_excluded,False
PBMC10k,all,trrust_dorothea_union,6,4917,SPI1,AIF1,all_caliper_candidates_excluded,False
PBMC10k,all,trrust_dorothea_union,6,1477,ETS1,ACTB,all_caliper_candidates_excluded,False
PBMC10k,all,trrust_dorothea_union,6,3583,NFAT5,LTB,all_caliper_candidates_excluded,False
PBMC10k,all,trrust_dorothea_union,6,6555,VDR,EEF1A1,all_caliper_candidates_excluded,False
PBMC10k,all,trrust_dorothea_union,6,6469,USF1,B2M,all_caliper_candidates_excluded,False
PBMC10k,all,trrust_dorothea_union,6,4091,RELA,CD74,all_caliper_candidates_excluded,False
PBMC10k,all,trrust_dorothea_union,6,646,CREB1,HLA-DRA,all_caliper_candidates_excluded,False
PBMC10k,all,trrust_dorothea_union,6,1602,ETS1,FOS,all_caliper_candidates_excluded,False
PBMC10k,all,trrust_dorothea_union,6,2864,HSF2,FOS,all_caliper_candidates_excluded,False
PBMC10k,all,trrust_dorothea_union,6,2807,HIF1A,VIM,all_caliper_candidates_excluded,False
PBMC10k,all,trrust_dorothea_union,6,587,CEBPD,GAPDH,all_caliper_candidates_excluded,False
PBMC10k,all,trrust_dorothea_union,6,4243,RFX5,HLA-DRA,all_caliper_candidates_excluded,False
PBMC10k,all,trrust_dorothea_union,6,1203,E2F4,LGALS1,all_caliper_candidates_excluded,False
PBMC10k,all,trrust_dorothea_union,6,3355,MYC,GAPDH,all_caliper_candidates_excluded,False
PBMC10k,all,trrust_dorothea_union,6,2839,HOPX,FOS,all_caliper_candidates_excluded,False
PBMC10k,all,trrust_dorothea_union,6,3061,JUN,VIM,all_caliper_candidates_excluded,False
PBMC10k,all,trrust_dorothea_union,6,3576,NF1,FOS,all_caliper_candidates_excluded,False
PBMC10k,all,trrust_dorothea_union,6,6106,TCF4,VCAN,all_caliper_candidates_excluded,False
PBMC10k,all,trrust_dorothea_union,6,6625,VDR,TPT1,all_caliper_candidates_excluded,False
PBMC10k,all,trrust_dorothea_union,6,579,CEBPB,S100A9,all_caliper_candidates_excluded,False
PBMC10k,all,trrust_dorothea_union,6,3941,POU2F1,HLA-DRA,all_caliper_candidates_excluded,False
PBMC10k,all,trrust_dorothea_union,6,6507,USF2,B2M,all_caliper_candidates_excluded,False
PBMC10k,all,trrust_dorothea_union,6,4938,SPI1,B2M,all_caliper_candidates_excluded,False
PBMC10k,all,trrust_dorothea_union,6,5344,STAT1,ACTB,all_caliper_candidates_excluded,False
PBMC10k,all,trrust_dorothea_union,6,3806,NFYA,CD74,all_caliper_candidates_excluded,False
PBMC10k,all,trrust_dorothea_union,6,3488,MYC,RPL13,all_caliper_candidates_excluded,False
PBMC10k,all,trrust_dorothea_union,6,2616,HDAC1,HLA-DRA,all_caliper_candidates_excluded,False
PBMC10k,all,trrust_dorothea_union,6,2878,ILF3,HLA-DRA,all_caliper_candidates_excluded,False
PBMC10k,all,trrust_dorothea_union,6,633,CREB1,CD74,all_caliper_candidates_excluded,False
PBMC10k,all,trrust_dorothea_union,6,3411,MYC,LTB,all_caliper_candidates_excluded,False
PBMC10k,all,trrust_dorothea_union,6,6815,ZNF148,VIM,all_caliper_candidates_excluded,False
PBMC10k,all,trrust_dorothea_union,6,5481,STAT1,FOS,all_caliper_candidates_excluded,False
PBMC10k,all,trrust_dorothea_union,6,2569,GATA3,TMSB4X,all_caliper_candidates_excluded,False
PBMC10k,all,trrust_dorothea_union,6,5735,STAT1,S100A11,all_caliper_candidates_excluded,False
PBMC10k,all,trrust_dorothea_union,6,3825,NFYB,FOS,all_caliper_candidates_excluded,False
PBMC10k,all,trrust_dorothea_union,6,331,CEBPA,GAPDH,all_caliper_candidates_excluded,False
PBMC10k,all,trrust_dorothea_union,6,3646,NFKB1,B2M,all_caliper_candidates_excluded,False
PBMC10k,all,trrust_dorothea_union,6,3494,MYC,RPL27A,all_caliper_candidates_excluded,False
PBMC10k,all,trrust_dorothea_union,6,694,CREBBP,S100A4,all_caliper_candidates_excluded,False
PBMC10k,all,trrust_dorothea_union,6,3820,NFYB,CD74,all_caliper_candidates_excluded,False
PBMC10k,all,trrust_dorothea_union,6,2009,FOS,HLA-DRA,all_caliper_candidates_excluded,False
PBMC10k,all,trrust_dorothea_union,6,6001,STAT4,S100A4,all_caliper_candidates_excluded,False
PBMC10k,all,trrust_dorothea_union,6,2753,HIF1A,LGALS1,all_caliper_candidates_excluded,False
PBMC10k,all,trrust_dorothea_union,6,640,CREB1,FOS,all_caliper_candidates_excluded,False
PBMC10k,all,trrust_dorothea_union,6,5315,SRF,ACTB,all_caliper_candidates_excluded,False
PBMC10k,all,trrust_dorothea_union,6,4232,RFX5,CD74,all_caliper_candidates_excluded,False
PBMC10k,all,trrust_dorothea_union,6,2615,HDAC1,FOS,all_caliper_candidates_excluded,False
PBMC10k,all,trrust_dorothea_union,6,3673,NFKB1,CD74,all_caliper_candidates_excluded,False
PBMC10k,all,trrust_dorothea_union,6,3777,NFKB1,VIM,all_caliper_candidates_excluded,False
PBMC10k,all,trrust_dorothea_union,6,4221,RFX1,HLA-DRA,all_caliper_candidates_excluded,False
PBMC10k,all,trrust_dorothea_union,6,6492,USF1,S100A6,all_caliper_candidates_excluded,False
PBMC10k,all,trrust_dorothea_union,6,6107,TCF4,VIM,all_caliper_candidates_excluded,False
PBMC10k,all,trrust_dorothea_union,6,1865,ETS2,FOS,all_caliper_candidates_excluded,False
PBMC10k,all,trrust_dorothea_union,6,1437,ELK3,FOS,all_caliper_candidates_excluded,False
PBMC10k,all,trrust_dorothea_union,6,5035,SPI1,FYB1,caliper_candidates_exhausted_by_unique_constraint,False
PBMC10k,all,trrust_dorothea_union,6,5487,STAT1,FYB1,caliper_candidates_exhausted_by_unique_constraint,False
PBMC10k,all,trrust_dorothea_union,7,1417,ELK1,FOS,all_caliper_candidates_excluded,False
PBMC10k,all,trrust_dorothea_union,7,4700,SP1,FGL2,all_caliper_candidates_excluded,False
PBMC10k,all,trrust_dorothea_union,7,571,CEBPB,GNLY,all_caliper_candidates_excluded,False
PBMC10k,all,trrust_dorothea_union,7,4917,SPI1,AIF1,all_caliper_candidates_excluded,False
PBMC10k,all,trrust_dorothea_union,7,3583,NFAT5,LTB,all_caliper_candidates_excluded,False
PBMC10k,all,trrust_dorothea_union,7,2616,HDAC1,HLA-DRA,all_caliper_candidates_excluded,False
PBMC10k,all,trrust_dorothea_union,7,5319,SRF,FOS,all_caliper_candidates_excluded,False
PBMC10k,all,trrust_dorothea_union,7,607,CIITA,HLA-DRA,all_caliper_candidates_excluded,False
PBMC10k,all,trrust_dorothea_union,7,5942,STAT3,FOS,all_caliper_candidates_excluded,False
PBMC10k,all,trrust_dorothea_union,7,6153,TP53,ACTB,all_caliper_candidates_excluded,False
PBMC10k,all,trrust_dorothea_union,7,3569,NCOA6,FOS,all_caliper_candidates_excluded,False
PBMC10k,all,trrust_dorothea_union,7,694,CREBBP,S100A4,all_caliper_candidates_excluded,False
PBMC10k,all,trrust_dorothea_union,7,646,CREB1,HLA-DRA,all_caliper_candidates_excluded,False
PBMC10k,all,trrust_dorothea_union,7,6039,STAT6,FOS,all_caliper_candidates_excluded,False
PBMC10k,all,trrust_dorothea_union,7,2735,HIF1A,GAPDH,all_caliper_candidates_excluded,False
PBMC10k,all,trrust_dorothea_union,7,5029,SPI1,FOS,all_caliper_candidates_excluded,False
PBMC10k,all,trrust_dorothea_union,7,1580,ETS1,EEF1A1,all_caliper_candidates_excluded,False
PBMC10k,all,trrust_dorothea_union,7,6123,TCF7L2,VIM,all_caliper_candidates_excluded,False
PBMC10k,all,trrust_dorothea_union,7,4702,SP1,FOS,all_caliper_candidates_excluded,False
PBMC10k,all,trrust_dorothea_union,7,3941,POU2F1,HLA-DRA,all_caliper_candidates_excluded,False
PBMC10k,all,trrust_dorothea_union,7,3646,NFKB1,B2M,all_caliper_candidates_excluded,False
PBMC10k,all,trrust_dorothea_union,7,587,CEBPD,GAPDH,all_caliper_candidates_excluded,False
PBMC10k,all,trrust_dorothea_union,7,6001,STAT4,S100A4,all_caliper_candidates_excluded,False
PBMC10k,all,trrust_dorothea_union,7,3803,NFYA,ACTB,all_caliper_candidates_excluded,False
PBMC10k,all,trrust_dorothea_union,7,1809,ETS1,TMSB4X,all_caliper_candidates_excluded,False
PBMC10k,all,trrust_dorothea_union,7,75,ATF2,FOS,all_caliper_candidates_excluded,False
PBMC10k,all,trrust_dorothea_union,7,6247,TP53,FOS,all_caliper_candidates_excluded,False
PBMC10k,all,trrust_dorothea_union,7,17,AHR,FOS,all_caliper_candidates_excluded,False
PBMC10k,all,trrust_dorothea_union,7,1460,EP300,S100A4,all_caliper_candidates_excluded,False
PBMC10k,all,trrust_dorothea_union,7,6235,TP53,EEF1A1,all_caliper_candidates_excluded,False
PBMC10k,all,trrust_dorothea_union,7,5315,SRF,ACTB,all_caliper_candidates_excluded,False
PBMC10k,all,trrust_dorothea_union,7,4270,RFXAP,HLA-DRA,all_caliper_candidates_excluded,False
PBMC10k,all,trrust_dorothea_union,7,6107,TCF4,VIM,all_caliper_candidates_excluded,False
PBMC10k,all,trrust_dorothea_union,7,6106,TCF4,VCAN,all_caliper_candidates_excluded,False
PBMC10k,all,trrust_dorothea_union,7,3818,NFYB,ACTB,all_caliper_candidates_excluded,False
PBMC10k,all,trrust_dorothea_union,7,3584,NFAT5,S100A4,all_caliper_candidates_excluded,False
PBMC10k,all,trrust_dorothea_union,7,1203,E2F4,LGALS1,all_caliper_candidates_excluded,False
PBMC10k,all,trrust_dorothea_union,7,4243,RFX5,HLA-DRA,all_caliper_candidates_excluded,False
PBMC10k,all,trrust_dorothea_union,7,4036,RBMX,FOS,all_caliper_candidates_excluded,False
PBMC10k,all,trrust_dorothea_union,7,6717,YY1,HLA-DRA,all_caliper_candidates_excluded,False
PBMC10k,all,trrust_dorothea_union,7,4091,RELA,CD74,all_caliper_candidates_excluded,False
PBMC10k,all,trrust_dorothea_union,7,4232,RFX5,CD74,all_caliper_candidates_excluded,False
PBMC10k,all,trrust_dorothea_union,7,3898,PARP1,VIM,all_caliper_candidates_excluded,False
PBMC10k,all,trrust_dorothea_union,7,6625,VDR,TPT1,all_caliper_candidates_excluded,False
PBMC10k,all,trrust_dorothea_union,7,4536,SFPQ,NEAT1,all_caliper_candidates_excluded,False
PBMC10k,all,trrust_dorothea_union,7,2839,HOPX,FOS,all_caliper_candidates_excluded,False
PBMC10k,all,trrust_dorothea_union,7,2818,HIPK2,VIM,all_caliper_candidates_excluded,False
PBMC10k,all,trrust_dorothea_union,7,6058,TBP,ACTB,all_caliper_candidates_excluded,False
PBMC10k,all,trrust_dorothea_union,7,467,CEBPA,S100A9,all_caliper_candidates_excluded,False
PBMC10k,all,trrust_dorothea_union,7,6062,TBP,FOS,all_caliper_candidates_excluded,False
PBMC10k,all,trrust_dorothea_union,7,1666,ETS1,LTB,all_caliper_candidates_excluded,False
PBMC10k,all,trrust_dorothea_union,7,4985,SPI1,CTSS,all_caliper_candidates_excluded,False
PBMC10k,all,trrust_dorothea_union,7,3673,NFKB1,CD74,all_caliper_candidates_excluded,False
PBMC10k,all,trrust_dorothea_union,7,3751,NFKB1,S100A6,all_caliper_candidates_excluded,False
PBMC10k,all,trrust_dorothea_union,7,5344,STAT1,ACTB,all_caliper_candidates_excluded,False
PBMC10k,all,trrust_dorothea_union,7,45,ARNT,FOS,all_caliper_candidates_excluded,False
PBMC10k,all,trrust_dorothea_union,7,2753,HIF1A,LGALS1,all_caliper_candidates_excluded,False
PBMC10k,all,trrust_dorothea_union,7,3494,MYC,RPL27A,all_caliper_candidates_excluded,False
PBMC10k,all,trrust_dorothea_union,7,3488,MYC,RPL13,all_caliper_candidates_excluded,False
PBMC10k,all,trrust_dorothea_union,7,2693,HDGF,VIM,all_caliper_candidates_excluded,False
PBMC10k,all,trrust_dorothea_union,7,3018,JUN,FOS,all_caliper_candidates_excluded,False
PBMC10k,all,trrust_dorothea_union,7,6492,USF1,S100A6,all_caliper_candidates_excluded,False
PBMC10k,all,trrust_dorothea_union,7,3806,NFYA,CD74,all_caliper_candidates_excluded,False
PBMC10k,all,trrust_dorothea_union,7,633,CREB1,CD74,all_caliper_candidates_excluded,False
PBMC10k,all,trrust_dorothea_union,7,5481,STAT1,FOS,all_caliper_candidates_excluded,False
PBMC10k,all,trrust_dorothea_union,7,4221,RFX1,HLA-DRA,all_caliper_candidates_excluded,False
PBMC10k,all,trrust_dorothea_union,7,4612,SMARCA4,FOS,all_caliper_candidates_excluded,False
PBMC10k,all,trrust_dorothea_union,7,6805,ZEB2,VIM,all_caliper_candidates_excluded,False
PBMC10k,all,trrust_dorothea_union,7,4172,RELA,S100A6,all_caliper_candidates_excluded,False
PBMC10k,all,trrust_dorothea_union,7,6555,VDR,EEF1A1,all_caliper_candidates_excluded,False
PBMC10k,all,trrust_dorothea_union,7,1477,ETS1,ACTB,all_caliper_candidates_excluded,False
PBMC10k,all,trrust_dorothea_union,7,6427,TP53,VCAN,all_caliper_candidates_excluded,False
PBMC10k,all,trrust_dorothea_union,7,3411,MYC,LTB,all_caliper_candidates_excluded,False
PBMC10k,all,trrust_dorothea_union,7,1438,ELK4,FOS,all_caliper_candidates_excluded,False
PBMC10k,all,trrust_dorothea_union,7,3820,NFYB,CD74,all_caliper_candidates_excluded,False
PBMC10k,all,trrust_dorothea_union,7,6815,ZNF148,VIM,all_caliper_candidates_excluded,False
PBMC10k,all,trrust_dorothea_union,7,2878,ILF3,HLA-DRA,all_caliper_candidates_excluded,False
PBMC10k,all,trrust_dorothea_union,7,1906,FLI1,FOS,all_caliper_candidates_excluded,False
PBMC10k,all,trrust_dorothea_union,7,6530,VDR,ACTB,all_caliper_candidates_excluded,False
PBMC10k,all,trrust_dorothea_union,7,3979,PPARD,SAT1,all_caliper_candidates_excluded,False
PBMC10k,all,trrust_dorothea_union,7,4020,RB1,FOS,all_caliper_candidates_excluded,False
PBMC10k,all,trrust_dorothea_union,7,6507,USF2,B2M,all_caliper_candidates_excluded,False
PBMC10k,all,trrust_dorothea_union,7,3834,NFYC,FOS,all_caliper_candidates_excluded,False
PBMC10k,all,trrust_dorothea_union,7,2569,GATA3,TMSB4X,all_caliper_candidates_excluded,False
PBMC10k,all,trrust_dorothea_union,7,4258,RFXANK,HLA-DRA,all_caliper_candidates_excluded,False
PBMC10k,all,trrust_dorothea_union,7,4938,SPI1,B2M,all_caliper_candidates_excluded,False
PBMC10k,all,trrust_dorothea_union,7,1994,FOS,FOS,all_caliper_candidates_excluded,False
PBMC10k,all,trrust_dorothea_union,7,2864,HSF2,FOS,all_caliper_candidates_excluded,False
PBMC10k,all,trrust_dorothea_union,7,319,CEBPA,FGL2,all_caliper_candidates_excluded,False
PBMC10k,all,trrust_dorothea_union,7,3355,MYC,GAPDH,all_caliper_candidates_excluded,False
PBMC10k,all,trrust_dorothea_union,7,2615,HDAC1,FOS,all_caliper_candidates_excluded,False
PBMC10k,all,trrust_dorothea_union,7,3487,MYC,RPL10,all_caliper_candidates_excluded,False
PBMC10k,all,trrust_dorothea_union,7,4745,SP1,LYZ,all_caliper_candidates_excluded,False
PBMC10k,all,trrust_dorothea_union,7,3825,NFYB,FOS,all_caliper_candidates_excluded,False
PBMC10k,all,trrust_dorothea_union,7,4854,SP1,VIM,all_caliper_candidates_excluded,False
PBMC10k,all,trrust_dorothea_union,7,331,CEBPA,GAPDH,all_caliper_candidates_excluded,False
PBMC10k,all,trrust_dorothea_union,7,3061,JUN,VIM,all_caliper_candidates_excluded,False
PBMC10k,all,trrust_dorothea_union,7,2836,HMGN1,FOS,all_caliper_candidates_excluded,False
PBMC10k,all,trrust_dorothea_union,7,1865,ETS2,FOS,all_caliper_candidates_excluded,False
PBMC10k,all,trrust_dorothea_union,7,3576,NF1,FOS,all_caliper_candidates_excluded,False
PBMC10k,all,trrust_dorothea_union,7,3800,NFKBIA,S100A6,all_caliper_candidates_excluded,False
PBMC10k,all,trrust_dorothea_union,7,6469,USF1,B2M,all_caliper_candidates_excluded,False
PBMC10k,all,trrust_dorothea_union,7,615,CIITA,S100A4,all_caliper_candidates_excluded,False
PBMC10k,all,trrust_dorothea_union,7,2807,HIF1A,VIM,all_caliper_candidates_excluded,False
PBMC10k,all,trrust_dorothea_union,7,1070,E2F4,ACTB,all_caliper_candidates_excluded,False
PBMC10k,all,trrust_dorothea_union,7,3777,NFKB1,VIM,all_caliper_candidates_excluded,False
PBMC10k,all,trrust_dorothea_union,7,1013,CTNNB1,VIM,all_caliper_candidates_excluded,False
PBMC10k,all,trrust_dorothea_union,7,568,CEBPB,FOS,all_caliper_candidates_excluded,False
PBMC10k,all,trrust_dorothea_union,7,579,CEBPB,S100A9,all_caliper_candidates_excluded,False
PBMC10k,all,trrust_dorothea_union,7,3951,POU2F2,HLA-DRA,all_caliper_candidates_excluded,False
PBMC10k,all,trrust_dorothea_union,7,6791,ZBTB7A,FOS,all_caliper_candidates_excluded,False
PBMC10k,all,trrust_dorothea_union,7,640,CREB1,FOS,all_caliper_candidates_excluded,False
PBMC10k,all,trrust_dorothea_union,7,5978,STAT3,S100A11,all_caliper_candidates_excluded,False
PBMC10k,all,trrust_dorothea_union,7,1437,ELK3,FOS,all_caliper_candidates_excluded,False
PBMC10k,all,trrust_dorothea_union,7,5253,SPI1,TYROBP,all_caliper_candidates_excluded,False
PBMC10k,all,trrust_dorothea_union,7,1602,ETS1,FOS,all_caliper_candidates_excluded,False
PBMC10k,all,trrust_dorothea_union,7,2009,FOS,HLA-DRA,all_caliper_candidates_excluded,False
PBMC10k,all,trrust_dorothea_union,7,703,CREM,FOS,all_caliper_candidates_excluded,False
PBMC10k,all,trrust_dorothea_union,7,5735,STAT1,S100A11,all_caliper_candidates_excluded,False
PBMC10k,all,trrust_dorothea_union,7,5080,SPI1,LCP1,caliper_candidates_exhausted_by_unique_constraint,False
PBMC10k,all,trrust_dorothea_union,7,5487,STAT1,FYB1,caliper_candidates_exhausted_by_unique_constraint,False
PBMC10k,all,trrust_dorothea_union,8,6123,TCF7L2,VIM,all_caliper_candidates_excluded,False
PBMC10k,all,trrust_dorothea_union,8,3951,POU2F2,HLA-DRA,all_caliper_candidates_excluded,False
PBMC10k,all,trrust_dorothea_union,8,1994,FOS,FOS,all_caliper_candidates_excluded,False
PBMC10k,all,trrust_dorothea_union,8,6427,TP53,VCAN,all_caliper_candidates_excluded,False
PBMC10k,all,trrust_dorothea_union,8,3825,NFYB,FOS,all_caliper_candidates_excluded,False
PBMC10k,all,trrust_dorothea_union,8,703,CREM,FOS,all_caliper_candidates_excluded,False
PBMC10k,all,trrust_dorothea_union,8,467,CEBPA,S100A9,all_caliper_candidates_excluded,False
PBMC10k,all,trrust_dorothea_union,8,1203,E2F4,LGALS1,all_caliper_candidates_excluded,False
PBMC10k,all,trrust_dorothea_union,8,640,CREB1,FOS,all_caliper_candidates_excluded,False
PBMC10k,all,trrust_dorothea_union,8,6625,VDR,TPT1,all_caliper_candidates_excluded,False
PBMC10k,all,trrust_dorothea_union,8,5319,SRF,FOS,all_caliper_candidates_excluded,False
PBMC10k,all,trrust_dorothea_union,8,3834,NFYC,FOS,all_caliper_candidates_excluded,False
PBMC10k,all,trrust_dorothea_union,8,3018,JUN,FOS,all_caliper_candidates_excluded,False
PBMC10k,all,trrust_dorothea_union,8,579,CEBPB,S100A9,all_caliper_candidates_excluded,False
PBMC10k,all,trrust_dorothea_union,8,2616,HDAC1,HLA-DRA,all_caliper_candidates_excluded,False
PBMC10k,all,trrust_dorothea_union,8,6247,TP53,FOS,all_caliper_candidates_excluded,False
PBMC10k,all,trrust_dorothea_union,8,6530,VDR,ACTB,all_caliper_candidates_excluded,False
PBMC10k,all,trrust_dorothea_union,8,4270,RFXAP,HLA-DRA,all_caliper_candidates_excluded,False
PBMC10k,all,trrust_dorothea_union,8,6039,STAT6,FOS,all_caliper_candidates_excluded,False
PBMC10k,all,trrust_dorothea_union,8,3646,NFKB1,B2M,all_caliper_candidates_excluded,False
PBMC10k,all,trrust_dorothea_union,8,1438,ELK4,FOS,all_caliper_candidates_excluded,False
PBMC10k,all,trrust_dorothea_union,8,694,CREBBP,S100A4,all_caliper_candidates_excluded,False
PBMC10k,all,trrust_dorothea_union,8,6469,USF1,B2M,all_caliper_candidates_excluded,False
PBMC10k,all,trrust_dorothea_union,8,5253,SPI1,TYROBP,all_caliper_candidates_excluded,False
PBMC10k,all,trrust_dorothea_union,8,3576,NF1,FOS,all_caliper_candidates_excluded,False
PBMC10k,all,trrust_dorothea_union,8,1666,ETS1,LTB,all_caliper_candidates_excluded,False
PBMC10k,all,trrust_dorothea_union,8,3355,MYC,GAPDH,all_caliper_candidates_excluded,False
PBMC10k,all,trrust_dorothea_union,8,2864,HSF2,FOS,all_caliper_candidates_excluded,False
PBMC10k,all,trrust_dorothea_union,8,1070,E2F4,ACTB,all_caliper_candidates_excluded,False
PBMC10k,all,trrust_dorothea_union,8,1417,ELK1,FOS,all_caliper_candidates_excluded,False
PBMC10k,all,trrust_dorothea_union,8,4745,SP1,LYZ,all_caliper_candidates_excluded,False
PBMC10k,all,trrust_dorothea_union,8,1580,ETS1,EEF1A1,all_caliper_candidates_excluded,False
PBMC10k,all,trrust_dorothea_union,8,646,CREB1,HLA-DRA,all_caliper_candidates_excluded,False
PBMC10k,all,trrust_dorothea_union,8,3487,MYC,RPL10,all_caliper_candidates_excluded,False
PBMC10k,all,trrust_dorothea_union,8,5481,STAT1,FOS,all_caliper_candidates_excluded,False
PBMC10k,all,trrust_dorothea_union,8,3818,NFYB,ACTB,all_caliper_candidates_excluded,False
PBMC10k,all,trrust_dorothea_union,8,3411,MYC,LTB,all_caliper_candidates_excluded,False
PBMC10k,all,trrust_dorothea_union,8,6106,TCF4,VCAN,all_caliper_candidates_excluded,False
PBMC10k,all,trrust_dorothea_union,8,6235,TP53,EEF1A1,all_caliper_candidates_excluded,False
PBMC10k,all,trrust_dorothea_union,8,3061,JUN,VIM,all_caliper_candidates_excluded,False
PBMC10k,all,trrust_dorothea_union,8,2753,HIF1A,LGALS1,all_caliper_candidates_excluded,False
PBMC10k,all,trrust_dorothea_union,8,1809,ETS1,TMSB4X,all_caliper_candidates_excluded,False
PBMC10k,all,trrust_dorothea_union,8,1437,ELK3,FOS,all_caliper_candidates_excluded,False
PBMC10k,all,trrust_dorothea_union,8,3777,NFKB1,VIM,all_caliper_candidates_excluded,False
PBMC10k,all,trrust_dorothea_union,8,571,CEBPB,GNLY,all_caliper_candidates_excluded,False
PBMC10k,all,trrust_dorothea_union,8,4985,SPI1,CTSS,all_caliper_candidates_excluded,False
PBMC10k,all,trrust_dorothea_union,8,3941,POU2F1,HLA-DRA,all_caliper_candidates_excluded,False
PBMC10k,all,trrust_dorothea_union,8,331,CEBPA,GAPDH,all_caliper_candidates_excluded,False
PBMC10k,all,trrust_dorothea_union,8,587,CEBPD,GAPDH,all_caliper_candidates_excluded,False
PBMC10k,all,trrust_dorothea_union,8,4243,RFX5,HLA-DRA,all_caliper_candidates_excluded,False
PBMC10k,all,trrust_dorothea_union,8,2839,HOPX,FOS,all_caliper_candidates_excluded,False
PBMC10k,all,trrust_dorothea_union,8,5029,SPI1,FOS,all_caliper_candidates_excluded,False
PBMC10k,all,trrust_dorothea_union,8,4612,SMARCA4,FOS,all_caliper_candidates_excluded,False
PBMC10k,all,trrust_dorothea_union,8,3979,PPARD,SAT1,all_caliper_candidates_excluded,False
PBMC10k,all,trrust_dorothea_union,8,17,AHR,FOS,all_caliper_candidates_excluded,False
PBMC10k,all,trrust_dorothea_union,8,4020,RB1,FOS,all_caliper_candidates_excluded,False
PBMC10k,all,trrust_dorothea_union,8,633,CREB1,CD74,all_caliper_candidates_excluded,False
PBMC10k,all,trrust_dorothea_union,8,3673,NFKB1,CD74,all_caliper_candidates_excluded,False
PBMC10k,all,trrust_dorothea_union,8,4172,RELA,S100A6,all_caliper_candidates_excluded,False
PBMC10k,all,trrust_dorothea_union,8,5735,STAT1,S100A11,all_caliper_candidates_excluded,False
PBMC10k,all,trrust_dorothea_union,8,2807,HIF1A,VIM,all_caliper_candidates_excluded,False
PBMC10k,all,trrust_dorothea_union,8,2009,FOS,HLA-DRA,all_caliper_candidates_excluded,False
PBMC10k,all,trrust_dorothea_union,8,2615,HDAC1,FOS,all_caliper_candidates_excluded,False
PBMC10k,all,trrust_dorothea_union,8,3488,MYC,RPL13,all_caliper_candidates_excluded,False
PBMC10k,all,trrust_dorothea_union,8,4258,RFXANK,HLA-DRA,all_caliper_candidates_excluded,False
PBMC10k,all,trrust_dorothea_union,8,3583,NFAT5,LTB,all_caliper_candidates_excluded,False
PBMC10k,all,trrust_dorothea_union,8,2878,ILF3,HLA-DRA,all_caliper_candidates_excluded,False
PBMC10k,all,trrust_dorothea_union,8,4091,RELA,CD74,all_caliper_candidates_excluded,False
PBMC10k,all,trrust_dorothea_union,8,4232,RFX5,CD74,all_caliper_candidates_excluded,False
PBMC10k,all,trrust_dorothea_union,8,5978,STAT3,S100A11,all_caliper_candidates_excluded,False
PBMC10k,all,trrust_dorothea_union,8,1906,FLI1,FOS,all_caliper_candidates_excluded,False
PBMC10k,all,trrust_dorothea_union,8,615,CIITA,S100A4,all_caliper_candidates_excluded,False
PBMC10k,all,trrust_dorothea_union,8,6791,ZBTB7A,FOS,all_caliper_candidates_excluded,False
PBMC10k,all,trrust_dorothea_union,8,2735,HIF1A,GAPDH,all_caliper_candidates_excluded,False
PBMC10k,all,trrust_dorothea_union,8,75,ATF2,FOS,all_caliper_candidates_excluded,False
PBMC10k,all,trrust_dorothea_union,8,319,CEBPA,FGL2,all_caliper_candidates_excluded,False
PBMC10k,all,trrust_dorothea_union,8,5344,STAT1,ACTB,all_caliper_candidates_excluded,False
PBMC10k,all,trrust_dorothea_union,8,6062,TBP,FOS,all_caliper_candidates_excluded,False
PBMC10k,all,trrust_dorothea_union,8,6492,USF1,S100A6,all_caliper_candidates_excluded,False
PBMC10k,all,trrust_dorothea_union,8,607,CIITA,HLA-DRA,all_caliper_candidates_excluded,False
PBMC10k,all,trrust_dorothea_union,8,6153,TP53,ACTB,all_caliper_candidates_excluded,False
PBMC10k,all,trrust_dorothea_union,8,6058,TBP,ACTB,all_caliper_candidates_excluded,False
PBMC10k,all,trrust_dorothea_union,8,3800,NFKBIA,S100A6,all_caliper_candidates_excluded,False
PBMC10k,all,trrust_dorothea_union,8,6555,VDR,EEF1A1,all_caliper_candidates_excluded,False
PBMC10k,all,trrust_dorothea_union,8,3751,NFKB1,S100A6,all_caliper_candidates_excluded,False
PBMC10k,all,trrust_dorothea_union,8,1477,ETS1,ACTB,all_caliper_candidates_excluded,False
PBMC10k,all,trrust_dorothea_union,8,4702,SP1,FOS,all_caliper_candidates_excluded,False
PBMC10k,all,trrust_dorothea_union,8,1602,ETS1,FOS,all_caliper_candidates_excluded,False
PBMC10k,all,trrust_dorothea_union,8,4938,SPI1,B2M,all_caliper_candidates_excluded,False
PBMC10k,all,trrust_dorothea_union,8,4536,SFPQ,NEAT1,all_caliper_candidates_excluded,False
PBMC10k,all,trrust_dorothea_union,8,5315,SRF,ACTB,all_caliper_candidates_excluded,False
PBMC10k,all,trrust_dorothea_union,8,3806,NFYA,CD74,all_caliper_candidates_excluded,False
PBMC10k,all,trrust_dorothea_union,8,45,ARNT,FOS,all_caliper_candidates_excluded,False
PBMC10k,all,trrust_dorothea_union,8,2569,GATA3,TMSB4X,all_caliper_candidates_excluded,False
PBMC10k,all,trrust_dorothea_union,8,5942,STAT3,FOS,all_caliper_candidates_excluded,False
PBMC10k,all,trrust_dorothea_union,8,6717,YY1,HLA-DRA,all_caliper_candidates_excluded,False
PBMC10k,all,trrust_dorothea_union,8,2693,HDGF,VIM,all_caliper_candidates_excluded,False
PBMC10k,all,trrust_dorothea_union,8,4854,SP1,VIM,all_caliper_candidates_excluded,False
PBMC10k,all,trrust_dorothea_union,8,1460,EP300,S100A4,all_caliper_candidates_excluded,False
PBMC10k,all,trrust_dorothea_union,8,6805,ZEB2,VIM,all_caliper_candidates_excluded,False
PBMC10k,all,trrust_dorothea_union,8,4036,RBMX,FOS,all_caliper_candidates_excluded,False
PBMC10k,all,trrust_dorothea_union,8,6001,STAT4,S100A4,all_caliper_candidates_excluded,False
PBMC10k,all,trrust_dorothea_union,8,1865,ETS2,FOS,all_caliper_candidates_excluded,False
PBMC10k,all,trrust_dorothea_union,8,568,CEBPB,FOS,all_caliper_candidates_excluded,False
PBMC10k,all,trrust_dorothea_union,8,6815,ZNF148,VIM,all_caliper_candidates_excluded,False
PBMC10k,all,trrust_dorothea_union,8,6507,USF2,B2M,all_caliper_candidates_excluded,False
PBMC10k,all,trrust_dorothea_union,8,6107,TCF4,VIM,all_caliper_candidates_excluded,False
PBMC10k,all,trrust_dorothea_union,8,3569,NCOA6,FOS,all_caliper_candidates_excluded,False
PBMC10k,all,trrust_dorothea_union,8,1013,CTNNB1,VIM,all_caliper_candidates_excluded,False
PBMC10k,all,trrust_dorothea_union,8,2818,HIPK2,VIM,all_caliper_candidates_excluded,False
PBMC10k,all,trrust_dorothea_union,8,3820,NFYB,CD74,all_caliper_candidates_excluded,False
PBMC10k,all,trrust_dorothea_union,8,3898,PARP1,VIM,all_caliper_candidates_excluded,False
PBMC10k,all,trrust_dorothea_union,8,3494,MYC,RPL27A,all_caliper_candidates_excluded,False
PBMC10k,all,trrust_dorothea_union,8,4700,SP1,FGL2,all_caliper_candidates_excluded,False
PBMC10k,all,trrust_dorothea_union,8,3803,NFYA,ACTB,all_caliper_candidates_excluded,False
PBMC10k,all,trrust_dorothea_union,8,3584,NFAT5,S100A4,all_caliper_candidates_excluded,False
PBMC10k,all,trrust_dorothea_union,8,4221,RFX1,HLA-DRA,all_caliper_candidates_excluded,False
PBMC10k,all,trrust_dorothea_union,8,2836,HMGN1,FOS,all_caliper_candidates_excluded,False
PBMC10k,all,trrust_dorothea_union,8,4917,SPI1,AIF1,all_caliper_candidates_excluded,False
PBMC10k,all,trrust_dorothea_union,8,5487,STAT1,FYB1,caliper_candidates_exhausted_by_unique_constraint,False
PBMC10k,all,trrust_dorothea_union,8,5080,SPI1,LCP1,caliper_candidates_exhausted_by_unique_constraint,False
PBMC10k,all,trrust_dorothea_union,9,568,CEBPB,FOS,all_caliper_candidates_excluded,False
PBMC10k,all,trrust_dorothea_union,9,6530,VDR,ACTB,all_caliper_candidates_excluded,False
PBMC10k,all,trrust_dorothea_union,9,3061,JUN,VIM,all_caliper_candidates_excluded,False
PBMC10k,all,trrust_dorothea_union,9,3818,NFYB,ACTB,all_caliper_candidates_excluded,False
PBMC10k,all,trrust_dorothea_union,9,3751,NFKB1,S100A6,all_caliper_candidates_excluded,False
PBMC10k,all,trrust_dorothea_union,9,615,CIITA,S100A4,all_caliper_candidates_excluded,False
PBMC10k,all,trrust_dorothea_union,9,4700,SP1,FGL2,all_caliper_candidates_excluded,False
PBMC10k,all,trrust_dorothea_union,9,4172,RELA,S100A6,all_caliper_candidates_excluded,False
PBMC10k,all,trrust_dorothea_union,9,319,CEBPA,FGL2,all_caliper_candidates_excluded,False
PBMC10k,all,trrust_dorothea_union,9,640,CREB1,FOS,all_caliper_candidates_excluded,False
PBMC10k,all,trrust_dorothea_union,9,1865,ETS2,FOS,all_caliper_candidates_excluded,False
PBMC10k,all,trrust_dorothea_union,9,1203,E2F4,LGALS1,all_caliper_candidates_excluded,False
PBMC10k,all,trrust_dorothea_union,9,4536,SFPQ,NEAT1,all_caliper_candidates_excluded,False
PBMC10k,all,trrust_dorothea_union,9,75,ATF2,FOS,all_caliper_candidates_excluded,False
PBMC10k,all,trrust_dorothea_union,9,3018,JUN,FOS,all_caliper_candidates_excluded,False
PBMC10k,all,trrust_dorothea_union,9,694,CREBBP,S100A4,all_caliper_candidates_excluded,False
PBMC10k,all,trrust_dorothea_union,9,6001,STAT4,S100A4,all_caliper_candidates_excluded,False
PBMC10k,all,trrust_dorothea_union,9,6507,USF2,B2M,all_caliper_candidates_excluded,False
PBMC10k,all,trrust_dorothea_union,9,1438,ELK4,FOS,all_caliper_candidates_excluded,False
PBMC10k,all,trrust_dorothea_union,9,6123,TCF7L2,VIM,all_caliper_candidates_excluded,False
PBMC10k,all,trrust_dorothea_union,9,2615,HDAC1,FOS,all_caliper_candidates_excluded,False
PBMC10k,all,trrust_dorothea_union,9,2009,FOS,HLA-DRA,all_caliper_candidates_excluded,False
PBMC10k,all,trrust_dorothea_union,9,3355,MYC,GAPDH,all_caliper_candidates_excluded,False
PBMC10k,all,trrust_dorothea_union,9,1417,ELK1,FOS,all_caliper_candidates_excluded,False
PBMC10k,all,trrust_dorothea_union,9,4270,RFXAP,HLA-DRA,all_caliper_candidates_excluded,False
PBMC10k,all,trrust_dorothea_union,9,6815,ZNF148,VIM,all_caliper_candidates_excluded,False
PBMC10k,all,trrust_dorothea_union,9,4702,SP1,FOS,all_caliper_candidates_excluded,False
PBMC10k,all,trrust_dorothea_union,9,3673,NFKB1,CD74,all_caliper_candidates_excluded,False
PBMC10k,all,trrust_dorothea_union,9,3806,NFYA,CD74,all_caliper_candidates_excluded,False
PBMC10k,all,trrust_dorothea_union,9,2693,HDGF,VIM,all_caliper_candidates_excluded,False
PBMC10k,all,trrust_dorothea_union,9,4938,SPI1,B2M,all_caliper_candidates_excluded,False
PBMC10k,all,trrust_dorothea_union,9,2839,HOPX,FOS,all_caliper_candidates_excluded,False
PBMC10k,all,trrust_dorothea_union,9,3487,MYC,RPL10,all_caliper_candidates_excluded,False
PBMC10k,all,trrust_dorothea_union,9,331,CEBPA,GAPDH,all_caliper_candidates_excluded,False
PBMC10k,all,trrust_dorothea_union,9,6625,VDR,TPT1,all_caliper_candidates_excluded,False
PBMC10k,all,trrust_dorothea_union,9,2807,HIF1A,VIM,all_caliper_candidates_excluded,False
PBMC10k,all,trrust_dorothea_union,9,2735,HIF1A,GAPDH,all_caliper_candidates_excluded,False
PBMC10k,all,trrust_dorothea_union,9,3494,MYC,RPL27A,all_caliper_candidates_excluded,False
PBMC10k,all,trrust_dorothea_union,9,5978,STAT3,S100A11,all_caliper_candidates_excluded,False
PBMC10k,all,trrust_dorothea_union,9,2818,HIPK2,VIM,all_caliper_candidates_excluded,False
PBMC10k,all,trrust_dorothea_union,9,6106,TCF4,VCAN,all_caliper_candidates_excluded,False
PBMC10k,all,trrust_dorothea_union,9,5344,STAT1,ACTB,all_caliper_candidates_excluded,False
PBMC10k,all,trrust_dorothea_union,9,3584,NFAT5,S100A4,all_caliper_candidates_excluded,False
PBMC10k,all,trrust_dorothea_union,9,3777,NFKB1,VIM,all_caliper_candidates_excluded,False
PBMC10k,all,trrust_dorothea_union,9,633,CREB1,CD74,all_caliper_candidates_excluded,False
PBMC10k,all,trrust_dorothea_union,9,1013,CTNNB1,VIM,all_caliper_candidates_excluded,False
PBMC10k,all,trrust_dorothea_union,9,3411,MYC,LTB,all_caliper_candidates_excluded,False
PBMC10k,all,trrust_dorothea_union,9,4232,RFX5,CD74,all_caliper_candidates_excluded,False
PBMC10k,all,trrust_dorothea_union,9,3800,NFKBIA,S100A6,all_caliper_candidates_excluded,False
PBMC10k,all,trrust_dorothea_union,9,467,CEBPA,S100A9,all_caliper_candidates_excluded,False
PBMC10k,all,trrust_dorothea_union,9,5481,STAT1,FOS,all_caliper_candidates_excluded,False
PBMC10k,all,trrust_dorothea_union,9,3979,PPARD,SAT1,all_caliper_candidates_excluded,False
PBMC10k,all,trrust_dorothea_union,9,4020,RB1,FOS,all_caliper_candidates_excluded,False
PBMC10k,all,trrust_dorothea_union,9,4243,RFX5,HLA-DRA,all_caliper_candidates_excluded,False
PBMC10k,all,trrust_dorothea_union,9,1580,ETS1,EEF1A1,all_caliper_candidates_excluded,False
PBMC10k,all,trrust_dorothea_union,9,6717,YY1,HLA-DRA,all_caliper_candidates_excluded,False
PBMC10k,all,trrust_dorothea_union,9,607,CIITA,HLA-DRA,all_caliper_candidates_excluded,False
PBMC10k,all,trrust_dorothea_union,9,2878,ILF3,HLA-DRA,all_caliper_candidates_excluded,False
PBMC10k,all,trrust_dorothea_union,9,4985,SPI1,CTSS,all_caliper_candidates_excluded,False
PBMC10k,all,trrust_dorothea_union,9,6805,ZEB2,VIM,all_caliper_candidates_excluded,False
PBMC10k,all,trrust_dorothea_union,9,6555,VDR,EEF1A1,all_caliper_candidates_excluded,False
PBMC10k,all,trrust_dorothea_union,9,4854,SP1,VIM,all_caliper_candidates_excluded,False
PBMC10k,all,trrust_dorothea_union,9,1070,E2F4,ACTB,all_caliper_candidates_excluded,False
PBMC10k,all,trrust_dorothea_union,9,5319,SRF,FOS,all_caliper_candidates_excluded,False
PBMC10k,all,trrust_dorothea_union,9,6427,TP53,VCAN,all_caliper_candidates_excluded,False
PBMC10k,all,trrust_dorothea_union,9,17,AHR,FOS,all_caliper_candidates_excluded,False
PBMC10k,all,trrust_dorothea_union,9,1460,EP300,S100A4,all_caliper_candidates_excluded,False
PBMC10k,all,trrust_dorothea_union,9,5029,SPI1,FOS,all_caliper_candidates_excluded,False
PBMC10k,all,trrust_dorothea_union,9,3898,PARP1,VIM,all_caliper_candidates_excluded,False
PBMC10k,all,trrust_dorothea_union,9,5253,SPI1,TYROBP,all_caliper_candidates_excluded,False
PBMC10k,all,trrust_dorothea_union,9,6791,ZBTB7A,FOS,all_caliper_candidates_excluded,False
PBMC10k,all,trrust_dorothea_union,9,4917,SPI1,AIF1,all_caliper_candidates_excluded,False
PBMC10k,all,trrust_dorothea_union,9,2836,HMGN1,FOS,all_caliper_candidates_excluded,False
PBMC10k,all,trrust_dorothea_union,9,6235,TP53,EEF1A1,all_caliper_candidates_excluded,False
PBMC10k,all,trrust_dorothea_union,9,1809,ETS1,TMSB4X,all_caliper_candidates_excluded,False
PBMC10k,all,trrust_dorothea_union,9,6058,TBP,ACTB,all_caliper_candidates_excluded,False
PBMC10k,all,trrust_dorothea_union,9,5315,SRF,ACTB,all_caliper_candidates_excluded,False
PBMC10k,all,trrust_dorothea_union,9,579,CEBPB,S100A9,all_caliper_candidates_excluded,False
PBMC10k,all,trrust_dorothea_union,9,6062,TBP,FOS,all_caliper_candidates_excluded,False
PBMC10k,all,trrust_dorothea_union,9,4258,RFXANK,HLA-DRA,all_caliper_candidates_excluded,False
PBMC10k,all,trrust_dorothea_union,9,4221,RFX1,HLA-DRA,all_caliper_candidates_excluded,False
PBMC10k,all,trrust_dorothea_union,9,2616,HDAC1,HLA-DRA,all_caliper_candidates_excluded,False
PBMC10k,all,trrust_dorothea_union,9,646,CREB1,HLA-DRA,all_caliper_candidates_excluded,False
PBMC10k,all,trrust_dorothea_union,9,5942,STAT3,FOS,all_caliper_candidates_excluded,False
PBMC10k,all,trrust_dorothea_union,9,1437,ELK3,FOS,all_caliper_candidates_excluded,False
PBMC10k,all,trrust_dorothea_union,9,3834,NFYC,FOS,all_caliper_candidates_excluded,False
PBMC10k,all,trrust_dorothea_union,9,1994,FOS,FOS,all_caliper_candidates_excluded,False
PBMC10k,all,trrust_dorothea_union,9,3951,POU2F2,HLA-DRA,all_caliper_candidates_excluded,False
PBMC10k,all,trrust_dorothea_union,9,2753,HIF1A,LGALS1,all_caliper_candidates_excluded,False
PBMC10k,all,trrust_dorothea_union,9,4612,SMARCA4,FOS,all_caliper_candidates_excluded,False
PBMC10k,all,trrust_dorothea_union,9,3825,NFYB,FOS,all_caliper_candidates_excluded,False
PBMC10k,all,trrust_dorothea_union,9,3803,NFYA,ACTB,all_caliper_candidates_excluded,False
PBMC10k,all,trrust_dorothea_union,9,3941,POU2F1,HLA-DRA,all_caliper_candidates_excluded,False
PBMC10k,all,trrust_dorothea_union,9,45,ARNT,FOS,all_caliper_candidates_excluded,False
PBMC10k,all,trrust_dorothea_union,9,6247,TP53,FOS,all_caliper_candidates_excluded,False
PBMC10k,all,trrust_dorothea_union,9,3820,NFYB,CD74,all_caliper_candidates_excluded,False
PBMC10k,all,trrust_dorothea_union,9,4745,SP1,LYZ,all_caliper_candidates_excluded,False
PBMC10k,all,trrust_dorothea_union,9,3569,NCOA6,FOS,all_caliper_candidates_excluded,False
PBMC10k,all,trrust_dorothea_union,9,3488,MYC,RPL13,all_caliper_candidates_excluded,False
PBMC10k,all,trrust_dorothea_union,9,6469,USF1,B2M,all_caliper_candidates_excluded,False
PBMC10k,all,trrust_dorothea_union,9,571,CEBPB,GNLY,all_caliper_candidates_excluded,False
PBMC10k,all,trrust_dorothea_union,9,3576,NF1,FOS,all_caliper_candidates_excluded,False
PBMC10k,all,trrust_dorothea_union,9,5735,STAT1,S100A11,all_caliper_candidates_excluded,False
PBMC10k,all,trrust_dorothea_union,9,6039,STAT6,FOS,all_caliper_candidates_excluded,False
PBMC10k,all,trrust_dorothea_union,9,6492,USF1,S100A6,all_caliper_candidates_excluded,False
PBMC10k,all,trrust_dorothea_union,9,587,CEBPD,GAPDH,all_caliper_candidates_excluded,False
PBMC10k,all,trrust_dorothea_union,9,1666,ETS1,LTB,all_caliper_candidates_excluded,False
PBMC10k,all,trrust_dorothea_union,9,3646,NFKB1,B2M,all_caliper_candidates_excluded,False
PBMC10k,all,trrust_dorothea_union,9,3583,NFAT5,LTB,all_caliper_candidates_excluded,False
PBMC10k,all,trrust_dorothea_union,9,1906,FLI1,FOS,all_caliper_candidates_excluded,False
PBMC10k,all,trrust_dorothea_union,9,6107,TCF4,VIM,all_caliper_candidates_excluded,False
PBMC10k,all,trrust_dorothea_union,9,703,CREM,FOS,all_caliper_candidates_excluded,False
PBMC10k,all,trrust_dorothea_union,9,6153,TP53,ACTB,all_caliper_candidates_excluded,False
PBMC10k,all,trrust_dorothea_union,9,2569,GATA3,TMSB4X,all_caliper_candidates_excluded,False
PBMC10k,all,trrust_dorothea_union,9,1602,ETS1,FOS,all_caliper_candidates_excluded,False
PBMC10k,all,trrust_dorothea_union,9,4091,RELA,CD74,all_caliper_candidates_excluded,False
PBMC10k,all,trrust_dorothea_union,9,2864,HSF2,FOS,all_caliper_candidates_excluded,False
PBMC10k,all,trrust_dorothea_union,9,1477,ETS1,ACTB,all_caliper_candidates_excluded,False
PBMC10k,all,trrust_dorothea_union,9,4036,RBMX,FOS,all_caliper_candidates_excluded,False
PBMC10k,all,trrust_dorothea_union,9,5487,STAT1,FYB1,caliper_candidates_exhausted_by_unique_constraint,False
PBMC10k,all,trrust_dorothea_union,9,5035,SPI1,FYB1,caliper_candidates_exhausted_by_unique_constraint,False
