dataset,condition,edge_set,repeat,edge_id,tf,target,reason,in_common_supported_subset
PBMC10k,all,trrust,0,1171,NF1,FOS,all_caliper_candidates_excluded,False
PBMC10k,all,trrust,0,173,CEBPA,GAPDH,all_caliper_candidates_excluded,False
PBMC10k,all,trrust,0,1219,NFKB1,B2M,all_caliper_candidates_excluded,False
PBMC10k,all,trrust,0,1316,NFKB1,S100A6,all_caliper_candidates_excluded,False
PBMC10k,all,trrust,0,437,EP300,S100A4,all_caliper_candidates_excluded,False
PBMC10k,all,trrust,0,1660,RELA,S100A6,all_caliper_candidates_excluded,False
PBMC10k,all,trrust,0,1984,SP1,LYZ,all_caliper_candidates_excluded,False
PBMC10k,all,trrust,0,2187,SRF,FOS,all_caliper_candidates_excluded,False
PBMC10k,all,trrust,0,620,HDAC1,FOS,all_caliper_candidates_excluded,False
PBMC10k,all,trrust,0,737,HIF1A,VIM,all_caliper_candidates_excluded,False
PBMC10k,all,trrust,0,210,CEBPD,GAPDH,all_caliper_candidates_excluded,False
PBMC10k,all,trrust,0,16,AHR,FOS,all_caliper_candidates_excluded,False
PBMC10k,all,trrust,0,713,HIF1A,GAPDH,all_caliper_candidates_excluded,False
PBMC10k,all,trrust,0,2383,TCF4,VCAN,all_caliper_candidates_excluded,False
PBMC10k,all,trrust,0,1589,RELA,CD74,all_caliper_candidates_excluded,False
PBMC10k,all,trrust,0,1380,NFYC,FOS,all_caliper_candidates_excluded,False
PBMC10k,all,trrust,0,1698,RFX1,HLA-DRA,all_caliper_candidates_excluded,False
PBMC10k,all,trrust,0,800,ILF3,HLA-DRA,all_caliper_candidates_excluded,False
PBMC10k,all,trrust,0,1948,SP1,FGL2,all_caliper_candidates_excluded,False
PBMC10k,all,trrust,0,2698,ZEB2,VIM,all_caliper_candidates_excluded,False
PBMC10k,all,trrust,0,746,HIPK2,VIM,all_caliper_candidates_excluded,False
PBMC10k,all,trrust,0,1245,NFKB1,CD74,all_caliper_candidates_excluded,False
PBMC10k,all,trrust,0,2271,STAT3,FOS,all_caliper_candidates_excluded,False
PBMC10k,all,trrust,0,2494,TP53,VCAN,all_caliper_candidates_excluded,False
PBMC10k,all,trrust,0,762,HMGN1,FOS,all_caliper_candidates_excluded,False
PBMC10k,all,trrust,0,407,ELK1,FOS,all_caliper_candidates_excluded,False
PBMC10k,all,trrust,0,196,CEBPB,GNLY,all_caliper_candidates_excluded,False
PBMC10k,all,trrust,0,415,ELK4,FOS,all_caliper_candidates_excluded,False
PBMC10k,all,trrust,0,1865,SMARCA4,FOS,all_caliper_candidates_excluded,False
PBMC10k,all,trrust,0,1799,SFPQ,NEAT1,all_caliper_candidates_excluded,False
PBMC10k,all,trrust,0,2137,SPI1,CTSS,all_caliper_candidates_excluded,False
PBMC10k,all,trrust,0,1526,RB1,FOS,all_caliper_candidates_excluded,False
PBMC10k,all,trrust,0,43,ARNT,FOS,all_caliper_candidates_excluded,False
PBMC10k,all,trrust,0,256,CREB1,FOS,all_caliper_candidates_excluded,False
PBMC10k,all,trrust,0,786,HSF2,FOS,all_caliper_candidates_excluded,False
PBMC10k,all,trrust,0,1178,NFAT5,LTB,all_caliper_candidates_excluded,False
PBMC10k,all,trrust,0,2587,VDR,TPT1,all_caliper_candidates_excluded,False
PBMC10k,all,trrust,0,765,HOPX,FOS,all_caliper_candidates_excluded,False
PBMC10k,all,trrust,0,2339,STAT6,FOS,all_caliper_candidates_excluded,False
PBMC10k,all,trrust,0,1164,NCOA6,FOS,all_caliper_candidates_excluded,False
PBMC10k,all,trrust,0,2076,SP1,VIM,all_caliper_candidates_excluded,False
PBMC10k,all,trrust,0,2708,ZNF148,VIM,all_caliper_candidates_excluded,False
PBMC10k,all,trrust,0,204,CEBPB,S100A9,all_caliper_candidates_excluded,False
PBMC10k,all,trrust,0,307,CREM,FOS,all_caliper_candidates_excluded,False
PBMC10k,all,trrust,0,2527,USF1,B2M,all_caliper_candidates_excluded,False
PBMC10k,all,trrust,0,228,CIITA,HLA-DRA,all_caliper_candidates_excluded,False
PBMC10k,all,trrust,0,236,CIITA,S100A4,all_caliper_candidates_excluded,False
PBMC10k,all,trrust,0,2302,STAT3,S100A11,all_caliper_candidates_excluded,False
PBMC10k,all,trrust,0,2557,USF2,B2M,all_caliper_candidates_excluded,False
PBMC10k,all,trrust,0,299,CREBBP,S100A4,all_caliper_candidates_excluded,False
PBMC10k,all,trrust,0,184,CEBPA,S100A9,all_caliper_candidates_excluded,False
PBMC10k,all,trrust,0,1542,RBMX,FOS,all_caliper_candidates_excluded,False
PBMC10k,all,trrust,0,2384,TCF4,VIM,all_caliper_candidates_excluded,False
PBMC10k,all,trrust,0,1736,RFXAP,HLA-DRA,all_caliper_candidates_excluded,False
PBMC10k,all,trrust,0,540,FOS,FOS,all_caliper_candidates_excluded,False
PBMC10k,all,trrust,0,331,CTNNB1,VIM,all_caliper_candidates_excluded,False
PBMC10k,all,trrust,0,1724,RFXANK,HLA-DRA,all_caliper_candidates_excluded,False
PBMC10k,all,trrust,0,2360,TBP,FOS,all_caliper_candidates_excluded,False
PBMC10k,all,trrust,0,1356,NFKBIA,S100A6,all_caliper_candidates_excluded,False
PBMC10k,all,trrust,0,2323,STAT4,S100A4,all_caliper_candidates_excluded,False
PBMC10k,all,trrust,0,698,HDGF,VIM,all_caliper_candidates_excluded,False
PBMC10k,all,trrust,0,621,HDAC1,HLA-DRA,all_caliper_candidates_excluded,False
PBMC10k,all,trrust,0,1479,POU2F2,HLA-DRA,all_caliper_candidates_excluded,False
PBMC10k,all,trrust,0,1950,SP1,FOS,all_caliper_candidates_excluded,False
PBMC10k,all,trrust,0,2654,YY1,HLA-DRA,all_caliper_candidates_excluded,False
PBMC10k,all,trrust,0,1501,PPARD,SAT1,all_caliper_candidates_excluded,False
PBMC10k,all,trrust,0,1431,PARP1,VIM,all_caliper_candidates_excluded,False
PBMC10k,all,trrust,0,2545,USF1,S100A6,all_caliper_candidates_excluded,False
PBMC10k,all,trrust,0,2691,ZBTB7A,FOS,all_caliper_candidates_excluded,False
PBMC10k,all,trrust,0,1372,NFYB,FOS,all_caliper_candidates_excluded,False
PBMC10k,all,trrust,0,1712,RFX5,HLA-DRA,all_caliper_candidates_excluded,False
PBMC10k,all,trrust,1,228,CIITA,HLA-DRA,all_caliper_candidates_excluded,False
PBMC10k,all,trrust,1,1865,SMARCA4,FOS,all_caliper_candidates_excluded,False
PBMC10k,all,trrust,1,437,EP300,S100A4,all_caliper_candidates_excluded,False
PBMC10k,all,trrust,1,786,HSF2,FOS,all_caliper_candidates_excluded,False
PBMC10k,all,trrust,1,620,HDAC1,FOS,all_caliper_candidates_excluded,False
PBMC10k,all,trrust,1,307,CREM,FOS,all_caliper_candidates_excluded,False
PBMC10k,all,trrust,1,765,HOPX,FOS,all_caliper_candidates_excluded,False
PBMC10k,all,trrust,1,1950,SP1,FOS,all_caliper_candidates_excluded,False
PBMC10k,all,trrust,1,1219,NFKB1,B2M,all_caliper_candidates_excluded,False
PBMC10k,all,trrust,1,184,CEBPA,S100A9,all_caliper_candidates_excluded,False
PBMC10k,all,trrust,1,2187,SRF,FOS,all_caliper_candidates_excluded,False
PBMC10k,all,trrust,1,2587,VDR,TPT1,all_caliper_candidates_excluded,False
PBMC10k,all,trrust,1,1316,NFKB1,S100A6,all_caliper_candidates_excluded,False
PBMC10k,all,trrust,1,2137,SPI1,CTSS,all_caliper_candidates_excluded,False
PBMC10k,all,trrust,1,2302,STAT3,S100A11,all_caliper_candidates_excluded,False
PBMC10k,all,trrust,1,1178,NFAT5,LTB,all_caliper_candidates_excluded,False
PBMC10k,all,trrust,1,1698,RFX1,HLA-DRA,all_caliper_candidates_excluded,False
PBMC10k,all,trrust,1,210,CEBPD,GAPDH,all_caliper_candidates_excluded,False
PBMC10k,all,trrust,1,1431,PARP1,VIM,all_caliper_candidates_excluded,False
PBMC10k,all,trrust,1,236,CIITA,S100A4,all_caliper_candidates_excluded,False
PBMC10k,all,trrust,1,43,ARNT,FOS,all_caliper_candidates_excluded,False
PBMC10k,all,trrust,1,331,CTNNB1,VIM,all_caliper_candidates_excluded,False
PBMC10k,all,trrust,1,16,AHR,FOS,all_caliper_candidates_excluded,False
PBMC10k,all,trrust,1,1736,RFXAP,HLA-DRA,all_caliper_candidates_excluded,False
PBMC10k,all,trrust,1,621,HDAC1,HLA-DRA,all_caliper_candidates_excluded,False
PBMC10k,all,trrust,1,299,CREBBP,S100A4,all_caliper_candidates_excluded,False
PBMC10k,all,trrust,1,1479,POU2F2,HLA-DRA,all_caliper_candidates_excluded,False
PBMC10k,all,trrust,1,1948,SP1,FGL2,all_caliper_candidates_excluded,False
PBMC10k,all,trrust,1,737,HIF1A,VIM,all_caliper_candidates_excluded,False
PBMC10k,all,trrust,1,173,CEBPA,GAPDH,all_caliper_candidates_excluded,False
PBMC10k,all,trrust,1,1526,RB1,FOS,all_caliper_candidates_excluded,False
PBMC10k,all,trrust,1,1660,RELA,S100A6,all_caliper_candidates_excluded,False
PBMC10k,all,trrust,1,2527,USF1,B2M,all_caliper_candidates_excluded,False
PBMC10k,all,trrust,1,540,FOS,FOS,all_caliper_candidates_excluded,False
PBMC10k,all,trrust,1,2383,TCF4,VCAN,all_caliper_candidates_excluded,False
PBMC10k,all,trrust,1,2384,TCF4,VIM,all_caliper_candidates_excluded,False
PBMC10k,all,trrust,1,1542,RBMX,FOS,all_caliper_candidates_excluded,False
PBMC10k,all,trrust,1,2339,STAT6,FOS,all_caliper_candidates_excluded,False
PBMC10k,all,trrust,1,256,CREB1,FOS,all_caliper_candidates_excluded,False
PBMC10k,all,trrust,1,746,HIPK2,VIM,all_caliper_candidates_excluded,False
PBMC10k,all,trrust,1,1171,NF1,FOS,all_caliper_candidates_excluded,False
PBMC10k,all,trrust,1,2360,TBP,FOS,all_caliper_candidates_excluded,False
PBMC10k,all,trrust,1,196,CEBPB,GNLY,all_caliper_candidates_excluded,False
PBMC10k,all,trrust,1,2654,YY1,HLA-DRA,all_caliper_candidates_excluded,False
PBMC10k,all,trrust,1,1984,SP1,LYZ,all_caliper_candidates_excluded,False
PBMC10k,all,trrust,1,2557,USF2,B2M,all_caliper_candidates_excluded,False
PBMC10k,all,trrust,1,204,CEBPB,S100A9,all_caliper_candidates_excluded,False
PBMC10k,all,trrust,1,2271,STAT3,FOS,all_caliper_candidates_excluded,False
PBMC10k,all,trrust,1,407,ELK1,FOS,all_caliper_candidates_excluded,False
PBMC10k,all,trrust,1,1589,RELA,CD74,all_caliper_candidates_excluded,False
PBMC10k,all,trrust,1,415,ELK4,FOS,all_caliper_candidates_excluded,False
PBMC10k,all,trrust,1,1712,RFX5,HLA-DRA,all_caliper_candidates_excluded,False
PBMC10k,all,trrust,1,762,HMGN1,FOS,all_caliper_candidates_excluded,False
PBMC10k,all,trrust,1,1724,RFXANK,HLA-DRA,all_caliper_candidates_excluded,False
PBMC10k,all,trrust,1,2545,USF1,S100A6,all_caliper_candidates_excluded,False
PBMC10k,all,trrust,1,2076,SP1,VIM,all_caliper_candidates_excluded,False
PBMC10k,all,trrust,1,2323,STAT4,S100A4,all_caliper_candidates_excluded,False
PBMC10k,all,trrust,1,698,HDGF,VIM,all_caliper_candidates_excluded,False
PBMC10k,all,trrust,1,1372,NFYB,FOS,all_caliper_candidates_excluded,False
PBMC10k,all,trrust,1,1799,SFPQ,NEAT1,all_caliper_candidates_excluded,False
PBMC10k,all,trrust,1,800,ILF3,HLA-DRA,all_caliper_candidates_excluded,False
PBMC10k,all,trrust,1,1164,NCOA6,FOS,all_caliper_candidates_excluded,False
PBMC10k,all,trrust,1,2691,ZBTB7A,FOS,all_caliper_candidates_excluded,False
PBMC10k,all,trrust,1,713,HIF1A,GAPDH,all_caliper_candidates_excluded,False
PBMC10k,all,trrust,1,1245,NFKB1,CD74,all_caliper_candidates_excluded,False
PBMC10k,all,trrust,1,1356,NFKBIA,S100A6,all_caliper_candidates_excluded,False
PBMC10k,all,trrust,1,2494,TP53,VCAN,all_caliper_candidates_excluded,False
PBMC10k,all,trrust,1,1380,NFYC,FOS,all_caliper_candidates_excluded,False
PBMC10k,all,trrust,1,2708,ZNF148,VIM,all_caliper_candidates_excluded,False
PBMC10k,all,trrust,1,2698,ZEB2,VIM,all_caliper_candidates_excluded,False
PBMC10k,all,trrust,1,1501,PPARD,SAT1,all_caliper_candidates_excluded,False
PBMC10k,all,trrust,2,1724,RFXANK,HLA-DRA,all_caliper_candidates_excluded,False
PBMC10k,all,trrust,2,331,CTNNB1,VIM,all_caliper_candidates_excluded,False
PBMC10k,all,trrust,2,228,CIITA,HLA-DRA,all_caliper_candidates_excluded,False
PBMC10k,all,trrust,2,737,HIF1A,VIM,all_caliper_candidates_excluded,False
PBMC10k,all,trrust,2,786,HSF2,FOS,all_caliper_candidates_excluded,False
PBMC10k,all,trrust,2,1589,RELA,CD74,all_caliper_candidates_excluded,False
PBMC10k,all,trrust,2,204,CEBPB,S100A9,all_caliper_candidates_excluded,False
PBMC10k,all,trrust,2,210,CEBPD,GAPDH,all_caliper_candidates_excluded,False
PBMC10k,all,trrust,2,762,HMGN1,FOS,all_caliper_candidates_excluded,False
PBMC10k,all,trrust,2,1219,NFKB1,B2M,all_caliper_candidates_excluded,False
PBMC10k,all,trrust,2,2302,STAT3,S100A11,all_caliper_candidates_excluded,False
PBMC10k,all,trrust,2,1316,NFKB1,S100A6,all_caliper_candidates_excluded,False
PBMC10k,all,trrust,2,2383,TCF4,VCAN,all_caliper_candidates_excluded,False
PBMC10k,all,trrust,2,299,CREBBP,S100A4,all_caliper_candidates_excluded,False
PBMC10k,all,trrust,2,1431,PARP1,VIM,all_caliper_candidates_excluded,False
PBMC10k,all,trrust,2,620,HDAC1,FOS,all_caliper_candidates_excluded,False
PBMC10k,all,trrust,2,2384,TCF4,VIM,all_caliper_candidates_excluded,False
PBMC10k,all,trrust,2,2545,USF1,S100A6,all_caliper_candidates_excluded,False
PBMC10k,all,trrust,2,437,EP300,S100A4,all_caliper_candidates_excluded,False
PBMC10k,all,trrust,2,621,HDAC1,HLA-DRA,all_caliper_candidates_excluded,False
PBMC10k,all,trrust,2,2360,TBP,FOS,all_caliper_candidates_excluded,False
PBMC10k,all,trrust,2,1712,RFX5,HLA-DRA,all_caliper_candidates_excluded,False
PBMC10k,all,trrust,2,698,HDGF,VIM,all_caliper_candidates_excluded,False
PBMC10k,all,trrust,2,1799,SFPQ,NEAT1,all_caliper_candidates_excluded,False
PBMC10k,all,trrust,2,800,ILF3,HLA-DRA,all_caliper_candidates_excluded,False
PBMC10k,all,trrust,2,415,ELK4,FOS,all_caliper_candidates_excluded,False
PBMC10k,all,trrust,2,1660,RELA,S100A6,all_caliper_candidates_excluded,False
PBMC10k,all,trrust,2,2708,ZNF148,VIM,all_caliper_candidates_excluded,False
PBMC10k,all,trrust,2,2187,SRF,FOS,all_caliper_candidates_excluded,False
PBMC10k,all,trrust,2,1501,PPARD,SAT1,all_caliper_candidates_excluded,False
PBMC10k,all,trrust,2,1356,NFKBIA,S100A6,all_caliper_candidates_excluded,False
PBMC10k,all,trrust,2,1948,SP1,FGL2,all_caliper_candidates_excluded,False
PBMC10k,all,trrust,2,2323,STAT4,S100A4,all_caliper_candidates_excluded,False
PBMC10k,all,trrust,2,1542,RBMX,FOS,all_caliper_candidates_excluded,False
PBMC10k,all,trrust,2,43,ARNT,FOS,all_caliper_candidates_excluded,False
PBMC10k,all,trrust,2,1245,NFKB1,CD74,all_caliper_candidates_excluded,False
PBMC10k,all,trrust,2,2339,STAT6,FOS,all_caliper_candidates_excluded,False
PBMC10k,all,trrust,2,1171,NF1,FOS,all_caliper_candidates_excluded,False
PBMC10k,all,trrust,2,1178,NFAT5,LTB,all_caliper_candidates_excluded,False
PBMC10k,all,trrust,2,1984,SP1,LYZ,all_caliper_candidates_excluded,False
PBMC10k,all,trrust,2,1380,NFYC,FOS,all_caliper_candidates_excluded,False
PBMC10k,all,trrust,2,407,ELK1,FOS,all_caliper_candidates_excluded,False
PBMC10k,all,trrust,2,2557,USF2,B2M,all_caliper_candidates_excluded,False
PBMC10k,all,trrust,2,2494,TP53,VCAN,all_caliper_candidates_excluded,False
PBMC10k,all,trrust,2,1865,SMARCA4,FOS,all_caliper_candidates_excluded,False
PBMC10k,all,trrust,2,540,FOS,FOS,all_caliper_candidates_excluded,False
PBMC10k,all,trrust,2,236,CIITA,S100A4,all_caliper_candidates_excluded,False
PBMC10k,all,trrust,2,1950,SP1,FOS,all_caliper_candidates_excluded,False
PBMC10k,all,trrust,2,2691,ZBTB7A,FOS,all_caliper_candidates_excluded,False
PBMC10k,all,trrust,2,1372,NFYB,FOS,all_caliper_candidates_excluded,False
PBMC10k,all,trrust,2,2654,YY1,HLA-DRA,all_caliper_candidates_excluded,False
PBMC10k,all,trrust,2,1164,NCOA6,FOS,all_caliper_candidates_excluded,False
PBMC10k,all,trrust,2,2587,VDR,TPT1,all_caliper_candidates_excluded,False
PBMC10k,all,trrust,2,2698,ZEB2,VIM,all_caliper_candidates_excluded,False
PBMC10k,all,trrust,2,2076,SP1,VIM,all_caliper_candidates_excluded,False
PBMC10k,all,trrust,2,713,HIF1A,GAPDH,all_caliper_candidates_excluded,False
PBMC10k,all,trrust,2,1526,RB1,FOS,all_caliper_candidates_excluded,False
PBMC10k,all,trrust,2,2137,SPI1,CTSS,all_caliper_candidates_excluded,False
PBMC10k,all,trrust,2,1698,RFX1,HLA-DRA,all_caliper_candidates_excluded,False
PBMC10k,all,trrust,2,307,CREM,FOS,all_caliper_candidates_excluded,False
PBMC10k,all,trrust,2,184,CEBPA,S100A9,all_caliper_candidates_excluded,False
PBMC10k,all,trrust,2,746,HIPK2,VIM,all_caliper_candidates_excluded,False
PBMC10k,all,trrust,2,2527,USF1,B2M,all_caliper_candidates_excluded,False
PBMC10k,all,trrust,2,196,CEBPB,GNLY,all_caliper_candidates_excluded,False
PBMC10k,all,trrust,2,256,CREB1,FOS,all_caliper_candidates_excluded,False
PBMC10k,all,trrust,2,173,CEBPA,GAPDH,all_caliper_candidates_excluded,False
PBMC10k,all,trrust,2,2271,STAT3,FOS,all_caliper_candidates_excluded,False
PBMC10k,all,trrust,2,765,HOPX,FOS,all_caliper_candidates_excluded,False
PBMC10k,all,trrust,2,16,AHR,FOS,all_caliper_candidates_excluded,False
PBMC10k,all,trrust,2,1479,POU2F2,HLA-DRA,all_caliper_candidates_excluded,False
PBMC10k,all,trrust,2,1736,RFXAP,HLA-DRA,all_caliper_candidates_excluded,False
PBMC10k,all,trrust,3,698,HDGF,VIM,all_caliper_candidates_excluded,False
PBMC10k,all,trrust,3,236,CIITA,S100A4,all_caliper_candidates_excluded,False
PBMC10k,all,trrust,3,184,CEBPA,S100A9,all_caliper_candidates_excluded,False
PBMC10k,all,trrust,3,2137,SPI1,CTSS,all_caliper_candidates_excluded,False
PBMC10k,all,trrust,3,2527,USF1,B2M,all_caliper_candidates_excluded,False
PBMC10k,all,trrust,3,1526,RB1,FOS,all_caliper_candidates_excluded,False
PBMC10k,all,trrust,3,43,ARNT,FOS,all_caliper_candidates_excluded,False
PBMC10k,all,trrust,3,762,HMGN1,FOS,all_caliper_candidates_excluded,False
PBMC10k,all,trrust,3,1171,NF1,FOS,all_caliper_candidates_excluded,False
PBMC10k,all,trrust,3,2691,ZBTB7A,FOS,all_caliper_candidates_excluded,False
PBMC10k,all,trrust,3,2383,TCF4,VCAN,all_caliper_candidates_excluded,False
PBMC10k,all,trrust,3,620,HDAC1,FOS,all_caliper_candidates_excluded,False
PBMC10k,all,trrust,3,1178,NFAT5,LTB,all_caliper_candidates_excluded,False
PBMC10k,all,trrust,3,2494,TP53,VCAN,all_caliper_candidates_excluded,False
PBMC10k,all,trrust,3,1865,SMARCA4,FOS,all_caliper_candidates_excluded,False
PBMC10k,all,trrust,3,2271,STAT3,FOS,all_caliper_candidates_excluded,False
PBMC10k,all,trrust,3,210,CEBPD,GAPDH,all_caliper_candidates_excluded,False
PBMC10k,all,trrust,3,1501,PPARD,SAT1,all_caliper_candidates_excluded,False
PBMC10k,all,trrust,3,540,FOS,FOS,all_caliper_candidates_excluded,False
PBMC10k,all,trrust,3,1356,NFKBIA,S100A6,all_caliper_candidates_excluded,False
PBMC10k,all,trrust,3,2076,SP1,VIM,all_caliper_candidates_excluded,False
PBMC10k,all,trrust,3,1660,RELA,S100A6,all_caliper_candidates_excluded,False
PBMC10k,all,trrust,3,228,CIITA,HLA-DRA,all_caliper_candidates_excluded,False
PBMC10k,all,trrust,3,2360,TBP,FOS,all_caliper_candidates_excluded,False
PBMC10k,all,trrust,3,1380,NFYC,FOS,all_caliper_candidates_excluded,False
PBMC10k,all,trrust,3,173,CEBPA,GAPDH,all_caliper_candidates_excluded,False
PBMC10k,all,trrust,3,2557,USF2,B2M,all_caliper_candidates_excluded,False
PBMC10k,all,trrust,3,407,ELK1,FOS,all_caliper_candidates_excluded,False
PBMC10k,all,trrust,3,1950,SP1,FOS,all_caliper_candidates_excluded,False
PBMC10k,all,trrust,3,2339,STAT6,FOS,all_caliper_candidates_excluded,False
PBMC10k,all,trrust,3,621,HDAC1,HLA-DRA,all_caliper_candidates_excluded,False
PBMC10k,all,trrust,3,2654,YY1,HLA-DRA,all_caliper_candidates_excluded,False
PBMC10k,all,trrust,3,2545,USF1,S100A6,all_caliper_candidates_excluded,False
PBMC10k,all,trrust,3,765,HOPX,FOS,all_caliper_candidates_excluded,False
PBMC10k,all,trrust,3,1479,POU2F2,HLA-DRA,all_caliper_candidates_excluded,False
PBMC10k,all,trrust,3,1542,RBMX,FOS,all_caliper_candidates_excluded,False
PBMC10k,all,trrust,3,2384,TCF4,VIM,all_caliper_candidates_excluded,False
PBMC10k,all,trrust,3,2708,ZNF148,VIM,all_caliper_candidates_excluded,False
PBMC10k,all,trrust,3,2587,VDR,TPT1,all_caliper_candidates_excluded,False
PBMC10k,all,trrust,3,1799,SFPQ,NEAT1,all_caliper_candidates_excluded,False
PBMC10k,all,trrust,3,1589,RELA,CD74,all_caliper_candidates_excluded,False
PBMC10k,all,trrust,3,1431,PARP1,VIM,all_caliper_candidates_excluded,False
PBMC10k,all,trrust,3,1948,SP1,FGL2,all_caliper_candidates_excluded,False
PBMC10k,all,trrust,3,204,CEBPB,S100A9,all_caliper_candidates_excluded,False
PBMC10k,all,trrust,3,331,CTNNB1,VIM,all_caliper_candidates_excluded,False
PBMC10k,all,trrust,3,196,CEBPB,GNLY,all_caliper_candidates_excluded,False
PBMC10k,all,trrust,3,713,HIF1A,GAPDH,all_caliper_candidates_excluded,False
PBMC10k,all,trrust,3,437,EP300,S100A4,all_caliper_candidates_excluded,False
PBMC10k,all,trrust,3,786,HSF2,FOS,all_caliper_candidates_excluded,False
PBMC10k,all,trrust,3,2302,STAT3,S100A11,all_caliper_candidates_excluded,False
PBMC10k,all,trrust,3,1164,NCOA6,FOS,all_caliper_candidates_excluded,False
PBMC10k,all,trrust,3,1316,NFKB1,S100A6,all_caliper_candidates_excluded,False
PBMC10k,all,trrust,3,1245,NFKB1,CD74,all_caliper_candidates_excluded,False
PBMC10k,all,trrust,3,800,ILF3,HLA-DRA,all_caliper_candidates_excluded,False
PBMC10k,all,trrust,3,2187,SRF,FOS,all_caliper_candidates_excluded,False
PBMC10k,all,trrust,3,1712,RFX5,HLA-DRA,all_caliper_candidates_excluded,False
PBMC10k,all,trrust,3,1219,NFKB1,B2M,all_caliper_candidates_excluded,False
PBMC10k,all,trrust,3,737,HIF1A,VIM,all_caliper_candidates_excluded,False
PBMC10k,all,trrust,3,16,AHR,FOS,all_caliper_candidates_excluded,False
PBMC10k,all,trrust,3,1724,RFXANK,HLA-DRA,all_caliper_candidates_excluded,False
PBMC10k,all,trrust,3,299,CREBBP,S100A4,all_caliper_candidates_excluded,False
PBMC10k,all,trrust,3,415,ELK4,FOS,all_caliper_candidates_excluded,False
PBMC10k,all,trrust,3,1984,SP1,LYZ,all_caliper_candidates_excluded,False
PBMC10k,all,trrust,3,1372,NFYB,FOS,all_caliper_candidates_excluded,False
PBMC10k,all,trrust,3,307,CREM,FOS,all_caliper_candidates_excluded,False
PBMC10k,all,trrust,3,746,HIPK2,VIM,all_caliper_candidates_excluded,False
PBMC10k,all,trrust,3,1698,RFX1,HLA-DRA,all_caliper_candidates_excluded,False
PBMC10k,all,trrust,3,1736,RFXAP,HLA-DRA,all_caliper_candidates_excluded,False
PBMC10k,all,trrust,3,2323,STAT4,S100A4,all_caliper_candidates_excluded,False
PBMC10k,all,trrust,3,256,CREB1,FOS,all_caliper_candidates_excluded,False
PBMC10k,all,trrust,3,2698,ZEB2,VIM,all_caliper_candidates_excluded,False
PBMC10k,all,trrust,4,43,ARNT,FOS,all_caliper_candidates_excluded,False
PBMC10k,all,trrust,4,2698,ZEB2,VIM,all_caliper_candidates_excluded,False
PBMC10k,all,trrust,4,184,CEBPA,S100A9,all_caliper_candidates_excluded,False
PBMC10k,all,trrust,4,437,EP300,S100A4,all_caliper_candidates_excluded,False
PBMC10k,all,trrust,4,1698,RFX1,HLA-DRA,all_caliper_candidates_excluded,False
PBMC10k,all,trrust,4,2527,USF1,B2M,all_caliper_candidates_excluded,False
PBMC10k,all,trrust,4,762,HMGN1,FOS,all_caliper_candidates_excluded,False
PBMC10k,all,trrust,4,2494,TP53,VCAN,all_caliper_candidates_excluded,False
PBMC10k,all,trrust,4,746,HIPK2,VIM,all_caliper_candidates_excluded,False
PBMC10k,all,trrust,4,1431,PARP1,VIM,all_caliper_candidates_excluded,False
PBMC10k,all,trrust,4,540,FOS,FOS,all_caliper_candidates_excluded,False
PBMC10k,all,trrust,4,713,HIF1A,GAPDH,all_caliper_candidates_excluded,False
PBMC10k,all,trrust,4,2691,ZBTB7A,FOS,all_caliper_candidates_excluded,False
PBMC10k,all,trrust,4,415,ELK4,FOS,all_caliper_candidates_excluded,False
PBMC10k,all,trrust,4,407,ELK1,FOS,all_caliper_candidates_excluded,False
PBMC10k,all,trrust,4,228,CIITA,HLA-DRA,all_caliper_candidates_excluded,False
PBMC10k,all,trrust,4,2383,TCF4,VCAN,all_caliper_candidates_excluded,False
PBMC10k,all,trrust,4,1712,RFX5,HLA-DRA,all_caliper_candidates_excluded,False
PBMC10k,all,trrust,4,2557,USF2,B2M,all_caliper_candidates_excluded,False
PBMC10k,all,trrust,4,1948,SP1,FGL2,all_caliper_candidates_excluded,False
PBMC10k,all,trrust,4,621,HDAC1,HLA-DRA,all_caliper_candidates_excluded,False
PBMC10k,all,trrust,4,2339,STAT6,FOS,all_caliper_candidates_excluded,False
PBMC10k,all,trrust,4,1660,RELA,S100A6,all_caliper_candidates_excluded,False
PBMC10k,all,trrust,4,1164,NCOA6,FOS,all_caliper_candidates_excluded,False
PBMC10k,all,trrust,4,1380,NFYC,FOS,all_caliper_candidates_excluded,False
PBMC10k,all,trrust,4,1865,SMARCA4,FOS,all_caliper_candidates_excluded,False
PBMC10k,all,trrust,4,196,CEBPB,GNLY,all_caliper_candidates_excluded,False
PBMC10k,all,trrust,4,1171,NF1,FOS,all_caliper_candidates_excluded,False
PBMC10k,all,trrust,4,1542,RBMX,FOS,all_caliper_candidates_excluded,False
PBMC10k,all,trrust,4,1178,NFAT5,LTB,all_caliper_candidates_excluded,False
PBMC10k,all,trrust,4,1799,SFPQ,NEAT1,all_caliper_candidates_excluded,False
PBMC10k,all,trrust,4,204,CEBPB,S100A9,all_caliper_candidates_excluded,False
PBMC10k,all,trrust,4,331,CTNNB1,VIM,all_caliper_candidates_excluded,False
PBMC10k,all,trrust,4,210,CEBPD,GAPDH,all_caliper_candidates_excluded,False
PBMC10k,all,trrust,4,1316,NFKB1,S100A6,all_caliper_candidates_excluded,False
PBMC10k,all,trrust,4,2545,USF1,S100A6,all_caliper_candidates_excluded,False
PBMC10k,all,trrust,4,2302,STAT3,S100A11,all_caliper_candidates_excluded,False
PBMC10k,all,trrust,4,236,CIITA,S100A4,all_caliper_candidates_excluded,False
PBMC10k,all,trrust,4,1724,RFXANK,HLA-DRA,all_caliper_candidates_excluded,False
PBMC10k,all,trrust,4,2587,VDR,TPT1,all_caliper_candidates_excluded,False
PBMC10k,all,trrust,4,2187,SRF,FOS,all_caliper_candidates_excluded,False
PBMC10k,all,trrust,4,299,CREBBP,S100A4,all_caliper_candidates_excluded,False
PBMC10k,all,trrust,4,765,HOPX,FOS,all_caliper_candidates_excluded,False
PBMC10k,all,trrust,4,800,ILF3,HLA-DRA,all_caliper_candidates_excluded,False
PBMC10k,all,trrust,4,2271,STAT3,FOS,all_caliper_candidates_excluded,False
PBMC10k,all,trrust,4,256,CREB1,FOS,all_caliper_candidates_excluded,False
PBMC10k,all,trrust,4,1219,NFKB1,B2M,all_caliper_candidates_excluded,False
PBMC10k,all,trrust,4,1372,NFYB,FOS,all_caliper_candidates_excluded,False
PBMC10k,all,trrust,4,698,HDGF,VIM,all_caliper_candidates_excluded,False
PBMC10k,all,trrust,4,2384,TCF4,VIM,all_caliper_candidates_excluded,False
PBMC10k,all,trrust,4,2360,TBP,FOS,all_caliper_candidates_excluded,False
PBMC10k,all,trrust,4,737,HIF1A,VIM,all_caliper_candidates_excluded,False
PBMC10k,all,trrust,4,1736,RFXAP,HLA-DRA,all_caliper_candidates_excluded,False
PBMC10k,all,trrust,4,1501,PPARD,SAT1,all_caliper_candidates_excluded,False
PBMC10k,all,trrust,4,1356,NFKBIA,S100A6,all_caliper_candidates_excluded,False
PBMC10k,all,trrust,4,1984,SP1,LYZ,all_caliper_candidates_excluded,False
PBMC10k,all,trrust,4,2076,SP1,VIM,all_caliper_candidates_excluded,False
PBMC10k,all,trrust,4,2654,YY1,HLA-DRA,all_caliper_candidates_excluded,False
PBMC10k,all,trrust,4,620,HDAC1,FOS,all_caliper_candidates_excluded,False
PBMC10k,all,trrust,4,16,AHR,FOS,all_caliper_candidates_excluded,False
PBMC10k,all,trrust,4,1950,SP1,FOS,all_caliper_candidates_excluded,False
PBMC10k,all,trrust,4,1526,RB1,FOS,all_caliper_candidates_excluded,False
PBMC10k,all,trrust,4,786,HSF2,FOS,all_caliper_candidates_excluded,False
PBMC10k,all,trrust,4,173,CEBPA,GAPDH,all_caliper_candidates_excluded,False
PBMC10k,all,trrust,4,2137,SPI1,CTSS,all_caliper_candidates_excluded,False
PBMC10k,all,trrust,4,1479,POU2F2,HLA-DRA,all_caliper_candidates_excluded,False
PBMC10k,all,trrust,4,1589,RELA,CD74,all_caliper_candidates_excluded,False
PBMC10k,all,trrust,4,307,CREM,FOS,all_caliper_candidates_excluded,False
PBMC10k,all,trrust,4,2323,STAT4,S100A4,all_caliper_candidates_excluded,False
PBMC10k,all,trrust,4,2708,ZNF148,VIM,all_caliper_candidates_excluded,False
PBMC10k,all,trrust,4,1245,NFKB1,CD74,all_caliper_candidates_excluded,False
PBMC10k,all,trrust,5,1589,RELA,CD74,all_caliper_candidates_excluded,False
PBMC10k,all,trrust,5,1712,RFX5,HLA-DRA,all_caliper_candidates_excluded,False
PBMC10k,all,trrust,5,1380,NFYC,FOS,all_caliper_candidates_excluded,False
PBMC10k,all,trrust,5,1178,NFAT5,LTB,all_caliper_candidates_excluded,False
PBMC10k,all,trrust,5,2708,ZNF148,VIM,all_caliper_candidates_excluded,False
PBMC10k,all,trrust,5,1164,NCOA6,FOS,all_caliper_candidates_excluded,False
PBMC10k,all,trrust,5,1219,NFKB1,B2M,all_caliper_candidates_excluded,False
PBMC10k,all,trrust,5,1950,SP1,FOS,all_caliper_candidates_excluded,False
PBMC10k,all,trrust,5,1948,SP1,FGL2,all_caliper_candidates_excluded,False
PBMC10k,all,trrust,5,2557,USF2,B2M,all_caliper_candidates_excluded,False
PBMC10k,all,trrust,5,2271,STAT3,FOS,all_caliper_candidates_excluded,False
PBMC10k,all,trrust,5,800,ILF3,HLA-DRA,all_caliper_candidates_excluded,False
PBMC10k,all,trrust,5,1799,SFPQ,NEAT1,all_caliper_candidates_excluded,False
PBMC10k,all,trrust,5,210,CEBPD,GAPDH,all_caliper_candidates_excluded,False
PBMC10k,all,trrust,5,236,CIITA,S100A4,all_caliper_candidates_excluded,False
PBMC10k,all,trrust,5,1724,RFXANK,HLA-DRA,all_caliper_candidates_excluded,False
PBMC10k,all,trrust,5,1526,RB1,FOS,all_caliper_candidates_excluded,False
PBMC10k,all,trrust,5,2527,USF1,B2M,all_caliper_candidates_excluded,False
PBMC10k,all,trrust,5,2654,YY1,HLA-DRA,all_caliper_candidates_excluded,False
PBMC10k,all,trrust,5,713,HIF1A,GAPDH,all_caliper_candidates_excluded,False
PBMC10k,all,trrust,5,437,EP300,S100A4,all_caliper_candidates_excluded,False
PBMC10k,all,trrust,5,331,CTNNB1,VIM,all_caliper_candidates_excluded,False
PBMC10k,all,trrust,5,1316,NFKB1,S100A6,all_caliper_candidates_excluded,False
PBMC10k,all,trrust,5,173,CEBPA,GAPDH,all_caliper_candidates_excluded,False
PBMC10k,all,trrust,5,2587,VDR,TPT1,all_caliper_candidates_excluded,False
PBMC10k,all,trrust,5,2360,TBP,FOS,all_caliper_candidates_excluded,False
PBMC10k,all,trrust,5,2494,TP53,VCAN,all_caliper_candidates_excluded,False
PBMC10k,all,trrust,5,256,CREB1,FOS,all_caliper_candidates_excluded,False
PBMC10k,all,trrust,5,415,ELK4,FOS,all_caliper_candidates_excluded,False
PBMC10k,all,trrust,5,1865,SMARCA4,FOS,all_caliper_candidates_excluded,False
PBMC10k,all,trrust,5,16,AHR,FOS,all_caliper_candidates_excluded,False
PBMC10k,all,trrust,5,765,HOPX,FOS,all_caliper_candidates_excluded,False
PBMC10k,all,trrust,5,762,HMGN1,FOS,all_caliper_candidates_excluded,False
PBMC10k,all,trrust,5,540,FOS,FOS,all_caliper_candidates_excluded,False
PBMC10k,all,trrust,5,1984,SP1,LYZ,all_caliper_candidates_excluded,False
PBMC10k,all,trrust,5,2339,STAT6,FOS,all_caliper_candidates_excluded,False
PBMC10k,all,trrust,5,184,CEBPA,S100A9,all_caliper_candidates_excluded,False
PBMC10k,all,trrust,5,620,HDAC1,FOS,all_caliper_candidates_excluded,False
PBMC10k,all,trrust,5,786,HSF2,FOS,all_caliper_candidates_excluded,False
PBMC10k,all,trrust,5,1736,RFXAP,HLA-DRA,all_caliper_candidates_excluded,False
PBMC10k,all,trrust,5,2698,ZEB2,VIM,all_caliper_candidates_excluded,False
PBMC10k,all,trrust,5,2187,SRF,FOS,all_caliper_candidates_excluded,False
PBMC10k,all,trrust,5,228,CIITA,HLA-DRA,all_caliper_candidates_excluded,False
PBMC10k,all,trrust,5,2137,SPI1,CTSS,all_caliper_candidates_excluded,False
PBMC10k,all,trrust,5,1171,NF1,FOS,all_caliper_candidates_excluded,False
PBMC10k,all,trrust,5,1501,PPARD,SAT1,all_caliper_candidates_excluded,False
PBMC10k,all,trrust,5,1660,RELA,S100A6,all_caliper_candidates_excluded,False
PBMC10k,all,trrust,5,1698,RFX1,HLA-DRA,all_caliper_candidates_excluded,False
PBMC10k,all,trrust,5,407,ELK1,FOS,all_caliper_candidates_excluded,False
PBMC10k,all,trrust,5,2302,STAT3,S100A11,all_caliper_candidates_excluded,False
PBMC10k,all,trrust,5,2545,USF1,S100A6,all_caliper_candidates_excluded,False
PBMC10k,all,trrust,5,621,HDAC1,HLA-DRA,all_caliper_candidates_excluded,False
PBMC10k,all,trrust,5,1542,RBMX,FOS,all_caliper_candidates_excluded,False
PBMC10k,all,trrust,5,204,CEBPB,S100A9,all_caliper_candidates_excluded,False
PBMC10k,all,trrust,5,2076,SP1,VIM,all_caliper_candidates_excluded,False
PBMC10k,all,trrust,5,299,CREBBP,S100A4,all_caliper_candidates_excluded,False
PBMC10k,all,trrust,5,307,CREM,FOS,all_caliper_candidates_excluded,False
PBMC10k,all,trrust,5,2384,TCF4,VIM,all_caliper_candidates_excluded,False
PBMC10k,all,trrust,5,746,HIPK2,VIM,all_caliper_candidates_excluded,False
PBMC10k,all,trrust,5,2383,TCF4,VCAN,all_caliper_candidates_excluded,False
PBMC10k,all,trrust,5,698,HDGF,VIM,all_caliper_candidates_excluded,False
PBMC10k,all,trrust,5,196,CEBPB,GNLY,all_caliper_candidates_excluded,False
PBMC10k,all,trrust,5,1479,POU2F2,HLA-DRA,all_caliper_candidates_excluded,False
PBMC10k,all,trrust,5,2323,STAT4,S100A4,all_caliper_candidates_excluded,False
PBMC10k,all,trrust,5,43,ARNT,FOS,all_caliper_candidates_excluded,False
PBMC10k,all,trrust,5,1431,PARP1,VIM,all_caliper_candidates_excluded,False
PBMC10k,all,trrust,5,1356,NFKBIA,S100A6,all_caliper_candidates_excluded,False
PBMC10k,all,trrust,5,1372,NFYB,FOS,all_caliper_candidates_excluded,False
PBMC10k,all,trrust,5,2691,ZBTB7A,FOS,all_caliper_candidates_excluded,False
PBMC10k,all,trrust,5,1245,NFKB1,CD74,all_caliper_candidates_excluded,False
PBMC10k,all,trrust,5,737,HIF1A,VIM,all_caliper_candidates_excluded,False
PBMC10k,all,trrust,6,256,CREB1,FOS,all_caliper_candidates_excluded,False
PBMC10k,all,trrust,6,1950,SP1,FOS,all_caliper_candidates_excluded,False
PBMC10k,all,trrust,6,762,HMGN1,FOS,all_caliper_candidates_excluded,False
PBMC10k,all,trrust,6,1698,RFX1,HLA-DRA,all_caliper_candidates_excluded,False
PBMC10k,all,trrust,6,1316,NFKB1,S100A6,all_caliper_candidates_excluded,False
PBMC10k,all,trrust,6,1984,SP1,LYZ,all_caliper_candidates_excluded,False
PBMC10k,all,trrust,6,2691,ZBTB7A,FOS,all_caliper_candidates_excluded,False
PBMC10k,all,trrust,6,1724,RFXANK,HLA-DRA,all_caliper_candidates_excluded,False
PBMC10k,all,trrust,6,1542,RBMX,FOS,all_caliper_candidates_excluded,False
PBMC10k,all,trrust,6,540,FOS,FOS,all_caliper_candidates_excluded,False
PBMC10k,all,trrust,6,210,CEBPD,GAPDH,all_caliper_candidates_excluded,False
PBMC10k,all,trrust,6,800,ILF3,HLA-DRA,all_caliper_candidates_excluded,False
PBMC10k,all,trrust,6,1245,NFKB1,CD74,all_caliper_candidates_excluded,False
PBMC10k,all,trrust,6,307,CREM,FOS,all_caliper_candidates_excluded,False
PBMC10k,all,trrust,6,620,HDAC1,FOS,all_caliper_candidates_excluded,False
PBMC10k,all,trrust,6,2545,USF1,S100A6,all_caliper_candidates_excluded,False
PBMC10k,all,trrust,6,1372,NFYB,FOS,all_caliper_candidates_excluded,False
PBMC10k,all,trrust,6,437,EP300,S100A4,all_caliper_candidates_excluded,False
PBMC10k,all,trrust,6,2698,ZEB2,VIM,all_caliper_candidates_excluded,False
PBMC10k,all,trrust,6,407,ELK1,FOS,all_caliper_candidates_excluded,False
PBMC10k,all,trrust,6,737,HIF1A,VIM,all_caliper_candidates_excluded,False
PBMC10k,all,trrust,6,2384,TCF4,VIM,all_caliper_candidates_excluded,False
PBMC10k,all,trrust,6,415,ELK4,FOS,all_caliper_candidates_excluded,False
PBMC10k,all,trrust,6,2360,TBP,FOS,all_caliper_candidates_excluded,False
PBMC10k,all,trrust,6,1178,NFAT5,LTB,all_caliper_candidates_excluded,False
PBMC10k,all,trrust,6,16,AHR,FOS,all_caliper_candidates_excluded,False
PBMC10k,all,trrust,6,184,CEBPA,S100A9,all_caliper_candidates_excluded,False
PBMC10k,all,trrust,6,1865,SMARCA4,FOS,all_caliper_candidates_excluded,False
PBMC10k,all,trrust,6,2076,SP1,VIM,all_caliper_candidates_excluded,False
PBMC10k,all,trrust,6,331,CTNNB1,VIM,all_caliper_candidates_excluded,False
PBMC10k,all,trrust,6,1380,NFYC,FOS,all_caliper_candidates_excluded,False
PBMC10k,all,trrust,6,236,CIITA,S100A4,all_caliper_candidates_excluded,False
PBMC10k,all,trrust,6,765,HOPX,FOS,all_caliper_candidates_excluded,False
PBMC10k,all,trrust,6,204,CEBPB,S100A9,all_caliper_candidates_excluded,False
PBMC10k,all,trrust,6,196,CEBPB,GNLY,all_caliper_candidates_excluded,False
PBMC10k,all,trrust,6,786,HSF2,FOS,all_caliper_candidates_excluded,False
PBMC10k,all,trrust,6,2339,STAT6,FOS,all_caliper_candidates_excluded,False
PBMC10k,all,trrust,6,713,HIF1A,GAPDH,all_caliper_candidates_excluded,False
PBMC10k,all,trrust,6,2323,STAT4,S100A4,all_caliper_candidates_excluded,False
PBMC10k,all,trrust,6,43,ARNT,FOS,all_caliper_candidates_excluded,False
PBMC10k,all,trrust,6,2383,TCF4,VCAN,all_caliper_candidates_excluded,False
PBMC10k,all,trrust,6,2557,USF2,B2M,all_caliper_candidates_excluded,False
PBMC10k,all,trrust,6,2494,TP53,VCAN,all_caliper_candidates_excluded,False
PBMC10k,all,trrust,6,1948,SP1,FGL2,all_caliper_candidates_excluded,False
PBMC10k,all,trrust,6,1526,RB1,FOS,all_caliper_candidates_excluded,False
PBMC10k,all,trrust,6,228,CIITA,HLA-DRA,all_caliper_candidates_excluded,False
PBMC10k,all,trrust,6,1799,SFPQ,NEAT1,all_caliper_candidates_excluded,False
PBMC10k,all,trrust,6,698,HDGF,VIM,all_caliper_candidates_excluded,False
PBMC10k,all,trrust,6,2271,STAT3,FOS,all_caliper_candidates_excluded,False
PBMC10k,all,trrust,6,1171,NF1,FOS,all_caliper_candidates_excluded,False
PBMC10k,all,trrust,6,299,CREBBP,S100A4,all_caliper_candidates_excluded,False
PBMC10k,all,trrust,6,1356,NFKBIA,S100A6,all_caliper_candidates_excluded,False
PBMC10k,all,trrust,6,2137,SPI1,CTSS,all_caliper_candidates_excluded,False
PBMC10k,all,trrust,6,1712,RFX5,HLA-DRA,all_caliper_candidates_excluded,False
PBMC10k,all,trrust,6,1164,NCOA6,FOS,all_caliper_candidates_excluded,False
PBMC10k,all,trrust,6,1431,PARP1,VIM,all_caliper_candidates_excluded,False
PBMC10k,all,trrust,6,2527,USF1,B2M,all_caliper_candidates_excluded,False
PBMC10k,all,trrust,6,2654,YY1,HLA-DRA,all_caliper_candidates_excluded,False
PBMC10k,all,trrust,6,1589,RELA,CD74,all_caliper_candidates_excluded,False
PBMC10k,all,trrust,6,2587,VDR,TPT1,all_caliper_candidates_excluded,False
PBMC10k,all,trrust,6,2708,ZNF148,VIM,all_caliper_candidates_excluded,False
PBMC10k,all,trrust,6,173,CEBPA,GAPDH,all_caliper_candidates_excluded,False
PBMC10k,all,trrust,6,1479,POU2F2,HLA-DRA,all_caliper_candidates_excluded,False
PBMC10k,all,trrust,6,2302,STAT3,S100A11,all_caliper_candidates_excluded,False
PBMC10k,all,trrust,6,1219,NFKB1,B2M,all_caliper_candidates_excluded,False
PBMC10k,all,trrust,6,1501,PPARD,SAT1,all_caliper_candidates_excluded,False
PBMC10k,all,trrust,6,1660,RELA,S100A6,all_caliper_candidates_excluded,False
PBMC10k,all,trrust,6,2187,SRF,FOS,all_caliper_candidates_excluded,False
PBMC10k,all,trrust,6,1736,RFXAP,HLA-DRA,all_caliper_candidates_excluded,False
PBMC10k,all,trrust,6,746,HIPK2,VIM,all_caliper_candidates_excluded,False
PBMC10k,all,trrust,6,621,HDAC1,HLA-DRA,all_caliper_candidates_excluded,False
PBMC10k,all,trrust,7,1542,RBMX,FOS,all_caliper_candidates_excluded,False
PBMC10k,all,trrust,7,1984,SP1,LYZ,all_caliper_candidates_excluded,False
PBMC10k,all,trrust,7,2383,TCF4,VCAN,all_caliper_candidates_excluded,False
PBMC10k,all,trrust,7,1724,RFXANK,HLA-DRA,all_caliper_candidates_excluded,False
PBMC10k,all,trrust,7,737,HIF1A,VIM,all_caliper_candidates_excluded,False
PBMC10k,all,trrust,7,698,HDGF,VIM,all_caliper_candidates_excluded,False
PBMC10k,all,trrust,7,415,ELK4,FOS,all_caliper_candidates_excluded,False
PBMC10k,all,trrust,7,2271,STAT3,FOS,all_caliper_candidates_excluded,False
PBMC10k,all,trrust,7,196,CEBPB,GNLY,all_caliper_candidates_excluded,False
PBMC10k,all,trrust,7,1431,PARP1,VIM,all_caliper_candidates_excluded,False
PBMC10k,all,trrust,7,713,HIF1A,GAPDH,all_caliper_candidates_excluded,False
PBMC10k,all,trrust,7,2557,USF2,B2M,all_caliper_candidates_excluded,False
PBMC10k,all,trrust,7,1178,NFAT5,LTB,all_caliper_candidates_excluded,False
PBMC10k,all,trrust,7,256,CREB1,FOS,all_caliper_candidates_excluded,False
PBMC10k,all,trrust,7,437,EP300,S100A4,all_caliper_candidates_excluded,False
PBMC10k,all,trrust,7,228,CIITA,HLA-DRA,all_caliper_candidates_excluded,False
PBMC10k,all,trrust,7,2384,TCF4,VIM,all_caliper_candidates_excluded,False
PBMC10k,all,trrust,7,2691,ZBTB7A,FOS,all_caliper_candidates_excluded,False
PBMC10k,all,trrust,7,2302,STAT3,S100A11,all_caliper_candidates_excluded,False
PBMC10k,all,trrust,7,765,HOPX,FOS,all_caliper_candidates_excluded,False
PBMC10k,all,trrust,7,1356,NFKBIA,S100A6,all_caliper_candidates_excluded,False
PBMC10k,all,trrust,7,746,HIPK2,VIM,all_caliper_candidates_excluded,False
PBMC10k,all,trrust,7,540,FOS,FOS,all_caliper_candidates_excluded,False
PBMC10k,all,trrust,7,2587,VDR,TPT1,all_caliper_candidates_excluded,False
PBMC10k,all,trrust,7,1660,RELA,S100A6,all_caliper_candidates_excluded,False
PBMC10k,all,trrust,7,2323,STAT4,S100A4,all_caliper_candidates_excluded,False
PBMC10k,all,trrust,7,2076,SP1,VIM,all_caliper_candidates_excluded,False
PBMC10k,all,trrust,7,2708,ZNF148,VIM,all_caliper_candidates_excluded,False
PBMC10k,all,trrust,7,307,CREM,FOS,all_caliper_candidates_excluded,False
PBMC10k,all,trrust,7,800,ILF3,HLA-DRA,all_caliper_candidates_excluded,False
PBMC10k,all,trrust,7,1865,SMARCA4,FOS,all_caliper_candidates_excluded,False
PBMC10k,all,trrust,7,786,HSF2,FOS,all_caliper_candidates_excluded,False
PBMC10k,all,trrust,7,1698,RFX1,HLA-DRA,all_caliper_candidates_excluded,False
PBMC10k,all,trrust,7,1380,NFYC,FOS,all_caliper_candidates_excluded,False
PBMC10k,all,trrust,7,2545,USF1,S100A6,all_caliper_candidates_excluded,False
PBMC10k,all,trrust,7,762,HMGN1,FOS,all_caliper_candidates_excluded,False
PBMC10k,all,trrust,7,299,CREBBP,S100A4,all_caliper_candidates_excluded,False
PBMC10k,all,trrust,7,1171,NF1,FOS,all_caliper_candidates_excluded,False
PBMC10k,all,trrust,7,2494,TP53,VCAN,all_caliper_candidates_excluded,False
PBMC10k,all,trrust,7,204,CEBPB,S100A9,all_caliper_candidates_excluded,False
PBMC10k,all,trrust,7,1219,NFKB1,B2M,all_caliper_candidates_excluded,False
PBMC10k,all,trrust,7,1736,RFXAP,HLA-DRA,all_caliper_candidates_excluded,False
PBMC10k,all,trrust,7,2654,YY1,HLA-DRA,all_caliper_candidates_excluded,False
PBMC10k,all,trrust,7,173,CEBPA,GAPDH,all_caliper_candidates_excluded,False
PBMC10k,all,trrust,7,1501,PPARD,SAT1,all_caliper_candidates_excluded,False
PBMC10k,all,trrust,7,1950,SP1,FOS,all_caliper_candidates_excluded,False
PBMC10k,all,trrust,7,236,CIITA,S100A4,all_caliper_candidates_excluded,False
PBMC10k,all,trrust,7,43,ARNT,FOS,all_caliper_candidates_excluded,False
PBMC10k,all,trrust,7,184,CEBPA,S100A9,all_caliper_candidates_excluded,False
PBMC10k,all,trrust,7,2137,SPI1,CTSS,all_caliper_candidates_excluded,False
PBMC10k,all,trrust,7,2527,USF1,B2M,all_caliper_candidates_excluded,False
PBMC10k,all,trrust,7,407,ELK1,FOS,all_caliper_candidates_excluded,False
PBMC10k,all,trrust,7,1526,RB1,FOS,all_caliper_candidates_excluded,False
PBMC10k,all,trrust,7,2339,STAT6,FOS,all_caliper_candidates_excluded,False
PBMC10k,all,trrust,7,210,CEBPD,GAPDH,all_caliper_candidates_excluded,False
PBMC10k,all,trrust,7,620,HDAC1,FOS,all_caliper_candidates_excluded,False
PBMC10k,all,trrust,7,1712,RFX5,HLA-DRA,all_caliper_candidates_excluded,False
PBMC10k,all,trrust,7,621,HDAC1,HLA-DRA,all_caliper_candidates_excluded,False
PBMC10k,all,trrust,7,2360,TBP,FOS,all_caliper_candidates_excluded,False
PBMC10k,all,trrust,7,1245,NFKB1,CD74,all_caliper_candidates_excluded,False
PBMC10k,all,trrust,7,1948,SP1,FGL2,all_caliper_candidates_excluded,False
PBMC10k,all,trrust,7,2187,SRF,FOS,all_caliper_candidates_excluded,False
PBMC10k,all,trrust,7,331,CTNNB1,VIM,all_caliper_candidates_excluded,False
PBMC10k,all,trrust,7,1799,SFPQ,NEAT1,all_caliper_candidates_excluded,False
PBMC10k,all,trrust,7,1589,RELA,CD74,all_caliper_candidates_excluded,False
PBMC10k,all,trrust,7,1372,NFYB,FOS,all_caliper_candidates_excluded,False
PBMC10k,all,trrust,7,1164,NCOA6,FOS,all_caliper_candidates_excluded,False
PBMC10k,all,trrust,7,2698,ZEB2,VIM,all_caliper_candidates_excluded,False
PBMC10k,all,trrust,7,1479,POU2F2,HLA-DRA,all_caliper_candidates_excluded,False
PBMC10k,all,trrust,7,16,AHR,FOS,all_caliper_candidates_excluded,False
PBMC10k,all,trrust,7,1316,NFKB1,S100A6,all_caliper_candidates_excluded,False
PBMC10k,all,trrust,8,1950,SP1,FOS,all_caliper_candidates_excluded,False
PBMC10k,all,trrust,8,1501,PPARD,SAT1,all_caliper_candidates_excluded,False
PBMC10k,all,trrust,8,1171,NF1,FOS,all_caliper_candidates_excluded,False
PBMC10k,all,trrust,8,1712,RFX5,HLA-DRA,all_caliper_candidates_excluded,False
PBMC10k,all,trrust,8,1380,NFYC,FOS,all_caliper_candidates_excluded,False
PBMC10k,all,trrust,8,713,HIF1A,GAPDH,all_caliper_candidates_excluded,False
PBMC10k,all,trrust,8,2323,STAT4,S100A4,all_caliper_candidates_excluded,False
PBMC10k,all,trrust,8,1164,NCOA6,FOS,all_caliper_candidates_excluded,False
PBMC10k,all,trrust,8,1724,RFXANK,HLA-DRA,all_caliper_candidates_excluded,False
PBMC10k,all,trrust,8,698,HDGF,VIM,all_caliper_candidates_excluded,False
PBMC10k,all,trrust,8,1698,RFX1,HLA-DRA,all_caliper_candidates_excluded,False
PBMC10k,all,trrust,8,765,HOPX,FOS,all_caliper_candidates_excluded,False
PBMC10k,all,trrust,8,2494,TP53,VCAN,all_caliper_candidates_excluded,False
PBMC10k,all,trrust,8,1316,NFKB1,S100A6,all_caliper_candidates_excluded,False
PBMC10k,all,trrust,8,620,HDAC1,FOS,all_caliper_candidates_excluded,False
PBMC10k,all,trrust,8,204,CEBPB,S100A9,all_caliper_candidates_excluded,False
PBMC10k,all,trrust,8,2383,TCF4,VCAN,all_caliper_candidates_excluded,False
PBMC10k,all,trrust,8,2137,SPI1,CTSS,all_caliper_candidates_excluded,False
PBMC10k,all,trrust,8,307,CREM,FOS,all_caliper_candidates_excluded,False
PBMC10k,all,trrust,8,228,CIITA,HLA-DRA,all_caliper_candidates_excluded,False
PBMC10k,all,trrust,8,2557,USF2,B2M,all_caliper_candidates_excluded,False
PBMC10k,all,trrust,8,331,CTNNB1,VIM,all_caliper_candidates_excluded,False
PBMC10k,all,trrust,8,2187,SRF,FOS,all_caliper_candidates_excluded,False
PBMC10k,all,trrust,8,1219,NFKB1,B2M,all_caliper_candidates_excluded,False
PBMC10k,all,trrust,8,1178,NFAT5,LTB,all_caliper_candidates_excluded,False
PBMC10k,all,trrust,8,1799,SFPQ,NEAT1,all_caliper_candidates_excluded,False
PBMC10k,all,trrust,8,1372,NFYB,FOS,all_caliper_candidates_excluded,False
PBMC10k,all,trrust,8,236,CIITA,S100A4,all_caliper_candidates_excluded,False
PBMC10k,all,trrust,8,2384,TCF4,VIM,all_caliper_candidates_excluded,False
PBMC10k,all,trrust,8,184,CEBPA,S100A9,all_caliper_candidates_excluded,False
PBMC10k,all,trrust,8,210,CEBPD,GAPDH,all_caliper_candidates_excluded,False
PBMC10k,all,trrust,8,173,CEBPA,GAPDH,all_caliper_candidates_excluded,False
PBMC10k,all,trrust,8,786,HSF2,FOS,all_caliper_candidates_excluded,False
PBMC10k,all,trrust,8,1526,RB1,FOS,all_caliper_candidates_excluded,False
PBMC10k,all,trrust,8,2698,ZEB2,VIM,all_caliper_candidates_excluded,False
PBMC10k,all,trrust,8,2708,ZNF148,VIM,all_caliper_candidates_excluded,False
PBMC10k,all,trrust,8,16,AHR,FOS,all_caliper_candidates_excluded,False
PBMC10k,all,trrust,8,1984,SP1,LYZ,all_caliper_candidates_excluded,False
PBMC10k,all,trrust,8,2302,STAT3,S100A11,all_caliper_candidates_excluded,False
PBMC10k,all,trrust,8,1356,NFKBIA,S100A6,all_caliper_candidates_excluded,False
PBMC10k,all,trrust,8,2587,VDR,TPT1,all_caliper_candidates_excluded,False
PBMC10k,all,trrust,8,1245,NFKB1,CD74,all_caliper_candidates_excluded,False
PBMC10k,all,trrust,8,621,HDAC1,HLA-DRA,all_caliper_candidates_excluded,False
PBMC10k,all,trrust,8,196,CEBPB,GNLY,all_caliper_candidates_excluded,False
PBMC10k,all,trrust,8,43,ARNT,FOS,all_caliper_candidates_excluded,False
PBMC10k,all,trrust,8,746,HIPK2,VIM,all_caliper_candidates_excluded,False
PBMC10k,all,trrust,8,1542,RBMX,FOS,all_caliper_candidates_excluded,False
PBMC10k,all,trrust,8,737,HIF1A,VIM,all_caliper_candidates_excluded,False
PBMC10k,all,trrust,8,540,FOS,FOS,all_caliper_candidates_excluded,False
PBMC10k,all,trrust,8,2545,USF1,S100A6,all_caliper_candidates_excluded,False
PBMC10k,all,trrust,8,1479,POU2F2,HLA-DRA,all_caliper_candidates_excluded,False
PBMC10k,all,trrust,8,2339,STAT6,FOS,all_caliper_candidates_excluded,False
PBMC10k,all,trrust,8,762,HMGN1,FOS,all_caliper_candidates_excluded,False
PBMC10k,all,trrust,8,1865,SMARCA4,FOS,all_caliper_candidates_excluded,False
PBMC10k,all,trrust,8,299,CREBBP,S100A4,all_caliper_candidates_excluded,False
PBMC10k,all,trrust,8,800,ILF3,HLA-DRA,all_caliper_candidates_excluded,False
PBMC10k,all,trrust,8,437,EP300,S100A4,all_caliper_candidates_excluded,False
PBMC10k,all,trrust,8,1660,RELA,S100A6,all_caliper_candidates_excluded,False
PBMC10k,all,trrust,8,1431,PARP1,VIM,all_caliper_candidates_excluded,False
PBMC10k,all,trrust,8,256,CREB1,FOS,all_caliper_candidates_excluded,False
PBMC10k,all,trrust,8,2654,YY1,HLA-DRA,all_caliper_candidates_excluded,False
PBMC10k,all,trrust,8,1589,RELA,CD74,all_caliper_candidates_excluded,False
PBMC10k,all,trrust,8,2076,SP1,VIM,all_caliper_candidates_excluded,False
PBMC10k,all,trrust,8,2360,TBP,FOS,all_caliper_candidates_excluded,False
PBMC10k,all,trrust,8,407,ELK1,FOS,all_caliper_candidates_excluded,False
PBMC10k,all,trrust,8,1736,RFXAP,HLA-DRA,all_caliper_candidates_excluded,False
PBMC10k,all,trrust,8,2527,USF1,B2M,all_caliper_candidates_excluded,False
PBMC10k,all,trrust,8,2271,STAT3,FOS,all_caliper_candidates_excluded,False
PBMC10k,all,trrust,8,1948,SP1,FGL2,all_caliper_candidates_excluded,False
PBMC10k,all,trrust,8,2691,ZBTB7A,FOS,all_caliper_candidates_excluded,False
PBMC10k,all,trrust,8,415,ELK4,FOS,all_caliper_candidates_excluded,False
PBMC10k,all,trrust,9,1948,SP1,FGL2,all_caliper_candidates_excluded,False
PBMC10k,all,trrust,9,2545,USF1,S100A6,all_caliper_candidates_excluded,False
PBMC10k,all,trrust,9,1724,RFXANK,HLA-DRA,all_caliper_candidates_excluded,False
PBMC10k,all,trrust,9,16,AHR,FOS,all_caliper_candidates_excluded,False
PBMC10k,all,trrust,9,2302,STAT3,S100A11,all_caliper_candidates_excluded,False
PBMC10k,all,trrust,9,737,HIF1A,VIM,all_caliper_candidates_excluded,False
PBMC10k,all,trrust,9,196,CEBPB,GNLY,all_caliper_candidates_excluded,False
PBMC10k,all,trrust,9,2494,TP53,VCAN,all_caliper_candidates_excluded,False
PBMC10k,all,trrust,9,43,ARNT,FOS,all_caliper_candidates_excluded,False
PBMC10k,all,trrust,9,1501,PPARD,SAT1,all_caliper_candidates_excluded,False
PBMC10k,all,trrust,9,1380,NFYC,FOS,all_caliper_candidates_excluded,False
PBMC10k,all,trrust,9,236,CIITA,S100A4,all_caliper_candidates_excluded,False
PBMC10k,all,trrust,9,307,CREM,FOS,all_caliper_candidates_excluded,False
PBMC10k,all,trrust,9,2271,STAT3,FOS,all_caliper_candidates_excluded,False
PBMC10k,all,trrust,9,2654,YY1,HLA-DRA,all_caliper_candidates_excluded,False
PBMC10k,all,trrust,9,173,CEBPA,GAPDH,all_caliper_candidates_excluded,False
PBMC10k,all,trrust,9,2708,ZNF148,VIM,all_caliper_candidates_excluded,False
PBMC10k,all,trrust,9,2137,SPI1,CTSS,all_caliper_candidates_excluded,False
PBMC10k,all,trrust,9,621,HDAC1,HLA-DRA,all_caliper_candidates_excluded,False
PBMC10k,all,trrust,9,765,HOPX,FOS,all_caliper_candidates_excluded,False
PBMC10k,all,trrust,9,1219,NFKB1,B2M,all_caliper_candidates_excluded,False
PBMC10k,all,trrust,9,1178,NFAT5,LTB,all_caliper_candidates_excluded,False
PBMC10k,all,trrust,9,1372,NFYB,FOS,all_caliper_candidates_excluded,False
PBMC10k,all,trrust,9,746,HIPK2,VIM,all_caliper_candidates_excluded,False
PBMC10k,all,trrust,9,1698,RFX1,HLA-DRA,all_caliper_candidates_excluded,False
PBMC10k,all,trrust,9,2187,SRF,FOS,all_caliper_candidates_excluded,False
PBMC10k,all,trrust,9,786,HSF2,FOS,all_caliper_candidates_excluded,False
PBMC10k,all,trrust,9,540,FOS,FOS,all_caliper_candidates_excluded,False
PBMC10k,all,trrust,9,228,CIITA,HLA-DRA,all_caliper_candidates_excluded,False
PBMC10k,all,trrust,9,1984,SP1,LYZ,all_caliper_candidates_excluded,False
PBMC10k,all,trrust,9,1950,SP1,FOS,all_caliper_candidates_excluded,False
PBMC10k,all,trrust,9,713,HIF1A,GAPDH,all_caliper_candidates_excluded,False
PBMC10k,all,trrust,9,2557,USF2,B2M,all_caliper_candidates_excluded,False
PBMC10k,all,trrust,9,407,ELK1,FOS,all_caliper_candidates_excluded,False
PBMC10k,all,trrust,9,1316,NFKB1,S100A6,all_caliper_candidates_excluded,False
PBMC10k,all,trrust,9,210,CEBPD,GAPDH,all_caliper_candidates_excluded,False
PBMC10k,all,trrust,9,1660,RELA,S100A6,all_caliper_candidates_excluded,False
PBMC10k,all,trrust,9,1431,PARP1,VIM,all_caliper_candidates_excluded,False
PBMC10k,all,trrust,9,2527,USF1,B2M,all_caliper_candidates_excluded,False
PBMC10k,all,trrust,9,2384,TCF4,VIM,all_caliper_candidates_excluded,False
PBMC10k,all,trrust,9,2339,STAT6,FOS,all_caliper_candidates_excluded,False
PBMC10k,all,trrust,9,2587,VDR,TPT1,all_caliper_candidates_excluded,False
PBMC10k,all,trrust,9,2698,ZEB2,VIM,all_caliper_candidates_excluded,False
PBMC10k,all,trrust,9,800,ILF3,HLA-DRA,all_caliper_candidates_excluded,False
PBMC10k,all,trrust,9,1171,NF1,FOS,all_caliper_candidates_excluded,False
PBMC10k,all,trrust,9,762,HMGN1,FOS,all_caliper_candidates_excluded,False
PBMC10k,all,trrust,9,256,CREB1,FOS,all_caliper_candidates_excluded,False
PBMC10k,all,trrust,9,2360,TBP,FOS,all_caliper_candidates_excluded,False
PBMC10k,all,trrust,9,2383,TCF4,VCAN,all_caliper_candidates_excluded,False
PBMC10k,all,trrust,9,1865,SMARCA4,FOS,all_caliper_candidates_excluded,False
PBMC10k,all,trrust,9,1799,SFPQ,NEAT1,all_caliper_candidates_excluded,False
PBMC10k,all,trrust,9,1526,RB1,FOS,all_caliper_candidates_excluded,False
PBMC10k,all,trrust,9,1245,NFKB1,CD74,all_caliper_candidates_excluded,False
PBMC10k,all,trrust,9,415,ELK4,FOS,all_caliper_candidates_excluded,False
PBMC10k,all,trrust,9,204,CEBPB,S100A9,all_caliper_candidates_excluded,False
PBMC10k,all,trrust,9,1589,RELA,CD74,all_caliper_candidates_excluded,False
PBMC10k,all,trrust,9,1542,RBMX,FOS,all_caliper_candidates_excluded,False
PBMC10k,all,trrust,9,620,HDAC1,FOS,all_caliper_candidates_excluded,False
PBMC10k,all,trrust,9,184,CEBPA,S100A9,all_caliper_candidates_excluded,False
PBMC10k,all,trrust,9,698,HDGF,VIM,all_caliper_candidates_excluded,False
PBMC10k,all,trrust,9,331,CTNNB1,VIM,all_caliper_candidates_excluded,False
PBMC10k,all,trrust,9,1479,POU2F2,HLA-DRA,all_caliper_candidates_excluded,False
PBMC10k,all,trrust,9,1356,NFKBIA,S100A6,all_caliper_candidates_excluded,False
PBMC10k,all,trrust,9,2691,ZBTB7A,FOS,all_caliper_candidates_excluded,False
PBMC10k,all,trrust,9,1712,RFX5,HLA-DRA,all_caliper_candidates_excluded,False
PBMC10k,all,trrust,9,437,EP300,S100A4,all_caliper_candidates_excluded,False
PBMC10k,all,trrust,9,1736,RFXAP,HLA-DRA,all_caliper_candidates_excluded,False
PBMC10k,all,trrust,9,299,CREBBP,S100A4,all_caliper_candidates_excluded,False
PBMC10k,all,trrust,9,1164,NCOA6,FOS,all_caliper_candidates_excluded,False
PBMC10k,all,trrust,9,2076,SP1,VIM,all_caliper_candidates_excluded,False
PBMC10k,all,trrust,9,2323,STAT4,S100A4,all_caliper_candidates_excluded,False
PBMC10k,all,dorothea_ab,0,4931,ETS1,ACTB,all_caliper_candidates_excluded,False
PBMC10k,all,dorothea_ab,0,3725,NFYB,CD74,all_caliper_candidates_excluded,False
PBMC10k,all,dorothea_ab,0,408,MYC,GAPDH,all_caliper_candidates_excluded,False
PBMC10k,all,dorothea_ab,0,1670,JUN,FOS,all_caliper_candidates_excluded,False
PBMC10k,all,dorothea_ab,0,1139,CEBPA,FGL2,all_caliper_candidates_excluded,False
PBMC10k,all,dorothea_ab,0,1675,TP53,FOS,all_caliper_candidates_excluded,False
PBMC10k,all,dorothea_ab,0,2708,TP53,ACTB,all_caliper_candidates_excluded,False
PBMC10k,all,dorothea_ab,0,620,MYC,RPL10,all_caliper_candidates_excluded,False
PBMC10k,all,dorothea_ab,0,2279,SPI1,AIF1,all_caliper_candidates_excluded,False
PBMC10k,all,dorothea_ab,0,1878,STAT1,FOS,all_caliper_candidates_excluded,False
PBMC10k,all,dorothea_ab,0,1512,SP1,VIM,all_caliper_candidates_excluded,False
PBMC10k,all,dorothea_ab,0,5262,ETS1,TMSB4X,all_caliper_candidates_excluded,False
PBMC10k,all,dorothea_ab,0,1764,HIF1A,GAPDH,all_caliper_candidates_excluded,False
PBMC10k,all,dorothea_ab,0,724,FLI1,FOS,all_caliper_candidates_excluded,False
PBMC10k,all,dorothea_ab,0,1676,SP1,FOS,all_caliper_candidates_excluded,False
PBMC10k,all,dorothea_ab,0,1298,RELA,S100A6,all_caliper_candidates_excluded,False
PBMC10k,all,dorothea_ab,0,423,CEBPB,S100A9,all_caliper_candidates_excluded,False
PBMC10k,all,dorothea_ab,0,2892,VDR,EEF1A1,all_caliper_candidates_excluded,False
PBMC10k,all,dorothea_ab,0,1992,CREB1,HLA-DRA,all_caliper_candidates_excluded,False
PBMC10k,all,dorothea_ab,0,2036,SRF,ACTB,all_caliper_candidates_excluded,False
PBMC10k,all,dorothea_ab,0,1626,POU2F1,HLA-DRA,all_caliper_candidates_excluded,False
PBMC10k,all,dorothea_ab,0,924,SPI1,B2M,all_caliper_candidates_excluded,False
PBMC10k,all,dorothea_ab,0,3563,TBP,ACTB,all_caliper_candidates_excluded,False
PBMC10k,all,dorothea_ab,0,1940,ETS1,LTB,all_caliper_candidates_excluded,False
PBMC10k,all,dorothea_ab,0,631,RELA,CD74,all_caliper_candidates_excluded,False
PBMC10k,all,dorothea_ab,0,282,RFX5,HLA-DRA,all_caliper_candidates_excluded,False
PBMC10k,all,dorothea_ab,0,414,AHR,FOS,all_caliper_candidates_excluded,False
PBMC10k,all,dorothea_ab,0,1414,ELK3,FOS,all_caliper_candidates_excluded,False
PBMC10k,all,dorothea_ab,0,533,NFAT5,S100A4,all_caliper_candidates_excluded,False
PBMC10k,all,dorothea_ab,0,1947,TP53,EEF1A1,all_caliper_candidates_excluded,False
PBMC10k,all,dorothea_ab,0,1555,SRF,FOS,all_caliper_candidates_excluded,False
PBMC10k,all,dorothea_ab,0,2064,SPI1,CTSS,all_caliper_candidates_excluded,False
PBMC10k,all,dorothea_ab,0,626,NFKB1,CD74,all_caliper_candidates_excluded,False
PBMC10k,all,dorothea_ab,0,725,ETS2,FOS,all_caliper_candidates_excluded,False
PBMC10k,all,dorothea_ab,0,2872,VDR,ACTB,all_caliper_candidates_excluded,False
PBMC10k,all,dorothea_ab,0,777,E2F4,LGALS1,all_caliper_candidates_excluded,False
PBMC10k,all,dorothea_ab,0,357,MYC,LTB,all_caliper_candidates_excluded,False
PBMC10k,all,dorothea_ab,0,443,CEBPA,S100A9,all_caliper_candidates_excluded,False
PBMC10k,all,dorothea_ab,0,1725,ELK1,FOS,all_caliper_candidates_excluded,False
PBMC10k,all,dorothea_ab,0,2059,ZEB2,VIM,all_caliper_candidates_excluded,False
PBMC10k,all,dorothea_ab,0,1104,NFYA,ACTB,all_caliper_candidates_excluded,False
PBMC10k,all,dorothea_ab,0,2549,NFYA,CD74,all_caliper_candidates_excluded,False
PBMC10k,all,dorothea_ab,0,1632,STAT3,FOS,all_caliper_candidates_excluded,False
PBMC10k,all,dorothea_ab,0,1107,ATF2,FOS,all_caliper_candidates_excluded,False
PBMC10k,all,dorothea_ab,0,1368,CREB1,FOS,all_caliper_candidates_excluded,False
PBMC10k,all,dorothea_ab,0,2470,GATA3,TMSB4X,all_caliper_candidates_excluded,False
PBMC10k,all,dorothea_ab,0,1985,JUN,VIM,all_caliper_candidates_excluded,False
PBMC10k,all,dorothea_ab,0,1529,USF1,S100A6,all_caliper_candidates_excluded,False
PBMC10k,all,dorothea_ab,0,720,FOS,HLA-DRA,all_caliper_candidates_excluded,False
PBMC10k,all,dorothea_ab,0,1028,TCF7L2,VIM,all_caliper_candidates_excluded,False
PBMC10k,all,dorothea_ab,0,1735,HIF1A,LGALS1,all_caliper_candidates_excluded,False
PBMC10k,all,dorothea_ab,0,968,NFYB,ACTB,all_caliper_candidates_excluded,False
PBMC10k,all,dorothea_ab,0,1328,TP53,VCAN,all_caliper_candidates_excluded,False
PBMC10k,all,dorothea_ab,0,126,SPI1,FOS,all_caliper_candidates_excluded,False
PBMC10k,all,dorothea_ab,0,1576,CEBPB,FOS,all_caliper_candidates_excluded,False
PBMC10k,all,dorothea_ab,0,1385,CREM,FOS,all_caliper_candidates_excluded,False
PBMC10k,all,dorothea_ab,0,1951,STAT4,S100A4,all_caliper_candidates_excluded,False
PBMC10k,all,dorothea_ab,0,950,RFX5,CD74,all_caliper_candidates_excluded,False
PBMC10k,all,dorothea_ab,0,3637,STAT1,S100A11,all_caliper_candidates_excluded,False
PBMC10k,all,dorothea_ab,0,421,CEBPD,GAPDH,all_caliper_candidates_excluded,False
PBMC10k,all,dorothea_ab,0,3130,STAT1,ACTB,all_caliper_candidates_excluded,False
PBMC10k,all,dorothea_ab,0,4584,CREB1,CD74,all_caliper_candidates_excluded,False
PBMC10k,all,dorothea_ab,0,636,PPARD,SAT1,all_caliper_candidates_excluded,False
PBMC10k,all,dorothea_ab,0,1312,SP1,FGL2,all_caliper_candidates_excluded,False
PBMC10k,all,dorothea_ab,0,194,USF1,B2M,all_caliper_candidates_excluded,False
PBMC10k,all,dorothea_ab,0,418,CEBPA,GAPDH,all_caliper_candidates_excluded,False
PBMC10k,all,dorothea_ab,0,4917,ETS1,EEF1A1,all_caliper_candidates_excluded,False
PBMC10k,all,dorothea_ab,0,1737,ELK4,FOS,all_caliper_candidates_excluded,False
PBMC10k,all,dorothea_ab,0,3718,E2F4,ACTB,all_caliper_candidates_excluded,False
PBMC10k,all,dorothea_ab,0,1039,MYC,RPL13,all_caliper_candidates_excluded,False
PBMC10k,all,dorothea_ab,0,2121,SPI1,TYROBP,all_caliper_candidates_excluded,False
PBMC10k,all,dorothea_ab,0,1850,ETS1,FOS,all_caliper_candidates_excluded,False
PBMC10k,all,dorothea_ab,0,208,USF2,B2M,all_caliper_candidates_excluded,False
PBMC10k,all,dorothea_ab,0,161,STAT6,FOS,all_caliper_candidates_excluded,False
PBMC10k,all,dorothea_ab,0,1066,NFKB1,VIM,all_caliper_candidates_excluded,False
PBMC10k,all,dorothea_ab,0,81,NFKB1,B2M,all_caliper_candidates_excluded,False
PBMC10k,all,dorothea_ab,0,1870,STAT3,S100A11,all_caliper_candidates_excluded,False
PBMC10k,all,dorothea_ab,0,157,TCF4,VIM,all_caliper_candidates_excluded,False
PBMC10k,all,dorothea_ab,0,616,MYC,RPL27A,all_caliper_candidates_excluded,False
PBMC10k,all,dorothea_ab,0,1866,POU2F2,HLA-DRA,all_caliper_candidates_excluded,False
PBMC10k,all,dorothea_ab,0,3407,SPI1,FYB1,caliper_candidates_exhausted_by_unique_constraint,False
PBMC10k,all,dorothea_ab,0,3106,STAT1,FYB1,caliper_candidates_exhausted_by_unique_constraint,False
PBMC10k,all,dorothea_ab,1,126,SPI1,FOS,all_caliper_candidates_excluded,False
PBMC10k,all,dorothea_ab,1,1107,ATF2,FOS,all_caliper_candidates_excluded,False
PBMC10k,all,dorothea_ab,1,1139,CEBPA,FGL2,all_caliper_candidates_excluded,False
PBMC10k,all,dorothea_ab,1,421,CEBPD,GAPDH,all_caliper_candidates_excluded,False
PBMC10k,all,dorothea_ab,1,1735,HIF1A,LGALS1,all_caliper_candidates_excluded,False
PBMC10k,all,dorothea_ab,1,1878,STAT1,FOS,all_caliper_candidates_excluded,False
PBMC10k,all,dorothea_ab,1,1985,JUN,VIM,all_caliper_candidates_excluded,False
PBMC10k,all,dorothea_ab,1,423,CEBPB,S100A9,all_caliper_candidates_excluded,False
PBMC10k,all,dorothea_ab,1,357,MYC,LTB,all_caliper_candidates_excluded,False
PBMC10k,all,dorothea_ab,1,725,ETS2,FOS,all_caliper_candidates_excluded,False
PBMC10k,all,dorothea_ab,1,1512,SP1,VIM,all_caliper_candidates_excluded,False
PBMC10k,all,dorothea_ab,1,208,USF2,B2M,all_caliper_candidates_excluded,False
PBMC10k,all,dorothea_ab,1,81,NFKB1,B2M,all_caliper_candidates_excluded,False
PBMC10k,all,dorothea_ab,1,1992,CREB1,HLA-DRA,all_caliper_candidates_excluded,False
PBMC10k,all,dorothea_ab,1,1764,HIF1A,GAPDH,all_caliper_candidates_excluded,False
PBMC10k,all,dorothea_ab,1,1028,TCF7L2,VIM,all_caliper_candidates_excluded,False
PBMC10k,all,dorothea_ab,1,414,AHR,FOS,all_caliper_candidates_excluded,False
PBMC10k,all,dorothea_ab,1,2121,SPI1,TYROBP,all_caliper_candidates_excluded,False
PBMC10k,all,dorothea_ab,1,636,PPARD,SAT1,all_caliper_candidates_excluded,False
PBMC10k,all,dorothea_ab,1,924,SPI1,B2M,all_caliper_candidates_excluded,False
PBMC10k,all,dorothea_ab,1,2549,NFYA,CD74,all_caliper_candidates_excluded,False
PBMC10k,all,dorothea_ab,1,2036,SRF,ACTB,all_caliper_candidates_excluded,False
PBMC10k,all,dorothea_ab,1,443,CEBPA,S100A9,all_caliper_candidates_excluded,False
PBMC10k,all,dorothea_ab,1,950,RFX5,CD74,all_caliper_candidates_excluded,False
PBMC10k,all,dorothea_ab,1,1866,POU2F2,HLA-DRA,all_caliper_candidates_excluded,False
PBMC10k,all,dorothea_ab,1,1676,SP1,FOS,all_caliper_candidates_excluded,False
PBMC10k,all,dorothea_ab,1,1529,USF1,S100A6,all_caliper_candidates_excluded,False
PBMC10k,all,dorothea_ab,1,1951,STAT4,S100A4,all_caliper_candidates_excluded,False
PBMC10k,all,dorothea_ab,1,194,USF1,B2M,all_caliper_candidates_excluded,False
PBMC10k,all,dorothea_ab,1,2872,VDR,ACTB,all_caliper_candidates_excluded,False
PBMC10k,all,dorothea_ab,1,2064,SPI1,CTSS,all_caliper_candidates_excluded,False
PBMC10k,all,dorothea_ab,1,631,RELA,CD74,all_caliper_candidates_excluded,False
PBMC10k,all,dorothea_ab,1,408,MYC,GAPDH,all_caliper_candidates_excluded,False
PBMC10k,all,dorothea_ab,1,161,STAT6,FOS,all_caliper_candidates_excluded,False
PBMC10k,all,dorothea_ab,1,3563,TBP,ACTB,all_caliper_candidates_excluded,False
PBMC10k,all,dorothea_ab,1,2892,VDR,EEF1A1,all_caliper_candidates_excluded,False
PBMC10k,all,dorothea_ab,1,2059,ZEB2,VIM,all_caliper_candidates_excluded,False
PBMC10k,all,dorothea_ab,1,2470,GATA3,TMSB4X,all_caliper_candidates_excluded,False
PBMC10k,all,dorothea_ab,1,2708,TP53,ACTB,all_caliper_candidates_excluded,False
PBMC10k,all,dorothea_ab,1,620,MYC,RPL10,all_caliper_candidates_excluded,False
PBMC10k,all,dorothea_ab,1,3725,NFYB,CD74,all_caliper_candidates_excluded,False
PBMC10k,all,dorothea_ab,1,1632,STAT3,FOS,all_caliper_candidates_excluded,False
PBMC10k,all,dorothea_ab,1,4931,ETS1,ACTB,all_caliper_candidates_excluded,False
PBMC10k,all,dorothea_ab,1,777,E2F4,LGALS1,all_caliper_candidates_excluded,False
PBMC10k,all,dorothea_ab,1,720,FOS,HLA-DRA,all_caliper_candidates_excluded,False
PBMC10k,all,dorothea_ab,1,1947,TP53,EEF1A1,all_caliper_candidates_excluded,False
PBMC10k,all,dorothea_ab,1,4584,CREB1,CD74,all_caliper_candidates_excluded,False
PBMC10k,all,dorothea_ab,1,1870,STAT3,S100A11,all_caliper_candidates_excluded,False
PBMC10k,all,dorothea_ab,1,616,MYC,RPL27A,all_caliper_candidates_excluded,False
PBMC10k,all,dorothea_ab,1,1675,TP53,FOS,all_caliper_candidates_excluded,False
PBMC10k,all,dorothea_ab,1,1626,POU2F1,HLA-DRA,all_caliper_candidates_excluded,False
PBMC10k,all,dorothea_ab,1,282,RFX5,HLA-DRA,all_caliper_candidates_excluded,False
PBMC10k,all,dorothea_ab,1,724,FLI1,FOS,all_caliper_candidates_excluded,False
PBMC10k,all,dorothea_ab,1,1328,TP53,VCAN,all_caliper_candidates_excluded,False
PBMC10k,all,dorothea_ab,1,1737,ELK4,FOS,all_caliper_candidates_excluded,False
PBMC10k,all,dorothea_ab,1,5262,ETS1,TMSB4X,all_caliper_candidates_excluded,False
PBMC10k,all,dorothea_ab,1,1940,ETS1,LTB,all_caliper_candidates_excluded,False
PBMC10k,all,dorothea_ab,1,1725,ELK1,FOS,all_caliper_candidates_excluded,False
PBMC10k,all,dorothea_ab,1,1039,MYC,RPL13,all_caliper_candidates_excluded,False
PBMC10k,all,dorothea_ab,1,3637,STAT1,S100A11,all_caliper_candidates_excluded,False
PBMC10k,all,dorothea_ab,1,1368,CREB1,FOS,all_caliper_candidates_excluded,False
PBMC10k,all,dorothea_ab,1,1298,RELA,S100A6,all_caliper_candidates_excluded,False
PBMC10k,all,dorothea_ab,1,968,NFYB,ACTB,all_caliper_candidates_excluded,False
PBMC10k,all,dorothea_ab,1,1850,ETS1,FOS,all_caliper_candidates_excluded,False
PBMC10k,all,dorothea_ab,1,3130,STAT1,ACTB,all_caliper_candidates_excluded,False
PBMC10k,all,dorothea_ab,1,157,TCF4,VIM,all_caliper_candidates_excluded,False
PBMC10k,all,dorothea_ab,1,4917,ETS1,EEF1A1,all_caliper_candidates_excluded,False
PBMC10k,all,dorothea_ab,1,3718,E2F4,ACTB,all_caliper_candidates_excluded,False
PBMC10k,all,dorothea_ab,1,626,NFKB1,CD74,all_caliper_candidates_excluded,False
PBMC10k,all,dorothea_ab,1,1312,SP1,FGL2,all_caliper_candidates_excluded,False
PBMC10k,all,dorothea_ab,1,1576,CEBPB,FOS,all_caliper_candidates_excluded,False
PBMC10k,all,dorothea_ab,1,1385,CREM,FOS,all_caliper_candidates_excluded,False
PBMC10k,all,dorothea_ab,1,1414,ELK3,FOS,all_caliper_candidates_excluded,False
PBMC10k,all,dorothea_ab,1,1104,NFYA,ACTB,all_caliper_candidates_excluded,False
PBMC10k,all,dorothea_ab,1,418,CEBPA,GAPDH,all_caliper_candidates_excluded,False
PBMC10k,all,dorothea_ab,1,533,NFAT5,S100A4,all_caliper_candidates_excluded,False
PBMC10k,all,dorothea_ab,1,1555,SRF,FOS,all_caliper_candidates_excluded,False
PBMC10k,all,dorothea_ab,1,2279,SPI1,AIF1,all_caliper_candidates_excluded,False
PBMC10k,all,dorothea_ab,1,1670,JUN,FOS,all_caliper_candidates_excluded,False
PBMC10k,all,dorothea_ab,1,1066,NFKB1,VIM,all_caliper_candidates_excluded,False
PBMC10k,all,dorothea_ab,1,1273,STAT1,S100A10,caliper_candidates_exhausted_by_unique_constraint,False
PBMC10k,all,dorothea_ab,1,3319,SPI1,LCP1,caliper_candidates_exhausted_by_unique_constraint,False
PBMC10k,all,dorothea_ab,2,1940,ETS1,LTB,all_caliper_candidates_excluded,False
PBMC10k,all,dorothea_ab,2,4584,CREB1,CD74,all_caliper_candidates_excluded,False
PBMC10k,all,dorothea_ab,2,4931,ETS1,ACTB,all_caliper_candidates_excluded,False
PBMC10k,all,dorothea_ab,2,1104,NFYA,ACTB,all_caliper_candidates_excluded,False
PBMC10k,all,dorothea_ab,2,725,ETS2,FOS,all_caliper_candidates_excluded,False
PBMC10k,all,dorothea_ab,2,1878,STAT1,FOS,all_caliper_candidates_excluded,False
PBMC10k,all,dorothea_ab,2,1764,HIF1A,GAPDH,all_caliper_candidates_excluded,False
PBMC10k,all,dorothea_ab,2,1555,SRF,FOS,all_caliper_candidates_excluded,False
PBMC10k,all,dorothea_ab,2,2036,SRF,ACTB,all_caliper_candidates_excluded,False
PBMC10k,all,dorothea_ab,2,968,NFYB,ACTB,all_caliper_candidates_excluded,False
PBMC10k,all,dorothea_ab,2,2121,SPI1,TYROBP,all_caliper_candidates_excluded,False
PBMC10k,all,dorothea_ab,2,1735,HIF1A,LGALS1,all_caliper_candidates_excluded,False
PBMC10k,all,dorothea_ab,2,2064,SPI1,CTSS,all_caliper_candidates_excluded,False
PBMC10k,all,dorothea_ab,2,1576,CEBPB,FOS,all_caliper_candidates_excluded,False
PBMC10k,all,dorothea_ab,2,533,NFAT5,S100A4,all_caliper_candidates_excluded,False
PBMC10k,all,dorothea_ab,2,1737,ELK4,FOS,all_caliper_candidates_excluded,False
PBMC10k,all,dorothea_ab,2,421,CEBPD,GAPDH,all_caliper_candidates_excluded,False
PBMC10k,all,dorothea_ab,2,1626,POU2F1,HLA-DRA,all_caliper_candidates_excluded,False
PBMC10k,all,dorothea_ab,2,2279,SPI1,AIF1,all_caliper_candidates_excluded,False
PBMC10k,all,dorothea_ab,2,4917,ETS1,EEF1A1,all_caliper_candidates_excluded,False
PBMC10k,all,dorothea_ab,2,423,CEBPB,S100A9,all_caliper_candidates_excluded,False
PBMC10k,all,dorothea_ab,2,626,NFKB1,CD74,all_caliper_candidates_excluded,False
PBMC10k,all,dorothea_ab,2,1066,NFKB1,VIM,all_caliper_candidates_excluded,False
PBMC10k,all,dorothea_ab,2,126,SPI1,FOS,all_caliper_candidates_excluded,False
PBMC10k,all,dorothea_ab,2,724,FLI1,FOS,all_caliper_candidates_excluded,False
PBMC10k,all,dorothea_ab,2,2470,GATA3,TMSB4X,all_caliper_candidates_excluded,False
PBMC10k,all,dorothea_ab,2,194,USF1,B2M,all_caliper_candidates_excluded,False
PBMC10k,all,dorothea_ab,2,408,MYC,GAPDH,all_caliper_candidates_excluded,False
PBMC10k,all,dorothea_ab,2,1328,TP53,VCAN,all_caliper_candidates_excluded,False
PBMC10k,all,dorothea_ab,2,208,USF2,B2M,all_caliper_candidates_excluded,False
PBMC10k,all,dorothea_ab,2,1725,ELK1,FOS,all_caliper_candidates_excluded,False
PBMC10k,all,dorothea_ab,2,282,RFX5,HLA-DRA,all_caliper_candidates_excluded,False
PBMC10k,all,dorothea_ab,2,1870,STAT3,S100A11,all_caliper_candidates_excluded,False
PBMC10k,all,dorothea_ab,2,1676,SP1,FOS,all_caliper_candidates_excluded,False
PBMC10k,all,dorothea_ab,2,3718,E2F4,ACTB,all_caliper_candidates_excluded,False
PBMC10k,all,dorothea_ab,2,357,MYC,LTB,all_caliper_candidates_excluded,False
PBMC10k,all,dorothea_ab,2,1675,TP53,FOS,all_caliper_candidates_excluded,False
PBMC10k,all,dorothea_ab,2,414,AHR,FOS,all_caliper_candidates_excluded,False
PBMC10k,all,dorothea_ab,2,157,TCF4,VIM,all_caliper_candidates_excluded,False
PBMC10k,all,dorothea_ab,2,1951,STAT4,S100A4,all_caliper_candidates_excluded,False
PBMC10k,all,dorothea_ab,2,3637,STAT1,S100A11,all_caliper_candidates_excluded,False
PBMC10k,all,dorothea_ab,2,620,MYC,RPL10,all_caliper_candidates_excluded,False
PBMC10k,all,dorothea_ab,2,1947,TP53,EEF1A1,all_caliper_candidates_excluded,False
PBMC10k,all,dorothea_ab,2,2892,VDR,EEF1A1,all_caliper_candidates_excluded,False
PBMC10k,all,dorothea_ab,2,418,CEBPA,GAPDH,all_caliper_candidates_excluded,False
PBMC10k,all,dorothea_ab,2,2872,VDR,ACTB,all_caliper_candidates_excluded,False
PBMC10k,all,dorothea_ab,2,631,RELA,CD74,all_caliper_candidates_excluded,False
PBMC10k,all,dorothea_ab,2,2708,TP53,ACTB,all_caliper_candidates_excluded,False
PBMC10k,all,dorothea_ab,2,161,STAT6,FOS,all_caliper_candidates_excluded,False
PBMC10k,all,dorothea_ab,2,1414,ELK3,FOS,all_caliper_candidates_excluded,False
PBMC10k,all,dorothea_ab,2,5262,ETS1,TMSB4X,all_caliper_candidates_excluded,False
PBMC10k,all,dorothea_ab,2,3130,STAT1,ACTB,all_caliper_candidates_excluded,False
PBMC10k,all,dorothea_ab,2,777,E2F4,LGALS1,all_caliper_candidates_excluded,False
PBMC10k,all,dorothea_ab,2,1985,JUN,VIM,all_caliper_candidates_excluded,False
PBMC10k,all,dorothea_ab,2,81,NFKB1,B2M,all_caliper_candidates_excluded,False
PBMC10k,all,dorothea_ab,2,1992,CREB1,HLA-DRA,all_caliper_candidates_excluded,False
PBMC10k,all,dorothea_ab,2,1368,CREB1,FOS,all_caliper_candidates_excluded,False
PBMC10k,all,dorothea_ab,2,1670,JUN,FOS,all_caliper_candidates_excluded,False
PBMC10k,all,dorothea_ab,2,3725,NFYB,CD74,all_caliper_candidates_excluded,False
PBMC10k,all,dorothea_ab,2,1512,SP1,VIM,all_caliper_candidates_excluded,False
PBMC10k,all,dorothea_ab,2,1139,CEBPA,FGL2,all_caliper_candidates_excluded,False
PBMC10k,all,dorothea_ab,2,1385,CREM,FOS,all_caliper_candidates_excluded,False
PBMC10k,all,dorothea_ab,2,2549,NFYA,CD74,all_caliper_candidates_excluded,False
PBMC10k,all,dorothea_ab,2,720,FOS,HLA-DRA,all_caliper_candidates_excluded,False
PBMC10k,all,dorothea_ab,2,950,RFX5,CD74,all_caliper_candidates_excluded,False
PBMC10k,all,dorothea_ab,2,636,PPARD,SAT1,all_caliper_candidates_excluded,False
PBMC10k,all,dorothea_ab,2,1850,ETS1,FOS,all_caliper_candidates_excluded,False
PBMC10k,all,dorothea_ab,2,1028,TCF7L2,VIM,all_caliper_candidates_excluded,False
PBMC10k,all,dorothea_ab,2,443,CEBPA,S100A9,all_caliper_candidates_excluded,False
PBMC10k,all,dorothea_ab,2,924,SPI1,B2M,all_caliper_candidates_excluded,False
PBMC10k,all,dorothea_ab,2,1107,ATF2,FOS,all_caliper_candidates_excluded,False
PBMC10k,all,dorothea_ab,2,1298,RELA,S100A6,all_caliper_candidates_excluded,False
PBMC10k,all,dorothea_ab,2,2059,ZEB2,VIM,all_caliper_candidates_excluded,False
PBMC10k,all,dorothea_ab,2,616,MYC,RPL27A,all_caliper_candidates_excluded,False
PBMC10k,all,dorothea_ab,2,1312,SP1,FGL2,all_caliper_candidates_excluded,False
PBMC10k,all,dorothea_ab,2,3563,TBP,ACTB,all_caliper_candidates_excluded,False
PBMC10k,all,dorothea_ab,2,1039,MYC,RPL13,all_caliper_candidates_excluded,False
PBMC10k,all,dorothea_ab,2,1529,USF1,S100A6,all_caliper_candidates_excluded,False
PBMC10k,all,dorothea_ab,2,1866,POU2F2,HLA-DRA,all_caliper_candidates_excluded,False
PBMC10k,all,dorothea_ab,2,1632,STAT3,FOS,all_caliper_candidates_excluded,False
PBMC10k,all,dorothea_ab,2,3407,SPI1,FYB1,caliper_candidates_exhausted_by_unique_constraint,False
PBMC10k,all,dorothea_ab,2,3106,STAT1,FYB1,caliper_candidates_exhausted_by_unique_constraint,False
PBMC10k,all,dorothea_ab,3,631,RELA,CD74,all_caliper_candidates_excluded,False
PBMC10k,all,dorothea_ab,3,1328,TP53,VCAN,all_caliper_candidates_excluded,False
PBMC10k,all,dorothea_ab,3,4917,ETS1,EEF1A1,all_caliper_candidates_excluded,False
PBMC10k,all,dorothea_ab,3,533,NFAT5,S100A4,all_caliper_candidates_excluded,False
PBMC10k,all,dorothea_ab,3,1866,POU2F2,HLA-DRA,all_caliper_candidates_excluded,False
PBMC10k,all,dorothea_ab,3,423,CEBPB,S100A9,all_caliper_candidates_excluded,False
PBMC10k,all,dorothea_ab,3,2470,GATA3,TMSB4X,all_caliper_candidates_excluded,False
PBMC10k,all,dorothea_ab,3,414,AHR,FOS,all_caliper_candidates_excluded,False
PBMC10k,all,dorothea_ab,3,357,MYC,LTB,all_caliper_candidates_excluded,False
PBMC10k,all,dorothea_ab,3,1312,SP1,FGL2,all_caliper_candidates_excluded,False
PBMC10k,all,dorothea_ab,3,2064,SPI1,CTSS,all_caliper_candidates_excluded,False
PBMC10k,all,dorothea_ab,3,1870,STAT3,S100A11,all_caliper_candidates_excluded,False
PBMC10k,all,dorothea_ab,3,161,STAT6,FOS,all_caliper_candidates_excluded,False
PBMC10k,all,dorothea_ab,3,2892,VDR,EEF1A1,all_caliper_candidates_excluded,False
PBMC10k,all,dorothea_ab,3,1850,ETS1,FOS,all_caliper_candidates_excluded,False
PBMC10k,all,dorothea_ab,3,2036,SRF,ACTB,all_caliper_candidates_excluded,False
PBMC10k,all,dorothea_ab,3,4584,CREB1,CD74,all_caliper_candidates_excluded,False
PBMC10k,all,dorothea_ab,3,636,PPARD,SAT1,all_caliper_candidates_excluded,False
PBMC10k,all,dorothea_ab,3,1675,TP53,FOS,all_caliper_candidates_excluded,False
PBMC10k,all,dorothea_ab,3,3563,TBP,ACTB,all_caliper_candidates_excluded,False
PBMC10k,all,dorothea_ab,3,1985,JUN,VIM,all_caliper_candidates_excluded,False
PBMC10k,all,dorothea_ab,3,3725,NFYB,CD74,all_caliper_candidates_excluded,False
PBMC10k,all,dorothea_ab,3,282,RFX5,HLA-DRA,all_caliper_candidates_excluded,False
PBMC10k,all,dorothea_ab,3,1992,CREB1,HLA-DRA,all_caliper_candidates_excluded,False
PBMC10k,all,dorothea_ab,3,1626,POU2F1,HLA-DRA,all_caliper_candidates_excluded,False
PBMC10k,all,dorothea_ab,3,126,SPI1,FOS,all_caliper_candidates_excluded,False
PBMC10k,all,dorothea_ab,3,1368,CREB1,FOS,all_caliper_candidates_excluded,False
PBMC10k,all,dorothea_ab,3,1576,CEBPB,FOS,all_caliper_candidates_excluded,False
PBMC10k,all,dorothea_ab,3,1878,STAT1,FOS,all_caliper_candidates_excluded,False
PBMC10k,all,dorothea_ab,3,777,E2F4,LGALS1,all_caliper_candidates_excluded,False
PBMC10k,all,dorothea_ab,3,2708,TP53,ACTB,all_caliper_candidates_excluded,False
PBMC10k,all,dorothea_ab,3,725,ETS2,FOS,all_caliper_candidates_excluded,False
PBMC10k,all,dorothea_ab,3,616,MYC,RPL27A,all_caliper_candidates_excluded,False
PBMC10k,all,dorothea_ab,3,81,NFKB1,B2M,all_caliper_candidates_excluded,False
PBMC10k,all,dorothea_ab,3,1676,SP1,FOS,all_caliper_candidates_excluded,False
PBMC10k,all,dorothea_ab,3,1107,ATF2,FOS,all_caliper_candidates_excluded,False
PBMC10k,all,dorothea_ab,3,720,FOS,HLA-DRA,all_caliper_candidates_excluded,False
PBMC10k,all,dorothea_ab,3,1737,ELK4,FOS,all_caliper_candidates_excluded,False
PBMC10k,all,dorothea_ab,3,408,MYC,GAPDH,all_caliper_candidates_excluded,False
PBMC10k,all,dorothea_ab,3,2549,NFYA,CD74,all_caliper_candidates_excluded,False
PBMC10k,all,dorothea_ab,3,1039,MYC,RPL13,all_caliper_candidates_excluded,False
PBMC10k,all,dorothea_ab,3,1764,HIF1A,GAPDH,all_caliper_candidates_excluded,False
PBMC10k,all,dorothea_ab,3,2872,VDR,ACTB,all_caliper_candidates_excluded,False
PBMC10k,all,dorothea_ab,3,2059,ZEB2,VIM,all_caliper_candidates_excluded,False
PBMC10k,all,dorothea_ab,3,208,USF2,B2M,all_caliper_candidates_excluded,False
PBMC10k,all,dorothea_ab,3,3718,E2F4,ACTB,all_caliper_candidates_excluded,False
PBMC10k,all,dorothea_ab,3,4931,ETS1,ACTB,all_caliper_candidates_excluded,False
PBMC10k,all,dorothea_ab,3,950,RFX5,CD74,all_caliper_candidates_excluded,False
PBMC10k,all,dorothea_ab,3,1947,TP53,EEF1A1,all_caliper_candidates_excluded,False
PBMC10k,all,dorothea_ab,3,1512,SP1,VIM,all_caliper_candidates_excluded,False
PBMC10k,all,dorothea_ab,3,1385,CREM,FOS,all_caliper_candidates_excluded,False
PBMC10k,all,dorothea_ab,3,2121,SPI1,TYROBP,all_caliper_candidates_excluded,False
PBMC10k,all,dorothea_ab,3,2279,SPI1,AIF1,all_caliper_candidates_excluded,False
PBMC10k,all,dorothea_ab,3,1951,STAT4,S100A4,all_caliper_candidates_excluded,False
PBMC10k,all,dorothea_ab,3,620,MYC,RPL10,all_caliper_candidates_excluded,False
PBMC10k,all,dorothea_ab,3,1139,CEBPA,FGL2,all_caliper_candidates_excluded,False
PBMC10k,all,dorothea_ab,3,1555,SRF,FOS,all_caliper_candidates_excluded,False
PBMC10k,all,dorothea_ab,3,968,NFYB,ACTB,all_caliper_candidates_excluded,False
PBMC10k,all,dorothea_ab,3,1670,JUN,FOS,all_caliper_candidates_excluded,False
PBMC10k,all,dorothea_ab,3,1529,USF1,S100A6,all_caliper_candidates_excluded,False
PBMC10k,all,dorothea_ab,3,1298,RELA,S100A6,all_caliper_candidates_excluded,False
PBMC10k,all,dorothea_ab,3,421,CEBPD,GAPDH,all_caliper_candidates_excluded,False
PBMC10k,all,dorothea_ab,3,1725,ELK1,FOS,all_caliper_candidates_excluded,False
PBMC10k,all,dorothea_ab,3,3130,STAT1,ACTB,all_caliper_candidates_excluded,False
PBMC10k,all,dorothea_ab,3,724,FLI1,FOS,all_caliper_candidates_excluded,False
PBMC10k,all,dorothea_ab,3,1066,NFKB1,VIM,all_caliper_candidates_excluded,False
PBMC10k,all,dorothea_ab,3,626,NFKB1,CD74,all_caliper_candidates_excluded,False
PBMC10k,all,dorothea_ab,3,1940,ETS1,LTB,all_caliper_candidates_excluded,False
PBMC10k,all,dorothea_ab,3,1414,ELK3,FOS,all_caliper_candidates_excluded,False
PBMC10k,all,dorothea_ab,3,1632,STAT3,FOS,all_caliper_candidates_excluded,False
PBMC10k,all,dorothea_ab,3,5262,ETS1,TMSB4X,all_caliper_candidates_excluded,False
PBMC10k,all,dorothea_ab,3,194,USF1,B2M,all_caliper_candidates_excluded,False
PBMC10k,all,dorothea_ab,3,1028,TCF7L2,VIM,all_caliper_candidates_excluded,False
PBMC10k,all,dorothea_ab,3,924,SPI1,B2M,all_caliper_candidates_excluded,False
PBMC10k,all,dorothea_ab,3,157,TCF4,VIM,all_caliper_candidates_excluded,False
PBMC10k,all,dorothea_ab,3,1735,HIF1A,LGALS1,all_caliper_candidates_excluded,False
PBMC10k,all,dorothea_ab,3,418,CEBPA,GAPDH,all_caliper_candidates_excluded,False
PBMC10k,all,dorothea_ab,3,1104,NFYA,ACTB,all_caliper_candidates_excluded,False
PBMC10k,all,dorothea_ab,3,443,CEBPA,S100A9,all_caliper_candidates_excluded,False
PBMC10k,all,dorothea_ab,3,3637,STAT1,S100A11,all_caliper_candidates_excluded,False
PBMC10k,all,dorothea_ab,3,3407,SPI1,FYB1,caliper_candidates_exhausted_by_unique_constraint,False
PBMC10k,all,dorothea_ab,3,3106,STAT1,FYB1,caliper_candidates_exhausted_by_unique_constraint,False
PBMC10k,all,dorothea_ab,4,1385,CREM,FOS,all_caliper_candidates_excluded,False
PBMC10k,all,dorothea_ab,4,1312,SP1,FGL2,all_caliper_candidates_excluded,False
PBMC10k,all,dorothea_ab,4,777,E2F4,LGALS1,all_caliper_candidates_excluded,False
PBMC10k,all,dorothea_ab,4,4917,ETS1,EEF1A1,all_caliper_candidates_excluded,False
PBMC10k,all,dorothea_ab,4,725,ETS2,FOS,all_caliper_candidates_excluded,False
PBMC10k,all,dorothea_ab,4,1735,HIF1A,LGALS1,all_caliper_candidates_excluded,False
PBMC10k,all,dorothea_ab,4,1725,ELK1,FOS,all_caliper_candidates_excluded,False
PBMC10k,all,dorothea_ab,4,1104,NFYA,ACTB,all_caliper_candidates_excluded,False
PBMC10k,all,dorothea_ab,4,968,NFYB,ACTB,all_caliper_candidates_excluded,False
PBMC10k,all,dorothea_ab,4,720,FOS,HLA-DRA,all_caliper_candidates_excluded,False
PBMC10k,all,dorothea_ab,4,924,SPI1,B2M,all_caliper_candidates_excluded,False
PBMC10k,all,dorothea_ab,4,1576,CEBPB,FOS,all_caliper_candidates_excluded,False
PBMC10k,all,dorothea_ab,4,423,CEBPB,S100A9,all_caliper_candidates_excluded,False
PBMC10k,all,dorothea_ab,4,1107,ATF2,FOS,all_caliper_candidates_excluded,False
PBMC10k,all,dorothea_ab,4,533,NFAT5,S100A4,all_caliper_candidates_excluded,False
PBMC10k,all,dorothea_ab,4,950,RFX5,CD74,all_caliper_candidates_excluded,False
PBMC10k,all,dorothea_ab,4,1626,POU2F1,HLA-DRA,all_caliper_candidates_excluded,False
PBMC10k,all,dorothea_ab,4,418,CEBPA,GAPDH,all_caliper_candidates_excluded,False
PBMC10k,all,dorothea_ab,4,2470,GATA3,TMSB4X,all_caliper_candidates_excluded,False
PBMC10k,all,dorothea_ab,4,3130,STAT1,ACTB,all_caliper_candidates_excluded,False
PBMC10k,all,dorothea_ab,4,1870,STAT3,S100A11,all_caliper_candidates_excluded,False
PBMC10k,all,dorothea_ab,4,1670,JUN,FOS,all_caliper_candidates_excluded,False
PBMC10k,all,dorothea_ab,4,1512,SP1,VIM,all_caliper_candidates_excluded,False
PBMC10k,all,dorothea_ab,4,1028,TCF7L2,VIM,all_caliper_candidates_excluded,False
PBMC10k,all,dorothea_ab,4,1992,CREB1,HLA-DRA,all_caliper_candidates_excluded,False
PBMC10k,all,dorothea_ab,4,421,CEBPD,GAPDH,all_caliper_candidates_excluded,False
PBMC10k,all,dorothea_ab,4,1951,STAT4,S100A4,all_caliper_candidates_excluded,False
PBMC10k,all,dorothea_ab,4,2121,SPI1,TYROBP,all_caliper_candidates_excluded,False
PBMC10k,all,dorothea_ab,4,126,SPI1,FOS,all_caliper_candidates_excluded,False
PBMC10k,all,dorothea_ab,4,4931,ETS1,ACTB,all_caliper_candidates_excluded,False
PBMC10k,all,dorothea_ab,4,1298,RELA,S100A6,all_caliper_candidates_excluded,False
PBMC10k,all,dorothea_ab,4,1368,CREB1,FOS,all_caliper_candidates_excluded,False
PBMC10k,all,dorothea_ab,4,357,MYC,LTB,all_caliper_candidates_excluded,False
PBMC10k,all,dorothea_ab,4,636,PPARD,SAT1,all_caliper_candidates_excluded,False
PBMC10k,all,dorothea_ab,4,2872,VDR,ACTB,all_caliper_candidates_excluded,False
PBMC10k,all,dorothea_ab,4,1632,STAT3,FOS,all_caliper_candidates_excluded,False
PBMC10k,all,dorothea_ab,4,3563,TBP,ACTB,all_caliper_candidates_excluded,False
PBMC10k,all,dorothea_ab,4,620,MYC,RPL10,all_caliper_candidates_excluded,False
PBMC10k,all,dorothea_ab,4,2064,SPI1,CTSS,all_caliper_candidates_excluded,False
PBMC10k,all,dorothea_ab,4,443,CEBPA,S100A9,all_caliper_candidates_excluded,False
PBMC10k,all,dorothea_ab,4,1985,JUN,VIM,all_caliper_candidates_excluded,False
PBMC10k,all,dorothea_ab,4,2708,TP53,ACTB,all_caliper_candidates_excluded,False
PBMC10k,all,dorothea_ab,4,4584,CREB1,CD74,all_caliper_candidates_excluded,False
PBMC10k,all,dorothea_ab,4,1039,MYC,RPL13,all_caliper_candidates_excluded,False
PBMC10k,all,dorothea_ab,4,1764,HIF1A,GAPDH,all_caliper_candidates_excluded,False
PBMC10k,all,dorothea_ab,4,1866,POU2F2,HLA-DRA,all_caliper_candidates_excluded,False
PBMC10k,all,dorothea_ab,4,194,USF1,B2M,all_caliper_candidates_excluded,False
PBMC10k,all,dorothea_ab,4,157,TCF4,VIM,all_caliper_candidates_excluded,False
PBMC10k,all,dorothea_ab,4,626,NFKB1,CD74,all_caliper_candidates_excluded,False
PBMC10k,all,dorothea_ab,4,3725,NFYB,CD74,all_caliper_candidates_excluded,False
PBMC10k,all,dorothea_ab,4,2279,SPI1,AIF1,all_caliper_candidates_excluded,False
PBMC10k,all,dorothea_ab,4,2549,NFYA,CD74,all_caliper_candidates_excluded,False
PBMC10k,all,dorothea_ab,4,1328,TP53,VCAN,all_caliper_candidates_excluded,False
PBMC10k,all,dorothea_ab,4,1139,CEBPA,FGL2,all_caliper_candidates_excluded,False
PBMC10k,all,dorothea_ab,4,1850,ETS1,FOS,all_caliper_candidates_excluded,False
PBMC10k,all,dorothea_ab,4,5262,ETS1,TMSB4X,all_caliper_candidates_excluded,False
PBMC10k,all,dorothea_ab,4,414,AHR,FOS,all_caliper_candidates_excluded,False
PBMC10k,all,dorothea_ab,4,1675,TP53,FOS,all_caliper_candidates_excluded,False
PBMC10k,all,dorothea_ab,4,631,RELA,CD74,all_caliper_candidates_excluded,False
PBMC10k,all,dorothea_ab,4,2892,VDR,EEF1A1,all_caliper_candidates_excluded,False
PBMC10k,all,dorothea_ab,4,1414,ELK3,FOS,all_caliper_candidates_excluded,False
PBMC10k,all,dorothea_ab,4,161,STAT6,FOS,all_caliper_candidates_excluded,False
PBMC10k,all,dorothea_ab,4,616,MYC,RPL27A,all_caliper_candidates_excluded,False
PBMC10k,all,dorothea_ab,4,1066,NFKB1,VIM,all_caliper_candidates_excluded,False
PBMC10k,all,dorothea_ab,4,1940,ETS1,LTB,all_caliper_candidates_excluded,False
PBMC10k,all,dorothea_ab,4,1878,STAT1,FOS,all_caliper_candidates_excluded,False
PBMC10k,all,dorothea_ab,4,81,NFKB1,B2M,all_caliper_candidates_excluded,False
PBMC10k,all,dorothea_ab,4,3637,STAT1,S100A11,all_caliper_candidates_excluded,False
PBMC10k,all,dorothea_ab,4,408,MYC,GAPDH,all_caliper_candidates_excluded,False
PBMC10k,all,dorothea_ab,4,2036,SRF,ACTB,all_caliper_candidates_excluded,False
PBMC10k,all,dorothea_ab,4,1737,ELK4,FOS,all_caliper_candidates_excluded,False
PBMC10k,all,dorothea_ab,4,1555,SRF,FOS,all_caliper_candidates_excluded,False
PBMC10k,all,dorothea_ab,4,1676,SP1,FOS,all_caliper_candidates_excluded,False
PBMC10k,all,dorothea_ab,4,1947,TP53,EEF1A1,all_caliper_candidates_excluded,False
PBMC10k,all,dorothea_ab,4,724,FLI1,FOS,all_caliper_candidates_excluded,False
PBMC10k,all,dorothea_ab,4,1529,USF1,S100A6,all_caliper_candidates_excluded,False
PBMC10k,all,dorothea_ab,4,3718,E2F4,ACTB,all_caliper_candidates_excluded,False
PBMC10k,all,dorothea_ab,4,2059,ZEB2,VIM,all_caliper_candidates_excluded,False
PBMC10k,all,dorothea_ab,4,282,RFX5,HLA-DRA,all_caliper_candidates_excluded,False
PBMC10k,all,dorothea_ab,4,208,USF2,B2M,all_caliper_candidates_excluded,False
PBMC10k,all,dorothea_ab,4,3106,STAT1,FYB1,caliper_candidates_exhausted_by_unique_constraint,False
PBMC10k,all,dorothea_ab,4,3319,SPI1,LCP1,caliper_candidates_exhausted_by_unique_constraint,False
PBMC10k,all,dorothea_ab,5,2121,SPI1,TYROBP,all_caliper_candidates_excluded,False
PBMC10k,all,dorothea_ab,5,1107,ATF2,FOS,all_caliper_candidates_excluded,False
PBMC10k,all,dorothea_ab,5,2059,ZEB2,VIM,all_caliper_candidates_excluded,False
PBMC10k,all,dorothea_ab,5,1385,CREM,FOS,all_caliper_candidates_excluded,False
PBMC10k,all,dorothea_ab,5,1512,SP1,VIM,all_caliper_candidates_excluded,False
PBMC10k,all,dorothea_ab,5,1985,JUN,VIM,all_caliper_candidates_excluded,False
PBMC10k,all,dorothea_ab,5,1368,CREB1,FOS,all_caliper_candidates_excluded,False
PBMC10k,all,dorothea_ab,5,777,E2F4,LGALS1,all_caliper_candidates_excluded,False
PBMC10k,all,dorothea_ab,5,1028,TCF7L2,VIM,all_caliper_candidates_excluded,False
PBMC10k,all,dorothea_ab,5,2708,TP53,ACTB,all_caliper_candidates_excluded,False
PBMC10k,all,dorothea_ab,5,1737,ELK4,FOS,all_caliper_candidates_excluded,False
PBMC10k,all,dorothea_ab,5,161,STAT6,FOS,all_caliper_candidates_excluded,False
PBMC10k,all,dorothea_ab,5,950,RFX5,CD74,all_caliper_candidates_excluded,False
PBMC10k,all,dorothea_ab,5,3718,E2F4,ACTB,all_caliper_candidates_excluded,False
PBMC10k,all,dorothea_ab,5,1764,HIF1A,GAPDH,all_caliper_candidates_excluded,False
PBMC10k,all,dorothea_ab,5,5262,ETS1,TMSB4X,all_caliper_candidates_excluded,False
PBMC10k,all,dorothea_ab,5,1670,JUN,FOS,all_caliper_candidates_excluded,False
PBMC10k,all,dorothea_ab,5,1632,STAT3,FOS,all_caliper_candidates_excluded,False
PBMC10k,all,dorothea_ab,5,1947,TP53,EEF1A1,all_caliper_candidates_excluded,False
PBMC10k,all,dorothea_ab,5,1298,RELA,S100A6,all_caliper_candidates_excluded,False
PBMC10k,all,dorothea_ab,5,1555,SRF,FOS,all_caliper_candidates_excluded,False
PBMC10k,all,dorothea_ab,5,126,SPI1,FOS,all_caliper_candidates_excluded,False
PBMC10k,all,dorothea_ab,5,3637,STAT1,S100A11,all_caliper_candidates_excluded,False
PBMC10k,all,dorothea_ab,5,208,USF2,B2M,all_caliper_candidates_excluded,False
PBMC10k,all,dorothea_ab,5,1951,STAT4,S100A4,all_caliper_candidates_excluded,False
PBMC10k,all,dorothea_ab,5,421,CEBPD,GAPDH,all_caliper_candidates_excluded,False
PBMC10k,all,dorothea_ab,5,2549,NFYA,CD74,all_caliper_candidates_excluded,False
PBMC10k,all,dorothea_ab,5,1676,SP1,FOS,all_caliper_candidates_excluded,False
PBMC10k,all,dorothea_ab,5,1576,CEBPB,FOS,all_caliper_candidates_excluded,False
PBMC10k,all,dorothea_ab,5,626,NFKB1,CD74,all_caliper_candidates_excluded,False
PBMC10k,all,dorothea_ab,5,4584,CREB1,CD74,all_caliper_candidates_excluded,False
PBMC10k,all,dorothea_ab,5,357,MYC,LTB,all_caliper_candidates_excluded,False
PBMC10k,all,dorothea_ab,5,1870,STAT3,S100A11,all_caliper_candidates_excluded,False
PBMC10k,all,dorothea_ab,5,4931,ETS1,ACTB,all_caliper_candidates_excluded,False
PBMC10k,all,dorothea_ab,5,1414,ELK3,FOS,all_caliper_candidates_excluded,False
PBMC10k,all,dorothea_ab,5,1866,POU2F2,HLA-DRA,all_caliper_candidates_excluded,False
PBMC10k,all,dorothea_ab,5,1066,NFKB1,VIM,all_caliper_candidates_excluded,False
PBMC10k,all,dorothea_ab,5,533,NFAT5,S100A4,all_caliper_candidates_excluded,False
PBMC10k,all,dorothea_ab,5,1039,MYC,RPL13,all_caliper_candidates_excluded,False
PBMC10k,all,dorothea_ab,5,1328,TP53,VCAN,all_caliper_candidates_excluded,False
PBMC10k,all,dorothea_ab,5,1675,TP53,FOS,all_caliper_candidates_excluded,False
PBMC10k,all,dorothea_ab,5,636,PPARD,SAT1,all_caliper_candidates_excluded,False
PBMC10k,all,dorothea_ab,5,443,CEBPA,S100A9,all_caliper_candidates_excluded,False
PBMC10k,all,dorothea_ab,5,1940,ETS1,LTB,all_caliper_candidates_excluded,False
PBMC10k,all,dorothea_ab,5,81,NFKB1,B2M,all_caliper_candidates_excluded,False
PBMC10k,all,dorothea_ab,5,157,TCF4,VIM,all_caliper_candidates_excluded,False
PBMC10k,all,dorothea_ab,5,1735,HIF1A,LGALS1,all_caliper_candidates_excluded,False
PBMC10k,all,dorothea_ab,5,2872,VDR,ACTB,all_caliper_candidates_excluded,False
PBMC10k,all,dorothea_ab,5,408,MYC,GAPDH,all_caliper_candidates_excluded,False
PBMC10k,all,dorothea_ab,5,2279,SPI1,AIF1,all_caliper_candidates_excluded,False
PBMC10k,all,dorothea_ab,5,1529,USF1,S100A6,all_caliper_candidates_excluded,False
PBMC10k,all,dorothea_ab,5,194,USF1,B2M,all_caliper_candidates_excluded,False
PBMC10k,all,dorothea_ab,5,423,CEBPB,S100A9,all_caliper_candidates_excluded,False
PBMC10k,all,dorothea_ab,5,720,FOS,HLA-DRA,all_caliper_candidates_excluded,False
PBMC10k,all,dorothea_ab,5,620,MYC,RPL10,all_caliper_candidates_excluded,False
PBMC10k,all,dorothea_ab,5,1878,STAT1,FOS,all_caliper_candidates_excluded,False
PBMC10k,all,dorothea_ab,5,414,AHR,FOS,all_caliper_candidates_excluded,False
PBMC10k,all,dorothea_ab,5,631,RELA,CD74,all_caliper_candidates_excluded,False
PBMC10k,all,dorothea_ab,5,1626,POU2F1,HLA-DRA,all_caliper_candidates_excluded,False
PBMC10k,all,dorothea_ab,5,1104,NFYA,ACTB,all_caliper_candidates_excluded,False
PBMC10k,all,dorothea_ab,5,282,RFX5,HLA-DRA,all_caliper_candidates_excluded,False
PBMC10k,all,dorothea_ab,5,418,CEBPA,GAPDH,all_caliper_candidates_excluded,False
PBMC10k,all,dorothea_ab,5,4917,ETS1,EEF1A1,all_caliper_candidates_excluded,False
PBMC10k,all,dorothea_ab,5,2064,SPI1,CTSS,all_caliper_candidates_excluded,False
PBMC10k,all,dorothea_ab,5,2036,SRF,ACTB,all_caliper_candidates_excluded,False
PBMC10k,all,dorothea_ab,5,725,ETS2,FOS,all_caliper_candidates_excluded,False
PBMC10k,all,dorothea_ab,5,1139,CEBPA,FGL2,all_caliper_candidates_excluded,False
PBMC10k,all,dorothea_ab,5,1312,SP1,FGL2,all_caliper_candidates_excluded,False
PBMC10k,all,dorothea_ab,5,616,MYC,RPL27A,all_caliper_candidates_excluded,False
PBMC10k,all,dorothea_ab,5,924,SPI1,B2M,all_caliper_candidates_excluded,False
PBMC10k,all,dorothea_ab,5,724,FLI1,FOS,all_caliper_candidates_excluded,False
PBMC10k,all,dorothea_ab,5,1725,ELK1,FOS,all_caliper_candidates_excluded,False
PBMC10k,all,dorothea_ab,5,2892,VDR,EEF1A1,all_caliper_candidates_excluded,False
PBMC10k,all,dorothea_ab,5,3725,NFYB,CD74,all_caliper_candidates_excluded,False
PBMC10k,all,dorothea_ab,5,1992,CREB1,HLA-DRA,all_caliper_candidates_excluded,False
PBMC10k,all,dorothea_ab,5,3563,TBP,ACTB,all_caliper_candidates_excluded,False
PBMC10k,all,dorothea_ab,5,3130,STAT1,ACTB,all_caliper_candidates_excluded,False
PBMC10k,all,dorothea_ab,5,1850,ETS1,FOS,all_caliper_candidates_excluded,False
PBMC10k,all,dorothea_ab,5,2470,GATA3,TMSB4X,all_caliper_candidates_excluded,False
PBMC10k,all,dorothea_ab,5,968,NFYB,ACTB,all_caliper_candidates_excluded,False
PBMC10k,all,dorothea_ab,5,3319,SPI1,LCP1,caliper_candidates_exhausted_by_unique_constraint,False
PBMC10k,all,dorothea_ab,5,1273,STAT1,S100A10,caliper_candidates_exhausted_by_unique_constraint,False
PBMC10k,all,dorothea_ab,6,2036,SRF,ACTB,all_caliper_candidates_excluded,False
PBMC10k,all,dorothea_ab,6,4931,ETS1,ACTB,all_caliper_candidates_excluded,False
PBMC10k,all,dorothea_ab,6,636,PPARD,SAT1,all_caliper_candidates_excluded,False
PBMC10k,all,dorothea_ab,6,533,NFAT5,S100A4,all_caliper_candidates_excluded,False
PBMC10k,all,dorothea_ab,6,3725,NFYB,CD74,all_caliper_candidates_excluded,False
PBMC10k,all,dorothea_ab,6,1985,JUN,VIM,all_caliper_candidates_excluded,False
PBMC10k,all,dorothea_ab,6,2064,SPI1,CTSS,all_caliper_candidates_excluded,False
PBMC10k,all,dorothea_ab,6,157,TCF4,VIM,all_caliper_candidates_excluded,False
PBMC10k,all,dorothea_ab,6,418,CEBPA,GAPDH,all_caliper_candidates_excluded,False
PBMC10k,all,dorothea_ab,6,724,FLI1,FOS,all_caliper_candidates_excluded,False
PBMC10k,all,dorothea_ab,6,1676,SP1,FOS,all_caliper_candidates_excluded,False
PBMC10k,all,dorothea_ab,6,3718,E2F4,ACTB,all_caliper_candidates_excluded,False
PBMC10k,all,dorothea_ab,6,1878,STAT1,FOS,all_caliper_candidates_excluded,False
PBMC10k,all,dorothea_ab,6,4584,CREB1,CD74,all_caliper_candidates_excluded,False
PBMC10k,all,dorothea_ab,6,2892,VDR,EEF1A1,all_caliper_candidates_excluded,False
PBMC10k,all,dorothea_ab,6,620,MYC,RPL10,all_caliper_candidates_excluded,False
PBMC10k,all,dorothea_ab,6,1870,STAT3,S100A11,all_caliper_candidates_excluded,False
PBMC10k,all,dorothea_ab,6,1385,CREM,FOS,all_caliper_candidates_excluded,False
PBMC10k,all,dorothea_ab,6,2059,ZEB2,VIM,all_caliper_candidates_excluded,False
PBMC10k,all,dorothea_ab,6,626,NFKB1,CD74,all_caliper_candidates_excluded,False
PBMC10k,all,dorothea_ab,6,421,CEBPD,GAPDH,all_caliper_candidates_excluded,False
PBMC10k,all,dorothea_ab,6,1368,CREB1,FOS,all_caliper_candidates_excluded,False
PBMC10k,all,dorothea_ab,6,1632,STAT3,FOS,all_caliper_candidates_excluded,False
PBMC10k,all,dorothea_ab,6,1866,POU2F2,HLA-DRA,all_caliper_candidates_excluded,False
PBMC10k,all,dorothea_ab,6,1414,ELK3,FOS,all_caliper_candidates_excluded,False
PBMC10k,all,dorothea_ab,6,2549,NFYA,CD74,all_caliper_candidates_excluded,False
PBMC10k,all,dorothea_ab,6,161,STAT6,FOS,all_caliper_candidates_excluded,False
PBMC10k,all,dorothea_ab,6,1725,ELK1,FOS,all_caliper_candidates_excluded,False
PBMC10k,all,dorothea_ab,6,1675,TP53,FOS,all_caliper_candidates_excluded,False
PBMC10k,all,dorothea_ab,6,1298,RELA,S100A6,all_caliper_candidates_excluded,False
PBMC10k,all,dorothea_ab,6,208,USF2,B2M,all_caliper_candidates_excluded,False
PBMC10k,all,dorothea_ab,6,5262,ETS1,TMSB4X,all_caliper_candidates_excluded,False
PBMC10k,all,dorothea_ab,6,1626,POU2F1,HLA-DRA,all_caliper_candidates_excluded,False
PBMC10k,all,dorothea_ab,6,2708,TP53,ACTB,all_caliper_candidates_excluded,False
PBMC10k,all,dorothea_ab,6,2279,SPI1,AIF1,all_caliper_candidates_excluded,False
PBMC10k,all,dorothea_ab,6,1576,CEBPB,FOS,all_caliper_candidates_excluded,False
PBMC10k,all,dorothea_ab,6,4917,ETS1,EEF1A1,all_caliper_candidates_excluded,False
PBMC10k,all,dorothea_ab,6,1735,HIF1A,LGALS1,all_caliper_candidates_excluded,False
PBMC10k,all,dorothea_ab,6,3637,STAT1,S100A11,all_caliper_candidates_excluded,False
PBMC10k,all,dorothea_ab,6,423,CEBPB,S100A9,all_caliper_candidates_excluded,False
PBMC10k,all,dorothea_ab,6,2872,VDR,ACTB,all_caliper_candidates_excluded,False
PBMC10k,all,dorothea_ab,6,194,USF1,B2M,all_caliper_candidates_excluded,False
PBMC10k,all,dorothea_ab,6,1670,JUN,FOS,all_caliper_candidates_excluded,False
PBMC10k,all,dorothea_ab,6,414,AHR,FOS,all_caliper_candidates_excluded,False
PBMC10k,all,dorothea_ab,6,616,MYC,RPL27A,all_caliper_candidates_excluded,False
PBMC10k,all,dorothea_ab,6,2121,SPI1,TYROBP,all_caliper_candidates_excluded,False
PBMC10k,all,dorothea_ab,6,1512,SP1,VIM,all_caliper_candidates_excluded,False
PBMC10k,all,dorothea_ab,6,1107,ATF2,FOS,all_caliper_candidates_excluded,False
PBMC10k,all,dorothea_ab,6,1104,NFYA,ACTB,all_caliper_candidates_excluded,False
PBMC10k,all,dorothea_ab,6,1850,ETS1,FOS,all_caliper_candidates_excluded,False
PBMC10k,all,dorothea_ab,6,1737,ELK4,FOS,all_caliper_candidates_excluded,False
PBMC10k,all,dorothea_ab,6,282,RFX5,HLA-DRA,all_caliper_candidates_excluded,False
PBMC10k,all,dorothea_ab,6,1529,USF1,S100A6,all_caliper_candidates_excluded,False
PBMC10k,all,dorothea_ab,6,1951,STAT4,S100A4,all_caliper_candidates_excluded,False
PBMC10k,all,dorothea_ab,6,126,SPI1,FOS,all_caliper_candidates_excluded,False
PBMC10k,all,dorothea_ab,6,1066,NFKB1,VIM,all_caliper_candidates_excluded,False
PBMC10k,all,dorothea_ab,6,1028,TCF7L2,VIM,all_caliper_candidates_excluded,False
PBMC10k,all,dorothea_ab,6,81,NFKB1,B2M,all_caliper_candidates_excluded,False
PBMC10k,all,dorothea_ab,6,1555,SRF,FOS,all_caliper_candidates_excluded,False
PBMC10k,all,dorothea_ab,6,924,SPI1,B2M,all_caliper_candidates_excluded,False
PBMC10k,all,dorothea_ab,6,3130,STAT1,ACTB,all_caliper_candidates_excluded,False
PBMC10k,all,dorothea_ab,6,950,RFX5,CD74,all_caliper_candidates_excluded,False
PBMC10k,all,dorothea_ab,6,631,RELA,CD74,all_caliper_candidates_excluded,False
PBMC10k,all,dorothea_ab,6,1940,ETS1,LTB,all_caliper_candidates_excluded,False
PBMC10k,all,dorothea_ab,6,408,MYC,GAPDH,all_caliper_candidates_excluded,False
PBMC10k,all,dorothea_ab,6,725,ETS2,FOS,all_caliper_candidates_excluded,False
PBMC10k,all,dorothea_ab,6,720,FOS,HLA-DRA,all_caliper_candidates_excluded,False
PBMC10k,all,dorothea_ab,6,2470,GATA3,TMSB4X,all_caliper_candidates_excluded,False
PBMC10k,all,dorothea_ab,6,357,MYC,LTB,all_caliper_candidates_excluded,False
PBMC10k,all,dorothea_ab,6,1328,TP53,VCAN,all_caliper_candidates_excluded,False
PBMC10k,all,dorothea_ab,6,1947,TP53,EEF1A1,all_caliper_candidates_excluded,False
PBMC10k,all,dorothea_ab,6,968,NFYB,ACTB,all_caliper_candidates_excluded,False
PBMC10k,all,dorothea_ab,6,1139,CEBPA,FGL2,all_caliper_candidates_excluded,False
PBMC10k,all,dorothea_ab,6,777,E2F4,LGALS1,all_caliper_candidates_excluded,False
PBMC10k,all,dorothea_ab,6,3563,TBP,ACTB,all_caliper_candidates_excluded,False
PBMC10k,all,dorothea_ab,6,1992,CREB1,HLA-DRA,all_caliper_candidates_excluded,False
PBMC10k,all,dorothea_ab,6,443,CEBPA,S100A9,all_caliper_candidates_excluded,False
PBMC10k,all,dorothea_ab,6,1312,SP1,FGL2,all_caliper_candidates_excluded,False
PBMC10k,all,dorothea_ab,6,1764,HIF1A,GAPDH,all_caliper_candidates_excluded,False
PBMC10k,all,dorothea_ab,6,1039,MYC,RPL13,all_caliper_candidates_excluded,False
PBMC10k,all,dorothea_ab,6,3407,SPI1,FYB1,caliper_candidates_exhausted_by_unique_constraint,False
PBMC10k,all,dorothea_ab,6,3106,STAT1,FYB1,caliper_candidates_exhausted_by_unique_constraint,False
PBMC10k,all,dorothea_ab,7,1107,ATF2,FOS,all_caliper_candidates_excluded,False
PBMC10k,all,dorothea_ab,7,161,STAT6,FOS,all_caliper_candidates_excluded,False
PBMC10k,all,dorothea_ab,7,968,NFYB,ACTB,all_caliper_candidates_excluded,False
PBMC10k,all,dorothea_ab,7,1878,STAT1,FOS,all_caliper_candidates_excluded,False
PBMC10k,all,dorothea_ab,7,1670,JUN,FOS,all_caliper_candidates_excluded,False
PBMC10k,all,dorothea_ab,7,3725,NFYB,CD74,all_caliper_candidates_excluded,False
PBMC10k,all,dorothea_ab,7,777,E2F4,LGALS1,all_caliper_candidates_excluded,False
PBMC10k,all,dorothea_ab,7,1675,TP53,FOS,all_caliper_candidates_excluded,False
PBMC10k,all,dorothea_ab,7,157,TCF4,VIM,all_caliper_candidates_excluded,False
PBMC10k,all,dorothea_ab,7,4584,CREB1,CD74,all_caliper_candidates_excluded,False
PBMC10k,all,dorothea_ab,7,4931,ETS1,ACTB,all_caliper_candidates_excluded,False
PBMC10k,all,dorothea_ab,7,1676,SP1,FOS,all_caliper_candidates_excluded,False
PBMC10k,all,dorothea_ab,7,5262,ETS1,TMSB4X,all_caliper_candidates_excluded,False
PBMC10k,all,dorothea_ab,7,1940,ETS1,LTB,all_caliper_candidates_excluded,False
PBMC10k,all,dorothea_ab,7,2036,SRF,ACTB,all_caliper_candidates_excluded,False
PBMC10k,all,dorothea_ab,7,2059,ZEB2,VIM,all_caliper_candidates_excluded,False
PBMC10k,all,dorothea_ab,7,1870,STAT3,S100A11,all_caliper_candidates_excluded,False
PBMC10k,all,dorothea_ab,7,1414,ELK3,FOS,all_caliper_candidates_excluded,False
PBMC10k,all,dorothea_ab,7,1764,HIF1A,GAPDH,all_caliper_candidates_excluded,False
PBMC10k,all,dorothea_ab,7,418,CEBPA,GAPDH,all_caliper_candidates_excluded,False
PBMC10k,all,dorothea_ab,7,1992,CREB1,HLA-DRA,all_caliper_candidates_excluded,False
PBMC10k,all,dorothea_ab,7,414,AHR,FOS,all_caliper_candidates_excluded,False
PBMC10k,all,dorothea_ab,7,3130,STAT1,ACTB,all_caliper_candidates_excluded,False
PBMC10k,all,dorothea_ab,7,4917,ETS1,EEF1A1,all_caliper_candidates_excluded,False
PBMC10k,all,dorothea_ab,7,616,MYC,RPL27A,all_caliper_candidates_excluded,False
PBMC10k,all,dorothea_ab,7,2121,SPI1,TYROBP,all_caliper_candidates_excluded,False
PBMC10k,all,dorothea_ab,7,2872,VDR,ACTB,all_caliper_candidates_excluded,False
PBMC10k,all,dorothea_ab,7,194,USF1,B2M,all_caliper_candidates_excluded,False
PBMC10k,all,dorothea_ab,7,443,CEBPA,S100A9,all_caliper_candidates_excluded,False
PBMC10k,all,dorothea_ab,7,1632,STAT3,FOS,all_caliper_candidates_excluded,False
PBMC10k,all,dorothea_ab,7,636,PPARD,SAT1,all_caliper_candidates_excluded,False
PBMC10k,all,dorothea_ab,7,2470,GATA3,TMSB4X,all_caliper_candidates_excluded,False
PBMC10k,all,dorothea_ab,7,533,NFAT5,S100A4,all_caliper_candidates_excluded,False
PBMC10k,all,dorothea_ab,7,1104,NFYA,ACTB,all_caliper_candidates_excluded,False
PBMC10k,all,dorothea_ab,7,1735,HIF1A,LGALS1,all_caliper_candidates_excluded,False
PBMC10k,all,dorothea_ab,7,1328,TP53,VCAN,all_caliper_candidates_excluded,False
PBMC10k,all,dorothea_ab,7,3637,STAT1,S100A11,all_caliper_candidates_excluded,False
PBMC10k,all,dorothea_ab,7,1626,POU2F1,HLA-DRA,all_caliper_candidates_excluded,False
PBMC10k,all,dorothea_ab,7,421,CEBPD,GAPDH,all_caliper_candidates_excluded,False
PBMC10k,all,dorothea_ab,7,720,FOS,HLA-DRA,all_caliper_candidates_excluded,False
PBMC10k,all,dorothea_ab,7,1985,JUN,VIM,all_caliper_candidates_excluded,False
PBMC10k,all,dorothea_ab,7,725,ETS2,FOS,all_caliper_candidates_excluded,False
PBMC10k,all,dorothea_ab,7,626,NFKB1,CD74,all_caliper_candidates_excluded,False
PBMC10k,all,dorothea_ab,7,2279,SPI1,AIF1,all_caliper_candidates_excluded,False
PBMC10k,all,dorothea_ab,7,1139,CEBPA,FGL2,all_caliper_candidates_excluded,False
PBMC10k,all,dorothea_ab,7,1066,NFKB1,VIM,all_caliper_candidates_excluded,False
PBMC10k,all,dorothea_ab,7,408,MYC,GAPDH,all_caliper_candidates_excluded,False
PBMC10k,all,dorothea_ab,7,1368,CREB1,FOS,all_caliper_candidates_excluded,False
PBMC10k,all,dorothea_ab,7,126,SPI1,FOS,all_caliper_candidates_excluded,False
PBMC10k,all,dorothea_ab,7,924,SPI1,B2M,all_caliper_candidates_excluded,False
PBMC10k,all,dorothea_ab,7,1951,STAT4,S100A4,all_caliper_candidates_excluded,False
PBMC10k,all,dorothea_ab,7,1866,POU2F2,HLA-DRA,all_caliper_candidates_excluded,False
PBMC10k,all,dorothea_ab,7,357,MYC,LTB,all_caliper_candidates_excluded,False
PBMC10k,all,dorothea_ab,7,1039,MYC,RPL13,all_caliper_candidates_excluded,False
PBMC10k,all,dorothea_ab,7,1555,SRF,FOS,all_caliper_candidates_excluded,False
PBMC10k,all,dorothea_ab,7,2549,NFYA,CD74,all_caliper_candidates_excluded,False
PBMC10k,all,dorothea_ab,7,208,USF2,B2M,all_caliper_candidates_excluded,False
PBMC10k,all,dorothea_ab,7,620,MYC,RPL10,all_caliper_candidates_excluded,False
PBMC10k,all,dorothea_ab,7,1298,RELA,S100A6,all_caliper_candidates_excluded,False
PBMC10k,all,dorothea_ab,7,950,RFX5,CD74,all_caliper_candidates_excluded,False
PBMC10k,all,dorothea_ab,7,1028,TCF7L2,VIM,all_caliper_candidates_excluded,False
PBMC10k,all,dorothea_ab,7,3718,E2F4,ACTB,all_caliper_candidates_excluded,False
PBMC10k,all,dorothea_ab,7,1312,SP1,FGL2,all_caliper_candidates_excluded,False
PBMC10k,all,dorothea_ab,7,724,FLI1,FOS,all_caliper_candidates_excluded,False
PBMC10k,all,dorothea_ab,7,1576,CEBPB,FOS,all_caliper_candidates_excluded,False
PBMC10k,all,dorothea_ab,7,423,CEBPB,S100A9,all_caliper_candidates_excluded,False
PBMC10k,all,dorothea_ab,7,1737,ELK4,FOS,all_caliper_candidates_excluded,False
PBMC10k,all,dorothea_ab,7,631,RELA,CD74,all_caliper_candidates_excluded,False
PBMC10k,all,dorothea_ab,7,2892,VDR,EEF1A1,all_caliper_candidates_excluded,False
PBMC10k,all,dorothea_ab,7,1725,ELK1,FOS,all_caliper_candidates_excluded,False
PBMC10k,all,dorothea_ab,7,1850,ETS1,FOS,all_caliper_candidates_excluded,False
PBMC10k,all,dorothea_ab,7,2064,SPI1,CTSS,all_caliper_candidates_excluded,False
PBMC10k,all,dorothea_ab,7,2708,TP53,ACTB,all_caliper_candidates_excluded,False
PBMC10k,all,dorothea_ab,7,1385,CREM,FOS,all_caliper_candidates_excluded,False
PBMC10k,all,dorothea_ab,7,3563,TBP,ACTB,all_caliper_candidates_excluded,False
PBMC10k,all,dorothea_ab,7,1947,TP53,EEF1A1,all_caliper_candidates_excluded,False
PBMC10k,all,dorothea_ab,7,282,RFX5,HLA-DRA,all_caliper_candidates_excluded,False
PBMC10k,all,dorothea_ab,7,1512,SP1,VIM,all_caliper_candidates_excluded,False
PBMC10k,all,dorothea_ab,7,1529,USF1,S100A6,all_caliper_candidates_excluded,False
PBMC10k,all,dorothea_ab,7,81,NFKB1,B2M,all_caliper_candidates_excluded,False
PBMC10k,all,dorothea_ab,7,3319,SPI1,LCP1,caliper_candidates_exhausted_by_unique_constraint,False
PBMC10k,all,dorothea_ab,7,1273,STAT1,S100A10,caliper_candidates_exhausted_by_unique_constraint,False
PBMC10k,all,dorothea_ab,8,418,CEBPA,GAPDH,all_caliper_candidates_excluded,False
PBMC10k,all,dorothea_ab,8,1985,JUN,VIM,all_caliper_candidates_excluded,False
PBMC10k,all,dorothea_ab,8,1947,TP53,EEF1A1,all_caliper_candidates_excluded,False
PBMC10k,all,dorothea_ab,8,3130,STAT1,ACTB,all_caliper_candidates_excluded,False
PBMC10k,all,dorothea_ab,8,1039,MYC,RPL13,all_caliper_candidates_excluded,False
PBMC10k,all,dorothea_ab,8,1992,CREB1,HLA-DRA,all_caliper_candidates_excluded,False
PBMC10k,all,dorothea_ab,8,1670,JUN,FOS,all_caliper_candidates_excluded,False
PBMC10k,all,dorothea_ab,8,1328,TP53,VCAN,all_caliper_candidates_excluded,False
PBMC10k,all,dorothea_ab,8,1764,HIF1A,GAPDH,all_caliper_candidates_excluded,False
PBMC10k,all,dorothea_ab,8,3563,TBP,ACTB,all_caliper_candidates_excluded,False
PBMC10k,all,dorothea_ab,8,1951,STAT4,S100A4,all_caliper_candidates_excluded,False
PBMC10k,all,dorothea_ab,8,533,NFAT5,S100A4,all_caliper_candidates_excluded,False
PBMC10k,all,dorothea_ab,8,1737,ELK4,FOS,all_caliper_candidates_excluded,False
PBMC10k,all,dorothea_ab,8,2708,TP53,ACTB,all_caliper_candidates_excluded,False
PBMC10k,all,dorothea_ab,8,81,NFKB1,B2M,all_caliper_candidates_excluded,False
PBMC10k,all,dorothea_ab,8,1414,ELK3,FOS,all_caliper_candidates_excluded,False
PBMC10k,all,dorothea_ab,8,1632,STAT3,FOS,all_caliper_candidates_excluded,False
PBMC10k,all,dorothea_ab,8,1878,STAT1,FOS,all_caliper_candidates_excluded,False
PBMC10k,all,dorothea_ab,8,2892,VDR,EEF1A1,all_caliper_candidates_excluded,False
PBMC10k,all,dorothea_ab,8,4584,CREB1,CD74,all_caliper_candidates_excluded,False
PBMC10k,all,dorothea_ab,8,1385,CREM,FOS,all_caliper_candidates_excluded,False
PBMC10k,all,dorothea_ab,8,3637,STAT1,S100A11,all_caliper_candidates_excluded,False
PBMC10k,all,dorothea_ab,8,1512,SP1,VIM,all_caliper_candidates_excluded,False
PBMC10k,all,dorothea_ab,8,1368,CREB1,FOS,all_caliper_candidates_excluded,False
PBMC10k,all,dorothea_ab,8,2059,ZEB2,VIM,all_caliper_candidates_excluded,False
PBMC10k,all,dorothea_ab,8,924,SPI1,B2M,all_caliper_candidates_excluded,False
PBMC10k,all,dorothea_ab,8,1866,POU2F2,HLA-DRA,all_caliper_candidates_excluded,False
PBMC10k,all,dorothea_ab,8,1107,ATF2,FOS,all_caliper_candidates_excluded,False
PBMC10k,all,dorothea_ab,8,1028,TCF7L2,VIM,all_caliper_candidates_excluded,False
PBMC10k,all,dorothea_ab,8,208,USF2,B2M,all_caliper_candidates_excluded,False
PBMC10k,all,dorothea_ab,8,2121,SPI1,TYROBP,all_caliper_candidates_excluded,False
PBMC10k,all,dorothea_ab,8,1725,ELK1,FOS,all_caliper_candidates_excluded,False
PBMC10k,all,dorothea_ab,8,725,ETS2,FOS,all_caliper_candidates_excluded,False
PBMC10k,all,dorothea_ab,8,620,MYC,RPL10,all_caliper_candidates_excluded,False
PBMC10k,all,dorothea_ab,8,2036,SRF,ACTB,all_caliper_candidates_excluded,False
PBMC10k,all,dorothea_ab,8,2470,GATA3,TMSB4X,all_caliper_candidates_excluded,False
PBMC10k,all,dorothea_ab,8,1626,POU2F1,HLA-DRA,all_caliper_candidates_excluded,False
PBMC10k,all,dorothea_ab,8,1675,TP53,FOS,all_caliper_candidates_excluded,False
PBMC10k,all,dorothea_ab,8,1312,SP1,FGL2,all_caliper_candidates_excluded,False
PBMC10k,all,dorothea_ab,8,161,STAT6,FOS,all_caliper_candidates_excluded,False
PBMC10k,all,dorothea_ab,8,1066,NFKB1,VIM,all_caliper_candidates_excluded,False
PBMC10k,all,dorothea_ab,8,724,FLI1,FOS,all_caliper_candidates_excluded,False
PBMC10k,all,dorothea_ab,8,720,FOS,HLA-DRA,all_caliper_candidates_excluded,False
PBMC10k,all,dorothea_ab,8,968,NFYB,ACTB,all_caliper_candidates_excluded,False
PBMC10k,all,dorothea_ab,8,357,MYC,LTB,all_caliper_candidates_excluded,False
PBMC10k,all,dorothea_ab,8,443,CEBPA,S100A9,all_caliper_candidates_excluded,False
PBMC10k,all,dorothea_ab,8,3725,NFYB,CD74,all_caliper_candidates_excluded,False
PBMC10k,all,dorothea_ab,8,1576,CEBPB,FOS,all_caliper_candidates_excluded,False
PBMC10k,all,dorothea_ab,8,423,CEBPB,S100A9,all_caliper_candidates_excluded,False
PBMC10k,all,dorothea_ab,8,3718,E2F4,ACTB,all_caliper_candidates_excluded,False
PBMC10k,all,dorothea_ab,8,4917,ETS1,EEF1A1,all_caliper_candidates_excluded,False
PBMC10k,all,dorothea_ab,8,616,MYC,RPL27A,all_caliper_candidates_excluded,False
PBMC10k,all,dorothea_ab,8,194,USF1,B2M,all_caliper_candidates_excluded,False
PBMC10k,all,dorothea_ab,8,2064,SPI1,CTSS,all_caliper_candidates_excluded,False
PBMC10k,all,dorothea_ab,8,1298,RELA,S100A6,all_caliper_candidates_excluded,False
PBMC10k,all,dorothea_ab,8,2549,NFYA,CD74,all_caliper_candidates_excluded,False
PBMC10k,all,dorothea_ab,8,1735,HIF1A,LGALS1,all_caliper_candidates_excluded,False
PBMC10k,all,dorothea_ab,8,1940,ETS1,LTB,all_caliper_candidates_excluded,False
PBMC10k,all,dorothea_ab,8,1870,STAT3,S100A11,all_caliper_candidates_excluded,False
PBMC10k,all,dorothea_ab,8,950,RFX5,CD74,all_caliper_candidates_excluded,False
PBMC10k,all,dorothea_ab,8,777,E2F4,LGALS1,all_caliper_candidates_excluded,False
PBMC10k,all,dorothea_ab,8,1850,ETS1,FOS,all_caliper_candidates_excluded,False
PBMC10k,all,dorothea_ab,8,126,SPI1,FOS,all_caliper_candidates_excluded,False
PBMC10k,all,dorothea_ab,8,1555,SRF,FOS,all_caliper_candidates_excluded,False
PBMC10k,all,dorothea_ab,8,1104,NFYA,ACTB,all_caliper_candidates_excluded,False
PBMC10k,all,dorothea_ab,8,2872,VDR,ACTB,all_caliper_candidates_excluded,False
PBMC10k,all,dorothea_ab,8,157,TCF4,VIM,all_caliper_candidates_excluded,False
PBMC10k,all,dorothea_ab,8,421,CEBPD,GAPDH,all_caliper_candidates_excluded,False
PBMC10k,all,dorothea_ab,8,5262,ETS1,TMSB4X,all_caliper_candidates_excluded,False
PBMC10k,all,dorothea_ab,8,408,MYC,GAPDH,all_caliper_candidates_excluded,False
PBMC10k,all,dorothea_ab,8,414,AHR,FOS,all_caliper_candidates_excluded,False
PBMC10k,all,dorothea_ab,8,1676,SP1,FOS,all_caliper_candidates_excluded,False
PBMC10k,all,dorothea_ab,8,4931,ETS1,ACTB,all_caliper_candidates_excluded,False
PBMC10k,all,dorothea_ab,8,1529,USF1,S100A6,all_caliper_candidates_excluded,False
PBMC10k,all,dorothea_ab,8,1139,CEBPA,FGL2,all_caliper_candidates_excluded,False
PBMC10k,all,dorothea_ab,8,2279,SPI1,AIF1,all_caliper_candidates_excluded,False
PBMC10k,all,dorothea_ab,8,626,NFKB1,CD74,all_caliper_candidates_excluded,False
PBMC10k,all,dorothea_ab,8,631,RELA,CD74,all_caliper_candidates_excluded,False
PBMC10k,all,dorothea_ab,8,282,RFX5,HLA-DRA,all_caliper_candidates_excluded,False
PBMC10k,all,dorothea_ab,8,636,PPARD,SAT1,all_caliper_candidates_excluded,False
PBMC10k,all,dorothea_ab,8,3319,SPI1,LCP1,caliper_candidates_exhausted_by_unique_constraint,False
PBMC10k,all,dorothea_ab,8,3106,STAT1,FYB1,caliper_candidates_exhausted_by_unique_constraint,False
PBMC10k,all,dorothea_ab,9,1735,HIF1A,LGALS1,all_caliper_candidates_excluded,False
PBMC10k,all,dorothea_ab,9,282,RFX5,HLA-DRA,all_caliper_candidates_excluded,False
PBMC10k,all,dorothea_ab,9,616,MYC,RPL27A,all_caliper_candidates_excluded,False
PBMC10k,all,dorothea_ab,9,2064,SPI1,CTSS,all_caliper_candidates_excluded,False
PBMC10k,all,dorothea_ab,9,4917,ETS1,EEF1A1,all_caliper_candidates_excluded,False
PBMC10k,all,dorothea_ab,9,1139,CEBPA,FGL2,all_caliper_candidates_excluded,False
PBMC10k,all,dorothea_ab,9,3563,TBP,ACTB,all_caliper_candidates_excluded,False
PBMC10k,all,dorothea_ab,9,1951,STAT4,S100A4,all_caliper_candidates_excluded,False
PBMC10k,all,dorothea_ab,9,161,STAT6,FOS,all_caliper_candidates_excluded,False
PBMC10k,all,dorothea_ab,9,1576,CEBPB,FOS,all_caliper_candidates_excluded,False
PBMC10k,all,dorothea_ab,9,3130,STAT1,ACTB,all_caliper_candidates_excluded,False
PBMC10k,all,dorothea_ab,9,443,CEBPA,S100A9,all_caliper_candidates_excluded,False
PBMC10k,all,dorothea_ab,9,2279,SPI1,AIF1,all_caliper_candidates_excluded,False
PBMC10k,all,dorothea_ab,9,2872,VDR,ACTB,all_caliper_candidates_excluded,False
PBMC10k,all,dorothea_ab,9,725,ETS2,FOS,all_caliper_candidates_excluded,False
PBMC10k,all,dorothea_ab,9,423,CEBPB,S100A9,all_caliper_candidates_excluded,False
PBMC10k,all,dorothea_ab,9,724,FLI1,FOS,all_caliper_candidates_excluded,False
PBMC10k,all,dorothea_ab,9,636,PPARD,SAT1,all_caliper_candidates_excluded,False
PBMC10k,all,dorothea_ab,9,1104,NFYA,ACTB,all_caliper_candidates_excluded,False
PBMC10k,all,dorothea_ab,9,4584,CREB1,CD74,all_caliper_candidates_excluded,False
PBMC10k,all,dorothea_ab,9,2892,VDR,EEF1A1,all_caliper_candidates_excluded,False
PBMC10k,all,dorothea_ab,9,1328,TP53,VCAN,all_caliper_candidates_excluded,False
PBMC10k,all,dorothea_ab,9,631,RELA,CD74,all_caliper_candidates_excluded,False
PBMC10k,all,dorothea_ab,9,1414,ELK3,FOS,all_caliper_candidates_excluded,False
PBMC10k,all,dorothea_ab,9,720,FOS,HLA-DRA,all_caliper_candidates_excluded,False
PBMC10k,all,dorothea_ab,9,1866,POU2F2,HLA-DRA,all_caliper_candidates_excluded,False
PBMC10k,all,dorothea_ab,9,157,TCF4,VIM,all_caliper_candidates_excluded,False
PBMC10k,all,dorothea_ab,9,1385,CREM,FOS,all_caliper_candidates_excluded,False
PBMC10k,all,dorothea_ab,9,357,MYC,LTB,all_caliper_candidates_excluded,False
PBMC10k,all,dorothea_ab,9,1298,RELA,S100A6,all_caliper_candidates_excluded,False
PBMC10k,all,dorothea_ab,9,126,SPI1,FOS,all_caliper_candidates_excluded,False
PBMC10k,all,dorothea_ab,9,2549,NFYA,CD74,all_caliper_candidates_excluded,False
PBMC10k,all,dorothea_ab,9,1870,STAT3,S100A11,all_caliper_candidates_excluded,False
PBMC10k,all,dorothea_ab,9,1555,SRF,FOS,all_caliper_candidates_excluded,False
PBMC10k,all,dorothea_ab,9,968,NFYB,ACTB,all_caliper_candidates_excluded,False
PBMC10k,all,dorothea_ab,9,194,USF1,B2M,all_caliper_candidates_excluded,False
PBMC10k,all,dorothea_ab,9,1529,USF1,S100A6,all_caliper_candidates_excluded,False
PBMC10k,all,dorothea_ab,9,1107,ATF2,FOS,all_caliper_candidates_excluded,False
PBMC10k,all,dorothea_ab,9,1039,MYC,RPL13,all_caliper_candidates_excluded,False
PBMC10k,all,dorothea_ab,9,3637,STAT1,S100A11,all_caliper_candidates_excluded,False
PBMC10k,all,dorothea_ab,9,1940,ETS1,LTB,all_caliper_candidates_excluded,False
PBMC10k,all,dorothea_ab,9,1632,STAT3,FOS,all_caliper_candidates_excluded,False
PBMC10k,all,dorothea_ab,9,5262,ETS1,TMSB4X,all_caliper_candidates_excluded,False
PBMC10k,all,dorothea_ab,9,421,CEBPD,GAPDH,all_caliper_candidates_excluded,False
PBMC10k,all,dorothea_ab,9,2121,SPI1,TYROBP,all_caliper_candidates_excluded,False
PBMC10k,all,dorothea_ab,9,2708,TP53,ACTB,all_caliper_candidates_excluded,False
PBMC10k,all,dorothea_ab,9,777,E2F4,LGALS1,all_caliper_candidates_excluded,False
PBMC10k,all,dorothea_ab,9,3725,NFYB,CD74,all_caliper_candidates_excluded,False
PBMC10k,all,dorothea_ab,9,1675,TP53,FOS,all_caliper_candidates_excluded,False
PBMC10k,all,dorothea_ab,9,1670,JUN,FOS,all_caliper_candidates_excluded,False
PBMC10k,all,dorothea_ab,9,2059,ZEB2,VIM,all_caliper_candidates_excluded,False
PBMC10k,all,dorothea_ab,9,533,NFAT5,S100A4,all_caliper_candidates_excluded,False
PBMC10k,all,dorothea_ab,9,3718,E2F4,ACTB,all_caliper_candidates_excluded,False
PBMC10k,all,dorothea_ab,9,2470,GATA3,TMSB4X,all_caliper_candidates_excluded,False
PBMC10k,all,dorothea_ab,9,1878,STAT1,FOS,all_caliper_candidates_excluded,False
PBMC10k,all,dorothea_ab,9,408,MYC,GAPDH,all_caliper_candidates_excluded,False
PBMC10k,all,dorothea_ab,9,414,AHR,FOS,all_caliper_candidates_excluded,False
PBMC10k,all,dorothea_ab,9,1312,SP1,FGL2,all_caliper_candidates_excluded,False
PBMC10k,all,dorothea_ab,9,1985,JUN,VIM,all_caliper_candidates_excluded,False
PBMC10k,all,dorothea_ab,9,208,USF2,B2M,all_caliper_candidates_excluded,False
PBMC10k,all,dorothea_ab,9,1512,SP1,VIM,all_caliper_candidates_excluded,False
PBMC10k,all,dorothea_ab,9,924,SPI1,B2M,all_caliper_candidates_excluded,False
PBMC10k,all,dorothea_ab,9,1676,SP1,FOS,all_caliper_candidates_excluded,False
PBMC10k,all,dorothea_ab,9,1992,CREB1,HLA-DRA,all_caliper_candidates_excluded,False
PBMC10k,all,dorothea_ab,9,1368,CREB1,FOS,all_caliper_candidates_excluded,False
PBMC10k,all,dorothea_ab,9,620,MYC,RPL10,all_caliper_candidates_excluded,False
PBMC10k,all,dorothea_ab,9,1850,ETS1,FOS,all_caliper_candidates_excluded,False
PBMC10k,all,dorothea_ab,9,1764,HIF1A,GAPDH,all_caliper_candidates_excluded,False
PBMC10k,all,dorothea_ab,9,418,CEBPA,GAPDH,all_caliper_candidates_excluded,False
PBMC10k,all,dorothea_ab,9,4931,ETS1,ACTB,all_caliper_candidates_excluded,False
PBMC10k,all,dorothea_ab,9,626,NFKB1,CD74,all_caliper_candidates_excluded,False
PBMC10k,all,dorothea_ab,9,1725,ELK1,FOS,all_caliper_candidates_excluded,False
PBMC10k,all,dorothea_ab,9,1947,TP53,EEF1A1,all_caliper_candidates_excluded,False
PBMC10k,all,dorothea_ab,9,1066,NFKB1,VIM,all_caliper_candidates_excluded,False
PBMC10k,all,dorothea_ab,9,1737,ELK4,FOS,all_caliper_candidates_excluded,False
PBMC10k,all,dorothea_ab,9,950,RFX5,CD74,all_caliper_candidates_excluded,False
PBMC10k,all,dorothea_ab,9,1626,POU2F1,HLA-DRA,all_caliper_candidates_excluded,False
PBMC10k,all,dorothea_ab,9,1028,TCF7L2,VIM,all_caliper_candidates_excluded,False
PBMC10k,all,dorothea_ab,9,2036,SRF,ACTB,all_caliper_candidates_excluded,False
PBMC10k,all,dorothea_ab,9,81,NFKB1,B2M,all_caliper_candidates_excluded,False
PBMC10k,all,dorothea_ab,9,3407,SPI1,FYB1,caliper_candidates_exhausted_by_unique_constraint,False
PBMC10k,all,dorothea_ab,9,1273,STAT1,S100A10,caliper_candidates_exhausted_by_unique_constraint,False
PBMC10k,all,trrust_dorothea_intersection,0,121,ELK1,FOS,all_caliper_candidates_excluded,False
PBMC10k,all,trrust_dorothea_intersection,0,421,NFKB1,CD74,all_caliper_candidates_excluded,False
PBMC10k,all,trrust_dorothea_intersection,0,696,SP1,FGL2,all_caliper_candidates_excluded,False
PBMC10k,all,trrust_dorothea_intersection,0,607,RFX5,HLA-DRA,all_caliper_candidates_excluded,False
PBMC10k,all,trrust_dorothea_intersection,0,229,HIF1A,GAPDH,all_caliper_candidates_excluded,False
PBMC10k,all,trrust_dorothea_intersection,0,1036,TP53,VCAN,all_caliper_candidates_excluded,False
PBMC10k,all,trrust_dorothea_intersection,0,544,RELA,CD74,all_caliper_candidates_excluded,False
PBMC10k,all,trrust_dorothea_intersection,0,773,SP1,VIM,all_caliper_candidates_excluded,False
PBMC10k,all,trrust_dorothea_intersection,0,582,RELA,S100A6,all_caliper_candidates_excluded,False
PBMC10k,all,trrust_dorothea_intersection,0,958,TCF4,VIM,all_caliper_candidates_excluded,False
PBMC10k,all,trrust_dorothea_intersection,0,65,CEBPB,S100A9,all_caliper_candidates_excluded,False
PBMC10k,all,trrust_dorothea_intersection,0,126,ELK4,FOS,all_caliper_candidates_excluded,False
PBMC10k,all,trrust_dorothea_intersection,0,924,STAT3,S100A11,all_caliper_candidates_excluded,False
PBMC10k,all,trrust_dorothea_intersection,0,405,NFKB1,B2M,all_caliper_candidates_excluded,False
PBMC10k,all,trrust_dorothea_intersection,0,937,STAT4,S100A4,all_caliper_candidates_excluded,False
PBMC10k,all,trrust_dorothea_intersection,0,1108,ZEB2,VIM,all_caliper_candidates_excluded,False
PBMC10k,all,trrust_dorothea_intersection,0,849,SRF,FOS,all_caliper_candidates_excluded,False
PBMC10k,all,trrust_dorothea_intersection,0,42,CEBPA,GAPDH,all_caliper_candidates_excluded,False
PBMC10k,all,trrust_dorothea_intersection,0,80,CREB1,FOS,all_caliper_candidates_excluded,False
PBMC10k,all,trrust_dorothea_intersection,0,698,SP1,FOS,all_caliper_candidates_excluded,False
PBMC10k,all,trrust_dorothea_intersection,0,1042,USF1,B2M,all_caliper_candidates_excluded,False
PBMC10k,all,trrust_dorothea_intersection,0,512,PPARD,SAT1,all_caliper_candidates_excluded,False
PBMC10k,all,trrust_dorothea_intersection,0,911,STAT3,FOS,all_caliper_candidates_excluded,False
PBMC10k,all,trrust_dorothea_intersection,0,1064,USF2,B2M,all_caliper_candidates_excluded,False
PBMC10k,all,trrust_dorothea_intersection,0,946,STAT6,FOS,all_caliper_candidates_excluded,False
PBMC10k,all,trrust_dorothea_intersection,0,810,SPI1,CTSS,all_caliper_candidates_excluded,False
PBMC10k,all,trrust_dorothea_intersection,0,97,CREM,FOS,all_caliper_candidates_excluded,False
PBMC10k,all,trrust_dorothea_intersection,0,1055,USF1,S100A6,all_caliper_candidates_excluded,False
PBMC10k,all,trrust_dorothea_intersection,0,1,AHR,FOS,all_caliper_candidates_excluded,False
PBMC10k,all,trrust_dorothea_intersection,0,69,CEBPD,GAPDH,all_caliper_candidates_excluded,False
PBMC10k,all,trrust_dorothea_intersection,0,52,CEBPA,S100A9,all_caliper_candidates_excluded,False
PBMC10k,all,trrust_dorothea_intersection,0,503,POU2F2,HLA-DRA,all_caliper_candidates_excluded,False
PBMC10k,all,trrust_dorothea_intersection,1,582,RELA,S100A6,all_caliper_candidates_excluded,False
PBMC10k,all,trrust_dorothea_intersection,1,1108,ZEB2,VIM,all_caliper_candidates_excluded,False
PBMC10k,all,trrust_dorothea_intersection,1,1036,TP53,VCAN,all_caliper_candidates_excluded,False
PBMC10k,all,trrust_dorothea_intersection,1,69,CEBPD,GAPDH,all_caliper_candidates_excluded,False
PBMC10k,all,trrust_dorothea_intersection,1,607,RFX5,HLA-DRA,all_caliper_candidates_excluded,False
PBMC10k,all,trrust_dorothea_intersection,1,97,CREM,FOS,all_caliper_candidates_excluded,False
PBMC10k,all,trrust_dorothea_intersection,1,1042,USF1,B2M,all_caliper_candidates_excluded,False
PBMC10k,all,trrust_dorothea_intersection,1,1055,USF1,S100A6,all_caliper_candidates_excluded,False
PBMC10k,all,trrust_dorothea_intersection,1,849,SRF,FOS,all_caliper_candidates_excluded,False
PBMC10k,all,trrust_dorothea_intersection,1,121,ELK1,FOS,all_caliper_candidates_excluded,False
PBMC10k,all,trrust_dorothea_intersection,1,65,CEBPB,S100A9,all_caliper_candidates_excluded,False
PBMC10k,all,trrust_dorothea_intersection,1,1064,USF2,B2M,all_caliper_candidates_excluded,False
PBMC10k,all,trrust_dorothea_intersection,1,52,CEBPA,S100A9,all_caliper_candidates_excluded,False
PBMC10k,all,trrust_dorothea_intersection,1,229,HIF1A,GAPDH,all_caliper_candidates_excluded,False
PBMC10k,all,trrust_dorothea_intersection,1,544,RELA,CD74,all_caliper_candidates_excluded,False
PBMC10k,all,trrust_dorothea_intersection,1,512,PPARD,SAT1,all_caliper_candidates_excluded,False
PBMC10k,all,trrust_dorothea_intersection,1,126,ELK4,FOS,all_caliper_candidates_excluded,False
PBMC10k,all,trrust_dorothea_intersection,1,937,STAT4,S100A4,all_caliper_candidates_excluded,False
PBMC10k,all,trrust_dorothea_intersection,1,421,NFKB1,CD74,all_caliper_candidates_excluded,False
PBMC10k,all,trrust_dorothea_intersection,1,503,POU2F2,HLA-DRA,all_caliper_candidates_excluded,False
PBMC10k,all,trrust_dorothea_intersection,1,405,NFKB1,B2M,all_caliper_candidates_excluded,False
PBMC10k,all,trrust_dorothea_intersection,1,946,STAT6,FOS,all_caliper_candidates_excluded,False
PBMC10k,all,trrust_dorothea_intersection,1,958,TCF4,VIM,all_caliper_candidates_excluded,False
PBMC10k,all,trrust_dorothea_intersection,1,1,AHR,FOS,all_caliper_candidates_excluded,False
PBMC10k,all,trrust_dorothea_intersection,1,80,CREB1,FOS,all_caliper_candidates_excluded,False
PBMC10k,all,trrust_dorothea_intersection,1,698,SP1,FOS,all_caliper_candidates_excluded,False
PBMC10k,all,trrust_dorothea_intersection,1,773,SP1,VIM,all_caliper_candidates_excluded,False
PBMC10k,all,trrust_dorothea_intersection,1,810,SPI1,CTSS,all_caliper_candidates_excluded,False
PBMC10k,all,trrust_dorothea_intersection,1,42,CEBPA,GAPDH,all_caliper_candidates_excluded,False
PBMC10k,all,trrust_dorothea_intersection,1,696,SP1,FGL2,all_caliper_candidates_excluded,False
PBMC10k,all,trrust_dorothea_intersection,1,924,STAT3,S100A11,all_caliper_candidates_excluded,False
PBMC10k,all,trrust_dorothea_intersection,1,911,STAT3,FOS,all_caliper_candidates_excluded,False
PBMC10k,all,trrust_dorothea_intersection,2,773,SP1,VIM,all_caliper_candidates_excluded,False
PBMC10k,all,trrust_dorothea_intersection,2,52,CEBPA,S100A9,all_caliper_candidates_excluded,False
PBMC10k,all,trrust_dorothea_intersection,2,65,CEBPB,S100A9,all_caliper_candidates_excluded,False
PBMC10k,all,trrust_dorothea_intersection,2,503,POU2F2,HLA-DRA,all_caliper_candidates_excluded,False
PBMC10k,all,trrust_dorothea_intersection,2,1055,USF1,S100A6,all_caliper_candidates_excluded,False
PBMC10k,all,trrust_dorothea_intersection,2,924,STAT3,S100A11,all_caliper_candidates_excluded,False
PBMC10k,all,trrust_dorothea_intersection,2,1036,TP53,VCAN,all_caliper_candidates_excluded,False
PBMC10k,all,trrust_dorothea_intersection,2,42,CEBPA,GAPDH,all_caliper_candidates_excluded,False
PBMC10k,all,trrust_dorothea_intersection,2,698,SP1,FOS,all_caliper_candidates_excluded,False
PBMC10k,all,trrust_dorothea_intersection,2,512,PPARD,SAT1,all_caliper_candidates_excluded,False
PBMC10k,all,trrust_dorothea_intersection,2,1042,USF1,B2M,all_caliper_candidates_excluded,False
PBMC10k,all,trrust_dorothea_intersection,2,1,AHR,FOS,all_caliper_candidates_excluded,False
PBMC10k,all,trrust_dorothea_intersection,2,1108,ZEB2,VIM,all_caliper_candidates_excluded,False
PBMC10k,all,trrust_dorothea_intersection,2,946,STAT6,FOS,all_caliper_candidates_excluded,False
PBMC10k,all,trrust_dorothea_intersection,2,121,ELK1,FOS,all_caliper_candidates_excluded,False
PBMC10k,all,trrust_dorothea_intersection,2,405,NFKB1,B2M,all_caliper_candidates_excluded,False
PBMC10k,all,trrust_dorothea_intersection,2,544,RELA,CD74,all_caliper_candidates_excluded,False
PBMC10k,all,trrust_dorothea_intersection,2,937,STAT4,S100A4,all_caliper_candidates_excluded,False
PBMC10k,all,trrust_dorothea_intersection,2,849,SRF,FOS,all_caliper_candidates_excluded,False
PBMC10k,all,trrust_dorothea_intersection,2,97,CREM,FOS,all_caliper_candidates_excluded,False
PBMC10k,all,trrust_dorothea_intersection,2,607,RFX5,HLA-DRA,all_caliper_candidates_excluded,False
PBMC10k,all,trrust_dorothea_intersection,2,810,SPI1,CTSS,all_caliper_candidates_excluded,False
PBMC10k,all,trrust_dorothea_intersection,2,126,ELK4,FOS,all_caliper_candidates_excluded,False
PBMC10k,all,trrust_dorothea_intersection,2,69,CEBPD,GAPDH,all_caliper_candidates_excluded,False
PBMC10k,all,trrust_dorothea_intersection,2,958,TCF4,VIM,all_caliper_candidates_excluded,False
PBMC10k,all,trrust_dorothea_intersection,2,582,RELA,S100A6,all_caliper_candidates_excluded,False
PBMC10k,all,trrust_dorothea_intersection,2,696,SP1,FGL2,all_caliper_candidates_excluded,False
PBMC10k,all,trrust_dorothea_intersection,2,421,NFKB1,CD74,all_caliper_candidates_excluded,False
PBMC10k,all,trrust_dorothea_intersection,2,229,HIF1A,GAPDH,all_caliper_candidates_excluded,False
PBMC10k,all,trrust_dorothea_intersection,2,1064,USF2,B2M,all_caliper_candidates_excluded,False
PBMC10k,all,trrust_dorothea_intersection,2,80,CREB1,FOS,all_caliper_candidates_excluded,False
PBMC10k,all,trrust_dorothea_intersection,2,911,STAT3,FOS,all_caliper_candidates_excluded,False
PBMC10k,all,trrust_dorothea_intersection,3,405,NFKB1,B2M,all_caliper_candidates_excluded,False
PBMC10k,all,trrust_dorothea_intersection,3,503,POU2F2,HLA-DRA,all_caliper_candidates_excluded,False
PBMC10k,all,trrust_dorothea_intersection,3,810,SPI1,CTSS,all_caliper_candidates_excluded,False
PBMC10k,all,trrust_dorothea_intersection,3,80,CREB1,FOS,all_caliper_candidates_excluded,False
PBMC10k,all,trrust_dorothea_intersection,3,65,CEBPB,S100A9,all_caliper_candidates_excluded,False
PBMC10k,all,trrust_dorothea_intersection,3,1036,TP53,VCAN,all_caliper_candidates_excluded,False
PBMC10k,all,trrust_dorothea_intersection,3,698,SP1,FOS,all_caliper_candidates_excluded,False
PBMC10k,all,trrust_dorothea_intersection,3,1042,USF1,B2M,all_caliper_candidates_excluded,False
PBMC10k,all,trrust_dorothea_intersection,3,958,TCF4,VIM,all_caliper_candidates_excluded,False
PBMC10k,all,trrust_dorothea_intersection,3,97,CREM,FOS,all_caliper_candidates_excluded,False
PBMC10k,all,trrust_dorothea_intersection,3,126,ELK4,FOS,all_caliper_candidates_excluded,False
PBMC10k,all,trrust_dorothea_intersection,3,121,ELK1,FOS,all_caliper_candidates_excluded,False
PBMC10k,all,trrust_dorothea_intersection,3,512,PPARD,SAT1,all_caliper_candidates_excluded,False
PBMC10k,all,trrust_dorothea_intersection,3,1055,USF1,S100A6,all_caliper_candidates_excluded,False
PBMC10k,all,trrust_dorothea_intersection,3,544,RELA,CD74,all_caliper_candidates_excluded,False
PBMC10k,all,trrust_dorothea_intersection,3,421,NFKB1,CD74,all_caliper_candidates_excluded,False
PBMC10k,all,trrust_dorothea_intersection,3,1,AHR,FOS,all_caliper_candidates_excluded,False
PBMC10k,all,trrust_dorothea_intersection,3,1064,USF2,B2M,all_caliper_candidates_excluded,False
PBMC10k,all,trrust_dorothea_intersection,3,607,RFX5,HLA-DRA,all_caliper_candidates_excluded,False
PBMC10k,all,trrust_dorothea_intersection,3,937,STAT4,S100A4,all_caliper_candidates_excluded,False
PBMC10k,all,trrust_dorothea_intersection,3,911,STAT3,FOS,all_caliper_candidates_excluded,False
PBMC10k,all,trrust_dorothea_intersection,3,946,STAT6,FOS,all_caliper_candidates_excluded,False
PBMC10k,all,trrust_dorothea_intersection,3,69,CEBPD,GAPDH,all_caliper_candidates_excluded,False
PBMC10k,all,trrust_dorothea_intersection,3,773,SP1,VIM,all_caliper_candidates_excluded,False
PBMC10k,all,trrust_dorothea_intersection,3,696,SP1,FGL2,all_caliper_candidates_excluded,False
PBMC10k,all,trrust_dorothea_intersection,3,1108,ZEB2,VIM,all_caliper_candidates_excluded,False
PBMC10k,all,trrust_dorothea_intersection,3,924,STAT3,S100A11,all_caliper_candidates_excluded,False
PBMC10k,all,trrust_dorothea_intersection,3,42,CEBPA,GAPDH,all_caliper_candidates_excluded,False
PBMC10k,all,trrust_dorothea_intersection,3,849,SRF,FOS,all_caliper_candidates_excluded,False
PBMC10k,all,trrust_dorothea_intersection,3,229,HIF1A,GAPDH,all_caliper_candidates_excluded,False
PBMC10k,all,trrust_dorothea_intersection,3,52,CEBPA,S100A9,all_caliper_candidates_excluded,False
PBMC10k,all,trrust_dorothea_intersection,3,582,RELA,S100A6,all_caliper_candidates_excluded,False
PBMC10k,all,trrust_dorothea_intersection,4,1042,USF1,B2M,all_caliper_candidates_excluded,False
PBMC10k,all,trrust_dorothea_intersection,4,937,STAT4,S100A4,all_caliper_candidates_excluded,False
PBMC10k,all,trrust_dorothea_intersection,4,544,RELA,CD74,all_caliper_candidates_excluded,False
PBMC10k,all,trrust_dorothea_intersection,4,958,TCF4,VIM,all_caliper_candidates_excluded,False
PBMC10k,all,trrust_dorothea_intersection,4,405,NFKB1,B2M,all_caliper_candidates_excluded,False
PBMC10k,all,trrust_dorothea_intersection,4,52,CEBPA,S100A9,all_caliper_candidates_excluded,False
PBMC10k,all,trrust_dorothea_intersection,4,503,POU2F2,HLA-DRA,all_caliper_candidates_excluded,False
PBMC10k,all,trrust_dorothea_intersection,4,582,RELA,S100A6,all_caliper_candidates_excluded,False
PBMC10k,all,trrust_dorothea_intersection,4,1,AHR,FOS,all_caliper_candidates_excluded,False
PBMC10k,all,trrust_dorothea_intersection,4,698,SP1,FOS,all_caliper_candidates_excluded,False
PBMC10k,all,trrust_dorothea_intersection,4,1055,USF1,S100A6,all_caliper_candidates_excluded,False
PBMC10k,all,trrust_dorothea_intersection,4,607,RFX5,HLA-DRA,all_caliper_candidates_excluded,False
PBMC10k,all,trrust_dorothea_intersection,4,810,SPI1,CTSS,all_caliper_candidates_excluded,False
PBMC10k,all,trrust_dorothea_intersection,4,911,STAT3,FOS,all_caliper_candidates_excluded,False
PBMC10k,all,trrust_dorothea_intersection,4,121,ELK1,FOS,all_caliper_candidates_excluded,False
PBMC10k,all,trrust_dorothea_intersection,4,1036,TP53,VCAN,all_caliper_candidates_excluded,False
PBMC10k,all,trrust_dorothea_intersection,4,1108,ZEB2,VIM,all_caliper_candidates_excluded,False
PBMC10k,all,trrust_dorothea_intersection,4,421,NFKB1,CD74,all_caliper_candidates_excluded,False
PBMC10k,all,trrust_dorothea_intersection,4,80,CREB1,FOS,all_caliper_candidates_excluded,False
PBMC10k,all,trrust_dorothea_intersection,4,69,CEBPD,GAPDH,all_caliper_candidates_excluded,False
PBMC10k,all,trrust_dorothea_intersection,4,946,STAT6,FOS,all_caliper_candidates_excluded,False
PBMC10k,all,trrust_dorothea_intersection,4,1064,USF2,B2M,all_caliper_candidates_excluded,False
PBMC10k,all,trrust_dorothea_intersection,4,849,SRF,FOS,all_caliper_candidates_excluded,False
PBMC10k,all,trrust_dorothea_intersection,4,924,STAT3,S100A11,all_caliper_candidates_excluded,False
PBMC10k,all,trrust_dorothea_intersection,4,126,ELK4,FOS,all_caliper_candidates_excluded,False
PBMC10k,all,trrust_dorothea_intersection,4,229,HIF1A,GAPDH,all_caliper_candidates_excluded,False
PBMC10k,all,trrust_dorothea_intersection,4,696,SP1,FGL2,all_caliper_candidates_excluded,False
PBMC10k,all,trrust_dorothea_intersection,4,65,CEBPB,S100A9,all_caliper_candidates_excluded,False
PBMC10k,all,trrust_dorothea_intersection,4,773,SP1,VIM,all_caliper_candidates_excluded,False
PBMC10k,all,trrust_dorothea_intersection,4,97,CREM,FOS,all_caliper_candidates_excluded,False
PBMC10k,all,trrust_dorothea_intersection,4,512,PPARD,SAT1,all_caliper_candidates_excluded,False
PBMC10k,all,trrust_dorothea_intersection,4,42,CEBPA,GAPDH,all_caliper_candidates_excluded,False
PBMC10k,all,trrust_dorothea_intersection,5,80,CREB1,FOS,all_caliper_candidates_excluded,False
PBMC10k,all,trrust_dorothea_intersection,5,1042,USF1,B2M,all_caliper_candidates_excluded,False
PBMC10k,all,trrust_dorothea_intersection,5,126,ELK4,FOS,all_caliper_candidates_excluded,False
PBMC10k,all,trrust_dorothea_intersection,5,810,SPI1,CTSS,all_caliper_candidates_excluded,False
PBMC10k,all,trrust_dorothea_intersection,5,849,SRF,FOS,all_caliper_candidates_excluded,False
PBMC10k,all,trrust_dorothea_intersection,5,503,POU2F2,HLA-DRA,all_caliper_candidates_excluded,False
PBMC10k,all,trrust_dorothea_intersection,5,698,SP1,FOS,all_caliper_candidates_excluded,False
PBMC10k,all,trrust_dorothea_intersection,5,958,TCF4,VIM,all_caliper_candidates_excluded,False
PBMC10k,all,trrust_dorothea_intersection,5,405,NFKB1,B2M,all_caliper_candidates_excluded,False
PBMC10k,all,trrust_dorothea_intersection,5,924,STAT3,S100A11,all_caliper_candidates_excluded,False
PBMC10k,all,trrust_dorothea_intersection,5,696,SP1,FGL2,all_caliper_candidates_excluded,False
PBMC10k,all,trrust_dorothea_intersection,5,946,STAT6,FOS,all_caliper_candidates_excluded,False
PBMC10k,all,trrust_dorothea_intersection,5,1036,TP53,VCAN,all_caliper_candidates_excluded,False
PBMC10k,all,trrust_dorothea_intersection,5,937,STAT4,S100A4,all_caliper_candidates_excluded,False
PBMC10k,all,trrust_dorothea_intersection,5,421,NFKB1,CD74,all_caliper_candidates_excluded,False
PBMC10k,all,trrust_dorothea_intersection,5,42,CEBPA,GAPDH,all_caliper_candidates_excluded,False
PBMC10k,all,trrust_dorothea_intersection,5,1064,USF2,B2M,all_caliper_candidates_excluded,False
PBMC10k,all,trrust_dorothea_intersection,5,65,CEBPB,S100A9,all_caliper_candidates_excluded,False
PBMC10k,all,trrust_dorothea_intersection,5,582,RELA,S100A6,all_caliper_candidates_excluded,False
PBMC10k,all,trrust_dorothea_intersection,5,229,HIF1A,GAPDH,all_caliper_candidates_excluded,False
PBMC10k,all,trrust_dorothea_intersection,5,773,SP1,VIM,all_caliper_candidates_excluded,False
PBMC10k,all,trrust_dorothea_intersection,5,544,RELA,CD74,all_caliper_candidates_excluded,False
PBMC10k,all,trrust_dorothea_intersection,5,1108,ZEB2,VIM,all_caliper_candidates_excluded,False
PBMC10k,all,trrust_dorothea_intersection,5,121,ELK1,FOS,all_caliper_candidates_excluded,False
PBMC10k,all,trrust_dorothea_intersection,5,97,CREM,FOS,all_caliper_candidates_excluded,False
PBMC10k,all,trrust_dorothea_intersection,5,69,CEBPD,GAPDH,all_caliper_candidates_excluded,False
PBMC10k,all,trrust_dorothea_intersection,5,1055,USF1,S100A6,all_caliper_candidates_excluded,False
PBMC10k,all,trrust_dorothea_intersection,5,512,PPARD,SAT1,all_caliper_candidates_excluded,False
PBMC10k,all,trrust_dorothea_intersection,5,52,CEBPA,S100A9,all_caliper_candidates_excluded,False
PBMC10k,all,trrust_dorothea_intersection,5,911,STAT3,FOS,all_caliper_candidates_excluded,False
PBMC10k,all,trrust_dorothea_intersection,5,1,AHR,FOS,all_caliper_candidates_excluded,False
PBMC10k,all,trrust_dorothea_intersection,5,607,RFX5,HLA-DRA,all_caliper_candidates_excluded,False
PBMC10k,all,trrust_dorothea_intersection,6,607,RFX5,HLA-DRA,all_caliper_candidates_excluded,False
PBMC10k,all,trrust_dorothea_intersection,6,503,POU2F2,HLA-DRA,all_caliper_candidates_excluded,False
PBMC10k,all,trrust_dorothea_intersection,6,696,SP1,FGL2,all_caliper_candidates_excluded,False
PBMC10k,all,trrust_dorothea_intersection,6,911,STAT3,FOS,all_caliper_candidates_excluded,False
PBMC10k,all,trrust_dorothea_intersection,6,52,CEBPA,S100A9,all_caliper_candidates_excluded,False
PBMC10k,all,trrust_dorothea_intersection,6,582,RELA,S100A6,all_caliper_candidates_excluded,False
PBMC10k,all,trrust_dorothea_intersection,6,810,SPI1,CTSS,all_caliper_candidates_excluded,False
PBMC10k,all,trrust_dorothea_intersection,6,97,CREM,FOS,all_caliper_candidates_excluded,False
PBMC10k,all,trrust_dorothea_intersection,6,126,ELK4,FOS,all_caliper_candidates_excluded,False
PBMC10k,all,trrust_dorothea_intersection,6,1064,USF2,B2M,all_caliper_candidates_excluded,False
PBMC10k,all,trrust_dorothea_intersection,6,849,SRF,FOS,all_caliper_candidates_excluded,False
PBMC10k,all,trrust_dorothea_intersection,6,773,SP1,VIM,all_caliper_candidates_excluded,False
PBMC10k,all,trrust_dorothea_intersection,6,69,CEBPD,GAPDH,all_caliper_candidates_excluded,False
PBMC10k,all,trrust_dorothea_intersection,6,1,AHR,FOS,all_caliper_candidates_excluded,False
PBMC10k,all,trrust_dorothea_intersection,6,42,CEBPA,GAPDH,all_caliper_candidates_excluded,False
PBMC10k,all,trrust_dorothea_intersection,6,946,STAT6,FOS,all_caliper_candidates_excluded,False
PBMC10k,all,trrust_dorothea_intersection,6,229,HIF1A,GAPDH,all_caliper_candidates_excluded,False
PBMC10k,all,trrust_dorothea_intersection,6,405,NFKB1,B2M,all_caliper_candidates_excluded,False
PBMC10k,all,trrust_dorothea_intersection,6,80,CREB1,FOS,all_caliper_candidates_excluded,False
PBMC10k,all,trrust_dorothea_intersection,6,512,PPARD,SAT1,all_caliper_candidates_excluded,False
PBMC10k,all,trrust_dorothea_intersection,6,958,TCF4,VIM,all_caliper_candidates_excluded,False
PBMC10k,all,trrust_dorothea_intersection,6,121,ELK1,FOS,all_caliper_candidates_excluded,False
PBMC10k,all,trrust_dorothea_intersection,6,65,CEBPB,S100A9,all_caliper_candidates_excluded,False
PBMC10k,all,trrust_dorothea_intersection,6,698,SP1,FOS,all_caliper_candidates_excluded,False
PBMC10k,all,trrust_dorothea_intersection,6,937,STAT4,S100A4,all_caliper_candidates_excluded,False
PBMC10k,all,trrust_dorothea_intersection,6,924,STAT3,S100A11,all_caliper_candidates_excluded,False
PBMC10k,all,trrust_dorothea_intersection,6,1042,USF1,B2M,all_caliper_candidates_excluded,False
PBMC10k,all,trrust_dorothea_intersection,6,421,NFKB1,CD74,all_caliper_candidates_excluded,False
PBMC10k,all,trrust_dorothea_intersection,6,1036,TP53,VCAN,all_caliper_candidates_excluded,False
PBMC10k,all,trrust_dorothea_intersection,6,544,RELA,CD74,all_caliper_candidates_excluded,False
PBMC10k,all,trrust_dorothea_intersection,6,1108,ZEB2,VIM,all_caliper_candidates_excluded,False
PBMC10k,all,trrust_dorothea_intersection,6,1055,USF1,S100A6,all_caliper_candidates_excluded,False
PBMC10k,all,trrust_dorothea_intersection,7,405,NFKB1,B2M,all_caliper_candidates_excluded,False
PBMC10k,all,trrust_dorothea_intersection,7,80,CREB1,FOS,all_caliper_candidates_excluded,False
PBMC10k,all,trrust_dorothea_intersection,7,52,CEBPA,S100A9,all_caliper_candidates_excluded,False
PBMC10k,all,trrust_dorothea_intersection,7,810,SPI1,CTSS,all_caliper_candidates_excluded,False
PBMC10k,all,trrust_dorothea_intersection,7,126,ELK4,FOS,all_caliper_candidates_excluded,False
PBMC10k,all,trrust_dorothea_intersection,7,421,NFKB1,CD74,all_caliper_candidates_excluded,False
PBMC10k,all,trrust_dorothea_intersection,7,512,PPARD,SAT1,all_caliper_candidates_excluded,False
PBMC10k,all,trrust_dorothea_intersection,7,1064,USF2,B2M,all_caliper_candidates_excluded,False
PBMC10k,all,trrust_dorothea_intersection,7,65,CEBPB,S100A9,all_caliper_candidates_excluded,False
PBMC10k,all,trrust_dorothea_intersection,7,97,CREM,FOS,all_caliper_candidates_excluded,False
PBMC10k,all,trrust_dorothea_intersection,7,958,TCF4,VIM,all_caliper_candidates_excluded,False
PBMC10k,all,trrust_dorothea_intersection,7,607,RFX5,HLA-DRA,all_caliper_candidates_excluded,False
PBMC10k,all,trrust_dorothea_intersection,7,121,ELK1,FOS,all_caliper_candidates_excluded,False
PBMC10k,all,trrust_dorothea_intersection,7,946,STAT6,FOS,all_caliper_candidates_excluded,False
PBMC10k,all,trrust_dorothea_intersection,7,698,SP1,FOS,all_caliper_candidates_excluded,False
PBMC10k,all,trrust_dorothea_intersection,7,1,AHR,FOS,all_caliper_candidates_excluded,False
PBMC10k,all,trrust_dorothea_intersection,7,696,SP1,FGL2,all_caliper_candidates_excluded,False
PBMC10k,all,trrust_dorothea_intersection,7,1055,USF1,S100A6,all_caliper_candidates_excluded,False
PBMC10k,all,trrust_dorothea_intersection,7,1042,USF1,B2M,all_caliper_candidates_excluded,False
PBMC10k,all,trrust_dorothea_intersection,7,582,RELA,S100A6,all_caliper_candidates_excluded,False
PBMC10k,all,trrust_dorothea_intersection,7,1036,TP53,VCAN,all_caliper_candidates_excluded,False
PBMC10k,all,trrust_dorothea_intersection,7,1108,ZEB2,VIM,all_caliper_candidates_excluded,False
PBMC10k,all,trrust_dorothea_intersection,7,773,SP1,VIM,all_caliper_candidates_excluded,False
PBMC10k,all,trrust_dorothea_intersection,7,42,CEBPA,GAPDH,all_caliper_candidates_excluded,False
PBMC10k,all,trrust_dorothea_intersection,7,849,SRF,FOS,all_caliper_candidates_excluded,False
PBMC10k,all,trrust_dorothea_intersection,7,229,HIF1A,GAPDH,all_caliper_candidates_excluded,False
PBMC10k,all,trrust_dorothea_intersection,7,69,CEBPD,GAPDH,all_caliper_candidates_excluded,False
PBMC10k,all,trrust_dorothea_intersection,7,924,STAT3,S100A11,all_caliper_candidates_excluded,False
PBMC10k,all,trrust_dorothea_intersection,7,937,STAT4,S100A4,all_caliper_candidates_excluded,False
PBMC10k,all,trrust_dorothea_intersection,7,911,STAT3,FOS,all_caliper_candidates_excluded,False
PBMC10k,all,trrust_dorothea_intersection,7,503,POU2F2,HLA-DRA,all_caliper_candidates_excluded,False
PBMC10k,all,trrust_dorothea_intersection,7,544,RELA,CD74,all_caliper_candidates_excluded,False
PBMC10k,all,trrust_dorothea_intersection,8,1042,USF1,B2M,all_caliper_candidates_excluded,False
PBMC10k,all,trrust_dorothea_intersection,8,924,STAT3,S100A11,all_caliper_candidates_excluded,False
PBMC10k,all,trrust_dorothea_intersection,8,911,STAT3,FOS,all_caliper_candidates_excluded,False
PBMC10k,all,trrust_dorothea_intersection,8,696,SP1,FGL2,all_caliper_candidates_excluded,False
PBMC10k,all,trrust_dorothea_intersection,8,121,ELK1,FOS,all_caliper_candidates_excluded,False
PBMC10k,all,trrust_dorothea_intersection,8,52,CEBPA,S100A9,all_caliper_candidates_excluded,False
PBMC10k,all,trrust_dorothea_intersection,8,937,STAT4,S100A4,all_caliper_candidates_excluded,False
PBMC10k,all,trrust_dorothea_intersection,8,849,SRF,FOS,all_caliper_candidates_excluded,False
PBMC10k,all,trrust_dorothea_intersection,8,698,SP1,FOS,all_caliper_candidates_excluded,False
PBMC10k,all,trrust_dorothea_intersection,8,65,CEBPB,S100A9,all_caliper_candidates_excluded,False
PBMC10k,all,trrust_dorothea_intersection,8,544,RELA,CD74,all_caliper_candidates_excluded,False
PBMC10k,all,trrust_dorothea_intersection,8,1055,USF1,S100A6,all_caliper_candidates_excluded,False
PBMC10k,all,trrust_dorothea_intersection,8,69,CEBPD,GAPDH,all_caliper_candidates_excluded,False
PBMC10k,all,trrust_dorothea_intersection,8,512,PPARD,SAT1,all_caliper_candidates_excluded,False
PBMC10k,all,trrust_dorothea_intersection,8,582,RELA,S100A6,all_caliper_candidates_excluded,False
PBMC10k,all,trrust_dorothea_intersection,8,421,NFKB1,CD74,all_caliper_candidates_excluded,False
PBMC10k,all,trrust_dorothea_intersection,8,958,TCF4,VIM,all_caliper_candidates_excluded,False
PBMC10k,all,trrust_dorothea_intersection,8,80,CREB1,FOS,all_caliper_candidates_excluded,False
PBMC10k,all,trrust_dorothea_intersection,8,1,AHR,FOS,all_caliper_candidates_excluded,False
PBMC10k,all,trrust_dorothea_intersection,8,126,ELK4,FOS,all_caliper_candidates_excluded,False
PBMC10k,all,trrust_dorothea_intersection,8,810,SPI1,CTSS,all_caliper_candidates_excluded,False
PBMC10k,all,trrust_dorothea_intersection,8,405,NFKB1,B2M,all_caliper_candidates_excluded,False
PBMC10k,all,trrust_dorothea_intersection,8,1108,ZEB2,VIM,all_caliper_candidates_excluded,False
PBMC10k,all,trrust_dorothea_intersection,8,503,POU2F2,HLA-DRA,all_caliper_candidates_excluded,False
PBMC10k,all,trrust_dorothea_intersection,8,1064,USF2,B2M,all_caliper_candidates_excluded,False
PBMC10k,all,trrust_dorothea_intersection,8,229,HIF1A,GAPDH,all_caliper_candidates_excluded,False
PBMC10k,all,trrust_dorothea_intersection,8,607,RFX5,HLA-DRA,all_caliper_candidates_excluded,False
PBMC10k,all,trrust_dorothea_intersection,8,773,SP1,VIM,all_caliper_candidates_excluded,False
PBMC10k,all,trrust_dorothea_intersection,8,1036,TP53,VCAN,all_caliper_candidates_excluded,False
PBMC10k,all,trrust_dorothea_intersection,8,97,CREM,FOS,all_caliper_candidates_excluded,False
PBMC10k,all,trrust_dorothea_intersection,8,946,STAT6,FOS,all_caliper_candidates_excluded,False
PBMC10k,all,trrust_dorothea_intersection,8,42,CEBPA,GAPDH,all_caliper_candidates_excluded,False
PBMC10k,all,trrust_dorothea_intersection,9,1036,TP53,VCAN,all_caliper_candidates_excluded,False
PBMC10k,all,trrust_dorothea_intersection,9,1055,USF1,S100A6,all_caliper_candidates_excluded,False
PBMC10k,all,trrust_dorothea_intersection,9,97,CREM,FOS,all_caliper_candidates_excluded,False
PBMC10k,all,trrust_dorothea_intersection,9,65,CEBPB,S100A9,all_caliper_candidates_excluded,False
PBMC10k,all,trrust_dorothea_intersection,9,958,TCF4,VIM,all_caliper_candidates_excluded,False
PBMC10k,all,trrust_dorothea_intersection,9,849,SRF,FOS,all_caliper_candidates_excluded,False
PBMC10k,all,trrust_dorothea_intersection,9,42,CEBPA,GAPDH,all_caliper_candidates_excluded,False
PBMC10k,all,trrust_dorothea_intersection,9,1064,USF2,B2M,all_caliper_candidates_excluded,False
PBMC10k,all,trrust_dorothea_intersection,9,582,RELA,S100A6,all_caliper_candidates_excluded,False
PBMC10k,all,trrust_dorothea_intersection,9,69,CEBPD,GAPDH,all_caliper_candidates_excluded,False
PBMC10k,all,trrust_dorothea_intersection,9,698,SP1,FOS,all_caliper_candidates_excluded,False
PBMC10k,all,trrust_dorothea_intersection,9,503,POU2F2,HLA-DRA,all_caliper_candidates_excluded,False
PBMC10k,all,trrust_dorothea_intersection,9,1042,USF1,B2M,all_caliper_candidates_excluded,False
PBMC10k,all,trrust_dorothea_intersection,9,1,AHR,FOS,all_caliper_candidates_excluded,False
PBMC10k,all,trrust_dorothea_intersection,9,810,SPI1,CTSS,all_caliper_candidates_excluded,False
PBMC10k,all,trrust_dorothea_intersection,9,405,NFKB1,B2M,all_caliper_candidates_excluded,False
PBMC10k,all,trrust_dorothea_intersection,9,512,PPARD,SAT1,all_caliper_candidates_excluded,False
PBMC10k,all,trrust_dorothea_intersection,9,544,RELA,CD74,all_caliper_candidates_excluded,False
PBMC10k,all,trrust_dorothea_intersection,9,946,STAT6,FOS,all_caliper_candidates_excluded,False
PBMC10k,all,trrust_dorothea_intersection,9,937,STAT4,S100A4,all_caliper_candidates_excluded,False
PBMC10k,all,trrust_dorothea_intersection,9,696,SP1,FGL2,all_caliper_candidates_excluded,False
PBMC10k,all,trrust_dorothea_intersection,9,52,CEBPA,S100A9,all_caliper_candidates_excluded,False
PBMC10k,all,trrust_dorothea_intersection,9,911,STAT3,FOS,all_caliper_candidates_excluded,False
PBMC10k,all,trrust_dorothea_intersection,9,924,STAT3,S100A11,all_caliper_candidates_excluded,False
PBMC10k,all,trrust_dorothea_intersection,9,607,RFX5,HLA-DRA,all_caliper_candidates_excluded,False
PBMC10k,all,trrust_dorothea_intersection,9,126,ELK4,FOS,all_caliper_candidates_excluded,False
PBMC10k,all,trrust_dorothea_intersection,9,421,NFKB1,CD74,all_caliper_candidates_excluded,False
PBMC10k,all,trrust_dorothea_intersection,9,121,ELK1,FOS,all_caliper_candidates_excluded,False
PBMC10k,all,trrust_dorothea_intersection,9,229,HIF1A,GAPDH,all_caliper_candidates_excluded,False
PBMC10k,all,trrust_dorothea_intersection,9,1108,ZEB2,VIM,all_caliper_candidates_excluded,False
PBMC10k,all,trrust_dorothea_intersection,9,773,SP1,VIM,all_caliper_candidates_excluded,False
PBMC10k,all,trrust_dorothea_intersection,9,80,CREB1,FOS,all_caliper_candidates_excluded,False
PBMC10k,all,trrust_dorothea_union,0,1460,EP300,S100A4,all_caliper_candidates_excluded,False
PBMC10k,all,trrust_dorothea_union,0,17,AHR,FOS,all_caliper_candidates_excluded,False
PBMC10k,all,trrust_dorothea_union,0,4536,SFPQ,NEAT1,all_caliper_candidates_excluded,False
PBMC10k,all,trrust_dorothea_union,0,6427,TP53,VCAN,all_caliper_candidates_excluded,False
PBMC10k,all,trrust_dorothea_union,0,3898,PARP1,VIM,all_caliper_candidates_excluded,False
PBMC10k,all,trrust_dorothea_union,0,3488,MYC,RPL13,all_caliper_candidates_excluded,False
PBMC10k,all,trrust_dorothea_union,0,1417,ELK1,FOS,all_caliper_candidates_excluded,False
PBMC10k,all,trrust_dorothea_union,0,3979,PPARD,SAT1,all_caliper_candidates_excluded,False
PBMC10k,all,trrust_dorothea_union,0,75,ATF2,FOS,all_caliper_candidates_excluded,False
PBMC10k,all,trrust_dorothea_union,0,3576,NF1,FOS,all_caliper_candidates_excluded,False
PBMC10k,all,trrust_dorothea_union,0,6153,TP53,ACTB,all_caliper_candidates_excluded,False
PBMC10k,all,trrust_dorothea_union,0,3818,NFYB,ACTB,all_caliper_candidates_excluded,False
PBMC10k,all,trrust_dorothea_union,0,4938,SPI1,B2M,all_caliper_candidates_excluded,False
PBMC10k,all,trrust_dorothea_union,0,5029,SPI1,FOS,all_caliper_candidates_excluded,False
PBMC10k,all,trrust_dorothea_union,0,5315,SRF,ACTB,all_caliper_candidates_excluded,False
PBMC10k,all,trrust_dorothea_union,0,2864,HSF2,FOS,all_caliper_candidates_excluded,False
PBMC10k,all,trrust_dorothea_union,0,1602,ETS1,FOS,all_caliper_candidates_excluded,False
PBMC10k,all,trrust_dorothea_union,0,640,CREB1,FOS,all_caliper_candidates_excluded,False
PBMC10k,all,trrust_dorothea_union,0,3751,NFKB1,S100A6,all_caliper_candidates_excluded,False
PBMC10k,all,trrust_dorothea_union,0,3825,NFYB,FOS,all_caliper_candidates_excluded,False
PBMC10k,all,trrust_dorothea_union,0,1013,CTNNB1,VIM,all_caliper_candidates_excluded,False
PBMC10k,all,trrust_dorothea_union,0,5481,STAT1,FOS,all_caliper_candidates_excluded,False
PBMC10k,all,trrust_dorothea_union,0,4612,SMARCA4,FOS,all_caliper_candidates_excluded,False
PBMC10k,all,trrust_dorothea_union,0,1437,ELK3,FOS,all_caliper_candidates_excluded,False
PBMC10k,all,trrust_dorothea_union,0,3806,NFYA,CD74,all_caliper_candidates_excluded,False
PBMC10k,all,trrust_dorothea_union,0,3494,MYC,RPL27A,all_caliper_candidates_excluded,False
PBMC10k,all,trrust_dorothea_union,0,5942,STAT3,FOS,all_caliper_candidates_excluded,False
PBMC10k,all,trrust_dorothea_union,0,4232,RFX5,CD74,all_caliper_candidates_excluded,False
PBMC10k,all,trrust_dorothea_union,0,4917,SPI1,AIF1,all_caliper_candidates_excluded,False
PBMC10k,all,trrust_dorothea_union,0,3487,MYC,RPL10,all_caliper_candidates_excluded,False
PBMC10k,all,trrust_dorothea_union,0,694,CREBBP,S100A4,all_caliper_candidates_excluded,False
PBMC10k,all,trrust_dorothea_union,0,6492,USF1,S100A6,all_caliper_candidates_excluded,False
PBMC10k,all,trrust_dorothea_union,0,5344,STAT1,ACTB,all_caliper_candidates_excluded,False
PBMC10k,all,trrust_dorothea_union,0,331,CEBPA,GAPDH,all_caliper_candidates_excluded,False
PBMC10k,all,trrust_dorothea_union,0,2818,HIPK2,VIM,all_caliper_candidates_excluded,False
PBMC10k,all,trrust_dorothea_union,0,646,CREB1,HLA-DRA,all_caliper_candidates_excluded,False
PBMC10k,all,trrust_dorothea_union,0,3583,NFAT5,LTB,all_caliper_candidates_excluded,False
PBMC10k,all,trrust_dorothea_union,0,4020,RB1,FOS,all_caliper_candidates_excluded,False
PBMC10k,all,trrust_dorothea_union,0,3777,NFKB1,VIM,all_caliper_candidates_excluded,False
PBMC10k,all,trrust_dorothea_union,0,1809,ETS1,TMSB4X,all_caliper_candidates_excluded,False
PBMC10k,all,trrust_dorothea_union,0,6805,ZEB2,VIM,all_caliper_candidates_excluded,False
PBMC10k,all,trrust_dorothea_union,0,2009,FOS,HLA-DRA,all_caliper_candidates_excluded,False
PBMC10k,all,trrust_dorothea_union,0,2616,HDAC1,HLA-DRA,all_caliper_candidates_excluded,False
PBMC10k,all,trrust_dorothea_union,0,4854,SP1,VIM,all_caliper_candidates_excluded,False
PBMC10k,all,trrust_dorothea_union,0,2839,HOPX,FOS,all_caliper_candidates_excluded,False
PBMC10k,all,trrust_dorothea_union,0,4985,SPI1,CTSS,all_caliper_candidates_excluded,False
PBMC10k,all,trrust_dorothea_union,0,6469,USF1,B2M,all_caliper_candidates_excluded,False
PBMC10k,all,trrust_dorothea_union,0,579,CEBPB,S100A9,all_caliper_candidates_excluded,False
PBMC10k,all,trrust_dorothea_union,0,3646,NFKB1,B2M,all_caliper_candidates_excluded,False
PBMC10k,all,trrust_dorothea_union,0,2735,HIF1A,GAPDH,all_caliper_candidates_excluded,False
PBMC10k,all,trrust_dorothea_union,0,6107,TCF4,VIM,all_caliper_candidates_excluded,False
PBMC10k,all,trrust_dorothea_union,0,1994,FOS,FOS,all_caliper_candidates_excluded,False
PBMC10k,all,trrust_dorothea_union,0,4258,RFXANK,HLA-DRA,all_caliper_candidates_excluded,False
PBMC10k,all,trrust_dorothea_union,0,4221,RFX1,HLA-DRA,all_caliper_candidates_excluded,False
PBMC10k,all,trrust_dorothea_union,0,568,CEBPB,FOS,all_caliper_candidates_excluded,False
PBMC10k,all,trrust_dorothea_union,0,6815,ZNF148,VIM,all_caliper_candidates_excluded,False
PBMC10k,all,trrust_dorothea_union,0,607,CIITA,HLA-DRA,all_caliper_candidates_excluded,False
PBMC10k,all,trrust_dorothea_union,0,6058,TBP,ACTB,all_caliper_candidates_excluded,False
PBMC10k,all,trrust_dorothea_union,0,4702,SP1,FOS,all_caliper_candidates_excluded,False
PBMC10k,all,trrust_dorothea_union,0,1477,ETS1,ACTB,all_caliper_candidates_excluded,False
PBMC10k,all,trrust_dorothea_union,0,467,CEBPA,S100A9,all_caliper_candidates_excluded,False
PBMC10k,all,trrust_dorothea_union,0,1906,FLI1,FOS,all_caliper_candidates_excluded,False
PBMC10k,all,trrust_dorothea_union,0,3411,MYC,LTB,all_caliper_candidates_excluded,False
PBMC10k,all,trrust_dorothea_union,0,6507,USF2,B2M,all_caliper_candidates_excluded,False
PBMC10k,all,trrust_dorothea_union,0,6123,TCF7L2,VIM,all_caliper_candidates_excluded,False
PBMC10k,all,trrust_dorothea_union,0,1438,ELK4,FOS,all_caliper_candidates_excluded,False
PBMC10k,all,trrust_dorothea_union,0,6247,TP53,FOS,all_caliper_candidates_excluded,False
PBMC10k,all,trrust_dorothea_union,0,3355,MYC,GAPDH,all_caliper_candidates_excluded,False
PBMC10k,all,trrust_dorothea_union,0,5978,STAT3,S100A11,all_caliper_candidates_excluded,False
PBMC10k,all,trrust_dorothea_union,0,3803,NFYA,ACTB,all_caliper_candidates_excluded,False
PBMC10k,all,trrust_dorothea_union,0,3061,JUN,VIM,all_caliper_candidates_excluded,False
PBMC10k,all,trrust_dorothea_union,0,6235,TP53,EEF1A1,all_caliper_candidates_excluded,False
PBMC10k,all,trrust_dorothea_union,0,4270,RFXAP,HLA-DRA,all_caliper_candidates_excluded,False
PBMC10k,all,trrust_dorothea_union,0,3584,NFAT5,S100A4,all_caliper_candidates_excluded,False
PBMC10k,all,trrust_dorothea_union,0,6791,ZBTB7A,FOS,all_caliper_candidates_excluded,False
PBMC10k,all,trrust_dorothea_union,0,587,CEBPD,GAPDH,all_caliper_candidates_excluded,False
PBMC10k,all,trrust_dorothea_union,0,2807,HIF1A,VIM,all_caliper_candidates_excluded,False
PBMC10k,all,trrust_dorothea_union,0,1666,ETS1,LTB,all_caliper_candidates_excluded,False
PBMC10k,all,trrust_dorothea_union,0,45,ARNT,FOS,all_caliper_candidates_excluded,False
PBMC10k,all,trrust_dorothea_union,0,4091,RELA,CD74,all_caliper_candidates_excluded,False
PBMC10k,all,trrust_dorothea_union,0,1580,ETS1,EEF1A1,all_caliper_candidates_excluded,False
PBMC10k,all,trrust_dorothea_union,0,1865,ETS2,FOS,all_caliper_candidates_excluded,False
PBMC10k,all,trrust_dorothea_union,0,6625,VDR,TPT1,all_caliper_candidates_excluded,False
PBMC10k,all,trrust_dorothea_union,0,6106,TCF4,VCAN,all_caliper_candidates_excluded,False
PBMC10k,all,trrust_dorothea_union,0,3569,NCOA6,FOS,all_caliper_candidates_excluded,False
PBMC10k,all,trrust_dorothea_union,0,2836,HMGN1,FOS,all_caliper_candidates_excluded,False
PBMC10k,all,trrust_dorothea_union,0,6039,STAT6,FOS,all_caliper_candidates_excluded,False
PBMC10k,all,trrust_dorothea_union,0,5253,SPI1,TYROBP,all_caliper_candidates_excluded,False
PBMC10k,all,trrust_dorothea_union,0,3951,POU2F2,HLA-DRA,all_caliper_candidates_excluded,False
PBMC10k,all,trrust_dorothea_union,0,615,CIITA,S100A4,all_caliper_candidates_excluded,False
PBMC10k,all,trrust_dorothea_union,0,6001,STAT4,S100A4,all_caliper_candidates_excluded,False
PBMC10k,all,trrust_dorothea_union,0,5735,STAT1,S100A11,all_caliper_candidates_excluded,False
PBMC10k,all,trrust_dorothea_union,0,571,CEBPB,GNLY,all_caliper_candidates_excluded,False
PBMC10k,all,trrust_dorothea_union,0,3800,NFKBIA,S100A6,all_caliper_candidates_excluded,False
PBMC10k,all,trrust_dorothea_union,0,4036,RBMX,FOS,all_caliper_candidates_excluded,False
PBMC10k,all,trrust_dorothea_union,0,3018,JUN,FOS,all_caliper_candidates_excluded,False
PBMC10k,all,trrust_dorothea_union,0,6555,VDR,EEF1A1,all_caliper_candidates_excluded,False
PBMC10k,all,trrust_dorothea_union,0,4172,RELA,S100A6,all_caliper_candidates_excluded,False
PBMC10k,all,trrust_dorothea_union,0,319,CEBPA,FGL2,all_caliper_candidates_excluded,False
PBMC10k,all,trrust_dorothea_union,0,1070,E2F4,ACTB,all_caliper_candidates_excluded,False
PBMC10k,all,trrust_dorothea_union,0,703,CREM,FOS,all_caliper_candidates_excluded,False
PBMC10k,all,trrust_dorothea_union,0,633,CREB1,CD74,all_caliper_candidates_excluded,False
PBMC10k,all,trrust_dorothea_union,0,2569,GATA3,TMSB4X,all_caliper_candidates_excluded,False
PBMC10k,all,trrust_dorothea_union,0,3673,NFKB1,CD74,all_caliper_candidates_excluded,False
PBMC10k,all,trrust_dorothea_union,0,1203,E2F4,LGALS1,all_caliper_candidates_excluded,False
PBMC10k,all,trrust_dorothea_union,0,4700,SP1,FGL2,all_caliper_candidates_excluded,False
PBMC10k,all,trrust_dorothea_union,0,6062,TBP,FOS,all_caliper_candidates_excluded,False
PBMC10k,all,trrust_dorothea_union,0,6717,YY1,HLA-DRA,all_caliper_candidates_excluded,False
PBMC10k,all,trrust_dorothea_union,0,4243,RFX5,HLA-DRA,all_caliper_candidates_excluded,False
PBMC10k,all,trrust_dorothea_union,0,3834,NFYC,FOS,all_caliper_candidates_excluded,False
PBMC10k,all,trrust_dorothea_union,0,5319,SRF,FOS,all_caliper_candidates_excluded,False
PBMC10k,all,trrust_dorothea_union,0,6530,VDR,ACTB,all_caliper_candidates_excluded,False
PBMC10k,all,trrust_dorothea_union,0,4745,SP1,LYZ,all_caliper_candidates_excluded,False
PBMC10k,all,trrust_dorothea_union,0,2753,HIF1A,LGALS1,all_caliper_candidates_excluded,False
PBMC10k,all,trrust_dorothea_union,0,2693,HDGF,VIM,all_caliper_candidates_excluded,False
PBMC10k,all,trrust_dorothea_union,0,3820,NFYB,CD74,all_caliper_candidates_excluded,False
PBMC10k,all,trrust_dorothea_union,0,3941,POU2F1,HLA-DRA,all_caliper_candidates_excluded,False
PBMC10k,all,trrust_dorothea_union,0,2615,HDAC1,FOS,all_caliper_candidates_excluded,False
PBMC10k,all,trrust_dorothea_union,0,2878,ILF3,HLA-DRA,all_caliper_candidates_excluded,False
PBMC10k,all,trrust_dorothea_union,0,5080,SPI1,LCP1,caliper_candidates_exhausted_by_unique_constraint,False
PBMC10k,all,trrust_dorothea_union,0,5487,STAT1,FYB1,caliper_candidates_exhausted_by_unique_constraint,False
PBMC10k,all,trrust_dorothea_union,1,6235,TP53,EEF1A1,all_caliper_candidates_excluded,False
PBMC10k,all,trrust_dorothea_union,1,5978,STAT3,S100A11,all_caliper_candidates_excluded,False
PBMC10k,all,trrust_dorothea_union,1,1809,ETS1,TMSB4X,all_caliper_candidates_excluded,False
PBMC10k,all,trrust_dorothea_union,1,1070,E2F4,ACTB,all_caliper_candidates_excluded,False
PBMC10k,all,trrust_dorothea_union,1,579,CEBPB,S100A9,all_caliper_candidates_excluded,False
PBMC10k,all,trrust_dorothea_union,1,4700,SP1,FGL2,all_caliper_candidates_excluded,False
PBMC10k,all,trrust_dorothea_union,1,75,ATF2,FOS,all_caliper_candidates_excluded,False
PBMC10k,all,trrust_dorothea_union,1,4258,RFXANK,HLA-DRA,all_caliper_candidates_excluded,False
PBMC10k,all,trrust_dorothea_union,1,1666,ETS1,LTB,all_caliper_candidates_excluded,False
PBMC10k,all,trrust_dorothea_union,1,587,CEBPD,GAPDH,all_caliper_candidates_excluded,False
PBMC10k,all,trrust_dorothea_union,1,3411,MYC,LTB,all_caliper_candidates_excluded,False
PBMC10k,all,trrust_dorothea_union,1,3777,NFKB1,VIM,all_caliper_candidates_excluded,False
PBMC10k,all,trrust_dorothea_union,1,3673,NFKB1,CD74,all_caliper_candidates_excluded,False
PBMC10k,all,trrust_dorothea_union,1,5253,SPI1,TYROBP,all_caliper_candidates_excluded,False
PBMC10k,all,trrust_dorothea_union,1,3355,MYC,GAPDH,all_caliper_candidates_excluded,False
PBMC10k,all,trrust_dorothea_union,1,4702,SP1,FOS,all_caliper_candidates_excluded,False
PBMC10k,all,trrust_dorothea_union,1,6058,TBP,ACTB,all_caliper_candidates_excluded,False
PBMC10k,all,trrust_dorothea_union,1,6153,TP53,ACTB,all_caliper_candidates_excluded,False
PBMC10k,all,trrust_dorothea_union,1,6106,TCF4,VCAN,all_caliper_candidates_excluded,False
PBMC10k,all,trrust_dorothea_union,1,6247,TP53,FOS,all_caliper_candidates_excluded,False
PBMC10k,all,trrust_dorothea_union,1,4536,SFPQ,NEAT1,all_caliper_candidates_excluded,False
PBMC10k,all,trrust_dorothea_union,1,6815,ZNF148,VIM,all_caliper_candidates_excluded,False
PBMC10k,all,trrust_dorothea_union,1,6001,STAT4,S100A4,all_caliper_candidates_excluded,False
PBMC10k,all,trrust_dorothea_union,1,3487,MYC,RPL10,all_caliper_candidates_excluded,False
PBMC10k,all,trrust_dorothea_union,1,4172,RELA,S100A6,all_caliper_candidates_excluded,False
PBMC10k,all,trrust_dorothea_union,1,3584,NFAT5,S100A4,all_caliper_candidates_excluded,False
PBMC10k,all,trrust_dorothea_union,1,1417,ELK1,FOS,all_caliper_candidates_excluded,False
PBMC10k,all,trrust_dorothea_union,1,4020,RB1,FOS,all_caliper_candidates_excluded,False
PBMC10k,all,trrust_dorothea_union,1,640,CREB1,FOS,all_caliper_candidates_excluded,False
PBMC10k,all,trrust_dorothea_union,1,3583,NFAT5,LTB,all_caliper_candidates_excluded,False
PBMC10k,all,trrust_dorothea_union,1,2807,HIF1A,VIM,all_caliper_candidates_excluded,False
PBMC10k,all,trrust_dorothea_union,1,45,ARNT,FOS,all_caliper_candidates_excluded,False
PBMC10k,all,trrust_dorothea_union,1,1438,ELK4,FOS,all_caliper_candidates_excluded,False
PBMC10k,all,trrust_dorothea_union,1,4917,SPI1,AIF1,all_caliper_candidates_excluded,False
PBMC10k,all,trrust_dorothea_union,1,6717,YY1,HLA-DRA,all_caliper_candidates_excluded,False
PBMC10k,all,trrust_dorothea_union,1,3646,NFKB1,B2M,all_caliper_candidates_excluded,False
PBMC10k,all,trrust_dorothea_union,1,4270,RFXAP,HLA-DRA,all_caliper_candidates_excluded,False
PBMC10k,all,trrust_dorothea_union,1,703,CREM,FOS,all_caliper_candidates_excluded,False
PBMC10k,all,trrust_dorothea_union,1,4938,SPI1,B2M,all_caliper_candidates_excluded,False
PBMC10k,all,trrust_dorothea_union,1,6123,TCF7L2,VIM,all_caliper_candidates_excluded,False
PBMC10k,all,trrust_dorothea_union,1,2878,ILF3,HLA-DRA,all_caliper_candidates_excluded,False
PBMC10k,all,trrust_dorothea_union,1,2615,HDAC1,FOS,all_caliper_candidates_excluded,False
PBMC10k,all,trrust_dorothea_union,1,4985,SPI1,CTSS,all_caliper_candidates_excluded,False
PBMC10k,all,trrust_dorothea_union,1,3818,NFYB,ACTB,all_caliper_candidates_excluded,False
PBMC10k,all,trrust_dorothea_union,1,319,CEBPA,FGL2,all_caliper_candidates_excluded,False
PBMC10k,all,trrust_dorothea_union,1,3806,NFYA,CD74,all_caliper_candidates_excluded,False
PBMC10k,all,trrust_dorothea_union,1,3061,JUN,VIM,all_caliper_candidates_excluded,False
PBMC10k,all,trrust_dorothea_union,1,2864,HSF2,FOS,all_caliper_candidates_excluded,False
PBMC10k,all,trrust_dorothea_union,1,6791,ZBTB7A,FOS,all_caliper_candidates_excluded,False
PBMC10k,all,trrust_dorothea_union,1,2009,FOS,HLA-DRA,all_caliper_candidates_excluded,False
PBMC10k,all,trrust_dorothea_union,1,2693,HDGF,VIM,all_caliper_candidates_excluded,False
PBMC10k,all,trrust_dorothea_union,1,6530,VDR,ACTB,all_caliper_candidates_excluded,False
PBMC10k,all,trrust_dorothea_union,1,568,CEBPB,FOS,all_caliper_candidates_excluded,False
PBMC10k,all,trrust_dorothea_union,1,3979,PPARD,SAT1,all_caliper_candidates_excluded,False
PBMC10k,all,trrust_dorothea_union,1,3018,JUN,FOS,all_caliper_candidates_excluded,False
PBMC10k,all,trrust_dorothea_union,1,1437,ELK3,FOS,all_caliper_candidates_excluded,False
PBMC10k,all,trrust_dorothea_union,1,3820,NFYB,CD74,all_caliper_candidates_excluded,False
PBMC10k,all,trrust_dorothea_union,1,4854,SP1,VIM,all_caliper_candidates_excluded,False
PBMC10k,all,trrust_dorothea_union,1,1580,ETS1,EEF1A1,all_caliper_candidates_excluded,False
PBMC10k,all,trrust_dorothea_union,1,5029,SPI1,FOS,all_caliper_candidates_excluded,False
PBMC10k,all,trrust_dorothea_union,1,3751,NFKB1,S100A6,all_caliper_candidates_excluded,False
PBMC10k,all,trrust_dorothea_union,1,6507,USF2,B2M,all_caliper_candidates_excluded,False
PBMC10k,all,trrust_dorothea_union,1,3488,MYC,RPL13,all_caliper_candidates_excluded,False
PBMC10k,all,trrust_dorothea_union,1,2616,HDAC1,HLA-DRA,all_caliper_candidates_excluded,False
PBMC10k,all,trrust_dorothea_union,1,6107,TCF4,VIM,all_caliper_candidates_excluded,False
PBMC10k,all,trrust_dorothea_union,1,1013,CTNNB1,VIM,all_caliper_candidates_excluded,False
PBMC10k,all,trrust_dorothea_union,1,6555,VDR,EEF1A1,all_caliper_candidates_excluded,False
PBMC10k,all,trrust_dorothea_union,1,694,CREBBP,S100A4,all_caliper_candidates_excluded,False
PBMC10k,all,trrust_dorothea_union,1,1477,ETS1,ACTB,all_caliper_candidates_excluded,False
PBMC10k,all,trrust_dorothea_union,1,3803,NFYA,ACTB,all_caliper_candidates_excluded,False
PBMC10k,all,trrust_dorothea_union,1,17,AHR,FOS,all_caliper_candidates_excluded,False
PBMC10k,all,trrust_dorothea_union,1,1602,ETS1,FOS,all_caliper_candidates_excluded,False
PBMC10k,all,trrust_dorothea_union,1,1203,E2F4,LGALS1,all_caliper_candidates_excluded,False
PBMC10k,all,trrust_dorothea_union,1,4612,SMARCA4,FOS,all_caliper_candidates_excluded,False
PBMC10k,all,trrust_dorothea_union,1,5735,STAT1,S100A11,all_caliper_candidates_excluded,False
PBMC10k,all,trrust_dorothea_union,1,2818,HIPK2,VIM,all_caliper_candidates_excluded,False
PBMC10k,all,trrust_dorothea_union,1,4036,RBMX,FOS,all_caliper_candidates_excluded,False
PBMC10k,all,trrust_dorothea_union,1,4745,SP1,LYZ,all_caliper_candidates_excluded,False
PBMC10k,all,trrust_dorothea_union,1,4232,RFX5,CD74,all_caliper_candidates_excluded,False
PBMC10k,all,trrust_dorothea_union,1,615,CIITA,S100A4,all_caliper_candidates_excluded,False
PBMC10k,all,trrust_dorothea_union,1,2839,HOPX,FOS,all_caliper_candidates_excluded,False
PBMC10k,all,trrust_dorothea_union,1,2735,HIF1A,GAPDH,all_caliper_candidates_excluded,False
PBMC10k,all,trrust_dorothea_union,1,646,CREB1,HLA-DRA,all_caliper_candidates_excluded,False
PBMC10k,all,trrust_dorothea_union,1,5481,STAT1,FOS,all_caliper_candidates_excluded,False
PBMC10k,all,trrust_dorothea_union,1,6625,VDR,TPT1,all_caliper_candidates_excluded,False
PBMC10k,all,trrust_dorothea_union,1,3800,NFKBIA,S100A6,all_caliper_candidates_excluded,False
PBMC10k,all,trrust_dorothea_union,1,6492,USF1,S100A6,all_caliper_candidates_excluded,False
PBMC10k,all,trrust_dorothea_union,1,2753,HIF1A,LGALS1,all_caliper_candidates_excluded,False
PBMC10k,all,trrust_dorothea_union,1,331,CEBPA,GAPDH,all_caliper_candidates_excluded,False
PBMC10k,all,trrust_dorothea_union,1,3898,PARP1,VIM,all_caliper_candidates_excluded,False
PBMC10k,all,trrust_dorothea_union,1,2569,GATA3,TMSB4X,all_caliper_candidates_excluded,False
PBMC10k,all,trrust_dorothea_union,1,1906,FLI1,FOS,all_caliper_candidates_excluded,False
PBMC10k,all,trrust_dorothea_union,1,1460,EP300,S100A4,all_caliper_candidates_excluded,False
PBMC10k,all,trrust_dorothea_union,1,4221,RFX1,HLA-DRA,all_caliper_candidates_excluded,False
PBMC10k,all,trrust_dorothea_union,1,6805,ZEB2,VIM,all_caliper_candidates_excluded,False
PBMC10k,all,trrust_dorothea_union,1,3941,POU2F1,HLA-DRA,all_caliper_candidates_excluded,False
PBMC10k,all,trrust_dorothea_union,1,5315,SRF,ACTB,all_caliper_candidates_excluded,False
PBMC10k,all,trrust_dorothea_union,1,5319,SRF,FOS,all_caliper_candidates_excluded,False
PBMC10k,all,trrust_dorothea_union,1,571,CEBPB,GNLY,all_caliper_candidates_excluded,False
PBMC10k,all,trrust_dorothea_union,1,3834,NFYC,FOS,all_caliper_candidates_excluded,False
PBMC10k,all,trrust_dorothea_union,1,6469,USF1,B2M,all_caliper_candidates_excluded,False
PBMC10k,all,trrust_dorothea_union,1,467,CEBPA,S100A9,all_caliper_candidates_excluded,False
PBMC10k,all,trrust_dorothea_union,1,6427,TP53,VCAN,all_caliper_candidates_excluded,False
PBMC10k,all,trrust_dorothea_union,1,5942,STAT3,FOS,all_caliper_candidates_excluded,False
PBMC10k,all,trrust_dorothea_union,1,607,CIITA,HLA-DRA,all_caliper_candidates_excluded,False
PBMC10k,all,trrust_dorothea_union,1,3569,NCOA6,FOS,all_caliper_candidates_excluded,False
PBMC10k,all,trrust_dorothea_union,1,4243,RFX5,HLA-DRA,all_caliper_candidates_excluded,False
PBMC10k,all,trrust_dorothea_union,1,1994,FOS,FOS,all_caliper_candidates_excluded,False
PBMC10k,all,trrust_dorothea_union,1,3825,NFYB,FOS,all_caliper_candidates_excluded,False
PBMC10k,all,trrust_dorothea_union,1,4091,RELA,CD74,all_caliper_candidates_excluded,False
PBMC10k,all,trrust_dorothea_union,1,2836,HMGN1,FOS,all_caliper_candidates_excluded,False
PBMC10k,all,trrust_dorothea_union,1,6062,TBP,FOS,all_caliper_candidates_excluded,False
PBMC10k,all,trrust_dorothea_union,1,3576,NF1,FOS,all_caliper_candidates_excluded,False
PBMC10k,all,trrust_dorothea_union,1,5344,STAT1,ACTB,all_caliper_candidates_excluded,False
PBMC10k,all,trrust_dorothea_union,1,1865,ETS2,FOS,all_caliper_candidates_excluded,False
PBMC10k,all,trrust_dorothea_union,1,3951,POU2F2,HLA-DRA,all_caliper_candidates_excluded,False
PBMC10k,all,trrust_dorothea_union,1,6039,STAT6,FOS,all_caliper_candidates_excluded,False
PBMC10k,all,trrust_dorothea_union,1,633,CREB1,CD74,all_caliper_candidates_excluded,False
PBMC10k,all,trrust_dorothea_union,1,3494,MYC,RPL27A,all_caliper_candidates_excluded,False
PBMC10k,all,trrust_dorothea_union,1,5035,SPI1,FYB1,caliper_candidates_exhausted_by_unique_constraint,False
PBMC10k,all,trrust_dorothea_union,1,5734,STAT1,S100A10,caliper_candidates_exhausted_by_unique_constraint,False
PBMC10k,all,trrust_dorothea_union,2,3673,NFKB1,CD74,all_caliper_candidates_excluded,False
PBMC10k,all,trrust_dorothea_union,2,5319,SRF,FOS,all_caliper_candidates_excluded,False
PBMC10k,all,trrust_dorothea_union,2,4702,SP1,FOS,all_caliper_candidates_excluded,False
PBMC10k,all,trrust_dorothea_union,2,1809,ETS1,TMSB4X,all_caliper_candidates_excluded,False
PBMC10k,all,trrust_dorothea_union,2,5315,SRF,ACTB,all_caliper_candidates_excluded,False
PBMC10k,all,trrust_dorothea_union,2,3494,MYC,RPL27A,all_caliper_candidates_excluded,False
PBMC10k,all,trrust_dorothea_union,2,1203,E2F4,LGALS1,all_caliper_candidates_excluded,False
PBMC10k,all,trrust_dorothea_union,2,3487,MYC,RPL10,all_caliper_candidates_excluded,False
PBMC10k,all,trrust_dorothea_union,2,3488,MYC,RPL13,all_caliper_candidates_excluded,False
PBMC10k,all,trrust_dorothea_union,2,1460,EP300,S100A4,all_caliper_candidates_excluded,False
PBMC10k,all,trrust_dorothea_union,2,587,CEBPD,GAPDH,all_caliper_candidates_excluded,False
PBMC10k,all,trrust_dorothea_union,2,6001,STAT4,S100A4,all_caliper_candidates_excluded,False
PBMC10k,all,trrust_dorothea_union,2,1994,FOS,FOS,all_caliper_candidates_excluded,False
PBMC10k,all,trrust_dorothea_union,2,3951,POU2F2,HLA-DRA,all_caliper_candidates_excluded,False
PBMC10k,all,trrust_dorothea_union,2,3061,JUN,VIM,all_caliper_candidates_excluded,False
PBMC10k,all,trrust_dorothea_union,2,1070,E2F4,ACTB,all_caliper_candidates_excluded,False
PBMC10k,all,trrust_dorothea_union,2,4536,SFPQ,NEAT1,all_caliper_candidates_excluded,False
PBMC10k,all,trrust_dorothea_union,2,4270,RFXAP,HLA-DRA,all_caliper_candidates_excluded,False
PBMC10k,all,trrust_dorothea_union,2,5344,STAT1,ACTB,all_caliper_candidates_excluded,False
PBMC10k,all,trrust_dorothea_union,2,4020,RB1,FOS,all_caliper_candidates_excluded,False
PBMC10k,all,trrust_dorothea_union,2,6791,ZBTB7A,FOS,all_caliper_candidates_excluded,False
PBMC10k,all,trrust_dorothea_union,2,5481,STAT1,FOS,all_caliper_candidates_excluded,False
PBMC10k,all,trrust_dorothea_union,2,4091,RELA,CD74,all_caliper_candidates_excluded,False
PBMC10k,all,trrust_dorothea_union,2,3803,NFYA,ACTB,all_caliper_candidates_excluded,False
PBMC10k,all,trrust_dorothea_union,2,633,CREB1,CD74,all_caliper_candidates_excluded,False
PBMC10k,all,trrust_dorothea_union,2,4258,RFXANK,HLA-DRA,all_caliper_candidates_excluded,False
PBMC10k,all,trrust_dorothea_union,2,4243,RFX5,HLA-DRA,all_caliper_candidates_excluded,False
PBMC10k,all,trrust_dorothea_union,2,3018,JUN,FOS,all_caliper_candidates_excluded,False
PBMC10k,all,trrust_dorothea_union,2,3355,MYC,GAPDH,all_caliper_candidates_excluded,False
PBMC10k,all,trrust_dorothea_union,2,3569,NCOA6,FOS,all_caliper_candidates_excluded,False
PBMC10k,all,trrust_dorothea_union,2,3818,NFYB,ACTB,all_caliper_candidates_excluded,False
PBMC10k,all,trrust_dorothea_union,2,4854,SP1,VIM,all_caliper_candidates_excluded,False
PBMC10k,all,trrust_dorothea_union,2,5735,STAT1,S100A11,all_caliper_candidates_excluded,False
PBMC10k,all,trrust_dorothea_union,2,6507,USF2,B2M,all_caliper_candidates_excluded,False
PBMC10k,all,trrust_dorothea_union,2,3584,NFAT5,S100A4,all_caliper_candidates_excluded,False
PBMC10k,all,trrust_dorothea_union,2,4232,RFX5,CD74,all_caliper_candidates_excluded,False
PBMC10k,all,trrust_dorothea_union,2,3583,NFAT5,LTB,all_caliper_candidates_excluded,False
PBMC10k,all,trrust_dorothea_union,2,6469,USF1,B2M,all_caliper_candidates_excluded,False
PBMC10k,all,trrust_dorothea_union,2,3806,NFYA,CD74,all_caliper_candidates_excluded,False
PBMC10k,all,trrust_dorothea_union,2,2615,HDAC1,FOS,all_caliper_candidates_excluded,False
PBMC10k,all,trrust_dorothea_union,2,6235,TP53,EEF1A1,all_caliper_candidates_excluded,False
PBMC10k,all,trrust_dorothea_union,2,568,CEBPB,FOS,all_caliper_candidates_excluded,False
PBMC10k,all,trrust_dorothea_union,2,6106,TCF4,VCAN,all_caliper_candidates_excluded,False
PBMC10k,all,trrust_dorothea_union,2,4938,SPI1,B2M,all_caliper_candidates_excluded,False
PBMC10k,all,trrust_dorothea_union,2,3646,NFKB1,B2M,all_caliper_candidates_excluded,False
PBMC10k,all,trrust_dorothea_union,2,3941,POU2F1,HLA-DRA,all_caliper_candidates_excluded,False
PBMC10k,all,trrust_dorothea_union,2,6247,TP53,FOS,all_caliper_candidates_excluded,False
PBMC10k,all,trrust_dorothea_union,2,703,CREM,FOS,all_caliper_candidates_excluded,False
PBMC10k,all,trrust_dorothea_union,2,1906,FLI1,FOS,all_caliper_candidates_excluded,False
PBMC10k,all,trrust_dorothea_union,2,640,CREB1,FOS,all_caliper_candidates_excluded,False
PBMC10k,all,trrust_dorothea_union,2,4612,SMARCA4,FOS,all_caliper_candidates_excluded,False
PBMC10k,all,trrust_dorothea_union,2,4172,RELA,S100A6,all_caliper_candidates_excluded,False
PBMC10k,all,trrust_dorothea_union,2,6062,TBP,FOS,all_caliper_candidates_excluded,False
PBMC10k,all,trrust_dorothea_union,2,1438,ELK4,FOS,all_caliper_candidates_excluded,False
PBMC10k,all,trrust_dorothea_union,2,2818,HIPK2,VIM,all_caliper_candidates_excluded,False
PBMC10k,all,trrust_dorothea_union,2,2693,HDGF,VIM,all_caliper_candidates_excluded,False
PBMC10k,all,trrust_dorothea_union,2,6153,TP53,ACTB,all_caliper_candidates_excluded,False
PBMC10k,all,trrust_dorothea_union,2,6625,VDR,TPT1,all_caliper_candidates_excluded,False
PBMC10k,all,trrust_dorothea_union,2,3820,NFYB,CD74,all_caliper_candidates_excluded,False
PBMC10k,all,trrust_dorothea_union,2,3898,PARP1,VIM,all_caliper_candidates_excluded,False
PBMC10k,all,trrust_dorothea_union,2,694,CREBBP,S100A4,all_caliper_candidates_excluded,False
PBMC10k,all,trrust_dorothea_union,2,1666,ETS1,LTB,all_caliper_candidates_excluded,False
PBMC10k,all,trrust_dorothea_union,2,615,CIITA,S100A4,all_caliper_candidates_excluded,False
PBMC10k,all,trrust_dorothea_union,2,3825,NFYB,FOS,all_caliper_candidates_excluded,False
PBMC10k,all,trrust_dorothea_union,2,4985,SPI1,CTSS,all_caliper_candidates_excluded,False
PBMC10k,all,trrust_dorothea_union,2,467,CEBPA,S100A9,all_caliper_candidates_excluded,False
PBMC10k,all,trrust_dorothea_union,2,4036,RBMX,FOS,all_caliper_candidates_excluded,False
PBMC10k,all,trrust_dorothea_union,2,6039,STAT6,FOS,all_caliper_candidates_excluded,False
PBMC10k,all,trrust_dorothea_union,2,571,CEBPB,GNLY,all_caliper_candidates_excluded,False
PBMC10k,all,trrust_dorothea_union,2,2839,HOPX,FOS,all_caliper_candidates_excluded,False
PBMC10k,all,trrust_dorothea_union,2,6123,TCF7L2,VIM,all_caliper_candidates_excluded,False
PBMC10k,all,trrust_dorothea_union,2,5978,STAT3,S100A11,all_caliper_candidates_excluded,False
PBMC10k,all,trrust_dorothea_union,2,6530,VDR,ACTB,all_caliper_candidates_excluded,False
PBMC10k,all,trrust_dorothea_union,2,2878,ILF3,HLA-DRA,all_caliper_candidates_excluded,False
PBMC10k,all,trrust_dorothea_union,2,6058,TBP,ACTB,all_caliper_candidates_excluded,False
PBMC10k,all,trrust_dorothea_union,2,3411,MYC,LTB,all_caliper_candidates_excluded,False
PBMC10k,all,trrust_dorothea_union,2,6805,ZEB2,VIM,all_caliper_candidates_excluded,False
PBMC10k,all,trrust_dorothea_union,2,1580,ETS1,EEF1A1,all_caliper_candidates_excluded,False
PBMC10k,all,trrust_dorothea_union,2,2569,GATA3,TMSB4X,all_caliper_candidates_excluded,False
PBMC10k,all,trrust_dorothea_union,2,2735,HIF1A,GAPDH,all_caliper_candidates_excluded,False
PBMC10k,all,trrust_dorothea_union,2,6815,ZNF148,VIM,all_caliper_candidates_excluded,False
PBMC10k,all,trrust_dorothea_union,2,2009,FOS,HLA-DRA,all_caliper_candidates_excluded,False
PBMC10k,all,trrust_dorothea_union,2,4221,RFX1,HLA-DRA,all_caliper_candidates_excluded,False
PBMC10k,all,trrust_dorothea_union,2,5942,STAT3,FOS,all_caliper_candidates_excluded,False
PBMC10k,all,trrust_dorothea_union,2,2616,HDAC1,HLA-DRA,all_caliper_candidates_excluded,False
PBMC10k,all,trrust_dorothea_union,2,1417,ELK1,FOS,all_caliper_candidates_excluded,False
PBMC10k,all,trrust_dorothea_union,2,5253,SPI1,TYROBP,all_caliper_candidates_excluded,False
PBMC10k,all,trrust_dorothea_union,2,3979,PPARD,SAT1,all_caliper_candidates_excluded,False
PBMC10k,all,trrust_dorothea_union,2,4917,SPI1,AIF1,all_caliper_candidates_excluded,False
PBMC10k,all,trrust_dorothea_union,2,3834,NFYC,FOS,all_caliper_candidates_excluded,False
PBMC10k,all,trrust_dorothea_union,2,331,CEBPA,GAPDH,all_caliper_candidates_excluded,False
PBMC10k,all,trrust_dorothea_union,2,45,ARNT,FOS,all_caliper_candidates_excluded,False
PBMC10k,all,trrust_dorothea_union,2,6492,USF1,S100A6,all_caliper_candidates_excluded,False
PBMC10k,all,trrust_dorothea_union,2,1013,CTNNB1,VIM,all_caliper_candidates_excluded,False
PBMC10k,all,trrust_dorothea_union,2,607,CIITA,HLA-DRA,all_caliper_candidates_excluded,False
PBMC10k,all,trrust_dorothea_union,2,6107,TCF4,VIM,all_caliper_candidates_excluded,False
PBMC10k,all,trrust_dorothea_union,2,579,CEBPB,S100A9,all_caliper_candidates_excluded,False
PBMC10k,all,trrust_dorothea_union,2,5029,SPI1,FOS,all_caliper_candidates_excluded,False
PBMC10k,all,trrust_dorothea_union,2,3800,NFKBIA,S100A6,all_caliper_candidates_excluded,False
PBMC10k,all,trrust_dorothea_union,2,17,AHR,FOS,all_caliper_candidates_excluded,False
PBMC10k,all,trrust_dorothea_union,2,3777,NFKB1,VIM,all_caliper_candidates_excluded,False
PBMC10k,all,trrust_dorothea_union,2,2807,HIF1A,VIM,all_caliper_candidates_excluded,False
PBMC10k,all,trrust_dorothea_union,2,1602,ETS1,FOS,all_caliper_candidates_excluded,False
PBMC10k,all,trrust_dorothea_union,2,319,CEBPA,FGL2,all_caliper_candidates_excluded,False
PBMC10k,all,trrust_dorothea_union,2,1477,ETS1,ACTB,all_caliper_candidates_excluded,False
PBMC10k,all,trrust_dorothea_union,2,3751,NFKB1,S100A6,all_caliper_candidates_excluded,False
PBMC10k,all,trrust_dorothea_union,2,2753,HIF1A,LGALS1,all_caliper_candidates_excluded,False
PBMC10k,all,trrust_dorothea_union,2,4745,SP1,LYZ,all_caliper_candidates_excluded,False
PBMC10k,all,trrust_dorothea_union,2,6717,YY1,HLA-DRA,all_caliper_candidates_excluded,False
PBMC10k,all,trrust_dorothea_union,2,646,CREB1,HLA-DRA,all_caliper_candidates_excluded,False
PBMC10k,all,trrust_dorothea_union,2,2864,HSF2,FOS,all_caliper_candidates_excluded,False
PBMC10k,all,trrust_dorothea_union,2,4700,SP1,FGL2,all_caliper_candidates_excluded,False
PBMC10k,all,trrust_dorothea_union,2,75,ATF2,FOS,all_caliper_candidates_excluded,False
PBMC10k,all,trrust_dorothea_union,2,1865,ETS2,FOS,all_caliper_candidates_excluded,False
PBMC10k,all,trrust_dorothea_union,2,1437,ELK3,FOS,all_caliper_candidates_excluded,False
PBMC10k,all,trrust_dorothea_union,2,6555,VDR,EEF1A1,all_caliper_candidates_excluded,False
PBMC10k,all,trrust_dorothea_union,2,6427,TP53,VCAN,all_caliper_candidates_excluded,False
PBMC10k,all,trrust_dorothea_union,2,3576,NF1,FOS,all_caliper_candidates_excluded,False
PBMC10k,all,trrust_dorothea_union,2,2836,HMGN1,FOS,all_caliper_candidates_excluded,False
PBMC10k,all,trrust_dorothea_union,2,5734,STAT1,S100A10,caliper_candidates_exhausted_by_unique_constraint,False
PBMC10k,all,trrust_dorothea_union,2,5035,SPI1,FYB1,caliper_candidates_exhausted_by_unique_constraint,False
PBMC10k,all,trrust_dorothea_union,3,3834,NFYC,FOS,all_caliper_candidates_excluded,False
PBMC10k,all,trrust_dorothea_union,3,587,CEBPD,GAPDH,all_caliper_candidates_excluded,False
PBMC10k,all,trrust_dorothea_union,3,1809,ETS1,TMSB4X,all_caliper_candidates_excluded,False
PBMC10k,all,trrust_dorothea_union,3,5319,SRF,FOS,all_caliper_candidates_excluded,False
PBMC10k,all,trrust_dorothea_union,3,4243,RFX5,HLA-DRA,all_caliper_candidates_excluded,False
PBMC10k,all,trrust_dorothea_union,3,6625,VDR,TPT1,all_caliper_candidates_excluded,False
PBMC10k,all,trrust_dorothea_union,3,17,AHR,FOS,all_caliper_candidates_excluded,False
PBMC10k,all,trrust_dorothea_union,3,6427,TP53,VCAN,all_caliper_candidates_excluded,False
PBMC10k,all,trrust_dorothea_union,3,3488,MYC,RPL13,all_caliper_candidates_excluded,False
PBMC10k,all,trrust_dorothea_union,3,6247,TP53,FOS,all_caliper_candidates_excluded,False
PBMC10k,all,trrust_dorothea_union,3,2818,HIPK2,VIM,all_caliper_candidates_excluded,False
PBMC10k,all,trrust_dorothea_union,3,1203,E2F4,LGALS1,all_caliper_candidates_excluded,False
PBMC10k,all,trrust_dorothea_union,3,579,CEBPB,S100A9,all_caliper_candidates_excluded,False
PBMC10k,all,trrust_dorothea_union,3,4745,SP1,LYZ,all_caliper_candidates_excluded,False
PBMC10k,all,trrust_dorothea_union,3,75,ATF2,FOS,all_caliper_candidates_excluded,False
PBMC10k,all,trrust_dorothea_union,3,3803,NFYA,ACTB,all_caliper_candidates_excluded,False
PBMC10k,all,trrust_dorothea_union,3,1417,ELK1,FOS,all_caliper_candidates_excluded,False
PBMC10k,all,trrust_dorothea_union,3,1477,ETS1,ACTB,all_caliper_candidates_excluded,False
PBMC10k,all,trrust_dorothea_union,3,3569,NCOA6,FOS,all_caliper_candidates_excluded,False
PBMC10k,all,trrust_dorothea_union,3,694,CREBBP,S100A4,all_caliper_candidates_excluded,False
PBMC10k,all,trrust_dorothea_union,3,5942,STAT3,FOS,all_caliper_candidates_excluded,False
PBMC10k,all,trrust_dorothea_union,3,2839,HOPX,FOS,all_caliper_candidates_excluded,False
PBMC10k,all,trrust_dorothea_union,3,3584,NFAT5,S100A4,all_caliper_candidates_excluded,False
PBMC10k,all,trrust_dorothea_union,3,1070,E2F4,ACTB,all_caliper_candidates_excluded,False
PBMC10k,all,trrust_dorothea_union,3,6791,ZBTB7A,FOS,all_caliper_candidates_excluded,False
PBMC10k,all,trrust_dorothea_union,3,571,CEBPB,GNLY,all_caliper_candidates_excluded,False
PBMC10k,all,trrust_dorothea_union,3,6805,ZEB2,VIM,all_caliper_candidates_excluded,False
PBMC10k,all,trrust_dorothea_union,3,5344,STAT1,ACTB,all_caliper_candidates_excluded,False
PBMC10k,all,trrust_dorothea_union,3,3979,PPARD,SAT1,all_caliper_candidates_excluded,False
PBMC10k,all,trrust_dorothea_union,3,4221,RFX1,HLA-DRA,all_caliper_candidates_excluded,False
PBMC10k,all,trrust_dorothea_union,3,4091,RELA,CD74,all_caliper_candidates_excluded,False
PBMC10k,all,trrust_dorothea_union,3,1865,ETS2,FOS,all_caliper_candidates_excluded,False
PBMC10k,all,trrust_dorothea_union,3,568,CEBPB,FOS,all_caliper_candidates_excluded,False
PBMC10k,all,trrust_dorothea_union,3,6123,TCF7L2,VIM,all_caliper_candidates_excluded,False
PBMC10k,all,trrust_dorothea_union,3,2864,HSF2,FOS,all_caliper_candidates_excluded,False
PBMC10k,all,trrust_dorothea_union,3,2735,HIF1A,GAPDH,all_caliper_candidates_excluded,False
PBMC10k,all,trrust_dorothea_union,3,3751,NFKB1,S100A6,all_caliper_candidates_excluded,False
PBMC10k,all,trrust_dorothea_union,3,4702,SP1,FOS,all_caliper_candidates_excluded,False
PBMC10k,all,trrust_dorothea_union,3,319,CEBPA,FGL2,all_caliper_candidates_excluded,False
PBMC10k,all,trrust_dorothea_union,3,6153,TP53,ACTB,all_caliper_candidates_excluded,False
PBMC10k,all,trrust_dorothea_union,3,5029,SPI1,FOS,all_caliper_candidates_excluded,False
PBMC10k,all,trrust_dorothea_union,3,3411,MYC,LTB,all_caliper_candidates_excluded,False
PBMC10k,all,trrust_dorothea_union,3,4036,RBMX,FOS,all_caliper_candidates_excluded,False
PBMC10k,all,trrust_dorothea_union,3,1906,FLI1,FOS,all_caliper_candidates_excluded,False
PBMC10k,all,trrust_dorothea_union,3,6107,TCF4,VIM,all_caliper_candidates_excluded,False
PBMC10k,all,trrust_dorothea_union,3,3951,POU2F2,HLA-DRA,all_caliper_candidates_excluded,False
PBMC10k,all,trrust_dorothea_union,3,3800,NFKBIA,S100A6,all_caliper_candidates_excluded,False
PBMC10k,all,trrust_dorothea_union,3,6492,USF1,S100A6,all_caliper_candidates_excluded,False
PBMC10k,all,trrust_dorothea_union,3,2569,GATA3,TMSB4X,all_caliper_candidates_excluded,False
PBMC10k,all,trrust_dorothea_union,3,1666,ETS1,LTB,all_caliper_candidates_excluded,False
PBMC10k,all,trrust_dorothea_union,3,3777,NFKB1,VIM,all_caliper_candidates_excluded,False
PBMC10k,all,trrust_dorothea_union,3,1580,ETS1,EEF1A1,all_caliper_candidates_excluded,False
PBMC10k,all,trrust_dorothea_union,3,1602,ETS1,FOS,all_caliper_candidates_excluded,False
PBMC10k,all,trrust_dorothea_union,3,1994,FOS,FOS,all_caliper_candidates_excluded,False
PBMC10k,all,trrust_dorothea_union,3,4854,SP1,VIM,all_caliper_candidates_excluded,False
PBMC10k,all,trrust_dorothea_union,3,4917,SPI1,AIF1,all_caliper_candidates_excluded,False
PBMC10k,all,trrust_dorothea_union,3,4985,SPI1,CTSS,all_caliper_candidates_excluded,False
PBMC10k,all,trrust_dorothea_union,3,3576,NF1,FOS,all_caliper_candidates_excluded,False
PBMC10k,all,trrust_dorothea_union,3,6555,VDR,EEF1A1,all_caliper_candidates_excluded,False
PBMC10k,all,trrust_dorothea_union,3,3646,NFKB1,B2M,all_caliper_candidates_excluded,False
PBMC10k,all,trrust_dorothea_union,3,4270,RFXAP,HLA-DRA,all_caliper_candidates_excluded,False
PBMC10k,all,trrust_dorothea_union,3,4172,RELA,S100A6,all_caliper_candidates_excluded,False
PBMC10k,all,trrust_dorothea_union,3,3898,PARP1,VIM,all_caliper_candidates_excluded,False
PBMC10k,all,trrust_dorothea_union,3,3018,JUN,FOS,all_caliper_candidates_excluded,False
PBMC10k,all,trrust_dorothea_union,3,2807,HIF1A,VIM,all_caliper_candidates_excluded,False
PBMC10k,all,trrust_dorothea_union,3,2009,FOS,HLA-DRA,all_caliper_candidates_excluded,False
PBMC10k,all,trrust_dorothea_union,3,6001,STAT4,S100A4,all_caliper_candidates_excluded,False
PBMC10k,all,trrust_dorothea_union,3,1460,EP300,S100A4,all_caliper_candidates_excluded,False
PBMC10k,all,trrust_dorothea_union,3,6106,TCF4,VCAN,all_caliper_candidates_excluded,False
PBMC10k,all,trrust_dorothea_union,3,4232,RFX5,CD74,all_caliper_candidates_excluded,False
PBMC10k,all,trrust_dorothea_union,3,3820,NFYB,CD74,all_caliper_candidates_excluded,False
PBMC10k,all,trrust_dorothea_union,3,6058,TBP,ACTB,all_caliper_candidates_excluded,False
PBMC10k,all,trrust_dorothea_union,3,1438,ELK4,FOS,all_caliper_candidates_excluded,False
PBMC10k,all,trrust_dorothea_union,3,6815,ZNF148,VIM,all_caliper_candidates_excluded,False
PBMC10k,all,trrust_dorothea_union,3,1437,ELK3,FOS,all_caliper_candidates_excluded,False
PBMC10k,all,trrust_dorothea_union,3,3494,MYC,RPL27A,all_caliper_candidates_excluded,False
PBMC10k,all,trrust_dorothea_union,3,4700,SP1,FGL2,all_caliper_candidates_excluded,False
PBMC10k,all,trrust_dorothea_union,3,2616,HDAC1,HLA-DRA,all_caliper_candidates_excluded,False
PBMC10k,all,trrust_dorothea_union,3,1013,CTNNB1,VIM,all_caliper_candidates_excluded,False
PBMC10k,all,trrust_dorothea_union,3,3583,NFAT5,LTB,all_caliper_candidates_excluded,False
PBMC10k,all,trrust_dorothea_union,3,3818,NFYB,ACTB,all_caliper_candidates_excluded,False
PBMC10k,all,trrust_dorothea_union,3,3806,NFYA,CD74,all_caliper_candidates_excluded,False
PBMC10k,all,trrust_dorothea_union,3,2753,HIF1A,LGALS1,all_caliper_candidates_excluded,False
PBMC10k,all,trrust_dorothea_union,3,45,ARNT,FOS,all_caliper_candidates_excluded,False
PBMC10k,all,trrust_dorothea_union,3,6469,USF1,B2M,all_caliper_candidates_excluded,False
PBMC10k,all,trrust_dorothea_union,3,633,CREB1,CD74,all_caliper_candidates_excluded,False
PBMC10k,all,trrust_dorothea_union,3,703,CREM,FOS,all_caliper_candidates_excluded,False
PBMC10k,all,trrust_dorothea_union,3,3673,NFKB1,CD74,all_caliper_candidates_excluded,False
PBMC10k,all,trrust_dorothea_union,3,2836,HMGN1,FOS,all_caliper_candidates_excluded,False
PBMC10k,all,trrust_dorothea_union,3,3061,JUN,VIM,all_caliper_candidates_excluded,False
PBMC10k,all,trrust_dorothea_union,3,467,CEBPA,S100A9,all_caliper_candidates_excluded,False
PBMC10k,all,trrust_dorothea_union,3,615,CIITA,S100A4,all_caliper_candidates_excluded,False
PBMC10k,all,trrust_dorothea_union,3,331,CEBPA,GAPDH,all_caliper_candidates_excluded,False
PBMC10k,all,trrust_dorothea_union,3,4020,RB1,FOS,all_caliper_candidates_excluded,False
PBMC10k,all,trrust_dorothea_union,3,646,CREB1,HLA-DRA,all_caliper_candidates_excluded,False
PBMC10k,all,trrust_dorothea_union,3,6039,STAT6,FOS,all_caliper_candidates_excluded,False
PBMC10k,all,trrust_dorothea_union,3,4536,SFPQ,NEAT1,all_caliper_candidates_excluded,False
PBMC10k,all,trrust_dorothea_union,3,2615,HDAC1,FOS,all_caliper_candidates_excluded,False
PBMC10k,all,trrust_dorothea_union,3,5253,SPI1,TYROBP,all_caliper_candidates_excluded,False
PBMC10k,all,trrust_dorothea_union,3,4612,SMARCA4,FOS,all_caliper_candidates_excluded,False
PBMC10k,all,trrust_dorothea_union,3,3487,MYC,RPL10,all_caliper_candidates_excluded,False
PBMC10k,all,trrust_dorothea_union,3,4938,SPI1,B2M,all_caliper_candidates_excluded,False
PBMC10k,all,trrust_dorothea_union,3,640,CREB1,FOS,all_caliper_candidates_excluded,False
PBMC10k,all,trrust_dorothea_union,3,607,CIITA,HLA-DRA,all_caliper_candidates_excluded,False
PBMC10k,all,trrust_dorothea_union,3,6235,TP53,EEF1A1,all_caliper_candidates_excluded,False
PBMC10k,all,trrust_dorothea_union,3,3941,POU2F1,HLA-DRA,all_caliper_candidates_excluded,False
PBMC10k,all,trrust_dorothea_union,3,6717,YY1,HLA-DRA,all_caliper_candidates_excluded,False
PBMC10k,all,trrust_dorothea_union,3,6530,VDR,ACTB,all_caliper_candidates_excluded,False
PBMC10k,all,trrust_dorothea_union,3,3825,NFYB,FOS,all_caliper_candidates_excluded,False
PBMC10k,all,trrust_dorothea_union,3,5481,STAT1,FOS,all_caliper_candidates_excluded,False
PBMC10k,all,trrust_dorothea_union,3,6507,USF2,B2M,all_caliper_candidates_excluded,False
PBMC10k,all,trrust_dorothea_union,3,5978,STAT3,S100A11,all_caliper_candidates_excluded,False
PBMC10k,all,trrust_dorothea_union,3,4258,RFXANK,HLA-DRA,all_caliper_candidates_excluded,False
PBMC10k,all,trrust_dorothea_union,3,6062,TBP,FOS,all_caliper_candidates_excluded,False
PBMC10k,all,trrust_dorothea_union,3,2693,HDGF,VIM,all_caliper_candidates_excluded,False
PBMC10k,all,trrust_dorothea_union,3,5735,STAT1,S100A11,all_caliper_candidates_excluded,False
PBMC10k,all,trrust_dorothea_union,3,5315,SRF,ACTB,all_caliper_candidates_excluded,False
PBMC10k,all,trrust_dorothea_union,3,2878,ILF3,HLA-DRA,all_caliper_candidates_excluded,False
PBMC10k,all,trrust_dorothea_union,3,3355,MYC,GAPDH,all_caliper_candidates_excluded,False
PBMC10k,all,trrust_dorothea_union,3,5080,SPI1,LCP1,caliper_candidates_exhausted_by_unique_constraint,False
PBMC10k,all,trrust_dorothea_union,3,5487,STAT1,FYB1,caliper_candidates_exhausted_by_unique_constraint,False
PBMC10k,all,trrust_dorothea_union,4,6039,STAT6,FOS,all_caliper_candidates_excluded,False
PBMC10k,all,trrust_dorothea_union,4,3569,NCOA6,FOS,all_caliper_candidates_excluded,False
PBMC10k,all,trrust_dorothea_union,4,3583,NFAT5,LTB,all_caliper_candidates_excluded,False
PBMC10k,all,trrust_dorothea_union,4,646,CREB1,HLA-DRA,all_caliper_candidates_excluded,False
PBMC10k,all,trrust_dorothea_union,4,5735,STAT1,S100A11,all_caliper_candidates_excluded,False
PBMC10k,all,trrust_dorothea_union,4,607,CIITA,HLA-DRA,all_caliper_candidates_excluded,False
PBMC10k,all,trrust_dorothea_union,4,1013,CTNNB1,VIM,all_caliper_candidates_excluded,False
PBMC10k,all,trrust_dorothea_union,4,1666,ETS1,LTB,all_caliper_candidates_excluded,False
PBMC10k,all,trrust_dorothea_union,4,633,CREB1,CD74,all_caliper_candidates_excluded,False
PBMC10k,all,trrust_dorothea_union,4,5319,SRF,FOS,all_caliper_candidates_excluded,False
PBMC10k,all,trrust_dorothea_union,4,6805,ZEB2,VIM,all_caliper_candidates_excluded,False
PBMC10k,all,trrust_dorothea_union,4,3673,NFKB1,CD74,all_caliper_candidates_excluded,False
PBMC10k,all,trrust_dorothea_union,4,6530,VDR,ACTB,all_caliper_candidates_excluded,False
PBMC10k,all,trrust_dorothea_union,4,2693,HDGF,VIM,all_caliper_candidates_excluded,False
PBMC10k,all,trrust_dorothea_union,4,1437,ELK3,FOS,all_caliper_candidates_excluded,False
PBMC10k,all,trrust_dorothea_union,4,2616,HDAC1,HLA-DRA,all_caliper_candidates_excluded,False
PBMC10k,all,trrust_dorothea_union,4,6469,USF1,B2M,all_caliper_candidates_excluded,False
PBMC10k,all,trrust_dorothea_union,4,3818,NFYB,ACTB,all_caliper_candidates_excluded,False
PBMC10k,all,trrust_dorothea_union,4,3898,PARP1,VIM,all_caliper_candidates_excluded,False
PBMC10k,all,trrust_dorothea_union,4,587,CEBPD,GAPDH,all_caliper_candidates_excluded,False
PBMC10k,all,trrust_dorothea_union,4,6492,USF1,S100A6,all_caliper_candidates_excluded,False
PBMC10k,all,trrust_dorothea_union,4,1438,ELK4,FOS,all_caliper_candidates_excluded,False
PBMC10k,all,trrust_dorothea_union,4,6555,VDR,EEF1A1,all_caliper_candidates_excluded,False
PBMC10k,all,trrust_dorothea_union,4,5942,STAT3,FOS,all_caliper_candidates_excluded,False
PBMC10k,all,trrust_dorothea_union,4,615,CIITA,S100A4,all_caliper_candidates_excluded,False
PBMC10k,all,trrust_dorothea_union,4,1602,ETS1,FOS,all_caliper_candidates_excluded,False
PBMC10k,all,trrust_dorothea_union,4,45,ARNT,FOS,all_caliper_candidates_excluded,False
PBMC10k,all,trrust_dorothea_union,4,4745,SP1,LYZ,all_caliper_candidates_excluded,False
PBMC10k,all,trrust_dorothea_union,4,1994,FOS,FOS,all_caliper_candidates_excluded,False
PBMC10k,all,trrust_dorothea_union,4,579,CEBPB,S100A9,all_caliper_candidates_excluded,False
PBMC10k,all,trrust_dorothea_union,4,3061,JUN,VIM,all_caliper_candidates_excluded,False
PBMC10k,all,trrust_dorothea_union,4,1203,E2F4,LGALS1,all_caliper_candidates_excluded,False
PBMC10k,all,trrust_dorothea_union,4,6001,STAT4,S100A4,all_caliper_candidates_excluded,False
PBMC10k,all,trrust_dorothea_union,4,3806,NFYA,CD74,all_caliper_candidates_excluded,False
PBMC10k,all,trrust_dorothea_union,4,5344,STAT1,ACTB,all_caliper_candidates_excluded,False
PBMC10k,all,trrust_dorothea_union,4,4036,RBMX,FOS,all_caliper_candidates_excluded,False
PBMC10k,all,trrust_dorothea_union,4,467,CEBPA,S100A9,all_caliper_candidates_excluded,False
PBMC10k,all,trrust_dorothea_union,4,3494,MYC,RPL27A,all_caliper_candidates_excluded,False
PBMC10k,all,trrust_dorothea_union,4,3584,NFAT5,S100A4,all_caliper_candidates_excluded,False
PBMC10k,all,trrust_dorothea_union,4,6247,TP53,FOS,all_caliper_candidates_excluded,False
PBMC10k,all,trrust_dorothea_union,4,3800,NFKBIA,S100A6,all_caliper_candidates_excluded,False
PBMC10k,all,trrust_dorothea_union,4,2818,HIPK2,VIM,all_caliper_candidates_excluded,False
PBMC10k,all,trrust_dorothea_union,4,3355,MYC,GAPDH,all_caliper_candidates_excluded,False
PBMC10k,all,trrust_dorothea_union,4,6058,TBP,ACTB,all_caliper_candidates_excluded,False
PBMC10k,all,trrust_dorothea_union,4,4702,SP1,FOS,all_caliper_candidates_excluded,False
PBMC10k,all,trrust_dorothea_union,4,3751,NFKB1,S100A6,all_caliper_candidates_excluded,False
PBMC10k,all,trrust_dorothea_union,4,4172,RELA,S100A6,all_caliper_candidates_excluded,False
PBMC10k,all,trrust_dorothea_union,4,3941,POU2F1,HLA-DRA,all_caliper_candidates_excluded,False
PBMC10k,all,trrust_dorothea_union,4,3979,PPARD,SAT1,all_caliper_candidates_excluded,False
PBMC10k,all,trrust_dorothea_union,4,2753,HIF1A,LGALS1,all_caliper_candidates_excluded,False
PBMC10k,all,trrust_dorothea_union,4,3411,MYC,LTB,all_caliper_candidates_excluded,False
PBMC10k,all,trrust_dorothea_union,4,568,CEBPB,FOS,all_caliper_candidates_excluded,False
PBMC10k,all,trrust_dorothea_union,4,6153,TP53,ACTB,all_caliper_candidates_excluded,False
PBMC10k,all,trrust_dorothea_union,4,1460,EP300,S100A4,all_caliper_candidates_excluded,False
PBMC10k,all,trrust_dorothea_union,4,17,AHR,FOS,all_caliper_candidates_excluded,False
PBMC10k,all,trrust_dorothea_union,4,3820,NFYB,CD74,all_caliper_candidates_excluded,False
PBMC10k,all,trrust_dorothea_union,4,6625,VDR,TPT1,all_caliper_candidates_excluded,False
PBMC10k,all,trrust_dorothea_union,4,75,ATF2,FOS,all_caliper_candidates_excluded,False
PBMC10k,all,trrust_dorothea_union,4,694,CREBBP,S100A4,all_caliper_candidates_excluded,False
PBMC10k,all,trrust_dorothea_union,4,2569,GATA3,TMSB4X,all_caliper_candidates_excluded,False
PBMC10k,all,trrust_dorothea_union,4,4091,RELA,CD74,all_caliper_candidates_excluded,False
PBMC10k,all,trrust_dorothea_union,4,6123,TCF7L2,VIM,all_caliper_candidates_excluded,False
PBMC10k,all,trrust_dorothea_union,4,3488,MYC,RPL13,all_caliper_candidates_excluded,False
PBMC10k,all,trrust_dorothea_union,4,4020,RB1,FOS,all_caliper_candidates_excluded,False
PBMC10k,all,trrust_dorothea_union,4,3576,NF1,FOS,all_caliper_candidates_excluded,False
PBMC10k,all,trrust_dorothea_union,4,1070,E2F4,ACTB,all_caliper_candidates_excluded,False
PBMC10k,all,trrust_dorothea_union,4,6815,ZNF148,VIM,all_caliper_candidates_excluded,False
PBMC10k,all,trrust_dorothea_union,4,4985,SPI1,CTSS,all_caliper_candidates_excluded,False
PBMC10k,all,trrust_dorothea_union,4,1477,ETS1,ACTB,all_caliper_candidates_excluded,False
PBMC10k,all,trrust_dorothea_union,4,4700,SP1,FGL2,all_caliper_candidates_excluded,False
PBMC10k,all,trrust_dorothea_union,4,4258,RFXANK,HLA-DRA,all_caliper_candidates_excluded,False
PBMC10k,all,trrust_dorothea_union,4,4221,RFX1,HLA-DRA,all_caliper_candidates_excluded,False
PBMC10k,all,trrust_dorothea_union,4,2735,HIF1A,GAPDH,all_caliper_candidates_excluded,False
PBMC10k,all,trrust_dorothea_union,4,2839,HOPX,FOS,all_caliper_candidates_excluded,False
PBMC10k,all,trrust_dorothea_union,4,4917,SPI1,AIF1,all_caliper_candidates_excluded,False
PBMC10k,all,trrust_dorothea_union,4,5253,SPI1,TYROBP,all_caliper_candidates_excluded,False
PBMC10k,all,trrust_dorothea_union,4,2807,HIF1A,VIM,all_caliper_candidates_excluded,False
PBMC10k,all,trrust_dorothea_union,4,2009,FOS,HLA-DRA,all_caliper_candidates_excluded,False
PBMC10k,all,trrust_dorothea_union,4,4938,SPI1,B2M,all_caliper_candidates_excluded,False
PBMC10k,all,trrust_dorothea_union,4,3646,NFKB1,B2M,all_caliper_candidates_excluded,False
PBMC10k,all,trrust_dorothea_union,4,6791,ZBTB7A,FOS,all_caliper_candidates_excluded,False
PBMC10k,all,trrust_dorothea_union,4,1809,ETS1,TMSB4X,all_caliper_candidates_excluded,False
PBMC10k,all,trrust_dorothea_union,4,703,CREM,FOS,all_caliper_candidates_excluded,False
PBMC10k,all,trrust_dorothea_union,4,6507,USF2,B2M,all_caliper_candidates_excluded,False
PBMC10k,all,trrust_dorothea_union,4,4243,RFX5,HLA-DRA,all_caliper_candidates_excluded,False
PBMC10k,all,trrust_dorothea_union,4,2836,HMGN1,FOS,all_caliper_candidates_excluded,False
PBMC10k,all,trrust_dorothea_union,4,5978,STAT3,S100A11,all_caliper_candidates_excluded,False
PBMC10k,all,trrust_dorothea_union,4,2864,HSF2,FOS,all_caliper_candidates_excluded,False
PBMC10k,all,trrust_dorothea_union,4,6427,TP53,VCAN,all_caliper_candidates_excluded,False
PBMC10k,all,trrust_dorothea_union,4,3018,JUN,FOS,all_caliper_candidates_excluded,False
PBMC10k,all,trrust_dorothea_union,4,4536,SFPQ,NEAT1,all_caliper_candidates_excluded,False
PBMC10k,all,trrust_dorothea_union,4,6235,TP53,EEF1A1,all_caliper_candidates_excluded,False
PBMC10k,all,trrust_dorothea_union,4,4612,SMARCA4,FOS,all_caliper_candidates_excluded,False
PBMC10k,all,trrust_dorothea_union,4,6717,YY1,HLA-DRA,all_caliper_candidates_excluded,False
PBMC10k,all,trrust_dorothea_union,4,4854,SP1,VIM,all_caliper_candidates_excluded,False
PBMC10k,all,trrust_dorothea_union,4,1865,ETS2,FOS,all_caliper_candidates_excluded,False
PBMC10k,all,trrust_dorothea_union,4,5029,SPI1,FOS,all_caliper_candidates_excluded,False
PBMC10k,all,trrust_dorothea_union,4,319,CEBPA,FGL2,all_caliper_candidates_excluded,False
PBMC10k,all,trrust_dorothea_union,4,3777,NFKB1,VIM,all_caliper_candidates_excluded,False
PBMC10k,all,trrust_dorothea_union,4,3803,NFYA,ACTB,all_caliper_candidates_excluded,False
PBMC10k,all,trrust_dorothea_union,4,4232,RFX5,CD74,all_caliper_candidates_excluded,False
PBMC10k,all,trrust_dorothea_union,4,5481,STAT1,FOS,all_caliper_candidates_excluded,False
PBMC10k,all,trrust_dorothea_union,4,6062,TBP,FOS,all_caliper_candidates_excluded,False
PBMC10k,all,trrust_dorothea_union,4,331,CEBPA,GAPDH,all_caliper_candidates_excluded,False
PBMC10k,all,trrust_dorothea_union,4,3834,NFYC,FOS,all_caliper_candidates_excluded,False
PBMC10k,all,trrust_dorothea_union,4,640,CREB1,FOS,all_caliper_candidates_excluded,False
PBMC10k,all,trrust_dorothea_union,4,3825,NFYB,FOS,all_caliper_candidates_excluded,False
PBMC10k,all,trrust_dorothea_union,4,571,CEBPB,GNLY,all_caliper_candidates_excluded,False
PBMC10k,all,trrust_dorothea_union,4,6107,TCF4,VIM,all_caliper_candidates_excluded,False
PBMC10k,all,trrust_dorothea_union,4,3487,MYC,RPL10,all_caliper_candidates_excluded,False
PBMC10k,all,trrust_dorothea_union,4,2878,ILF3,HLA-DRA,all_caliper_candidates_excluded,False
PBMC10k,all,trrust_dorothea_union,4,1906,FLI1,FOS,all_caliper_candidates_excluded,False
PBMC10k,all,trrust_dorothea_union,4,4270,RFXAP,HLA-DRA,all_caliper_candidates_excluded,False
PBMC10k,all,trrust_dorothea_union,4,1417,ELK1,FOS,all_caliper_candidates_excluded,False
PBMC10k,all,trrust_dorothea_union,4,6106,TCF4,VCAN,all_caliper_candidates_excluded,False
PBMC10k,all,trrust_dorothea_union,4,2615,HDAC1,FOS,all_caliper_candidates_excluded,False
PBMC10k,all,trrust_dorothea_union,4,5315,SRF,ACTB,all_caliper_candidates_excluded,False
PBMC10k,all,trrust_dorothea_union,4,1580,ETS1,EEF1A1,all_caliper_candidates_excluded,False
PBMC10k,all,trrust_dorothea_union,4,3951,POU2F2,HLA-DRA,all_caliper_candidates_excluded,False
PBMC10k,all,trrust_dorothea_union,4,5080,SPI1,LCP1,caliper_candidates_exhausted_by_unique_constraint,False
PBMC10k,all,trrust_dorothea_union,4,5734,STAT1,S100A10,caliper_candidates_exhausted_by_unique_constraint,False
PBMC10k,all,trrust_dorothea_union,5,6247,TP53,FOS,all_caliper_candidates_excluded,False
PBMC10k,all,trrust_dorothea_union,5,6717,YY1,HLA-DRA,all_caliper_candidates_excluded,False
PBMC10k,all,trrust_dorothea_union,5,4232,RFX5,CD74,all_caliper_candidates_excluded,False
PBMC10k,all,trrust_dorothea_union,5,6123,TCF7L2,VIM,all_caliper_candidates_excluded,False
PBMC10k,all,trrust_dorothea_union,5,3061,JUN,VIM,all_caliper_candidates_excluded,False
PBMC10k,all,trrust_dorothea_union,5,1460,EP300,S100A4,all_caliper_candidates_excluded,False
PBMC10k,all,trrust_dorothea_union,5,75,ATF2,FOS,all_caliper_candidates_excluded,False
PBMC10k,all,trrust_dorothea_union,5,2807,HIF1A,VIM,all_caliper_candidates_excluded,False
PBMC10k,all,trrust_dorothea_union,5,6530,VDR,ACTB,all_caliper_candidates_excluded,False
PBMC10k,all,trrust_dorothea_union,5,6106,TCF4,VCAN,all_caliper_candidates_excluded,False
PBMC10k,all,trrust_dorothea_union,5,331,CEBPA,GAPDH,all_caliper_candidates_excluded,False
PBMC10k,all,trrust_dorothea_union,5,5942,STAT3,FOS,all_caliper_candidates_excluded,False
PBMC10k,all,trrust_dorothea_union,5,17,AHR,FOS,all_caliper_candidates_excluded,False
PBMC10k,all,trrust_dorothea_union,5,1417,ELK1,FOS,all_caliper_candidates_excluded,False
PBMC10k,all,trrust_dorothea_union,5,3646,NFKB1,B2M,all_caliper_candidates_excluded,False
PBMC10k,all,trrust_dorothea_union,5,6001,STAT4,S100A4,all_caliper_candidates_excluded,False
PBMC10k,all,trrust_dorothea_union,5,6427,TP53,VCAN,all_caliper_candidates_excluded,False
PBMC10k,all,trrust_dorothea_union,5,3979,PPARD,SAT1,all_caliper_candidates_excluded,False
PBMC10k,all,trrust_dorothea_union,5,4172,RELA,S100A6,all_caliper_candidates_excluded,False
PBMC10k,all,trrust_dorothea_union,5,1437,ELK3,FOS,all_caliper_candidates_excluded,False
PBMC10k,all,trrust_dorothea_union,5,1906,FLI1,FOS,all_caliper_candidates_excluded,False
PBMC10k,all,trrust_dorothea_union,5,2836,HMGN1,FOS,all_caliper_candidates_excluded,False
PBMC10k,all,trrust_dorothea_union,5,1666,ETS1,LTB,all_caliper_candidates_excluded,False
PBMC10k,all,trrust_dorothea_union,5,5253,SPI1,TYROBP,all_caliper_candidates_excluded,False
PBMC10k,all,trrust_dorothea_union,5,1580,ETS1,EEF1A1,all_caliper_candidates_excluded,False
PBMC10k,all,trrust_dorothea_union,5,5344,STAT1,ACTB,all_caliper_candidates_excluded,False
PBMC10k,all,trrust_dorothea_union,5,6153,TP53,ACTB,all_caliper_candidates_excluded,False
PBMC10k,all,trrust_dorothea_union,5,3488,MYC,RPL13,all_caliper_candidates_excluded,False
PBMC10k,all,trrust_dorothea_union,5,6235,TP53,EEF1A1,all_caliper_candidates_excluded,False
PBMC10k,all,trrust_dorothea_union,5,1477,ETS1,ACTB,all_caliper_candidates_excluded,False
PBMC10k,all,trrust_dorothea_union,5,467,CEBPA,S100A9,all_caliper_candidates_excluded,False
PBMC10k,all,trrust_dorothea_union,5,1203,E2F4,LGALS1,all_caliper_candidates_excluded,False
PBMC10k,all,trrust_dorothea_union,5,587,CEBPD,GAPDH,all_caliper_candidates_excluded,False
PBMC10k,all,trrust_dorothea_union,5,4612,SMARCA4,FOS,all_caliper_candidates_excluded,False
PBMC10k,all,trrust_dorothea_union,5,3487,MYC,RPL10,all_caliper_candidates_excluded,False
PBMC10k,all,trrust_dorothea_union,5,4020,RB1,FOS,all_caliper_candidates_excluded,False
PBMC10k,all,trrust_dorothea_union,5,5978,STAT3,S100A11,all_caliper_candidates_excluded,False
PBMC10k,all,trrust_dorothea_union,5,3576,NF1,FOS,all_caliper_candidates_excluded,False
PBMC10k,all,trrust_dorothea_union,5,3951,POU2F2,HLA-DRA,all_caliper_candidates_excluded,False
PBMC10k,all,trrust_dorothea_union,5,6507,USF2,B2M,all_caliper_candidates_excluded,False
PBMC10k,all,trrust_dorothea_union,5,2753,HIF1A,LGALS1,all_caliper_candidates_excluded,False
PBMC10k,all,trrust_dorothea_union,5,4985,SPI1,CTSS,all_caliper_candidates_excluded,False
PBMC10k,all,trrust_dorothea_union,5,3803,NFYA,ACTB,all_caliper_candidates_excluded,False
PBMC10k,all,trrust_dorothea_union,5,6555,VDR,EEF1A1,all_caliper_candidates_excluded,False
PBMC10k,all,trrust_dorothea_union,5,3777,NFKB1,VIM,all_caliper_candidates_excluded,False
PBMC10k,all,trrust_dorothea_union,5,2693,HDGF,VIM,all_caliper_candidates_excluded,False
PBMC10k,all,trrust_dorothea_union,5,1602,ETS1,FOS,all_caliper_candidates_excluded,False
PBMC10k,all,trrust_dorothea_union,5,1013,CTNNB1,VIM,all_caliper_candidates_excluded,False
PBMC10k,all,trrust_dorothea_union,5,3569,NCOA6,FOS,all_caliper_candidates_excluded,False
PBMC10k,all,trrust_dorothea_union,5,3820,NFYB,CD74,all_caliper_candidates_excluded,False
PBMC10k,all,trrust_dorothea_union,5,3673,NFKB1,CD74,all_caliper_candidates_excluded,False
PBMC10k,all,trrust_dorothea_union,5,6815,ZNF148,VIM,all_caliper_candidates_excluded,False
PBMC10k,all,trrust_dorothea_union,5,3834,NFYC,FOS,all_caliper_candidates_excluded,False
PBMC10k,all,trrust_dorothea_union,5,703,CREM,FOS,all_caliper_candidates_excluded,False
PBMC10k,all,trrust_dorothea_union,5,4917,SPI1,AIF1,all_caliper_candidates_excluded,False
PBMC10k,all,trrust_dorothea_union,5,579,CEBPB,S100A9,all_caliper_candidates_excluded,False
PBMC10k,all,trrust_dorothea_union,5,6058,TBP,ACTB,all_caliper_candidates_excluded,False
PBMC10k,all,trrust_dorothea_union,5,6107,TCF4,VIM,all_caliper_candidates_excluded,False
PBMC10k,all,trrust_dorothea_union,5,4091,RELA,CD74,all_caliper_candidates_excluded,False
PBMC10k,all,trrust_dorothea_union,5,6492,USF1,S100A6,all_caliper_candidates_excluded,False
PBMC10k,all,trrust_dorothea_union,5,4536,SFPQ,NEAT1,all_caliper_candidates_excluded,False
PBMC10k,all,trrust_dorothea_union,5,3898,PARP1,VIM,all_caliper_candidates_excluded,False
PBMC10k,all,trrust_dorothea_union,5,2009,FOS,HLA-DRA,all_caliper_candidates_excluded,False
PBMC10k,all,trrust_dorothea_union,5,3941,POU2F1,HLA-DRA,all_caliper_candidates_excluded,False
PBMC10k,all,trrust_dorothea_union,5,633,CREB1,CD74,all_caliper_candidates_excluded,False
PBMC10k,all,trrust_dorothea_union,5,4243,RFX5,HLA-DRA,all_caliper_candidates_excluded,False
PBMC10k,all,trrust_dorothea_union,5,2839,HOPX,FOS,all_caliper_candidates_excluded,False
PBMC10k,all,trrust_dorothea_union,5,568,CEBPB,FOS,all_caliper_candidates_excluded,False
PBMC10k,all,trrust_dorothea_union,5,2735,HIF1A,GAPDH,all_caliper_candidates_excluded,False
PBMC10k,all,trrust_dorothea_union,5,1070,E2F4,ACTB,all_caliper_candidates_excluded,False
PBMC10k,all,trrust_dorothea_union,5,2818,HIPK2,VIM,all_caliper_candidates_excluded,False
PBMC10k,all,trrust_dorothea_union,5,3806,NFYA,CD74,all_caliper_candidates_excluded,False
PBMC10k,all,trrust_dorothea_union,5,319,CEBPA,FGL2,all_caliper_candidates_excluded,False
PBMC10k,all,trrust_dorothea_union,5,5319,SRF,FOS,all_caliper_candidates_excluded,False
PBMC10k,all,trrust_dorothea_union,5,2878,ILF3,HLA-DRA,all_caliper_candidates_excluded,False
PBMC10k,all,trrust_dorothea_union,5,694,CREBBP,S100A4,all_caliper_candidates_excluded,False
PBMC10k,all,trrust_dorothea_union,5,640,CREB1,FOS,all_caliper_candidates_excluded,False
PBMC10k,all,trrust_dorothea_union,5,3818,NFYB,ACTB,all_caliper_candidates_excluded,False
PBMC10k,all,trrust_dorothea_union,5,4745,SP1,LYZ,all_caliper_candidates_excluded,False
PBMC10k,all,trrust_dorothea_union,5,6805,ZEB2,VIM,all_caliper_candidates_excluded,False
PBMC10k,all,trrust_dorothea_union,5,6791,ZBTB7A,FOS,all_caliper_candidates_excluded,False
PBMC10k,all,trrust_dorothea_union,5,5315,SRF,ACTB,all_caliper_candidates_excluded,False
PBMC10k,all,trrust_dorothea_union,5,3411,MYC,LTB,all_caliper_candidates_excluded,False
PBMC10k,all,trrust_dorothea_union,5,1994,FOS,FOS,all_caliper_candidates_excluded,False
PBMC10k,all,trrust_dorothea_union,5,5481,STAT1,FOS,all_caliper_candidates_excluded,False
PBMC10k,all,trrust_dorothea_union,5,2864,HSF2,FOS,all_caliper_candidates_excluded,False
PBMC10k,all,trrust_dorothea_union,5,3800,NFKBIA,S100A6,all_caliper_candidates_excluded,False
PBMC10k,all,trrust_dorothea_union,5,6625,VDR,TPT1,all_caliper_candidates_excluded,False
PBMC10k,all,trrust_dorothea_union,5,6062,TBP,FOS,all_caliper_candidates_excluded,False
PBMC10k,all,trrust_dorothea_union,5,4702,SP1,FOS,all_caliper_candidates_excluded,False
PBMC10k,all,trrust_dorothea_union,5,45,ARNT,FOS,all_caliper_candidates_excluded,False
PBMC10k,all,trrust_dorothea_union,5,615,CIITA,S100A4,all_caliper_candidates_excluded,False
PBMC10k,all,trrust_dorothea_union,5,6039,STAT6,FOS,all_caliper_candidates_excluded,False
PBMC10k,all,trrust_dorothea_union,5,4221,RFX1,HLA-DRA,all_caliper_candidates_excluded,False
PBMC10k,all,trrust_dorothea_union,5,2615,HDAC1,FOS,all_caliper_candidates_excluded,False
PBMC10k,all,trrust_dorothea_union,5,571,CEBPB,GNLY,all_caliper_candidates_excluded,False
PBMC10k,all,trrust_dorothea_union,5,1865,ETS2,FOS,all_caliper_candidates_excluded,False
PBMC10k,all,trrust_dorothea_union,5,1809,ETS1,TMSB4X,all_caliper_candidates_excluded,False
PBMC10k,all,trrust_dorothea_union,5,3825,NFYB,FOS,all_caliper_candidates_excluded,False
PBMC10k,all,trrust_dorothea_union,5,4258,RFXANK,HLA-DRA,all_caliper_candidates_excluded,False
PBMC10k,all,trrust_dorothea_union,5,3355,MYC,GAPDH,all_caliper_candidates_excluded,False
PBMC10k,all,trrust_dorothea_union,5,5029,SPI1,FOS,all_caliper_candidates_excluded,False
PBMC10k,all,trrust_dorothea_union,5,2569,GATA3,TMSB4X,all_caliper_candidates_excluded,False
PBMC10k,all,trrust_dorothea_union,5,3584,NFAT5,S100A4,all_caliper_candidates_excluded,False
PBMC10k,all,trrust_dorothea_union,5,4036,RBMX,FOS,all_caliper_candidates_excluded,False
PBMC10k,all,trrust_dorothea_union,5,4854,SP1,VIM,all_caliper_candidates_excluded,False
PBMC10k,all,trrust_dorothea_union,5,646,CREB1,HLA-DRA,all_caliper_candidates_excluded,False
PBMC10k,all,trrust_dorothea_union,5,3751,NFKB1,S100A6,all_caliper_candidates_excluded,False
PBMC10k,all,trrust_dorothea_union,5,4938,SPI1,B2M,all_caliper_candidates_excluded,False
PBMC10k,all,trrust_dorothea_union,5,4270,RFXAP,HLA-DRA,all_caliper_candidates_excluded,False
PBMC10k,all,trrust_dorothea_union,5,2616,HDAC1,HLA-DRA,all_caliper_candidates_excluded,False
PBMC10k,all,trrust_dorothea_union,5,6469,USF1,B2M,all_caliper_candidates_excluded,False
PBMC10k,all,trrust_dorothea_union,5,1438,ELK4,FOS,all_caliper_candidates_excluded,False
PBMC10k,all,trrust_dorothea_union,5,3018,JUN,FOS,all_caliper_candidates_excluded,False
PBMC10k,all,trrust_dorothea_union,5,5735,STAT1,S100A11,all_caliper_candidates_excluded,False
PBMC10k,all,trrust_dorothea_union,5,3583,NFAT5,LTB,all_caliper_candidates_excluded,False
PBMC10k,all,trrust_dorothea_union,5,4700,SP1,FGL2,all_caliper_candidates_excluded,False
PBMC10k,all,trrust_dorothea_union,5,607,CIITA,HLA-DRA,all_caliper_candidates_excluded,False
PBMC10k,all,trrust_dorothea_union,5,3494,MYC,RPL27A,all_caliper_candidates_excluded,False
PBMC10k,all,trrust_dorothea_union,5,5035,SPI1,FYB1,caliper_candidates_exhausted_by_unique_constraint,False
PBMC10k,all,trrust_dorothea_union,5,5734,STAT1,S100A10,caliper_candidates_exhausted_by_unique_constraint,False
PBMC10k,all,trrust_dorothea_union,6,615,CIITA,S100A4,all_caliper_candidates_excluded,False
PBMC10k,all,trrust_dorothea_union,6,6039,STAT6,FOS,all_caliper_candidates_excluded,False
PBMC10k,all,trrust_dorothea_union,6,4020,RB1,FOS,all_caliper_candidates_excluded,False
PBMC10k,all,trrust_dorothea_union,6,3800,NFKBIA,S100A6,all_caliper_candidates_excluded,False
PBMC10k,all,trrust_dorothea_union,6,3979,PPARD,SAT1,all_caliper_candidates_excluded,False
PBMC10k,all,trrust_dorothea_union,6,75,ATF2,FOS,all_caliper_candidates_excluded,False
PBMC10k,all,trrust_dorothea_union,6,6153,TP53,ACTB,all_caliper_candidates_excluded,False
PBMC10k,all,trrust_dorothea_union,6,4745,SP1,LYZ,all_caliper_candidates_excluded,False
PBMC10k,all,trrust_dorothea_union,6,3951,POU2F2,HLA-DRA,all_caliper_candidates_excluded,False
PBMC10k,all,trrust_dorothea_union,6,2836,HMGN1,FOS,all_caliper_candidates_excluded,False
PBMC10k,all,trrust_dorothea_union,6,1809,ETS1,TMSB4X,all_caliper_candidates_excluded,False
PBMC10k,all,trrust_dorothea_union,6,571,CEBPB,GNLY,all_caliper_candidates_excluded,False
PBMC10k,all,trrust_dorothea_union,6,3834,NFYC,FOS,all_caliper_candidates_excluded,False
PBMC10k,all,trrust_dorothea_union,6,6791,ZBTB7A,FOS,all_caliper_candidates_excluded,False
PBMC10k,all,trrust_dorothea_union,6,6123,TCF7L2,VIM,all_caliper_candidates_excluded,False
PBMC10k,all,trrust_dorothea_union,6,1580,ETS1,EEF1A1,all_caliper_candidates_excluded,False
PBMC10k,all,trrust_dorothea_union,6,1013,CTNNB1,VIM,all_caliper_candidates_excluded,False
PBMC10k,all,trrust_dorothea_union,6,2735,HIF1A,GAPDH,all_caliper_candidates_excluded,False
PBMC10k,all,trrust_dorothea_union,6,607,CIITA,HLA-DRA,all_caliper_candidates_excluded,False
PBMC10k,all,trrust_dorothea_union,6,6805,ZEB2,VIM,all_caliper_candidates_excluded,False
PBMC10k,all,trrust_dorothea_union,6,5029,SPI1,FOS,all_caliper_candidates_excluded,False
PBMC10k,all,trrust_dorothea_union,6,1070,E2F4,ACTB,all_caliper_candidates_excluded,False
PBMC10k,all,trrust_dorothea_union,6,3487,MYC,RPL10,all_caliper_candidates_excluded,False
PBMC10k,all,trrust_dorothea_union,6,6427,TP53,VCAN,all_caliper_candidates_excluded,False
PBMC10k,all,trrust_dorothea_union,6,3018,JUN,FOS,all_caliper_candidates_excluded,False
PBMC10k,all,trrust_dorothea_union,6,467,CEBPA,S100A9,all_caliper_candidates_excluded,False
PBMC10k,all,trrust_dorothea_union,6,3569,NCOA6,FOS,all_caliper_candidates_excluded,False
PBMC10k,all,trrust_dorothea_union,6,568,CEBPB,FOS,all_caliper_candidates_excluded,False
PBMC10k,all,trrust_dorothea_union,6,4700,SP1,FGL2,all_caliper_candidates_excluded,False
PBMC10k,all,trrust_dorothea_union,6,5942,STAT3,FOS,all_caliper_candidates_excluded,False
PBMC10k,all,trrust_dorothea_union,6,3584,NFAT5,S100A4,all_caliper_candidates_excluded,False
PBMC10k,all,trrust_dorothea_union,6,5253,SPI1,TYROBP,all_caliper_candidates_excluded,False
PBMC10k,all,trrust_dorothea_union,6,4036,RBMX,FOS,all_caliper_candidates_excluded,False
PBMC10k,all,trrust_dorothea_union,6,6717,YY1,HLA-DRA,all_caliper_candidates_excluded,False
PBMC10k,all,trrust_dorothea_union,6,1417,ELK1,FOS,all_caliper_candidates_excluded,False
PBMC10k,all,trrust_dorothea_union,6,1460,EP300,S100A4,all_caliper_candidates_excluded,False
PBMC10k,all,trrust_dorothea_union,6,45,ARNT,FOS,all_caliper_candidates_excluded,False
PBMC10k,all,trrust_dorothea_union,6,4270,RFXAP,HLA-DRA,all_caliper_candidates_excluded,False
PBMC10k,all,trrust_dorothea_union,6,3898,PARP1,VIM,all_caliper_candidates_excluded,False
PBMC10k,all,trrust_dorothea_union,6,17,AHR,FOS,all_caliper_candidates_excluded,False
PBMC10k,all,trrust_dorothea_union,6,5978,STAT3,S100A11,all_caliper_candidates_excluded,False
PBMC10k,all,trrust_dorothea_union,6,6530,VDR,ACTB,all_caliper_candidates_excluded,False
PBMC10k,all,trrust_dorothea_union,6,3818,NFYB,ACTB,all_caliper_candidates_excluded,False
PBMC10k,all,trrust_dorothea_union,6,6062,TBP,FOS,all_caliper_candidates_excluded,False
PBMC10k,all,trrust_dorothea_union,6,4702,SP1,FOS,all_caliper_candidates_excluded,False
PBMC10k,all,trrust_dorothea_union,6,4854,SP1,VIM,all_caliper_candidates_excluded,False
PBMC10k,all,trrust_dorothea_union,6,1994,FOS,FOS,all_caliper_candidates_excluded,False
PBMC10k,all,trrust_dorothea_union,6,6058,TBP,ACTB,all_caliper_candidates_excluded,False
PBMC10k,all,trrust_dorothea_union,6,319,CEBPA,FGL2,all_caliper_candidates_excluded,False
PBMC10k,all,trrust_dorothea_union,6,1666,ETS1,LTB,all_caliper_candidates_excluded,False
PBMC10k,all,trrust_dorothea_union,6,1438,ELK4,FOS,all_caliper_candidates_excluded,False
PBMC10k,all,trrust_dorothea_union,6,703,CREM,FOS,all_caliper_candidates_excluded,False
PBMC10k,all,trrust_dorothea_union,6,3751,NFKB1,S100A6,all_caliper_candidates_excluded,False
PBMC10k,all,trrust_dorothea_union,6,1906,FLI1,FOS,all_caliper_candidates_excluded,False
PBMC10k,all,trrust_dorothea_union,6,2818,HIPK2,VIM,all_caliper_candidates_excluded,False
PBMC10k,all,trrust_dorothea_union,6,5319,SRF,FOS,all_caliper_candidates_excluded,False
PBMC10k,all,trrust_dorothea_union,6,4172,RELA,S100A6,all_caliper_candidates_excluded,False
PBMC10k,all,trrust_dorothea_union,6,2693,HDGF,VIM,all_caliper_candidates_excluded,False
PBMC10k,all,trrust_dorothea_union,6,4536,SFPQ,NEAT1,all_caliper_candidates_excluded,False
PBMC10k,all,trrust_dorothea_union,6,6247,TP53,FOS,all_caliper_candidates_excluded,False
PBMC10k,all,trrust_dorothea_union,6,3803,NFYA,ACTB,all_caliper_candidates_excluded,False
PBMC10k,all,trrust_dorothea_union,6,4612,SMARCA4,FOS,all_caliper_candidates_excluded,False
PBMC10k,all,trrust_dorothea_union,6,4985,SPI1,CTSS,all_caliper_candidates_excluded,False
PBMC10k,all,trrust_dorothea_union,6,6235,TP53,EEF1A1,all_caliper_candidates_excluded,False
PBMC10k,all,trrust_dorothea_union,6,4258,RFXANK,HLA-DRA,all_caliper_candidates_excluded,False
PBMC10k,all,trrust_dorothea_union,6,4917,SPI1,AIF1,all_caliper_candidates_excluded,False
PBMC10k,all,trrust_dorothea_union,6,1477,ETS1,ACTB,all_caliper_candidates_excluded,False
PBMC10k,all,trrust_dorothea_union,6,3583,NFAT5,LTB,all_caliper_candidates_excluded,False
PBMC10k,all,trrust_dorothea_union,6,6555,VDR,EEF1A1,all_caliper_candidates_excluded,False
PBMC10k,all,trrust_dorothea_union,6,6469,USF1,B2M,all_caliper_candidates_excluded,False
PBMC10k,all,trrust_dorothea_union,6,4091,RELA,CD74,all_caliper_candidates_excluded,False
PBMC10k,all,trrust_dorothea_union,6,646,CREB1,HLA-DRA,all_caliper_candidates_excluded,False
PBMC10k,all,trrust_dorothea_union,6,1602,ETS1,FOS,all_caliper_candidates_excluded,False
PBMC10k,all,trrust_dorothea_union,6,2864,HSF2,FOS,all_caliper_candidates_excluded,False
PBMC10k,all,trrust_dorothea_union,6,2807,HIF1A,VIM,all_caliper_candidates_excluded,False
PBMC10k,all,trrust_dorothea_union,6,587,CEBPD,GAPDH,all_caliper_candidates_excluded,False
PBMC10k,all,trrust_dorothea_union,6,4243,RFX5,HLA-DRA,all_caliper_candidates_excluded,False
PBMC10k,all,trrust_dorothea_union,6,1203,E2F4,LGALS1,all_caliper_candidates_excluded,False
PBMC10k,all,trrust_dorothea_union,6,3355,MYC,GAPDH,all_caliper_candidates_excluded,False
PBMC10k,all,trrust_dorothea_union,6,2839,HOPX,FOS,all_caliper_candidates_excluded,False
PBMC10k,all,trrust_dorothea_union,6,3061,JUN,VIM,all_caliper_candidates_excluded,False
PBMC10k,all,trrust_dorothea_union,6,3576,NF1,FOS,all_caliper_candidates_excluded,False
PBMC10k,all,trrust_dorothea_union,6,6106,TCF4,VCAN,all_caliper_candidates_excluded,False
PBMC10k,all,trrust_dorothea_union,6,6625,VDR,TPT1,all_caliper_candidates_excluded,False
PBMC10k,all,trrust_dorothea_union,6,579,CEBPB,S100A9,all_caliper_candidates_excluded,False
PBMC10k,all,trrust_dorothea_union,6,3941,POU2F1,HLA-DRA,all_caliper_candidates_excluded,False
PBMC10k,all,trrust_dorothea_union,6,6507,USF2,B2M,all_caliper_candidates_excluded,False
PBMC10k,all,trrust_dorothea_union,6,4938,SPI1,B2M,all_caliper_candidates_excluded,False
PBMC10k,all,trrust_dorothea_union,6,5344,STAT1,ACTB,all_caliper_candidates_excluded,False
PBMC10k,all,trrust_dorothea_union,6,3806,NFYA,CD74,all_caliper_candidates_excluded,False
PBMC10k,all,trrust_dorothea_union,6,3488,MYC,RPL13,all_caliper_candidates_excluded,False
PBMC10k,all,trrust_dorothea_union,6,2616,HDAC1,HLA-DRA,all_caliper_candidates_excluded,False
PBMC10k,all,trrust_dorothea_union,6,2878,ILF3,HLA-DRA,all_caliper_candidates_excluded,False
PBMC10k,all,trrust_dorothea_union,6,633,CREB1,CD74,all_caliper_candidates_excluded,False
PBMC10k,all,trrust_dorothea_union,6,3411,MYC,LTB,all_caliper_candidates_excluded,False
PBMC10k,all,trrust_dorothea_union,6,6815,ZNF148,VIM,all_caliper_candidates_excluded,False
PBMC10k,all,trrust_dorothea_union,6,5481,STAT1,FOS,all_caliper_candidates_excluded,False
PBMC10k,all,trrust_dorothea_union,6,2569,GATA3,TMSB4X,all_caliper_candidates_excluded,False
PBMC10k,all,trrust_dorothea_union,6,5735,STAT1,S100A11,all_caliper_candidates_excluded,False
PBMC10k,all,trrust_dorothea_union,6,3825,NFYB,FOS,all_caliper_candidates_excluded,False
PBMC10k,all,trrust_dorothea_union,6,331,CEBPA,GAPDH,all_caliper_candidates_excluded,False
PBMC10k,all,trrust_dorothea_union,6,3646,NFKB1,B2M,all_caliper_candidates_excluded,False
PBMC10k,all,trrust_dorothea_union,6,3494,MYC,RPL27A,all_caliper_candidates_excluded,False
PBMC10k,all,trrust_dorothea_union,6,694,CREBBP,S100A4,all_caliper_candidates_excluded,False
PBMC10k,all,trrust_dorothea_union,6,3820,NFYB,CD74,all_caliper_candidates_excluded,False
PBMC10k,all,trrust_dorothea_union,6,2009,FOS,HLA-DRA,all_caliper_candidates_excluded,False
PBMC10k,all,trrust_dorothea_union,6,6001,STAT4,S100A4,all_caliper_candidates_excluded,False
PBMC10k,all,trrust_dorothea_union,6,2753,HIF1A,LGALS1,all_caliper_candidates_excluded,False
PBMC10k,all,trrust_dorothea_union,6,640,CREB1,FOS,all_caliper_candidates_excluded,False
PBMC10k,all,trrust_dorothea_union,6,5315,SRF,ACTB,all_caliper_candidates_excluded,False
PBMC10k,all,trrust_dorothea_union,6,4232,RFX5,CD74,all_caliper_candidates_excluded,False
PBMC10k,all,trrust_dorothea_union,6,2615,HDAC1,FOS,all_caliper_candidates_excluded,False
PBMC10k,all,trrust_dorothea_union,6,3673,NFKB1,CD74,all_caliper_candidates_excluded,False
PBMC10k,all,trrust_dorothea_union,6,3777,NFKB1,VIM,all_caliper_candidates_excluded,False
PBMC10k,all,trrust_dorothea_union,6,4221,RFX1,HLA-DRA,all_caliper_candidates_excluded,False
PBMC10k,all,trrust_dorothea_union,6,6492,USF1,S100A6,all_caliper_candidates_excluded,False
PBMC10k,all,trrust_dorothea_union,6,6107,TCF4,VIM,all_caliper_candidates_excluded,False
PBMC10k,all,trrust_dorothea_union,6,1865,ETS2,FOS,all_caliper_candidates_excluded,False
PBMC10k,all,trrust_dorothea_union,6,1437,ELK3,FOS,all_caliper_candidates_excluded,False
PBMC10k,all,trrust_dorothea_union,6,5035,SPI1,FYB1,caliper_candidates_exhausted_by_unique_constraint,False
PBMC10k,all,trrust_dorothea_union,6,5487,STAT1,FYB1,caliper_candidates_exhausted_by_unique_constraint,False
PBMC10k,all,trrust_dorothea_union,7,1417,ELK1,FOS,all_caliper_candidates_excluded,False
PBMC10k,all,trrust_dorothea_union,7,4700,SP1,FGL2,all_caliper_candidates_excluded,False
PBMC10k,all,trrust_dorothea_union,7,571,CEBPB,GNLY,all_caliper_candidates_excluded,False
PBMC10k,all,trrust_dorothea_union,7,4917,SPI1,AIF1,all_caliper_candidates_excluded,False
PBMC10k,all,trrust_dorothea_union,7,3583,NFAT5,LTB,all_caliper_candidates_excluded,False
PBMC10k,all,trrust_dorothea_union,7,2616,HDAC1,HLA-DRA,all_caliper_candidates_excluded,False
PBMC10k,all,trrust_dorothea_union,7,5319,SRF,FOS,all_caliper_candidates_excluded,False
PBMC10k,all,trrust_dorothea_union,7,607,CIITA,HLA-DRA,all_caliper_candidates_excluded,False
PBMC10k,all,trrust_dorothea_union,7,5942,STAT3,FOS,all_caliper_candidates_excluded,False
PBMC10k,all,trrust_dorothea_union,7,6153,TP53,ACTB,all_caliper_candidates_excluded,False
PBMC10k,all,trrust_dorothea_union,7,3569,NCOA6,FOS,all_caliper_candidates_excluded,False
PBMC10k,all,trrust_dorothea_union,7,694,CREBBP,S100A4,all_caliper_candidates_excluded,False
PBMC10k,all,trrust_dorothea_union,7,646,CREB1,HLA-DRA,all_caliper_candidates_excluded,False
PBMC10k,all,trrust_dorothea_union,7,6039,STAT6,FOS,all_caliper_candidates_excluded,False
PBMC10k,all,trrust_dorothea_union,7,2735,HIF1A,GAPDH,all_caliper_candidates_excluded,False
PBMC10k,all,trrust_dorothea_union,7,5029,SPI1,FOS,all_caliper_candidates_excluded,False
PBMC10k,all,trrust_dorothea_union,7,1580,ETS1,EEF1A1,all_caliper_candidates_excluded,False
PBMC10k,all,trrust_dorothea_union,7,6123,TCF7L2,VIM,all_caliper_candidates_excluded,False
PBMC10k,all,trrust_dorothea_union,7,4702,SP1,FOS,all_caliper_candidates_excluded,False
PBMC10k,all,trrust_dorothea_union,7,3941,POU2F1,HLA-DRA,all_caliper_candidates_excluded,False
PBMC10k,all,trrust_dorothea_union,7,3646,NFKB1,B2M,all_caliper_candidates_excluded,False
PBMC10k,all,trrust_dorothea_union,7,587,CEBPD,GAPDH,all_caliper_candidates_excluded,False
PBMC10k,all,trrust_dorothea_union,7,6001,STAT4,S100A4,all_caliper_candidates_excluded,False
PBMC10k,all,trrust_dorothea_union,7,3803,NFYA,ACTB,all_caliper_candidates_excluded,False
PBMC10k,all,trrust_dorothea_union,7,1809,ETS1,TMSB4X,all_caliper_candidates_excluded,False
PBMC10k,all,trrust_dorothea_union,7,75,ATF2,FOS,all_caliper_candidates_excluded,False
PBMC10k,all,trrust_dorothea_union,7,6247,TP53,FOS,all_caliper_candidates_excluded,False
PBMC10k,all,trrust_dorothea_union,7,17,AHR,FOS,all_caliper_candidates_excluded,False
PBMC10k,all,trrust_dorothea_union,7,1460,EP300,S100A4,all_caliper_candidates_excluded,False
PBMC10k,all,trrust_dorothea_union,7,6235,TP53,EEF1A1,all_caliper_candidates_excluded,False
PBMC10k,all,trrust_dorothea_union,7,5315,SRF,ACTB,all_caliper_candidates_excluded,False
PBMC10k,all,trrust_dorothea_union,7,4270,RFXAP,HLA-DRA,all_caliper_candidates_excluded,False
PBMC10k,all,trrust_dorothea_union,7,6107,TCF4,VIM,all_caliper_candidates_excluded,False
PBMC10k,all,trrust_dorothea_union,7,6106,TCF4,VCAN,all_caliper_candidates_excluded,False
PBMC10k,all,trrust_dorothea_union,7,3818,NFYB,ACTB,all_caliper_candidates_excluded,False
PBMC10k,all,trrust_dorothea_union,7,3584,NFAT5,S100A4,all_caliper_candidates_excluded,False
PBMC10k,all,trrust_dorothea_union,7,1203,E2F4,LGALS1,all_caliper_candidates_excluded,False
PBMC10k,all,trrust_dorothea_union,7,4243,RFX5,HLA-DRA,all_caliper_candidates_excluded,False
PBMC10k,all,trrust_dorothea_union,7,4036,RBMX,FOS,all_caliper_candidates_excluded,False
PBMC10k,all,trrust_dorothea_union,7,6717,YY1,HLA-DRA,all_caliper_candidates_excluded,False
PBMC10k,all,trrust_dorothea_union,7,4091,RELA,CD74,all_caliper_candidates_excluded,False
PBMC10k,all,trrust_dorothea_union,7,4232,RFX5,CD74,all_caliper_candidates_excluded,False
PBMC10k,all,trrust_dorothea_union,7,3898,PARP1,VIM,all_caliper_candidates_excluded,False
PBMC10k,all,trrust_dorothea_union,7,6625,VDR,TPT1,all_caliper_candidates_excluded,False
PBMC10k,all,trrust_dorothea_union,7,4536,SFPQ,NEAT1,all_caliper_candidates_excluded,False
PBMC10k,all,trrust_dorothea_union,7,2839,HOPX,FOS,all_caliper_candidates_excluded,False
PBMC10k,all,trrust_dorothea_union,7,2818,HIPK2,VIM,all_caliper_candidates_excluded,False
PBMC10k,all,trrust_dorothea_union,7,6058,TBP,ACTB,all_caliper_candidates_excluded,False
PBMC10k,all,trrust_dorothea_union,7,467,CEBPA,S100A9,all_caliper_candidates_excluded,False
PBMC10k,all,trrust_dorothea_union,7,6062,TBP,FOS,all_caliper_candidates_excluded,False
PBMC10k,all,trrust_dorothea_union,7,1666,ETS1,LTB,all_caliper_candidates_excluded,False
PBMC10k,all,trrust_dorothea_union,7,4985,SPI1,CTSS,all_caliper_candidates_excluded,False
PBMC10k,all,trrust_dorothea_union,7,3673,NFKB1,CD74,all_caliper_candidates_excluded,False
PBMC10k,all,trrust_dorothea_union,7,3751,NFKB1,S100A6,all_caliper_candidates_excluded,False
PBMC10k,all,trrust_dorothea_union,7,5344,STAT1,ACTB,all_caliper_candidates_excluded,False
PBMC10k,all,trrust_dorothea_union,7,45,ARNT,FOS,all_caliper_candidates_excluded,False
PBMC10k,all,trrust_dorothea_union,7,2753,HIF1A,LGALS1,all_caliper_candidates_excluded,False
PBMC10k,all,trrust_dorothea_union,7,3494,MYC,RPL27A,all_caliper_candidates_excluded,False
PBMC10k,all,trrust_dorothea_union,7,3488,MYC,RPL13,all_caliper_candidates_excluded,False
PBMC10k,all,trrust_dorothea_union,7,2693,HDGF,VIM,all_caliper_candidates_excluded,False
PBMC10k,all,trrust_dorothea_union,7,3018,JUN,FOS,all_caliper_candidates_excluded,False
PBMC10k,all,trrust_dorothea_union,7,6492,USF1,S100A6,all_caliper_candidates_excluded,False
PBMC10k,all,trrust_dorothea_union,7,3806,NFYA,CD74,all_caliper_candidates_excluded,False
PBMC10k,all,trrust_dorothea_union,7,633,CREB1,CD74,all_caliper_candidates_excluded,False
PBMC10k,all,trrust_dorothea_union,7,5481,STAT1,FOS,all_caliper_candidates_excluded,False
PBMC10k,all,trrust_dorothea_union,7,4221,RFX1,HLA-DRA,all_caliper_candidates_excluded,False
PBMC10k,all,trrust_dorothea_union,7,4612,SMARCA4,FOS,all_caliper_candidates_excluded,False
PBMC10k,all,trrust_dorothea_union,7,6805,ZEB2,VIM,all_caliper_candidates_excluded,False
PBMC10k,all,trrust_dorothea_union,7,4172,RELA,S100A6,all_caliper_candidates_excluded,False
PBMC10k,all,trrust_dorothea_union,7,6555,VDR,EEF1A1,all_caliper_candidates_excluded,False
PBMC10k,all,trrust_dorothea_union,7,1477,ETS1,ACTB,all_caliper_candidates_excluded,False
PBMC10k,all,trrust_dorothea_union,7,6427,TP53,VCAN,all_caliper_candidates_excluded,False
PBMC10k,all,trrust_dorothea_union,7,3411,MYC,LTB,all_caliper_candidates_excluded,False
PBMC10k,all,trrust_dorothea_union,7,1438,ELK4,FOS,all_caliper_candidates_excluded,False
PBMC10k,all,trrust_dorothea_union,7,3820,NFYB,CD74,all_caliper_candidates_excluded,False
PBMC10k,all,trrust_dorothea_union,7,6815,ZNF148,VIM,all_caliper_candidates_excluded,False
PBMC10k,all,trrust_dorothea_union,7,2878,ILF3,HLA-DRA,all_caliper_candidates_excluded,False
PBMC10k,all,trrust_dorothea_union,7,1906,FLI1,FOS,all_caliper_candidates_excluded,False
PBMC10k,all,trrust_dorothea_union,7,6530,VDR,ACTB,all_caliper_candidates_excluded,False
PBMC10k,all,trrust_dorothea_union,7,3979,PPARD,SAT1,all_caliper_candidates_excluded,False
PBMC10k,all,trrust_dorothea_union,7,4020,RB1,FOS,all_caliper_candidates_excluded,False
PBMC10k,all,trrust_dorothea_union,7,6507,USF2,B2M,all_caliper_candidates_excluded,False
PBMC10k,all,trrust_dorothea_union,7,3834,NFYC,FOS,all_caliper_candidates_excluded,False
PBMC10k,all,trrust_dorothea_union,7,2569,GATA3,TMSB4X,all_caliper_candidates_excluded,False
PBMC10k,all,trrust_dorothea_union,7,4258,RFXANK,HLA-DRA,all_caliper_candidates_excluded,False
PBMC10k,all,trrust_dorothea_union,7,4938,SPI1,B2M,all_caliper_candidates_excluded,False
PBMC10k,all,trrust_dorothea_union,7,1994,FOS,FOS,all_caliper_candidates_excluded,False
PBMC10k,all,trrust_dorothea_union,7,2864,HSF2,FOS,all_caliper_candidates_excluded,False
PBMC10k,all,trrust_dorothea_union,7,319,CEBPA,FGL2,all_caliper_candidates_excluded,False
PBMC10k,all,trrust_dorothea_union,7,3355,MYC,GAPDH,all_caliper_candidates_excluded,False
PBMC10k,all,trrust_dorothea_union,7,2615,HDAC1,FOS,all_caliper_candidates_excluded,False
PBMC10k,all,trrust_dorothea_union,7,3487,MYC,RPL10,all_caliper_candidates_excluded,False
PBMC10k,all,trrust_dorothea_union,7,4745,SP1,LYZ,all_caliper_candidates_excluded,False
PBMC10k,all,trrust_dorothea_union,7,3825,NFYB,FOS,all_caliper_candidates_excluded,False
PBMC10k,all,trrust_dorothea_union,7,4854,SP1,VIM,all_caliper_candidates_excluded,False
PBMC10k,all,trrust_dorothea_union,7,331,CEBPA,GAPDH,all_caliper_candidates_excluded,False
PBMC10k,all,trrust_dorothea_union,7,3061,JUN,VIM,all_caliper_candidates_excluded,False
PBMC10k,all,trrust_dorothea_union,7,2836,HMGN1,FOS,all_caliper_candidates_excluded,False
PBMC10k,all,trrust_dorothea_union,7,1865,ETS2,FOS,all_caliper_candidates_excluded,False
PBMC10k,all,trrust_dorothea_union,7,3576,NF1,FOS,all_caliper_candidates_excluded,False
PBMC10k,all,trrust_dorothea_union,7,3800,NFKBIA,S100A6,all_caliper_candidates_excluded,False
PBMC10k,all,trrust_dorothea_union,7,6469,USF1,B2M,all_caliper_candidates_excluded,False
PBMC10k,all,trrust_dorothea_union,7,615,CIITA,S100A4,all_caliper_candidates_excluded,False
PBMC10k,all,trrust_dorothea_union,7,2807,HIF1A,VIM,all_caliper_candidates_excluded,False
PBMC10k,all,trrust_dorothea_union,7,1070,E2F4,ACTB,all_caliper_candidates_excluded,False
PBMC10k,all,trrust_dorothea_union,7,3777,NFKB1,VIM,all_caliper_candidates_excluded,False
PBMC10k,all,trrust_dorothea_union,7,1013,CTNNB1,VIM,all_caliper_candidates_excluded,False
PBMC10k,all,trrust_dorothea_union,7,568,CEBPB,FOS,all_caliper_candidates_excluded,False
PBMC10k,all,trrust_dorothea_union,7,579,CEBPB,S100A9,all_caliper_candidates_excluded,False
PBMC10k,all,trrust_dorothea_union,7,3951,POU2F2,HLA-DRA,all_caliper_candidates_excluded,False
PBMC10k,all,trrust_dorothea_union,7,6791,ZBTB7A,FOS,all_caliper_candidates_excluded,False
PBMC10k,all,trrust_dorothea_union,7,640,CREB1,FOS,all_caliper_candidates_excluded,False
PBMC10k,all,trrust_dorothea_union,7,5978,STAT3,S100A11,all_caliper_candidates_excluded,False
PBMC10k,all,trrust_dorothea_union,7,1437,ELK3,FOS,all_caliper_candidates_excluded,False
PBMC10k,all,trrust_dorothea_union,7,5253,SPI1,TYROBP,all_caliper_candidates_excluded,False
PBMC10k,all,trrust_dorothea_union,7,1602,ETS1,FOS,all_caliper_candidates_excluded,False
PBMC10k,all,trrust_dorothea_union,7,2009,FOS,HLA-DRA,all_caliper_candidates_excluded,False
PBMC10k,all,trrust_dorothea_union,7,703,CREM,FOS,all_caliper_candidates_excluded,False
PBMC10k,all,trrust_dorothea_union,7,5735,STAT1,S100A11,all_caliper_candidates_excluded,False
PBMC10k,all,trrust_dorothea_union,7,5080,SPI1,LCP1,caliper_candidates_exhausted_by_unique_constraint,False
PBMC10k,all,trrust_dorothea_union,7,5487,STAT1,FYB1,caliper_candidates_exhausted_by_unique_constraint,False
PBMC10k,all,trrust_dorothea_union,8,6123,TCF7L2,VIM,all_caliper_candidates_excluded,False
PBMC10k,all,trrust_dorothea_union,8,3951,POU2F2,HLA-DRA,all_caliper_candidates_excluded,False
PBMC10k,all,trrust_dorothea_union,8,1994,FOS,FOS,all_caliper_candidates_excluded,False
PBMC10k,all,trrust_dorothea_union,8,6427,TP53,VCAN,all_caliper_candidates_excluded,False
PBMC10k,all,trrust_dorothea_union,8,3825,NFYB,FOS,all_caliper_candidates_excluded,False
PBMC10k,all,trrust_dorothea_union,8,703,CREM,FOS,all_caliper_candidates_excluded,False
PBMC10k,all,trrust_dorothea_union,8,467,CEBPA,S100A9,all_caliper_candidates_excluded,False
PBMC10k,all,trrust_dorothea_union,8,1203,E2F4,LGALS1,all_caliper_candidates_excluded,False
PBMC10k,all,trrust_dorothea_union,8,640,CREB1,FOS,all_caliper_candidates_excluded,False
PBMC10k,all,trrust_dorothea_union,8,6625,VDR,TPT1,all_caliper_candidates_excluded,False
PBMC10k,all,trrust_dorothea_union,8,5319,SRF,FOS,all_caliper_candidates_excluded,False
PBMC10k,all,trrust_dorothea_union,8,3834,NFYC,FOS,all_caliper_candidates_excluded,False
PBMC10k,all,trrust_dorothea_union,8,3018,JUN,FOS,all_caliper_candidates_excluded,False
PBMC10k,all,trrust_dorothea_union,8,579,CEBPB,S100A9,all_caliper_candidates_excluded,False
PBMC10k,all,trrust_dorothea_union,8,2616,HDAC1,HLA-DRA,all_caliper_candidates_excluded,False
PBMC10k,all,trrust_dorothea_union,8,6247,TP53,FOS,all_caliper_candidates_excluded,False
PBMC10k,all,trrust_dorothea_union,8,6530,VDR,ACTB,all_caliper_candidates_excluded,False
PBMC10k,all,trrust_dorothea_union,8,4270,RFXAP,HLA-DRA,all_caliper_candidates_excluded,False
PBMC10k,all,trrust_dorothea_union,8,6039,STAT6,FOS,all_caliper_candidates_excluded,False
PBMC10k,all,trrust_dorothea_union,8,3646,NFKB1,B2M,all_caliper_candidates_excluded,False
PBMC10k,all,trrust_dorothea_union,8,1438,ELK4,FOS,all_caliper_candidates_excluded,False
PBMC10k,all,trrust_dorothea_union,8,694,CREBBP,S100A4,all_caliper_candidates_excluded,False
PBMC10k,all,trrust_dorothea_union,8,6469,USF1,B2M,all_caliper_candidates_excluded,False
PBMC10k,all,trrust_dorothea_union,8,5253,SPI1,TYROBP,all_caliper_candidates_excluded,False
PBMC10k,all,trrust_dorothea_union,8,3576,NF1,FOS,all_caliper_candidates_excluded,False
PBMC10k,all,trrust_dorothea_union,8,1666,ETS1,LTB,all_caliper_candidates_excluded,False
PBMC10k,all,trrust_dorothea_union,8,3355,MYC,GAPDH,all_caliper_candidates_excluded,False
PBMC10k,all,trrust_dorothea_union,8,2864,HSF2,FOS,all_caliper_candidates_excluded,False
PBMC10k,all,trrust_dorothea_union,8,1070,E2F4,ACTB,all_caliper_candidates_excluded,False
PBMC10k,all,trrust_dorothea_union,8,1417,ELK1,FOS,all_caliper_candidates_excluded,False
PBMC10k,all,trrust_dorothea_union,8,4745,SP1,LYZ,all_caliper_candidates_excluded,False
PBMC10k,all,trrust_dorothea_union,8,1580,ETS1,EEF1A1,all_caliper_candidates_excluded,False
PBMC10k,all,trrust_dorothea_union,8,646,CREB1,HLA-DRA,all_caliper_candidates_excluded,False
PBMC10k,all,trrust_dorothea_union,8,3487,MYC,RPL10,all_caliper_candidates_excluded,False
PBMC10k,all,trrust_dorothea_union,8,5481,STAT1,FOS,all_caliper_candidates_excluded,False
PBMC10k,all,trrust_dorothea_union,8,3818,NFYB,ACTB,all_caliper_candidates_excluded,False
PBMC10k,all,trrust_dorothea_union,8,3411,MYC,LTB,all_caliper_candidates_excluded,False
PBMC10k,all,trrust_dorothea_union,8,6106,TCF4,VCAN,all_caliper_candidates_excluded,False
PBMC10k,all,trrust_dorothea_union,8,6235,TP53,EEF1A1,all_caliper_candidates_excluded,False
PBMC10k,all,trrust_dorothea_union,8,3061,JUN,VIM,all_caliper_candidates_excluded,False
PBMC10k,all,trrust_dorothea_union,8,2753,HIF1A,LGALS1,all_caliper_candidates_excluded,False
PBMC10k,all,trrust_dorothea_union,8,1809,ETS1,TMSB4X,all_caliper_candidates_excluded,False
PBMC10k,all,trrust_dorothea_union,8,1437,ELK3,FOS,all_caliper_candidates_excluded,False
PBMC10k,all,trrust_dorothea_union,8,3777,NFKB1,VIM,all_caliper_candidates_excluded,False
PBMC10k,all,trrust_dorothea_union,8,571,CEBPB,GNLY,all_caliper_candidates_excluded,False
PBMC10k,all,trrust_dorothea_union,8,4985,SPI1,CTSS,all_caliper_candidates_excluded,False
PBMC10k,all,trrust_dorothea_union,8,3941,POU2F1,HLA-DRA,all_caliper_candidates_excluded,False
PBMC10k,all,trrust_dorothea_union,8,331,CEBPA,GAPDH,all_caliper_candidates_excluded,False
PBMC10k,all,trrust_dorothea_union,8,587,CEBPD,GAPDH,all_caliper_candidates_excluded,False
PBMC10k,all,trrust_dorothea_union,8,4243,RFX5,HLA-DRA,all_caliper_candidates_excluded,False
PBMC10k,all,trrust_dorothea_union,8,2839,HOPX,FOS,all_caliper_candidates_excluded,False
PBMC10k,all,trrust_dorothea_union,8,5029,SPI1,FOS,all_caliper_candidates_excluded,False
PBMC10k,all,trrust_dorothea_union,8,4612,SMARCA4,FOS,all_caliper_candidates_excluded,False
PBMC10k,all,trrust_dorothea_union,8,3979,PPARD,SAT1,all_caliper_candidates_excluded,False
PBMC10k,all,trrust_dorothea_union,8,17,AHR,FOS,all_caliper_candidates_excluded,False
PBMC10k,all,trrust_dorothea_union,8,4020,RB1,FOS,all_caliper_candidates_excluded,False
PBMC10k,all,trrust_dorothea_union,8,633,CREB1,CD74,all_caliper_candidates_excluded,False
PBMC10k,all,trrust_dorothea_union,8,3673,NFKB1,CD74,all_caliper_candidates_excluded,False
PBMC10k,all,trrust_dorothea_union,8,4172,RELA,S100A6,all_caliper_candidates_excluded,False
PBMC10k,all,trrust_dorothea_union,8,5735,STAT1,S100A11,all_caliper_candidates_excluded,False
PBMC10k,all,trrust_dorothea_union,8,2807,HIF1A,VIM,all_caliper_candidates_excluded,False
PBMC10k,all,trrust_dorothea_union,8,2009,FOS,HLA-DRA,all_caliper_candidates_excluded,False
PBMC10k,all,trrust_dorothea_union,8,2615,HDAC1,FOS,all_caliper_candidates_excluded,False
PBMC10k,all,trrust_dorothea_union,8,3488,MYC,RPL13,all_caliper_candidates_excluded,False
PBMC10k,all,trrust_dorothea_union,8,4258,RFXANK,HLA-DRA,all_caliper_candidates_excluded,False
PBMC10k,all,trrust_dorothea_union,8,3583,NFAT5,LTB,all_caliper_candidates_excluded,False
PBMC10k,all,trrust_dorothea_union,8,2878,ILF3,HLA-DRA,all_caliper_candidates_excluded,False
PBMC10k,all,trrust_dorothea_union,8,4091,RELA,CD74,all_caliper_candidates_excluded,False
PBMC10k,all,trrust_dorothea_union,8,4232,RFX5,CD74,all_caliper_candidates_excluded,False
PBMC10k,all,trrust_dorothea_union,8,5978,STAT3,S100A11,all_caliper_candidates_excluded,False
PBMC10k,all,trrust_dorothea_union,8,1906,FLI1,FOS,all_caliper_candidates_excluded,False
PBMC10k,all,trrust_dorothea_union,8,615,CIITA,S100A4,all_caliper_candidates_excluded,False
PBMC10k,all,trrust_dorothea_union,8,6791,ZBTB7A,FOS,all_caliper_candidates_excluded,False
PBMC10k,all,trrust_dorothea_union,8,2735,HIF1A,GAPDH,all_caliper_candidates_excluded,False
PBMC10k,all,trrust_dorothea_union,8,75,ATF2,FOS,all_caliper_candidates_excluded,False
PBMC10k,all,trrust_dorothea_union,8,319,CEBPA,FGL2,all_caliper_candidates_excluded,False
PBMC10k,all,trrust_dorothea_union,8,5344,STAT1,ACTB,all_caliper_candidates_excluded,False
PBMC10k,all,trrust_dorothea_union,8,6062,TBP,FOS,all_caliper_candidates_excluded,False
PBMC10k,all,trrust_dorothea_union,8,6492,USF1,S100A6,all_caliper_candidates_excluded,False
PBMC10k,all,trrust_dorothea_union,8,607,CIITA,HLA-DRA,all_caliper_candidates_excluded,False
PBMC10k,all,trrust_dorothea_union,8,6153,TP53,ACTB,all_caliper_candidates_excluded,False
PBMC10k,all,trrust_dorothea_union,8,6058,TBP,ACTB,all_caliper_candidates_excluded,False
PBMC10k,all,trrust_dorothea_union,8,3800,NFKBIA,S100A6,all_caliper_candidates_excluded,False
PBMC10k,all,trrust_dorothea_union,8,6555,VDR,EEF1A1,all_caliper_candidates_excluded,False
PBMC10k,all,trrust_dorothea_union,8,3751,NFKB1,S100A6,all_caliper_candidates_excluded,False
PBMC10k,all,trrust_dorothea_union,8,1477,ETS1,ACTB,all_caliper_candidates_excluded,False
PBMC10k,all,trrust_dorothea_union,8,4702,SP1,FOS,all_caliper_candidates_excluded,False
PBMC10k,all,trrust_dorothea_union,8,1602,ETS1,FOS,all_caliper_candidates_excluded,False
PBMC10k,all,trrust_dorothea_union,8,4938,SPI1,B2M,all_caliper_candidates_excluded,False
PBMC10k,all,trrust_dorothea_union,8,4536,SFPQ,NEAT1,all_caliper_candidates_excluded,False
PBMC10k,all,trrust_dorothea_union,8,5315,SRF,ACTB,all_caliper_candidates_excluded,False
PBMC10k,all,trrust_dorothea_union,8,3806,NFYA,CD74,all_caliper_candidates_excluded,False
PBMC10k,all,trrust_dorothea_union,8,45,ARNT,FOS,all_caliper_candidates_excluded,False
PBMC10k,all,trrust_dorothea_union,8,2569,GATA3,TMSB4X,all_caliper_candidates_excluded,False
PBMC10k,all,trrust_dorothea_union,8,5942,STAT3,FOS,all_caliper_candidates_excluded,False
PBMC10k,all,trrust_dorothea_union,8,6717,YY1,HLA-DRA,all_caliper_candidates_excluded,False
PBMC10k,all,trrust_dorothea_union,8,2693,HDGF,VIM,all_caliper_candidates_excluded,False
PBMC10k,all,trrust_dorothea_union,8,4854,SP1,VIM,all_caliper_candidates_excluded,False
PBMC10k,all,trrust_dorothea_union,8,1460,EP300,S100A4,all_caliper_candidates_excluded,False
PBMC10k,all,trrust_dorothea_union,8,6805,ZEB2,VIM,all_caliper_candidates_excluded,False
PBMC10k,all,trrust_dorothea_union,8,4036,RBMX,FOS,all_caliper_candidates_excluded,False
PBMC10k,all,trrust_dorothea_union,8,6001,STAT4,S100A4,all_caliper_candidates_excluded,False
PBMC10k,all,trrust_dorothea_union,8,1865,ETS2,FOS,all_caliper_candidates_excluded,False
PBMC10k,all,trrust_dorothea_union,8,568,CEBPB,FOS,all_caliper_candidates_excluded,False
PBMC10k,all,trrust_dorothea_union,8,6815,ZNF148,VIM,all_caliper_candidates_excluded,False
PBMC10k,all,trrust_dorothea_union,8,6507,USF2,B2M,all_caliper_candidates_excluded,False
PBMC10k,all,trrust_dorothea_union,8,6107,TCF4,VIM,all_caliper_candidates_excluded,False
PBMC10k,all,trrust_dorothea_union,8,3569,NCOA6,FOS,all_caliper_candidates_excluded,False
PBMC10k,all,trrust_dorothea_union,8,1013,CTNNB1,VIM,all_caliper_candidates_excluded,False
PBMC10k,all,trrust_dorothea_union,8,2818,HIPK2,VIM,all_caliper_candidates_excluded,False
PBMC10k,all,trrust_dorothea_union,8,3820,NFYB,CD74,all_caliper_candidates_excluded,False
PBMC10k,all,trrust_dorothea_union,8,3898,PARP1,VIM,all_caliper_candidates_excluded,False
PBMC10k,all,trrust_dorothea_union,8,3494,MYC,RPL27A,all_caliper_candidates_excluded,False
PBMC10k,all,trrust_dorothea_union,8,4700,SP1,FGL2,all_caliper_candidates_excluded,False
PBMC10k,all,trrust_dorothea_union,8,3803,NFYA,ACTB,all_caliper_candidates_excluded,False
PBMC10k,all,trrust_dorothea_union,8,3584,NFAT5,S100A4,all_caliper_candidates_excluded,False
PBMC10k,all,trrust_dorothea_union,8,4221,RFX1,HLA-DRA,all_caliper_candidates_excluded,False
PBMC10k,all,trrust_dorothea_union,8,2836,HMGN1,FOS,all_caliper_candidates_excluded,False
PBMC10k,all,trrust_dorothea_union,8,4917,SPI1,AIF1,all_caliper_candidates_excluded,False
PBMC10k,all,trrust_dorothea_union,8,5487,STAT1,FYB1,caliper_candidates_exhausted_by_unique_constraint,False
PBMC10k,all,trrust_dorothea_union,8,5080,SPI1,LCP1,caliper_candidates_exhausted_by_unique_constraint,False
PBMC10k,all,trrust_dorothea_union,9,568,CEBPB,FOS,all_caliper_candidates_excluded,False
PBMC10k,all,trrust_dorothea_union,9,6530,VDR,ACTB,all_caliper_candidates_excluded,False
PBMC10k,all,trrust_dorothea_union,9,3061,JUN,VIM,all_caliper_candidates_excluded,False
PBMC10k,all,trrust_dorothea_union,9,3818,NFYB,ACTB,all_caliper_candidates_excluded,False
PBMC10k,all,trrust_dorothea_union,9,3751,NFKB1,S100A6,all_caliper_candidates_excluded,False
PBMC10k,all,trrust_dorothea_union,9,615,CIITA,S100A4,all_caliper_candidates_excluded,False
PBMC10k,all,trrust_dorothea_union,9,4700,SP1,FGL2,all_caliper_candidates_excluded,False
PBMC10k,all,trrust_dorothea_union,9,4172,RELA,S100A6,all_caliper_candidates_excluded,False
PBMC10k,all,trrust_dorothea_union,9,319,CEBPA,FGL2,all_caliper_candidates_excluded,False
PBMC10k,all,trrust_dorothea_union,9,640,CREB1,FOS,all_caliper_candidates_excluded,False
PBMC10k,all,trrust_dorothea_union,9,1865,ETS2,FOS,all_caliper_candidates_excluded,False
PBMC10k,all,trrust_dorothea_union,9,1203,E2F4,LGALS1,all_caliper_candidates_excluded,False
PBMC10k,all,trrust_dorothea_union,9,4536,SFPQ,NEAT1,all_caliper_candidates_excluded,False
PBMC10k,all,trrust_dorothea_union,9,75,ATF2,FOS,all_caliper_candidates_excluded,False
PBMC10k,all,trrust_dorothea_union,9,3018,JUN,FOS,all_caliper_candidates_excluded,False
PBMC10k,all,trrust_dorothea_union,9,694,CREBBP,S100A4,all_caliper_candidates_excluded,False
PBMC10k,all,trrust_dorothea_union,9,6001,STAT4,S100A4,all_caliper_candidates_excluded,False
PBMC10k,all,trrust_dorothea_union,9,6507,USF2,B2M,all_caliper_candidates_excluded,False
PBMC10k,all,trrust_dorothea_union,9,1438,ELK4,FOS,all_caliper_candidates_excluded,False
PBMC10k,all,trrust_dorothea_union,9,6123,TCF7L2,VIM,all_caliper_candidates_excluded,False
PBMC10k,all,trrust_dorothea_union,9,2615,HDAC1,FOS,all_caliper_candidates_excluded,False
PBMC10k,all,trrust_dorothea_union,9,2009,FOS,HLA-DRA,all_caliper_candidates_excluded,False
PBMC10k,all,trrust_dorothea_union,9,3355,MYC,GAPDH,all_caliper_candidates_excluded,False
PBMC10k,all,trrust_dorothea_union,9,1417,ELK1,FOS,all_caliper_candidates_excluded,False
PBMC10k,all,trrust_dorothea_union,9,4270,RFXAP,HLA-DRA,all_caliper_candidates_excluded,False
PBMC10k,all,trrust_dorothea_union,9,6815,ZNF148,VIM,all_caliper_candidates_excluded,False
PBMC10k,all,trrust_dorothea_union,9,4702,SP1,FOS,all_caliper_candidates_excluded,False
PBMC10k,all,trrust_dorothea_union,9,3673,NFKB1,CD74,all_caliper_candidates_excluded,False
PBMC10k,all,trrust_dorothea_union,9,3806,NFYA,CD74,all_caliper_candidates_excluded,False
PBMC10k,all,trrust_dorothea_union,9,2693,HDGF,VIM,all_caliper_candidates_excluded,False
PBMC10k,all,trrust_dorothea_union,9,4938,SPI1,B2M,all_caliper_candidates_excluded,False
PBMC10k,all,trrust_dorothea_union,9,2839,HOPX,FOS,all_caliper_candidates_excluded,False
PBMC10k,all,trrust_dorothea_union,9,3487,MYC,RPL10,all_caliper_candidates_excluded,False
PBMC10k,all,trrust_dorothea_union,9,331,CEBPA,GAPDH,all_caliper_candidates_excluded,False
PBMC10k,all,trrust_dorothea_union,9,6625,VDR,TPT1,all_caliper_candidates_excluded,False
PBMC10k,all,trrust_dorothea_union,9,2807,HIF1A,VIM,all_caliper_candidates_excluded,False
PBMC10k,all,trrust_dorothea_union,9,2735,HIF1A,GAPDH,all_caliper_candidates_excluded,False
PBMC10k,all,trrust_dorothea_union,9,3494,MYC,RPL27A,all_caliper_candidates_excluded,False
PBMC10k,all,trrust_dorothea_union,9,5978,STAT3,S100A11,all_caliper_candidates_excluded,False
PBMC10k,all,trrust_dorothea_union,9,2818,HIPK2,VIM,all_caliper_candidates_excluded,False
PBMC10k,all,trrust_dorothea_union,9,6106,TCF4,VCAN,all_caliper_candidates_excluded,False
PBMC10k,all,trrust_dorothea_union,9,5344,STAT1,ACTB,all_caliper_candidates_excluded,False
PBMC10k,all,trrust_dorothea_union,9,3584,NFAT5,S100A4,all_caliper_candidates_excluded,False
PBMC10k,all,trrust_dorothea_union,9,3777,NFKB1,VIM,all_caliper_candidates_excluded,False
PBMC10k,all,trrust_dorothea_union,9,633,CREB1,CD74,all_caliper_candidates_excluded,False
PBMC10k,all,trrust_dorothea_union,9,1013,CTNNB1,VIM,all_caliper_candidates_excluded,False
PBMC10k,all,trrust_dorothea_union,9,3411,MYC,LTB,all_caliper_candidates_excluded,False
PBMC10k,all,trrust_dorothea_union,9,4232,RFX5,CD74,all_caliper_candidates_excluded,False
PBMC10k,all,trrust_dorothea_union,9,3800,NFKBIA,S100A6,all_caliper_candidates_excluded,False
PBMC10k,all,trrust_dorothea_union,9,467,CEBPA,S100A9,all_caliper_candidates_excluded,False
PBMC10k,all,trrust_dorothea_union,9,5481,STAT1,FOS,all_caliper_candidates_excluded,False
PBMC10k,all,trrust_dorothea_union,9,3979,PPARD,SAT1,all_caliper_candidates_excluded,False
PBMC10k,all,trrust_dorothea_union,9,4020,RB1,FOS,all_caliper_candidates_excluded,False
PBMC10k,all,trrust_dorothea_union,9,4243,RFX5,HLA-DRA,all_caliper_candidates_excluded,False
PBMC10k,all,trrust_dorothea_union,9,1580,ETS1,EEF1A1,all_caliper_candidates_excluded,False
PBMC10k,all,trrust_dorothea_union,9,6717,YY1,HLA-DRA,all_caliper_candidates_excluded,False
PBMC10k,all,trrust_dorothea_union,9,607,CIITA,HLA-DRA,all_caliper_candidates_excluded,False
PBMC10k,all,trrust_dorothea_union,9,2878,ILF3,HLA-DRA,all_caliper_candidates_excluded,False
PBMC10k,all,trrust_dorothea_union,9,4985,SPI1,CTSS,all_caliper_candidates_excluded,False
PBMC10k,all,trrust_dorothea_union,9,6805,ZEB2,VIM,all_caliper_candidates_excluded,False
PBMC10k,all,trrust_dorothea_union,9,6555,VDR,EEF1A1,all_caliper_candidates_excluded,False
PBMC10k,all,trrust_dorothea_union,9,4854,SP1,VIM,all_caliper_candidates_excluded,False
PBMC10k,all,trrust_dorothea_union,9,1070,E2F4,ACTB,all_caliper_candidates_excluded,False
PBMC10k,all,trrust_dorothea_union,9,5319,SRF,FOS,all_caliper_candidates_excluded,False
PBMC10k,all,trrust_dorothea_union,9,6427,TP53,VCAN,all_caliper_candidates_excluded,False
PBMC10k,all,trrust_dorothea_union,9,17,AHR,FOS,all_caliper_candidates_excluded,False
PBMC10k,all,trrust_dorothea_union,9,1460,EP300,S100A4,all_caliper_candidates_excluded,False
PBMC10k,all,trrust_dorothea_union,9,5029,SPI1,FOS,all_caliper_candidates_excluded,False
PBMC10k,all,trrust_dorothea_union,9,3898,PARP1,VIM,all_caliper_candidates_excluded,False
PBMC10k,all,trrust_dorothea_union,9,5253,SPI1,TYROBP,all_caliper_candidates_excluded,False
PBMC10k,all,trrust_dorothea_union,9,6791,ZBTB7A,FOS,all_caliper_candidates_excluded,False
PBMC10k,all,trrust_dorothea_union,9,4917,SPI1,AIF1,all_caliper_candidates_excluded,False
PBMC10k,all,trrust_dorothea_union,9,2836,HMGN1,FOS,all_caliper_candidates_excluded,False
PBMC10k,all,trrust_dorothea_union,9,6235,TP53,EEF1A1,all_caliper_candidates_excluded,False
PBMC10k,all,trrust_dorothea_union,9,1809,ETS1,TMSB4X,all_caliper_candidates_excluded,False
PBMC10k,all,trrust_dorothea_union,9,6058,TBP,ACTB,all_caliper_candidates_excluded,False
PBMC10k,all,trrust_dorothea_union,9,5315,SRF,ACTB,all_caliper_candidates_excluded,False
PBMC10k,all,trrust_dorothea_union,9,579,CEBPB,S100A9,all_caliper_candidates_excluded,False
PBMC10k,all,trrust_dorothea_union,9,6062,TBP,FOS,all_caliper_candidates_excluded,False
PBMC10k,all,trrust_dorothea_union,9,4258,RFXANK,HLA-DRA,all_caliper_candidates_excluded,False
PBMC10k,all,trrust_dorothea_union,9,4221,RFX1,HLA-DRA,all_caliper_candidates_excluded,False
PBMC10k,all,trrust_dorothea_union,9,2616,HDAC1,HLA-DRA,all_caliper_candidates_excluded,False
PBMC10k,all,trrust_dorothea_union,9,646,CREB1,HLA-DRA,all_caliper_candidates_excluded,False
PBMC10k,all,trrust_dorothea_union,9,5942,STAT3,FOS,all_caliper_candidates_excluded,False
PBMC10k,all,trrust_dorothea_union,9,1437,ELK3,FOS,all_caliper_candidates_excluded,False
PBMC10k,all,trrust_dorothea_union,9,3834,NFYC,FOS,all_caliper_candidates_excluded,False
PBMC10k,all,trrust_dorothea_union,9,1994,FOS,FOS,all_caliper_candidates_excluded,False
PBMC10k,all,trrust_dorothea_union,9,3951,POU2F2,HLA-DRA,all_caliper_candidates_excluded,False
PBMC10k,all,trrust_dorothea_union,9,2753,HIF1A,LGALS1,all_caliper_candidates_excluded,False
PBMC10k,all,trrust_dorothea_union,9,4612,SMARCA4,FOS,all_caliper_candidates_excluded,False
PBMC10k,all,trrust_dorothea_union,9,3825,NFYB,FOS,all_caliper_candidates_excluded,False
PBMC10k,all,trrust_dorothea_union,9,3803,NFYA,ACTB,all_caliper_candidates_excluded,False
PBMC10k,all,trrust_dorothea_union,9,3941,POU2F1,HLA-DRA,all_caliper_candidates_excluded,False
PBMC10k,all,trrust_dorothea_union,9,45,ARNT,FOS,all_caliper_candidates_excluded,False
PBMC10k,all,trrust_dorothea_union,9,6247,TP53,FOS,all_caliper_candidates_excluded,False
PBMC10k,all,trrust_dorothea_union,9,3820,NFYB,CD74,all_caliper_candidates_excluded,False
PBMC10k,all,trrust_dorothea_union,9,4745,SP1,LYZ,all_caliper_candidates_excluded,False
PBMC10k,all,trrust_dorothea_union,9,3569,NCOA6,FOS,all_caliper_candidates_excluded,False
PBMC10k,all,trrust_dorothea_union,9,3488,MYC,RPL13,all_caliper_candidates_excluded,False
PBMC10k,all,trrust_dorothea_union,9,6469,USF1,B2M,all_caliper_candidates_excluded,False
PBMC10k,all,trrust_dorothea_union,9,571,CEBPB,GNLY,all_caliper_candidates_excluded,False
PBMC10k,all,trrust_dorothea_union,9,3576,NF1,FOS,all_caliper_candidates_excluded,False
PBMC10k,all,trrust_dorothea_union,9,5735,STAT1,S100A11,all_caliper_candidates_excluded,False
PBMC10k,all,trrust_dorothea_union,9,6039,STAT6,FOS,all_caliper_candidates_excluded,False
PBMC10k,all,trrust_dorothea_union,9,6492,USF1,S100A6,all_caliper_candidates_excluded,False
PBMC10k,all,trrust_dorothea_union,9,587,CEBPD,GAPDH,all_caliper_candidates_excluded,False
PBMC10k,all,trrust_dorothea_union,9,1666,ETS1,LTB,all_caliper_candidates_excluded,False
PBMC10k,all,trrust_dorothea_union,9,3646,NFKB1,B2M,all_caliper_candidates_excluded,False
PBMC10k,all,trrust_dorothea_union,9,3583,NFAT5,LTB,all_caliper_candidates_excluded,False
PBMC10k,all,trrust_dorothea_union,9,1906,FLI1,FOS,all_caliper_candidates_excluded,False
PBMC10k,all,trrust_dorothea_union,9,6107,TCF4,VIM,all_caliper_candidates_excluded,False
PBMC10k,all,trrust_dorothea_union,9,703,CREM,FOS,all_caliper_candidates_excluded,False
PBMC10k,all,trrust_dorothea_union,9,6153,TP53,ACTB,all_caliper_candidates_excluded,False
PBMC10k,all,trrust_dorothea_union,9,2569,GATA3,TMSB4X,all_caliper_candidates_excluded,False
PBMC10k,all,trrust_dorothea_union,9,1602,ETS1,FOS,all_caliper_candidates_excluded,False
PBMC10k,all,trrust_dorothea_union,9,4091,RELA,CD74,all_caliper_candidates_excluded,False
PBMC10k,all,trrust_dorothea_union,9,2864,HSF2,FOS,all_caliper_candidates_excluded,False
PBMC10k,all,trrust_dorothea_union,9,1477,ETS1,ACTB,all_caliper_candidates_excluded,False
PBMC10k,all,trrust_dorothea_union,9,4036,RBMX,FOS,all_caliper_candidates_excluded,False
PBMC10k,all,trrust_dorothea_union,9,5487,STAT1,FYB1,caliper_candidates_exhausted_by_unique_constraint,False
PBMC10k,all,trrust_dorothea_union,9,5035,SPI1,FYB1,caliper_candidates_exhausted_by_unique_constraint,False
Kang_IFN_beta,ctrl,trrust_dorothea_intersection,0,178,REL,CCL2,all_caliper_candidates_excluded,False
Kang_IFN_beta,ctrl,trrust_dorothea_intersection,0,188,RELA,CCL2,all_caliper_candidates_excluded,False
Kang_IFN_beta,ctrl,trrust_dorothea_intersection,0,223,RELA,SOD2,all_caliper_candidates_excluded,False
Kang_IFN_beta,ctrl,trrust_dorothea_intersection,0,82,JUN,CCL2,all_caliper_candidates_excluded,False
Kang_IFN_beta,ctrl,trrust_dorothea_intersection,0,136,NFKB1,CCL2,all_caliper_candidates_excluded,False
Kang_IFN_beta,ctrl,trrust_dorothea_intersection,0,174,POU2F2,HLA-DRA,all_caliper_candidates_excluded,False
Kang_IFN_beta,ctrl,trrust_dorothea_intersection,0,167,NFKB1,SOD2,all_caliper_candidates_excluded,False
Kang_IFN_beta,ctrl,trrust_dorothea_intersection,0,196,RELA,CD74,all_caliper_candidates_excluded,False
Kang_IFN_beta,ctrl,trrust_dorothea_intersection,0,282,STAT3,CCL2,all_caliper_candidates_excluded,False
Kang_IFN_beta,ctrl,trrust_dorothea_intersection,0,253,STAT1,CCL2,all_caliper_candidates_excluded,False
Kang_IFN_beta,ctrl,trrust_dorothea_intersection,0,304,STAT3,TIMP1,all_caliper_candidates_excluded,False
Kang_IFN_beta,ctrl,trrust_dorothea_intersection,0,319,ZEB2,VIM,all_caliper_candidates_excluded,False
Kang_IFN_beta,ctrl,trrust_dorothea_intersection,0,279,STAT1,TIMP1,all_caliper_candidates_excluded,False
Kang_IFN_beta,ctrl,trrust_dorothea_intersection,0,169,NFKB1,TIMP1,all_caliper_candidates_excluded,False
Kang_IFN_beta,ctrl,trrust_dorothea_intersection,0,300,STAT3,S100A11,all_caliper_candidates_excluded,False
Kang_IFN_beta,ctrl,trrust_dorothea_intersection,0,12,CEBPB,S100A9,all_caliper_candidates_excluded,False
Kang_IFN_beta,ctrl,trrust_dorothea_intersection,0,144,NFKB1,CD74,all_caliper_candidates_excluded,False
Kang_IFN_beta,ctrl,trrust_dorothea_intersection,0,132,NFKB1,B2M,all_caliper_candidates_excluded,False
Kang_IFN_beta,ctrl,trrust_dorothea_intersection,0,226,RELA,TIMP1,all_caliper_candidates_excluded,False
Kang_IFN_beta,ctrl,trrust_dorothea_intersection,1,144,NFKB1,CD74,all_caliper_candidates_excluded,False
Kang_IFN_beta,ctrl,trrust_dorothea_intersection,1,12,CEBPB,S100A9,all_caliper_candidates_excluded,False
Kang_IFN_beta,ctrl,trrust_dorothea_intersection,1,304,STAT3,TIMP1,all_caliper_candidates_excluded,False
Kang_IFN_beta,ctrl,trrust_dorothea_intersection,1,279,STAT1,TIMP1,all_caliper_candidates_excluded,False
Kang_IFN_beta,ctrl,trrust_dorothea_intersection,1,282,STAT3,CCL2,all_caliper_candidates_excluded,False
Kang_IFN_beta,ctrl,trrust_dorothea_intersection,1,132,NFKB1,B2M,all_caliper_candidates_excluded,False
Kang_IFN_beta,ctrl,trrust_dorothea_intersection,1,136,NFKB1,CCL2,all_caliper_candidates_excluded,False
Kang_IFN_beta,ctrl,trrust_dorothea_intersection,1,319,ZEB2,VIM,all_caliper_candidates_excluded,False
Kang_IFN_beta,ctrl,trrust_dorothea_intersection,1,169,NFKB1,TIMP1,all_caliper_candidates_excluded,False
Kang_IFN_beta,ctrl,trrust_dorothea_intersection,1,300,STAT3,S100A11,all_caliper_candidates_excluded,False
Kang_IFN_beta,ctrl,trrust_dorothea_intersection,1,226,RELA,TIMP1,all_caliper_candidates_excluded,False
Kang_IFN_beta,ctrl,trrust_dorothea_intersection,1,196,RELA,CD74,all_caliper_candidates_excluded,False
Kang_IFN_beta,ctrl,trrust_dorothea_intersection,1,167,NFKB1,SOD2,all_caliper_candidates_excluded,False
Kang_IFN_beta,ctrl,trrust_dorothea_intersection,1,253,STAT1,CCL2,all_caliper_candidates_excluded,False
Kang_IFN_beta,ctrl,trrust_dorothea_intersection,1,174,POU2F2,HLA-DRA,all_caliper_candidates_excluded,False
Kang_IFN_beta,ctrl,trrust_dorothea_intersection,1,82,JUN,CCL2,all_caliper_candidates_excluded,False
Kang_IFN_beta,ctrl,trrust_dorothea_intersection,1,188,RELA,CCL2,all_caliper_candidates_excluded,False
Kang_IFN_beta,ctrl,trrust_dorothea_intersection,1,223,RELA,SOD2,all_caliper_candidates_excluded,False
Kang_IFN_beta,ctrl,trrust_dorothea_intersection,1,178,REL,CCL2,all_caliper_candidates_excluded,False
Kang_IFN_beta,ctrl,trrust_dorothea_intersection,2,169,NFKB1,TIMP1,all_caliper_candidates_excluded,False
Kang_IFN_beta,ctrl,trrust_dorothea_intersection,2,282,STAT3,CCL2,all_caliper_candidates_excluded,False
Kang_IFN_beta,ctrl,trrust_dorothea_intersection,2,144,NFKB1,CD74,all_caliper_candidates_excluded,False
Kang_IFN_beta,ctrl,trrust_dorothea_intersection,2,82,JUN,CCL2,all_caliper_candidates_excluded,False
Kang_IFN_beta,ctrl,trrust_dorothea_intersection,2,132,NFKB1,B2M,all_caliper_candidates_excluded,False
Kang_IFN_beta,ctrl,trrust_dorothea_intersection,2,279,STAT1,TIMP1,all_caliper_candidates_excluded,False
Kang_IFN_beta,ctrl,trrust_dorothea_intersection,2,178,REL,CCL2,all_caliper_candidates_excluded,False
Kang_IFN_beta,ctrl,trrust_dorothea_intersection,2,304,STAT3,TIMP1,all_caliper_candidates_excluded,False
Kang_IFN_beta,ctrl,trrust_dorothea_intersection,2,12,CEBPB,S100A9,all_caliper_candidates_excluded,False
Kang_IFN_beta,ctrl,trrust_dorothea_intersection,2,223,RELA,SOD2,all_caliper_candidates_excluded,False
Kang_IFN_beta,ctrl,trrust_dorothea_intersection,2,226,RELA,TIMP1,all_caliper_candidates_excluded,False
Kang_IFN_beta,ctrl,trrust_dorothea_intersection,2,188,RELA,CCL2,all_caliper_candidates_excluded,False
Kang_IFN_beta,ctrl,trrust_dorothea_intersection,2,196,RELA,CD74,all_caliper_candidates_excluded,False
Kang_IFN_beta,ctrl,trrust_dorothea_intersection,2,300,STAT3,S100A11,all_caliper_candidates_excluded,False
Kang_IFN_beta,ctrl,trrust_dorothea_intersection,2,319,ZEB2,VIM,all_caliper_candidates_excluded,False
Kang_IFN_beta,ctrl,trrust_dorothea_intersection,2,253,STAT1,CCL2,all_caliper_candidates_excluded,False
Kang_IFN_beta,ctrl,trrust_dorothea_intersection,2,167,NFKB1,SOD2,all_caliper_candidates_excluded,False
Kang_IFN_beta,ctrl,trrust_dorothea_intersection,2,174,POU2F2,HLA-DRA,all_caliper_candidates_excluded,False
Kang_IFN_beta,ctrl,trrust_dorothea_intersection,2,136,NFKB1,CCL2,all_caliper_candidates_excluded,False
Kang_IFN_beta,ctrl,trrust_dorothea_intersection,3,304,STAT3,TIMP1,all_caliper_candidates_excluded,False
Kang_IFN_beta,ctrl,trrust_dorothea_intersection,3,82,JUN,CCL2,all_caliper_candidates_excluded,False
Kang_IFN_beta,ctrl,trrust_dorothea_intersection,3,188,RELA,CCL2,all_caliper_candidates_excluded,False
Kang_IFN_beta,ctrl,trrust_dorothea_intersection,3,226,RELA,TIMP1,all_caliper_candidates_excluded,False
Kang_IFN_beta,ctrl,trrust_dorothea_intersection,3,174,POU2F2,HLA-DRA,all_caliper_candidates_excluded,False
Kang_IFN_beta,ctrl,trrust_dorothea_intersection,3,319,ZEB2,VIM,all_caliper_candidates_excluded,False
Kang_IFN_beta,ctrl,trrust_dorothea_intersection,3,144,NFKB1,CD74,all_caliper_candidates_excluded,False
Kang_IFN_beta,ctrl,trrust_dorothea_intersection,3,12,CEBPB,S100A9,all_caliper_candidates_excluded,False
Kang_IFN_beta,ctrl,trrust_dorothea_intersection,3,282,STAT3,CCL2,all_caliper_candidates_excluded,False
Kang_IFN_beta,ctrl,trrust_dorothea_intersection,3,169,NFKB1,TIMP1,all_caliper_candidates_excluded,False
Kang_IFN_beta,ctrl,trrust_dorothea_intersection,3,300,STAT3,S100A11,all_caliper_candidates_excluded,False
Kang_IFN_beta,ctrl,trrust_dorothea_intersection,3,253,STAT1,CCL2,all_caliper_candidates_excluded,False
Kang_IFN_beta,ctrl,trrust_dorothea_intersection,3,196,RELA,CD74,all_caliper_candidates_excluded,False
Kang_IFN_beta,ctrl,trrust_dorothea_intersection,3,178,REL,CCL2,all_caliper_candidates_excluded,False
Kang_IFN_beta,ctrl,trrust_dorothea_intersection,3,167,NFKB1,SOD2,all_caliper_candidates_excluded,False
Kang_IFN_beta,ctrl,trrust_dorothea_intersection,3,223,RELA,SOD2,all_caliper_candidates_excluded,False
Kang_IFN_beta,ctrl,trrust_dorothea_intersection,3,279,STAT1,TIMP1,all_caliper_candidates_excluded,False
Kang_IFN_beta,ctrl,trrust_dorothea_intersection,3,136,NFKB1,CCL2,all_caliper_candidates_excluded,False
Kang_IFN_beta,ctrl,trrust_dorothea_intersection,3,132,NFKB1,B2M,all_caliper_candidates_excluded,False
Kang_IFN_beta,ctrl,trrust_dorothea_intersection,4,300,STAT3,S100A11,all_caliper_candidates_excluded,False
Kang_IFN_beta,ctrl,trrust_dorothea_intersection,4,304,STAT3,TIMP1,all_caliper_candidates_excluded,False
Kang_IFN_beta,ctrl,trrust_dorothea_intersection,4,282,STAT3,CCL2,all_caliper_candidates_excluded,False
Kang_IFN_beta,ctrl,trrust_dorothea_intersection,4,136,NFKB1,CCL2,all_caliper_candidates_excluded,False
Kang_IFN_beta,ctrl,trrust_dorothea_intersection,4,188,RELA,CCL2,all_caliper_candidates_excluded,False
Kang_IFN_beta,ctrl,trrust_dorothea_intersection,4,82,JUN,CCL2,all_caliper_candidates_excluded,False
Kang_IFN_beta,ctrl,trrust_dorothea_intersection,4,226,RELA,TIMP1,all_caliper_candidates_excluded,False
Kang_IFN_beta,ctrl,trrust_dorothea_intersection,4,223,RELA,SOD2,all_caliper_candidates_excluded,False
Kang_IFN_beta,ctrl,trrust_dorothea_intersection,4,319,ZEB2,VIM,all_caliper_candidates_excluded,False
Kang_IFN_beta,ctrl,trrust_dorothea_intersection,4,169,NFKB1,TIMP1,all_caliper_candidates_excluded,False
Kang_IFN_beta,ctrl,trrust_dorothea_intersection,4,178,REL,CCL2,all_caliper_candidates_excluded,False
Kang_IFN_beta,ctrl,trrust_dorothea_intersection,4,12,CEBPB,S100A9,all_caliper_candidates_excluded,False
Kang_IFN_beta,ctrl,trrust_dorothea_intersection,4,144,NFKB1,CD74,all_caliper_candidates_excluded,False
Kang_IFN_beta,ctrl,trrust_dorothea_intersection,4,132,NFKB1,B2M,all_caliper_candidates_excluded,False
Kang_IFN_beta,ctrl,trrust_dorothea_intersection,4,253,STAT1,CCL2,all_caliper_candidates_excluded,False
Kang_IFN_beta,ctrl,trrust_dorothea_intersection,4,196,RELA,CD74,all_caliper_candidates_excluded,False
Kang_IFN_beta,ctrl,trrust_dorothea_intersection,4,174,POU2F2,HLA-DRA,all_caliper_candidates_excluded,False
Kang_IFN_beta,ctrl,trrust_dorothea_intersection,4,167,NFKB1,SOD2,all_caliper_candidates_excluded,False
Kang_IFN_beta,ctrl,trrust_dorothea_intersection,4,279,STAT1,TIMP1,all_caliper_candidates_excluded,False
Kang_IFN_beta,ctrl,trrust_dorothea_intersection,5,223,RELA,SOD2,all_caliper_candidates_excluded,False
Kang_IFN_beta,ctrl,trrust_dorothea_intersection,5,279,STAT1,TIMP1,all_caliper_candidates_excluded,False
Kang_IFN_beta,ctrl,trrust_dorothea_intersection,5,319,ZEB2,VIM,all_caliper_candidates_excluded,False
Kang_IFN_beta,ctrl,trrust_dorothea_intersection,5,196,RELA,CD74,all_caliper_candidates_excluded,False
Kang_IFN_beta,ctrl,trrust_dorothea_intersection,5,226,RELA,TIMP1,all_caliper_candidates_excluded,False
Kang_IFN_beta,ctrl,trrust_dorothea_intersection,5,188,RELA,CCL2,all_caliper_candidates_excluded,False
Kang_IFN_beta,ctrl,trrust_dorothea_intersection,5,144,NFKB1,CD74,all_caliper_candidates_excluded,False
Kang_IFN_beta,ctrl,trrust_dorothea_intersection,5,304,STAT3,TIMP1,all_caliper_candidates_excluded,False
Kang_IFN_beta,ctrl,trrust_dorothea_intersection,5,82,JUN,CCL2,all_caliper_candidates_excluded,False
Kang_IFN_beta,ctrl,trrust_dorothea_intersection,5,253,STAT1,CCL2,all_caliper_candidates_excluded,False
Kang_IFN_beta,ctrl,trrust_dorothea_intersection,5,136,NFKB1,CCL2,all_caliper_candidates_excluded,False
Kang_IFN_beta,ctrl,trrust_dorothea_intersection,5,167,NFKB1,SOD2,all_caliper_candidates_excluded,False
Kang_IFN_beta,ctrl,trrust_dorothea_intersection,5,12,CEBPB,S100A9,all_caliper_candidates_excluded,False
Kang_IFN_beta,ctrl,trrust_dorothea_intersection,5,169,NFKB1,TIMP1,all_caliper_candidates_excluded,False
Kang_IFN_beta,ctrl,trrust_dorothea_intersection,5,282,STAT3,CCL2,all_caliper_candidates_excluded,False
Kang_IFN_beta,ctrl,trrust_dorothea_intersection,5,300,STAT3,S100A11,all_caliper_candidates_excluded,False
Kang_IFN_beta,ctrl,trrust_dorothea_intersection,5,132,NFKB1,B2M,all_caliper_candidates_excluded,False
Kang_IFN_beta,ctrl,trrust_dorothea_intersection,5,178,REL,CCL2,all_caliper_candidates_excluded,False
Kang_IFN_beta,ctrl,trrust_dorothea_intersection,5,174,POU2F2,HLA-DRA,all_caliper_candidates_excluded,False
Kang_IFN_beta,ctrl,trrust_dorothea_intersection,6,178,REL,CCL2,all_caliper_candidates_excluded,False
Kang_IFN_beta,ctrl,trrust_dorothea_intersection,6,282,STAT3,CCL2,all_caliper_candidates_excluded,False
Kang_IFN_beta,ctrl,trrust_dorothea_intersection,6,319,ZEB2,VIM,all_caliper_candidates_excluded,False
Kang_IFN_beta,ctrl,trrust_dorothea_intersection,6,169,NFKB1,TIMP1,all_caliper_candidates_excluded,False
Kang_IFN_beta,ctrl,trrust_dorothea_intersection,6,279,STAT1,TIMP1,all_caliper_candidates_excluded,False
Kang_IFN_beta,ctrl,trrust_dorothea_intersection,6,188,RELA,CCL2,all_caliper_candidates_excluded,False
Kang_IFN_beta,ctrl,trrust_dorothea_intersection,6,144,NFKB1,CD74,all_caliper_candidates_excluded,False
Kang_IFN_beta,ctrl,trrust_dorothea_intersection,6,132,NFKB1,B2M,all_caliper_candidates_excluded,False
Kang_IFN_beta,ctrl,trrust_dorothea_intersection,6,226,RELA,TIMP1,all_caliper_candidates_excluded,False
Kang_IFN_beta,ctrl,trrust_dorothea_intersection,6,136,NFKB1,CCL2,all_caliper_candidates_excluded,False
Kang_IFN_beta,ctrl,trrust_dorothea_intersection,6,196,RELA,CD74,all_caliper_candidates_excluded,False
Kang_IFN_beta,ctrl,trrust_dorothea_intersection,6,167,NFKB1,SOD2,all_caliper_candidates_excluded,False
Kang_IFN_beta,ctrl,trrust_dorothea_intersection,6,12,CEBPB,S100A9,all_caliper_candidates_excluded,False
Kang_IFN_beta,ctrl,trrust_dorothea_intersection,6,223,RELA,SOD2,all_caliper_candidates_excluded,False
Kang_IFN_beta,ctrl,trrust_dorothea_intersection,6,174,POU2F2,HLA-DRA,all_caliper_candidates_excluded,False
Kang_IFN_beta,ctrl,trrust_dorothea_intersection,6,253,STAT1,CCL2,all_caliper_candidates_excluded,False
Kang_IFN_beta,ctrl,trrust_dorothea_intersection,6,82,JUN,CCL2,all_caliper_candidates_excluded,False
Kang_IFN_beta,ctrl,trrust_dorothea_intersection,6,304,STAT3,TIMP1,all_caliper_candidates_excluded,False
Kang_IFN_beta,ctrl,trrust_dorothea_intersection,6,300,STAT3,S100A11,all_caliper_candidates_excluded,False
Kang_IFN_beta,ctrl,trrust_dorothea_intersection,7,136,NFKB1,CCL2,all_caliper_candidates_excluded,False
Kang_IFN_beta,ctrl,trrust_dorothea_intersection,7,188,RELA,CCL2,all_caliper_candidates_excluded,False
Kang_IFN_beta,ctrl,trrust_dorothea_intersection,7,304,STAT3,TIMP1,all_caliper_candidates_excluded,False
Kang_IFN_beta,ctrl,trrust_dorothea_intersection,7,300,STAT3,S100A11,all_caliper_candidates_excluded,False
Kang_IFN_beta,ctrl,trrust_dorothea_intersection,7,167,NFKB1,SOD2,all_caliper_candidates_excluded,False
Kang_IFN_beta,ctrl,trrust_dorothea_intersection,7,178,REL,CCL2,all_caliper_candidates_excluded,False
Kang_IFN_beta,ctrl,trrust_dorothea_intersection,7,253,STAT1,CCL2,all_caliper_candidates_excluded,False
Kang_IFN_beta,ctrl,trrust_dorothea_intersection,7,12,CEBPB,S100A9,all_caliper_candidates_excluded,False
Kang_IFN_beta,ctrl,trrust_dorothea_intersection,7,279,STAT1,TIMP1,all_caliper_candidates_excluded,False
Kang_IFN_beta,ctrl,trrust_dorothea_intersection,7,282,STAT3,CCL2,all_caliper_candidates_excluded,False
Kang_IFN_beta,ctrl,trrust_dorothea_intersection,7,169,NFKB1,TIMP1,all_caliper_candidates_excluded,False
Kang_IFN_beta,ctrl,trrust_dorothea_intersection,7,196,RELA,CD74,all_caliper_candidates_excluded,False
Kang_IFN_beta,ctrl,trrust_dorothea_intersection,7,223,RELA,SOD2,all_caliper_candidates_excluded,False
Kang_IFN_beta,ctrl,trrust_dorothea_intersection,7,82,JUN,CCL2,all_caliper_candidates_excluded,False
Kang_IFN_beta,ctrl,trrust_dorothea_intersection,7,174,POU2F2,HLA-DRA,all_caliper_candidates_excluded,False
Kang_IFN_beta,ctrl,trrust_dorothea_intersection,7,319,ZEB2,VIM,all_caliper_candidates_excluded,False
Kang_IFN_beta,ctrl,trrust_dorothea_intersection,7,144,NFKB1,CD74,all_caliper_candidates_excluded,False
Kang_IFN_beta,ctrl,trrust_dorothea_intersection,7,226,RELA,TIMP1,all_caliper_candidates_excluded,False
Kang_IFN_beta,ctrl,trrust_dorothea_intersection,7,132,NFKB1,B2M,all_caliper_candidates_excluded,False
Kang_IFN_beta,ctrl,trrust_dorothea_intersection,8,132,NFKB1,B2M,all_caliper_candidates_excluded,False
Kang_IFN_beta,ctrl,trrust_dorothea_intersection,8,169,NFKB1,TIMP1,all_caliper_candidates_excluded,False
Kang_IFN_beta,ctrl,trrust_dorothea_intersection,8,319,ZEB2,VIM,all_caliper_candidates_excluded,False
Kang_IFN_beta,ctrl,trrust_dorothea_intersection,8,167,NFKB1,SOD2,all_caliper_candidates_excluded,False
Kang_IFN_beta,ctrl,trrust_dorothea_intersection,8,178,REL,CCL2,all_caliper_candidates_excluded,False
Kang_IFN_beta,ctrl,trrust_dorothea_intersection,8,136,NFKB1,CCL2,all_caliper_candidates_excluded,False
Kang_IFN_beta,ctrl,trrust_dorothea_intersection,8,304,STAT3,TIMP1,all_caliper_candidates_excluded,False
Kang_IFN_beta,ctrl,trrust_dorothea_intersection,8,196,RELA,CD74,all_caliper_candidates_excluded,False
Kang_IFN_beta,ctrl,trrust_dorothea_intersection,8,174,POU2F2,HLA-DRA,all_caliper_candidates_excluded,False
Kang_IFN_beta,ctrl,trrust_dorothea_intersection,8,279,STAT1,TIMP1,all_caliper_candidates_excluded,False
Kang_IFN_beta,ctrl,trrust_dorothea_intersection,8,282,STAT3,CCL2,all_caliper_candidates_excluded,False
Kang_IFN_beta,ctrl,trrust_dorothea_intersection,8,223,RELA,SOD2,all_caliper_candidates_excluded,False
Kang_IFN_beta,ctrl,trrust_dorothea_intersection,8,144,NFKB1,CD74,all_caliper_candidates_excluded,False
Kang_IFN_beta,ctrl,trrust_dorothea_intersection,8,253,STAT1,CCL2,all_caliper_candidates_excluded,False
Kang_IFN_beta,ctrl,trrust_dorothea_intersection,8,226,RELA,TIMP1,all_caliper_candidates_excluded,False
Kang_IFN_beta,ctrl,trrust_dorothea_intersection,8,82,JUN,CCL2,all_caliper_candidates_excluded,False
Kang_IFN_beta,ctrl,trrust_dorothea_intersection,8,12,CEBPB,S100A9,all_caliper_candidates_excluded,False
Kang_IFN_beta,ctrl,trrust_dorothea_intersection,8,300,STAT3,S100A11,all_caliper_candidates_excluded,False
Kang_IFN_beta,ctrl,trrust_dorothea_intersection,8,188,RELA,CCL2,all_caliper_candidates_excluded,False
Kang_IFN_beta,ctrl,trrust_dorothea_intersection,9,174,POU2F2,HLA-DRA,all_caliper_candidates_excluded,False
Kang_IFN_beta,ctrl,trrust_dorothea_intersection,9,304,STAT3,TIMP1,all_caliper_candidates_excluded,False
Kang_IFN_beta,ctrl,trrust_dorothea_intersection,9,169,NFKB1,TIMP1,all_caliper_candidates_excluded,False
Kang_IFN_beta,ctrl,trrust_dorothea_intersection,9,136,NFKB1,CCL2,all_caliper_candidates_excluded,False
Kang_IFN_beta,ctrl,trrust_dorothea_intersection,9,82,JUN,CCL2,all_caliper_candidates_excluded,False
Kang_IFN_beta,ctrl,trrust_dorothea_intersection,9,279,STAT1,TIMP1,all_caliper_candidates_excluded,False
Kang_IFN_beta,ctrl,trrust_dorothea_intersection,9,132,NFKB1,B2M,all_caliper_candidates_excluded,False
Kang_IFN_beta,ctrl,trrust_dorothea_intersection,9,253,STAT1,CCL2,all_caliper_candidates_excluded,False
Kang_IFN_beta,ctrl,trrust_dorothea_intersection,9,12,CEBPB,S100A9,all_caliper_candidates_excluded,False
Kang_IFN_beta,ctrl,trrust_dorothea_intersection,9,226,RELA,TIMP1,all_caliper_candidates_excluded,False
Kang_IFN_beta,ctrl,trrust_dorothea_intersection,9,300,STAT3,S100A11,all_caliper_candidates_excluded,False
Kang_IFN_beta,ctrl,trrust_dorothea_intersection,9,196,RELA,CD74,all_caliper_candidates_excluded,False
Kang_IFN_beta,ctrl,trrust_dorothea_intersection,9,178,REL,CCL2,all_caliper_candidates_excluded,False
Kang_IFN_beta,ctrl,trrust_dorothea_intersection,9,282,STAT3,CCL2,all_caliper_candidates_excluded,False
Kang_IFN_beta,ctrl,trrust_dorothea_intersection,9,144,NFKB1,CD74,all_caliper_candidates_excluded,False
Kang_IFN_beta,ctrl,trrust_dorothea_intersection,9,223,RELA,SOD2,all_caliper_candidates_excluded,False
Kang_IFN_beta,ctrl,trrust_dorothea_intersection,9,188,RELA,CCL2,all_caliper_candidates_excluded,False
Kang_IFN_beta,ctrl,trrust_dorothea_intersection,9,319,ZEB2,VIM,all_caliper_candidates_excluded,False
Kang_IFN_beta,ctrl,trrust_dorothea_intersection,9,167,NFKB1,SOD2,all_caliper_candidates_excluded,False
Kang_IFN_beta,stim,trrust_dorothea_intersection,0,126,NFKB1,B2M,all_caliper_candidates_excluded,False
Kang_IFN_beta,stim,trrust_dorothea_intersection,0,139,NFKB1,CD74,all_caliper_candidates_excluded,False
Kang_IFN_beta,stim,trrust_dorothea_intersection,0,257,STAT1,CXCL10,all_caliper_candidates_excluded,False
Kang_IFN_beta,stim,trrust_dorothea_intersection,0,184,RELA,CCL2,all_caliper_candidates_excluded,False
Kang_IFN_beta,stim,trrust_dorothea_intersection,0,131,NFKB1,CCL3,all_caliper_candidates_excluded,False
Kang_IFN_beta,stim,trrust_dorothea_intersection,0,286,STAT3,CCL2,all_caliper_candidates_excluded,False
Kang_IFN_beta,stim,trrust_dorothea_intersection,0,169,NFKB1,TNFSF10,all_caliper_candidates_excluded,False
Kang_IFN_beta,stim,trrust_dorothea_intersection,0,198,RELA,CXCL10,all_caliper_candidates_excluded,False
Kang_IFN_beta,stim,trrust_dorothea_intersection,0,175,REL,CCL2,all_caliper_candidates_excluded,False
Kang_IFN_beta,stim,trrust_dorothea_intersection,0,279,STAT1,TIMP1,all_caliper_candidates_excluded,False
Kang_IFN_beta,stim,trrust_dorothea_intersection,0,71,IRF7,CXCL10,all_caliper_candidates_excluded,False
Kang_IFN_beta,stim,trrust_dorothea_intersection,0,130,NFKB1,CCL2,all_caliper_candidates_excluded,False
Kang_IFN_beta,stim,trrust_dorothea_intersection,0,250,STAT1,CCL3,all_caliper_candidates_excluded,False
Kang_IFN_beta,stim,trrust_dorothea_intersection,0,132,NFKB1,CCL4,all_caliper_candidates_excluded,False
Kang_IFN_beta,stim,trrust_dorothea_intersection,0,166,NFKB1,TIMP1,all_caliper_candidates_excluded,False
Kang_IFN_beta,stim,trrust_dorothea_intersection,0,217,RELA,SOD2,all_caliper_candidates_excluded,False
Kang_IFN_beta,stim,trrust_dorothea_intersection,0,145,NFKB1,CXCL10,all_caliper_candidates_excluded,False
Kang_IFN_beta,stim,trrust_dorothea_intersection,0,220,RELA,TIMP1,all_caliper_candidates_excluded,False
Kang_IFN_beta,stim,trrust_dorothea_intersection,0,67,IRF1,TNFSF10,all_caliper_candidates_excluded,False
Kang_IFN_beta,stim,trrust_dorothea_intersection,0,186,RELA,CCL4,all_caliper_candidates_excluded,False
Kang_IFN_beta,stim,trrust_dorothea_intersection,0,249,STAT1,CCL2,all_caliper_candidates_excluded,False
Kang_IFN_beta,stim,trrust_dorothea_intersection,0,95,JUN,TXN,all_caliper_candidates_excluded,False
Kang_IFN_beta,stim,trrust_dorothea_intersection,0,185,RELA,CCL3,all_caliper_candidates_excluded,False
Kang_IFN_beta,stim,trrust_dorothea_intersection,0,304,STAT3,S100A11,all_caliper_candidates_excluded,False
Kang_IFN_beta,stim,trrust_dorothea_intersection,0,164,NFKB1,SOD2,all_caliper_candidates_excluded,False
Kang_IFN_beta,stim,trrust_dorothea_intersection,0,215,RELA,S100A6,all_caliper_candidates_excluded,False
Kang_IFN_beta,stim,trrust_dorothea_intersection,0,69,IRF3,CXCL10,all_caliper_candidates_excluded,False
Kang_IFN_beta,stim,trrust_dorothea_intersection,0,274,STAT1,S100A10,all_caliper_candidates_excluded,False
Kang_IFN_beta,stim,trrust_dorothea_intersection,0,192,RELA,CD74,all_caliper_candidates_excluded,False
Kang_IFN_beta,stim,trrust_dorothea_intersection,0,101,LEF1,CCL7,all_caliper_candidates_excluded,False
Kang_IFN_beta,stim,trrust_dorothea_intersection,0,308,STAT3,TIMP1,all_caliper_candidates_excluded,False
Kang_IFN_beta,stim,trrust_dorothea_intersection,0,55,IRF1,CXCL10,all_caliper_candidates_excluded,False
Kang_IFN_beta,stim,trrust_dorothea_intersection,0,79,JUN,CCL2,all_caliper_candidates_excluded,False
Kang_IFN_beta,stim,trrust_dorothea_intersection,1,95,JUN,TXN,all_caliper_candidates_excluded,False
Kang_IFN_beta,stim,trrust_dorothea_intersection,1,215,RELA,S100A6,all_caliper_candidates_excluded,False
Kang_IFN_beta,stim,trrust_dorothea_intersection,1,279,STAT1,TIMP1,all_caliper_candidates_excluded,False
Kang_IFN_beta,stim,trrust_dorothea_intersection,1,132,NFKB1,CCL4,all_caliper_candidates_excluded,False
Kang_IFN_beta,stim,trrust_dorothea_intersection,1,186,RELA,CCL4,all_caliper_candidates_excluded,False
Kang_IFN_beta,stim,trrust_dorothea_intersection,1,198,RELA,CXCL10,all_caliper_candidates_excluded,False
Kang_IFN_beta,stim,trrust_dorothea_intersection,1,175,REL,CCL2,all_caliper_candidates_excluded,False
Kang_IFN_beta,stim,trrust_dorothea_intersection,1,166,NFKB1,TIMP1,all_caliper_candidates_excluded,False
Kang_IFN_beta,stim,trrust_dorothea_intersection,1,184,RELA,CCL2,all_caliper_candidates_excluded,False
Kang_IFN_beta,stim,trrust_dorothea_intersection,1,257,STAT1,CXCL10,all_caliper_candidates_excluded,False
Kang_IFN_beta,stim,trrust_dorothea_intersection,1,304,STAT3,S100A11,all_caliper_candidates_excluded,False
Kang_IFN_beta,stim,trrust_dorothea_intersection,1,185,RELA,CCL3,all_caliper_candidates_excluded,False
Kang_IFN_beta,stim,trrust_dorothea_intersection,1,126,NFKB1,B2M,all_caliper_candidates_excluded,False
Kang_IFN_beta,stim,trrust_dorothea_intersection,1,286,STAT3,CCL2,all_caliper_candidates_excluded,False
Kang_IFN_beta,stim,trrust_dorothea_intersection,1,274,STAT1,S100A10,all_caliper_candidates_excluded,False
Kang_IFN_beta,stim,trrust_dorothea_intersection,1,308,STAT3,TIMP1,all_caliper_candidates_excluded,False
Kang_IFN_beta,stim,trrust_dorothea_intersection,1,69,IRF3,CXCL10,all_caliper_candidates_excluded,False
Kang_IFN_beta,stim,trrust_dorothea_intersection,1,131,NFKB1,CCL3,all_caliper_candidates_excluded,False
Kang_IFN_beta,stim,trrust_dorothea_intersection,1,145,NFKB1,CXCL10,all_caliper_candidates_excluded,False
Kang_IFN_beta,stim,trrust_dorothea_intersection,1,249,STAT1,CCL2,all_caliper_candidates_excluded,False
Kang_IFN_beta,stim,trrust_dorothea_intersection,1,67,IRF1,TNFSF10,all_caliper_candidates_excluded,False
Kang_IFN_beta,stim,trrust_dorothea_intersection,1,79,JUN,CCL2,all_caliper_candidates_excluded,False
Kang_IFN_beta,stim,trrust_dorothea_intersection,1,164,NFKB1,SOD2,all_caliper_candidates_excluded,False
Kang_IFN_beta,stim,trrust_dorothea_intersection,1,217,RELA,SOD2,all_caliper_candidates_excluded,False
Kang_IFN_beta,stim,trrust_dorothea_intersection,1,130,NFKB1,CCL2,all_caliper_candidates_excluded,False
Kang_IFN_beta,stim,trrust_dorothea_intersection,1,192,RELA,CD74,all_caliper_candidates_excluded,False
Kang_IFN_beta,stim,trrust_dorothea_intersection,1,55,IRF1,CXCL10,all_caliper_candidates_excluded,False
Kang_IFN_beta,stim,trrust_dorothea_intersection,1,250,STAT1,CCL3,all_caliper_candidates_excluded,False
Kang_IFN_beta,stim,trrust_dorothea_intersection,1,101,LEF1,CCL7,all_caliper_candidates_excluded,False
Kang_IFN_beta,stim,trrust_dorothea_intersection,1,220,RELA,TIMP1,all_caliper_candidates_excluded,False
Kang_IFN_beta,stim,trrust_dorothea_intersection,1,139,NFKB1,CD74,all_caliper_candidates_excluded,False
Kang_IFN_beta,stim,trrust_dorothea_intersection,1,71,IRF7,CXCL10,all_caliper_candidates_excluded,False
Kang_IFN_beta,stim,trrust_dorothea_intersection,1,169,NFKB1,TNFSF10,all_caliper_candidates_excluded,False
Kang_IFN_beta,stim,trrust_dorothea_intersection,2,79,JUN,CCL2,all_caliper_candidates_excluded,False
Kang_IFN_beta,stim,trrust_dorothea_intersection,2,286,STAT3,CCL2,all_caliper_candidates_excluded,False
Kang_IFN_beta,stim,trrust_dorothea_intersection,2,279,STAT1,TIMP1,all_caliper_candidates_excluded,False
Kang_IFN_beta,stim,trrust_dorothea_intersection,2,69,IRF3,CXCL10,all_caliper_candidates_excluded,False
Kang_IFN_beta,stim,trrust_dorothea_intersection,2,95,JUN,TXN,all_caliper_candidates_excluded,False
Kang_IFN_beta,stim,trrust_dorothea_intersection,2,274,STAT1,S100A10,all_caliper_candidates_excluded,False
Kang_IFN_beta,stim,trrust_dorothea_intersection,2,175,REL,CCL2,all_caliper_candidates_excluded,False
Kang_IFN_beta,stim,trrust_dorothea_intersection,2,257,STAT1,CXCL10,all_caliper_candidates_excluded,False
Kang_IFN_beta,stim,trrust_dorothea_intersection,2,164,NFKB1,SOD2,all_caliper_candidates_excluded,False
Kang_IFN_beta,stim,trrust_dorothea_intersection,2,184,RELA,CCL2,all_caliper_candidates_excluded,False
Kang_IFN_beta,stim,trrust_dorothea_intersection,2,250,STAT1,CCL3,all_caliper_candidates_excluded,False
Kang_IFN_beta,stim,trrust_dorothea_intersection,2,215,RELA,S100A6,all_caliper_candidates_excluded,False
Kang_IFN_beta,stim,trrust_dorothea_intersection,2,308,STAT3,TIMP1,all_caliper_candidates_excluded,False
Kang_IFN_beta,stim,trrust_dorothea_intersection,2,130,NFKB1,CCL2,all_caliper_candidates_excluded,False
Kang_IFN_beta,stim,trrust_dorothea_intersection,2,249,STAT1,CCL2,all_caliper_candidates_excluded,False
Kang_IFN_beta,stim,trrust_dorothea_intersection,2,217,RELA,SOD2,all_caliper_candidates_excluded,False
Kang_IFN_beta,stim,trrust_dorothea_intersection,2,132,NFKB1,CCL4,all_caliper_candidates_excluded,False
Kang_IFN_beta,stim,trrust_dorothea_intersection,2,131,NFKB1,CCL3,all_caliper_candidates_excluded,False
Kang_IFN_beta,stim,trrust_dorothea_intersection,2,304,STAT3,S100A11,all_caliper_candidates_excluded,False
Kang_IFN_beta,stim,trrust_dorothea_intersection,2,220,RELA,TIMP1,all_caliper_candidates_excluded,False
Kang_IFN_beta,stim,trrust_dorothea_intersection,2,71,IRF7,CXCL10,all_caliper_candidates_excluded,False
Kang_IFN_beta,stim,trrust_dorothea_intersection,2,67,IRF1,TNFSF10,all_caliper_candidates_excluded,False
Kang_IFN_beta,stim,trrust_dorothea_intersection,2,186,RELA,CCL4,all_caliper_candidates_excluded,False
Kang_IFN_beta,stim,trrust_dorothea_intersection,2,192,RELA,CD74,all_caliper_candidates_excluded,False
Kang_IFN_beta,stim,trrust_dorothea_intersection,2,169,NFKB1,TNFSF10,all_caliper_candidates_excluded,False
Kang_IFN_beta,stim,trrust_dorothea_intersection,2,185,RELA,CCL3,all_caliper_candidates_excluded,False
Kang_IFN_beta,stim,trrust_dorothea_intersection,2,126,NFKB1,B2M,all_caliper_candidates_excluded,False
Kang_IFN_beta,stim,trrust_dorothea_intersection,2,55,IRF1,CXCL10,all_caliper_candidates_excluded,False
Kang_IFN_beta,stim,trrust_dorothea_intersection,2,166,NFKB1,TIMP1,all_caliper_candidates_excluded,False
Kang_IFN_beta,stim,trrust_dorothea_intersection,2,139,NFKB1,CD74,all_caliper_candidates_excluded,False
Kang_IFN_beta,stim,trrust_dorothea_intersection,2,145,NFKB1,CXCL10,all_caliper_candidates_excluded,False
Kang_IFN_beta,stim,trrust_dorothea_intersection,2,101,LEF1,CCL7,all_caliper_candidates_excluded,False
Kang_IFN_beta,stim,trrust_dorothea_intersection,2,198,RELA,CXCL10,all_caliper_candidates_excluded,False
Kang_IFN_beta,stim,trrust_dorothea_intersection,3,132,NFKB1,CCL4,all_caliper_candidates_excluded,False
Kang_IFN_beta,stim,trrust_dorothea_intersection,3,274,STAT1,S100A10,all_caliper_candidates_excluded,False
Kang_IFN_beta,stim,trrust_dorothea_intersection,3,67,IRF1,TNFSF10,all_caliper_candidates_excluded,False
Kang_IFN_beta,stim,trrust_dorothea_intersection,3,164,NFKB1,SOD2,all_caliper_candidates_excluded,False
Kang_IFN_beta,stim,trrust_dorothea_intersection,3,250,STAT1,CCL3,all_caliper_candidates_excluded,False
Kang_IFN_beta,stim,trrust_dorothea_intersection,3,126,NFKB1,B2M,all_caliper_candidates_excluded,False
Kang_IFN_beta,stim,trrust_dorothea_intersection,3,184,RELA,CCL2,all_caliper_candidates_excluded,False
Kang_IFN_beta,stim,trrust_dorothea_intersection,3,198,RELA,CXCL10,all_caliper_candidates_excluded,False
Kang_IFN_beta,stim,trrust_dorothea_intersection,3,166,NFKB1,TIMP1,all_caliper_candidates_excluded,False
Kang_IFN_beta,stim,trrust_dorothea_intersection,3,186,RELA,CCL4,all_caliper_candidates_excluded,False
Kang_IFN_beta,stim,trrust_dorothea_intersection,3,169,NFKB1,TNFSF10,all_caliper_candidates_excluded,False
Kang_IFN_beta,stim,trrust_dorothea_intersection,3,71,IRF7,CXCL10,all_caliper_candidates_excluded,False
Kang_IFN_beta,stim,trrust_dorothea_intersection,3,139,NFKB1,CD74,all_caliper_candidates_excluded,False
Kang_IFN_beta,stim,trrust_dorothea_intersection,3,257,STAT1,CXCL10,all_caliper_candidates_excluded,False
Kang_IFN_beta,stim,trrust_dorothea_intersection,3,249,STAT1,CCL2,all_caliper_candidates_excluded,False
Kang_IFN_beta,stim,trrust_dorothea_intersection,3,69,IRF3,CXCL10,all_caliper_candidates_excluded,False
Kang_IFN_beta,stim,trrust_dorothea_intersection,3,95,JUN,TXN,all_caliper_candidates_excluded,False
Kang_IFN_beta,stim,trrust_dorothea_intersection,3,79,JUN,CCL2,all_caliper_candidates_excluded,False
Kang_IFN_beta,stim,trrust_dorothea_intersection,3,308,STAT3,TIMP1,all_caliper_candidates_excluded,False
Kang_IFN_beta,stim,trrust_dorothea_intersection,3,185,RELA,CCL3,all_caliper_candidates_excluded,False
Kang_IFN_beta,stim,trrust_dorothea_intersection,3,304,STAT3,S100A11,all_caliper_candidates_excluded,False
Kang_IFN_beta,stim,trrust_dorothea_intersection,3,192,RELA,CD74,all_caliper_candidates_excluded,False
Kang_IFN_beta,stim,trrust_dorothea_intersection,3,145,NFKB1,CXCL10,all_caliper_candidates_excluded,False
Kang_IFN_beta,stim,trrust_dorothea_intersection,3,55,IRF1,CXCL10,all_caliper_candidates_excluded,False
Kang_IFN_beta,stim,trrust_dorothea_intersection,3,286,STAT3,CCL2,all_caliper_candidates_excluded,False
Kang_IFN_beta,stim,trrust_dorothea_intersection,3,130,NFKB1,CCL2,all_caliper_candidates_excluded,False
Kang_IFN_beta,stim,trrust_dorothea_intersection,3,217,RELA,SOD2,all_caliper_candidates_excluded,False
Kang_IFN_beta,stim,trrust_dorothea_intersection,3,131,NFKB1,CCL3,all_caliper_candidates_excluded,False
Kang_IFN_beta,stim,trrust_dorothea_intersection,3,215,RELA,S100A6,all_caliper_candidates_excluded,False
Kang_IFN_beta,stim,trrust_dorothea_intersection,3,101,LEF1,CCL7,all_caliper_candidates_excluded,False
Kang_IFN_beta,stim,trrust_dorothea_intersection,3,220,RELA,TIMP1,all_caliper_candidates_excluded,False
Kang_IFN_beta,stim,trrust_dorothea_intersection,3,175,REL,CCL2,all_caliper_candidates_excluded,False
Kang_IFN_beta,stim,trrust_dorothea_intersection,3,279,STAT1,TIMP1,all_caliper_candidates_excluded,False
Kang_IFN_beta,stim,trrust_dorothea_intersection,4,164,NFKB1,SOD2,all_caliper_candidates_excluded,False
Kang_IFN_beta,stim,trrust_dorothea_intersection,4,279,STAT1,TIMP1,all_caliper_candidates_excluded,False
Kang_IFN_beta,stim,trrust_dorothea_intersection,4,126,NFKB1,B2M,all_caliper_candidates_excluded,False
Kang_IFN_beta,stim,trrust_dorothea_intersection,4,215,RELA,S100A6,all_caliper_candidates_excluded,False
Kang_IFN_beta,stim,trrust_dorothea_intersection,4,257,STAT1,CXCL10,all_caliper_candidates_excluded,False
Kang_IFN_beta,stim,trrust_dorothea_intersection,4,71,IRF7,CXCL10,all_caliper_candidates_excluded,False
Kang_IFN_beta,stim,trrust_dorothea_intersection,4,130,NFKB1,CCL2,all_caliper_candidates_excluded,False
Kang_IFN_beta,stim,trrust_dorothea_intersection,4,308,STAT3,TIMP1,all_caliper_candidates_excluded,False
Kang_IFN_beta,stim,trrust_dorothea_intersection,4,132,NFKB1,CCL4,all_caliper_candidates_excluded,False
Kang_IFN_beta,stim,trrust_dorothea_intersection,4,274,STAT1,S100A10,all_caliper_candidates_excluded,False
Kang_IFN_beta,stim,trrust_dorothea_intersection,4,145,NFKB1,CXCL10,all_caliper_candidates_excluded,False
Kang_IFN_beta,stim,trrust_dorothea_intersection,4,166,NFKB1,TIMP1,all_caliper_candidates_excluded,False
Kang_IFN_beta,stim,trrust_dorothea_intersection,4,139,NFKB1,CD74,all_caliper_candidates_excluded,False
Kang_IFN_beta,stim,trrust_dorothea_intersection,4,304,STAT3,S100A11,all_caliper_candidates_excluded,False
Kang_IFN_beta,stim,trrust_dorothea_intersection,4,169,NFKB1,TNFSF10,all_caliper_candidates_excluded,False
Kang_IFN_beta,stim,trrust_dorothea_intersection,4,186,RELA,CCL4,all_caliper_candidates_excluded,False
Kang_IFN_beta,stim,trrust_dorothea_intersection,4,55,IRF1,CXCL10,all_caliper_candidates_excluded,False
Kang_IFN_beta,stim,trrust_dorothea_intersection,4,250,STAT1,CCL3,all_caliper_candidates_excluded,False
Kang_IFN_beta,stim,trrust_dorothea_intersection,4,79,JUN,CCL2,all_caliper_candidates_excluded,False
Kang_IFN_beta,stim,trrust_dorothea_intersection,4,185,RELA,CCL3,all_caliper_candidates_excluded,False
Kang_IFN_beta,stim,trrust_dorothea_intersection,4,95,JUN,TXN,all_caliper_candidates_excluded,False
Kang_IFN_beta,stim,trrust_dorothea_intersection,4,69,IRF3,CXCL10,all_caliper_candidates_excluded,False
Kang_IFN_beta,stim,trrust_dorothea_intersection,4,198,RELA,CXCL10,all_caliper_candidates_excluded,False
Kang_IFN_beta,stim,trrust_dorothea_intersection,4,220,RELA,TIMP1,all_caliper_candidates_excluded,False
Kang_IFN_beta,stim,trrust_dorothea_intersection,4,192,RELA,CD74,all_caliper_candidates_excluded,False
Kang_IFN_beta,stim,trrust_dorothea_intersection,4,286,STAT3,CCL2,all_caliper_candidates_excluded,False
Kang_IFN_beta,stim,trrust_dorothea_intersection,4,67,IRF1,TNFSF10,all_caliper_candidates_excluded,False
Kang_IFN_beta,stim,trrust_dorothea_intersection,4,131,NFKB1,CCL3,all_caliper_candidates_excluded,False
Kang_IFN_beta,stim,trrust_dorothea_intersection,4,101,LEF1,CCL7,all_caliper_candidates_excluded,False
Kang_IFN_beta,stim,trrust_dorothea_intersection,4,217,RELA,SOD2,all_caliper_candidates_excluded,False
Kang_IFN_beta,stim,trrust_dorothea_intersection,4,175,REL,CCL2,all_caliper_candidates_excluded,False
Kang_IFN_beta,stim,trrust_dorothea_intersection,4,184,RELA,CCL2,all_caliper_candidates_excluded,False
Kang_IFN_beta,stim,trrust_dorothea_intersection,4,249,STAT1,CCL2,all_caliper_candidates_excluded,False
Kang_IFN_beta,stim,trrust_dorothea_intersection,5,308,STAT3,TIMP1,all_caliper_candidates_excluded,False
Kang_IFN_beta,stim,trrust_dorothea_intersection,5,185,RELA,CCL3,all_caliper_candidates_excluded,False
Kang_IFN_beta,stim,trrust_dorothea_intersection,5,217,RELA,SOD2,all_caliper_candidates_excluded,False
Kang_IFN_beta,stim,trrust_dorothea_intersection,5,286,STAT3,CCL2,all_caliper_candidates_excluded,False
Kang_IFN_beta,stim,trrust_dorothea_intersection,5,55,IRF1,CXCL10,all_caliper_candidates_excluded,False
Kang_IFN_beta,stim,trrust_dorothea_intersection,5,186,RELA,CCL4,all_caliper_candidates_excluded,False
Kang_IFN_beta,stim,trrust_dorothea_intersection,5,126,NFKB1,B2M,all_caliper_candidates_excluded,False
Kang_IFN_beta,stim,trrust_dorothea_intersection,5,257,STAT1,CXCL10,all_caliper_candidates_excluded,False
Kang_IFN_beta,stim,trrust_dorothea_intersection,5,166,NFKB1,TIMP1,all_caliper_candidates_excluded,False
Kang_IFN_beta,stim,trrust_dorothea_intersection,5,169,NFKB1,TNFSF10,all_caliper_candidates_excluded,False
Kang_IFN_beta,stim,trrust_dorothea_intersection,5,71,IRF7,CXCL10,all_caliper_candidates_excluded,False
Kang_IFN_beta,stim,trrust_dorothea_intersection,5,279,STAT1,TIMP1,all_caliper_candidates_excluded,False
Kang_IFN_beta,stim,trrust_dorothea_intersection,5,215,RELA,S100A6,all_caliper_candidates_excluded,False
Kang_IFN_beta,stim,trrust_dorothea_intersection,5,198,RELA,CXCL10,all_caliper_candidates_excluded,False
Kang_IFN_beta,stim,trrust_dorothea_intersection,5,175,REL,CCL2,all_caliper_candidates_excluded,False
Kang_IFN_beta,stim,trrust_dorothea_intersection,5,164,NFKB1,SOD2,all_caliper_candidates_excluded,False
Kang_IFN_beta,stim,trrust_dorothea_intersection,5,250,STAT1,CCL3,all_caliper_candidates_excluded,False
Kang_IFN_beta,stim,trrust_dorothea_intersection,5,192,RELA,CD74,all_caliper_candidates_excluded,False
Kang_IFN_beta,stim,trrust_dorothea_intersection,5,274,STAT1,S100A10,all_caliper_candidates_excluded,False
Kang_IFN_beta,stim,trrust_dorothea_intersection,5,69,IRF3,CXCL10,all_caliper_candidates_excluded,False
Kang_IFN_beta,stim,trrust_dorothea_intersection,5,220,RELA,TIMP1,all_caliper_candidates_excluded,False
Kang_IFN_beta,stim,trrust_dorothea_intersection,5,132,NFKB1,CCL4,all_caliper_candidates_excluded,False
Kang_IFN_beta,stim,trrust_dorothea_intersection,5,139,NFKB1,CD74,all_caliper_candidates_excluded,False
Kang_IFN_beta,stim,trrust_dorothea_intersection,5,184,RELA,CCL2,all_caliper_candidates_excluded,False
Kang_IFN_beta,stim,trrust_dorothea_intersection,5,131,NFKB1,CCL3,all_caliper_candidates_excluded,False
Kang_IFN_beta,stim,trrust_dorothea_intersection,5,249,STAT1,CCL2,all_caliper_candidates_excluded,False
Kang_IFN_beta,stim,trrust_dorothea_intersection,5,130,NFKB1,CCL2,all_caliper_candidates_excluded,False
Kang_IFN_beta,stim,trrust_dorothea_intersection,5,304,STAT3,S100A11,all_caliper_candidates_excluded,False
Kang_IFN_beta,stim,trrust_dorothea_intersection,5,95,JUN,TXN,all_caliper_candidates_excluded,False
Kang_IFN_beta,stim,trrust_dorothea_intersection,5,67,IRF1,TNFSF10,all_caliper_candidates_excluded,False
Kang_IFN_beta,stim,trrust_dorothea_intersection,5,79,JUN,CCL2,all_caliper_candidates_excluded,False
Kang_IFN_beta,stim,trrust_dorothea_intersection,5,145,NFKB1,CXCL10,all_caliper_candidates_excluded,False
Kang_IFN_beta,stim,trrust_dorothea_intersection,5,101,LEF1,CCL7,all_caliper_candidates_excluded,False
Kang_IFN_beta,stim,trrust_dorothea_intersection,6,101,LEF1,CCL7,all_caliper_candidates_excluded,False
Kang_IFN_beta,stim,trrust_dorothea_intersection,6,250,STAT1,CCL3,all_caliper_candidates_excluded,False
Kang_IFN_beta,stim,trrust_dorothea_intersection,6,304,STAT3,S100A11,all_caliper_candidates_excluded,False
Kang_IFN_beta,stim,trrust_dorothea_intersection,6,279,STAT1,TIMP1,all_caliper_candidates_excluded,False
Kang_IFN_beta,stim,trrust_dorothea_intersection,6,257,STAT1,CXCL10,all_caliper_candidates_excluded,False
Kang_IFN_beta,stim,trrust_dorothea_intersection,6,217,RELA,SOD2,all_caliper_candidates_excluded,False
Kang_IFN_beta,stim,trrust_dorothea_intersection,6,145,NFKB1,CXCL10,all_caliper_candidates_excluded,False
Kang_IFN_beta,stim,trrust_dorothea_intersection,6,95,JUN,TXN,all_caliper_candidates_excluded,False
Kang_IFN_beta,stim,trrust_dorothea_intersection,6,215,RELA,S100A6,all_caliper_candidates_excluded,False
Kang_IFN_beta,stim,trrust_dorothea_intersection,6,126,NFKB1,B2M,all_caliper_candidates_excluded,False
Kang_IFN_beta,stim,trrust_dorothea_intersection,6,220,RELA,TIMP1,all_caliper_candidates_excluded,False
Kang_IFN_beta,stim,trrust_dorothea_intersection,6,184,RELA,CCL2,all_caliper_candidates_excluded,False
Kang_IFN_beta,stim,trrust_dorothea_intersection,6,132,NFKB1,CCL4,all_caliper_candidates_excluded,False
Kang_IFN_beta,stim,trrust_dorothea_intersection,6,139,NFKB1,CD74,all_caliper_candidates_excluded,False
Kang_IFN_beta,stim,trrust_dorothea_intersection,6,286,STAT3,CCL2,all_caliper_candidates_excluded,False
Kang_IFN_beta,stim,trrust_dorothea_intersection,6,192,RELA,CD74,all_caliper_candidates_excluded,False
Kang_IFN_beta,stim,trrust_dorothea_intersection,6,164,NFKB1,SOD2,all_caliper_candidates_excluded,False
Kang_IFN_beta,stim,trrust_dorothea_intersection,6,131,NFKB1,CCL3,all_caliper_candidates_excluded,False
Kang_IFN_beta,stim,trrust_dorothea_intersection,6,130,NFKB1,CCL2,all_caliper_candidates_excluded,False
Kang_IFN_beta,stim,trrust_dorothea_intersection,6,274,STAT1,S100A10,all_caliper_candidates_excluded,False
Kang_IFN_beta,stim,trrust_dorothea_intersection,6,308,STAT3,TIMP1,all_caliper_candidates_excluded,False
Kang_IFN_beta,stim,trrust_dorothea_intersection,6,185,RELA,CCL3,all_caliper_candidates_excluded,False
Kang_IFN_beta,stim,trrust_dorothea_intersection,6,166,NFKB1,TIMP1,all_caliper_candidates_excluded,False
Kang_IFN_beta,stim,trrust_dorothea_intersection,6,249,STAT1,CCL2,all_caliper_candidates_excluded,False
Kang_IFN_beta,stim,trrust_dorothea_intersection,6,79,JUN,CCL2,all_caliper_candidates_excluded,False
Kang_IFN_beta,stim,trrust_dorothea_intersection,6,198,RELA,CXCL10,all_caliper_candidates_excluded,False
Kang_IFN_beta,stim,trrust_dorothea_intersection,6,186,RELA,CCL4,all_caliper_candidates_excluded,False
Kang_IFN_beta,stim,trrust_dorothea_intersection,6,175,REL,CCL2,all_caliper_candidates_excluded,False
Kang_IFN_beta,stim,trrust_dorothea_intersection,6,67,IRF1,TNFSF10,all_caliper_candidates_excluded,False
Kang_IFN_beta,stim,trrust_dorothea_intersection,6,55,IRF1,CXCL10,all_caliper_candidates_excluded,False
Kang_IFN_beta,stim,trrust_dorothea_intersection,6,169,NFKB1,TNFSF10,all_caliper_candidates_excluded,False
Kang_IFN_beta,stim,trrust_dorothea_intersection,6,71,IRF7,CXCL10,all_caliper_candidates_excluded,False
Kang_IFN_beta,stim,trrust_dorothea_intersection,6,69,IRF3,CXCL10,all_caliper_candidates_excluded,False
Kang_IFN_beta,stim,trrust_dorothea_intersection,7,217,RELA,SOD2,all_caliper_candidates_excluded,False
Kang_IFN_beta,stim,trrust_dorothea_intersection,7,286,STAT3,CCL2,all_caliper_candidates_excluded,False
Kang_IFN_beta,stim,trrust_dorothea_intersection,7,166,NFKB1,TIMP1,all_caliper_candidates_excluded,False
Kang_IFN_beta,stim,trrust_dorothea_intersection,7,132,NFKB1,CCL4,all_caliper_candidates_excluded,False
Kang_IFN_beta,stim,trrust_dorothea_intersection,7,67,IRF1,TNFSF10,all_caliper_candidates_excluded,False
Kang_IFN_beta,stim,trrust_dorothea_intersection,7,250,STAT1,CCL3,all_caliper_candidates_excluded,False
Kang_IFN_beta,stim,trrust_dorothea_intersection,7,175,REL,CCL2,all_caliper_candidates_excluded,False
Kang_IFN_beta,stim,trrust_dorothea_intersection,7,169,NFKB1,TNFSF10,all_caliper_candidates_excluded,False
Kang_IFN_beta,stim,trrust_dorothea_intersection,7,249,STAT1,CCL2,all_caliper_candidates_excluded,False
Kang_IFN_beta,stim,trrust_dorothea_intersection,7,257,STAT1,CXCL10,all_caliper_candidates_excluded,False
Kang_IFN_beta,stim,trrust_dorothea_intersection,7,186,RELA,CCL4,all_caliper_candidates_excluded,False
Kang_IFN_beta,stim,trrust_dorothea_intersection,7,139,NFKB1,CD74,all_caliper_candidates_excluded,False
Kang_IFN_beta,stim,trrust_dorothea_intersection,7,215,RELA,S100A6,all_caliper_candidates_excluded,False
Kang_IFN_beta,stim,trrust_dorothea_intersection,7,69,IRF3,CXCL10,all_caliper_candidates_excluded,False
Kang_IFN_beta,stim,trrust_dorothea_intersection,7,185,RELA,CCL3,all_caliper_candidates_excluded,False
Kang_IFN_beta,stim,trrust_dorothea_intersection,7,184,RELA,CCL2,all_caliper_candidates_excluded,False
Kang_IFN_beta,stim,trrust_dorothea_intersection,7,220,RELA,TIMP1,all_caliper_candidates_excluded,False
Kang_IFN_beta,stim,trrust_dorothea_intersection,7,130,NFKB1,CCL2,all_caliper_candidates_excluded,False
Kang_IFN_beta,stim,trrust_dorothea_intersection,7,145,NFKB1,CXCL10,all_caliper_candidates_excluded,False
Kang_IFN_beta,stim,trrust_dorothea_intersection,7,71,IRF7,CXCL10,all_caliper_candidates_excluded,False
Kang_IFN_beta,stim,trrust_dorothea_intersection,7,198,RELA,CXCL10,all_caliper_candidates_excluded,False
Kang_IFN_beta,stim,trrust_dorothea_intersection,7,192,RELA,CD74,all_caliper_candidates_excluded,False
Kang_IFN_beta,stim,trrust_dorothea_intersection,7,126,NFKB1,B2M,all_caliper_candidates_excluded,False
Kang_IFN_beta,stim,trrust_dorothea_intersection,7,308,STAT3,TIMP1,all_caliper_candidates_excluded,False
Kang_IFN_beta,stim,trrust_dorothea_intersection,7,274,STAT1,S100A10,all_caliper_candidates_excluded,False
Kang_IFN_beta,stim,trrust_dorothea_intersection,7,164,NFKB1,SOD2,all_caliper_candidates_excluded,False
Kang_IFN_beta,stim,trrust_dorothea_intersection,7,79,JUN,CCL2,all_caliper_candidates_excluded,False
Kang_IFN_beta,stim,trrust_dorothea_intersection,7,55,IRF1,CXCL10,all_caliper_candidates_excluded,False
Kang_IFN_beta,stim,trrust_dorothea_intersection,7,304,STAT3,S100A11,all_caliper_candidates_excluded,False
Kang_IFN_beta,stim,trrust_dorothea_intersection,7,101,LEF1,CCL7,all_caliper_candidates_excluded,False
Kang_IFN_beta,stim,trrust_dorothea_intersection,7,131,NFKB1,CCL3,all_caliper_candidates_excluded,False
Kang_IFN_beta,stim,trrust_dorothea_intersection,7,279,STAT1,TIMP1,all_caliper_candidates_excluded,False
Kang_IFN_beta,stim,trrust_dorothea_intersection,7,95,JUN,TXN,all_caliper_candidates_excluded,False
Kang_IFN_beta,stim,trrust_dorothea_intersection,8,79,JUN,CCL2,all_caliper_candidates_excluded,False
Kang_IFN_beta,stim,trrust_dorothea_intersection,8,175,REL,CCL2,all_caliper_candidates_excluded,False
Kang_IFN_beta,stim,trrust_dorothea_intersection,8,71,IRF7,CXCL10,all_caliper_candidates_excluded,False
Kang_IFN_beta,stim,trrust_dorothea_intersection,8,145,NFKB1,CXCL10,all_caliper_candidates_excluded,False
Kang_IFN_beta,stim,trrust_dorothea_intersection,8,249,STAT1,CCL2,all_caliper_candidates_excluded,False
Kang_IFN_beta,stim,trrust_dorothea_intersection,8,286,STAT3,CCL2,all_caliper_candidates_excluded,False
Kang_IFN_beta,stim,trrust_dorothea_intersection,8,185,RELA,CCL3,all_caliper_candidates_excluded,False
Kang_IFN_beta,stim,trrust_dorothea_intersection,8,130,NFKB1,CCL2,all_caliper_candidates_excluded,False
Kang_IFN_beta,stim,trrust_dorothea_intersection,8,220,RELA,TIMP1,all_caliper_candidates_excluded,False
Kang_IFN_beta,stim,trrust_dorothea_intersection,8,164,NFKB1,SOD2,all_caliper_candidates_excluded,False
Kang_IFN_beta,stim,trrust_dorothea_intersection,8,69,IRF3,CXCL10,all_caliper_candidates_excluded,False
Kang_IFN_beta,stim,trrust_dorothea_intersection,8,166,NFKB1,TIMP1,all_caliper_candidates_excluded,False
Kang_IFN_beta,stim,trrust_dorothea_intersection,8,169,NFKB1,TNFSF10,all_caliper_candidates_excluded,False
Kang_IFN_beta,stim,trrust_dorothea_intersection,8,186,RELA,CCL4,all_caliper_candidates_excluded,False
Kang_IFN_beta,stim,trrust_dorothea_intersection,8,217,RELA,SOD2,all_caliper_candidates_excluded,False
Kang_IFN_beta,stim,trrust_dorothea_intersection,8,67,IRF1,TNFSF10,all_caliper_candidates_excluded,False
Kang_IFN_beta,stim,trrust_dorothea_intersection,8,215,RELA,S100A6,all_caliper_candidates_excluded,False
Kang_IFN_beta,stim,trrust_dorothea_intersection,8,101,LEF1,CCL7,all_caliper_candidates_excluded,False
Kang_IFN_beta,stim,trrust_dorothea_intersection,8,131,NFKB1,CCL3,all_caliper_candidates_excluded,False
Kang_IFN_beta,stim,trrust_dorothea_intersection,8,257,STAT1,CXCL10,all_caliper_candidates_excluded,False
Kang_IFN_beta,stim,trrust_dorothea_intersection,8,198,RELA,CXCL10,all_caliper_candidates_excluded,False
Kang_IFN_beta,stim,trrust_dorothea_intersection,8,274,STAT1,S100A10,all_caliper_candidates_excluded,False
Kang_IFN_beta,stim,trrust_dorothea_intersection,8,279,STAT1,TIMP1,all_caliper_candidates_excluded,False
Kang_IFN_beta,stim,trrust_dorothea_intersection,8,308,STAT3,TIMP1,all_caliper_candidates_excluded,False
Kang_IFN_beta,stim,trrust_dorothea_intersection,8,304,STAT3,S100A11,all_caliper_candidates_excluded,False
Kang_IFN_beta,stim,trrust_dorothea_intersection,8,132,NFKB1,CCL4,all_caliper_candidates_excluded,False
Kang_IFN_beta,stim,trrust_dorothea_intersection,8,55,IRF1,CXCL10,all_caliper_candidates_excluded,False
Kang_IFN_beta,stim,trrust_dorothea_intersection,8,126,NFKB1,B2M,all_caliper_candidates_excluded,False
Kang_IFN_beta,stim,trrust_dorothea_intersection,8,192,RELA,CD74,all_caliper_candidates_excluded,False
Kang_IFN_beta,stim,trrust_dorothea_intersection,8,95,JUN,TXN,all_caliper_candidates_excluded,False
Kang_IFN_beta,stim,trrust_dorothea_intersection,8,139,NFKB1,CD74,all_caliper_candidates_excluded,False
Kang_IFN_beta,stim,trrust_dorothea_intersection,8,250,STAT1,CCL3,all_caliper_candidates_excluded,False
Kang_IFN_beta,stim,trrust_dorothea_intersection,8,184,RELA,CCL2,all_caliper_candidates_excluded,False
Kang_IFN_beta,stim,trrust_dorothea_intersection,9,131,NFKB1,CCL3,all_caliper_candidates_excluded,False
Kang_IFN_beta,stim,trrust_dorothea_intersection,9,69,IRF3,CXCL10,all_caliper_candidates_excluded,False
Kang_IFN_beta,stim,trrust_dorothea_intersection,9,250,STAT1,CCL3,all_caliper_candidates_excluded,False
Kang_IFN_beta,stim,trrust_dorothea_intersection,9,274,STAT1,S100A10,all_caliper_candidates_excluded,False
Kang_IFN_beta,stim,trrust_dorothea_intersection,9,166,NFKB1,TIMP1,all_caliper_candidates_excluded,False
Kang_IFN_beta,stim,trrust_dorothea_intersection,9,279,STAT1,TIMP1,all_caliper_candidates_excluded,False
Kang_IFN_beta,stim,trrust_dorothea_intersection,9,286,STAT3,CCL2,all_caliper_candidates_excluded,False
Kang_IFN_beta,stim,trrust_dorothea_intersection,9,215,RELA,S100A6,all_caliper_candidates_excluded,False
Kang_IFN_beta,stim,trrust_dorothea_intersection,9,55,IRF1,CXCL10,all_caliper_candidates_excluded,False
Kang_IFN_beta,stim,trrust_dorothea_intersection,9,67,IRF1,TNFSF10,all_caliper_candidates_excluded,False
Kang_IFN_beta,stim,trrust_dorothea_intersection,9,130,NFKB1,CCL2,all_caliper_candidates_excluded,False
Kang_IFN_beta,stim,trrust_dorothea_intersection,9,126,NFKB1,B2M,all_caliper_candidates_excluded,False
Kang_IFN_beta,stim,trrust_dorothea_intersection,9,79,JUN,CCL2,all_caliper_candidates_excluded,False
Kang_IFN_beta,stim,trrust_dorothea_intersection,9,308,STAT3,TIMP1,all_caliper_candidates_excluded,False
Kang_IFN_beta,stim,trrust_dorothea_intersection,9,217,RELA,SOD2,all_caliper_candidates_excluded,False
Kang_IFN_beta,stim,trrust_dorothea_intersection,9,184,RELA,CCL2,all_caliper_candidates_excluded,False
Kang_IFN_beta,stim,trrust_dorothea_intersection,9,304,STAT3,S100A11,all_caliper_candidates_excluded,False
Kang_IFN_beta,stim,trrust_dorothea_intersection,9,101,LEF1,CCL7,all_caliper_candidates_excluded,False
Kang_IFN_beta,stim,trrust_dorothea_intersection,9,71,IRF7,CXCL10,all_caliper_candidates_excluded,False
Kang_IFN_beta,stim,trrust_dorothea_intersection,9,132,NFKB1,CCL4,all_caliper_candidates_excluded,False
Kang_IFN_beta,stim,trrust_dorothea_intersection,9,169,NFKB1,TNFSF10,all_caliper_candidates_excluded,False
Kang_IFN_beta,stim,trrust_dorothea_intersection,9,249,STAT1,CCL2,all_caliper_candidates_excluded,False
Kang_IFN_beta,stim,trrust_dorothea_intersection,9,185,RELA,CCL3,all_caliper_candidates_excluded,False
Kang_IFN_beta,stim,trrust_dorothea_intersection,9,164,NFKB1,SOD2,all_caliper_candidates_excluded,False
Kang_IFN_beta,stim,trrust_dorothea_intersection,9,257,STAT1,CXCL10,all_caliper_candidates_excluded,False
Kang_IFN_beta,stim,trrust_dorothea_intersection,9,220,RELA,TIMP1,all_caliper_candidates_excluded,False
Kang_IFN_beta,stim,trrust_dorothea_intersection,9,198,RELA,CXCL10,all_caliper_candidates_excluded,False
Kang_IFN_beta,stim,trrust_dorothea_intersection,9,139,NFKB1,CD74,all_caliper_candidates_excluded,False
Kang_IFN_beta,stim,trrust_dorothea_intersection,9,95,JUN,TXN,all_caliper_candidates_excluded,False
Kang_IFN_beta,stim,trrust_dorothea_intersection,9,145,NFKB1,CXCL10,all_caliper_candidates_excluded,False
Kang_IFN_beta,stim,trrust_dorothea_intersection,9,192,RELA,CD74,all_caliper_candidates_excluded,False
Kang_IFN_beta,stim,trrust_dorothea_intersection,9,175,REL,CCL2,all_caliper_candidates_excluded,False
Kang_IFN_beta,stim,trrust_dorothea_intersection,9,186,RELA,CCL4,all_caliper_candidates_excluded,False
GSE178429_IFN_gamma,ctrl_6h,trrust_dorothea_intersection,0,212,RELA,CCL5,all_caliper_candidates_excluded,False
GSE178429_IFN_gamma,ctrl_6h,trrust_dorothea_intersection,0,201,POU2F2,HLA-DRA,all_caliper_candidates_excluded,False
GSE178429_IFN_gamma,ctrl_6h,trrust_dorothea_intersection,0,166,NFKB1,CD74,all_caliper_candidates_excluded,False
GSE178429_IFN_gamma,ctrl_6h,trrust_dorothea_intersection,0,433,YY1,GNAS,all_caliper_candidates_excluded,False
GSE178429_IFN_gamma,ctrl_6h,trrust_dorothea_intersection,0,108,JUN,CXCL8,all_caliper_candidates_excluded,False
GSE178429_IFN_gamma,ctrl_6h,trrust_dorothea_intersection,0,244,RELA,TIMP1,all_caliper_candidates_excluded,False
GSE178429_IFN_gamma,ctrl_6h,trrust_dorothea_intersection,0,161,NFKB1,CCL5,all_caliper_candidates_excluded,False
GSE178429_IFN_gamma,ctrl_6h,trrust_dorothea_intersection,0,90,IRF1,HLA-A,all_caliper_candidates_excluded,False
GSE178429_IFN_gamma,ctrl_6h,trrust_dorothea_intersection,0,302,SPI1,CCL5,all_caliper_candidates_excluded,False
GSE178429_IFN_gamma,ctrl_6h,trrust_dorothea_intersection,0,415,USF2,B2M,all_caliper_candidates_excluded,False
GSE178429_IFN_gamma,ctrl_6h,trrust_dorothea_intersection,0,332,STAT1,S100A10,all_caliper_candidates_excluded,False
GSE178429_IFN_gamma,ctrl_6h,trrust_dorothea_intersection,0,72,HIF1A,ENO1,all_caliper_candidates_excluded,False
GSE178429_IFN_gamma,ctrl_6h,trrust_dorothea_intersection,0,215,RELA,CD74,all_caliper_candidates_excluded,False
GSE178429_IFN_gamma,ctrl_6h,trrust_dorothea_intersection,0,260,RUNX1,TIMP1,all_caliper_candidates_excluded,False
GSE178429_IFN_gamma,ctrl_6h,trrust_dorothea_intersection,0,220,RELA,CXCL8,all_caliper_candidates_excluded,False
GSE178429_IFN_gamma,ctrl_6h,trrust_dorothea_intersection,0,361,STAT3,TIMP1,all_caliper_candidates_excluded,False
GSE178429_IFN_gamma,ctrl_6h,trrust_dorothea_intersection,0,70,HIF1A,CXCR4,all_caliper_candidates_excluded,False
GSE178429_IFN_gamma,ctrl_6h,trrust_dorothea_intersection,0,104,JUN,CCL5,all_caliper_candidates_excluded,False
GSE178429_IFN_gamma,ctrl_6h,trrust_dorothea_intersection,0,22,CREB1,CXCR4,all_caliper_candidates_excluded,False
GSE178429_IFN_gamma,ctrl_6h,trrust_dorothea_intersection,0,87,IRF1,CCL5,all_caliper_candidates_excluded,False
GSE178429_IFN_gamma,ctrl_6h,trrust_dorothea_intersection,0,445,ZEB2,VIM,all_caliper_candidates_excluded,False
GSE178429_IFN_gamma,ctrl_6h,trrust_dorothea_intersection,0,156,NFKB1,B2M,all_caliper_candidates_excluded,False
GSE178429_IFN_gamma,ctrl_6h,trrust_dorothea_intersection,0,163,NFKB1,CCR7,all_caliper_candidates_excluded,False
GSE178429_IFN_gamma,ctrl_6h,trrust_dorothea_intersection,0,123,JUND,CCL5,all_caliper_candidates_excluded,False
GSE178429_IFN_gamma,ctrl_6h,trrust_dorothea_intersection,0,337,STAT1,TIMP1,all_caliper_candidates_excluded,False
GSE178429_IFN_gamma,ctrl_6h,trrust_dorothea_intersection,0,14,CEBPB,CXCL8,all_caliper_candidates_excluded,False
GSE178429_IFN_gamma,ctrl_6h,trrust_dorothea_intersection,0,221,RELA,CXCR4,all_caliper_candidates_excluded,False
GSE178429_IFN_gamma,ctrl_6h,trrust_dorothea_intersection,0,191,NFKB1,SQSTM1,all_caliper_candidates_excluded,False
GSE178429_IFN_gamma,ctrl_6h,trrust_dorothea_intersection,0,321,STAT1,HLA-E,all_caliper_candidates_excluded,False
GSE178429_IFN_gamma,ctrl_6h,trrust_dorothea_intersection,0,55,ETS1,SQSTM1,all_caliper_candidates_excluded,False
GSE178429_IFN_gamma,ctrl_6h,trrust_dorothea_intersection,0,171,NFKB1,CXCL8,all_caliper_candidates_excluded,False
GSE178429_IFN_gamma,ctrl_6h,trrust_dorothea_intersection,0,430,YY1,CXCR4,all_caliper_candidates_excluded,False
GSE178429_IFN_gamma,ctrl_6h,trrust_dorothea_intersection,0,136,MYC,CXCR4,all_caliper_candidates_excluded,False
GSE178429_IFN_gamma,ctrl_6h,trrust_dorothea_intersection,0,20,CREB1,CCL5,all_caliper_candidates_excluded,False
GSE178429_IFN_gamma,ctrl_6h,trrust_dorothea_intersection,0,298,SP3,TIMP1,all_caliper_candidates_excluded,False
GSE178429_IFN_gamma,ctrl_6h,trrust_dorothea_intersection,0,426,USF2,THBS1,all_caliper_candidates_excluded,False
GSE178429_IFN_gamma,ctrl_6h,trrust_dorothea_intersection,0,192,NFKB1,TIMP1,all_caliper_candidates_excluded,False
GSE178429_IFN_gamma,ctrl_6h,trrust_dorothea_intersection,0,419,USF2,CXCR4,all_caliper_candidates_excluded,False
GSE178429_IFN_gamma,ctrl_6h,trrust_dorothea_intersection,0,7,ATF4,CXCL8,all_caliper_candidates_excluded,False
GSE178429_IFN_gamma,ctrl_6h,trrust_dorothea_intersection,0,46,ETS1,CXCR4,all_caliper_candidates_excluded,False
GSE178429_IFN_gamma,ctrl_6h,trrust_dorothea_intersection,0,410,TP53,THBS1,all_caliper_candidates_excluded,False
GSE178429_IFN_gamma,ctrl_6h,trrust_dorothea_intersection,1,87,IRF1,CCL5,all_caliper_candidates_excluded,False
GSE178429_IFN_gamma,ctrl_6h,trrust_dorothea_intersection,1,415,USF2,B2M,all_caliper_candidates_excluded,False
GSE178429_IFN_gamma,ctrl_6h,trrust_dorothea_intersection,1,20,CREB1,CCL5,all_caliper_candidates_excluded,False
GSE178429_IFN_gamma,ctrl_6h,trrust_dorothea_intersection,1,410,TP53,THBS1,all_caliper_candidates_excluded,False
GSE178429_IFN_gamma,ctrl_6h,trrust_dorothea_intersection,1,445,ZEB2,VIM,all_caliper_candidates_excluded,False
GSE178429_IFN_gamma,ctrl_6h,trrust_dorothea_intersection,1,212,RELA,CCL5,all_caliper_candidates_excluded,False
GSE178429_IFN_gamma,ctrl_6h,trrust_dorothea_intersection,1,244,RELA,TIMP1,all_caliper_candidates_excluded,False
GSE178429_IFN_gamma,ctrl_6h,trrust_dorothea_intersection,1,7,ATF4,CXCL8,all_caliper_candidates_excluded,False
GSE178429_IFN_gamma,ctrl_6h,trrust_dorothea_intersection,1,302,SPI1,CCL5,all_caliper_candidates_excluded,False
GSE178429_IFN_gamma,ctrl_6h,trrust_dorothea_intersection,1,156,NFKB1,B2M,all_caliper_candidates_excluded,False
GSE178429_IFN_gamma,ctrl_6h,trrust_dorothea_intersection,1,220,RELA,CXCL8,all_caliper_candidates_excluded,False
GSE178429_IFN_gamma,ctrl_6h,trrust_dorothea_intersection,1,22,CREB1,CXCR4,all_caliper_candidates_excluded,False
GSE178429_IFN_gamma,ctrl_6h,trrust_dorothea_intersection,1,191,NFKB1,SQSTM1,all_caliper_candidates_excluded,False
GSE178429_IFN_gamma,ctrl_6h,trrust_dorothea_intersection,1,14,CEBPB,CXCL8,all_caliper_candidates_excluded,False
GSE178429_IFN_gamma,ctrl_6h,trrust_dorothea_intersection,1,90,IRF1,HLA-A,all_caliper_candidates_excluded,False
GSE178429_IFN_gamma,ctrl_6h,trrust_dorothea_intersection,1,337,STAT1,TIMP1,all_caliper_candidates_excluded,False
GSE178429_IFN_gamma,ctrl_6h,trrust_dorothea_intersection,1,321,STAT1,HLA-E,all_caliper_candidates_excluded,False
GSE178429_IFN_gamma,ctrl_6h,trrust_dorothea_intersection,1,298,SP3,TIMP1,all_caliper_candidates_excluded,False
GSE178429_IFN_gamma,ctrl_6h,trrust_dorothea_intersection,1,419,USF2,CXCR4,all_caliper_candidates_excluded,False
GSE178429_IFN_gamma,ctrl_6h,trrust_dorothea_intersection,1,332,STAT1,S100A10,all_caliper_candidates_excluded,False
GSE178429_IFN_gamma,ctrl_6h,trrust_dorothea_intersection,1,260,RUNX1,TIMP1,all_caliper_candidates_excluded,False
GSE178429_IFN_gamma,ctrl_6h,trrust_dorothea_intersection,1,221,RELA,CXCR4,all_caliper_candidates_excluded,False
GSE178429_IFN_gamma,ctrl_6h,trrust_dorothea_intersection,1,70,HIF1A,CXCR4,all_caliper_candidates_excluded,False
GSE178429_IFN_gamma,ctrl_6h,trrust_dorothea_intersection,1,166,NFKB1,CD74,all_caliper_candidates_excluded,False
GSE178429_IFN_gamma,ctrl_6h,trrust_dorothea_intersection,1,361,STAT3,TIMP1,all_caliper_candidates_excluded,False
GSE178429_IFN_gamma,ctrl_6h,trrust_dorothea_intersection,1,426,USF2,THBS1,all_caliper_candidates_excluded,False
GSE178429_IFN_gamma,ctrl_6h,trrust_dorothea_intersection,1,430,YY1,CXCR4,all_caliper_candidates_excluded,False
GSE178429_IFN_gamma,ctrl_6h,trrust_dorothea_intersection,1,108,JUN,CXCL8,all_caliper_candidates_excluded,False
GSE178429_IFN_gamma,ctrl_6h,trrust_dorothea_intersection,1,55,ETS1,SQSTM1,all_caliper_candidates_excluded,False
GSE178429_IFN_gamma,ctrl_6h,trrust_dorothea_intersection,1,104,JUN,CCL5,all_caliper_candidates_excluded,False
GSE178429_IFN_gamma,ctrl_6h,trrust_dorothea_intersection,1,161,NFKB1,CCL5,all_caliper_candidates_excluded,False
GSE178429_IFN_gamma,ctrl_6h,trrust_dorothea_intersection,1,123,JUND,CCL5,all_caliper_candidates_excluded,False
GSE178429_IFN_gamma,ctrl_6h,trrust_dorothea_intersection,1,192,NFKB1,TIMP1,all_caliper_candidates_excluded,False
GSE178429_IFN_gamma,ctrl_6h,trrust_dorothea_intersection,1,163,NFKB1,CCR7,all_caliper_candidates_excluded,False
GSE178429_IFN_gamma,ctrl_6h,trrust_dorothea_intersection,1,72,HIF1A,ENO1,all_caliper_candidates_excluded,False
GSE178429_IFN_gamma,ctrl_6h,trrust_dorothea_intersection,1,215,RELA,CD74,all_caliper_candidates_excluded,False
GSE178429_IFN_gamma,ctrl_6h,trrust_dorothea_intersection,1,171,NFKB1,CXCL8,all_caliper_candidates_excluded,False
GSE178429_IFN_gamma,ctrl_6h,trrust_dorothea_intersection,1,201,POU2F2,HLA-DRA,all_caliper_candidates_excluded,False
GSE178429_IFN_gamma,ctrl_6h,trrust_dorothea_intersection,1,136,MYC,CXCR4,all_caliper_candidates_excluded,False
GSE178429_IFN_gamma,ctrl_6h,trrust_dorothea_intersection,1,433,YY1,GNAS,all_caliper_candidates_excluded,False
GSE178429_IFN_gamma,ctrl_6h,trrust_dorothea_intersection,1,46,ETS1,CXCR4,all_caliper_candidates_excluded,False
GSE178429_IFN_gamma,ctrl_6h,trrust_dorothea_intersection,2,430,YY1,CXCR4,all_caliper_candidates_excluded,False
GSE178429_IFN_gamma,ctrl_6h,trrust_dorothea_intersection,2,156,NFKB1,B2M,all_caliper_candidates_excluded,False
GSE178429_IFN_gamma,ctrl_6h,trrust_dorothea_intersection,2,161,NFKB1,CCL5,all_caliper_candidates_excluded,False
GSE178429_IFN_gamma,ctrl_6h,trrust_dorothea_intersection,2,260,RUNX1,TIMP1,all_caliper_candidates_excluded,False
GSE178429_IFN_gamma,ctrl_6h,trrust_dorothea_intersection,2,171,NFKB1,CXCL8,all_caliper_candidates_excluded,False
GSE178429_IFN_gamma,ctrl_6h,trrust_dorothea_intersection,2,191,NFKB1,SQSTM1,all_caliper_candidates_excluded,False
GSE178429_IFN_gamma,ctrl_6h,trrust_dorothea_intersection,2,192,NFKB1,TIMP1,all_caliper_candidates_excluded,False
GSE178429_IFN_gamma,ctrl_6h,trrust_dorothea_intersection,2,7,ATF4,CXCL8,all_caliper_candidates_excluded,False
GSE178429_IFN_gamma,ctrl_6h,trrust_dorothea_intersection,2,212,RELA,CCL5,all_caliper_candidates_excluded,False
GSE178429_IFN_gamma,ctrl_6h,trrust_dorothea_intersection,2,72,HIF1A,ENO1,all_caliper_candidates_excluded,False
GSE178429_IFN_gamma,ctrl_6h,trrust_dorothea_intersection,2,104,JUN,CCL5,all_caliper_candidates_excluded,False
GSE178429_IFN_gamma,ctrl_6h,trrust_dorothea_intersection,2,70,HIF1A,CXCR4,all_caliper_candidates_excluded,False
GSE178429_IFN_gamma,ctrl_6h,trrust_dorothea_intersection,2,426,USF2,THBS1,all_caliper_candidates_excluded,False
GSE178429_IFN_gamma,ctrl_6h,trrust_dorothea_intersection,2,215,RELA,CD74,all_caliper_candidates_excluded,False
GSE178429_IFN_gamma,ctrl_6h,trrust_dorothea_intersection,2,14,CEBPB,CXCL8,all_caliper_candidates_excluded,False
GSE178429_IFN_gamma,ctrl_6h,trrust_dorothea_intersection,2,108,JUN,CXCL8,all_caliper_candidates_excluded,False
GSE178429_IFN_gamma,ctrl_6h,trrust_dorothea_intersection,2,321,STAT1,HLA-E,all_caliper_candidates_excluded,False
GSE178429_IFN_gamma,ctrl_6h,trrust_dorothea_intersection,2,220,RELA,CXCL8,all_caliper_candidates_excluded,False
GSE178429_IFN_gamma,ctrl_6h,trrust_dorothea_intersection,2,166,NFKB1,CD74,all_caliper_candidates_excluded,False
GSE178429_IFN_gamma,ctrl_6h,trrust_dorothea_intersection,2,410,TP53,THBS1,all_caliper_candidates_excluded,False
GSE178429_IFN_gamma,ctrl_6h,trrust_dorothea_intersection,2,361,STAT3,TIMP1,all_caliper_candidates_excluded,False
GSE178429_IFN_gamma,ctrl_6h,trrust_dorothea_intersection,2,433,YY1,GNAS,all_caliper_candidates_excluded,False
GSE178429_IFN_gamma,ctrl_6h,trrust_dorothea_intersection,2,46,ETS1,CXCR4,all_caliper_candidates_excluded,False
GSE178429_IFN_gamma,ctrl_6h,trrust_dorothea_intersection,2,90,IRF1,HLA-A,all_caliper_candidates_excluded,False
GSE178429_IFN_gamma,ctrl_6h,trrust_dorothea_intersection,2,445,ZEB2,VIM,all_caliper_candidates_excluded,False
GSE178429_IFN_gamma,ctrl_6h,trrust_dorothea_intersection,2,123,JUND,CCL5,all_caliper_candidates_excluded,False
GSE178429_IFN_gamma,ctrl_6h,trrust_dorothea_intersection,2,298,SP3,TIMP1,all_caliper_candidates_excluded,False
GSE178429_IFN_gamma,ctrl_6h,trrust_dorothea_intersection,2,221,RELA,CXCR4,all_caliper_candidates_excluded,False
GSE178429_IFN_gamma,ctrl_6h,trrust_dorothea_intersection,2,337,STAT1,TIMP1,all_caliper_candidates_excluded,False
GSE178429_IFN_gamma,ctrl_6h,trrust_dorothea_intersection,2,136,MYC,CXCR4,all_caliper_candidates_excluded,False
GSE178429_IFN_gamma,ctrl_6h,trrust_dorothea_intersection,2,163,NFKB1,CCR7,all_caliper_candidates_excluded,False
GSE178429_IFN_gamma,ctrl_6h,trrust_dorothea_intersection,2,332,STAT1,S100A10,all_caliper_candidates_excluded,False
GSE178429_IFN_gamma,ctrl_6h,trrust_dorothea_intersection,2,302,SPI1,CCL5,all_caliper_candidates_excluded,False
GSE178429_IFN_gamma,ctrl_6h,trrust_dorothea_intersection,2,87,IRF1,CCL5,all_caliper_candidates_excluded,False
GSE178429_IFN_gamma,ctrl_6h,trrust_dorothea_intersection,2,22,CREB1,CXCR4,all_caliper_candidates_excluded,False
GSE178429_IFN_gamma,ctrl_6h,trrust_dorothea_intersection,2,20,CREB1,CCL5,all_caliper_candidates_excluded,False
GSE178429_IFN_gamma,ctrl_6h,trrust_dorothea_intersection,2,415,USF2,B2M,all_caliper_candidates_excluded,False
GSE178429_IFN_gamma,ctrl_6h,trrust_dorothea_intersection,2,55,ETS1,SQSTM1,all_caliper_candidates_excluded,False
GSE178429_IFN_gamma,ctrl_6h,trrust_dorothea_intersection,2,244,RELA,TIMP1,all_caliper_candidates_excluded,False
GSE178429_IFN_gamma,ctrl_6h,trrust_dorothea_intersection,2,419,USF2,CXCR4,all_caliper_candidates_excluded,False
GSE178429_IFN_gamma,ctrl_6h,trrust_dorothea_intersection,2,201,POU2F2,HLA-DRA,all_caliper_candidates_excluded,False
GSE178429_IFN_gamma,ctrl_6h,trrust_dorothea_intersection,3,426,USF2,THBS1,all_caliper_candidates_excluded,False
GSE178429_IFN_gamma,ctrl_6h,trrust_dorothea_intersection,3,108,JUN,CXCL8,all_caliper_candidates_excluded,False
GSE178429_IFN_gamma,ctrl_6h,trrust_dorothea_intersection,3,70,HIF1A,CXCR4,all_caliper_candidates_excluded,False
GSE178429_IFN_gamma,ctrl_6h,trrust_dorothea_intersection,3,123,JUND,CCL5,all_caliper_candidates_excluded,False
GSE178429_IFN_gamma,ctrl_6h,trrust_dorothea_intersection,3,302,SPI1,CCL5,all_caliper_candidates_excluded,False
GSE178429_IFN_gamma,ctrl_6h,trrust_dorothea_intersection,3,7,ATF4,CXCL8,all_caliper_candidates_excluded,False
GSE178429_IFN_gamma,ctrl_6h,trrust_dorothea_intersection,3,20,CREB1,CCL5,all_caliper_candidates_excluded,False
GSE178429_IFN_gamma,ctrl_6h,trrust_dorothea_intersection,3,161,NFKB1,CCL5,all_caliper_candidates_excluded,False
GSE178429_IFN_gamma,ctrl_6h,trrust_dorothea_intersection,3,90,IRF1,HLA-A,all_caliper_candidates_excluded,False
GSE178429_IFN_gamma,ctrl_6h,trrust_dorothea_intersection,3,415,USF2,B2M,all_caliper_candidates_excluded,False
GSE178429_IFN_gamma,ctrl_6h,trrust_dorothea_intersection,3,445,ZEB2,VIM,all_caliper_candidates_excluded,False
GSE178429_IFN_gamma,ctrl_6h,trrust_dorothea_intersection,3,104,JUN,CCL5,all_caliper_candidates_excluded,False
GSE178429_IFN_gamma,ctrl_6h,trrust_dorothea_intersection,3,244,RELA,TIMP1,all_caliper_candidates_excluded,False
GSE178429_IFN_gamma,ctrl_6h,trrust_dorothea_intersection,3,55,ETS1,SQSTM1,all_caliper_candidates_excluded,False
GSE178429_IFN_gamma,ctrl_6h,trrust_dorothea_intersection,3,361,STAT3,TIMP1,all_caliper_candidates_excluded,False
GSE178429_IFN_gamma,ctrl_6h,trrust_dorothea_intersection,3,201,POU2F2,HLA-DRA,all_caliper_candidates_excluded,False
GSE178429_IFN_gamma,ctrl_6h,trrust_dorothea_intersection,3,430,YY1,CXCR4,all_caliper_candidates_excluded,False
GSE178429_IFN_gamma,ctrl_6h,trrust_dorothea_intersection,3,220,RELA,CXCL8,all_caliper_candidates_excluded,False
GSE178429_IFN_gamma,ctrl_6h,trrust_dorothea_intersection,3,410,TP53,THBS1,all_caliper_candidates_excluded,False
GSE178429_IFN_gamma,ctrl_6h,trrust_dorothea_intersection,3,22,CREB1,CXCR4,all_caliper_candidates_excluded,False
GSE178429_IFN_gamma,ctrl_6h,trrust_dorothea_intersection,3,221,RELA,CXCR4,all_caliper_candidates_excluded,False
GSE178429_IFN_gamma,ctrl_6h,trrust_dorothea_intersection,3,332,STAT1,S100A10,all_caliper_candidates_excluded,False
GSE178429_IFN_gamma,ctrl_6h,trrust_dorothea_intersection,3,171,NFKB1,CXCL8,all_caliper_candidates_excluded,False
GSE178429_IFN_gamma,ctrl_6h,trrust_dorothea_intersection,3,212,RELA,CCL5,all_caliper_candidates_excluded,False
GSE178429_IFN_gamma,ctrl_6h,trrust_dorothea_intersection,3,14,CEBPB,CXCL8,all_caliper_candidates_excluded,False
GSE178429_IFN_gamma,ctrl_6h,trrust_dorothea_intersection,3,87,IRF1,CCL5,all_caliper_candidates_excluded,False
GSE178429_IFN_gamma,ctrl_6h,trrust_dorothea_intersection,3,215,RELA,CD74,all_caliper_candidates_excluded,False
GSE178429_IFN_gamma,ctrl_6h,trrust_dorothea_intersection,3,163,NFKB1,CCR7,all_caliper_candidates_excluded,False
GSE178429_IFN_gamma,ctrl_6h,trrust_dorothea_intersection,3,337,STAT1,TIMP1,all_caliper_candidates_excluded,False
GSE178429_IFN_gamma,ctrl_6h,trrust_dorothea_intersection,3,260,RUNX1,TIMP1,all_caliper_candidates_excluded,False
GSE178429_IFN_gamma,ctrl_6h,trrust_dorothea_intersection,3,166,NFKB1,CD74,all_caliper_candidates_excluded,False
GSE178429_IFN_gamma,ctrl_6h,trrust_dorothea_intersection,3,136,MYC,CXCR4,all_caliper_candidates_excluded,False
GSE178429_IFN_gamma,ctrl_6h,trrust_dorothea_intersection,3,156,NFKB1,B2M,all_caliper_candidates_excluded,False
GSE178429_IFN_gamma,ctrl_6h,trrust_dorothea_intersection,3,298,SP3,TIMP1,all_caliper_candidates_excluded,False
GSE178429_IFN_gamma,ctrl_6h,trrust_dorothea_intersection,3,419,USF2,CXCR4,all_caliper_candidates_excluded,False
GSE178429_IFN_gamma,ctrl_6h,trrust_dorothea_intersection,3,191,NFKB1,SQSTM1,all_caliper_candidates_excluded,False
GSE178429_IFN_gamma,ctrl_6h,trrust_dorothea_intersection,3,433,YY1,GNAS,all_caliper_candidates_excluded,False
GSE178429_IFN_gamma,ctrl_6h,trrust_dorothea_intersection,3,321,STAT1,HLA-E,all_caliper_candidates_excluded,False
GSE178429_IFN_gamma,ctrl_6h,trrust_dorothea_intersection,3,72,HIF1A,ENO1,all_caliper_candidates_excluded,False
GSE178429_IFN_gamma,ctrl_6h,trrust_dorothea_intersection,3,46,ETS1,CXCR4,all_caliper_candidates_excluded,False
GSE178429_IFN_gamma,ctrl_6h,trrust_dorothea_intersection,3,192,NFKB1,TIMP1,all_caliper_candidates_excluded,False
GSE178429_IFN_gamma,ctrl_6h,trrust_dorothea_intersection,4,7,ATF4,CXCL8,all_caliper_candidates_excluded,False
GSE178429_IFN_gamma,ctrl_6h,trrust_dorothea_intersection,4,244,RELA,TIMP1,all_caliper_candidates_excluded,False
GSE178429_IFN_gamma,ctrl_6h,trrust_dorothea_intersection,4,171,NFKB1,CXCL8,all_caliper_candidates_excluded,False
GSE178429_IFN_gamma,ctrl_6h,trrust_dorothea_intersection,4,215,RELA,CD74,all_caliper_candidates_excluded,False
GSE178429_IFN_gamma,ctrl_6h,trrust_dorothea_intersection,4,123,JUND,CCL5,all_caliper_candidates_excluded,False
GSE178429_IFN_gamma,ctrl_6h,trrust_dorothea_intersection,4,212,RELA,CCL5,all_caliper_candidates_excluded,False
GSE178429_IFN_gamma,ctrl_6h,trrust_dorothea_intersection,4,20,CREB1,CCL5,all_caliper_candidates_excluded,False
GSE178429_IFN_gamma,ctrl_6h,trrust_dorothea_intersection,4,220,RELA,CXCL8,all_caliper_candidates_excluded,False
GSE178429_IFN_gamma,ctrl_6h,trrust_dorothea_intersection,4,415,USF2,B2M,all_caliper_candidates_excluded,False
GSE178429_IFN_gamma,ctrl_6h,trrust_dorothea_intersection,4,201,POU2F2,HLA-DRA,all_caliper_candidates_excluded,False
GSE178429_IFN_gamma,ctrl_6h,trrust_dorothea_intersection,4,14,CEBPB,CXCL8,all_caliper_candidates_excluded,False
GSE178429_IFN_gamma,ctrl_6h,trrust_dorothea_intersection,4,260,RUNX1,TIMP1,all_caliper_candidates_excluded,False
GSE178429_IFN_gamma,ctrl_6h,trrust_dorothea_intersection,4,70,HIF1A,CXCR4,all_caliper_candidates_excluded,False
GSE178429_IFN_gamma,ctrl_6h,trrust_dorothea_intersection,4,22,CREB1,CXCR4,all_caliper_candidates_excluded,False
GSE178429_IFN_gamma,ctrl_6h,trrust_dorothea_intersection,4,72,HIF1A,ENO1,all_caliper_candidates_excluded,False
GSE178429_IFN_gamma,ctrl_6h,trrust_dorothea_intersection,4,191,NFKB1,SQSTM1,all_caliper_candidates_excluded,False
GSE178429_IFN_gamma,ctrl_6h,trrust_dorothea_intersection,4,156,NFKB1,B2M,all_caliper_candidates_excluded,False
GSE178429_IFN_gamma,ctrl_6h,trrust_dorothea_intersection,4,419,USF2,CXCR4,all_caliper_candidates_excluded,False
GSE178429_IFN_gamma,ctrl_6h,trrust_dorothea_intersection,4,55,ETS1,SQSTM1,all_caliper_candidates_excluded,False
GSE178429_IFN_gamma,ctrl_6h,trrust_dorothea_intersection,4,426,USF2,THBS1,all_caliper_candidates_excluded,False
GSE178429_IFN_gamma,ctrl_6h,trrust_dorothea_intersection,4,445,ZEB2,VIM,all_caliper_candidates_excluded,False
GSE178429_IFN_gamma,ctrl_6h,trrust_dorothea_intersection,4,332,STAT1,S100A10,all_caliper_candidates_excluded,False
GSE178429_IFN_gamma,ctrl_6h,trrust_dorothea_intersection,4,104,JUN,CCL5,all_caliper_candidates_excluded,False
GSE178429_IFN_gamma,ctrl_6h,trrust_dorothea_intersection,4,221,RELA,CXCR4,all_caliper_candidates_excluded,False
GSE178429_IFN_gamma,ctrl_6h,trrust_dorothea_intersection,4,161,NFKB1,CCL5,all_caliper_candidates_excluded,False
GSE178429_IFN_gamma,ctrl_6h,trrust_dorothea_intersection,4,337,STAT1,TIMP1,all_caliper_candidates_excluded,False
GSE178429_IFN_gamma,ctrl_6h,trrust_dorothea_intersection,4,361,STAT3,TIMP1,all_caliper_candidates_excluded,False
GSE178429_IFN_gamma,ctrl_6h,trrust_dorothea_intersection,4,108,JUN,CXCL8,all_caliper_candidates_excluded,False
GSE178429_IFN_gamma,ctrl_6h,trrust_dorothea_intersection,4,87,IRF1,CCL5,all_caliper_candidates_excluded,False
GSE178429_IFN_gamma,ctrl_6h,trrust_dorothea_intersection,4,430,YY1,CXCR4,all_caliper_candidates_excluded,False
GSE178429_IFN_gamma,ctrl_6h,trrust_dorothea_intersection,4,192,NFKB1,TIMP1,all_caliper_candidates_excluded,False
GSE178429_IFN_gamma,ctrl_6h,trrust_dorothea_intersection,4,166,NFKB1,CD74,all_caliper_candidates_excluded,False
GSE178429_IFN_gamma,ctrl_6h,trrust_dorothea_intersection,4,163,NFKB1,CCR7,all_caliper_candidates_excluded,False
GSE178429_IFN_gamma,ctrl_6h,trrust_dorothea_intersection,4,302,SPI1,CCL5,all_caliper_candidates_excluded,False
GSE178429_IFN_gamma,ctrl_6h,trrust_dorothea_intersection,4,433,YY1,GNAS,all_caliper_candidates_excluded,False
GSE178429_IFN_gamma,ctrl_6h,trrust_dorothea_intersection,4,321,STAT1,HLA-E,all_caliper_candidates_excluded,False
GSE178429_IFN_gamma,ctrl_6h,trrust_dorothea_intersection,4,298,SP3,TIMP1,all_caliper_candidates_excluded,False
GSE178429_IFN_gamma,ctrl_6h,trrust_dorothea_intersection,4,90,IRF1,HLA-A,all_caliper_candidates_excluded,False
GSE178429_IFN_gamma,ctrl_6h,trrust_dorothea_intersection,4,410,TP53,THBS1,all_caliper_candidates_excluded,False
GSE178429_IFN_gamma,ctrl_6h,trrust_dorothea_intersection,4,46,ETS1,CXCR4,all_caliper_candidates_excluded,False
GSE178429_IFN_gamma,ctrl_6h,trrust_dorothea_intersection,4,136,MYC,CXCR4,all_caliper_candidates_excluded,False
GSE178429_IFN_gamma,ctrl_6h,trrust_dorothea_intersection,5,72,HIF1A,ENO1,all_caliper_candidates_excluded,False
GSE178429_IFN_gamma,ctrl_6h,trrust_dorothea_intersection,5,136,MYC,CXCR4,all_caliper_candidates_excluded,False
GSE178429_IFN_gamma,ctrl_6h,trrust_dorothea_intersection,5,220,RELA,CXCL8,all_caliper_candidates_excluded,False
GSE178429_IFN_gamma,ctrl_6h,trrust_dorothea_intersection,5,166,NFKB1,CD74,all_caliper_candidates_excluded,False
GSE178429_IFN_gamma,ctrl_6h,trrust_dorothea_intersection,5,70,HIF1A,CXCR4,all_caliper_candidates_excluded,False
GSE178429_IFN_gamma,ctrl_6h,trrust_dorothea_intersection,5,55,ETS1,SQSTM1,all_caliper_candidates_excluded,False
GSE178429_IFN_gamma,ctrl_6h,trrust_dorothea_intersection,5,156,NFKB1,B2M,all_caliper_candidates_excluded,False
GSE178429_IFN_gamma,ctrl_6h,trrust_dorothea_intersection,5,163,NFKB1,CCR7,all_caliper_candidates_excluded,False
GSE178429_IFN_gamma,ctrl_6h,trrust_dorothea_intersection,5,410,TP53,THBS1,all_caliper_candidates_excluded,False
GSE178429_IFN_gamma,ctrl_6h,trrust_dorothea_intersection,5,321,STAT1,HLA-E,all_caliper_candidates_excluded,False
GSE178429_IFN_gamma,ctrl_6h,trrust_dorothea_intersection,5,415,USF2,B2M,all_caliper_candidates_excluded,False
GSE178429_IFN_gamma,ctrl_6h,trrust_dorothea_intersection,5,244,RELA,TIMP1,all_caliper_candidates_excluded,False
GSE178429_IFN_gamma,ctrl_6h,trrust_dorothea_intersection,5,337,STAT1,TIMP1,all_caliper_candidates_excluded,False
GSE178429_IFN_gamma,ctrl_6h,trrust_dorothea_intersection,5,22,CREB1,CXCR4,all_caliper_candidates_excluded,False
GSE178429_IFN_gamma,ctrl_6h,trrust_dorothea_intersection,5,201,POU2F2,HLA-DRA,all_caliper_candidates_excluded,False
GSE178429_IFN_gamma,ctrl_6h,trrust_dorothea_intersection,5,430,YY1,CXCR4,all_caliper_candidates_excluded,False
GSE178429_IFN_gamma,ctrl_6h,trrust_dorothea_intersection,5,7,ATF4,CXCL8,all_caliper_candidates_excluded,False
GSE178429_IFN_gamma,ctrl_6h,trrust_dorothea_intersection,5,332,STAT1,S100A10,all_caliper_candidates_excluded,False
GSE178429_IFN_gamma,ctrl_6h,trrust_dorothea_intersection,5,298,SP3,TIMP1,all_caliper_candidates_excluded,False
GSE178429_IFN_gamma,ctrl_6h,trrust_dorothea_intersection,5,212,RELA,CCL5,all_caliper_candidates_excluded,False
GSE178429_IFN_gamma,ctrl_6h,trrust_dorothea_intersection,5,104,JUN,CCL5,all_caliper_candidates_excluded,False
GSE178429_IFN_gamma,ctrl_6h,trrust_dorothea_intersection,5,108,JUN,CXCL8,all_caliper_candidates_excluded,False
GSE178429_IFN_gamma,ctrl_6h,trrust_dorothea_intersection,5,161,NFKB1,CCL5,all_caliper_candidates_excluded,False
GSE178429_IFN_gamma,ctrl_6h,trrust_dorothea_intersection,5,445,ZEB2,VIM,all_caliper_candidates_excluded,False
GSE178429_IFN_gamma,ctrl_6h,trrust_dorothea_intersection,5,426,USF2,THBS1,all_caliper_candidates_excluded,False
GSE178429_IFN_gamma,ctrl_6h,trrust_dorothea_intersection,5,260,RUNX1,TIMP1,all_caliper_candidates_excluded,False
GSE178429_IFN_gamma,ctrl_6h,trrust_dorothea_intersection,5,46,ETS1,CXCR4,all_caliper_candidates_excluded,False
GSE178429_IFN_gamma,ctrl_6h,trrust_dorothea_intersection,5,171,NFKB1,CXCL8,all_caliper_candidates_excluded,False
GSE178429_IFN_gamma,ctrl_6h,trrust_dorothea_intersection,5,123,JUND,CCL5,all_caliper_candidates_excluded,False
GSE178429_IFN_gamma,ctrl_6h,trrust_dorothea_intersection,5,192,NFKB1,TIMP1,all_caliper_candidates_excluded,False
GSE178429_IFN_gamma,ctrl_6h,trrust_dorothea_intersection,5,20,CREB1,CCL5,all_caliper_candidates_excluded,False
GSE178429_IFN_gamma,ctrl_6h,trrust_dorothea_intersection,5,419,USF2,CXCR4,all_caliper_candidates_excluded,False
GSE178429_IFN_gamma,ctrl_6h,trrust_dorothea_intersection,5,90,IRF1,HLA-A,all_caliper_candidates_excluded,False
GSE178429_IFN_gamma,ctrl_6h,trrust_dorothea_intersection,5,14,CEBPB,CXCL8,all_caliper_candidates_excluded,False
GSE178429_IFN_gamma,ctrl_6h,trrust_dorothea_intersection,5,87,IRF1,CCL5,all_caliper_candidates_excluded,False
GSE178429_IFN_gamma,ctrl_6h,trrust_dorothea_intersection,5,302,SPI1,CCL5,all_caliper_candidates_excluded,False
GSE178429_IFN_gamma,ctrl_6h,trrust_dorothea_intersection,5,191,NFKB1,SQSTM1,all_caliper_candidates_excluded,False
GSE178429_IFN_gamma,ctrl_6h,trrust_dorothea_intersection,5,433,YY1,GNAS,all_caliper_candidates_excluded,False
GSE178429_IFN_gamma,ctrl_6h,trrust_dorothea_intersection,5,221,RELA,CXCR4,all_caliper_candidates_excluded,False
GSE178429_IFN_gamma,ctrl_6h,trrust_dorothea_intersection,5,215,RELA,CD74,all_caliper_candidates_excluded,False
GSE178429_IFN_gamma,ctrl_6h,trrust_dorothea_intersection,5,361,STAT3,TIMP1,all_caliper_candidates_excluded,False
GSE178429_IFN_gamma,ctrl_6h,trrust_dorothea_intersection,6,72,HIF1A,ENO1,all_caliper_candidates_excluded,False
GSE178429_IFN_gamma,ctrl_6h,trrust_dorothea_intersection,6,14,CEBPB,CXCL8,all_caliper_candidates_excluded,False
GSE178429_IFN_gamma,ctrl_6h,trrust_dorothea_intersection,6,171,NFKB1,CXCL8,all_caliper_candidates_excluded,False
GSE178429_IFN_gamma,ctrl_6h,trrust_dorothea_intersection,6,123,JUND,CCL5,all_caliper_candidates_excluded,False
GSE178429_IFN_gamma,ctrl_6h,trrust_dorothea_intersection,6,419,USF2,CXCR4,all_caliper_candidates_excluded,False
GSE178429_IFN_gamma,ctrl_6h,trrust_dorothea_intersection,6,163,NFKB1,CCR7,all_caliper_candidates_excluded,False
GSE178429_IFN_gamma,ctrl_6h,trrust_dorothea_intersection,6,426,USF2,THBS1,all_caliper_candidates_excluded,False
GSE178429_IFN_gamma,ctrl_6h,trrust_dorothea_intersection,6,415,USF2,B2M,all_caliper_candidates_excluded,False
GSE178429_IFN_gamma,ctrl_6h,trrust_dorothea_intersection,6,166,NFKB1,CD74,all_caliper_candidates_excluded,False
GSE178429_IFN_gamma,ctrl_6h,trrust_dorothea_intersection,6,46,ETS1,CXCR4,all_caliper_candidates_excluded,False
GSE178429_IFN_gamma,ctrl_6h,trrust_dorothea_intersection,6,321,STAT1,HLA-E,all_caliper_candidates_excluded,False
GSE178429_IFN_gamma,ctrl_6h,trrust_dorothea_intersection,6,192,NFKB1,TIMP1,all_caliper_candidates_excluded,False
GSE178429_IFN_gamma,ctrl_6h,trrust_dorothea_intersection,6,244,RELA,TIMP1,all_caliper_candidates_excluded,False
GSE178429_IFN_gamma,ctrl_6h,trrust_dorothea_intersection,6,298,SP3,TIMP1,all_caliper_candidates_excluded,False
GSE178429_IFN_gamma,ctrl_6h,trrust_dorothea_intersection,6,430,YY1,CXCR4,all_caliper_candidates_excluded,False
GSE178429_IFN_gamma,ctrl_6h,trrust_dorothea_intersection,6,215,RELA,CD74,all_caliper_candidates_excluded,False
GSE178429_IFN_gamma,ctrl_6h,trrust_dorothea_intersection,6,90,IRF1,HLA-A,all_caliper_candidates_excluded,False
GSE178429_IFN_gamma,ctrl_6h,trrust_dorothea_intersection,6,337,STAT1,TIMP1,all_caliper_candidates_excluded,False
GSE178429_IFN_gamma,ctrl_6h,trrust_dorothea_intersection,6,108,JUN,CXCL8,all_caliper_candidates_excluded,False
GSE178429_IFN_gamma,ctrl_6h,trrust_dorothea_intersection,6,221,RELA,CXCR4,all_caliper_candidates_excluded,False
GSE178429_IFN_gamma,ctrl_6h,trrust_dorothea_intersection,6,260,RUNX1,TIMP1,all_caliper_candidates_excluded,False
GSE178429_IFN_gamma,ctrl_6h,trrust_dorothea_intersection,6,161,NFKB1,CCL5,all_caliper_candidates_excluded,False
GSE178429_IFN_gamma,ctrl_6h,trrust_dorothea_intersection,6,220,RELA,CXCL8,all_caliper_candidates_excluded,False
GSE178429_IFN_gamma,ctrl_6h,trrust_dorothea_intersection,6,87,IRF1,CCL5,all_caliper_candidates_excluded,False
GSE178429_IFN_gamma,ctrl_6h,trrust_dorothea_intersection,6,332,STAT1,S100A10,all_caliper_candidates_excluded,False
GSE178429_IFN_gamma,ctrl_6h,trrust_dorothea_intersection,6,104,JUN,CCL5,all_caliper_candidates_excluded,False
GSE178429_IFN_gamma,ctrl_6h,trrust_dorothea_intersection,6,156,NFKB1,B2M,all_caliper_candidates_excluded,False
GSE178429_IFN_gamma,ctrl_6h,trrust_dorothea_intersection,6,212,RELA,CCL5,all_caliper_candidates_excluded,False
GSE178429_IFN_gamma,ctrl_6h,trrust_dorothea_intersection,6,7,ATF4,CXCL8,all_caliper_candidates_excluded,False
GSE178429_IFN_gamma,ctrl_6h,trrust_dorothea_intersection,6,191,NFKB1,SQSTM1,all_caliper_candidates_excluded,False
GSE178429_IFN_gamma,ctrl_6h,trrust_dorothea_intersection,6,410,TP53,THBS1,all_caliper_candidates_excluded,False
GSE178429_IFN_gamma,ctrl_6h,trrust_dorothea_intersection,6,433,YY1,GNAS,all_caliper_candidates_excluded,False
GSE178429_IFN_gamma,ctrl_6h,trrust_dorothea_intersection,6,445,ZEB2,VIM,all_caliper_candidates_excluded,False
GSE178429_IFN_gamma,ctrl_6h,trrust_dorothea_intersection,6,136,MYC,CXCR4,all_caliper_candidates_excluded,False
GSE178429_IFN_gamma,ctrl_6h,trrust_dorothea_intersection,6,55,ETS1,SQSTM1,all_caliper_candidates_excluded,False
GSE178429_IFN_gamma,ctrl_6h,trrust_dorothea_intersection,6,70,HIF1A,CXCR4,all_caliper_candidates_excluded,False
GSE178429_IFN_gamma,ctrl_6h,trrust_dorothea_intersection,6,302,SPI1,CCL5,all_caliper_candidates_excluded,False
GSE178429_IFN_gamma,ctrl_6h,trrust_dorothea_intersection,6,361,STAT3,TIMP1,all_caliper_candidates_excluded,False
GSE178429_IFN_gamma,ctrl_6h,trrust_dorothea_intersection,6,22,CREB1,CXCR4,all_caliper_candidates_excluded,False
GSE178429_IFN_gamma,ctrl_6h,trrust_dorothea_intersection,6,201,POU2F2,HLA-DRA,all_caliper_candidates_excluded,False
GSE178429_IFN_gamma,ctrl_6h,trrust_dorothea_intersection,6,20,CREB1,CCL5,all_caliper_candidates_excluded,False
GSE178429_IFN_gamma,ctrl_6h,trrust_dorothea_intersection,7,72,HIF1A,ENO1,all_caliper_candidates_excluded,False
GSE178429_IFN_gamma,ctrl_6h,trrust_dorothea_intersection,7,22,CREB1,CXCR4,all_caliper_candidates_excluded,False
GSE178429_IFN_gamma,ctrl_6h,trrust_dorothea_intersection,7,90,IRF1,HLA-A,all_caliper_candidates_excluded,False
GSE178429_IFN_gamma,ctrl_6h,trrust_dorothea_intersection,7,191,NFKB1,SQSTM1,all_caliper_candidates_excluded,False
GSE178429_IFN_gamma,ctrl_6h,trrust_dorothea_intersection,7,410,TP53,THBS1,all_caliper_candidates_excluded,False
GSE178429_IFN_gamma,ctrl_6h,trrust_dorothea_intersection,7,302,SPI1,CCL5,all_caliper_candidates_excluded,False
GSE178429_IFN_gamma,ctrl_6h,trrust_dorothea_intersection,7,220,RELA,CXCL8,all_caliper_candidates_excluded,False
GSE178429_IFN_gamma,ctrl_6h,trrust_dorothea_intersection,7,7,ATF4,CXCL8,all_caliper_candidates_excluded,False
GSE178429_IFN_gamma,ctrl_6h,trrust_dorothea_intersection,7,415,USF2,B2M,all_caliper_candidates_excluded,False
GSE178429_IFN_gamma,ctrl_6h,trrust_dorothea_intersection,7,321,STAT1,HLA-E,all_caliper_candidates_excluded,False
GSE178429_IFN_gamma,ctrl_6h,trrust_dorothea_intersection,7,20,CREB1,CCL5,all_caliper_candidates_excluded,False
GSE178429_IFN_gamma,ctrl_6h,trrust_dorothea_intersection,7,419,USF2,CXCR4,all_caliper_candidates_excluded,False
GSE178429_IFN_gamma,ctrl_6h,trrust_dorothea_intersection,7,215,RELA,CD74,all_caliper_candidates_excluded,False
GSE178429_IFN_gamma,ctrl_6h,trrust_dorothea_intersection,7,161,NFKB1,CCL5,all_caliper_candidates_excluded,False
GSE178429_IFN_gamma,ctrl_6h,trrust_dorothea_intersection,7,332,STAT1,S100A10,all_caliper_candidates_excluded,False
GSE178429_IFN_gamma,ctrl_6h,trrust_dorothea_intersection,7,212,RELA,CCL5,all_caliper_candidates_excluded,False
GSE178429_IFN_gamma,ctrl_6h,trrust_dorothea_intersection,7,244,RELA,TIMP1,all_caliper_candidates_excluded,False
GSE178429_IFN_gamma,ctrl_6h,trrust_dorothea_intersection,7,192,NFKB1,TIMP1,all_caliper_candidates_excluded,False
GSE178429_IFN_gamma,ctrl_6h,trrust_dorothea_intersection,7,361,STAT3,TIMP1,all_caliper_candidates_excluded,False
GSE178429_IFN_gamma,ctrl_6h,trrust_dorothea_intersection,7,156,NFKB1,B2M,all_caliper_candidates_excluded,False
GSE178429_IFN_gamma,ctrl_6h,trrust_dorothea_intersection,7,298,SP3,TIMP1,all_caliper_candidates_excluded,False
GSE178429_IFN_gamma,ctrl_6h,trrust_dorothea_intersection,7,46,ETS1,CXCR4,all_caliper_candidates_excluded,False
GSE178429_IFN_gamma,ctrl_6h,trrust_dorothea_intersection,7,108,JUN,CXCL8,all_caliper_candidates_excluded,False
GSE178429_IFN_gamma,ctrl_6h,trrust_dorothea_intersection,7,426,USF2,THBS1,all_caliper_candidates_excluded,False
GSE178429_IFN_gamma,ctrl_6h,trrust_dorothea_intersection,7,163,NFKB1,CCR7,all_caliper_candidates_excluded,False
GSE178429_IFN_gamma,ctrl_6h,trrust_dorothea_intersection,7,104,JUN,CCL5,all_caliper_candidates_excluded,False
GSE178429_IFN_gamma,ctrl_6h,trrust_dorothea_intersection,7,136,MYC,CXCR4,all_caliper_candidates_excluded,False
GSE178429_IFN_gamma,ctrl_6h,trrust_dorothea_intersection,7,221,RELA,CXCR4,all_caliper_candidates_excluded,False
GSE178429_IFN_gamma,ctrl_6h,trrust_dorothea_intersection,7,70,HIF1A,CXCR4,all_caliper_candidates_excluded,False
GSE178429_IFN_gamma,ctrl_6h,trrust_dorothea_intersection,7,260,RUNX1,TIMP1,all_caliper_candidates_excluded,False
GSE178429_IFN_gamma,ctrl_6h,trrust_dorothea_intersection,7,433,YY1,GNAS,all_caliper_candidates_excluded,False
GSE178429_IFN_gamma,ctrl_6h,trrust_dorothea_intersection,7,430,YY1,CXCR4,all_caliper_candidates_excluded,False
GSE178429_IFN_gamma,ctrl_6h,trrust_dorothea_intersection,7,337,STAT1,TIMP1,all_caliper_candidates_excluded,False
GSE178429_IFN_gamma,ctrl_6h,trrust_dorothea_intersection,7,166,NFKB1,CD74,all_caliper_candidates_excluded,False
GSE178429_IFN_gamma,ctrl_6h,trrust_dorothea_intersection,7,201,POU2F2,HLA-DRA,all_caliper_candidates_excluded,False
GSE178429_IFN_gamma,ctrl_6h,trrust_dorothea_intersection,7,171,NFKB1,CXCL8,all_caliper_candidates_excluded,False
GSE178429_IFN_gamma,ctrl_6h,trrust_dorothea_intersection,7,55,ETS1,SQSTM1,all_caliper_candidates_excluded,False
GSE178429_IFN_gamma,ctrl_6h,trrust_dorothea_intersection,7,445,ZEB2,VIM,all_caliper_candidates_excluded,False
GSE178429_IFN_gamma,ctrl_6h,trrust_dorothea_intersection,7,87,IRF1,CCL5,all_caliper_candidates_excluded,False
GSE178429_IFN_gamma,ctrl_6h,trrust_dorothea_intersection,7,14,CEBPB,CXCL8,all_caliper_candidates_excluded,False
GSE178429_IFN_gamma,ctrl_6h,trrust_dorothea_intersection,7,123,JUND,CCL5,all_caliper_candidates_excluded,False
GSE178429_IFN_gamma,ctrl_6h,trrust_dorothea_intersection,8,171,NFKB1,CXCL8,all_caliper_candidates_excluded,False
GSE178429_IFN_gamma,ctrl_6h,trrust_dorothea_intersection,8,87,IRF1,CCL5,all_caliper_candidates_excluded,False
GSE178429_IFN_gamma,ctrl_6h,trrust_dorothea_intersection,8,410,TP53,THBS1,all_caliper_candidates_excluded,False
GSE178429_IFN_gamma,ctrl_6h,trrust_dorothea_intersection,8,332,STAT1,S100A10,all_caliper_candidates_excluded,False
GSE178429_IFN_gamma,ctrl_6h,trrust_dorothea_intersection,8,20,CREB1,CCL5,all_caliper_candidates_excluded,False
GSE178429_IFN_gamma,ctrl_6h,trrust_dorothea_intersection,8,161,NFKB1,CCL5,all_caliper_candidates_excluded,False
GSE178429_IFN_gamma,ctrl_6h,trrust_dorothea_intersection,8,260,RUNX1,TIMP1,all_caliper_candidates_excluded,False
GSE178429_IFN_gamma,ctrl_6h,trrust_dorothea_intersection,8,46,ETS1,CXCR4,all_caliper_candidates_excluded,False
GSE178429_IFN_gamma,ctrl_6h,trrust_dorothea_intersection,8,22,CREB1,CXCR4,all_caliper_candidates_excluded,False
GSE178429_IFN_gamma,ctrl_6h,trrust_dorothea_intersection,8,55,ETS1,SQSTM1,all_caliper_candidates_excluded,False
GSE178429_IFN_gamma,ctrl_6h,trrust_dorothea_intersection,8,90,IRF1,HLA-A,all_caliper_candidates_excluded,False
GSE178429_IFN_gamma,ctrl_6h,trrust_dorothea_intersection,8,192,NFKB1,TIMP1,all_caliper_candidates_excluded,False
GSE178429_IFN_gamma,ctrl_6h,trrust_dorothea_intersection,8,426,USF2,THBS1,all_caliper_candidates_excluded,False
GSE178429_IFN_gamma,ctrl_6h,trrust_dorothea_intersection,8,191,NFKB1,SQSTM1,all_caliper_candidates_excluded,False
GSE178429_IFN_gamma,ctrl_6h,trrust_dorothea_intersection,8,302,SPI1,CCL5,all_caliper_candidates_excluded,False
GSE178429_IFN_gamma,ctrl_6h,trrust_dorothea_intersection,8,220,RELA,CXCL8,all_caliper_candidates_excluded,False
GSE178429_IFN_gamma,ctrl_6h,trrust_dorothea_intersection,8,163,NFKB1,CCR7,all_caliper_candidates_excluded,False
GSE178429_IFN_gamma,ctrl_6h,trrust_dorothea_intersection,8,337,STAT1,TIMP1,all_caliper_candidates_excluded,False
GSE178429_IFN_gamma,ctrl_6h,trrust_dorothea_intersection,8,419,USF2,CXCR4,all_caliper_candidates_excluded,False
GSE178429_IFN_gamma,ctrl_6h,trrust_dorothea_intersection,8,136,MYC,CXCR4,all_caliper_candidates_excluded,False
GSE178429_IFN_gamma,ctrl_6h,trrust_dorothea_intersection,8,321,STAT1,HLA-E,all_caliper_candidates_excluded,False
GSE178429_IFN_gamma,ctrl_6h,trrust_dorothea_intersection,8,361,STAT3,TIMP1,all_caliper_candidates_excluded,False
GSE178429_IFN_gamma,ctrl_6h,trrust_dorothea_intersection,8,166,NFKB1,CD74,all_caliper_candidates_excluded,False
GSE178429_IFN_gamma,ctrl_6h,trrust_dorothea_intersection,8,433,YY1,GNAS,all_caliper_candidates_excluded,False
GSE178429_IFN_gamma,ctrl_6h,trrust_dorothea_intersection,8,72,HIF1A,ENO1,all_caliper_candidates_excluded,False
GSE178429_IFN_gamma,ctrl_6h,trrust_dorothea_intersection,8,212,RELA,CCL5,all_caliper_candidates_excluded,False
GSE178429_IFN_gamma,ctrl_6h,trrust_dorothea_intersection,8,415,USF2,B2M,all_caliper_candidates_excluded,False
GSE178429_IFN_gamma,ctrl_6h,trrust_dorothea_intersection,8,7,ATF4,CXCL8,all_caliper_candidates_excluded,False
GSE178429_IFN_gamma,ctrl_6h,trrust_dorothea_intersection,8,123,JUND,CCL5,all_caliper_candidates_excluded,False
GSE178429_IFN_gamma,ctrl_6h,trrust_dorothea_intersection,8,156,NFKB1,B2M,all_caliper_candidates_excluded,False
GSE178429_IFN_gamma,ctrl_6h,trrust_dorothea_intersection,8,201,POU2F2,HLA-DRA,all_caliper_candidates_excluded,False
GSE178429_IFN_gamma,ctrl_6h,trrust_dorothea_intersection,8,14,CEBPB,CXCL8,all_caliper_candidates_excluded,False
GSE178429_IFN_gamma,ctrl_6h,trrust_dorothea_intersection,8,445,ZEB2,VIM,all_caliper_candidates_excluded,False
GSE178429_IFN_gamma,ctrl_6h,trrust_dorothea_intersection,8,221,RELA,CXCR4,all_caliper_candidates_excluded,False
GSE178429_IFN_gamma,ctrl_6h,trrust_dorothea_intersection,8,430,YY1,CXCR4,all_caliper_candidates_excluded,False
GSE178429_IFN_gamma,ctrl_6h,trrust_dorothea_intersection,8,298,SP3,TIMP1,all_caliper_candidates_excluded,False
GSE178429_IFN_gamma,ctrl_6h,trrust_dorothea_intersection,8,104,JUN,CCL5,all_caliper_candidates_excluded,False
GSE178429_IFN_gamma,ctrl_6h,trrust_dorothea_intersection,8,70,HIF1A,CXCR4,all_caliper_candidates_excluded,False
GSE178429_IFN_gamma,ctrl_6h,trrust_dorothea_intersection,8,244,RELA,TIMP1,all_caliper_candidates_excluded,False
GSE178429_IFN_gamma,ctrl_6h,trrust_dorothea_intersection,8,215,RELA,CD74,all_caliper_candidates_excluded,False
GSE178429_IFN_gamma,ctrl_6h,trrust_dorothea_intersection,8,108,JUN,CXCL8,all_caliper_candidates_excluded,False
GSE178429_IFN_gamma,ctrl_6h,trrust_dorothea_intersection,9,161,NFKB1,CCL5,all_caliper_candidates_excluded,False
GSE178429_IFN_gamma,ctrl_6h,trrust_dorothea_intersection,9,410,TP53,THBS1,all_caliper_candidates_excluded,False
GSE178429_IFN_gamma,ctrl_6h,trrust_dorothea_intersection,9,220,RELA,CXCL8,all_caliper_candidates_excluded,False
GSE178429_IFN_gamma,ctrl_6h,trrust_dorothea_intersection,9,361,STAT3,TIMP1,all_caliper_candidates_excluded,False
GSE178429_IFN_gamma,ctrl_6h,trrust_dorothea_intersection,9,46,ETS1,CXCR4,all_caliper_candidates_excluded,False
GSE178429_IFN_gamma,ctrl_6h,trrust_dorothea_intersection,9,171,NFKB1,CXCL8,all_caliper_candidates_excluded,False
GSE178429_IFN_gamma,ctrl_6h,trrust_dorothea_intersection,9,298,SP3,TIMP1,all_caliper_candidates_excluded,False
GSE178429_IFN_gamma,ctrl_6h,trrust_dorothea_intersection,9,14,CEBPB,CXCL8,all_caliper_candidates_excluded,False
GSE178429_IFN_gamma,ctrl_6h,trrust_dorothea_intersection,9,108,JUN,CXCL8,all_caliper_candidates_excluded,False
GSE178429_IFN_gamma,ctrl_6h,trrust_dorothea_intersection,9,22,CREB1,CXCR4,all_caliper_candidates_excluded,False
GSE178429_IFN_gamma,ctrl_6h,trrust_dorothea_intersection,9,104,JUN,CCL5,all_caliper_candidates_excluded,False
GSE178429_IFN_gamma,ctrl_6h,trrust_dorothea_intersection,9,430,YY1,CXCR4,all_caliper_candidates_excluded,False
GSE178429_IFN_gamma,ctrl_6h,trrust_dorothea_intersection,9,332,STAT1,S100A10,all_caliper_candidates_excluded,False
GSE178429_IFN_gamma,ctrl_6h,trrust_dorothea_intersection,9,156,NFKB1,B2M,all_caliper_candidates_excluded,False
GSE178429_IFN_gamma,ctrl_6h,trrust_dorothea_intersection,9,20,CREB1,CCL5,all_caliper_candidates_excluded,False
GSE178429_IFN_gamma,ctrl_6h,trrust_dorothea_intersection,9,192,NFKB1,TIMP1,all_caliper_candidates_excluded,False
GSE178429_IFN_gamma,ctrl_6h,trrust_dorothea_intersection,9,166,NFKB1,CD74,all_caliper_candidates_excluded,False
GSE178429_IFN_gamma,ctrl_6h,trrust_dorothea_intersection,9,90,IRF1,HLA-A,all_caliper_candidates_excluded,False
GSE178429_IFN_gamma,ctrl_6h,trrust_dorothea_intersection,9,260,RUNX1,TIMP1,all_caliper_candidates_excluded,False
GSE178429_IFN_gamma,ctrl_6h,trrust_dorothea_intersection,9,221,RELA,CXCR4,all_caliper_candidates_excluded,False
GSE178429_IFN_gamma,ctrl_6h,trrust_dorothea_intersection,9,136,MYC,CXCR4,all_caliper_candidates_excluded,False
GSE178429_IFN_gamma,ctrl_6h,trrust_dorothea_intersection,9,212,RELA,CCL5,all_caliper_candidates_excluded,False
GSE178429_IFN_gamma,ctrl_6h,trrust_dorothea_intersection,9,244,RELA,TIMP1,all_caliper_candidates_excluded,False
GSE178429_IFN_gamma,ctrl_6h,trrust_dorothea_intersection,9,419,USF2,CXCR4,all_caliper_candidates_excluded,False
GSE178429_IFN_gamma,ctrl_6h,trrust_dorothea_intersection,9,433,YY1,GNAS,all_caliper_candidates_excluded,False
GSE178429_IFN_gamma,ctrl_6h,trrust_dorothea_intersection,9,321,STAT1,HLA-E,all_caliper_candidates_excluded,False
GSE178429_IFN_gamma,ctrl_6h,trrust_dorothea_intersection,9,337,STAT1,TIMP1,all_caliper_candidates_excluded,False
GSE178429_IFN_gamma,ctrl_6h,trrust_dorothea_intersection,9,55,ETS1,SQSTM1,all_caliper_candidates_excluded,False
GSE178429_IFN_gamma,ctrl_6h,trrust_dorothea_intersection,9,70,HIF1A,CXCR4,all_caliper_candidates_excluded,False
GSE178429_IFN_gamma,ctrl_6h,trrust_dorothea_intersection,9,87,IRF1,CCL5,all_caliper_candidates_excluded,False
GSE178429_IFN_gamma,ctrl_6h,trrust_dorothea_intersection,9,215,RELA,CD74,all_caliper_candidates_excluded,False
GSE178429_IFN_gamma,ctrl_6h,trrust_dorothea_intersection,9,415,USF2,B2M,all_caliper_candidates_excluded,False
GSE178429_IFN_gamma,ctrl_6h,trrust_dorothea_intersection,9,163,NFKB1,CCR7,all_caliper_candidates_excluded,False
GSE178429_IFN_gamma,ctrl_6h,trrust_dorothea_intersection,9,123,JUND,CCL5,all_caliper_candidates_excluded,False
GSE178429_IFN_gamma,ctrl_6h,trrust_dorothea_intersection,9,191,NFKB1,SQSTM1,all_caliper_candidates_excluded,False
GSE178429_IFN_gamma,ctrl_6h,trrust_dorothea_intersection,9,201,POU2F2,HLA-DRA,all_caliper_candidates_excluded,False
GSE178429_IFN_gamma,ctrl_6h,trrust_dorothea_intersection,9,7,ATF4,CXCL8,all_caliper_candidates_excluded,False
GSE178429_IFN_gamma,ctrl_6h,trrust_dorothea_intersection,9,72,HIF1A,ENO1,all_caliper_candidates_excluded,False
GSE178429_IFN_gamma,ctrl_6h,trrust_dorothea_intersection,9,302,SPI1,CCL5,all_caliper_candidates_excluded,False
GSE178429_IFN_gamma,ctrl_6h,trrust_dorothea_intersection,9,445,ZEB2,VIM,all_caliper_candidates_excluded,False
GSE178429_IFN_gamma,ctrl_6h,trrust_dorothea_intersection,9,426,USF2,THBS1,all_caliper_candidates_excluded,False
GSE178429_IFN_gamma,ifng_6h,trrust_dorothea_intersection,0,676,SPI1,CCL5,all_caliper_candidates_excluded,False
GSE178429_IFN_gamma,ifng_6h,trrust_dorothea_intersection,0,183,IRF1,CCL5,all_caliper_candidates_excluded,False
GSE178429_IFN_gamma,ifng_6h,trrust_dorothea_intersection,0,661,SP3,CTSB,all_caliper_candidates_excluded,False
GSE178429_IFN_gamma,ifng_6h,trrust_dorothea_intersection,0,882,YY1,CXCR4,all_caliper_candidates_excluded,False
GSE178429_IFN_gamma,ifng_6h,trrust_dorothea_intersection,0,488,RELA,TIMP1,all_caliper_candidates_excluded,False
GSE178429_IFN_gamma,ifng_6h,trrust_dorothea_intersection,0,454,RELA,CXCR4,all_caliper_candidates_excluded,False
GSE178429_IFN_gamma,ifng_6h,trrust_dorothea_intersection,0,743,STAT1,TIMP1,all_caliper_candidates_excluded,False
GSE178429_IFN_gamma,ifng_6h,trrust_dorothea_intersection,0,436,RELA,CCL2,all_caliper_candidates_excluded,False
GSE178429_IFN_gamma,ifng_6h,trrust_dorothea_intersection,0,287,MYC,CXCR4,all_caliper_candidates_excluded,False
GSE178429_IFN_gamma,ifng_6h,trrust_dorothea_intersection,0,518,RUNX1,TIMP1,all_caliper_candidates_excluded,False
GSE178429_IFN_gamma,ifng_6h,trrust_dorothea_intersection,0,649,SP1,UBC,all_caliper_candidates_excluded,False
GSE178429_IFN_gamma,ifng_6h,trrust_dorothea_intersection,0,757,STAT3,CDKN1A,all_caliper_candidates_excluded,False
GSE178429_IFN_gamma,ifng_6h,trrust_dorothea_intersection,0,10,ATF2,CDKN1A,all_caliper_candidates_excluded,False
GSE178429_IFN_gamma,ifng_6h,trrust_dorothea_intersection,0,630,SP1,SOD2,all_caliper_candidates_excluded,False
GSE178429_IFN_gamma,ifng_6h,trrust_dorothea_intersection,0,190,IRF1,HLA-A,all_caliper_candidates_excluded,False
GSE178429_IFN_gamma,ifng_6h,trrust_dorothea_intersection,0,508,RFX5,HLA-DRB1,all_caliper_candidates_excluded,False
GSE178429_IFN_gamma,ifng_6h,trrust_dorothea_intersection,0,778,STAT3,TIMP1,all_caliper_candidates_excluded,False
GSE178429_IFN_gamma,ifng_6h,trrust_dorothea_intersection,0,325,NFKB1,B2M,all_caliper_candidates_excluded,False
GSE178429_IFN_gamma,ifng_6h,trrust_dorothea_intersection,0,248,JUND,CCL5,all_caliper_candidates_excluded,False
GSE178429_IFN_gamma,ifng_6h,trrust_dorothea_intersection,0,219,JUN,CCL5,all_caliper_candidates_excluded,False
GSE178429_IFN_gamma,ifng_6h,trrust_dorothea_intersection,0,218,JUN,CCL2,all_caliper_candidates_excluded,False
GSE178429_IFN_gamma,ifng_6h,trrust_dorothea_intersection,0,383,NFKB1,TIMP1,all_caliper_candidates_excluded,False
GSE178429_IFN_gamma,ifng_6h,trrust_dorothea_intersection,0,85,E2F3,CDKN1A,all_caliper_candidates_excluded,False
GSE178429_IFN_gamma,ifng_6h,trrust_dorothea_intersection,0,451,RELA,CTSB,all_caliper_candidates_excluded,False
GSE178429_IFN_gamma,ifng_6h,trrust_dorothea_intersection,0,356,NFKB1,HLA-F,all_caliper_candidates_excluded,False
GSE178429_IFN_gamma,ifng_6h,trrust_dorothea_intersection,0,340,NFKB1,CD74,all_caliper_candidates_excluded,False
GSE178429_IFN_gamma,ifng_6h,trrust_dorothea_intersection,0,503,RFX5,HLA-DPB1,all_caliper_candidates_excluded,False
GSE178429_IFN_gamma,ifng_6h,trrust_dorothea_intersection,0,484,RELA,SOD2,all_caliper_candidates_excluded,False
GSE178429_IFN_gamma,ifng_6h,trrust_dorothea_intersection,0,502,RFX5,HLA-DPA1,all_caliper_candidates_excluded,False
GSE178429_IFN_gamma,ifng_6h,trrust_dorothea_intersection,0,58,CREB1,CXCR4,all_caliper_candidates_excluded,False
GSE178429_IFN_gamma,ifng_6h,trrust_dorothea_intersection,0,444,RELA,CD74,all_caliper_candidates_excluded,False
GSE178429_IFN_gamma,ifng_6h,trrust_dorothea_intersection,0,106,ETS1,CDKN1A,all_caliper_candidates_excluded,False
GSE178429_IFN_gamma,ifng_6h,trrust_dorothea_intersection,0,796,TBP,CDKN1A,all_caliper_candidates_excluded,False
GSE178429_IFN_gamma,ifng_6h,trrust_dorothea_intersection,0,537,SMAD4,CDKN1A,all_caliper_candidates_excluded,False
GSE178429_IFN_gamma,ifng_6h,trrust_dorothea_intersection,0,671,SP3,TIMP1,all_caliper_candidates_excluded,False
GSE178429_IFN_gamma,ifng_6h,trrust_dorothea_intersection,0,56,CREB1,CCL5,all_caliper_candidates_excluded,False
GSE178429_IFN_gamma,ifng_6h,trrust_dorothea_intersection,0,333,NFKB1,CCL4,all_caliper_candidates_excluded,False
GSE178429_IFN_gamma,ifng_6h,trrust_dorothea_intersection,0,750,STAT2,STAT1,all_caliper_candidates_excluded,False
GSE178429_IFN_gamma,ifng_6h,trrust_dorothea_intersection,0,660,SP3,CDKN1A,all_caliper_candidates_excluded,False
GSE178429_IFN_gamma,ifng_6h,trrust_dorothea_intersection,0,0,AHR,CYP1B1,all_caliper_candidates_excluded,False
GSE178429_IFN_gamma,ifng_6h,trrust_dorothea_intersection,0,449,RELA,CDKN1A,all_caliper_candidates_excluded,False
GSE178429_IFN_gamma,ifng_6h,trrust_dorothea_intersection,0,562,SP1,CCL2,all_caliper_candidates_excluded,False
GSE178429_IFN_gamma,ifng_6h,trrust_dorothea_intersection,0,452,RELA,CXCL10,all_caliper_candidates_excluded,False
GSE178429_IFN_gamma,ifng_6h,trrust_dorothea_intersection,0,422,REL,CCL5,all_caliper_candidates_excluded,False
GSE178429_IFN_gamma,ifng_6h,trrust_dorothea_intersection,0,899,ZEB2,VIM,all_caliper_candidates_excluded,False
GSE178429_IFN_gamma,ifng_6h,trrust_dorothea_intersection,0,221,JUN,CDKN1A,all_caliper_candidates_excluded,False
GSE178429_IFN_gamma,ifng_6h,trrust_dorothea_intersection,0,722,STAT1,HLA-E,all_caliper_candidates_excluded,False
GSE178429_IFN_gamma,ifng_6h,trrust_dorothea_intersection,0,144,GATA3,CD8A,all_caliper_candidates_excluded,False
GSE178429_IFN_gamma,ifng_6h,trrust_dorothea_intersection,0,334,NFKB1,CCL5,all_caliper_candidates_excluded,False
GSE178429_IFN_gamma,ifng_6h,trrust_dorothea_intersection,0,42,CEBPB,CDKN1A,all_caliper_candidates_excluded,False
GSE178429_IFN_gamma,ifng_6h,trrust_dorothea_intersection,0,155,HIF1A,CXCR4,all_caliper_candidates_excluded,False
GSE178429_IFN_gamma,ifng_6h,trrust_dorothea_intersection,0,506,RFX5,HLA-DQB1,all_caliper_candidates_excluded,False
GSE178429_IFN_gamma,ifng_6h,trrust_dorothea_intersection,0,410,PPARD,SAT1,all_caliper_candidates_excluded,False
GSE178429_IFN_gamma,ifng_6h,trrust_dorothea_intersection,0,413,RARA,CDKN1A,all_caliper_candidates_excluded,False
GSE178429_IFN_gamma,ifng_6h,trrust_dorothea_intersection,0,571,SP1,CDKN1A,all_caliper_candidates_excluded,False
GSE178429_IFN_gamma,ifng_6h,trrust_dorothea_intersection,0,3,ARNT,CYP1B1,all_caliper_candidates_excluded,False
GSE178429_IFN_gamma,ifng_6h,trrust_dorothea_intersection,0,105,ETS1,CD8A,all_caliper_candidates_excluded,False
GSE178429_IFN_gamma,ifng_6h,trrust_dorothea_intersection,0,285,MYC,CDKN1A,all_caliper_candidates_excluded,False
GSE178429_IFN_gamma,ifng_6h,trrust_dorothea_intersection,0,331,NFKB1,CCL2,all_caliper_candidates_excluded,False
GSE178429_IFN_gamma,ifng_6h,trrust_dorothea_intersection,0,865,USF2,B2M,all_caliper_candidates_excluded,False
GSE178429_IFN_gamma,ifng_6h,trrust_dorothea_intersection,0,254,KLF10,CDKN1A,all_caliper_candidates_excluded,False
GSE178429_IFN_gamma,ifng_6h,trrust_dorothea_intersection,0,736,STAT1,S100A10,all_caliper_candidates_excluded,False
GSE178429_IFN_gamma,ifng_6h,trrust_dorothea_intersection,0,485,RELA,STAT1,all_caliper_candidates_excluded,False
GSE178429_IFN_gamma,ifng_6h,trrust_dorothea_intersection,0,290,MYC,HLA-F,all_caliper_candidates_excluded,False
GSE178429_IFN_gamma,ifng_6h,trrust_dorothea_intersection,0,421,REL,CCL2,all_caliper_candidates_excluded,False
GSE178429_IFN_gamma,ifng_6h,trrust_dorothea_intersection,0,715,STAT1,CTSB,all_caliper_candidates_excluded,False
GSE178429_IFN_gamma,ifng_6h,trrust_dorothea_intersection,0,869,USF2,CXCR4,all_caliper_candidates_excluded,False
GSE178429_IFN_gamma,ifng_6h,trrust_dorothea_intersection,0,110,ETS1,CTSB,all_caliper_candidates_excluded,False
GSE178429_IFN_gamma,ifng_6h,trrust_dorothea_intersection,0,713,STAT1,CDKN1A,all_caliper_candidates_excluded,False
GSE178429_IFN_gamma,ifng_6h,trrust_dorothea_intersection,0,673,SP3,UBC,all_caliper_candidates_excluded,False
GSE178429_IFN_gamma,ifng_6h,trrust_dorothea_intersection,0,59,CREB1,HLA-DQB1,all_caliper_candidates_excluded,False
GSE178429_IFN_gamma,ifng_6h,trrust_dorothea_intersection,0,529,SMAD3,CDKN1A,all_caliper_candidates_excluded,False
GSE178429_IFN_gamma,ifng_6h,trrust_dorothea_intersection,0,439,RELA,CCL5,all_caliper_candidates_excluded,False
GSE178429_IFN_gamma,ifng_6h,trrust_dorothea_intersection,0,858,TP53,STAT1,all_caliper_candidates_excluded,False
GSE178429_IFN_gamma,ifng_6h,trrust_dorothea_intersection,0,708,STAT1,CCL2,all_caliper_candidates_excluded,False
GSE178429_IFN_gamma,ifng_6h,trrust_dorothea_intersection,0,18,ATF3,CCL5,all_caliper_candidates_excluded,False
GSE178429_IFN_gamma,ifng_6h,trrust_dorothea_intersection,0,202,IRF3,CXCL10,all_caliper_candidates_excluded,False
GSE178429_IFN_gamma,ifng_6h,trrust_dorothea_intersection,0,186,IRF1,CXCL10,all_caliper_candidates_excluded,False
GSE178429_IFN_gamma,ifng_6h,trrust_dorothea_intersection,0,111,ETS1,CXCR4,all_caliper_candidates_excluded,False
GSE178429_IFN_gamma,ifng_6h,trrust_dorothea_intersection,0,347,NFKB1,CTSB,all_caliper_candidates_excluded,False
GSE178429_IFN_gamma,ifng_6h,trrust_dorothea_intersection,0,507,RFX5,HLA-DRA,all_caliper_candidates_excluded,False
GSE178429_IFN_gamma,ifng_6h,trrust_dorothea_intersection,0,207,IRF7,CXCL10,all_caliper_candidates_excluded,False
GSE178429_IFN_gamma,ifng_6h,trrust_dorothea_intersection,0,753,STAT3,CCL2,all_caliper_candidates_excluded,False
GSE178429_IFN_gamma,ifng_6h,trrust_dorothea_intersection,0,867,USF2,CTSB,all_caliper_candidates_excluded,False
GSE178429_IFN_gamma,ifng_6h,trrust_dorothea_intersection,0,717,STAT1,CXCL10,all_caliper_candidates_excluded,False
GSE178429_IFN_gamma,ifng_6h,trrust_dorothea_intersection,0,642,SP1,TIMP1,all_caliper_candidates_excluded,False
GSE178429_IFN_gamma,ifng_6h,trrust_dorothea_intersection,0,816,TP53,CDKN1A,all_caliper_candidates_excluded,False
GSE178429_IFN_gamma,ifng_6h,trrust_dorothea_intersection,0,777,STAT3,STAT1,all_caliper_candidates_excluded,False
GSE178429_IFN_gamma,ifng_6h,trrust_dorothea_intersection,0,408,POU2F2,HLA-DRA,all_caliper_candidates_excluded,False
GSE178429_IFN_gamma,ifng_6h,trrust_dorothea_intersection,0,380,NFKB1,SOD2,all_caliper_candidates_excluded,False
GSE178429_IFN_gamma,ifng_6h,trrust_dorothea_intersection,0,578,SP1,CYP1B1,all_caliper_candidates_excluded,False
GSE178429_IFN_gamma,ifng_6h,trrust_dorothea_intersection,0,653,SP1,VIM,all_caliper_candidates_excluded,False
GSE178429_IFN_gamma,ifng_6h,trrust_dorothea_intersection,0,348,NFKB1,CXCL10,all_caliper_candidates_excluded,False
GSE178429_IFN_gamma,ifng_6h,trrust_dorothea_intersection,0,438,RELA,CCL4,all_caliper_candidates_excluded,False
GSE178429_IFN_gamma,ifng_6h,trrust_dorothea_intersection,0,481,RELA,S100A6,caliper_candidates_exhausted_by_unique_constraint,False
GSE178429_IFN_gamma,ifng_6h,trrust_dorothea_intersection,1,865,USF2,B2M,all_caliper_candidates_excluded,False
GSE178429_IFN_gamma,ifng_6h,trrust_dorothea_intersection,1,333,NFKB1,CCL4,all_caliper_candidates_excluded,False
GSE178429_IFN_gamma,ifng_6h,trrust_dorothea_intersection,1,449,RELA,CDKN1A,all_caliper_candidates_excluded,False
GSE178429_IFN_gamma,ifng_6h,trrust_dorothea_intersection,1,110,ETS1,CTSB,all_caliper_candidates_excluded,False
GSE178429_IFN_gamma,ifng_6h,trrust_dorothea_intersection,1,186,IRF1,CXCL10,all_caliper_candidates_excluded,False
GSE178429_IFN_gamma,ifng_6h,trrust_dorothea_intersection,1,3,ARNT,CYP1B1,all_caliper_candidates_excluded,False
GSE178429_IFN_gamma,ifng_6h,trrust_dorothea_intersection,1,219,JUN,CCL5,all_caliper_candidates_excluded,False
GSE178429_IFN_gamma,ifng_6h,trrust_dorothea_intersection,1,331,NFKB1,CCL2,all_caliper_candidates_excluded,False
GSE178429_IFN_gamma,ifng_6h,trrust_dorothea_intersection,1,290,MYC,HLA-F,all_caliper_candidates_excluded,False
GSE178429_IFN_gamma,ifng_6h,trrust_dorothea_intersection,1,56,CREB1,CCL5,all_caliper_candidates_excluded,False
GSE178429_IFN_gamma,ifng_6h,trrust_dorothea_intersection,1,42,CEBPB,CDKN1A,all_caliper_candidates_excluded,False
GSE178429_IFN_gamma,ifng_6h,trrust_dorothea_intersection,1,722,STAT1,HLA-E,all_caliper_candidates_excluded,False
GSE178429_IFN_gamma,ifng_6h,trrust_dorothea_intersection,1,537,SMAD4,CDKN1A,all_caliper_candidates_excluded,False
GSE178429_IFN_gamma,ifng_6h,trrust_dorothea_intersection,1,653,SP1,VIM,all_caliper_candidates_excluded,False
GSE178429_IFN_gamma,ifng_6h,trrust_dorothea_intersection,1,144,GATA3,CD8A,all_caliper_candidates_excluded,False
GSE178429_IFN_gamma,ifng_6h,trrust_dorothea_intersection,1,190,IRF1,HLA-A,all_caliper_candidates_excluded,False
GSE178429_IFN_gamma,ifng_6h,trrust_dorothea_intersection,1,221,JUN,CDKN1A,all_caliper_candidates_excluded,False
GSE178429_IFN_gamma,ifng_6h,trrust_dorothea_intersection,1,506,RFX5,HLA-DQB1,all_caliper_candidates_excluded,False
GSE178429_IFN_gamma,ifng_6h,trrust_dorothea_intersection,1,673,SP3,UBC,all_caliper_candidates_excluded,False
GSE178429_IFN_gamma,ifng_6h,trrust_dorothea_intersection,1,85,E2F3,CDKN1A,all_caliper_candidates_excluded,False
GSE178429_IFN_gamma,ifng_6h,trrust_dorothea_intersection,1,736,STAT1,S100A10,all_caliper_candidates_excluded,False
GSE178429_IFN_gamma,ifng_6h,trrust_dorothea_intersection,1,661,SP3,CTSB,all_caliper_candidates_excluded,False
GSE178429_IFN_gamma,ifng_6h,trrust_dorothea_intersection,1,254,KLF10,CDKN1A,all_caliper_candidates_excluded,False
GSE178429_IFN_gamma,ifng_6h,trrust_dorothea_intersection,1,408,POU2F2,HLA-DRA,all_caliper_candidates_excluded,False
GSE178429_IFN_gamma,ifng_6h,trrust_dorothea_intersection,1,488,RELA,TIMP1,all_caliper_candidates_excluded,False
GSE178429_IFN_gamma,ifng_6h,trrust_dorothea_intersection,1,285,MYC,CDKN1A,all_caliper_candidates_excluded,False
GSE178429_IFN_gamma,ifng_6h,trrust_dorothea_intersection,1,757,STAT3,CDKN1A,all_caliper_candidates_excluded,False
GSE178429_IFN_gamma,ifng_6h,trrust_dorothea_intersection,1,778,STAT3,TIMP1,all_caliper_candidates_excluded,False
GSE178429_IFN_gamma,ifng_6h,trrust_dorothea_intersection,1,248,JUND,CCL5,all_caliper_candidates_excluded,False
GSE178429_IFN_gamma,ifng_6h,trrust_dorothea_intersection,1,717,STAT1,CXCL10,all_caliper_candidates_excluded,False
GSE178429_IFN_gamma,ifng_6h,trrust_dorothea_intersection,1,562,SP1,CCL2,all_caliper_candidates_excluded,False
GSE178429_IFN_gamma,ifng_6h,trrust_dorothea_intersection,1,356,NFKB1,HLA-F,all_caliper_candidates_excluded,False
GSE178429_IFN_gamma,ifng_6h,trrust_dorothea_intersection,1,708,STAT1,CCL2,all_caliper_candidates_excluded,False
GSE178429_IFN_gamma,ifng_6h,trrust_dorothea_intersection,1,777,STAT3,STAT1,all_caliper_candidates_excluded,False
GSE178429_IFN_gamma,ifng_6h,trrust_dorothea_intersection,1,155,HIF1A,CXCR4,all_caliper_candidates_excluded,False
GSE178429_IFN_gamma,ifng_6h,trrust_dorothea_intersection,1,858,TP53,STAT1,all_caliper_candidates_excluded,False
GSE178429_IFN_gamma,ifng_6h,trrust_dorothea_intersection,1,869,USF2,CXCR4,all_caliper_candidates_excluded,False
GSE178429_IFN_gamma,ifng_6h,trrust_dorothea_intersection,1,507,RFX5,HLA-DRA,all_caliper_candidates_excluded,False
GSE178429_IFN_gamma,ifng_6h,trrust_dorothea_intersection,1,649,SP1,UBC,all_caliper_candidates_excluded,False
GSE178429_IFN_gamma,ifng_6h,trrust_dorothea_intersection,1,106,ETS1,CDKN1A,all_caliper_candidates_excluded,False
GSE178429_IFN_gamma,ifng_6h,trrust_dorothea_intersection,1,105,ETS1,CD8A,all_caliper_candidates_excluded,False
GSE178429_IFN_gamma,ifng_6h,trrust_dorothea_intersection,1,867,USF2,CTSB,all_caliper_candidates_excluded,False
GSE178429_IFN_gamma,ifng_6h,trrust_dorothea_intersection,1,753,STAT3,CCL2,all_caliper_candidates_excluded,False
GSE178429_IFN_gamma,ifng_6h,trrust_dorothea_intersection,1,518,RUNX1,TIMP1,all_caliper_candidates_excluded,False
GSE178429_IFN_gamma,ifng_6h,trrust_dorothea_intersection,1,380,NFKB1,SOD2,all_caliper_candidates_excluded,False
GSE178429_IFN_gamma,ifng_6h,trrust_dorothea_intersection,1,578,SP1,CYP1B1,all_caliper_candidates_excluded,False
GSE178429_IFN_gamma,ifng_6h,trrust_dorothea_intersection,1,715,STAT1,CTSB,all_caliper_candidates_excluded,False
GSE178429_IFN_gamma,ifng_6h,trrust_dorothea_intersection,1,0,AHR,CYP1B1,all_caliper_candidates_excluded,False
GSE178429_IFN_gamma,ifng_6h,trrust_dorothea_intersection,1,340,NFKB1,CD74,all_caliper_candidates_excluded,False
GSE178429_IFN_gamma,ifng_6h,trrust_dorothea_intersection,1,816,TP53,CDKN1A,all_caliper_candidates_excluded,False
GSE178429_IFN_gamma,ifng_6h,trrust_dorothea_intersection,1,383,NFKB1,TIMP1,all_caliper_candidates_excluded,False
GSE178429_IFN_gamma,ifng_6h,trrust_dorothea_intersection,1,713,STAT1,CDKN1A,all_caliper_candidates_excluded,False
GSE178429_IFN_gamma,ifng_6h,trrust_dorothea_intersection,1,796,TBP,CDKN1A,all_caliper_candidates_excluded,False
GSE178429_IFN_gamma,ifng_6h,trrust_dorothea_intersection,1,529,SMAD3,CDKN1A,all_caliper_candidates_excluded,False
GSE178429_IFN_gamma,ifng_6h,trrust_dorothea_intersection,1,660,SP3,CDKN1A,all_caliper_candidates_excluded,False
GSE178429_IFN_gamma,ifng_6h,trrust_dorothea_intersection,1,287,MYC,CXCR4,all_caliper_candidates_excluded,False
GSE178429_IFN_gamma,ifng_6h,trrust_dorothea_intersection,1,630,SP1,SOD2,all_caliper_candidates_excluded,False
GSE178429_IFN_gamma,ifng_6h,trrust_dorothea_intersection,1,111,ETS1,CXCR4,all_caliper_candidates_excluded,False
GSE178429_IFN_gamma,ifng_6h,trrust_dorothea_intersection,1,571,SP1,CDKN1A,all_caliper_candidates_excluded,False
GSE178429_IFN_gamma,ifng_6h,trrust_dorothea_intersection,1,743,STAT1,TIMP1,all_caliper_candidates_excluded,False
GSE178429_IFN_gamma,ifng_6h,trrust_dorothea_intersection,1,444,RELA,CD74,all_caliper_candidates_excluded,False
GSE178429_IFN_gamma,ifng_6h,trrust_dorothea_intersection,1,508,RFX5,HLA-DRB1,all_caliper_candidates_excluded,False
GSE178429_IFN_gamma,ifng_6h,trrust_dorothea_intersection,1,642,SP1,TIMP1,all_caliper_candidates_excluded,False
GSE178429_IFN_gamma,ifng_6h,trrust_dorothea_intersection,1,676,SPI1,CCL5,all_caliper_candidates_excluded,False
GSE178429_IFN_gamma,ifng_6h,trrust_dorothea_intersection,1,207,IRF7,CXCL10,all_caliper_candidates_excluded,False
GSE178429_IFN_gamma,ifng_6h,trrust_dorothea_intersection,1,183,IRF1,CCL5,all_caliper_candidates_excluded,False
GSE178429_IFN_gamma,ifng_6h,trrust_dorothea_intersection,1,750,STAT2,STAT1,all_caliper_candidates_excluded,False
GSE178429_IFN_gamma,ifng_6h,trrust_dorothea_intersection,1,59,CREB1,HLA-DQB1,all_caliper_candidates_excluded,False
GSE178429_IFN_gamma,ifng_6h,trrust_dorothea_intersection,1,454,RELA,CXCR4,all_caliper_candidates_excluded,False
GSE178429_IFN_gamma,ifng_6h,trrust_dorothea_intersection,1,452,RELA,CXCL10,all_caliper_candidates_excluded,False
GSE178429_IFN_gamma,ifng_6h,trrust_dorothea_intersection,1,484,RELA,SOD2,all_caliper_candidates_excluded,False
GSE178429_IFN_gamma,ifng_6h,trrust_dorothea_intersection,1,58,CREB1,CXCR4,all_caliper_candidates_excluded,False
GSE178429_IFN_gamma,ifng_6h,trrust_dorothea_intersection,1,325,NFKB1,B2M,all_caliper_candidates_excluded,False
GSE178429_IFN_gamma,ifng_6h,trrust_dorothea_intersection,1,439,RELA,CCL5,all_caliper_candidates_excluded,False
GSE178429_IFN_gamma,ifng_6h,trrust_dorothea_intersection,1,671,SP3,TIMP1,all_caliper_candidates_excluded,False
GSE178429_IFN_gamma,ifng_6h,trrust_dorothea_intersection,1,348,NFKB1,CXCL10,all_caliper_candidates_excluded,False
GSE178429_IFN_gamma,ifng_6h,trrust_dorothea_intersection,1,882,YY1,CXCR4,all_caliper_candidates_excluded,False
GSE178429_IFN_gamma,ifng_6h,trrust_dorothea_intersection,1,334,NFKB1,CCL5,all_caliper_candidates_excluded,False
GSE178429_IFN_gamma,ifng_6h,trrust_dorothea_intersection,1,899,ZEB2,VIM,all_caliper_candidates_excluded,False
GSE178429_IFN_gamma,ifng_6h,trrust_dorothea_intersection,1,485,RELA,STAT1,all_caliper_candidates_excluded,False
GSE178429_IFN_gamma,ifng_6h,trrust_dorothea_intersection,1,410,PPARD,SAT1,all_caliper_candidates_excluded,False
GSE178429_IFN_gamma,ifng_6h,trrust_dorothea_intersection,1,438,RELA,CCL4,all_caliper_candidates_excluded,False
GSE178429_IFN_gamma,ifng_6h,trrust_dorothea_intersection,1,436,RELA,CCL2,all_caliper_candidates_excluded,False
GSE178429_IFN_gamma,ifng_6h,trrust_dorothea_intersection,1,422,REL,CCL5,all_caliper_candidates_excluded,False
GSE178429_IFN_gamma,ifng_6h,trrust_dorothea_intersection,1,502,RFX5,HLA-DPA1,all_caliper_candidates_excluded,False
GSE178429_IFN_gamma,ifng_6h,trrust_dorothea_intersection,1,421,REL,CCL2,all_caliper_candidates_excluded,False
GSE178429_IFN_gamma,ifng_6h,trrust_dorothea_intersection,1,347,NFKB1,CTSB,all_caliper_candidates_excluded,False
GSE178429_IFN_gamma,ifng_6h,trrust_dorothea_intersection,1,451,RELA,CTSB,all_caliper_candidates_excluded,False
GSE178429_IFN_gamma,ifng_6h,trrust_dorothea_intersection,1,10,ATF2,CDKN1A,all_caliper_candidates_excluded,False
GSE178429_IFN_gamma,ifng_6h,trrust_dorothea_intersection,1,202,IRF3,CXCL10,all_caliper_candidates_excluded,False
GSE178429_IFN_gamma,ifng_6h,trrust_dorothea_intersection,1,18,ATF3,CCL5,all_caliper_candidates_excluded,False
GSE178429_IFN_gamma,ifng_6h,trrust_dorothea_intersection,1,503,RFX5,HLA-DPB1,all_caliper_candidates_excluded,False
GSE178429_IFN_gamma,ifng_6h,trrust_dorothea_intersection,1,218,JUN,CCL2,all_caliper_candidates_excluded,False
GSE178429_IFN_gamma,ifng_6h,trrust_dorothea_intersection,1,413,RARA,CDKN1A,all_caliper_candidates_excluded,False
GSE178429_IFN_gamma,ifng_6h,trrust_dorothea_intersection,1,481,RELA,S100A6,caliper_candidates_exhausted_by_unique_constraint,False
GSE178429_IFN_gamma,ifng_6h,trrust_dorothea_intersection,2,444,RELA,CD74,all_caliper_candidates_excluded,False
GSE178429_IFN_gamma,ifng_6h,trrust_dorothea_intersection,2,202,IRF3,CXCL10,all_caliper_candidates_excluded,False
GSE178429_IFN_gamma,ifng_6h,trrust_dorothea_intersection,2,449,RELA,CDKN1A,all_caliper_candidates_excluded,False
GSE178429_IFN_gamma,ifng_6h,trrust_dorothea_intersection,2,438,RELA,CCL4,all_caliper_candidates_excluded,False
GSE178429_IFN_gamma,ifng_6h,trrust_dorothea_intersection,2,325,NFKB1,B2M,all_caliper_candidates_excluded,False
GSE178429_IFN_gamma,ifng_6h,trrust_dorothea_intersection,2,661,SP3,CTSB,all_caliper_candidates_excluded,False
GSE178429_IFN_gamma,ifng_6h,trrust_dorothea_intersection,2,869,USF2,CXCR4,all_caliper_candidates_excluded,False
GSE178429_IFN_gamma,ifng_6h,trrust_dorothea_intersection,2,356,NFKB1,HLA-F,all_caliper_candidates_excluded,False
GSE178429_IFN_gamma,ifng_6h,trrust_dorothea_intersection,2,660,SP3,CDKN1A,all_caliper_candidates_excluded,False
GSE178429_IFN_gamma,ifng_6h,trrust_dorothea_intersection,2,3,ARNT,CYP1B1,all_caliper_candidates_excluded,False
GSE178429_IFN_gamma,ifng_6h,trrust_dorothea_intersection,2,413,RARA,CDKN1A,all_caliper_candidates_excluded,False
GSE178429_IFN_gamma,ifng_6h,trrust_dorothea_intersection,2,506,RFX5,HLA-DQB1,all_caliper_candidates_excluded,False
GSE178429_IFN_gamma,ifng_6h,trrust_dorothea_intersection,2,218,JUN,CCL2,all_caliper_candidates_excluded,False
GSE178429_IFN_gamma,ifng_6h,trrust_dorothea_intersection,2,380,NFKB1,SOD2,all_caliper_candidates_excluded,False
GSE178429_IFN_gamma,ifng_6h,trrust_dorothea_intersection,2,865,USF2,B2M,all_caliper_candidates_excluded,False
GSE178429_IFN_gamma,ifng_6h,trrust_dorothea_intersection,2,676,SPI1,CCL5,all_caliper_candidates_excluded,False
GSE178429_IFN_gamma,ifng_6h,trrust_dorothea_intersection,2,757,STAT3,CDKN1A,all_caliper_candidates_excluded,False
GSE178429_IFN_gamma,ifng_6h,trrust_dorothea_intersection,2,502,RFX5,HLA-DPA1,all_caliper_candidates_excluded,False
GSE178429_IFN_gamma,ifng_6h,trrust_dorothea_intersection,2,642,SP1,TIMP1,all_caliper_candidates_excluded,False
GSE178429_IFN_gamma,ifng_6h,trrust_dorothea_intersection,2,219,JUN,CCL5,all_caliper_candidates_excluded,False
GSE178429_IFN_gamma,ifng_6h,trrust_dorothea_intersection,2,408,POU2F2,HLA-DRA,all_caliper_candidates_excluded,False
GSE178429_IFN_gamma,ifng_6h,trrust_dorothea_intersection,2,671,SP3,TIMP1,all_caliper_candidates_excluded,False
GSE178429_IFN_gamma,ifng_6h,trrust_dorothea_intersection,2,777,STAT3,STAT1,all_caliper_candidates_excluded,False
GSE178429_IFN_gamma,ifng_6h,trrust_dorothea_intersection,2,410,PPARD,SAT1,all_caliper_candidates_excluded,False
GSE178429_IFN_gamma,ifng_6h,trrust_dorothea_intersection,2,0,AHR,CYP1B1,all_caliper_candidates_excluded,False
GSE178429_IFN_gamma,ifng_6h,trrust_dorothea_intersection,2,287,MYC,CXCR4,all_caliper_candidates_excluded,False
GSE178429_IFN_gamma,ifng_6h,trrust_dorothea_intersection,2,722,STAT1,HLA-E,all_caliper_candidates_excluded,False
GSE178429_IFN_gamma,ifng_6h,trrust_dorothea_intersection,2,713,STAT1,CDKN1A,all_caliper_candidates_excluded,False
GSE178429_IFN_gamma,ifng_6h,trrust_dorothea_intersection,2,333,NFKB1,CCL4,all_caliper_candidates_excluded,False
GSE178429_IFN_gamma,ifng_6h,trrust_dorothea_intersection,2,110,ETS1,CTSB,all_caliper_candidates_excluded,False
GSE178429_IFN_gamma,ifng_6h,trrust_dorothea_intersection,2,59,CREB1,HLA-DQB1,all_caliper_candidates_excluded,False
GSE178429_IFN_gamma,ifng_6h,trrust_dorothea_intersection,2,753,STAT3,CCL2,all_caliper_candidates_excluded,False
GSE178429_IFN_gamma,ifng_6h,trrust_dorothea_intersection,2,537,SMAD4,CDKN1A,all_caliper_candidates_excluded,False
GSE178429_IFN_gamma,ifng_6h,trrust_dorothea_intersection,2,454,RELA,CXCR4,all_caliper_candidates_excluded,False
GSE178429_IFN_gamma,ifng_6h,trrust_dorothea_intersection,2,503,RFX5,HLA-DPB1,all_caliper_candidates_excluded,False
GSE178429_IFN_gamma,ifng_6h,trrust_dorothea_intersection,2,58,CREB1,CXCR4,all_caliper_candidates_excluded,False
GSE178429_IFN_gamma,ifng_6h,trrust_dorothea_intersection,2,85,E2F3,CDKN1A,all_caliper_candidates_excluded,False
GSE178429_IFN_gamma,ifng_6h,trrust_dorothea_intersection,2,778,STAT3,TIMP1,all_caliper_candidates_excluded,False
GSE178429_IFN_gamma,ifng_6h,trrust_dorothea_intersection,2,348,NFKB1,CXCL10,all_caliper_candidates_excluded,False
GSE178429_IFN_gamma,ifng_6h,trrust_dorothea_intersection,2,649,SP1,UBC,all_caliper_candidates_excluded,False
GSE178429_IFN_gamma,ifng_6h,trrust_dorothea_intersection,2,56,CREB1,CCL5,all_caliper_candidates_excluded,False
GSE178429_IFN_gamma,ifng_6h,trrust_dorothea_intersection,2,816,TP53,CDKN1A,all_caliper_candidates_excluded,False
GSE178429_IFN_gamma,ifng_6h,trrust_dorothea_intersection,2,562,SP1,CCL2,all_caliper_candidates_excluded,False
GSE178429_IFN_gamma,ifng_6h,trrust_dorothea_intersection,2,106,ETS1,CDKN1A,all_caliper_candidates_excluded,False
GSE178429_IFN_gamma,ifng_6h,trrust_dorothea_intersection,2,508,RFX5,HLA-DRB1,all_caliper_candidates_excluded,False
GSE178429_IFN_gamma,ifng_6h,trrust_dorothea_intersection,2,673,SP3,UBC,all_caliper_candidates_excluded,False
GSE178429_IFN_gamma,ifng_6h,trrust_dorothea_intersection,2,254,KLF10,CDKN1A,all_caliper_candidates_excluded,False
GSE178429_IFN_gamma,ifng_6h,trrust_dorothea_intersection,2,248,JUND,CCL5,all_caliper_candidates_excluded,False
GSE178429_IFN_gamma,ifng_6h,trrust_dorothea_intersection,2,529,SMAD3,CDKN1A,all_caliper_candidates_excluded,False
GSE178429_IFN_gamma,ifng_6h,trrust_dorothea_intersection,2,882,YY1,CXCR4,all_caliper_candidates_excluded,False
GSE178429_IFN_gamma,ifng_6h,trrust_dorothea_intersection,2,190,IRF1,HLA-A,all_caliper_candidates_excluded,False
GSE178429_IFN_gamma,ifng_6h,trrust_dorothea_intersection,2,340,NFKB1,CD74,all_caliper_candidates_excluded,False
GSE178429_IFN_gamma,ifng_6h,trrust_dorothea_intersection,2,155,HIF1A,CXCR4,all_caliper_candidates_excluded,False
GSE178429_IFN_gamma,ifng_6h,trrust_dorothea_intersection,2,867,USF2,CTSB,all_caliper_candidates_excluded,False
GSE178429_IFN_gamma,ifng_6h,trrust_dorothea_intersection,2,347,NFKB1,CTSB,all_caliper_candidates_excluded,False
GSE178429_IFN_gamma,ifng_6h,trrust_dorothea_intersection,2,507,RFX5,HLA-DRA,all_caliper_candidates_excluded,False
GSE178429_IFN_gamma,ifng_6h,trrust_dorothea_intersection,2,451,RELA,CTSB,all_caliper_candidates_excluded,False
GSE178429_IFN_gamma,ifng_6h,trrust_dorothea_intersection,2,18,ATF3,CCL5,all_caliper_candidates_excluded,False
GSE178429_IFN_gamma,ifng_6h,trrust_dorothea_intersection,2,422,REL,CCL5,all_caliper_candidates_excluded,False
GSE178429_IFN_gamma,ifng_6h,trrust_dorothea_intersection,2,518,RUNX1,TIMP1,all_caliper_candidates_excluded,False
GSE178429_IFN_gamma,ifng_6h,trrust_dorothea_intersection,2,488,RELA,TIMP1,all_caliper_candidates_excluded,False
GSE178429_IFN_gamma,ifng_6h,trrust_dorothea_intersection,2,436,RELA,CCL2,all_caliper_candidates_excluded,False
GSE178429_IFN_gamma,ifng_6h,trrust_dorothea_intersection,2,571,SP1,CDKN1A,all_caliper_candidates_excluded,False
GSE178429_IFN_gamma,ifng_6h,trrust_dorothea_intersection,2,331,NFKB1,CCL2,all_caliper_candidates_excluded,False
GSE178429_IFN_gamma,ifng_6h,trrust_dorothea_intersection,2,750,STAT2,STAT1,all_caliper_candidates_excluded,False
GSE178429_IFN_gamma,ifng_6h,trrust_dorothea_intersection,2,183,IRF1,CCL5,all_caliper_candidates_excluded,False
GSE178429_IFN_gamma,ifng_6h,trrust_dorothea_intersection,2,452,RELA,CXCL10,all_caliper_candidates_excluded,False
GSE178429_IFN_gamma,ifng_6h,trrust_dorothea_intersection,2,421,REL,CCL2,all_caliper_candidates_excluded,False
GSE178429_IFN_gamma,ifng_6h,trrust_dorothea_intersection,2,858,TP53,STAT1,all_caliper_candidates_excluded,False
GSE178429_IFN_gamma,ifng_6h,trrust_dorothea_intersection,2,290,MYC,HLA-F,all_caliper_candidates_excluded,False
GSE178429_IFN_gamma,ifng_6h,trrust_dorothea_intersection,2,207,IRF7,CXCL10,all_caliper_candidates_excluded,False
GSE178429_IFN_gamma,ifng_6h,trrust_dorothea_intersection,2,334,NFKB1,CCL5,all_caliper_candidates_excluded,False
GSE178429_IFN_gamma,ifng_6h,trrust_dorothea_intersection,2,630,SP1,SOD2,all_caliper_candidates_excluded,False
GSE178429_IFN_gamma,ifng_6h,trrust_dorothea_intersection,2,221,JUN,CDKN1A,all_caliper_candidates_excluded,False
GSE178429_IFN_gamma,ifng_6h,trrust_dorothea_intersection,2,899,ZEB2,VIM,all_caliper_candidates_excluded,False
GSE178429_IFN_gamma,ifng_6h,trrust_dorothea_intersection,2,383,NFKB1,TIMP1,all_caliper_candidates_excluded,False
GSE178429_IFN_gamma,ifng_6h,trrust_dorothea_intersection,2,743,STAT1,TIMP1,all_caliper_candidates_excluded,False
GSE178429_IFN_gamma,ifng_6h,trrust_dorothea_intersection,2,186,IRF1,CXCL10,all_caliper_candidates_excluded,False
GSE178429_IFN_gamma,ifng_6h,trrust_dorothea_intersection,2,10,ATF2,CDKN1A,all_caliper_candidates_excluded,False
GSE178429_IFN_gamma,ifng_6h,trrust_dorothea_intersection,2,796,TBP,CDKN1A,all_caliper_candidates_excluded,False
GSE178429_IFN_gamma,ifng_6h,trrust_dorothea_intersection,2,736,STAT1,S100A10,all_caliper_candidates_excluded,False
GSE178429_IFN_gamma,ifng_6h,trrust_dorothea_intersection,2,578,SP1,CYP1B1,all_caliper_candidates_excluded,False
GSE178429_IFN_gamma,ifng_6h,trrust_dorothea_intersection,2,717,STAT1,CXCL10,all_caliper_candidates_excluded,False
GSE178429_IFN_gamma,ifng_6h,trrust_dorothea_intersection,2,715,STAT1,CTSB,all_caliper_candidates_excluded,False
GSE178429_IFN_gamma,ifng_6h,trrust_dorothea_intersection,2,42,CEBPB,CDKN1A,all_caliper_candidates_excluded,False
GSE178429_IFN_gamma,ifng_6h,trrust_dorothea_intersection,2,653,SP1,VIM,all_caliper_candidates_excluded,False
GSE178429_IFN_gamma,ifng_6h,trrust_dorothea_intersection,2,485,RELA,STAT1,all_caliper_candidates_excluded,False
GSE178429_IFN_gamma,ifng_6h,trrust_dorothea_intersection,2,144,GATA3,CD8A,all_caliper_candidates_excluded,False
GSE178429_IFN_gamma,ifng_6h,trrust_dorothea_intersection,2,484,RELA,SOD2,all_caliper_candidates_excluded,False
GSE178429_IFN_gamma,ifng_6h,trrust_dorothea_intersection,2,111,ETS1,CXCR4,all_caliper_candidates_excluded,False
GSE178429_IFN_gamma,ifng_6h,trrust_dorothea_intersection,2,105,ETS1,CD8A,all_caliper_candidates_excluded,False
GSE178429_IFN_gamma,ifng_6h,trrust_dorothea_intersection,2,708,STAT1,CCL2,all_caliper_candidates_excluded,False
GSE178429_IFN_gamma,ifng_6h,trrust_dorothea_intersection,2,285,MYC,CDKN1A,all_caliper_candidates_excluded,False
GSE178429_IFN_gamma,ifng_6h,trrust_dorothea_intersection,2,439,RELA,CCL5,all_caliper_candidates_excluded,False
GSE178429_IFN_gamma,ifng_6h,trrust_dorothea_intersection,2,481,RELA,S100A6,caliper_candidates_exhausted_by_unique_constraint,False
GSE178429_IFN_gamma,ifng_6h,trrust_dorothea_intersection,3,325,NFKB1,B2M,all_caliper_candidates_excluded,False
GSE178429_IFN_gamma,ifng_6h,trrust_dorothea_intersection,3,58,CREB1,CXCR4,all_caliper_candidates_excluded,False
GSE178429_IFN_gamma,ifng_6h,trrust_dorothea_intersection,3,410,PPARD,SAT1,all_caliper_candidates_excluded,False
GSE178429_IFN_gamma,ifng_6h,trrust_dorothea_intersection,3,867,USF2,CTSB,all_caliper_candidates_excluded,False
GSE178429_IFN_gamma,ifng_6h,trrust_dorothea_intersection,3,421,REL,CCL2,all_caliper_candidates_excluded,False
GSE178429_IFN_gamma,ifng_6h,trrust_dorothea_intersection,3,506,RFX5,HLA-DQB1,all_caliper_candidates_excluded,False
GSE178429_IFN_gamma,ifng_6h,trrust_dorothea_intersection,3,757,STAT3,CDKN1A,all_caliper_candidates_excluded,False
GSE178429_IFN_gamma,ifng_6h,trrust_dorothea_intersection,3,10,ATF2,CDKN1A,all_caliper_candidates_excluded,False
GSE178429_IFN_gamma,ifng_6h,trrust_dorothea_intersection,3,578,SP1,CYP1B1,all_caliper_candidates_excluded,False
GSE178429_IFN_gamma,ifng_6h,trrust_dorothea_intersection,3,642,SP1,TIMP1,all_caliper_candidates_excluded,False
GSE178429_IFN_gamma,ifng_6h,trrust_dorothea_intersection,3,105,ETS1,CD8A,all_caliper_candidates_excluded,False
GSE178429_IFN_gamma,ifng_6h,trrust_dorothea_intersection,3,59,CREB1,HLA-DQB1,all_caliper_candidates_excluded,False
GSE178429_IFN_gamma,ifng_6h,trrust_dorothea_intersection,3,290,MYC,HLA-F,all_caliper_candidates_excluded,False
GSE178429_IFN_gamma,ifng_6h,trrust_dorothea_intersection,3,56,CREB1,CCL5,all_caliper_candidates_excluded,False
GSE178429_IFN_gamma,ifng_6h,trrust_dorothea_intersection,3,816,TP53,CDKN1A,all_caliper_candidates_excluded,False
GSE178429_IFN_gamma,ifng_6h,trrust_dorothea_intersection,3,661,SP3,CTSB,all_caliper_candidates_excluded,False
GSE178429_IFN_gamma,ifng_6h,trrust_dorothea_intersection,3,183,IRF1,CCL5,all_caliper_candidates_excluded,False
GSE178429_IFN_gamma,ifng_6h,trrust_dorothea_intersection,3,202,IRF3,CXCL10,all_caliper_candidates_excluded,False
GSE178429_IFN_gamma,ifng_6h,trrust_dorothea_intersection,3,42,CEBPB,CDKN1A,all_caliper_candidates_excluded,False
GSE178429_IFN_gamma,ifng_6h,trrust_dorothea_intersection,3,334,NFKB1,CCL5,all_caliper_candidates_excluded,False
GSE178429_IFN_gamma,ifng_6h,trrust_dorothea_intersection,3,537,SMAD4,CDKN1A,all_caliper_candidates_excluded,False
GSE178429_IFN_gamma,ifng_6h,trrust_dorothea_intersection,3,340,NFKB1,CD74,all_caliper_candidates_excluded,False
GSE178429_IFN_gamma,ifng_6h,trrust_dorothea_intersection,3,186,IRF1,CXCL10,all_caliper_candidates_excluded,False
GSE178429_IFN_gamma,ifng_6h,trrust_dorothea_intersection,3,218,JUN,CCL2,all_caliper_candidates_excluded,False
GSE178429_IFN_gamma,ifng_6h,trrust_dorothea_intersection,3,858,TP53,STAT1,all_caliper_candidates_excluded,False
GSE178429_IFN_gamma,ifng_6h,trrust_dorothea_intersection,3,3,ARNT,CYP1B1,all_caliper_candidates_excluded,False
GSE178429_IFN_gamma,ifng_6h,trrust_dorothea_intersection,3,408,POU2F2,HLA-DRA,all_caliper_candidates_excluded,False
GSE178429_IFN_gamma,ifng_6h,trrust_dorothea_intersection,3,485,RELA,STAT1,all_caliper_candidates_excluded,False
GSE178429_IFN_gamma,ifng_6h,trrust_dorothea_intersection,3,653,SP1,VIM,all_caliper_candidates_excluded,False
GSE178429_IFN_gamma,ifng_6h,trrust_dorothea_intersection,3,438,RELA,CCL4,all_caliper_candidates_excluded,False
GSE178429_IFN_gamma,ifng_6h,trrust_dorothea_intersection,3,713,STAT1,CDKN1A,all_caliper_candidates_excluded,False
GSE178429_IFN_gamma,ifng_6h,trrust_dorothea_intersection,3,348,NFKB1,CXCL10,all_caliper_candidates_excluded,False
GSE178429_IFN_gamma,ifng_6h,trrust_dorothea_intersection,3,207,IRF7,CXCL10,all_caliper_candidates_excluded,False
GSE178429_IFN_gamma,ifng_6h,trrust_dorothea_intersection,3,529,SMAD3,CDKN1A,all_caliper_candidates_excluded,False
GSE178429_IFN_gamma,ifng_6h,trrust_dorothea_intersection,3,190,IRF1,HLA-A,all_caliper_candidates_excluded,False
GSE178429_IFN_gamma,ifng_6h,trrust_dorothea_intersection,3,219,JUN,CCL5,all_caliper_candidates_excluded,False
GSE178429_IFN_gamma,ifng_6h,trrust_dorothea_intersection,3,0,AHR,CYP1B1,all_caliper_candidates_excluded,False
GSE178429_IFN_gamma,ifng_6h,trrust_dorothea_intersection,3,508,RFX5,HLA-DRB1,all_caliper_candidates_excluded,False
GSE178429_IFN_gamma,ifng_6h,trrust_dorothea_intersection,3,715,STAT1,CTSB,all_caliper_candidates_excluded,False
GSE178429_IFN_gamma,ifng_6h,trrust_dorothea_intersection,3,882,YY1,CXCR4,all_caliper_candidates_excluded,False
GSE178429_IFN_gamma,ifng_6h,trrust_dorothea_intersection,3,333,NFKB1,CCL4,all_caliper_candidates_excluded,False
GSE178429_IFN_gamma,ifng_6h,trrust_dorothea_intersection,3,452,RELA,CXCL10,all_caliper_candidates_excluded,False
GSE178429_IFN_gamma,ifng_6h,trrust_dorothea_intersection,3,649,SP1,UBC,all_caliper_candidates_excluded,False
GSE178429_IFN_gamma,ifng_6h,trrust_dorothea_intersection,3,796,TBP,CDKN1A,all_caliper_candidates_excluded,False
GSE178429_IFN_gamma,ifng_6h,trrust_dorothea_intersection,3,736,STAT1,S100A10,all_caliper_candidates_excluded,False
GSE178429_IFN_gamma,ifng_6h,trrust_dorothea_intersection,3,221,JUN,CDKN1A,all_caliper_candidates_excluded,False
GSE178429_IFN_gamma,ifng_6h,trrust_dorothea_intersection,3,436,RELA,CCL2,all_caliper_candidates_excluded,False
GSE178429_IFN_gamma,ifng_6h,trrust_dorothea_intersection,3,285,MYC,CDKN1A,all_caliper_candidates_excluded,False
GSE178429_IFN_gamma,ifng_6h,trrust_dorothea_intersection,3,85,E2F3,CDKN1A,all_caliper_candidates_excluded,False
GSE178429_IFN_gamma,ifng_6h,trrust_dorothea_intersection,3,422,REL,CCL5,all_caliper_candidates_excluded,False
GSE178429_IFN_gamma,ifng_6h,trrust_dorothea_intersection,3,899,ZEB2,VIM,all_caliper_candidates_excluded,False
GSE178429_IFN_gamma,ifng_6h,trrust_dorothea_intersection,3,331,NFKB1,CCL2,all_caliper_candidates_excluded,False
GSE178429_IFN_gamma,ifng_6h,trrust_dorothea_intersection,3,111,ETS1,CXCR4,all_caliper_candidates_excluded,False
GSE178429_IFN_gamma,ifng_6h,trrust_dorothea_intersection,3,676,SPI1,CCL5,all_caliper_candidates_excluded,False
GSE178429_IFN_gamma,ifng_6h,trrust_dorothea_intersection,3,671,SP3,TIMP1,all_caliper_candidates_excluded,False
GSE178429_IFN_gamma,ifng_6h,trrust_dorothea_intersection,3,722,STAT1,HLA-E,all_caliper_candidates_excluded,False
GSE178429_IFN_gamma,ifng_6h,trrust_dorothea_intersection,3,110,ETS1,CTSB,all_caliper_candidates_excluded,False
GSE178429_IFN_gamma,ifng_6h,trrust_dorothea_intersection,3,488,RELA,TIMP1,all_caliper_candidates_excluded,False
GSE178429_IFN_gamma,ifng_6h,trrust_dorothea_intersection,3,106,ETS1,CDKN1A,all_caliper_candidates_excluded,False
GSE178429_IFN_gamma,ifng_6h,trrust_dorothea_intersection,3,562,SP1,CCL2,all_caliper_candidates_excluded,False
GSE178429_IFN_gamma,ifng_6h,trrust_dorothea_intersection,3,449,RELA,CDKN1A,all_caliper_candidates_excluded,False
GSE178429_IFN_gamma,ifng_6h,trrust_dorothea_intersection,3,660,SP3,CDKN1A,all_caliper_candidates_excluded,False
GSE178429_IFN_gamma,ifng_6h,trrust_dorothea_intersection,3,484,RELA,SOD2,all_caliper_candidates_excluded,False
GSE178429_IFN_gamma,ifng_6h,trrust_dorothea_intersection,3,673,SP3,UBC,all_caliper_candidates_excluded,False
GSE178429_IFN_gamma,ifng_6h,trrust_dorothea_intersection,3,451,RELA,CTSB,all_caliper_candidates_excluded,False
GSE178429_IFN_gamma,ifng_6h,trrust_dorothea_intersection,3,155,HIF1A,CXCR4,all_caliper_candidates_excluded,False
GSE178429_IFN_gamma,ifng_6h,trrust_dorothea_intersection,3,507,RFX5,HLA-DRA,all_caliper_candidates_excluded,False
GSE178429_IFN_gamma,ifng_6h,trrust_dorothea_intersection,3,347,NFKB1,CTSB,all_caliper_candidates_excluded,False
GSE178429_IFN_gamma,ifng_6h,trrust_dorothea_intersection,3,743,STAT1,TIMP1,all_caliper_candidates_excluded,False
GSE178429_IFN_gamma,ifng_6h,trrust_dorothea_intersection,3,444,RELA,CD74,all_caliper_candidates_excluded,False
GSE178429_IFN_gamma,ifng_6h,trrust_dorothea_intersection,3,778,STAT3,TIMP1,all_caliper_candidates_excluded,False
GSE178429_IFN_gamma,ifng_6h,trrust_dorothea_intersection,3,502,RFX5,HLA-DPA1,all_caliper_candidates_excluded,False
GSE178429_IFN_gamma,ifng_6h,trrust_dorothea_intersection,3,287,MYC,CXCR4,all_caliper_candidates_excluded,False
GSE178429_IFN_gamma,ifng_6h,trrust_dorothea_intersection,3,518,RUNX1,TIMP1,all_caliper_candidates_excluded,False
GSE178429_IFN_gamma,ifng_6h,trrust_dorothea_intersection,3,356,NFKB1,HLA-F,all_caliper_candidates_excluded,False
GSE178429_IFN_gamma,ifng_6h,trrust_dorothea_intersection,3,630,SP1,SOD2,all_caliper_candidates_excluded,False
GSE178429_IFN_gamma,ifng_6h,trrust_dorothea_intersection,3,248,JUND,CCL5,all_caliper_candidates_excluded,False
GSE178429_IFN_gamma,ifng_6h,trrust_dorothea_intersection,3,383,NFKB1,TIMP1,all_caliper_candidates_excluded,False
GSE178429_IFN_gamma,ifng_6h,trrust_dorothea_intersection,3,777,STAT3,STAT1,all_caliper_candidates_excluded,False
GSE178429_IFN_gamma,ifng_6h,trrust_dorothea_intersection,3,869,USF2,CXCR4,all_caliper_candidates_excluded,False
GSE178429_IFN_gamma,ifng_6h,trrust_dorothea_intersection,3,571,SP1,CDKN1A,all_caliper_candidates_excluded,False
GSE178429_IFN_gamma,ifng_6h,trrust_dorothea_intersection,3,144,GATA3,CD8A,all_caliper_candidates_excluded,False
GSE178429_IFN_gamma,ifng_6h,trrust_dorothea_intersection,3,753,STAT3,CCL2,all_caliper_candidates_excluded,False
GSE178429_IFN_gamma,ifng_6h,trrust_dorothea_intersection,3,865,USF2,B2M,all_caliper_candidates_excluded,False
GSE178429_IFN_gamma,ifng_6h,trrust_dorothea_intersection,3,708,STAT1,CCL2,all_caliper_candidates_excluded,False
GSE178429_IFN_gamma,ifng_6h,trrust_dorothea_intersection,3,717,STAT1,CXCL10,all_caliper_candidates_excluded,False
GSE178429_IFN_gamma,ifng_6h,trrust_dorothea_intersection,3,413,RARA,CDKN1A,all_caliper_candidates_excluded,False
GSE178429_IFN_gamma,ifng_6h,trrust_dorothea_intersection,3,439,RELA,CCL5,all_caliper_candidates_excluded,False
GSE178429_IFN_gamma,ifng_6h,trrust_dorothea_intersection,3,750,STAT2,STAT1,all_caliper_candidates_excluded,False
GSE178429_IFN_gamma,ifng_6h,trrust_dorothea_intersection,3,454,RELA,CXCR4,all_caliper_candidates_excluded,False
GSE178429_IFN_gamma,ifng_6h,trrust_dorothea_intersection,3,254,KLF10,CDKN1A,all_caliper_candidates_excluded,False
GSE178429_IFN_gamma,ifng_6h,trrust_dorothea_intersection,3,380,NFKB1,SOD2,all_caliper_candidates_excluded,False
GSE178429_IFN_gamma,ifng_6h,trrust_dorothea_intersection,3,503,RFX5,HLA-DPB1,all_caliper_candidates_excluded,False
GSE178429_IFN_gamma,ifng_6h,trrust_dorothea_intersection,3,18,ATF3,CCL5,all_caliper_candidates_excluded,False
GSE178429_IFN_gamma,ifng_6h,trrust_dorothea_intersection,3,472,RELA,NFKBIA,caliper_candidates_exhausted_by_unique_constraint,False
GSE178429_IFN_gamma,ifng_6h,trrust_dorothea_intersection,4,660,SP3,CDKN1A,all_caliper_candidates_excluded,False
GSE178429_IFN_gamma,ifng_6h,trrust_dorothea_intersection,4,340,NFKB1,CD74,all_caliper_candidates_excluded,False
GSE178429_IFN_gamma,ifng_6h,trrust_dorothea_intersection,4,333,NFKB1,CCL4,all_caliper_candidates_excluded,False
GSE178429_IFN_gamma,ifng_6h,trrust_dorothea_intersection,4,202,IRF3,CXCL10,all_caliper_candidates_excluded,False
GSE178429_IFN_gamma,ifng_6h,trrust_dorothea_intersection,4,410,PPARD,SAT1,all_caliper_candidates_excluded,False
GSE178429_IFN_gamma,ifng_6h,trrust_dorothea_intersection,4,529,SMAD3,CDKN1A,all_caliper_candidates_excluded,False
GSE178429_IFN_gamma,ifng_6h,trrust_dorothea_intersection,4,183,IRF1,CCL5,all_caliper_candidates_excluded,False
GSE178429_IFN_gamma,ifng_6h,trrust_dorothea_intersection,4,858,TP53,STAT1,all_caliper_candidates_excluded,False
GSE178429_IFN_gamma,ifng_6h,trrust_dorothea_intersection,4,777,STAT3,STAT1,all_caliper_candidates_excluded,False
GSE178429_IFN_gamma,ifng_6h,trrust_dorothea_intersection,4,865,USF2,B2M,all_caliper_candidates_excluded,False
GSE178429_IFN_gamma,ifng_6h,trrust_dorothea_intersection,4,59,CREB1,HLA-DQB1,all_caliper_candidates_excluded,False
GSE178429_IFN_gamma,ifng_6h,trrust_dorothea_intersection,4,571,SP1,CDKN1A,all_caliper_candidates_excluded,False
GSE178429_IFN_gamma,ifng_6h,trrust_dorothea_intersection,4,444,RELA,CD74,all_caliper_candidates_excluded,False
GSE178429_IFN_gamma,ifng_6h,trrust_dorothea_intersection,4,190,IRF1,HLA-A,all_caliper_candidates_excluded,False
GSE178429_IFN_gamma,ifng_6h,trrust_dorothea_intersection,4,508,RFX5,HLA-DRB1,all_caliper_candidates_excluded,False
GSE178429_IFN_gamma,ifng_6h,trrust_dorothea_intersection,4,717,STAT1,CXCL10,all_caliper_candidates_excluded,False
GSE178429_IFN_gamma,ifng_6h,trrust_dorothea_intersection,4,438,RELA,CCL4,all_caliper_candidates_excluded,False
GSE178429_IFN_gamma,ifng_6h,trrust_dorothea_intersection,4,106,ETS1,CDKN1A,all_caliper_candidates_excluded,False
GSE178429_IFN_gamma,ifng_6h,trrust_dorothea_intersection,4,3,ARNT,CYP1B1,all_caliper_candidates_excluded,False
GSE178429_IFN_gamma,ifng_6h,trrust_dorothea_intersection,4,380,NFKB1,SOD2,all_caliper_candidates_excluded,False
GSE178429_IFN_gamma,ifng_6h,trrust_dorothea_intersection,4,56,CREB1,CCL5,all_caliper_candidates_excluded,False
GSE178429_IFN_gamma,ifng_6h,trrust_dorothea_intersection,4,334,NFKB1,CCL5,all_caliper_candidates_excluded,False
GSE178429_IFN_gamma,ifng_6h,trrust_dorothea_intersection,4,356,NFKB1,HLA-F,all_caliper_candidates_excluded,False
GSE178429_IFN_gamma,ifng_6h,trrust_dorothea_intersection,4,899,ZEB2,VIM,all_caliper_candidates_excluded,False
GSE178429_IFN_gamma,ifng_6h,trrust_dorothea_intersection,4,10,ATF2,CDKN1A,all_caliper_candidates_excluded,False
GSE178429_IFN_gamma,ifng_6h,trrust_dorothea_intersection,4,452,RELA,CXCL10,all_caliper_candidates_excluded,False
GSE178429_IFN_gamma,ifng_6h,trrust_dorothea_intersection,4,757,STAT3,CDKN1A,all_caliper_candidates_excluded,False
GSE178429_IFN_gamma,ifng_6h,trrust_dorothea_intersection,4,331,NFKB1,CCL2,all_caliper_candidates_excluded,False
GSE178429_IFN_gamma,ifng_6h,trrust_dorothea_intersection,4,436,RELA,CCL2,all_caliper_candidates_excluded,False
GSE178429_IFN_gamma,ifng_6h,trrust_dorothea_intersection,4,454,RELA,CXCR4,all_caliper_candidates_excluded,False
GSE178429_IFN_gamma,ifng_6h,trrust_dorothea_intersection,4,743,STAT1,TIMP1,all_caliper_candidates_excluded,False
GSE178429_IFN_gamma,ifng_6h,trrust_dorothea_intersection,4,439,RELA,CCL5,all_caliper_candidates_excluded,False
GSE178429_IFN_gamma,ifng_6h,trrust_dorothea_intersection,4,484,RELA,SOD2,all_caliper_candidates_excluded,False
GSE178429_IFN_gamma,ifng_6h,trrust_dorothea_intersection,4,713,STAT1,CDKN1A,all_caliper_candidates_excluded,False
GSE178429_IFN_gamma,ifng_6h,trrust_dorothea_intersection,4,287,MYC,CXCR4,all_caliper_candidates_excluded,False
GSE178429_IFN_gamma,ifng_6h,trrust_dorothea_intersection,4,155,HIF1A,CXCR4,all_caliper_candidates_excluded,False
GSE178429_IFN_gamma,ifng_6h,trrust_dorothea_intersection,4,218,JUN,CCL2,all_caliper_candidates_excluded,False
GSE178429_IFN_gamma,ifng_6h,trrust_dorothea_intersection,4,506,RFX5,HLA-DQB1,all_caliper_candidates_excluded,False
GSE178429_IFN_gamma,ifng_6h,trrust_dorothea_intersection,4,207,IRF7,CXCL10,all_caliper_candidates_excluded,False
GSE178429_IFN_gamma,ifng_6h,trrust_dorothea_intersection,4,671,SP3,TIMP1,all_caliper_candidates_excluded,False
GSE178429_IFN_gamma,ifng_6h,trrust_dorothea_intersection,4,649,SP1,UBC,all_caliper_candidates_excluded,False
GSE178429_IFN_gamma,ifng_6h,trrust_dorothea_intersection,4,753,STAT3,CCL2,all_caliper_candidates_excluded,False
GSE178429_IFN_gamma,ifng_6h,trrust_dorothea_intersection,4,722,STAT1,HLA-E,all_caliper_candidates_excluded,False
GSE178429_IFN_gamma,ifng_6h,trrust_dorothea_intersection,4,750,STAT2,STAT1,all_caliper_candidates_excluded,False
GSE178429_IFN_gamma,ifng_6h,trrust_dorothea_intersection,4,485,RELA,STAT1,all_caliper_candidates_excluded,False
GSE178429_IFN_gamma,ifng_6h,trrust_dorothea_intersection,4,408,POU2F2,HLA-DRA,all_caliper_candidates_excluded,False
GSE178429_IFN_gamma,ifng_6h,trrust_dorothea_intersection,4,348,NFKB1,CXCL10,all_caliper_candidates_excluded,False
GSE178429_IFN_gamma,ifng_6h,trrust_dorothea_intersection,4,488,RELA,TIMP1,all_caliper_candidates_excluded,False
GSE178429_IFN_gamma,ifng_6h,trrust_dorothea_intersection,4,254,KLF10,CDKN1A,all_caliper_candidates_excluded,False
GSE178429_IFN_gamma,ifng_6h,trrust_dorothea_intersection,4,708,STAT1,CCL2,all_caliper_candidates_excluded,False
GSE178429_IFN_gamma,ifng_6h,trrust_dorothea_intersection,4,630,SP1,SOD2,all_caliper_candidates_excluded,False
GSE178429_IFN_gamma,ifng_6h,trrust_dorothea_intersection,4,42,CEBPB,CDKN1A,all_caliper_candidates_excluded,False
GSE178429_IFN_gamma,ifng_6h,trrust_dorothea_intersection,4,219,JUN,CCL5,all_caliper_candidates_excluded,False
GSE178429_IFN_gamma,ifng_6h,trrust_dorothea_intersection,4,503,RFX5,HLA-DPB1,all_caliper_candidates_excluded,False
GSE178429_IFN_gamma,ifng_6h,trrust_dorothea_intersection,4,676,SPI1,CCL5,all_caliper_candidates_excluded,False
GSE178429_IFN_gamma,ifng_6h,trrust_dorothea_intersection,4,578,SP1,CYP1B1,all_caliper_candidates_excluded,False
GSE178429_IFN_gamma,ifng_6h,trrust_dorothea_intersection,4,221,JUN,CDKN1A,all_caliper_candidates_excluded,False
GSE178429_IFN_gamma,ifng_6h,trrust_dorothea_intersection,4,105,ETS1,CD8A,all_caliper_candidates_excluded,False
GSE178429_IFN_gamma,ifng_6h,trrust_dorothea_intersection,4,290,MYC,HLA-F,all_caliper_candidates_excluded,False
GSE178429_IFN_gamma,ifng_6h,trrust_dorothea_intersection,4,715,STAT1,CTSB,all_caliper_candidates_excluded,False
GSE178429_IFN_gamma,ifng_6h,trrust_dorothea_intersection,4,537,SMAD4,CDKN1A,all_caliper_candidates_excluded,False
GSE178429_IFN_gamma,ifng_6h,trrust_dorothea_intersection,4,110,ETS1,CTSB,all_caliper_candidates_excluded,False
GSE178429_IFN_gamma,ifng_6h,trrust_dorothea_intersection,4,144,GATA3,CD8A,all_caliper_candidates_excluded,False
GSE178429_IFN_gamma,ifng_6h,trrust_dorothea_intersection,4,449,RELA,CDKN1A,all_caliper_candidates_excluded,False
GSE178429_IFN_gamma,ifng_6h,trrust_dorothea_intersection,4,383,NFKB1,TIMP1,all_caliper_candidates_excluded,False
GSE178429_IFN_gamma,ifng_6h,trrust_dorothea_intersection,4,562,SP1,CCL2,all_caliper_candidates_excluded,False
GSE178429_IFN_gamma,ifng_6h,trrust_dorothea_intersection,4,18,ATF3,CCL5,all_caliper_candidates_excluded,False
GSE178429_IFN_gamma,ifng_6h,trrust_dorothea_intersection,4,0,AHR,CYP1B1,all_caliper_candidates_excluded,False
GSE178429_IFN_gamma,ifng_6h,trrust_dorothea_intersection,4,796,TBP,CDKN1A,all_caliper_candidates_excluded,False
GSE178429_IFN_gamma,ifng_6h,trrust_dorothea_intersection,4,778,STAT3,TIMP1,all_caliper_candidates_excluded,False
GSE178429_IFN_gamma,ifng_6h,trrust_dorothea_intersection,4,869,USF2,CXCR4,all_caliper_candidates_excluded,False
GSE178429_IFN_gamma,ifng_6h,trrust_dorothea_intersection,4,518,RUNX1,TIMP1,all_caliper_candidates_excluded,False
GSE178429_IFN_gamma,ifng_6h,trrust_dorothea_intersection,4,285,MYC,CDKN1A,all_caliper_candidates_excluded,False
GSE178429_IFN_gamma,ifng_6h,trrust_dorothea_intersection,4,413,RARA,CDKN1A,all_caliper_candidates_excluded,False
GSE178429_IFN_gamma,ifng_6h,trrust_dorothea_intersection,4,661,SP3,CTSB,all_caliper_candidates_excluded,False
GSE178429_IFN_gamma,ifng_6h,trrust_dorothea_intersection,4,422,REL,CCL5,all_caliper_candidates_excluded,False
GSE178429_IFN_gamma,ifng_6h,trrust_dorothea_intersection,4,816,TP53,CDKN1A,all_caliper_candidates_excluded,False
GSE178429_IFN_gamma,ifng_6h,trrust_dorothea_intersection,4,186,IRF1,CXCL10,all_caliper_candidates_excluded,False
GSE178429_IFN_gamma,ifng_6h,trrust_dorothea_intersection,4,451,RELA,CTSB,all_caliper_candidates_excluded,False
GSE178429_IFN_gamma,ifng_6h,trrust_dorothea_intersection,4,867,USF2,CTSB,all_caliper_candidates_excluded,False
GSE178429_IFN_gamma,ifng_6h,trrust_dorothea_intersection,4,85,E2F3,CDKN1A,all_caliper_candidates_excluded,False
GSE178429_IFN_gamma,ifng_6h,trrust_dorothea_intersection,4,248,JUND,CCL5,all_caliper_candidates_excluded,False
GSE178429_IFN_gamma,ifng_6h,trrust_dorothea_intersection,4,673,SP3,UBC,all_caliper_candidates_excluded,False
GSE178429_IFN_gamma,ifng_6h,trrust_dorothea_intersection,4,58,CREB1,CXCR4,all_caliper_candidates_excluded,False
GSE178429_IFN_gamma,ifng_6h,trrust_dorothea_intersection,4,111,ETS1,CXCR4,all_caliper_candidates_excluded,False
GSE178429_IFN_gamma,ifng_6h,trrust_dorothea_intersection,4,642,SP1,TIMP1,all_caliper_candidates_excluded,False
GSE178429_IFN_gamma,ifng_6h,trrust_dorothea_intersection,4,325,NFKB1,B2M,all_caliper_candidates_excluded,False
GSE178429_IFN_gamma,ifng_6h,trrust_dorothea_intersection,4,653,SP1,VIM,all_caliper_candidates_excluded,False
GSE178429_IFN_gamma,ifng_6h,trrust_dorothea_intersection,4,507,RFX5,HLA-DRA,all_caliper_candidates_excluded,False
GSE178429_IFN_gamma,ifng_6h,trrust_dorothea_intersection,4,421,REL,CCL2,all_caliper_candidates_excluded,False
GSE178429_IFN_gamma,ifng_6h,trrust_dorothea_intersection,4,347,NFKB1,CTSB,all_caliper_candidates_excluded,False
GSE178429_IFN_gamma,ifng_6h,trrust_dorothea_intersection,4,502,RFX5,HLA-DPA1,all_caliper_candidates_excluded,False
GSE178429_IFN_gamma,ifng_6h,trrust_dorothea_intersection,4,736,STAT1,S100A10,all_caliper_candidates_excluded,False
GSE178429_IFN_gamma,ifng_6h,trrust_dorothea_intersection,4,882,YY1,CXCR4,all_caliper_candidates_excluded,False
GSE178429_IFN_gamma,ifng_6h,trrust_dorothea_intersection,4,481,RELA,S100A6,caliper_candidates_exhausted_by_unique_constraint,False
GSE178429_IFN_gamma,ifng_6h,trrust_dorothea_intersection,5,218,JUN,CCL2,all_caliper_candidates_excluded,False
GSE178429_IFN_gamma,ifng_6h,trrust_dorothea_intersection,5,503,RFX5,HLA-DPB1,all_caliper_candidates_excluded,False
GSE178429_IFN_gamma,ifng_6h,trrust_dorothea_intersection,5,186,IRF1,CXCL10,all_caliper_candidates_excluded,False
GSE178429_IFN_gamma,ifng_6h,trrust_dorothea_intersection,5,537,SMAD4,CDKN1A,all_caliper_candidates_excluded,False
GSE178429_IFN_gamma,ifng_6h,trrust_dorothea_intersection,5,882,YY1,CXCR4,all_caliper_candidates_excluded,False
GSE178429_IFN_gamma,ifng_6h,trrust_dorothea_intersection,5,10,ATF2,CDKN1A,all_caliper_candidates_excluded,False
GSE178429_IFN_gamma,ifng_6h,trrust_dorothea_intersection,5,155,HIF1A,CXCR4,all_caliper_candidates_excluded,False
GSE178429_IFN_gamma,ifng_6h,trrust_dorothea_intersection,5,444,RELA,CD74,all_caliper_candidates_excluded,False
GSE178429_IFN_gamma,ifng_6h,trrust_dorothea_intersection,5,413,RARA,CDKN1A,all_caliper_candidates_excluded,False
GSE178429_IFN_gamma,ifng_6h,trrust_dorothea_intersection,5,757,STAT3,CDKN1A,all_caliper_candidates_excluded,False
GSE178429_IFN_gamma,ifng_6h,trrust_dorothea_intersection,5,106,ETS1,CDKN1A,all_caliper_candidates_excluded,False
GSE178429_IFN_gamma,ifng_6h,trrust_dorothea_intersection,5,340,NFKB1,CD74,all_caliper_candidates_excluded,False
GSE178429_IFN_gamma,ifng_6h,trrust_dorothea_intersection,5,202,IRF3,CXCL10,all_caliper_candidates_excluded,False
GSE178429_IFN_gamma,ifng_6h,trrust_dorothea_intersection,5,865,USF2,B2M,all_caliper_candidates_excluded,False
GSE178429_IFN_gamma,ifng_6h,trrust_dorothea_intersection,5,254,KLF10,CDKN1A,all_caliper_candidates_excluded,False
GSE178429_IFN_gamma,ifng_6h,trrust_dorothea_intersection,5,451,RELA,CTSB,all_caliper_candidates_excluded,False
GSE178429_IFN_gamma,ifng_6h,trrust_dorothea_intersection,5,408,POU2F2,HLA-DRA,all_caliper_candidates_excluded,False
GSE178429_IFN_gamma,ifng_6h,trrust_dorothea_intersection,5,777,STAT3,STAT1,all_caliper_candidates_excluded,False
GSE178429_IFN_gamma,ifng_6h,trrust_dorothea_intersection,5,858,TP53,STAT1,all_caliper_candidates_excluded,False
GSE178429_IFN_gamma,ifng_6h,trrust_dorothea_intersection,5,485,RELA,STAT1,all_caliper_candidates_excluded,False
GSE178429_IFN_gamma,ifng_6h,trrust_dorothea_intersection,5,507,RFX5,HLA-DRA,all_caliper_candidates_excluded,False
GSE178429_IFN_gamma,ifng_6h,trrust_dorothea_intersection,5,562,SP1,CCL2,all_caliper_candidates_excluded,False
GSE178429_IFN_gamma,ifng_6h,trrust_dorothea_intersection,5,422,REL,CCL5,all_caliper_candidates_excluded,False
GSE178429_IFN_gamma,ifng_6h,trrust_dorothea_intersection,5,488,RELA,TIMP1,all_caliper_candidates_excluded,False
GSE178429_IFN_gamma,ifng_6h,trrust_dorothea_intersection,5,285,MYC,CDKN1A,all_caliper_candidates_excluded,False
GSE178429_IFN_gamma,ifng_6h,trrust_dorothea_intersection,5,452,RELA,CXCL10,all_caliper_candidates_excluded,False
GSE178429_IFN_gamma,ifng_6h,trrust_dorothea_intersection,5,85,E2F3,CDKN1A,all_caliper_candidates_excluded,False
GSE178429_IFN_gamma,ifng_6h,trrust_dorothea_intersection,5,383,NFKB1,TIMP1,all_caliper_candidates_excluded,False
GSE178429_IFN_gamma,ifng_6h,trrust_dorothea_intersection,5,325,NFKB1,B2M,all_caliper_candidates_excluded,False
GSE178429_IFN_gamma,ifng_6h,trrust_dorothea_intersection,5,190,IRF1,HLA-A,all_caliper_candidates_excluded,False
GSE178429_IFN_gamma,ifng_6h,trrust_dorothea_intersection,5,18,ATF3,CCL5,all_caliper_candidates_excluded,False
GSE178429_IFN_gamma,ifng_6h,trrust_dorothea_intersection,5,207,IRF7,CXCL10,all_caliper_candidates_excluded,False
GSE178429_IFN_gamma,ifng_6h,trrust_dorothea_intersection,5,630,SP1,SOD2,all_caliper_candidates_excluded,False
GSE178429_IFN_gamma,ifng_6h,trrust_dorothea_intersection,5,717,STAT1,CXCL10,all_caliper_candidates_excluded,False
GSE178429_IFN_gamma,ifng_6h,trrust_dorothea_intersection,5,484,RELA,SOD2,all_caliper_candidates_excluded,False
GSE178429_IFN_gamma,ifng_6h,trrust_dorothea_intersection,5,743,STAT1,TIMP1,all_caliper_candidates_excluded,False
GSE178429_IFN_gamma,ifng_6h,trrust_dorothea_intersection,5,380,NFKB1,SOD2,all_caliper_candidates_excluded,False
GSE178429_IFN_gamma,ifng_6h,trrust_dorothea_intersection,5,410,PPARD,SAT1,all_caliper_candidates_excluded,False
GSE178429_IFN_gamma,ifng_6h,trrust_dorothea_intersection,5,59,CREB1,HLA-DQB1,all_caliper_candidates_excluded,False
GSE178429_IFN_gamma,ifng_6h,trrust_dorothea_intersection,5,571,SP1,CDKN1A,all_caliper_candidates_excluded,False
GSE178429_IFN_gamma,ifng_6h,trrust_dorothea_intersection,5,708,STAT1,CCL2,all_caliper_candidates_excluded,False
GSE178429_IFN_gamma,ifng_6h,trrust_dorothea_intersection,5,290,MYC,HLA-F,all_caliper_candidates_excluded,False
GSE178429_IFN_gamma,ifng_6h,trrust_dorothea_intersection,5,144,GATA3,CD8A,all_caliper_candidates_excluded,False
GSE178429_IFN_gamma,ifng_6h,trrust_dorothea_intersection,5,421,REL,CCL2,all_caliper_candidates_excluded,False
GSE178429_IFN_gamma,ifng_6h,trrust_dorothea_intersection,5,449,RELA,CDKN1A,all_caliper_candidates_excluded,False
GSE178429_IFN_gamma,ifng_6h,trrust_dorothea_intersection,5,661,SP3,CTSB,all_caliper_candidates_excluded,False
GSE178429_IFN_gamma,ifng_6h,trrust_dorothea_intersection,5,333,NFKB1,CCL4,all_caliper_candidates_excluded,False
GSE178429_IFN_gamma,ifng_6h,trrust_dorothea_intersection,5,753,STAT3,CCL2,all_caliper_candidates_excluded,False
GSE178429_IFN_gamma,ifng_6h,trrust_dorothea_intersection,5,221,JUN,CDKN1A,all_caliper_candidates_excluded,False
GSE178429_IFN_gamma,ifng_6h,trrust_dorothea_intersection,5,722,STAT1,HLA-E,all_caliper_candidates_excluded,False
GSE178429_IFN_gamma,ifng_6h,trrust_dorothea_intersection,5,42,CEBPB,CDKN1A,all_caliper_candidates_excluded,False
GSE178429_IFN_gamma,ifng_6h,trrust_dorothea_intersection,5,518,RUNX1,TIMP1,all_caliper_candidates_excluded,False
GSE178429_IFN_gamma,ifng_6h,trrust_dorothea_intersection,5,816,TP53,CDKN1A,all_caliper_candidates_excluded,False
GSE178429_IFN_gamma,ifng_6h,trrust_dorothea_intersection,5,219,JUN,CCL5,all_caliper_candidates_excluded,False
GSE178429_IFN_gamma,ifng_6h,trrust_dorothea_intersection,5,506,RFX5,HLA-DQB1,all_caliper_candidates_excluded,False
GSE178429_IFN_gamma,ifng_6h,trrust_dorothea_intersection,5,287,MYC,CXCR4,all_caliper_candidates_excluded,False
GSE178429_IFN_gamma,ifng_6h,trrust_dorothea_intersection,5,248,JUND,CCL5,all_caliper_candidates_excluded,False
GSE178429_IFN_gamma,ifng_6h,trrust_dorothea_intersection,5,454,RELA,CXCR4,all_caliper_candidates_excluded,False
GSE178429_IFN_gamma,ifng_6h,trrust_dorothea_intersection,5,750,STAT2,STAT1,all_caliper_candidates_excluded,False
GSE178429_IFN_gamma,ifng_6h,trrust_dorothea_intersection,5,334,NFKB1,CCL5,all_caliper_candidates_excluded,False
GSE178429_IFN_gamma,ifng_6h,trrust_dorothea_intersection,5,56,CREB1,CCL5,all_caliper_candidates_excluded,False
GSE178429_IFN_gamma,ifng_6h,trrust_dorothea_intersection,5,183,IRF1,CCL5,all_caliper_candidates_excluded,False
GSE178429_IFN_gamma,ifng_6h,trrust_dorothea_intersection,5,796,TBP,CDKN1A,all_caliper_candidates_excluded,False
GSE178429_IFN_gamma,ifng_6h,trrust_dorothea_intersection,5,105,ETS1,CD8A,all_caliper_candidates_excluded,False
GSE178429_IFN_gamma,ifng_6h,trrust_dorothea_intersection,5,111,ETS1,CXCR4,all_caliper_candidates_excluded,False
GSE178429_IFN_gamma,ifng_6h,trrust_dorothea_intersection,5,778,STAT3,TIMP1,all_caliper_candidates_excluded,False
GSE178429_IFN_gamma,ifng_6h,trrust_dorothea_intersection,5,676,SPI1,CCL5,all_caliper_candidates_excluded,False
GSE178429_IFN_gamma,ifng_6h,trrust_dorothea_intersection,5,348,NFKB1,CXCL10,all_caliper_candidates_excluded,False
GSE178429_IFN_gamma,ifng_6h,trrust_dorothea_intersection,5,502,RFX5,HLA-DPA1,all_caliper_candidates_excluded,False
GSE178429_IFN_gamma,ifng_6h,trrust_dorothea_intersection,5,713,STAT1,CDKN1A,all_caliper_candidates_excluded,False
GSE178429_IFN_gamma,ifng_6h,trrust_dorothea_intersection,5,660,SP3,CDKN1A,all_caliper_candidates_excluded,False
GSE178429_IFN_gamma,ifng_6h,trrust_dorothea_intersection,5,331,NFKB1,CCL2,all_caliper_candidates_excluded,False
GSE178429_IFN_gamma,ifng_6h,trrust_dorothea_intersection,5,899,ZEB2,VIM,all_caliper_candidates_excluded,False
GSE178429_IFN_gamma,ifng_6h,trrust_dorothea_intersection,5,347,NFKB1,CTSB,all_caliper_candidates_excluded,False
GSE178429_IFN_gamma,ifng_6h,trrust_dorothea_intersection,5,673,SP3,UBC,all_caliper_candidates_excluded,False
GSE178429_IFN_gamma,ifng_6h,trrust_dorothea_intersection,5,642,SP1,TIMP1,all_caliper_candidates_excluded,False
GSE178429_IFN_gamma,ifng_6h,trrust_dorothea_intersection,5,438,RELA,CCL4,all_caliper_candidates_excluded,False
GSE178429_IFN_gamma,ifng_6h,trrust_dorothea_intersection,5,356,NFKB1,HLA-F,all_caliper_candidates_excluded,False
GSE178429_IFN_gamma,ifng_6h,trrust_dorothea_intersection,5,653,SP1,VIM,all_caliper_candidates_excluded,False
GSE178429_IFN_gamma,ifng_6h,trrust_dorothea_intersection,5,736,STAT1,S100A10,all_caliper_candidates_excluded,False
GSE178429_IFN_gamma,ifng_6h,trrust_dorothea_intersection,5,671,SP3,TIMP1,all_caliper_candidates_excluded,False
GSE178429_IFN_gamma,ifng_6h,trrust_dorothea_intersection,5,649,SP1,UBC,all_caliper_candidates_excluded,False
GSE178429_IFN_gamma,ifng_6h,trrust_dorothea_intersection,5,578,SP1,CYP1B1,all_caliper_candidates_excluded,False
GSE178429_IFN_gamma,ifng_6h,trrust_dorothea_intersection,5,508,RFX5,HLA-DRB1,all_caliper_candidates_excluded,False
GSE178429_IFN_gamma,ifng_6h,trrust_dorothea_intersection,5,867,USF2,CTSB,all_caliper_candidates_excluded,False
GSE178429_IFN_gamma,ifng_6h,trrust_dorothea_intersection,5,58,CREB1,CXCR4,all_caliper_candidates_excluded,False
GSE178429_IFN_gamma,ifng_6h,trrust_dorothea_intersection,5,436,RELA,CCL2,all_caliper_candidates_excluded,False
GSE178429_IFN_gamma,ifng_6h,trrust_dorothea_intersection,5,529,SMAD3,CDKN1A,all_caliper_candidates_excluded,False
GSE178429_IFN_gamma,ifng_6h,trrust_dorothea_intersection,5,110,ETS1,CTSB,all_caliper_candidates_excluded,False
GSE178429_IFN_gamma,ifng_6h,trrust_dorothea_intersection,5,439,RELA,CCL5,all_caliper_candidates_excluded,False
GSE178429_IFN_gamma,ifng_6h,trrust_dorothea_intersection,5,3,ARNT,CYP1B1,all_caliper_candidates_excluded,False
GSE178429_IFN_gamma,ifng_6h,trrust_dorothea_intersection,5,869,USF2,CXCR4,all_caliper_candidates_excluded,False
GSE178429_IFN_gamma,ifng_6h,trrust_dorothea_intersection,5,715,STAT1,CTSB,all_caliper_candidates_excluded,False
GSE178429_IFN_gamma,ifng_6h,trrust_dorothea_intersection,5,0,AHR,CYP1B1,all_caliper_candidates_excluded,False
GSE178429_IFN_gamma,ifng_6h,trrust_dorothea_intersection,5,481,RELA,S100A6,caliper_candidates_exhausted_by_unique_constraint,False
GSE178429_IFN_gamma,ifng_6h,trrust_dorothea_intersection,6,676,SPI1,CCL5,all_caliper_candidates_excluded,False
GSE178429_IFN_gamma,ifng_6h,trrust_dorothea_intersection,6,333,NFKB1,CCL4,all_caliper_candidates_excluded,False
GSE178429_IFN_gamma,ifng_6h,trrust_dorothea_intersection,6,421,REL,CCL2,all_caliper_candidates_excluded,False
GSE178429_IFN_gamma,ifng_6h,trrust_dorothea_intersection,6,673,SP3,UBC,all_caliper_candidates_excluded,False
GSE178429_IFN_gamma,ifng_6h,trrust_dorothea_intersection,6,10,ATF2,CDKN1A,all_caliper_candidates_excluded,False
GSE178429_IFN_gamma,ifng_6h,trrust_dorothea_intersection,6,717,STAT1,CXCL10,all_caliper_candidates_excluded,False
GSE178429_IFN_gamma,ifng_6h,trrust_dorothea_intersection,6,630,SP1,SOD2,all_caliper_candidates_excluded,False
GSE178429_IFN_gamma,ifng_6h,trrust_dorothea_intersection,6,413,RARA,CDKN1A,all_caliper_candidates_excluded,False
GSE178429_IFN_gamma,ifng_6h,trrust_dorothea_intersection,6,642,SP1,TIMP1,all_caliper_candidates_excluded,False
GSE178429_IFN_gamma,ifng_6h,trrust_dorothea_intersection,6,708,STAT1,CCL2,all_caliper_candidates_excluded,False
GSE178429_IFN_gamma,ifng_6h,trrust_dorothea_intersection,6,503,RFX5,HLA-DPB1,all_caliper_candidates_excluded,False
GSE178429_IFN_gamma,ifng_6h,trrust_dorothea_intersection,6,183,IRF1,CCL5,all_caliper_candidates_excluded,False
GSE178429_IFN_gamma,ifng_6h,trrust_dorothea_intersection,6,58,CREB1,CXCR4,all_caliper_candidates_excluded,False
GSE178429_IFN_gamma,ifng_6h,trrust_dorothea_intersection,6,816,TP53,CDKN1A,all_caliper_candidates_excluded,False
GSE178429_IFN_gamma,ifng_6h,trrust_dorothea_intersection,6,722,STAT1,HLA-E,all_caliper_candidates_excluded,False
GSE178429_IFN_gamma,ifng_6h,trrust_dorothea_intersection,6,202,IRF3,CXCL10,all_caliper_candidates_excluded,False
GSE178429_IFN_gamma,ifng_6h,trrust_dorothea_intersection,6,56,CREB1,CCL5,all_caliper_candidates_excluded,False
GSE178429_IFN_gamma,ifng_6h,trrust_dorothea_intersection,6,438,RELA,CCL4,all_caliper_candidates_excluded,False
GSE178429_IFN_gamma,ifng_6h,trrust_dorothea_intersection,6,18,ATF3,CCL5,all_caliper_candidates_excluded,False
GSE178429_IFN_gamma,ifng_6h,trrust_dorothea_intersection,6,383,NFKB1,TIMP1,all_caliper_candidates_excluded,False
GSE178429_IFN_gamma,ifng_6h,trrust_dorothea_intersection,6,287,MYC,CXCR4,all_caliper_candidates_excluded,False
GSE178429_IFN_gamma,ifng_6h,trrust_dorothea_intersection,6,899,ZEB2,VIM,all_caliper_candidates_excluded,False
GSE178429_IFN_gamma,ifng_6h,trrust_dorothea_intersection,6,410,PPARD,SAT1,all_caliper_candidates_excluded,False
GSE178429_IFN_gamma,ifng_6h,trrust_dorothea_intersection,6,757,STAT3,CDKN1A,all_caliper_candidates_excluded,False
GSE178429_IFN_gamma,ifng_6h,trrust_dorothea_intersection,6,778,STAT3,TIMP1,all_caliper_candidates_excluded,False
GSE178429_IFN_gamma,ifng_6h,trrust_dorothea_intersection,6,221,JUN,CDKN1A,all_caliper_candidates_excluded,False
GSE178429_IFN_gamma,ifng_6h,trrust_dorothea_intersection,6,858,TP53,STAT1,all_caliper_candidates_excluded,False
GSE178429_IFN_gamma,ifng_6h,trrust_dorothea_intersection,6,190,IRF1,HLA-A,all_caliper_candidates_excluded,False
GSE178429_IFN_gamma,ifng_6h,trrust_dorothea_intersection,6,334,NFKB1,CCL5,all_caliper_candidates_excluded,False
GSE178429_IFN_gamma,ifng_6h,trrust_dorothea_intersection,6,254,KLF10,CDKN1A,all_caliper_candidates_excluded,False
GSE178429_IFN_gamma,ifng_6h,trrust_dorothea_intersection,6,562,SP1,CCL2,all_caliper_candidates_excluded,False
GSE178429_IFN_gamma,ifng_6h,trrust_dorothea_intersection,6,736,STAT1,S100A10,all_caliper_candidates_excluded,False
GSE178429_IFN_gamma,ifng_6h,trrust_dorothea_intersection,6,356,NFKB1,HLA-F,all_caliper_candidates_excluded,False
GSE178429_IFN_gamma,ifng_6h,trrust_dorothea_intersection,6,439,RELA,CCL5,all_caliper_candidates_excluded,False
GSE178429_IFN_gamma,ifng_6h,trrust_dorothea_intersection,6,218,JUN,CCL2,all_caliper_candidates_excluded,False
GSE178429_IFN_gamma,ifng_6h,trrust_dorothea_intersection,6,3,ARNT,CYP1B1,all_caliper_candidates_excluded,False
GSE178429_IFN_gamma,ifng_6h,trrust_dorothea_intersection,6,408,POU2F2,HLA-DRA,all_caliper_candidates_excluded,False
GSE178429_IFN_gamma,ifng_6h,trrust_dorothea_intersection,6,186,IRF1,CXCL10,all_caliper_candidates_excluded,False
GSE178429_IFN_gamma,ifng_6h,trrust_dorothea_intersection,6,248,JUND,CCL5,all_caliper_candidates_excluded,False
GSE178429_IFN_gamma,ifng_6h,trrust_dorothea_intersection,6,715,STAT1,CTSB,all_caliper_candidates_excluded,False
GSE178429_IFN_gamma,ifng_6h,trrust_dorothea_intersection,6,713,STAT1,CDKN1A,all_caliper_candidates_excluded,False
GSE178429_IFN_gamma,ifng_6h,trrust_dorothea_intersection,6,753,STAT3,CCL2,all_caliper_candidates_excluded,False
GSE178429_IFN_gamma,ifng_6h,trrust_dorothea_intersection,6,502,RFX5,HLA-DPA1,all_caliper_candidates_excluded,False
GSE178429_IFN_gamma,ifng_6h,trrust_dorothea_intersection,6,347,NFKB1,CTSB,all_caliper_candidates_excluded,False
GSE178429_IFN_gamma,ifng_6h,trrust_dorothea_intersection,6,796,TBP,CDKN1A,all_caliper_candidates_excluded,False
GSE178429_IFN_gamma,ifng_6h,trrust_dorothea_intersection,6,331,NFKB1,CCL2,all_caliper_candidates_excluded,False
GSE178429_IFN_gamma,ifng_6h,trrust_dorothea_intersection,6,325,NFKB1,B2M,all_caliper_candidates_excluded,False
GSE178429_IFN_gamma,ifng_6h,trrust_dorothea_intersection,6,59,CREB1,HLA-DQB1,all_caliper_candidates_excluded,False
GSE178429_IFN_gamma,ifng_6h,trrust_dorothea_intersection,6,452,RELA,CXCL10,all_caliper_candidates_excluded,False
GSE178429_IFN_gamma,ifng_6h,trrust_dorothea_intersection,6,649,SP1,UBC,all_caliper_candidates_excluded,False
GSE178429_IFN_gamma,ifng_6h,trrust_dorothea_intersection,6,743,STAT1,TIMP1,all_caliper_candidates_excluded,False
GSE178429_IFN_gamma,ifng_6h,trrust_dorothea_intersection,6,671,SP3,TIMP1,all_caliper_candidates_excluded,False
GSE178429_IFN_gamma,ifng_6h,trrust_dorothea_intersection,6,110,ETS1,CTSB,all_caliper_candidates_excluded,False
GSE178429_IFN_gamma,ifng_6h,trrust_dorothea_intersection,6,484,RELA,SOD2,all_caliper_candidates_excluded,False
GSE178429_IFN_gamma,ifng_6h,trrust_dorothea_intersection,6,508,RFX5,HLA-DRB1,all_caliper_candidates_excluded,False
GSE178429_IFN_gamma,ifng_6h,trrust_dorothea_intersection,6,340,NFKB1,CD74,all_caliper_candidates_excluded,False
GSE178429_IFN_gamma,ifng_6h,trrust_dorothea_intersection,6,660,SP3,CDKN1A,all_caliper_candidates_excluded,False
GSE178429_IFN_gamma,ifng_6h,trrust_dorothea_intersection,6,144,GATA3,CD8A,all_caliper_candidates_excluded,False
GSE178429_IFN_gamma,ifng_6h,trrust_dorothea_intersection,6,661,SP3,CTSB,all_caliper_candidates_excluded,False
GSE178429_IFN_gamma,ifng_6h,trrust_dorothea_intersection,6,106,ETS1,CDKN1A,all_caliper_candidates_excluded,False
GSE178429_IFN_gamma,ifng_6h,trrust_dorothea_intersection,6,454,RELA,CXCR4,all_caliper_candidates_excluded,False
GSE178429_IFN_gamma,ifng_6h,trrust_dorothea_intersection,6,537,SMAD4,CDKN1A,all_caliper_candidates_excluded,False
GSE178429_IFN_gamma,ifng_6h,trrust_dorothea_intersection,6,750,STAT2,STAT1,all_caliper_candidates_excluded,False
GSE178429_IFN_gamma,ifng_6h,trrust_dorothea_intersection,6,506,RFX5,HLA-DQB1,all_caliper_candidates_excluded,False
GSE178429_IFN_gamma,ifng_6h,trrust_dorothea_intersection,6,518,RUNX1,TIMP1,all_caliper_candidates_excluded,False
GSE178429_IFN_gamma,ifng_6h,trrust_dorothea_intersection,6,444,RELA,CD74,all_caliper_candidates_excluded,False
GSE178429_IFN_gamma,ifng_6h,trrust_dorothea_intersection,6,867,USF2,CTSB,all_caliper_candidates_excluded,False
GSE178429_IFN_gamma,ifng_6h,trrust_dorothea_intersection,6,436,RELA,CCL2,all_caliper_candidates_excluded,False
GSE178429_IFN_gamma,ifng_6h,trrust_dorothea_intersection,6,869,USF2,CXCR4,all_caliper_candidates_excluded,False
GSE178429_IFN_gamma,ifng_6h,trrust_dorothea_intersection,6,0,AHR,CYP1B1,all_caliper_candidates_excluded,False
GSE178429_IFN_gamma,ifng_6h,trrust_dorothea_intersection,6,85,E2F3,CDKN1A,all_caliper_candidates_excluded,False
GSE178429_IFN_gamma,ifng_6h,trrust_dorothea_intersection,6,207,IRF7,CXCL10,all_caliper_candidates_excluded,False
GSE178429_IFN_gamma,ifng_6h,trrust_dorothea_intersection,6,488,RELA,TIMP1,all_caliper_candidates_excluded,False
GSE178429_IFN_gamma,ifng_6h,trrust_dorothea_intersection,6,422,REL,CCL5,all_caliper_candidates_excluded,False
GSE178429_IFN_gamma,ifng_6h,trrust_dorothea_intersection,6,348,NFKB1,CXCL10,all_caliper_candidates_excluded,False
GSE178429_IFN_gamma,ifng_6h,trrust_dorothea_intersection,6,111,ETS1,CXCR4,all_caliper_candidates_excluded,False
GSE178429_IFN_gamma,ifng_6h,trrust_dorothea_intersection,6,777,STAT3,STAT1,all_caliper_candidates_excluded,False
GSE178429_IFN_gamma,ifng_6h,trrust_dorothea_intersection,6,42,CEBPB,CDKN1A,all_caliper_candidates_excluded,False
GSE178429_IFN_gamma,ifng_6h,trrust_dorothea_intersection,6,451,RELA,CTSB,all_caliper_candidates_excluded,False
GSE178429_IFN_gamma,ifng_6h,trrust_dorothea_intersection,6,285,MYC,CDKN1A,all_caliper_candidates_excluded,False
GSE178429_IFN_gamma,ifng_6h,trrust_dorothea_intersection,6,578,SP1,CYP1B1,all_caliper_candidates_excluded,False
GSE178429_IFN_gamma,ifng_6h,trrust_dorothea_intersection,6,219,JUN,CCL5,all_caliper_candidates_excluded,False
GSE178429_IFN_gamma,ifng_6h,trrust_dorothea_intersection,6,882,YY1,CXCR4,all_caliper_candidates_excluded,False
GSE178429_IFN_gamma,ifng_6h,trrust_dorothea_intersection,6,290,MYC,HLA-F,all_caliper_candidates_excluded,False
GSE178429_IFN_gamma,ifng_6h,trrust_dorothea_intersection,6,507,RFX5,HLA-DRA,all_caliper_candidates_excluded,False
GSE178429_IFN_gamma,ifng_6h,trrust_dorothea_intersection,6,865,USF2,B2M,all_caliper_candidates_excluded,False
GSE178429_IFN_gamma,ifng_6h,trrust_dorothea_intersection,6,105,ETS1,CD8A,all_caliper_candidates_excluded,False
GSE178429_IFN_gamma,ifng_6h,trrust_dorothea_intersection,6,571,SP1,CDKN1A,all_caliper_candidates_excluded,False
GSE178429_IFN_gamma,ifng_6h,trrust_dorothea_intersection,6,653,SP1,VIM,all_caliper_candidates_excluded,False
GSE178429_IFN_gamma,ifng_6h,trrust_dorothea_intersection,6,155,HIF1A,CXCR4,all_caliper_candidates_excluded,False
GSE178429_IFN_gamma,ifng_6h,trrust_dorothea_intersection,6,449,RELA,CDKN1A,all_caliper_candidates_excluded,False
GSE178429_IFN_gamma,ifng_6h,trrust_dorothea_intersection,6,380,NFKB1,SOD2,all_caliper_candidates_excluded,False
GSE178429_IFN_gamma,ifng_6h,trrust_dorothea_intersection,6,529,SMAD3,CDKN1A,all_caliper_candidates_excluded,False
GSE178429_IFN_gamma,ifng_6h,trrust_dorothea_intersection,6,485,RELA,STAT1,all_caliper_candidates_excluded,False
GSE178429_IFN_gamma,ifng_6h,trrust_dorothea_intersection,6,472,RELA,NFKBIA,caliper_candidates_exhausted_by_unique_constraint,False
GSE178429_IFN_gamma,ifng_6h,trrust_dorothea_intersection,7,334,NFKB1,CCL5,all_caliper_candidates_excluded,False
GSE178429_IFN_gamma,ifng_6h,trrust_dorothea_intersection,7,454,RELA,CXCR4,all_caliper_candidates_excluded,False
GSE178429_IFN_gamma,ifng_6h,trrust_dorothea_intersection,7,869,USF2,CXCR4,all_caliper_candidates_excluded,False
GSE178429_IFN_gamma,ifng_6h,trrust_dorothea_intersection,7,105,ETS1,CD8A,all_caliper_candidates_excluded,False
GSE178429_IFN_gamma,ifng_6h,trrust_dorothea_intersection,7,331,NFKB1,CCL2,all_caliper_candidates_excluded,False
GSE178429_IFN_gamma,ifng_6h,trrust_dorothea_intersection,7,325,NFKB1,B2M,all_caliper_candidates_excluded,False
GSE178429_IFN_gamma,ifng_6h,trrust_dorothea_intersection,7,571,SP1,CDKN1A,all_caliper_candidates_excluded,False
GSE178429_IFN_gamma,ifng_6h,trrust_dorothea_intersection,7,671,SP3,TIMP1,all_caliper_candidates_excluded,False
GSE178429_IFN_gamma,ifng_6h,trrust_dorothea_intersection,7,436,RELA,CCL2,all_caliper_candidates_excluded,False
GSE178429_IFN_gamma,ifng_6h,trrust_dorothea_intersection,7,715,STAT1,CTSB,all_caliper_candidates_excluded,False
GSE178429_IFN_gamma,ifng_6h,trrust_dorothea_intersection,7,722,STAT1,HLA-E,all_caliper_candidates_excluded,False
GSE178429_IFN_gamma,ifng_6h,trrust_dorothea_intersection,7,340,NFKB1,CD74,all_caliper_candidates_excluded,False
GSE178429_IFN_gamma,ifng_6h,trrust_dorothea_intersection,7,111,ETS1,CXCR4,all_caliper_candidates_excluded,False
GSE178429_IFN_gamma,ifng_6h,trrust_dorothea_intersection,7,750,STAT2,STAT1,all_caliper_candidates_excluded,False
GSE178429_IFN_gamma,ifng_6h,trrust_dorothea_intersection,7,218,JUN,CCL2,all_caliper_candidates_excluded,False
GSE178429_IFN_gamma,ifng_6h,trrust_dorothea_intersection,7,449,RELA,CDKN1A,all_caliper_candidates_excluded,False
GSE178429_IFN_gamma,ifng_6h,trrust_dorothea_intersection,7,660,SP3,CDKN1A,all_caliper_candidates_excluded,False
GSE178429_IFN_gamma,ifng_6h,trrust_dorothea_intersection,7,421,REL,CCL2,all_caliper_candidates_excluded,False
GSE178429_IFN_gamma,ifng_6h,trrust_dorothea_intersection,7,867,USF2,CTSB,all_caliper_candidates_excluded,False
GSE178429_IFN_gamma,ifng_6h,trrust_dorothea_intersection,7,717,STAT1,CXCL10,all_caliper_candidates_excluded,False
GSE178429_IFN_gamma,ifng_6h,trrust_dorothea_intersection,7,347,NFKB1,CTSB,all_caliper_candidates_excluded,False
GSE178429_IFN_gamma,ifng_6h,trrust_dorothea_intersection,7,882,YY1,CXCR4,all_caliper_candidates_excluded,False
GSE178429_IFN_gamma,ifng_6h,trrust_dorothea_intersection,7,562,SP1,CCL2,all_caliper_candidates_excluded,False
GSE178429_IFN_gamma,ifng_6h,trrust_dorothea_intersection,7,816,TP53,CDKN1A,all_caliper_candidates_excluded,False
GSE178429_IFN_gamma,ifng_6h,trrust_dorothea_intersection,7,190,IRF1,HLA-A,all_caliper_candidates_excluded,False
GSE178429_IFN_gamma,ifng_6h,trrust_dorothea_intersection,7,56,CREB1,CCL5,all_caliper_candidates_excluded,False
GSE178429_IFN_gamma,ifng_6h,trrust_dorothea_intersection,7,537,SMAD4,CDKN1A,all_caliper_candidates_excluded,False
GSE178429_IFN_gamma,ifng_6h,trrust_dorothea_intersection,7,287,MYC,CXCR4,all_caliper_candidates_excluded,False
GSE178429_IFN_gamma,ifng_6h,trrust_dorothea_intersection,7,757,STAT3,CDKN1A,all_caliper_candidates_excluded,False
GSE178429_IFN_gamma,ifng_6h,trrust_dorothea_intersection,7,858,TP53,STAT1,all_caliper_candidates_excluded,False
GSE178429_IFN_gamma,ifng_6h,trrust_dorothea_intersection,7,254,KLF10,CDKN1A,all_caliper_candidates_excluded,False
GSE178429_IFN_gamma,ifng_6h,trrust_dorothea_intersection,7,58,CREB1,CXCR4,all_caliper_candidates_excluded,False
GSE178429_IFN_gamma,ifng_6h,trrust_dorothea_intersection,7,899,ZEB2,VIM,all_caliper_candidates_excluded,False
GSE178429_IFN_gamma,ifng_6h,trrust_dorothea_intersection,7,508,RFX5,HLA-DRB1,all_caliper_candidates_excluded,False
GSE178429_IFN_gamma,ifng_6h,trrust_dorothea_intersection,7,408,POU2F2,HLA-DRA,all_caliper_candidates_excluded,False
GSE178429_IFN_gamma,ifng_6h,trrust_dorothea_intersection,7,743,STAT1,TIMP1,all_caliper_candidates_excluded,False
GSE178429_IFN_gamma,ifng_6h,trrust_dorothea_intersection,7,488,RELA,TIMP1,all_caliper_candidates_excluded,False
GSE178429_IFN_gamma,ifng_6h,trrust_dorothea_intersection,7,713,STAT1,CDKN1A,all_caliper_candidates_excluded,False
GSE178429_IFN_gamma,ifng_6h,trrust_dorothea_intersection,7,18,ATF3,CCL5,all_caliper_candidates_excluded,False
GSE178429_IFN_gamma,ifng_6h,trrust_dorothea_intersection,7,186,IRF1,CXCL10,all_caliper_candidates_excluded,False
GSE178429_IFN_gamma,ifng_6h,trrust_dorothea_intersection,7,507,RFX5,HLA-DRA,all_caliper_candidates_excluded,False
GSE178429_IFN_gamma,ifng_6h,trrust_dorothea_intersection,7,422,REL,CCL5,all_caliper_candidates_excluded,False
GSE178429_IFN_gamma,ifng_6h,trrust_dorothea_intersection,7,285,MYC,CDKN1A,all_caliper_candidates_excluded,False
GSE178429_IFN_gamma,ifng_6h,trrust_dorothea_intersection,7,383,NFKB1,TIMP1,all_caliper_candidates_excluded,False
GSE178429_IFN_gamma,ifng_6h,trrust_dorothea_intersection,7,518,RUNX1,TIMP1,all_caliper_candidates_excluded,False
GSE178429_IFN_gamma,ifng_6h,trrust_dorothea_intersection,7,451,RELA,CTSB,all_caliper_candidates_excluded,False
GSE178429_IFN_gamma,ifng_6h,trrust_dorothea_intersection,7,777,STAT3,STAT1,all_caliper_candidates_excluded,False
GSE178429_IFN_gamma,ifng_6h,trrust_dorothea_intersection,7,42,CEBPB,CDKN1A,all_caliper_candidates_excluded,False
GSE178429_IFN_gamma,ifng_6h,trrust_dorothea_intersection,7,649,SP1,UBC,all_caliper_candidates_excluded,False
GSE178429_IFN_gamma,ifng_6h,trrust_dorothea_intersection,7,529,SMAD3,CDKN1A,all_caliper_candidates_excluded,False
GSE178429_IFN_gamma,ifng_6h,trrust_dorothea_intersection,7,708,STAT1,CCL2,all_caliper_candidates_excluded,False
GSE178429_IFN_gamma,ifng_6h,trrust_dorothea_intersection,7,753,STAT3,CCL2,all_caliper_candidates_excluded,False
GSE178429_IFN_gamma,ifng_6h,trrust_dorothea_intersection,7,380,NFKB1,SOD2,all_caliper_candidates_excluded,False
GSE178429_IFN_gamma,ifng_6h,trrust_dorothea_intersection,7,485,RELA,STAT1,all_caliper_candidates_excluded,False
GSE178429_IFN_gamma,ifng_6h,trrust_dorothea_intersection,7,110,ETS1,CTSB,all_caliper_candidates_excluded,False
GSE178429_IFN_gamma,ifng_6h,trrust_dorothea_intersection,7,502,RFX5,HLA-DPA1,all_caliper_candidates_excluded,False
GSE178429_IFN_gamma,ifng_6h,trrust_dorothea_intersection,7,59,CREB1,HLA-DQB1,all_caliper_candidates_excluded,False
GSE178429_IFN_gamma,ifng_6h,trrust_dorothea_intersection,7,3,ARNT,CYP1B1,all_caliper_candidates_excluded,False
GSE178429_IFN_gamma,ifng_6h,trrust_dorothea_intersection,7,506,RFX5,HLA-DQB1,all_caliper_candidates_excluded,False
GSE178429_IFN_gamma,ifng_6h,trrust_dorothea_intersection,7,865,USF2,B2M,all_caliper_candidates_excluded,False
GSE178429_IFN_gamma,ifng_6h,trrust_dorothea_intersection,7,106,ETS1,CDKN1A,all_caliper_candidates_excluded,False
GSE178429_IFN_gamma,ifng_6h,trrust_dorothea_intersection,7,578,SP1,CYP1B1,all_caliper_candidates_excluded,False
GSE178429_IFN_gamma,ifng_6h,trrust_dorothea_intersection,7,10,ATF2,CDKN1A,all_caliper_candidates_excluded,False
GSE178429_IFN_gamma,ifng_6h,trrust_dorothea_intersection,7,484,RELA,SOD2,all_caliper_candidates_excluded,False
GSE178429_IFN_gamma,ifng_6h,trrust_dorothea_intersection,7,630,SP1,SOD2,all_caliper_candidates_excluded,False
GSE178429_IFN_gamma,ifng_6h,trrust_dorothea_intersection,7,155,HIF1A,CXCR4,all_caliper_candidates_excluded,False
GSE178429_IFN_gamma,ifng_6h,trrust_dorothea_intersection,7,144,GATA3,CD8A,all_caliper_candidates_excluded,False
GSE178429_IFN_gamma,ifng_6h,trrust_dorothea_intersection,7,642,SP1,TIMP1,all_caliper_candidates_excluded,False
GSE178429_IFN_gamma,ifng_6h,trrust_dorothea_intersection,7,202,IRF3,CXCL10,all_caliper_candidates_excluded,False
GSE178429_IFN_gamma,ifng_6h,trrust_dorothea_intersection,7,0,AHR,CYP1B1,all_caliper_candidates_excluded,False
GSE178429_IFN_gamma,ifng_6h,trrust_dorothea_intersection,7,736,STAT1,S100A10,all_caliper_candidates_excluded,False
GSE178429_IFN_gamma,ifng_6h,trrust_dorothea_intersection,7,348,NFKB1,CXCL10,all_caliper_candidates_excluded,False
GSE178429_IFN_gamma,ifng_6h,trrust_dorothea_intersection,7,413,RARA,CDKN1A,all_caliper_candidates_excluded,False
GSE178429_IFN_gamma,ifng_6h,trrust_dorothea_intersection,7,410,PPARD,SAT1,all_caliper_candidates_excluded,False
GSE178429_IFN_gamma,ifng_6h,trrust_dorothea_intersection,7,673,SP3,UBC,all_caliper_candidates_excluded,False
GSE178429_IFN_gamma,ifng_6h,trrust_dorothea_intersection,7,653,SP1,VIM,all_caliper_candidates_excluded,False
GSE178429_IFN_gamma,ifng_6h,trrust_dorothea_intersection,7,438,RELA,CCL4,all_caliper_candidates_excluded,False
GSE178429_IFN_gamma,ifng_6h,trrust_dorothea_intersection,7,796,TBP,CDKN1A,all_caliper_candidates_excluded,False
GSE178429_IFN_gamma,ifng_6h,trrust_dorothea_intersection,7,183,IRF1,CCL5,all_caliper_candidates_excluded,False
GSE178429_IFN_gamma,ifng_6h,trrust_dorothea_intersection,7,356,NFKB1,HLA-F,all_caliper_candidates_excluded,False
GSE178429_IFN_gamma,ifng_6h,trrust_dorothea_intersection,7,676,SPI1,CCL5,all_caliper_candidates_excluded,False
GSE178429_IFN_gamma,ifng_6h,trrust_dorothea_intersection,7,207,IRF7,CXCL10,all_caliper_candidates_excluded,False
GSE178429_IFN_gamma,ifng_6h,trrust_dorothea_intersection,7,333,NFKB1,CCL4,all_caliper_candidates_excluded,False
GSE178429_IFN_gamma,ifng_6h,trrust_dorothea_intersection,7,444,RELA,CD74,all_caliper_candidates_excluded,False
GSE178429_IFN_gamma,ifng_6h,trrust_dorothea_intersection,7,452,RELA,CXCL10,all_caliper_candidates_excluded,False
GSE178429_IFN_gamma,ifng_6h,trrust_dorothea_intersection,7,221,JUN,CDKN1A,all_caliper_candidates_excluded,False
GSE178429_IFN_gamma,ifng_6h,trrust_dorothea_intersection,7,778,STAT3,TIMP1,all_caliper_candidates_excluded,False
GSE178429_IFN_gamma,ifng_6h,trrust_dorothea_intersection,7,85,E2F3,CDKN1A,all_caliper_candidates_excluded,False
GSE178429_IFN_gamma,ifng_6h,trrust_dorothea_intersection,7,439,RELA,CCL5,all_caliper_candidates_excluded,False
GSE178429_IFN_gamma,ifng_6h,trrust_dorothea_intersection,7,219,JUN,CCL5,all_caliper_candidates_excluded,False
GSE178429_IFN_gamma,ifng_6h,trrust_dorothea_intersection,7,503,RFX5,HLA-DPB1,all_caliper_candidates_excluded,False
GSE178429_IFN_gamma,ifng_6h,trrust_dorothea_intersection,7,248,JUND,CCL5,all_caliper_candidates_excluded,False
GSE178429_IFN_gamma,ifng_6h,trrust_dorothea_intersection,7,661,SP3,CTSB,all_caliper_candidates_excluded,False
GSE178429_IFN_gamma,ifng_6h,trrust_dorothea_intersection,7,290,MYC,HLA-F,all_caliper_candidates_excluded,False
GSE178429_IFN_gamma,ifng_6h,trrust_dorothea_intersection,7,481,RELA,S100A6,caliper_candidates_exhausted_by_unique_constraint,False
GSE178429_IFN_gamma,ifng_6h,trrust_dorothea_intersection,8,408,POU2F2,HLA-DRA,all_caliper_candidates_excluded,False
GSE178429_IFN_gamma,ifng_6h,trrust_dorothea_intersection,8,413,RARA,CDKN1A,all_caliper_candidates_excluded,False
GSE178429_IFN_gamma,ifng_6h,trrust_dorothea_intersection,8,722,STAT1,HLA-E,all_caliper_candidates_excluded,False
GSE178429_IFN_gamma,ifng_6h,trrust_dorothea_intersection,8,207,IRF7,CXCL10,all_caliper_candidates_excluded,False
GSE178429_IFN_gamma,ifng_6h,trrust_dorothea_intersection,8,869,USF2,CXCR4,all_caliper_candidates_excluded,False
GSE178429_IFN_gamma,ifng_6h,trrust_dorothea_intersection,8,502,RFX5,HLA-DPA1,all_caliper_candidates_excluded,False
GSE178429_IFN_gamma,ifng_6h,trrust_dorothea_intersection,8,750,STAT2,STAT1,all_caliper_candidates_excluded,False
GSE178429_IFN_gamma,ifng_6h,trrust_dorothea_intersection,8,507,RFX5,HLA-DRA,all_caliper_candidates_excluded,False
GSE178429_IFN_gamma,ifng_6h,trrust_dorothea_intersection,8,777,STAT3,STAT1,all_caliper_candidates_excluded,False
GSE178429_IFN_gamma,ifng_6h,trrust_dorothea_intersection,8,59,CREB1,HLA-DQB1,all_caliper_candidates_excluded,False
GSE178429_IFN_gamma,ifng_6h,trrust_dorothea_intersection,8,331,NFKB1,CCL2,all_caliper_candidates_excluded,False
GSE178429_IFN_gamma,ifng_6h,trrust_dorothea_intersection,8,649,SP1,UBC,all_caliper_candidates_excluded,False
GSE178429_IFN_gamma,ifng_6h,trrust_dorothea_intersection,8,488,RELA,TIMP1,all_caliper_candidates_excluded,False
GSE178429_IFN_gamma,ifng_6h,trrust_dorothea_intersection,8,653,SP1,VIM,all_caliper_candidates_excluded,False
GSE178429_IFN_gamma,ifng_6h,trrust_dorothea_intersection,8,3,ARNT,CYP1B1,all_caliper_candidates_excluded,False
GSE178429_IFN_gamma,ifng_6h,trrust_dorothea_intersection,8,18,ATF3,CCL5,all_caliper_candidates_excluded,False
GSE178429_IFN_gamma,ifng_6h,trrust_dorothea_intersection,8,503,RFX5,HLA-DPB1,all_caliper_candidates_excluded,False
GSE178429_IFN_gamma,ifng_6h,trrust_dorothea_intersection,8,106,ETS1,CDKN1A,all_caliper_candidates_excluded,False
GSE178429_IFN_gamma,ifng_6h,trrust_dorothea_intersection,8,484,RELA,SOD2,all_caliper_candidates_excluded,False
GSE178429_IFN_gamma,ifng_6h,trrust_dorothea_intersection,8,676,SPI1,CCL5,all_caliper_candidates_excluded,False
GSE178429_IFN_gamma,ifng_6h,trrust_dorothea_intersection,8,10,ATF2,CDKN1A,all_caliper_candidates_excluded,False
GSE178429_IFN_gamma,ifng_6h,trrust_dorothea_intersection,8,190,IRF1,HLA-A,all_caliper_candidates_excluded,False
GSE178429_IFN_gamma,ifng_6h,trrust_dorothea_intersection,8,715,STAT1,CTSB,all_caliper_candidates_excluded,False
GSE178429_IFN_gamma,ifng_6h,trrust_dorothea_intersection,8,340,NFKB1,CD74,all_caliper_candidates_excluded,False
GSE178429_IFN_gamma,ifng_6h,trrust_dorothea_intersection,8,380,NFKB1,SOD2,all_caliper_candidates_excluded,False
GSE178429_IFN_gamma,ifng_6h,trrust_dorothea_intersection,8,708,STAT1,CCL2,all_caliper_candidates_excluded,False
GSE178429_IFN_gamma,ifng_6h,trrust_dorothea_intersection,8,529,SMAD3,CDKN1A,all_caliper_candidates_excluded,False
GSE178429_IFN_gamma,ifng_6h,trrust_dorothea_intersection,8,111,ETS1,CXCR4,all_caliper_candidates_excluded,False
GSE178429_IFN_gamma,ifng_6h,trrust_dorothea_intersection,8,796,TBP,CDKN1A,all_caliper_candidates_excluded,False
GSE178429_IFN_gamma,ifng_6h,trrust_dorothea_intersection,8,0,AHR,CYP1B1,all_caliper_candidates_excluded,False
GSE178429_IFN_gamma,ifng_6h,trrust_dorothea_intersection,8,673,SP3,UBC,all_caliper_candidates_excluded,False
GSE178429_IFN_gamma,ifng_6h,trrust_dorothea_intersection,8,882,YY1,CXCR4,all_caliper_candidates_excluded,False
GSE178429_IFN_gamma,ifng_6h,trrust_dorothea_intersection,8,452,RELA,CXCL10,all_caliper_candidates_excluded,False
GSE178429_IFN_gamma,ifng_6h,trrust_dorothea_intersection,8,713,STAT1,CDKN1A,all_caliper_candidates_excluded,False
GSE178429_IFN_gamma,ifng_6h,trrust_dorothea_intersection,8,438,RELA,CCL4,all_caliper_candidates_excluded,False
GSE178429_IFN_gamma,ifng_6h,trrust_dorothea_intersection,8,183,IRF1,CCL5,all_caliper_candidates_excluded,False
GSE178429_IFN_gamma,ifng_6h,trrust_dorothea_intersection,8,254,KLF10,CDKN1A,all_caliper_candidates_excluded,False
GSE178429_IFN_gamma,ifng_6h,trrust_dorothea_intersection,8,422,REL,CCL5,all_caliper_candidates_excluded,False
GSE178429_IFN_gamma,ifng_6h,trrust_dorothea_intersection,8,218,JUN,CCL2,all_caliper_candidates_excluded,False
GSE178429_IFN_gamma,ifng_6h,trrust_dorothea_intersection,8,867,USF2,CTSB,all_caliper_candidates_excluded,False
GSE178429_IFN_gamma,ifng_6h,trrust_dorothea_intersection,8,436,RELA,CCL2,all_caliper_candidates_excluded,False
GSE178429_IFN_gamma,ifng_6h,trrust_dorothea_intersection,8,660,SP3,CDKN1A,all_caliper_candidates_excluded,False
GSE178429_IFN_gamma,ifng_6h,trrust_dorothea_intersection,8,578,SP1,CYP1B1,all_caliper_candidates_excluded,False
GSE178429_IFN_gamma,ifng_6h,trrust_dorothea_intersection,8,537,SMAD4,CDKN1A,all_caliper_candidates_excluded,False
GSE178429_IFN_gamma,ifng_6h,trrust_dorothea_intersection,8,219,JUN,CCL5,all_caliper_candidates_excluded,False
GSE178429_IFN_gamma,ifng_6h,trrust_dorothea_intersection,8,865,USF2,B2M,all_caliper_candidates_excluded,False
GSE178429_IFN_gamma,ifng_6h,trrust_dorothea_intersection,8,449,RELA,CDKN1A,all_caliper_candidates_excluded,False
GSE178429_IFN_gamma,ifng_6h,trrust_dorothea_intersection,8,506,RFX5,HLA-DQB1,all_caliper_candidates_excluded,False
GSE178429_IFN_gamma,ifng_6h,trrust_dorothea_intersection,8,717,STAT1,CXCL10,all_caliper_candidates_excluded,False
GSE178429_IFN_gamma,ifng_6h,trrust_dorothea_intersection,8,743,STAT1,TIMP1,all_caliper_candidates_excluded,False
GSE178429_IFN_gamma,ifng_6h,trrust_dorothea_intersection,8,347,NFKB1,CTSB,all_caliper_candidates_excluded,False
GSE178429_IFN_gamma,ifng_6h,trrust_dorothea_intersection,8,186,IRF1,CXCL10,all_caliper_candidates_excluded,False
GSE178429_IFN_gamma,ifng_6h,trrust_dorothea_intersection,8,454,RELA,CXCR4,all_caliper_candidates_excluded,False
GSE178429_IFN_gamma,ifng_6h,trrust_dorothea_intersection,8,285,MYC,CDKN1A,all_caliper_candidates_excluded,False
GSE178429_IFN_gamma,ifng_6h,trrust_dorothea_intersection,8,642,SP1,TIMP1,all_caliper_candidates_excluded,False
GSE178429_IFN_gamma,ifng_6h,trrust_dorothea_intersection,8,444,RELA,CD74,all_caliper_candidates_excluded,False
GSE178429_IFN_gamma,ifng_6h,trrust_dorothea_intersection,8,110,ETS1,CTSB,all_caliper_candidates_excluded,False
GSE178429_IFN_gamma,ifng_6h,trrust_dorothea_intersection,8,58,CREB1,CXCR4,all_caliper_candidates_excluded,False
GSE178429_IFN_gamma,ifng_6h,trrust_dorothea_intersection,8,899,ZEB2,VIM,all_caliper_candidates_excluded,False
GSE178429_IFN_gamma,ifng_6h,trrust_dorothea_intersection,8,56,CREB1,CCL5,all_caliper_candidates_excluded,False
GSE178429_IFN_gamma,ifng_6h,trrust_dorothea_intersection,8,356,NFKB1,HLA-F,all_caliper_candidates_excluded,False
GSE178429_IFN_gamma,ifng_6h,trrust_dorothea_intersection,8,858,TP53,STAT1,all_caliper_candidates_excluded,False
GSE178429_IFN_gamma,ifng_6h,trrust_dorothea_intersection,8,221,JUN,CDKN1A,all_caliper_candidates_excluded,False
GSE178429_IFN_gamma,ifng_6h,trrust_dorothea_intersection,8,248,JUND,CCL5,all_caliper_candidates_excluded,False
GSE178429_IFN_gamma,ifng_6h,trrust_dorothea_intersection,8,290,MYC,HLA-F,all_caliper_candidates_excluded,False
GSE178429_IFN_gamma,ifng_6h,trrust_dorothea_intersection,8,451,RELA,CTSB,all_caliper_candidates_excluded,False
GSE178429_IFN_gamma,ifng_6h,trrust_dorothea_intersection,8,661,SP3,CTSB,all_caliper_candidates_excluded,False
GSE178429_IFN_gamma,ifng_6h,trrust_dorothea_intersection,8,736,STAT1,S100A10,all_caliper_candidates_excluded,False
GSE178429_IFN_gamma,ifng_6h,trrust_dorothea_intersection,8,410,PPARD,SAT1,all_caliper_candidates_excluded,False
GSE178429_IFN_gamma,ifng_6h,trrust_dorothea_intersection,8,508,RFX5,HLA-DRB1,all_caliper_candidates_excluded,False
GSE178429_IFN_gamma,ifng_6h,trrust_dorothea_intersection,8,485,RELA,STAT1,all_caliper_candidates_excluded,False
GSE178429_IFN_gamma,ifng_6h,trrust_dorothea_intersection,8,753,STAT3,CCL2,all_caliper_candidates_excluded,False
GSE178429_IFN_gamma,ifng_6h,trrust_dorothea_intersection,8,671,SP3,TIMP1,all_caliper_candidates_excluded,False
GSE178429_IFN_gamma,ifng_6h,trrust_dorothea_intersection,8,155,HIF1A,CXCR4,all_caliper_candidates_excluded,False
GSE178429_IFN_gamma,ifng_6h,trrust_dorothea_intersection,8,85,E2F3,CDKN1A,all_caliper_candidates_excluded,False
GSE178429_IFN_gamma,ifng_6h,trrust_dorothea_intersection,8,630,SP1,SOD2,all_caliper_candidates_excluded,False
GSE178429_IFN_gamma,ifng_6h,trrust_dorothea_intersection,8,562,SP1,CCL2,all_caliper_candidates_excluded,False
GSE178429_IFN_gamma,ifng_6h,trrust_dorothea_intersection,8,333,NFKB1,CCL4,all_caliper_candidates_excluded,False
GSE178429_IFN_gamma,ifng_6h,trrust_dorothea_intersection,8,421,REL,CCL2,all_caliper_candidates_excluded,False
GSE178429_IFN_gamma,ifng_6h,trrust_dorothea_intersection,8,42,CEBPB,CDKN1A,all_caliper_candidates_excluded,False
GSE178429_IFN_gamma,ifng_6h,trrust_dorothea_intersection,8,348,NFKB1,CXCL10,all_caliper_candidates_excluded,False
GSE178429_IFN_gamma,ifng_6h,trrust_dorothea_intersection,8,287,MYC,CXCR4,all_caliper_candidates_excluded,False
GSE178429_IFN_gamma,ifng_6h,trrust_dorothea_intersection,8,202,IRF3,CXCL10,all_caliper_candidates_excluded,False
GSE178429_IFN_gamma,ifng_6h,trrust_dorothea_intersection,8,383,NFKB1,TIMP1,all_caliper_candidates_excluded,False
GSE178429_IFN_gamma,ifng_6h,trrust_dorothea_intersection,8,325,NFKB1,B2M,all_caliper_candidates_excluded,False
GSE178429_IFN_gamma,ifng_6h,trrust_dorothea_intersection,8,778,STAT3,TIMP1,all_caliper_candidates_excluded,False
GSE178429_IFN_gamma,ifng_6h,trrust_dorothea_intersection,8,105,ETS1,CD8A,all_caliper_candidates_excluded,False
GSE178429_IFN_gamma,ifng_6h,trrust_dorothea_intersection,8,571,SP1,CDKN1A,all_caliper_candidates_excluded,False
GSE178429_IFN_gamma,ifng_6h,trrust_dorothea_intersection,8,439,RELA,CCL5,all_caliper_candidates_excluded,False
GSE178429_IFN_gamma,ifng_6h,trrust_dorothea_intersection,8,757,STAT3,CDKN1A,all_caliper_candidates_excluded,False
GSE178429_IFN_gamma,ifng_6h,trrust_dorothea_intersection,8,334,NFKB1,CCL5,all_caliper_candidates_excluded,False
GSE178429_IFN_gamma,ifng_6h,trrust_dorothea_intersection,8,816,TP53,CDKN1A,all_caliper_candidates_excluded,False
GSE178429_IFN_gamma,ifng_6h,trrust_dorothea_intersection,8,144,GATA3,CD8A,all_caliper_candidates_excluded,False
GSE178429_IFN_gamma,ifng_6h,trrust_dorothea_intersection,8,518,RUNX1,TIMP1,all_caliper_candidates_excluded,False
GSE178429_IFN_gamma,ifng_6h,trrust_dorothea_intersection,8,472,RELA,NFKBIA,caliper_candidates_exhausted_by_unique_constraint,False
GSE178429_IFN_gamma,ifng_6h,trrust_dorothea_intersection,9,155,HIF1A,CXCR4,all_caliper_candidates_excluded,False
GSE178429_IFN_gamma,ifng_6h,trrust_dorothea_intersection,9,58,CREB1,CXCR4,all_caliper_candidates_excluded,False
GSE178429_IFN_gamma,ifng_6h,trrust_dorothea_intersection,9,421,REL,CCL2,all_caliper_candidates_excluded,False
GSE178429_IFN_gamma,ifng_6h,trrust_dorothea_intersection,9,653,SP1,VIM,all_caliper_candidates_excluded,False
GSE178429_IFN_gamma,ifng_6h,trrust_dorothea_intersection,9,110,ETS1,CTSB,all_caliper_candidates_excluded,False
GSE178429_IFN_gamma,ifng_6h,trrust_dorothea_intersection,9,383,NFKB1,TIMP1,all_caliper_candidates_excluded,False
GSE178429_IFN_gamma,ifng_6h,trrust_dorothea_intersection,9,778,STAT3,TIMP1,all_caliper_candidates_excluded,False
GSE178429_IFN_gamma,ifng_6h,trrust_dorothea_intersection,9,219,JUN,CCL5,all_caliper_candidates_excluded,False
GSE178429_IFN_gamma,ifng_6h,trrust_dorothea_intersection,9,452,RELA,CXCL10,all_caliper_candidates_excluded,False
GSE178429_IFN_gamma,ifng_6h,trrust_dorothea_intersection,9,777,STAT3,STAT1,all_caliper_candidates_excluded,False
GSE178429_IFN_gamma,ifng_6h,trrust_dorothea_intersection,9,642,SP1,TIMP1,all_caliper_candidates_excluded,False
GSE178429_IFN_gamma,ifng_6h,trrust_dorothea_intersection,9,408,POU2F2,HLA-DRA,all_caliper_candidates_excluded,False
GSE178429_IFN_gamma,ifng_6h,trrust_dorothea_intersection,9,816,TP53,CDKN1A,all_caliper_candidates_excluded,False
GSE178429_IFN_gamma,ifng_6h,trrust_dorothea_intersection,9,331,NFKB1,CCL2,all_caliper_candidates_excluded,False
GSE178429_IFN_gamma,ifng_6h,trrust_dorothea_intersection,9,449,RELA,CDKN1A,all_caliper_candidates_excluded,False
GSE178429_IFN_gamma,ifng_6h,trrust_dorothea_intersection,9,56,CREB1,CCL5,all_caliper_candidates_excluded,False
GSE178429_IFN_gamma,ifng_6h,trrust_dorothea_intersection,9,285,MYC,CDKN1A,all_caliper_candidates_excluded,False
GSE178429_IFN_gamma,ifng_6h,trrust_dorothea_intersection,9,865,USF2,B2M,all_caliper_candidates_excluded,False
GSE178429_IFN_gamma,ifng_6h,trrust_dorothea_intersection,9,736,STAT1,S100A10,all_caliper_candidates_excluded,False
GSE178429_IFN_gamma,ifng_6h,trrust_dorothea_intersection,9,671,SP3,TIMP1,all_caliper_candidates_excluded,False
GSE178429_IFN_gamma,ifng_6h,trrust_dorothea_intersection,9,661,SP3,CTSB,all_caliper_candidates_excluded,False
GSE178429_IFN_gamma,ifng_6h,trrust_dorothea_intersection,9,676,SPI1,CCL5,all_caliper_candidates_excluded,False
GSE178429_IFN_gamma,ifng_6h,trrust_dorothea_intersection,9,753,STAT3,CCL2,all_caliper_candidates_excluded,False
GSE178429_IFN_gamma,ifng_6h,trrust_dorothea_intersection,9,722,STAT1,HLA-E,all_caliper_candidates_excluded,False
GSE178429_IFN_gamma,ifng_6h,trrust_dorothea_intersection,9,183,IRF1,CCL5,all_caliper_candidates_excluded,False
GSE178429_IFN_gamma,ifng_6h,trrust_dorothea_intersection,9,106,ETS1,CDKN1A,all_caliper_candidates_excluded,False
GSE178429_IFN_gamma,ifng_6h,trrust_dorothea_intersection,9,503,RFX5,HLA-DPB1,all_caliper_candidates_excluded,False
GSE178429_IFN_gamma,ifng_6h,trrust_dorothea_intersection,9,347,NFKB1,CTSB,all_caliper_candidates_excluded,False
GSE178429_IFN_gamma,ifng_6h,trrust_dorothea_intersection,9,18,ATF3,CCL5,all_caliper_candidates_excluded,False
GSE178429_IFN_gamma,ifng_6h,trrust_dorothea_intersection,9,743,STAT1,TIMP1,all_caliper_candidates_excluded,False
GSE178429_IFN_gamma,ifng_6h,trrust_dorothea_intersection,9,334,NFKB1,CCL5,all_caliper_candidates_excluded,False
GSE178429_IFN_gamma,ifng_6h,trrust_dorothea_intersection,9,444,RELA,CD74,all_caliper_candidates_excluded,False
GSE178429_IFN_gamma,ifng_6h,trrust_dorothea_intersection,9,287,MYC,CXCR4,all_caliper_candidates_excluded,False
GSE178429_IFN_gamma,ifng_6h,trrust_dorothea_intersection,9,190,IRF1,HLA-A,all_caliper_candidates_excluded,False
GSE178429_IFN_gamma,ifng_6h,trrust_dorothea_intersection,9,380,NFKB1,SOD2,all_caliper_candidates_excluded,False
GSE178429_IFN_gamma,ifng_6h,trrust_dorothea_intersection,9,248,JUND,CCL5,all_caliper_candidates_excluded,False
GSE178429_IFN_gamma,ifng_6h,trrust_dorothea_intersection,9,144,GATA3,CD8A,all_caliper_candidates_excluded,False
GSE178429_IFN_gamma,ifng_6h,trrust_dorothea_intersection,9,348,NFKB1,CXCL10,all_caliper_candidates_excluded,False
GSE178429_IFN_gamma,ifng_6h,trrust_dorothea_intersection,9,529,SMAD3,CDKN1A,all_caliper_candidates_excluded,False
GSE178429_IFN_gamma,ifng_6h,trrust_dorothea_intersection,9,502,RFX5,HLA-DPA1,all_caliper_candidates_excluded,False
GSE178429_IFN_gamma,ifng_6h,trrust_dorothea_intersection,9,518,RUNX1,TIMP1,all_caliper_candidates_excluded,False
GSE178429_IFN_gamma,ifng_6h,trrust_dorothea_intersection,9,713,STAT1,CDKN1A,all_caliper_candidates_excluded,False
GSE178429_IFN_gamma,ifng_6h,trrust_dorothea_intersection,9,333,NFKB1,CCL4,all_caliper_candidates_excluded,False
GSE178429_IFN_gamma,ifng_6h,trrust_dorothea_intersection,9,413,RARA,CDKN1A,all_caliper_candidates_excluded,False
GSE178429_IFN_gamma,ifng_6h,trrust_dorothea_intersection,9,410,PPARD,SAT1,all_caliper_candidates_excluded,False
GSE178429_IFN_gamma,ifng_6h,trrust_dorothea_intersection,9,796,TBP,CDKN1A,all_caliper_candidates_excluded,False
GSE178429_IFN_gamma,ifng_6h,trrust_dorothea_intersection,9,882,YY1,CXCR4,all_caliper_candidates_excluded,False
GSE178429_IFN_gamma,ifng_6h,trrust_dorothea_intersection,9,436,RELA,CCL2,all_caliper_candidates_excluded,False
GSE178429_IFN_gamma,ifng_6h,trrust_dorothea_intersection,9,708,STAT1,CCL2,all_caliper_candidates_excluded,False
GSE178429_IFN_gamma,ifng_6h,trrust_dorothea_intersection,9,630,SP1,SOD2,all_caliper_candidates_excluded,False
GSE178429_IFN_gamma,ifng_6h,trrust_dorothea_intersection,9,484,RELA,SOD2,all_caliper_candidates_excluded,False
GSE178429_IFN_gamma,ifng_6h,trrust_dorothea_intersection,9,454,RELA,CXCR4,all_caliper_candidates_excluded,False
GSE178429_IFN_gamma,ifng_6h,trrust_dorothea_intersection,9,111,ETS1,CXCR4,all_caliper_candidates_excluded,False
GSE178429_IFN_gamma,ifng_6h,trrust_dorothea_intersection,9,438,RELA,CCL4,all_caliper_candidates_excluded,False
GSE178429_IFN_gamma,ifng_6h,trrust_dorothea_intersection,9,485,RELA,STAT1,all_caliper_candidates_excluded,False
GSE178429_IFN_gamma,ifng_6h,trrust_dorothea_intersection,9,218,JUN,CCL2,all_caliper_candidates_excluded,False
GSE178429_IFN_gamma,ifng_6h,trrust_dorothea_intersection,9,3,ARNT,CYP1B1,all_caliper_candidates_excluded,False
GSE178429_IFN_gamma,ifng_6h,trrust_dorothea_intersection,9,451,RELA,CTSB,all_caliper_candidates_excluded,False
GSE178429_IFN_gamma,ifng_6h,trrust_dorothea_intersection,9,649,SP1,UBC,all_caliper_candidates_excluded,False
GSE178429_IFN_gamma,ifng_6h,trrust_dorothea_intersection,9,571,SP1,CDKN1A,all_caliper_candidates_excluded,False
GSE178429_IFN_gamma,ifng_6h,trrust_dorothea_intersection,9,422,REL,CCL5,all_caliper_candidates_excluded,False
GSE178429_IFN_gamma,ifng_6h,trrust_dorothea_intersection,9,356,NFKB1,HLA-F,all_caliper_candidates_excluded,False
GSE178429_IFN_gamma,ifng_6h,trrust_dorothea_intersection,9,867,USF2,CTSB,all_caliper_candidates_excluded,False
GSE178429_IFN_gamma,ifng_6h,trrust_dorothea_intersection,9,508,RFX5,HLA-DRB1,all_caliper_candidates_excluded,False
GSE178429_IFN_gamma,ifng_6h,trrust_dorothea_intersection,9,537,SMAD4,CDKN1A,all_caliper_candidates_excluded,False
GSE178429_IFN_gamma,ifng_6h,trrust_dorothea_intersection,9,42,CEBPB,CDKN1A,all_caliper_candidates_excluded,False
GSE178429_IFN_gamma,ifng_6h,trrust_dorothea_intersection,9,186,IRF1,CXCL10,all_caliper_candidates_excluded,False
GSE178429_IFN_gamma,ifng_6h,trrust_dorothea_intersection,9,899,ZEB2,VIM,all_caliper_candidates_excluded,False
GSE178429_IFN_gamma,ifng_6h,trrust_dorothea_intersection,9,207,IRF7,CXCL10,all_caliper_candidates_excluded,False
GSE178429_IFN_gamma,ifng_6h,trrust_dorothea_intersection,9,757,STAT3,CDKN1A,all_caliper_candidates_excluded,False
GSE178429_IFN_gamma,ifng_6h,trrust_dorothea_intersection,9,0,AHR,CYP1B1,all_caliper_candidates_excluded,False
GSE178429_IFN_gamma,ifng_6h,trrust_dorothea_intersection,9,290,MYC,HLA-F,all_caliper_candidates_excluded,False
GSE178429_IFN_gamma,ifng_6h,trrust_dorothea_intersection,9,221,JUN,CDKN1A,all_caliper_candidates_excluded,False
GSE178429_IFN_gamma,ifng_6h,trrust_dorothea_intersection,9,507,RFX5,HLA-DRA,all_caliper_candidates_excluded,False
GSE178429_IFN_gamma,ifng_6h,trrust_dorothea_intersection,9,325,NFKB1,B2M,all_caliper_candidates_excluded,False
GSE178429_IFN_gamma,ifng_6h,trrust_dorothea_intersection,9,750,STAT2,STAT1,all_caliper_candidates_excluded,False
GSE178429_IFN_gamma,ifng_6h,trrust_dorothea_intersection,9,85,E2F3,CDKN1A,all_caliper_candidates_excluded,False
GSE178429_IFN_gamma,ifng_6h,trrust_dorothea_intersection,9,673,SP3,UBC,all_caliper_candidates_excluded,False
GSE178429_IFN_gamma,ifng_6h,trrust_dorothea_intersection,9,59,CREB1,HLA-DQB1,all_caliper_candidates_excluded,False
GSE178429_IFN_gamma,ifng_6h,trrust_dorothea_intersection,9,869,USF2,CXCR4,all_caliper_candidates_excluded,False
GSE178429_IFN_gamma,ifng_6h,trrust_dorothea_intersection,9,506,RFX5,HLA-DQB1,all_caliper_candidates_excluded,False
GSE178429_IFN_gamma,ifng_6h,trrust_dorothea_intersection,9,439,RELA,CCL5,all_caliper_candidates_excluded,False
GSE178429_IFN_gamma,ifng_6h,trrust_dorothea_intersection,9,660,SP3,CDKN1A,all_caliper_candidates_excluded,False
GSE178429_IFN_gamma,ifng_6h,trrust_dorothea_intersection,9,717,STAT1,CXCL10,all_caliper_candidates_excluded,False
GSE178429_IFN_gamma,ifng_6h,trrust_dorothea_intersection,9,10,ATF2,CDKN1A,all_caliper_candidates_excluded,False
GSE178429_IFN_gamma,ifng_6h,trrust_dorothea_intersection,9,105,ETS1,CD8A,all_caliper_candidates_excluded,False
GSE178429_IFN_gamma,ifng_6h,trrust_dorothea_intersection,9,202,IRF3,CXCL10,all_caliper_candidates_excluded,False
GSE178429_IFN_gamma,ifng_6h,trrust_dorothea_intersection,9,858,TP53,STAT1,all_caliper_candidates_excluded,False
GSE178429_IFN_gamma,ifng_6h,trrust_dorothea_intersection,9,254,KLF10,CDKN1A,all_caliper_candidates_excluded,False
GSE178429_IFN_gamma,ifng_6h,trrust_dorothea_intersection,9,578,SP1,CYP1B1,all_caliper_candidates_excluded,False
GSE178429_IFN_gamma,ifng_6h,trrust_dorothea_intersection,9,488,RELA,TIMP1,all_caliper_candidates_excluded,False
GSE178429_IFN_gamma,ifng_6h,trrust_dorothea_intersection,9,340,NFKB1,CD74,all_caliper_candidates_excluded,False
GSE178429_IFN_gamma,ifng_6h,trrust_dorothea_intersection,9,715,STAT1,CTSB,all_caliper_candidates_excluded,False
GSE178429_IFN_gamma,ifng_6h,trrust_dorothea_intersection,9,562,SP1,CCL2,all_caliper_candidates_excluded,False
GSE178429_IFN_gamma,ifng_6h,trrust_dorothea_intersection,9,481,RELA,S100A6,caliper_candidates_exhausted_by_unique_constraint,False
