result_source,dataset,condition,edge_set,score_definition,metric,n_repeats,n_positive_mean,n_negative_mean,random_auprc_baseline,auroc_mean,auroc_sd,auprc_mean,auprc_sd,enrichment_at_5pct_mean,enrichment_at_5pct_sd,median_difference_mean,median_difference_sd,cliffs_delta_mean,cliffs_delta_sd,positive_median_mean,negative_median_mean,auroc_ci95_low,auroc_ci95_high,auprc_ci95_low,auprc_ci95_high,enrichment_at_5pct_ci95_low,enrichment_at_5pct_ci95_high,median_difference_ci95_low,median_difference_ci95_high,cliffs_delta_ci95_low,cliffs_delta_ci95_high,dataset_role,analysis_group,run_dir,context_level,context_label
local_refined,GSE178429_IFN_gamma,ctrl_6h,trrust_dorothea_intersection,formal_abs,codetection_odds_ratio,10,405.0,405.0,0.5,0.5601761926535589,0.0114253513137273,0.5655579045528623,0.0106850169410438,1.2926829268292683,0.047406112966222,0.0672909617424011,0.0136309393470946,0.1203523853071178,0.0228507026274546,1.400678038597107,1.3333870768547058,0.5520029886883497,0.568349396618768,0.5579143038938663,0.5732015052118582,1.2587706365345137,1.326595217124023,0.0575399751458363,0.0770419483389659,0.1040059773766995,0.1366987932375361,original IFN-gamma PBMC condition validation,Original dataset contexts,,Tissue contexts,"GSE178429
IFN-gamma
PBMC"
local_refined,GSE178429_IFN_gamma,ctrl_6h,trrust_dorothea_intersection,formal_abs,coexpression_probability,10,405.0,405.0,0.5,0.5168193872885232,0.0033415709604712,0.5202362564005223,0.0037448211789063,1.048780487804878,0.0526889487675436,0.0009590243920683,0.0002756995035179,0.0336387745770461,0.0066831419209424,0.0183086320757865,0.0173496076837182,0.5144289714252195,0.5192098031518269,0.5175573727086341,0.5229151400924105,1.0110890844366345,1.0864718911731217,0.0007618008482591,0.0011562479358776,0.0288579428504388,0.0384196063036534,original IFN-gamma PBMC condition validation,Original dataset contexts,,Tissue contexts,"GSE178429
IFN-gamma
PBMC"
local_refined,GSE178429_IFN_gamma,ctrl_6h,trrust_dorothea_intersection,formal_abs,mutual_information,10,405.0,405.0,0.5,0.5251589696692578,0.0063219586162513,0.5397444238624378,0.0040271984627083,1.248780487804878,0.0896523496070908,0.0002206386765465,7.76472865681839e-05,0.0503179393385154,0.0126439172325027,0.0020384809467941,0.0018178422702476,0.520636512913976,0.5296814264245396,0.5368635396304978,0.5426253080943778,1.1846470603785713,1.3129139152311848,0.0001650931538714,0.0002761841992215,0.0412730258279518,0.059362852849079,original IFN-gamma PBMC condition validation,Original dataset contexts,,Tissue contexts,"GSE178429
IFN-gamma
PBMC"
local_refined,GSE178429_IFN_gamma,ctrl_6h,trrust_dorothea_intersection,formal_abs,pearson,10,405.0,405.0,0.5,0.5418576436518824,0.0106825720406893,0.556125084944019,0.0067975877024518,1.3414634146341464,0.0474061129662219,0.0025093391537666,0.0016420000915211,0.0837152873037646,0.0213651440813786,0.0237689800560474,0.0212596409022808,0.5342157919692394,0.5494994953345254,0.5512623836372519,0.5609877862507862,1.3075511243393918,1.375375704928901,0.0013347230487221,0.003683955258811,0.0684315839384787,0.0989989906690506,original IFN-gamma PBMC condition validation,Original dataset contexts,,Tissue contexts,"GSE178429
IFN-gamma
PBMC"
local_refined,GSE178429_IFN_gamma,ctrl_6h,trrust_dorothea_intersection,formal_abs,spearman,10,405.0,405.0,0.5,0.5436646852613931,0.0101530406658701,0.5591275033362311,0.0067350193594376,1.3853658536585365,0.0251901355850888,0.0024075364693999,0.0012218013611275,0.0873293705227861,0.0203060813317403,0.031769473105669,0.029361936636269,0.5364016375046455,0.5509277330181407,0.5543095607257331,0.563945445946729,1.3673459162058617,1.403385791111211,0.001533512428015,0.0032815605107847,0.072803275009291,0.1018554660362812,original IFN-gamma PBMC condition validation,Original dataset contexts,,Tissue contexts,"GSE178429
IFN-gamma
PBMC"
local_refined,GSE178429_IFN_gamma,ifng_6h,trrust_dorothea_intersection,formal_abs,codetection_odds_ratio,10,805.0,805.0,0.5,0.5648180239959878,0.0090224064292429,0.5679781114604853,0.0081316851199254,1.3901234567901235,0.0605372034516322,0.09388188123703,0.0145726223177132,0.1296360479919756,0.0180448128584858,1.4588814973831177,1.3649996161460876,0.558363783248518,0.5712722647434576,0.5621610543529149,0.5737951685680557,1.3468177502339425,1.4334291633463043,0.0834572552242153,0.1043065072498447,0.116727566497036,0.1425445294869153,original IFN-gamma PBMC condition validation,Original dataset contexts,,Tissue contexts,"GSE178429
IFN-gamma
PBMC"
local_refined,GSE178429_IFN_gamma,ifng_6h,trrust_dorothea_intersection,formal_abs,coexpression_probability,10,805.0,805.0,0.5,0.5169278963002971,0.0028864419443437,0.5135622517280439,0.0016141321835339,1.037037037037037,0.0164609053497942,0.0031021915376186,0.0009808105004263,0.033855792600594,0.0057728838886876,0.0410583950579166,0.037956203520298,0.5148630601217796,0.5189927324788146,0.5124075711234326,0.5147169323326553,1.02526161471683,1.048812459357244,0.0024005619727078,0.0038038211025294,0.029726120243559,0.0379854649576291,original IFN-gamma PBMC condition validation,Original dataset contexts,,Tissue contexts,"GSE178429
IFN-gamma
PBMC"
local_refined,GSE178429_IFN_gamma,ifng_6h,trrust_dorothea_intersection,formal_abs,mutual_information,10,805.0,805.0,0.5,0.5251995679179043,0.0014481969900515,0.5276504632984877,0.0037072179130308,1.1925925925925926,0.0582562580055519,0.0004680451937019,6.358951382324216e-05,0.0503991358358088,0.0028963939801031,0.0043375305831432,0.0038694853894412,0.5241635901998912,0.5262355456359175,0.5249984793625301,0.5303024472344454,1.1509185761133662,1.234266609071819,0.0004225559958423,0.0005135343915616,0.0483271803997825,0.052471091271835,original IFN-gamma PBMC condition validation,Original dataset contexts,,Tissue contexts,"GSE178429
IFN-gamma
PBMC"
local_refined,GSE178429_IFN_gamma,ifng_6h,trrust_dorothea_intersection,formal_abs,pearson,10,805.0,805.0,0.5,0.5540633463215154,0.0051501839571188,0.5463570844103952,0.0040166312292279,1.1530864197530863,0.0570816160803281,0.0065384600311517,0.0011361388725354,0.1081266926430307,0.0103003679142375,0.0395319610834121,0.0329935010522604,0.5503791266608643,0.5577475659821666,0.5434837595219023,0.5492304092988881,1.1122526914870905,1.1939201480190824,0.0057257152425623,0.0073512048197411,0.1007582533217286,0.1154951319643328,original IFN-gamma PBMC condition validation,Original dataset contexts,,Tissue contexts,"GSE178429
IFN-gamma
PBMC"
local_refined,GSE178429_IFN_gamma,ifng_6h,trrust_dorothea_intersection,formal_abs,spearman,10,805.0,805.0,0.5,0.5511801242236025,0.0047464000722131,0.5514980591193168,0.004745566096937,1.2765432098765432,0.0534028911852126,0.0070503436028957,0.0011342246261573,0.102360248447205,0.0094928001444262,0.0519671216607093,0.0449167780578136,0.547784754153531,0.554575494293674,0.5481032856392185,0.5548928325994151,1.2383410828693675,1.3147453368837188,0.0062389681836725,0.0078617190221189,0.095569508307062,0.1091509885873479,original IFN-gamma PBMC condition validation,Original dataset contexts,,Tissue contexts,"GSE178429
IFN-gamma
PBMC"
local_refined,Kang_IFN_beta,ctrl,trrust_dorothea_intersection,formal_abs,codetection_odds_ratio,10,301.0,301.0,0.5,0.5870200108166577,0.0146604846873266,0.5741951492198065,0.0143501226929688,1.1419354838709677,0.1098670088124283,0.0921569943428039,0.0195747778288435,0.1740400216333153,0.0293209693746532,1.2872028350830078,1.1950458407402038,0.5765325318509666,0.5975074897823487,0.5639296898501245,0.5844606085894886,1.063341360380645,1.2205296073612903,0.0781540418404534,0.1061599468451545,0.1530650637019332,0.1950149795646974,original IFN-beta PBMC condition validation,Original dataset contexts,,Tissue contexts,"Kang
IFN-beta
PBMC"
local_refined,Kang_IFN_beta,ctrl,trrust_dorothea_intersection,formal_abs,coexpression_probability,10,301.0,301.0,0.5,0.5272910895023234,0.005897765588491,0.5250125062559875,0.0053584918759512,1.0064516129032255,0.087090136478781,0.0015882719308137,0.0004840095966682,0.0545821790046467,0.0117955311769819,0.0219914484769105,0.0204031765460968,0.5230720821589069,0.5315100968457399,0.521179272087035,0.52884574042494,0.9441510823327776,1.0687521434736738,0.0012420323232898,0.0019345115383377,0.0461441643178138,0.0630201936914796,original IFN-beta PBMC condition validation,Original dataset contexts,,Tissue contexts,"Kang
IFN-beta
PBMC"
local_refined,Kang_IFN_beta,ctrl,trrust_dorothea_intersection,formal_abs,mutual_information,10,301.0,301.0,0.5,0.516724980960475,0.0080154583349278,0.5163394466049709,0.0062072243859247,0.9483870967741936,0.0435450682393905,0.0002973241964355,0.0001783576208258,0.0334499619209501,0.0160309166698556,0.0018284216057509,0.0015310974093154,0.5109910674862093,0.5224588944347408,0.5118990657737024,0.5207798274362394,0.9172368314889696,0.9795373620594175,0.0001697348406484,0.0004249135522225,0.0219821349724186,0.0449177888694815,original IFN-beta PBMC condition validation,Original dataset contexts,,Tissue contexts,"Kang
IFN-beta
PBMC"
local_refined,Kang_IFN_beta,ctrl,trrust_dorothea_intersection,formal_abs,pearson,10,301.0,301.0,0.5,0.5331210472290593,0.009744846314912,0.5339008185647316,0.007816052081045,1.096774193548387,0.0680059711864167,0.0043605308979749,0.0013649175524753,0.0662420944581185,0.019489692629824,0.0295841582119464,0.0252236273139715,0.5261500041202405,0.5400920903378781,0.528309551731271,0.5394920853981922,1.0481256524141722,1.1454227346826018,0.0033841277007558,0.005336934095194,0.0523000082404809,0.0801841806757561,original IFN-beta PBMC condition validation,Original dataset contexts,,Tissue contexts,"Kang
IFN-beta
PBMC"
local_refined,Kang_IFN_beta,ctrl,trrust_dorothea_intersection,formal_abs,spearman,10,301.0,301.0,0.5,0.5336563614088145,0.0111569739332715,0.5360999266539355,0.0085062095339821,1.1032258064516127,0.077239935466959,0.0051376558840274,0.0019144308514383,0.0673127228176289,0.0223139478665429,0.0314202904701232,0.0262826345860958,0.5256751430561158,0.541637579761513,0.5300149509203217,0.5421849023875492,1.0479716851999925,1.158479927703233,0.0037681545534823,0.0065071572145725,0.0513502861122317,0.0832751595230261,original IFN-beta PBMC condition validation,Original dataset contexts,,Tissue contexts,"Kang
IFN-beta
PBMC"
local_refined,Kang_IFN_beta,stim,trrust_dorothea_intersection,formal_abs,codetection_odds_ratio,10,294.0,294.0,0.5,0.5835143921514183,0.0064250247988503,0.5765419873160849,0.0046832718700296,1.2666666666666666,0.0942809041582063,0.1043379962444305,0.0160861807520232,0.1670287843028367,0.0128500495977006,1.3645514249801636,1.260213428735733,0.5789182062906442,0.5881105780121925,0.5731917764414057,0.579892198190764,1.1992221707776411,1.334111162555692,0.0928306357530693,0.1158453567357917,0.1578364125812885,0.1762211560243849,original IFN-beta PBMC condition validation,Original dataset contexts,,Tissue contexts,"Kang
IFN-beta
PBMC"
local_refined,Kang_IFN_beta,stim,trrust_dorothea_intersection,formal_abs,coexpression_probability,10,294.0,294.0,0.5,0.5191118284048313,0.0041218138797947,0.5187176840794696,0.0031312458142906,1.0666666666666669,0.0,0.0012884176336228,0.0006213411961828,0.0382236568096626,0.0082436277595895,0.0306670246645808,0.0293786070309579,0.5161632603808689,0.5220603964287936,0.5164777257619817,0.5209576423969575,1.0666666666666669,1.0666666666666669,0.0008439369179806,0.0017328983492651,0.0323265207617379,0.0441207928575873,original IFN-beta PBMC condition validation,Original dataset contexts,,Tissue contexts,"Kang
IFN-beta
PBMC"
local_refined,Kang_IFN_beta,stim,trrust_dorothea_intersection,formal_abs,mutual_information,10,294.0,294.0,0.5,0.5129483085751307,0.0059431222839326,0.5071061524630073,0.001973821005273,1.04,0.0344265186329548,0.0002451843582093,0.0002703714407127,0.0258966171502614,0.0118862445678654,0.003942709416151,0.0036975250579416,0.5086968550063988,0.5171997621438627,0.5056941659757709,0.5085181389502437,1.015372752148011,1.0646272478519891,5.177228092314651e-05,0.0004385964354955,0.0173937100127976,0.0343995242877252,original IFN-beta PBMC condition validation,Original dataset contexts,,Tissue contexts,"Kang
IFN-beta
PBMC"
local_refined,Kang_IFN_beta,stim,trrust_dorothea_intersection,formal_abs,pearson,10,294.0,294.0,0.5,0.5280091628488129,0.0108159108342297,0.5331109828989777,0.005394660319081,1.1333333333333333,0.0,0.0039586166851222,0.0012864557569518,0.0560183256976259,0.0216318216684594,0.0279699377715587,0.0240113210864365,0.5202719263393795,0.5357463993582464,0.5292518753844547,0.5369700904135007,1.1333333333333333,1.1333333333333333,0.0030383416751843,0.0048788916950601,0.0405438526787589,0.0714927987164929,original IFN-beta PBMC condition validation,Original dataset contexts,,Tissue contexts,"Kang
IFN-beta
PBMC"
local_refined,Kang_IFN_beta,stim,trrust_dorothea_intersection,formal_abs,spearman,10,294.0,294.0,0.5,0.53295039104077,0.0086434953264525,0.5291915089244237,0.0037927983360353,1.12,0.0281091347570522,0.0042782508768141,0.0011754274504788,0.0659007820815401,0.017286990652905,0.0323609318584203,0.0280826809816062,0.5267672069674234,0.5391335751141166,0.5264783044418554,0.531904713406992,1.099891936331191,1.1401080636688088,0.0034374007326678,0.0051191010209604,0.0535344139348469,0.0782671502282332,original IFN-beta PBMC condition validation,Original dataset contexts,,Tissue contexts,"Kang
IFN-beta
PBMC"
local_refined,PBMC10k,all,dorothea_ab,formal_abs,codetection_odds_ratio,10,5283.0,5283.0,0.5,0.5178779902851618,0.0027556250746751,0.5180667054011145,0.0022546298402078,1.0820415879017014,0.0166045813151864,0.0317319631576538,0.0060033922574153,0.0357559805703235,0.0055112501493503,1.6113693714141846,1.5796374082565308,0.5159067348577768,0.5198492457125468,0.5164538403745551,0.519679570427674,1.0701633859874315,1.0939197898159712,0.0274373950471695,0.036026531268138,0.0318134697155535,0.0396984914250934,original resting PBMC validation,Original dataset contexts,,Tissue contexts,PBMC10k
local_refined,PBMC10k,all,dorothea_ab,formal_abs,coexpression_probability,10,5283.0,5283.0,0.5,0.5040511013777133,0.000869419307139,0.5027093814844961,0.0005008316809869,1.008695652173913,0.0097291791131033,0.0008336089551448,0.0003988177942256,0.0081022027554265,0.0017388386142781,0.0791930630803108,0.0783594541251659,0.5034291562721828,0.5046730464832437,0.5023511080827822,0.50306765488621,1.001735816706105,1.015655487641721,0.0005483118918288,0.0011189060184609,0.0068583125443657,0.0093460929664874,original resting PBMC validation,Original dataset contexts,,Tissue contexts,PBMC10k
local_refined,PBMC10k,all,dorothea_ab,formal_abs,mutual_information,10,5283.0,5283.0,0.5,0.5088429975984671,0.0014442148044703,0.5055879793967556,0.0010131942562028,1.0102079395085066,0.0154141246139087,0.0005298566999999,0.0001944722406137,0.0176859951969339,0.0028884296089405,0.016696125,0.0161662683,0.5078098685644102,0.5098761266325239,0.5048631838885094,0.5063127749050018,0.9991813390167334,1.0212345400002798,0.0003907396396608,0.0006689737603391,0.0156197371288203,0.0197522532650474,original resting PBMC validation,Original dataset contexts,,Tissue contexts,PBMC10k
local_refined,PBMC10k,all,dorothea_ab,formal_abs,pearson,10,5283.0,5283.0,0.5,0.5206597209346054,0.0027975078895016,0.5141210633854695,0.0018009649277005,1.0207939508506616,0.0105439196790684,0.0058260232210159,0.0007661912970107,0.0413194418692108,0.0055950157790033,0.0512348972260952,0.0454088740050792,0.5186585043463936,0.5226609375228173,0.5128327306870606,0.5154093960838784,1.013251285092431,1.0283366166088923,0.0052779229854185,0.0063741234566133,0.0373170086927872,0.0453218750456344,original resting PBMC validation,Original dataset contexts,,Tissue contexts,PBMC10k
local_refined,PBMC10k,all,dorothea_ab,formal_abs,spearman,10,5283.0,5283.0,0.5,0.5194717867076669,0.0027964787121386,0.513843269594851,0.0016657479008393,1.010964083175803,0.0080102072247362,0.0050528649240732,0.0009621615158746,0.0389435734153337,0.0055929574242773,0.0687224417924881,0.0636695768684148,0.5174713063485892,0.5214722670667447,0.5126516653304096,0.5150348738592925,1.0052339261194772,1.0166942402321295,0.0043645760390505,0.0057411538090959,0.0349426126971782,0.0429445341334893,original resting PBMC validation,Original dataset contexts,,Tissue contexts,PBMC10k
local_refined,PBMC10k,all,trrust,formal_abs,codetection_odds_ratio,10,2651.0,2651.0,0.5,0.5098983949602444,0.0048502955639478,0.5200564325589359,0.0030853415916018,1.1278195488721805,0.0232421516177837,0.025043022632599,0.015124920682943,0.0197967899204886,0.0097005911278958,1.648478507995606,1.6234354853630066,0.5064287025326631,0.5133680873878256,0.5178493121441607,0.522263552973711,1.1111931152032022,1.1444459825411588,0.0142233061700708,0.0358627390951272,0.0128574050653261,0.0267361747756511,original resting PBMC validation,Original dataset contexts,,Tissue contexts,PBMC10k
local_refined,PBMC10k,all,trrust,formal_abs,coexpression_probability,10,2651.0,2651.0,0.5,0.5020135103427089,0.0011394201957953,0.5022201381411256,0.0007296143106047,1.0045112781954888,0.0159300737664869,-0.0005918644368648,0.0004771771602209,0.0040270206854178,0.0022788403915906,0.0725241750478744,0.0731160394847392,0.5011984182368648,0.502828602448553,0.5016982035053527,0.5027420727768986,0.9931155899142984,1.015906966476679,-0.0009332164137917,-0.0002505124599379,0.0023968364737297,0.0056572048971058,original resting PBMC validation,Original dataset contexts,,Tissue contexts,PBMC10k
local_refined,PBMC10k,all,trrust,formal_abs,mutual_information,10,2651.0,2651.0,0.5,0.5055437326697213,0.0018097981589706,0.5085463941838262,0.0015926667661093,1.0518796992481203,0.0270978203925322,5.232999999993382e-07,0.0002202943308332,0.0110874653394425,0.0036195963179413,0.0144026335,0.0144021102,0.5042490810583214,0.5068383842811212,0.5074070690138087,0.5096857193538437,1.0324950862940598,1.0712643122021808,-0.0001570657709037,0.0001581123709037,0.0084981621166427,0.0136767685622424,original resting PBMC validation,Original dataset contexts,,Tissue contexts,PBMC10k
local_refined,PBMC10k,all,trrust,formal_abs,pearson,10,2651.0,2651.0,0.5,0.5219777210538545,0.0025013929172448,0.5224477738132983,0.0020808822915809,1.0714285714285716,0.0191692462917021,0.0039643883705139,0.0007649622648853,0.043955442107709,0.0050027858344897,0.0411289595067501,0.0371645711362361,0.5201883323560026,0.5237671097517065,0.5209592002955415,0.5239363473310551,1.0577157187118968,1.0851414241452464,0.0034171673315351,0.0045116094094927,0.0403766647120051,0.047534219503413,original resting PBMC validation,Original dataset contexts,,Tissue contexts,PBMC10k
local_refined,PBMC10k,all,trrust,formal_abs,spearman,10,2651.0,2651.0,0.5,0.5146321729940845,0.003041493345174,0.5184343001159639,0.0022570379138131,1.0390977443609022,0.0267126067057126,0.0028788022696971,0.0009168976459151,0.0292643459881689,0.006082986690348,0.0596461929380893,0.0567673906683921,0.5124564197252054,0.5168079262629636,0.516819712457321,0.5200488877746069,1.0199886966779756,1.0582067920438287,0.00222289320664,0.0035347113327542,0.0249128394504109,0.033615852525927,original resting PBMC validation,Original dataset contexts,,Tissue contexts,PBMC10k
local_refined,PBMC10k,all,trrust_dorothea_intersection,formal_abs,codetection_odds_ratio,10,1079.0,1079.0,0.5,0.5185263188635343,0.0067076057688074,0.5259474056130049,0.0051176217115565,1.1685185185185183,0.0308024072836411,0.030449962615967,0.0214725117367652,0.0370526377270685,0.0134152115376148,1.75690507888794,1.7264551162719726,0.5137279867544106,0.523324650972658,0.5222864795795902,0.5296083316464196,1.146483803748202,1.1905532332888351,0.0150894530569243,0.0458104721750097,0.027455973508821,0.0466493019453159,original resting PBMC validation,Original dataset contexts,,Tissue contexts,PBMC10k
local_refined,PBMC10k,all,trrust_dorothea_intersection,formal_abs,coexpression_probability,10,1079.0,1079.0,0.5,0.5030362270354678,0.0019773556252794,0.5032596027899938,0.0009999732439732,1.0203703703703704,0.0058560697410524,-0.0010253421962261,0.0008101723536953,0.0060724540709354,0.0039547112505588,0.0799433141946792,0.0809686563909053,0.5016217120334,0.5044507420375356,0.5025442650241497,0.5039749405558379,1.0161811904393685,1.0245595503013722,-0.0016049045844539,-0.0004457798079982,0.0032434240667998,0.008901484075071,original resting PBMC validation,Original dataset contexts,,Tissue contexts,PBMC10k
local_refined,PBMC10k,all,trrust_dorothea_intersection,formal_abs,mutual_information,10,1079.0,1079.0,0.5,0.5107615175895712,0.00316794138203,0.5083673778773072,0.0026236727959147,1.0351851851851852,0.0268358828633137,7.178639999999882e-05,0.0002292169536803,0.0215230351791424,0.00633588276406,0.0167398,0.0166680136,0.5084953088442831,0.5130277263348594,0.5064905154237898,0.5102442403308247,1.0159879510515797,1.054382419318791,-9.218553077663374e-05,0.0002357583307766,0.0169906176885662,0.0260554526697186,original resting PBMC validation,Original dataset contexts,,Tissue contexts,PBMC10k
local_refined,PBMC10k,all,trrust_dorothea_intersection,formal_abs,pearson,10,1079.0,1079.0,0.5,0.5261674344057631,0.0053628756901377,0.5206166335287981,0.0030068997370442,1.0574074074074074,0.0058560697410525,0.0074031811207532,0.0018054622750167,0.0523348688115261,0.0107257513802753,0.0568497627973556,0.0494465816766023,0.5223310642450579,0.5300038045664682,0.5184656270363964,0.5227676400211997,1.0532182274764057,1.0615965873384092,0.0061116312138832,0.0086947310276233,0.0446621284901158,0.0600076091329364,original resting PBMC validation,Original dataset contexts,,Tissue contexts,PBMC10k
local_refined,PBMC10k,all,trrust_dorothea_intersection,formal_abs,spearman,10,1079.0,1079.0,0.5,0.5196289256262234,0.0049409373986271,0.5174371275081799,0.0034007332210925,1.0703703703703704,0.0312323719522802,0.0042954146862029,0.001553236395432,0.0392578512524469,0.0098818747972542,0.074044220149517,0.069748805463314,0.5160943919362362,0.5231634593162107,0.5150043895131691,0.5198698655031908,1.0480280774050272,1.0927126633357136,0.0031842963041537,0.0054065330682522,0.0321887838724723,0.0463269186324214,original resting PBMC validation,Original dataset contexts,,Tissue contexts,PBMC10k
local_refined,PBMC10k,all,trrust_dorothea_union,formal_abs,codetection_odds_ratio,10,6855.0,6855.0,0.5,0.5163218199645571,0.0020356380429998,0.5185968882190705,0.0016868825682774,1.0807580174927114,0.0091216326765849,0.0314643383026123,0.0059888890747579,0.032643639929114,0.0040712760859995,1.605852484703064,1.5743881464004517,0.5148656122324773,0.5177780276966368,0.5173901651243222,0.5198036113138187,1.0742327945639538,1.087283240421469,0.0271801451440002,0.0357485314612243,0.0297312244649547,0.0355560553932733,original resting PBMC validation,Original dataset contexts,,Tissue contexts,PBMC10k
local_refined,PBMC10k,all,trrust_dorothea_union,formal_abs,coexpression_probability,10,6855.0,6855.0,0.5,0.5038368475682324,0.0004495639075266,0.5027015046232165,0.0002437590549228,1.02332361516035,0.0043460990816322,0.0007335774600505,0.0003187632604055,0.0076736951364648,0.000899127815053,0.0761087015271186,0.075375124067068,0.5035152489223162,0.5041584462141486,0.502527129899889,0.502875879346544,1.02021460316835,1.0264326271523498,0.0005055479603554,0.0009616069597456,0.0070304978446326,0.0083168924282971,original resting PBMC validation,Original dataset contexts,,Tissue contexts,PBMC10k
local_refined,PBMC10k,all,trrust_dorothea_union,formal_abs,mutual_information,10,6855.0,6855.0,0.5,0.5076652222419068,0.0008507742724072,0.5068270043684419,0.0010167645607987,1.0198250728862974,0.0186325534868134,0.0004414787999999,0.0001041443756331,0.0153304444838136,0.0017015485448145,0.015693314,0.0152518352,0.5070566149907335,0.5082738294930801,0.5060996548181467,0.507554353918737,1.0064961470739748,1.03315399869862,0.0003669784016747,0.0005159791983252,0.014113229981467,0.0165476589861603,original resting PBMC validation,Original dataset contexts,,Tissue contexts,PBMC10k
local_refined,PBMC10k,all,trrust_dorothea_union,formal_abs,pearson,10,6855.0,6855.0,0.5,0.5201673245050518,0.0010839237715683,0.5164433090444824,0.0007570569618481,1.030612244897959,0.0159241687154265,0.0050565905869006,0.0003511985720782,0.0403346490101034,0.0021678475431368,0.0459042936563491,0.0408477030694484,0.5193919321495342,0.5209427168605694,0.5159017431186249,0.51698487497034,1.019220780835825,1.042003708960093,0.0048053582630037,0.0053078229107975,0.0387838642990682,0.0418854337211387,original resting PBMC validation,Original dataset contexts,,Tissue contexts,PBMC10k
local_refined,PBMC10k,all,trrust_dorothea_union,formal_abs,spearman,10,6855.0,6855.0,0.5,0.5177456897354336,0.0012927494514453,0.5153900478715883,0.0008505687160647,1.0201166180758017,0.0130708523448745,0.0037948627024888,0.0003359374421853,0.035491379470867,0.0025854989028907,0.0633564591407775,0.0595615964382886,0.5168209124876757,0.5186704669831914,0.5147815876665641,0.5159985080766124,1.0107662935842092,1.029466942567394,0.0035545475332535,0.0040351778717242,0.0336418249753513,0.0373409339663827,original resting PBMC validation,Original dataset contexts,,Tissue contexts,PBMC10k
server_nygc,NYGC_multimodal_PBMC,all,dorothea_ab,formal_abs,codetection_odds_ratio,10,5061.0,5061.0,0.5,0.5184044891408008,0.0033968692789671,0.5162239897155594,0.0026601043851175,1.0548323471400394,0.0125021583947452,0.0436163663864135,0.0090876722508577,0.0368089782816014,0.0067937385579342,1.504441738128662,1.4608253717422486,0.5159745152434735,0.5208344630381282,0.5143210656731108,0.518126913758008,1.0458888417930454,1.063775852487033,0.0371154372827289,0.0501172954900982,0.0319490304869469,0.041668926076256,normal broad PBMC validation,Original dataset contexts,,Tissue contexts,"NYGC
PBMC"
server_nygc,NYGC_multimodal_PBMC,all,dorothea_ab,formal_abs,coexpression_probability,10,5061.0,5061.0,0.5,0.5047912620739485,0.0010037639322714,0.5021062244637663,0.0006388927961845,0.9861932938856016,0.0089182511283698,0.0010397858917713,0.0005215085305446,0.0095825241478971,0.002007527864543,0.077705793082714,0.0766660071909427,0.504073212613052,0.505509311534845,0.5016491880898523,0.5025632608376803,0.9798135613519028,0.9925730264193005,0.000666721162933,0.0014128506206096,0.008146425226104,0.0110186230696902,normal broad PBMC validation,Original dataset contexts,,Tissue contexts,"NYGC
PBMC"
server_nygc,NYGC_multimodal_PBMC,all,dorothea_ab,formal_abs,mutual_information,10,5061.0,5061.0,0.5,0.5086240456823903,0.0019311207864966,0.5053722604617359,0.0013216378685275,1.03905325443787,0.0171646746846345,0.0005135763436555,0.0002109520853428,0.0172480913647806,0.0038622415729934,0.0166307967156171,0.0161172203719615,0.5072426050915413,0.5100054862732393,0.5044268176853163,0.5063177032381555,1.0267743858637872,1.0513321230119526,0.0003626703125804,0.0006644823747306,0.0144852101830826,0.0200109725464785,normal broad PBMC validation,Original dataset contexts,,Tissue contexts,"NYGC
PBMC"
server_nygc,NYGC_multimodal_PBMC,all,dorothea_ab,formal_abs,pearson,10,5061.0,5061.0,0.5,0.5273667793133219,0.0021920361421608,0.5192164898382452,0.0016134174551836,1.0331360946745562,0.0109146645467177,0.0062167558819055,0.0005851950603394,0.0547335586266438,0.0043840722843216,0.0416129864752292,0.0353962305933237,0.5257986911209295,0.5289348675057143,0.5180623205194952,0.5203706591569952,1.025328214014906,1.0409439753342065,0.0057981325541624,0.0066353792096487,0.0515973822418591,0.0578697350114286,normal broad PBMC validation,Original dataset contexts,,Tissue contexts,"NYGC
PBMC"
server_nygc,NYGC_multimodal_PBMC,all,dorothea_ab,formal_abs,spearman,10,5061.0,5061.0,0.5,0.5235521168517452,0.0016970672945155,0.5163271969817762,0.0015577533304128,1.0291913214990138,0.0159371874042085,0.005877124890685,0.0007638662270874,0.0471042337034904,0.0033941345890311,0.0605676397681236,0.0546905148774385,0.5223381080427473,0.5247661256607431,0.5152128473790948,0.5174415465844576,1.017790544427953,1.0405920985700747,0.0053306879099141,0.006423561871456,0.0446762160854945,0.0495322513214863,normal broad PBMC validation,Original dataset contexts,,Tissue contexts,"NYGC
PBMC"
server_nygc,NYGC_multimodal_PBMC,all,trrust,formal_abs,codetection_odds_ratio,10,2548.0,2548.0,0.5,0.5060594128063012,0.0041647025243056,0.5139827573180288,0.0031306436934666,1.0807843137254902,0.0191403976133052,0.0251630067825317,0.0080857747807273,0.0121188256126022,0.0083294050486113,1.5739732384681702,1.5488102316856385,0.503080164094301,0.5090386615183013,0.5117432297318306,0.516222284904227,1.0670920981101342,1.0944765293408465,0.0193787919531613,0.0309472216119021,0.0061603281886019,0.0180773230366026,normal broad PBMC validation,Original dataset contexts,,Tissue contexts,"NYGC
PBMC"
server_nygc,NYGC_multimodal_PBMC,all,trrust,formal_abs,coexpression_probability,10,2548.0,2548.0,0.5,0.502023418804788,0.0011025033638499,0.5020345188633246,0.000663644526141,1.007843137254902,0.0118371047557351,-0.000310019031167,0.0004691445973132,0.0040468376095759,0.0022050067276997,0.0750228725373745,0.0753328915685415,0.5012347354096219,0.502812102199954,0.5015597761684519,0.5025092615581973,0.9993753826214028,1.0163108918884012,-0.0006456248587454,2.558679641135941e-05,0.002469470819244,0.0056242043999077,normal broad PBMC validation,Original dataset contexts,,Tissue contexts,"NYGC
PBMC"
server_nygc,NYGC_multimodal_PBMC,all,trrust,formal_abs,mutual_information,10,2548.0,2548.0,0.5,0.5061986930987828,0.001685191951317,0.510245723481694,0.0013837492892941,1.0776470588235294,0.0237318812400736,6.692148745059966e-05,0.0001543753649956,0.0123973861975656,0.0033703839026342,0.0146336648613214,0.0145667433738708,0.5049931793985525,0.5074042067990132,0.5092558488714904,0.5112355980918974,1.0606702936871963,1.0946238239598625,-4.351199600796553e-05,0.0001773549709091,0.0099863587971048,0.0148084135980264,normal broad PBMC validation,Original dataset contexts,,Tissue contexts,"NYGC
PBMC"
server_nygc,NYGC_multimodal_PBMC,all,trrust,formal_abs,pearson,10,2548.0,2548.0,0.5,0.5318504724978991,0.0042376543228221,0.5288144510445976,0.0026169874890527,1.1113725490196078,0.0206022361357861,0.0045471359044313,0.000870700396103,0.0637009449957981,0.0084753086456443,0.0353380143642425,0.0307908784598112,0.5288190372130285,0.5348819077827697,0.5269423709715122,0.5306865311176829,1.0966345971218074,1.1261105009174082,0.0039242743630633,0.0051699974457993,0.0576380744260569,0.0697638155655393,normal broad PBMC validation,Original dataset contexts,,Tissue contexts,"NYGC
PBMC"
server_nygc,NYGC_multimodal_PBMC,all,trrust,formal_abs,spearman,10,2548.0,2548.0,0.5,0.5227567131791734,0.0032470528300722,0.5223827571502033,0.0023637817248527,1.0611764705882352,0.0104901451752882,0.0041611030697822,0.001061855023795,0.0455134263583467,0.0064941056601445,0.0552928037941455,0.0511317007243633,0.5204339115131883,0.5250795148451585,0.5206918095691654,0.5240737047312413,1.0536722727926475,1.0686806683838226,0.00340149774539,0.0049207083941744,0.0408678230263766,0.0501590296903168,normal broad PBMC validation,Original dataset contexts,,Tissue contexts,"NYGC
PBMC"
server_nygc,NYGC_multimodal_PBMC,all,trrust_dorothea_intersection,formal_abs,codetection_odds_ratio,10,1041.0,1041.0,0.5,0.5235240813486626,0.0048355909530079,0.5229247579431396,0.0039989296722226,1.1428571428571428,0.0491807409042211,0.0643268823623657,0.0190597483293923,0.0470481626973251,0.0096711819060158,1.685283899307251,1.6209570169448853,0.5200649079660665,0.5269832547312586,0.5200640959856966,0.5257854199005827,1.107675360211444,1.1780389255028416,0.0506923597692169,0.0779614049555145,0.0401298159321331,0.0539665094625171,normal broad PBMC validation,Original dataset contexts,,Tissue contexts,"NYGC
PBMC"
server_nygc,NYGC_multimodal_PBMC,all,trrust_dorothea_intersection,formal_abs,coexpression_probability,10,1041.0,1041.0,0.5,0.5056563232168877,0.0016720684075068,0.5032302989874065,0.0010945982341331,0.9695238095238096,0.030383456797474,0.0008605115115642,0.0007612396413044,0.0113126464337752,0.0033441368150135,0.0819094479084014,0.0810489363968372,0.5044601975343526,0.5068524488994228,0.5024472705813758,0.5040133273934371,0.9477887938770247,0.9912588251705942,0.0003159534770722,0.0014050695460562,0.008920395068705,0.0137048977988454,normal broad PBMC validation,Original dataset contexts,,Tissue contexts,"NYGC
PBMC"
server_nygc,NYGC_multimodal_PBMC,all,trrust_dorothea_intersection,formal_abs,mutual_information,10,1041.0,1041.0,0.5,0.5119573933657598,0.0031500053519397,0.5080210939293381,0.0020966400647133,1.0895238095238096,0.0281091347570522,4.801284521818161e-05,0.0003398436807828,0.0239147867315197,0.0063000107038795,0.0167538952082395,0.0167058823630213,0.5097040152834622,0.5142107714480575,0.5065212479797486,0.5095209398789277,1.0694157458550009,1.1096318731926185,-0.0001950966787741,0.0002911223692105,0.0194080305669243,0.028421542896115,normal broad PBMC validation,Original dataset contexts,,Tissue contexts,"NYGC
PBMC"
server_nygc,NYGC_multimodal_PBMC,all,trrust_dorothea_intersection,formal_abs,pearson,10,1041.0,1041.0,0.5,0.5400840284179569,0.0040009875244879,0.5293543318338583,0.0015132106681545,1.106666666666667,0.0166780006813506,0.0088180165737867,0.0013720661695042,0.0801680568359139,0.0080019750489759,0.0495585501194,0.0407405335456132,0.5372218943616843,0.5429461624742294,0.5282718461322328,0.5304368175354838,1.0947359437017807,1.1185973896315526,0.0078364995640079,0.0097995335835654,0.0744437887233688,0.085892324948459,normal broad PBMC validation,Original dataset contexts,,Tissue contexts,"NYGC
PBMC"
server_nygc,NYGC_multimodal_PBMC,all,trrust_dorothea_intersection,formal_abs,spearman,10,1041.0,1041.0,0.5,0.5307904263339489,0.0039117911477142,0.5228075174807744,0.0022053457306628,1.100952380952381,0.0308443372736282,0.0079690966755151,0.0019849797315191,0.0615808526678976,0.0078235822954285,0.0703000575304031,0.0623309608548879,0.5279920995217874,0.5335887531461104,0.5212299081823316,0.5243851267792171,1.0788876712741606,1.1230170906306012,0.006549127716397,0.0093890656346332,0.0559841990435746,0.0671775062922207,normal broad PBMC validation,Original dataset contexts,,Tissue contexts,"NYGC
PBMC"
server_nygc,NYGC_multimodal_PBMC,all,trrust_dorothea_union,formal_abs,codetection_odds_ratio,10,6568.0,6568.0,0.5,0.5125904653333403,0.0018340468761854,0.514205371765591,0.0016490327983765,1.0465753424657531,0.0163491702170454,0.0336559951305389,0.005631798796232,0.0251809306666805,0.0036680937523708,1.5077268481254578,1.474070852994919,0.5112784672346203,0.5139024634320603,0.5130257247651301,0.5153850187660519,1.0348798506443957,1.058270834287111,0.0296272489687189,0.0376847412923589,0.0225569344692404,0.0278049268641205,normal broad PBMC validation,Original dataset contexts,,Tissue contexts,"NYGC
PBMC"
server_nygc,NYGC_multimodal_PBMC,all,trrust_dorothea_union,formal_abs,coexpression_probability,10,6568.0,6568.0,0.5,0.5032984281093436,0.0005124270480824,0.5017109127166428,0.0003721690171447,0.9908675799086758,0.0038639132957198,0.0005647134035825,0.0003080677080508,0.006596856218687,0.0010248540961648,0.0759686976671218,0.0754039842635393,0.5029318598817009,0.5036649963369862,0.5014446790400467,0.5019771463932389,0.9881035028485806,0.993631656968771,0.0003443350411274,0.0007850917660377,0.0058637197634016,0.0073299926739723,normal broad PBMC validation,Original dataset contexts,,Tissue contexts,"NYGC
PBMC"
server_nygc,NYGC_multimodal_PBMC,all,trrust_dorothea_union,formal_abs,mutual_information,10,6568.0,6568.0,0.5,0.507350644749355,0.0008475787870313,0.5073290214179168,0.0007110307988632,1.036834094368341,0.0134769824177647,0.0004287609830498,9.724200210718503e-05,0.01470128949871,0.0016951575740627,0.0157731883227825,0.0153444273397326,0.5067443234107132,0.5079569660879968,0.506820380625605,0.5078376622102286,1.0271932419243914,1.0464749468122905,0.0003591982452938,0.0004983237208058,0.0134886468214263,0.0159139321759936,normal broad PBMC validation,Original dataset contexts,,Tissue contexts,"NYGC
PBMC"
server_nygc,NYGC_multimodal_PBMC,all,trrust_dorothea_union,formal_abs,pearson,10,6568.0,6568.0,0.5,0.526163703088907,0.0014181434465526,0.5210270889015792,0.0009252581126297,1.0395738203957383,0.0114127061179117,0.0049781594425439,0.000573280973364,0.0523274061778141,0.0028362868931052,0.0378220956772565,0.0328439362347126,0.5251492243807843,0.5271781817970298,0.5203651991209208,0.5216889786822376,1.031409662258683,1.0477379785327936,0.0045680589391967,0.0053882599458912,0.0502984487615685,0.0543563635940597,normal broad PBMC validation,Original dataset contexts,,Tissue contexts,"NYGC
PBMC"
server_nygc,NYGC_multimodal_PBMC,all,trrust_dorothea_union,formal_abs,spearman,10,6568.0,6568.0,0.5,0.5220954265949698,0.0013005571299223,0.5178783183570909,0.0010057895325743,1.0337899543378994,0.0129311272020895,0.0047853106632828,0.0004233186022377,0.0441908531899395,0.0026011142598447,0.0566781312227249,0.051892820559442,0.5211650640704939,0.5230257891194456,0.517158819869029,0.5185978168451527,1.0245395831921336,1.043040325483665,0.0044824867777539,0.0050881345488118,0.0423301281409878,0.0460515782388911,normal broad PBMC validation,Original dataset contexts,,Tissue contexts,"NYGC
PBMC"
,ZJU_HCL_adult_tissue,AdultColon,dorothea_ab,formal_abs,codetection_odds_ratio,10,89.0,89.0,0.5,0.4576063628329757,0.0123330441495753,0.522279828731808,0.0084052138830015,1.2666666666666666,0.1499885683801228,-0.0425088167190551,0.0286504640922694,-0.0847872743340487,0.0246660882991506,1.82369863986969,1.8662074565887448,0.448783834529159,0.4664288911367923,0.5162671009345944,0.5282925565290216,1.159371308462006,1.3739620248713271,-0.0630041240662063,-0.022013509371904,-0.102432330941682,-0.0671422177264154,,Adult tissues,adult_tissue__adultcolon,Tissue contexts,"Adult
colon"
,ZJU_HCL_adult_tissue,AdultColon,dorothea_ab,formal_abs,coexpression_probability,10,89.0,89.0,0.5,0.4774460295417245,0.0044570474233538,0.5009153282190439,0.0034921650173347,1.1555555555555554,0.0936971158568408,-0.0041971202939748,0.0014156647445304,-0.0451079409165509,0.0089140948467076,0.0339895077049732,0.0381866279989481,0.4742576498872702,0.4806344091961788,0.4984171838571676,0.5034134725809203,1.088528676659526,1.2225824344515848,-0.0052098258454883,-0.0031844147424614,-0.0514847002254594,-0.0387311816076424,,Adult tissues,adult_tissue__adultcolon,Tissue contexts,"Adult
colon"
,ZJU_HCL_adult_tissue,AdultColon,dorothea_ab,formal_abs,mutual_information,10,89.0,89.0,0.5,0.4647771745991667,0.0102810338334611,0.5118129974603954,0.0094865215985348,1.3333333333333333,0.1047565601757848,-0.0013479898218065,0.0005522527456562,-0.0704456508016664,0.0205620676669223,0.0034242554102092,0.0047722452320158,0.4574225660460682,0.4721317831522652,0.5050267487214153,0.5185992461993756,1.2583950045677494,1.408271662098917,-0.001743047637243,-0.00095293200637,-0.0851548679078634,-0.0557364336954694,,Adult tissues,adult_tissue__adultcolon,Tissue contexts,"Adult
colon"
,ZJU_HCL_adult_tissue,AdultColon,dorothea_ab,formal_abs,pearson,10,89.0,89.0,0.5,0.4553465471531372,0.010324272541114,0.5115645640899379,0.0109826313670266,1.3555555555555556,0.1261436027105659,-0.025314325839281,0.0072173268540515,-0.0893069056937255,0.0206485450822281,0.097400277853012,0.1227146036922931,0.4479610074919147,0.4627320868143597,0.503708062896004,0.5194210652838718,1.2653178582148148,1.4457932528962965,-0.0304772904468438,-0.0201513612317183,-0.1040779850161704,-0.0745358263712806,,Adult tissues,adult_tissue__adultcolon,Tissue contexts,"Adult
colon"
,ZJU_HCL_adult_tissue,AdultColon,dorothea_ab,formal_abs,spearman,10,89.0,89.0,0.5,0.4677692210579472,0.0111469143462387,0.5233167363510287,0.0089906001667976,1.4,0.1829494671885699,-0.0086310572922229,0.0049177311406846,-0.0644615578841055,0.0222938286924774,0.0854142531752586,0.0940453104674816,0.4597951989003035,0.4757432432155909,0.5168852484330517,0.5297482242690057,1.2691258352063128,1.530874164793687,-0.0121489902253297,-0.0051131243591162,-0.0804096021993929,-0.0485135135688181,,Adult tissues,adult_tissue__adultcolon,Tissue contexts,"Adult
colon"
,ZJU_HCL_adult_tissue,AdultColon,trrust,formal_abs,codetection_odds_ratio,10,127.0,127.0,0.5,0.4420794841589683,0.0148219938278151,0.5070223713955715,0.0130273288090531,1.3846153846153846,0.145047544858779,-0.0893548130989074,0.0423294959167961,-0.1158410316820633,0.0296439876556304,1.7404943704605105,1.8298491835594173,0.4314764685142543,0.4526824998036823,0.4977031817659004,0.5163415610252425,1.2808546217091914,1.4883761475215778,-0.1196355103284788,-0.0590741158693361,-0.1370470629714913,-0.0946350003926353,,Adult tissues,adult_tissue__adultcolon,Tissue contexts,"Adult
colon"
,ZJU_HCL_adult_tissue,AdultColon,trrust,formal_abs,coexpression_probability,10,127.0,127.0,0.5,0.4851385702771406,0.0038253010220675,0.5048482189563664,0.0019191896845555,1.0461538461538462,0.0648672340547359,-0.0002959504723548,0.0006718510301043,-0.0297228594457188,0.007650602044135,0.026814941316843,0.0271108917891979,0.4824021147736571,0.487875025780624,0.5034753133616867,0.5062211245510462,0.9997506223027488,1.0925570700049434,-0.0007765637465113,0.0001846628018016,-0.0351957704526857,-0.024249948438752,,Adult tissues,adult_tissue__adultcolon,Tissue contexts,"Adult
colon"
,ZJU_HCL_adult_tissue,AdultColon,trrust,formal_abs,mutual_information,10,127.0,127.0,0.5,0.4507719015438031,0.011806687880268,0.4869988144497285,0.0096453510013294,0.7846153846153847,0.048650425541052,-0.0007243436994031,0.000144004435822,-0.0984561969123938,0.023613375760536,0.0023716758005321,0.0030960194999352,0.4423259058322268,0.4592178972553793,0.4800989460005909,0.4938986828988661,0.7498129667270618,0.8194178025037077,-0.0008273582670562,-0.0006213291317499,-0.1153481883355463,-0.0815642054892412,,Adult tissues,adult_tissue__adultcolon,Tissue contexts,"Adult
colon"
,ZJU_HCL_adult_tissue,AdultColon,trrust,formal_abs,pearson,10,127.0,127.0,0.5,0.4410688821377643,0.0095498082537752,0.484752802217587,0.0087132619950659,0.9076923076923076,0.0873301864919302,-0.0152147680521011,0.0031470033800708,-0.1178622357244714,0.0190996165075505,0.0860086530447006,0.1012234210968017,0.4342373608529032,0.4479004034226253,0.4785197100760424,0.4909858943591315,0.8452200556871793,0.970164559697436,-0.0174659986530908,-0.0129635374511113,-0.1315252782941935,-0.1041991931547493,,Adult tissues,adult_tissue__adultcolon,Tissue contexts,"Adult
colon"
,ZJU_HCL_adult_tissue,AdultColon,trrust,formal_abs,spearman,10,127.0,127.0,0.5,0.451261702523405,0.0128678166778787,0.4906446041292608,0.012173342267002,0.9846153846153848,0.0794458122298956,-0.0070721589028835,0.0020677913793551,-0.0974765949531898,0.0257356333557575,0.0742650404572486,0.0813371993601322,0.4420566209983527,0.4604667840484573,0.4819363196700365,0.4993528885884851,0.9277832741877174,1.041447495043052,-0.0085513677461744,-0.0055929500595926,-0.1158867580032944,-0.0790664319030853,,Adult tissues,adult_tissue__adultcolon,Tissue contexts,"Adult
colon"
,ZJU_HCL_adult_tissue,AdultColon,trrust_dorothea_intersection,formal_abs,codetection_odds_ratio,10,48.0,48.0,0.5,0.4426649305555555,0.0152211863328665,0.519368372224094,0.0105764533128841,1.24,0.1264911064067352,-0.1098393321037292,0.0511383885579082,-0.1146701388888888,0.0304423726657331,1.643537163734436,1.7533764958381652,0.4317763497955486,0.4535535113155625,0.5118024333062374,0.5269343111419507,1.1495137134903604,1.3304862865096396,-0.1464215315179148,-0.0732571326895436,-0.1364473004089028,-0.0928929773688748,,Adult tissues,adult_tissue__adultcolon,Tissue contexts,"Adult
colon"
,ZJU_HCL_adult_tissue,AdultColon,trrust_dorothea_intersection,formal_abs,coexpression_probability,10,48.0,48.0,0.5,0.4695746527777777,0.0045103169479515,0.5034887246912462,0.0020846480444336,0.8,0.0,-0.0024169314652681,0.0007518808293719,-0.0608506944444444,0.0090206338959031,0.0278687058016657,0.0302856372669339,0.4663481664010256,0.4728011391545298,0.5019974573161801,0.5049799920663123,0.8,0.8,-0.0029547946090127,-0.0018790683215235,-0.0673036671979485,-0.0543977216909402,,Adult tissues,adult_tissue__adultcolon,Tissue contexts,"Adult
colon"
,ZJU_HCL_adult_tissue,AdultColon,trrust_dorothea_intersection,formal_abs,mutual_information,10,48.0,48.0,0.5,0.4778645833333333,0.0130127932996347,0.5217127240005949,0.0123753279098633,0.96,0.2065591117977288,-0.0010086175054311,0.0004507716850069,-0.0442708333333333,0.0260255865992694,0.0024723201058804,0.0034809376113116,0.4685557917807063,0.4871733748859604,0.5128599477168465,0.5305655002843432,0.8122365128880652,1.1077634871119348,-0.0013310801433087,-0.0006861548675535,-0.0628884164385875,-0.0256532502280791,,Adult tissues,adult_tissue__adultcolon,Tissue contexts,"Adult
colon"
,ZJU_HCL_adult_tissue,AdultColon,trrust_dorothea_intersection,formal_abs,pearson,10,48.0,48.0,0.5,0.4651475694444444,0.0123645873148662,0.5152058777476194,0.014451417540409,0.96,0.2065591117977288,-0.0158798478543758,0.00622901020258,-0.0697048611111111,0.0247291746297323,0.0910794697701931,0.1069593176245689,0.4563024765195013,0.4739926623693876,0.5048679564092836,0.5255437990859552,0.8122365128880652,1.1077634871119348,-0.0203358133200405,-0.0114238823887111,-0.0873950469609973,-0.0520146752612249,,Adult tissues,adult_tissue__adultcolon,Tissue contexts,"Adult
colon"
,ZJU_HCL_adult_tissue,AdultColon,trrust_dorothea_intersection,formal_abs,spearman,10,48.0,48.0,0.5,0.4822916666666667,0.0160906689037965,0.5293418066710249,0.0134693804044859,1.28,0.2529822128134704,-0.0082401938736438,0.0053406044376501,-0.0354166666666666,0.032181337807593,0.076382502913475,0.0846226967871189,0.4707810955449395,0.4938022377883938,0.5197063923797737,0.5389772209622762,1.0990274269807208,1.4609725730192793,-0.0120606321400778,-0.0044197556072098,-0.0584378089101209,-0.0123955244232123,,Adult tissues,adult_tissue__adultcolon,Tissue contexts,"Adult
colon"
,ZJU_HCL_adult_tissue,AdultColon,trrust_dorothea_union,formal_abs,codetection_odds_ratio,10,168.0,168.0,0.5,0.4514048327664398,0.0086191921467547,0.5089429388815466,0.0077816758114806,1.2941176470588236,0.0,-0.0634815394878387,0.0236495340424251,-0.0971903344671201,0.0172383842935094,1.8091800212860107,1.8726615607738493,0.4452390341405267,0.457570631392353,0.5033762633499198,0.5145096144131734,1.2941176470588236,1.2941176470588236,-0.080399396987648,-0.0465636819880294,-0.1095219317189465,-0.0848587372152938,,Adult tissues,adult_tissue__adultcolon,Tissue contexts,"Adult
colon"
,ZJU_HCL_adult_tissue,AdultColon,trrust_dorothea_union,formal_abs,coexpression_probability,10,168.0,168.0,0.5,0.4853582057823128,0.0026485753562864,0.5026095054783251,0.0010704430407083,1.0588235294117647,0.0554593553871802,-0.0004954935982823,0.0008936669166548,-0.0292835884353741,0.0052971507125729,0.031074839644134,0.0315703332424163,0.4834635291102575,0.4872528824543682,0.5018437566567254,0.5033752542999247,1.0191502965358674,1.098496762287662,-0.0011347843987327,0.000143797202168,-0.0330729417794848,-0.0254942350912634,,Adult tissues,adult_tissue__adultcolon,Tissue contexts,"Adult
colon"
,ZJU_HCL_adult_tissue,AdultColon,trrust_dorothea_union,formal_abs,mutual_information,10,168.0,168.0,0.5,0.4525882227891157,0.0066933453682287,0.4934246780315627,0.0037884124123478,1.0941176470588236,0.0568289284164292,-0.0008311694022268,0.0001918831233241,-0.0948235544217687,0.0133866907364574,0.0027284077368676,0.0035595771390944,0.4478000919560276,0.4573763536222037,0.4907146110497932,0.4961347450133322,1.0534646806582466,1.134770613459401,-0.0009684343196324,-0.0006939044848211,-0.1043998160879449,-0.0852472927555925,,Adult tissues,adult_tissue__adultcolon,Tissue contexts,"Adult
colon"
,ZJU_HCL_adult_tissue,AdultColon,trrust_dorothea_union,formal_abs,pearson,10,168.0,168.0,0.5,0.4428411989795918,0.0076024782453594,0.488374659756618,0.0056860283278972,1.1176470588235294,0.062005444317027,-0.0139285828918218,0.0037733174793125,-0.1143176020408163,0.0152049564907188,0.0931937508285045,0.1071223337203264,0.4374027136644198,0.4482796842947639,0.4843071201248147,0.4924421993884212,1.0732910360246866,1.1620030816223723,-0.0166278516089996,-0.011229314174644,-0.1251945726711604,-0.1034406314104722,,Adult tissues,adult_tissue__adultcolon,Tissue contexts,"Adult
colon"
,ZJU_HCL_adult_tissue,AdultColon,trrust_dorothea_union,formal_abs,spearman,10,168.0,168.0,0.5,0.453172831632653,0.0071977431865816,0.4992482156888925,0.0053388476951246,1.2,0.0928012514996018,-0.0076532643288373,0.0034321704013459,-0.0936543367346938,0.0143954863731632,0.0784341916441917,0.0860874559730291,0.4480238763368588,0.4583217869284473,0.4954290341203561,0.503067397257429,1.1336139838587185,1.2663860161412817,-0.0101084911278462,-0.0051980375298285,-0.1039522473262823,-0.0833564261431053,,Adult tissues,adult_tissue__adultcolon,Tissue contexts,"Adult
colon"
,ZJU_HCL_adult_tissue,AdultKidney,dorothea_ab,formal_abs,codetection_odds_ratio,10,766.0,766.0,0.5,0.6048517612090887,0.0055575617385746,0.5857932700711632,0.0044434634114081,1.2675324675324675,0.0544835765283195,0.1021621823310852,0.0101121408542506,0.2097035224181772,0.0111151234771492,1.402148962020874,1.2999867796897888,0.6008761210391416,0.6088274013790358,0.5826146078334649,0.5889719323088616,1.2285572648019387,1.3065076702629963,0.0949283925370318,0.1093959721251385,0.2017522420782829,0.2176548027580714,,Adult tissues,adult_tissue__adultkidney,Tissue contexts,"Adult
kidney"
,ZJU_HCL_adult_tissue,AdultKidney,dorothea_ab,formal_abs,coexpression_probability,10,766.0,766.0,0.5,0.5246052021623979,0.001232675736998,0.5161893753462844,0.0009029434129922,1.0363636363636364,0.0082137082082295,0.0009883324615657,0.0002128509998466,0.0492104043247959,0.0024653514739961,0.0165012199431657,0.0155128874816,0.5237233990611362,0.5254870052636597,0.515543448540116,0.5168353021524528,1.0304879034734,1.0422393692538727,0.0008360680288865,0.0011405968942449,0.0474467981222725,0.0509740105273194,,Adult tissues,adult_tissue__adultkidney,Tissue contexts,"Adult
kidney"
,ZJU_HCL_adult_tissue,AdultKidney,dorothea_ab,formal_abs,mutual_information,10,766.0,766.0,0.5,0.5794135892943574,0.0049400424288935,0.5648666922070897,0.0038253811080229,1.2285714285714284,0.0548264595635933,0.000246301741572,1.6169486605077596e-05,0.1588271785887149,0.009880084857787,0.0007154630147852,0.0004691612732131,0.5758796958271497,0.582947482761565,0.562130179413565,0.5676032050006145,1.1893509420936823,1.2677919150491743,0.0002347347876634,0.0002578686954807,0.1517593916542995,0.1658949655231303,,Adult tissues,adult_tissue__adultkidney,Tissue contexts,"Adult
kidney"
,ZJU_HCL_adult_tissue,AdultKidney,dorothea_ab,formal_abs,pearson,10,766.0,766.0,0.5,0.5863365692042348,0.0041026198636857,0.5693793209791405,0.0041303237414404,1.2103896103896103,0.0576911904725808,0.0083769528195261,0.0003641161035175,0.1726731384084696,0.0082052397273715,0.041176876053214,0.0327999232336878,0.583401731752249,0.5892714066562207,0.5664246653668812,0.5723339765913997,1.1691198188724243,1.2516594019067964,0.0081164798503064,0.0086374257887459,0.1668034635044979,0.1785428133124412,,Adult tissues,adult_tissue__adultkidney,Tissue contexts,"Adult
kidney"
,ZJU_HCL_adult_tissue,AdultKidney,dorothea_ab,formal_abs,spearman,10,766.0,766.0,0.5,0.584031863329902,0.0050908133286073,0.5707187201200125,0.0039273646314832,1.3012987012987014,0.0449049436532985,0.0079274176619946,0.0005475203005456,0.1680637266598041,0.0101816266572146,0.0389740969985723,0.0310466793365776,0.5803901148583673,0.5876736118014366,0.5679092527086871,0.5735281875313378,1.2691756397449032,1.3334217628524996,0.0075357452338501,0.0083190900901392,0.1607802297167348,0.1753472236028734,,Adult tissues,adult_tissue__adultkidney,Tissue contexts,"Adult
kidney"
,ZJU_HCL_adult_tissue,AdultKidney,trrust,formal_abs,codetection_odds_ratio,10,446.0,446.0,0.5,0.6098850771179795,0.0096556157029699,0.6037493404250232,0.0100888392804684,1.346666666666667,0.0890122600639988,0.1125825643539428,0.0086107752234544,0.2197701542359589,0.0193112314059398,1.3939268589019775,1.281344294548035,0.6029778657436358,0.6167922884923231,0.5965322195726945,0.6109664612773518,1.2829911317154388,1.4103422016178946,0.1064227868322394,0.1187423418756463,0.2059557314872716,0.2335845769846462,,Adult tissues,adult_tissue__adultkidney,Tissue contexts,"Adult
kidney"
,ZJU_HCL_adult_tissue,AdultKidney,trrust,formal_abs,coexpression_probability,10,446.0,446.0,0.5,0.5279110277705162,0.0023588563183627,0.5245944700401799,0.0016267116184117,1.1155555555555554,0.0252287205421131,0.0013518806546926,0.0003370081255548,0.0558220555410323,0.0047177126367254,0.0192006267607212,0.0178487461060285,0.5262236036130256,0.5295984519280069,0.5234307906499558,0.525758149430404,1.0975080160874071,1.1336030950237037,0.0011107995647148,0.0015929617446704,0.0524472072260511,0.0591969038560136,,Adult tissues,adult_tissue__adultkidney,Tissue contexts,"Adult
kidney"
,ZJU_HCL_adult_tissue,AdultKidney,trrust,formal_abs,mutual_information,10,446.0,446.0,0.5,0.5767861811015705,0.0077910341231172,0.577075227834675,0.0079303489075299,1.3644444444444443,0.066419294137659,0.0002843349764589,2.4492561893336345e-05,0.153572362203141,0.0155820682462344,0.0008139397250488,0.0005296047485899,0.5712128110370864,0.5823595511660546,0.57140219797706,0.58274825769229,1.3169309436945746,1.411957945194314,0.000266814053164,0.0003018558997537,0.1424256220741729,0.1647191023321091,,Adult tissues,adult_tissue__adultkidney,Tissue contexts,"Adult
kidney"
,ZJU_HCL_adult_tissue,AdultKidney,trrust,formal_abs,pearson,10,446.0,446.0,0.5,0.5748486798447586,0.008081192606843,0.5734372574436669,0.0079230079835976,1.346666666666667,0.0865114152335195,0.0052768720313906,0.000921989852862,0.1496973596895172,0.0161623852136861,0.0392087362706661,0.0339318642392754,0.5690677429051206,0.5806296167843966,0.567769478966683,0.5791050359206509,1.284780128335638,1.4085532049976954,0.0046173202229275,0.0059364238398537,0.1381354858102411,0.1612592335687933,,Adult tissues,adult_tissue__adultkidney,Tissue contexts,"Adult
kidney"
,ZJU_HCL_adult_tissue,AdultKidney,trrust,formal_abs,spearman,10,446.0,446.0,0.5,0.582076605200185,0.0076384486167089,0.5820188242511593,0.0077673720138839,1.4044444444444444,0.0669131246852516,0.0081849045120179,0.0009824435413728,0.16415321040037,0.0152768972334178,0.0393524933606386,0.0311675888486206,0.5766123882314584,0.5875408221689116,0.5764623810399246,0.5875752674623939,1.356577678601984,1.452311210286905,0.0074821067399883,0.0088877022840475,0.1532247764629168,0.1750816443378232,,Adult tissues,adult_tissue__adultkidney,Tissue contexts,"Adult
kidney"
,ZJU_HCL_adult_tissue,AdultKidney,trrust_dorothea_intersection,formal_abs,codetection_odds_ratio,10,213.0,213.0,0.5,0.6221583019242214,0.0103949370661636,0.6029010023151513,0.0120898423094372,1.2,0.1271283452327456,0.1287845730781555,0.0172116421071922,0.2443166038484427,0.0207898741323272,1.4328151941299438,1.3040306210517882,0.6147222119069988,0.629594391941444,0.5942524501272177,0.6115495545030849,1.1090578602954326,1.2909421397045673,0.1164721060339914,0.1410970401223195,0.2294444238139977,0.2591887838828878,,Adult tissues,adult_tissue__adultkidney,Tissue contexts,"Adult
kidney"
,ZJU_HCL_adult_tissue,AdultKidney,trrust_dorothea_intersection,formal_abs,coexpression_probability,10,213.0,213.0,0.5,0.5274229099164628,0.0025672153307656,0.5213559975741733,0.0021156548431608,1.0,0.0,0.0012887489050626,0.0004645052985505,0.0548458198329255,0.0051344306615312,0.0186781603842973,0.0173894114792346,0.5255864347005322,0.5292593851323933,0.5198425492715062,0.5228694458768404,1.0,1.0,0.000956461831893,0.0016210359782323,0.0511728694010645,0.0585187702647866,,Adult tissues,adult_tissue__adultkidney,Tissue contexts,"Adult
kidney"
,ZJU_HCL_adult_tissue,AdultKidney,trrust_dorothea_intersection,formal_abs,mutual_information,10,213.0,213.0,0.5,0.5966915735414049,0.0091661655614847,0.5758226013537688,0.0089677615297264,1.2909090909090908,0.093890505362604,0.0004005767637863,3.391282904551187e-05,0.1933831470828098,0.0183323311229695,0.0009744111448526,0.0005738343810662,0.5901344937058921,0.6032486533769177,0.5694074512125432,0.5822377514949945,1.223743869494575,1.3580743123236063,0.0003763169873282,0.0004248365402444,0.1802689874117843,0.2064973067538354,,Adult tissues,adult_tissue__adultkidney,Tissue contexts,"Adult
kidney"
,ZJU_HCL_adult_tissue,AdultKidney,trrust_dorothea_intersection,formal_abs,pearson,10,213.0,213.0,0.5,0.6055985364455906,0.00651209817369,0.5818175886182302,0.0064221976954453,1.3454545454545452,0.0717100579769651,0.0094643909484148,0.0009771302516509,0.2111970728911812,0.01302419634738,0.0442748591303825,0.0348104681819677,0.6009400620448003,0.6102570108463808,0.5772234251454006,0.5864117520910598,1.2941562602544638,1.3967528306546266,0.0087653940748811,0.0101633878219484,0.2018801240896006,0.2205140216927618,,Adult tissues,adult_tissue__adultkidney,Tissue contexts,"Adult
kidney"
,ZJU_HCL_adult_tissue,AdultKidney,trrust_dorothea_intersection,formal_abs,spearman,10,213.0,213.0,0.5,0.6025744451056889,0.0095985068663661,0.5819393486849314,0.0096660164261938,1.3545454545454545,0.090402629637432,0.0127302523702383,0.0010028328813025,0.2051488902113778,0.0191970137327321,0.0455161072313785,0.0327858548611402,0.5957080869320007,0.6094408032793771,0.5750246970814026,0.5888540002884601,1.2898753091180448,1.4192155999728642,0.0120128689430822,0.0134476357973944,0.1914161738640015,0.2188816065587541,,Adult tissues,adult_tissue__adultkidney,Tissue contexts,"Adult
kidney"
,ZJU_HCL_adult_tissue,AdultKidney,trrust_dorothea_union,formal_abs,codetection_odds_ratio,10,997.0,997.0,0.5,0.6046926637485173,0.005478168417638,0.5931405229474598,0.0070610852394568,1.33,0.0620035841257941,0.1039436817169189,0.007922830537143,0.2093853274970347,0.010956336835276,1.3939244747161863,1.2899807929992675,0.6007738181389887,0.6086115093580459,0.5880893268578945,0.5981917190370251,1.285645307901802,1.3743546920981982,0.0982760301774817,0.1096113332563561,0.2015476362779774,0.217223018716092,,Adult tissues,adult_tissue__adultkidney,Tissue contexts,"Adult
kidney"
,ZJU_HCL_adult_tissue,AdultKidney,trrust_dorothea_union,formal_abs,coexpression_probability,10,997.0,997.0,0.5,0.5262253661687167,0.0012601537406235,0.5192418174999931,0.0009976834637037,1.032,0.0139841179756021,0.0012582717463374,0.0001886123582704,0.0524507323374335,0.0025203074812469,0.0171978399157524,0.0159395681694149,0.5253239064877997,0.5271268258496338,0.5185281177442779,0.5199555172557083,1.0219963646324977,1.0420036353675024,0.0011233465933006,0.0013931968993741,0.0506478129755996,0.0542536516992675,,Adult tissues,adult_tissue__adultkidney,Tissue contexts,"Adult
kidney"
,ZJU_HCL_adult_tissue,AdultKidney,trrust_dorothea_union,formal_abs,mutual_information,10,997.0,997.0,0.5,0.5785050738977213,0.0048940438542506,0.5700108886117993,0.0063050761473667,1.3,0.0533333333333333,0.0002343309402931,1.386387828256278e-05,0.1570101477954424,0.0097880877085013,0.0006929351948201,0.000458604254527,0.5750040858285483,0.5820060619668943,0.5655005088472236,0.574521268376375,1.2618476316825296,1.3381523683174703,0.0002244133192204,0.0002442485613658,0.1500081716570965,0.1640121239337884,,Adult tissues,adult_tissue__adultkidney,Tissue contexts,"Adult
kidney"
,ZJU_HCL_adult_tissue,AdultKidney,trrust_dorothea_union,formal_abs,pearson,10,997.0,997.0,0.5,0.5787963187456049,0.0046713536450675,0.5680444305503485,0.0058964194054431,1.26,0.0498887651569858,0.0066105477511882,0.0004131861177429,0.1575926374912098,0.009342707290135,0.0390258766710758,0.0324153289198875,0.5754546336554591,0.5821380038357507,0.563826386208272,0.572262474892425,1.2243117273155042,1.2956882726844958,0.0063149722084171,0.0069061232939594,0.1509092673109183,0.1642760076715013,,Adult tissues,adult_tissue__adultkidney,Tissue contexts,"Adult
kidney"
,ZJU_HCL_adult_tissue,AdultKidney,trrust_dorothea_union,formal_abs,spearman,10,997.0,997.0,0.5,0.5828137874003152,0.0051871105670963,0.5751356372426836,0.0067636736270818,1.334,0.0742667863553793,0.0075039599090814,0.0005129733095432,0.1656275748006305,0.0103742211341928,0.0376787222921848,0.0301747623831033,0.5791031520342033,0.5865244227664271,0.5702971966039413,0.5799740778814259,1.2808727414977752,1.387127258502225,0.0071370009095303,0.0078709189086325,0.1582063040684066,0.1730488455328545,,Adult tissues,adult_tissue__adultkidney,Tissue contexts,"Adult
kidney"
,ZJU_HCL_adult_tissue,AdultLiver,dorothea_ab,formal_abs,codetection_odds_ratio,10,225.0,225.0,0.5,0.6013758024691358,0.0108253101762582,0.5939794123705288,0.0105391769857876,1.4260869565217391,0.1173823578627048,0.1149392366409301,0.014500040591666,0.2027516049382716,0.0216506203525164,1.2884589433670044,1.1735197067260743,0.5936318420754708,0.6091197628628008,0.5864401393306892,0.6015186854103683,1.342116676187657,1.5100572368558212,0.1045665324670892,0.1253119408147711,0.1872636841509416,0.2182395257256015,,Adult tissues,adult_tissue__adultliver,Tissue contexts,"Adult
liver"
,ZJU_HCL_adult_tissue,AdultLiver,dorothea_ab,formal_abs,coexpression_probability,10,225.0,225.0,0.5,0.5157837037037037,0.0018769211950559,0.5154595427341683,0.0016578855255811,1.0434782608695652,0.0,0.0004351118579506,0.0001424088652236,0.0315674074074074,0.0037538423901117,0.0132425278425216,0.0128074159845709,0.5144410351648917,0.5171263722425158,0.514273562874165,0.5166455225941715,1.0434782608695652,1.0434782608695652,0.000333238692744,0.0005369850231572,0.0288820703297834,0.0342527444850314,,Adult tissues,adult_tissue__adultliver,Tissue contexts,"Adult
liver"
,ZJU_HCL_adult_tissue,AdultLiver,dorothea_ab,formal_abs,mutual_information,10,225.0,225.0,0.5,0.5840464197530865,0.0118975580043625,0.5769790688462826,0.0139243992140541,1.3130434782608695,0.1118855598006885,0.0001099977642297,1.894511806290964e-05,0.1680928395061728,0.0237951160087251,0.0002895205107051,0.0001795227464754,0.5755354194706944,0.5925574200354785,0.5670181537072684,0.5869399839852968,1.2330053703810775,1.3930815861406616,9.644524318938524e-05,0.0001235502852701,0.1510708389413887,0.185114840070957,,Adult tissues,adult_tissue__adultliver,Tissue contexts,"Adult
liver"
,ZJU_HCL_adult_tissue,AdultLiver,dorothea_ab,formal_abs,pearson,10,225.0,225.0,0.5,0.5771970370370371,0.0159574626683388,0.5742083574949363,0.015242501942967,1.391304347826087,0.1084538372977953,0.0064813109114766,0.0012228339767435,0.154394074074074,0.0319149253366776,0.0258924178779125,0.0194111069664359,0.5657817559157605,0.5886123181583136,0.5633045284660393,0.5851121865238332,1.3137211463380525,1.4688875493141216,0.0056065481813796,0.0073560736415735,0.1315635118315209,0.1772246363166271,,Adult tissues,adult_tissue__adultliver,Tissue contexts,"Adult
liver"
,ZJU_HCL_adult_tissue,AdultLiver,dorothea_ab,formal_abs,spearman,10,225.0,225.0,0.5,0.6026666666666667,0.0114694599070325,0.5868882585046624,0.0144146089359196,1.3304347826086955,0.0921173830844678,0.0063971213065087,0.0007277554405434,0.2053333333333333,0.0229389198140651,0.0223418325185775,0.0159447112120687,0.5944619093146248,0.6108714240187085,0.5765766684557466,0.5971998485535782,1.264537976460943,1.3963315887564485,0.0058765164262714,0.006917726186746,0.1889238186292496,0.2217428480374171,,Adult tissues,adult_tissue__adultliver,Tissue contexts,"Adult
liver"
,ZJU_HCL_adult_tissue,AdultLiver,trrust,formal_abs,codetection_odds_ratio,10,155.0,155.0,0.5,0.5481186264308012,0.0141724037897255,0.5657547348821813,0.0151679688018785,1.4125,0.1029090752935705,0.0162470579147338,0.0168864018533237,0.0962372528616024,0.0283448075794511,1.2262070178985596,1.2099599599838258,0.5379802995058727,0.5582569533557298,0.5549042236504843,0.5766052461138783,1.3388832823035512,1.486116717696449,0.0041672537322684,0.0283268620971993,0.0759605990117453,0.1165139067114596,,Adult tissues,adult_tissue__adultliver,Tissue contexts,"Adult
liver"
,ZJU_HCL_adult_tissue,AdultLiver,trrust,formal_abs,coexpression_probability,10,155.0,155.0,0.5,0.5130447450572321,0.0035508773149518,0.523788964102232,0.0018431167647121,1.1375,0.0395284707521047,0.0011066961102187,0.0004761943778251,0.026089490114464,0.0071017546299036,0.0164585690945386,0.0153518729843199,0.5105046004477909,0.5155848896666733,0.5224704777961182,0.5251074504083457,1.1092230354657375,1.1657769645342624,0.0007660471734657,0.0014473450469717,0.0210092008955818,0.0311697793333463,,Adult tissues,adult_tissue__adultliver,Tissue contexts,"Adult
liver"
,ZJU_HCL_adult_tissue,AdultLiver,trrust,formal_abs,mutual_information,10,155.0,155.0,0.5,0.5259167533818939,0.0169885491850221,0.5501205879630384,0.0118586097178597,1.2875,0.1185854122563142,7.0819194661453365e-06,3.610761063083274e-05,0.0518335067637877,0.0339770983700443,0.0002720267511904,0.0002649448317242,0.5137638774002734,0.5380696293635144,0.5416374496063712,0.5586037263197057,1.202669106397213,1.3723308936027871,-1.8747909156067378e-05,3.291174808835805e-05,0.0275277548005465,0.0761392587270288,,Adult tissues,adult_tissue__adultliver,Tissue contexts,"Adult
liver"
,ZJU_HCL_adult_tissue,AdultLiver,trrust,formal_abs,pearson,10,155.0,155.0,0.5,0.5317232049947971,0.0135054152919416,0.5555486872487597,0.0084369983309641,1.2625,0.1375631168268264,0.0029284896329045,0.0017312915082785,0.0634464099895942,0.0270108305838832,0.0277659203857183,0.0248374307528138,0.5220620128979492,0.541384397091645,0.5495132222271941,0.5615841522703253,1.1640932743735692,1.360906725626431,0.0016899982962404,0.0041669809695686,0.0441240257958983,0.08276879418329,,Adult tissues,adult_tissue__adultliver,Tissue contexts,"Adult
liver"
,ZJU_HCL_adult_tissue,AdultLiver,trrust,formal_abs,spearman,10,155.0,155.0,0.5,0.5296087408949012,0.0133274922661082,0.5548102967486508,0.0107569529287938,1.2625,0.1094493794713641,-0.0002435822039842,0.0015631464800674,0.0592174817898022,0.0266549845322164,0.0213742647320032,0.0216178469359874,0.5200748272633111,0.5391426545264912,0.5471152361840314,0.5625053573132702,1.184204630542936,1.340795369457064,-0.0013617898335159,0.0008746254255474,0.0401496545266222,0.0782853090529822,,Adult tissues,adult_tissue__adultliver,Tissue contexts,"Adult
liver"
,ZJU_HCL_adult_tissue,AdultLiver,trrust_dorothea_intersection,formal_abs,codetection_odds_ratio,10,76.0,76.0,0.5,0.5806786703601108,0.01716871998105,0.600298374982736,0.0204895861243616,1.4,0.1748014746950252,0.0785983026027679,0.0210244122285505,0.1613573407202216,0.0343374399621002,1.284697413444519,1.2060991108417511,0.5683969079553007,0.5929604327649208,0.5856410080485639,0.614955741916908,1.2749545579062198,1.52504544209378,0.0635583441214805,0.0936382610840552,0.1367938159106013,0.1859208655298418,,Adult tissues,adult_tissue__adultliver,Tissue contexts,"Adult
liver"
,ZJU_HCL_adult_tissue,AdultLiver,trrust_dorothea_intersection,formal_abs,coexpression_probability,10,76.0,76.0,0.5,0.5209487534626038,0.0045594603451301,0.5184238280678017,0.0019531950688482,1.05,0.105409255338946,0.0007850928232073,0.0004476788845473,0.0418975069252077,0.0091189206902602,0.0165058644488453,0.015720771625638,0.5176871120172981,0.5242103949079095,0.5170265964866286,0.5198210596489748,0.974594761241967,1.125405238758033,0.0004648426414972,0.0011053430049175,0.0353742240345963,0.0484207898158192,,Adult tissues,adult_tissue__adultliver,Tissue contexts,"Adult
liver"
,ZJU_HCL_adult_tissue,AdultLiver,trrust_dorothea_intersection,formal_abs,mutual_information,10,76.0,76.0,0.5,0.5702042936288089,0.0128897079780064,0.5646879126775307,0.0103331435398111,1.25,0.2886751345948128,0.0001519814730272,3.2226032806178455e-05,0.1404085872576177,0.0257794159560128,0.000398339703679,0.0002463582306518,0.56098355201103,0.5794250352465877,0.5572960270861276,0.5720797982689338,1.0434942488908123,1.4565057511091877,0.0001289283579079,0.0001750345881466,0.12196710402206,0.1588500704931754,,Adult tissues,adult_tissue__adultliver,Tissue contexts,"Adult
liver"
,ZJU_HCL_adult_tissue,AdultLiver,trrust_dorothea_intersection,formal_abs,pearson,10,76.0,76.0,0.5,0.5649065096952908,0.0134394957650786,0.561031079215715,0.0114967813057923,1.275,0.1844661968431554,0.0063191783614456,0.0021384603688627,0.1298130193905817,0.0268789915301573,0.0307253925129771,0.0244062141515314,0.5552924735872213,0.5745205458033602,0.55280677731239,0.5692553811190401,1.143040832173442,1.4069591678265578,0.0047894159684738,0.0078489407544175,0.1105849471744429,0.1490410916067204,,Adult tissues,adult_tissue__adultliver,Tissue contexts,"Adult
liver"
,ZJU_HCL_adult_tissue,AdultLiver,trrust_dorothea_intersection,formal_abs,spearman,10,76.0,76.0,0.5,0.5750865650969529,0.0149367761937924,0.5683884324363201,0.0107829209778372,1.275,0.0790569415042095,0.0054565059021115,0.0021664204219896,0.1501731301939058,0.0298735523875848,0.0263674724847078,0.0209109665825963,0.5644014390940555,0.5857716910998503,0.5606747954484834,0.5761020694241568,1.218446070931475,1.3315539290685248,0.0039067420920445,0.0070062697121784,0.128802878188111,0.1715433821997006,,Adult tissues,adult_tissue__adultliver,Tissue contexts,"Adult
liver"
,ZJU_HCL_adult_tissue,AdultLiver,trrust_dorothea_union,formal_abs,codetection_odds_ratio,10,304.0,304.0,0.5,0.5830099766274238,0.0114360035968926,0.5814550836054229,0.0106293326144723,1.4129032258064516,0.064156704903984,0.0684381484985351,0.0142604261699409,0.1660199532548477,0.0228720071937853,1.2479806542396543,1.1795425057411193,0.5748291524778882,0.5911908007769594,0.5738513171139932,0.5890588500968525,1.367008283890225,1.4587981677226778,0.0582368541560411,0.0786394428410292,0.1496583049557764,0.1823816015539189,,Adult tissues,adult_tissue__adultliver,Tissue contexts,"Adult
liver"
,ZJU_HCL_adult_tissue,AdultLiver,trrust_dorothea_union,formal_abs,coexpression_probability,10,304.0,304.0,0.5,0.5143492468836566,0.0024742070266858,0.5191178523255923,0.0015379775377765,1.096774193548387,0.0,0.0005013242829591,0.0003382667332584,0.0286984937673129,0.0049484140533717,0.0137154748663306,0.0132141505833715,0.5125793058003605,0.5161191879669527,0.5180176494727439,0.5202180551784407,1.096774193548387,1.096774193548387,0.0002593428392686,0.0007433057266495,0.0251586116007207,0.0322383759339052,,Adult tissues,adult_tissue__adultliver,Tissue contexts,"Adult
liver"
,ZJU_HCL_adult_tissue,AdultLiver,trrust_dorothea_union,formal_abs,mutual_information,10,304.0,304.0,0.5,0.5585153003808865,0.0105648858847637,0.5651284216903542,0.0083043726089981,1.303225806451613,0.0902201159716259,7.196244259830565e-05,1.692376854743943e-05,0.1170306007617728,0.0211297717695273,0.0002691916306503,0.000197229188052,0.55095763630262,0.566072964459153,0.5591878313949039,0.5710690119858044,1.2386862234354683,1.3677653894677575,5.985590789315192e-05,8.406897730345937e-05,0.1019152726052397,0.1321459289183059,,Adult tissues,adult_tissue__adultliver,Tissue contexts,"Adult
liver"
,ZJU_HCL_adult_tissue,AdultLiver,trrust_dorothea_union,formal_abs,pearson,10,304.0,304.0,0.5,0.558092754501385,0.0115086301000222,0.5682162647678909,0.0101083274846756,1.4064516129032258,0.0793079093100464,0.0052841742523014,0.0007524426498949,0.11618550900277,0.0230172602000443,0.0253843702375888,0.0201001959852874,0.5498599764812804,0.5663255325214895,0.560985202894098,0.5754473266416837,1.349718152281624,1.4631850735248275,0.0047459092063658,0.005822439298237,0.099719952962561,0.1326510650429791,,Adult tissues,adult_tissue__adultliver,Tissue contexts,"Adult
liver"
,ZJU_HCL_adult_tissue,AdultLiver,trrust_dorothea_union,formal_abs,spearman,10,304.0,304.0,0.5,0.5717905990304709,0.0092145424576524,0.5728240795511645,0.0076528070011795,1.3419354838709678,0.0849394307876624,0.0047761743888258,0.0007351262034969,0.1435811980609418,0.0184290849153048,0.0214298805221915,0.0166537061333656,0.5651989124481961,0.5783822856127457,0.5673495912129486,0.5782985678893805,1.281173475469333,1.4026974922726028,0.0042502967824076,0.0053020519952441,0.1303978248963921,0.1567645712254915,,Adult tissues,adult_tissue__adultliver,Tissue contexts,"Adult
liver"
,ZJU_HCL_adult_tissue,AdultLung,dorothea_ab,formal_abs,codetection_odds_ratio,10,760.0,760.0,0.5,0.5588019390581718,0.0064633277498977,0.5501128914085885,0.0058547106954467,1.3026315789473686,0.0757134934282108,0.069008731842041,0.0077154563065577,0.1176038781163435,0.0129266554997953,1.3666179776191711,1.2976092457771302,0.5541783529168476,0.563425525199496,0.5459246836802464,0.5543010991369307,1.2484694085497032,1.356793749345034,0.0634894268905695,0.0745280367935124,0.108356705833695,0.1268510503989919,,Adult tissues,adult_tissue__adultlung,Tissue contexts,"Adult
lung"
,ZJU_HCL_adult_tissue,AdultLung,dorothea_ab,formal_abs,coexpression_probability,10,760.0,760.0,0.5,0.5319769736842106,0.0033060441142709,0.5166011586999413,0.0016022762932629,0.9973684210526316,0.0194174944045427,0.0018336036242544,0.0002225722432382,0.063953947368421,0.0066120882285419,0.0149889816530048,0.0131553780287504,0.529611972195683,0.5343419751727382,0.5154549592883115,0.517747358111571,0.9834779823340464,1.0112588597712164,0.0016743850329806,0.0019928222155282,0.0592239443913658,0.0686839503454762,,Adult tissues,adult_tissue__adultlung,Tissue contexts,"Adult
lung"
,ZJU_HCL_adult_tissue,AdultLung,dorothea_ab,formal_abs,mutual_information,10,760.0,760.0,0.5,0.51805141966759,0.0048858675238719,0.5273320562112789,0.0041438702572332,1.2815789473684212,0.0527046276694729,4.506711266003549e-05,4.906431457527772e-05,0.03610283933518,0.0097717350477439,0.0008155512623488,0.0007704841496888,0.5145562805928189,0.5215465587423612,0.5243677100053956,0.5302964024171621,1.2438763279894047,1.3192815667474376,9.968616392781133e-06,8.016560892728985e-05,0.0291125611856376,0.0430931174847224,,Adult tissues,adult_tissue__adultlung,Tissue contexts,"Adult
lung"
,ZJU_HCL_adult_tissue,AdultLung,dorothea_ab,formal_abs,pearson,10,760.0,760.0,0.5,0.5282136426592798,0.0055041644834107,0.5322407619573654,0.0046808114589288,1.268421052631579,0.0699557966223751,0.0031680224463343,0.0013463003891831,0.0564272853185595,0.0110083289668215,0.0467859487980604,0.043617926351726,0.524276200584573,0.5321510847339866,0.5288923111547587,0.5355892127599721,1.2183776904063492,1.3184644148568083,0.0022049371654455,0.0041311077272231,0.048552401169146,0.0643021694679731,,Adult tissues,adult_tissue__adultlung,Tissue contexts,"Adult
lung"
,ZJU_HCL_adult_tissue,AdultLung,dorothea_ab,formal_abs,spearman,10,760.0,760.0,0.5,0.5170242382271468,0.0049507437964503,0.5299748268513665,0.0046155817347066,1.305263157894737,0.067034993594887,-0.0001133821904659,0.0012619772027262,0.0340484764542936,0.0099014875929007,0.0383010562509298,0.0384144384413957,0.5134826894627542,0.5205657869915394,0.5266730385824555,0.5332766151202776,1.257309212286148,1.3532171035033258,-0.0010161462975908,0.000789381916659,0.0269653789255083,0.0411315739830788,,Adult tissues,adult_tissue__adultlung,Tissue contexts,"Adult
lung"
,ZJU_HCL_adult_tissue,AdultLung,trrust,formal_abs,codetection_odds_ratio,10,454.0,454.0,0.5,0.6020832929030255,0.0120674458332569,0.5971376079013423,0.0102823460114519,1.4043478260869564,0.0711474649775859,0.0958803534507751,0.0177152214438235,0.204166585806051,0.024134891666514,1.339353621006012,1.243473267555237,0.5934507621889965,0.6107158236170546,0.5897820606726563,0.6044931551300283,1.3534519956742217,1.4552436564996911,0.0832076474504568,0.1085530594510934,0.186901524377993,0.2214316472341089,,Adult tissues,adult_tissue__adultlung,Tissue contexts,"Adult
lung"
,ZJU_HCL_adult_tissue,AdultLung,trrust,formal_abs,coexpression_probability,10,454.0,454.0,0.5,0.5462589027537892,0.0036930427198612,0.5284579295639198,0.002162014867914,1.0782608695652174,0.0342961146846354,0.0031599525362253,0.0004523997593348,0.0925178055075782,0.0073860854397225,0.0170678980648517,0.0139079455286264,0.5436170591401586,0.5489007463674198,0.5269113172973854,0.5300045418304542,1.053726907078222,1.1027948320522127,0.0028363252441338,0.0034835798283168,0.0872341182803169,0.0978014927348394,,Adult tissues,adult_tissue__adultlung,Tissue contexts,"Adult
lung"
,ZJU_HCL_adult_tissue,AdultLung,trrust,formal_abs,mutual_information,10,454.0,454.0,0.5,0.534080808864911,0.0088476978337548,0.5510128531117015,0.0063471853761711,1.3,0.0723186953615921,0.0001585211517522,5.46734054908599e-05,0.068161617729822,0.0176953956675096,0.0006590003031305,0.0005004791513783,0.527751547117753,0.5404100706120691,0.5464723502194963,0.5555533560039067,1.2482663218436048,1.3517336781563951,0.0001194101535623,0.000197632149942,0.0555030942355057,0.0808201412241383,,Adult tissues,adult_tissue__adultlung,Tissue contexts,"Adult
lung"
,ZJU_HCL_adult_tissue,AdultLung,trrust,formal_abs,pearson,10,454.0,454.0,0.5,0.542963670942576,0.0105802212825194,0.559165730576163,0.0069687791061327,1.2304347826086957,0.0870772109321727,0.0060072295367717,0.0017808648364528,0.085927341885152,0.0211604425650389,0.040945490822196,0.0349382612854242,0.5353950365816194,0.5505323053035327,0.554180566316533,0.5641508948357931,1.168143498417277,1.2927260668001144,0.0047332755774471,0.0072811834960964,0.0707900731632387,0.1010646106070654,,Adult tissues,adult_tissue__adultlung,Tissue contexts,"Adult
lung"
,ZJU_HCL_adult_tissue,AdultLung,trrust,formal_abs,spearman,10,454.0,454.0,0.5,0.5354169496788217,0.0095715415443177,0.5571718676004505,0.007032173063096,1.3,0.0693535426898863,0.0035513355396687,0.0017434669249694,0.0708338993576432,0.0191430830886354,0.034876175224781,0.0313248396851122,0.528569881334482,0.5422640180231614,0.552141354035911,0.5622023811649899,1.2503874642845134,1.349612535715487,0.0023041344345919,0.0047985366447456,0.0571397626689639,0.0845280360463225,,Adult tissues,adult_tissue__adultlung,Tissue contexts,"Adult
lung"
,ZJU_HCL_adult_tissue,AdultLung,trrust_dorothea_intersection,formal_abs,codetection_odds_ratio,10,229.0,229.0,0.5,0.634511164928205,0.0173147436519469,0.620801355986717,0.0155559274828658,1.4956521739130433,0.1068932690700625,0.1843833684921264,0.0343164247703322,0.2690223298564101,0.0346294873038939,1.3941566944122314,1.209773325920105,0.6221249434819863,0.6468973863744237,0.6096733158333515,0.6319293961400826,1.4191853356839277,1.572119012142159,0.1598348770450673,0.2089318599391855,0.2442498869639727,0.2937947727488475,,Adult tissues,adult_tissue__adultlung,Tissue contexts,"Adult
lung"
,ZJU_HCL_adult_tissue,AdultLung,trrust_dorothea_intersection,formal_abs,coexpression_probability,10,229.0,229.0,0.5,0.5660256288018917,0.0081950881495396,0.5319674270027349,0.0039228413545066,0.9739130434782608,0.0366640888135463,0.0041370429098606,0.0006300329688002,0.1320512576037832,0.0163901762990791,0.0192923378199338,0.0151552949100732,0.5601632158992285,0.5718880417045549,0.5291611953488323,0.5347736586566375,0.947685134345032,1.0001409526114895,0.0036863444746515,0.0045877413450696,0.1203264317984568,0.1437760834091097,,Adult tissues,adult_tissue__adultlung,Tissue contexts,"Adult
lung"
,ZJU_HCL_adult_tissue,AdultLung,trrust_dorothea_intersection,formal_abs,mutual_information,10,229.0,229.0,0.5,0.5570717568314868,0.0088948441717185,0.5656966283460847,0.0071912511298125,1.4956521739130433,0.1283243108474125,0.0003501260885968,4.908093611832847e-05,0.1141435136629736,0.0177896883434371,0.0009723636321723,0.0006222375435754,0.5507087686258759,0.5634347450370977,0.5605523171879341,0.5708409395042353,1.4038544919467422,1.5874498558793444,0.000315015701994,0.0003852364751997,0.1014175372517519,0.1268694900741953,,Adult tissues,adult_tissue__adultlung,Tissue contexts,"Adult
lung"
,ZJU_HCL_adult_tissue,AdultLung,trrust_dorothea_intersection,formal_abs,pearson,10,229.0,229.0,0.5,0.5675673614156862,0.0124484359298035,0.5769039313861448,0.0117949212233991,1.3478260869565215,0.0614875461901344,0.0124479163438081,0.0022056700169205,0.1351347228313724,0.0248968718596069,0.0512155927717685,0.0387676764279604,0.5586622868049931,0.5764724360263793,0.5684663530338196,0.58534150973847,1.3038405461593312,1.3918116277537125,0.0108700750649515,0.0140257576226647,0.1173245736099863,0.1529448720527585,,Adult tissues,adult_tissue__adultlung,Tissue contexts,"Adult
lung"
,ZJU_HCL_adult_tissue,AdultLung,trrust_dorothea_intersection,formal_abs,spearman,10,229.0,229.0,0.5,0.5558513376937892,0.0091376288361552,0.5717788886678555,0.0084802818543446,1.4782608695652173,0.0709997026893675,0.0105386488139629,0.0014533896812862,0.1117026753875783,0.0182752576723105,0.0454562753438949,0.034917626529932,0.5493146718018141,0.5623880035857644,0.5657124604789258,0.5778453168567853,1.4274707419257988,1.5290509972046358,0.0094989564684146,0.0115783411595112,0.0986293436036283,0.1247760071715284,,Adult tissues,adult_tissue__adultlung,Tissue contexts,"Adult
lung"
,ZJU_HCL_adult_tissue,AdultLung,trrust_dorothea_union,formal_abs,codetection_odds_ratio,10,983.0,983.0,0.5,0.5546342243366115,0.0064427046144702,0.5505549425149532,0.0046296058070165,1.3171717171717172,0.0378544628216974,0.0577632308006286,0.0093452315242624,0.109268448673223,0.0128854092289405,1.3555837869644165,1.297820556163788,0.5500253910976377,0.5592430575755852,0.5472431220290658,0.5538667630008406,1.290092265771091,1.3442511685723435,0.0510780548920218,0.0644484067092355,0.1000507821952754,0.1184861151511706,,Adult tissues,adult_tissue__adultlung,Tissue contexts,"Adult
lung"
,ZJU_HCL_adult_tissue,AdultLung,trrust_dorothea_union,formal_abs,coexpression_probability,10,983.0,983.0,0.5,0.5291233264582336,0.0022359133953752,0.5172071666376163,0.0014606974471166,1.0464646464646463,0.0159355684393256,0.0017255002632737,0.0001227948489166,0.058246652916467,0.0044718267907504,0.0148850362747907,0.013159536011517,0.52752385036974,0.5307228025467271,0.5161622466313142,0.5182520866439185,1.0350650275312951,1.057864265397998,0.0016376581200858,0.0018133424064616,0.0550477007394799,0.061445605093454,,Adult tissues,adult_tissue__adultlung,Tissue contexts,"Adult
lung"
,ZJU_HCL_adult_tissue,AdultLung,trrust_dorothea_union,formal_abs,mutual_information,10,983.0,983.0,0.5,0.5114805198030817,0.0049124603552492,0.5260150806197779,0.0033562278002541,1.2121212121212122,0.0269360269360269,-9.362329728901388e-06,3.102585527625982e-05,0.0229610396061633,0.0098249207104985,0.0006815563538111,0.00069091868354,0.507966357362736,0.5149946822434275,0.5236141798849161,0.5284159813546396,1.1928523392336008,1.2313900850088235,-3.1556889563858895e-05,1.283223010605612e-05,0.0159327147254717,0.0299893644868549,,Adult tissues,adult_tissue__adultlung,Tissue contexts,"Adult
lung"
,ZJU_HCL_adult_tissue,AdultLung,trrust_dorothea_union,formal_abs,pearson,10,983.0,983.0,0.5,0.5188985903803107,0.0046933584704111,0.5302069425392321,0.0036066762443156,1.2282828282828282,0.0378544628216974,0.0019704226404428,0.0006548596844426,0.0377971807606213,0.0093867169408222,0.0436474978923797,0.0416770752519369,0.515541163986391,0.5222560167742304,0.5276268817803258,0.5327870032981383,1.201203376882202,1.2553622796834545,0.0015019642427468,0.0024388810381388,0.031082327972782,0.0445120335484605,,Adult tissues,adult_tissue__adultlung,Tissue contexts,"Adult
lung"
,ZJU_HCL_adult_tissue,AdultLung,trrust_dorothea_union,formal_abs,spearman,10,983.0,983.0,0.5,0.5106551973581402,0.005321463733418,0.5289568745809976,0.0037161988549697,1.294949494949495,0.0362011583992338,7.19066709280014e-05,0.0006837222322354,0.0213103947162805,0.010642927466836,0.0363951884210109,0.0363232817500829,0.5068484515266635,0.514461943189617,0.5262984660662019,0.5316152830957933,1.2690527462851202,1.32084624361387,-0.0004171987496549,0.0005610120915109,0.013696903053327,0.028923886379234,,Adult tissues,adult_tissue__adultlung,Tissue contexts,"Adult
lung"
,ZJU_HCL_adult_celltype,AT2 cell,dorothea_ab,formal_abs,codetection_odds_ratio,10,541.0,541.0,0.5,0.5396807445649017,0.0095610159760604,0.5560263076885676,0.0094361511820596,1.3381818181818184,0.0762770071396473,0.0172768712043762,0.0095836570957485,0.0793614891298034,0.0191220319521208,1.2066442966461182,1.189367425441742,0.5328412057585039,0.5465202833712994,0.5492760917748687,0.5627765236022666,1.283616534359078,1.3927471020045588,0.0104211359166511,0.0241326064921013,0.065682411517008,0.0930405667425988,,Adult cell types,adult_celltype__at2_cell,Adult cell types,AT2 cell
,ZJU_HCL_adult_celltype,AT2 cell,dorothea_ab,formal_abs,coexpression_probability,10,541.0,541.0,0.5,0.5076930173123639,0.0019533721206435,0.5055266521366912,0.0008045001356099,0.9963636363636365,0.0187781010725207,0.0003512563183903,0.0001931694547166,0.0153860346247279,0.0039067442412871,0.0106727909296751,0.0103215346112847,0.5062956590759663,0.5090903755487616,0.5049511474088428,0.5061021568645396,0.9829305920807332,1.0097966806465395,0.0002130712149397,0.0004894414218409,0.0125913181519327,0.0181807510975231,,Adult cell types,adult_celltype__at2_cell,Adult cell types,AT2 cell
,ZJU_HCL_adult_celltype,AT2 cell,dorothea_ab,formal_abs,mutual_information,10,541.0,541.0,0.5,0.527739415951155,0.0080177849896664,0.5321003467823064,0.0064704503051507,1.232727272727273,0.0628669211146179,4.47284517576918e-05,1.6325361665538562e-05,0.05547883190231,0.016035569979333,0.0002471831976436,0.0002024547458859,0.5220038380883543,0.5334749938139558,0.527471665471894,0.5367290280927189,1.1877549865519552,1.27769955890259,3.30499915480754e-05,5.64069119673082e-05,0.0440076761767084,0.0669499876279116,,Adult cell types,adult_celltype__at2_cell,Adult cell types,AT2 cell
,ZJU_HCL_adult_celltype,AT2 cell,dorothea_ab,formal_abs,pearson,10,541.0,541.0,0.5,0.5396189024911081,0.0082577928191121,0.5472371053016819,0.0064609972151376,1.3163636363636364,0.0563343032175624,0.0039469795301556,0.0010217353275609,0.0792378049822161,0.0165155856382243,0.0259045287966728,0.0219575492665171,0.5337116333700307,0.5455261716121855,0.5426151863244928,0.551859024278871,1.276064503514927,1.356662769212346,0.0032160741075292,0.004677884952782,0.0674232667400612,0.0910523432243709,,Adult cell types,adult_celltype__at2_cell,Adult cell types,AT2 cell
,ZJU_HCL_adult_celltype,AT2 cell,dorothea_ab,formal_abs,spearman,10,541.0,541.0,0.5,0.5285669380656757,0.0084934140489744,0.539394723282623,0.0065547955441195,1.3163636363636364,0.0681380330790554,0.0025475388392806,0.0005985701242438,0.0571338761313512,0.0169868280979489,0.021234605461359,0.0186870666220784,0.5224911156706272,0.5346427604607241,0.5347057050230298,0.5440837415422161,1.2676206238425092,1.3651066488847636,0.0021193475672058,0.0029757301113553,0.0449822313412542,0.0692855209214482,,Adult cell types,adult_celltype__at2_cell,Adult cell types,AT2 cell
,ZJU_HCL_adult_celltype,AT2 cell,trrust,formal_abs,codetection_odds_ratio,10,334.0,334.0,0.5,0.5955201871705691,0.0173785145682969,0.622554424616652,0.0191716455334568,1.6176470588235294,0.1622837780122239,0.0581502079963684,0.0151887959035949,0.191040374341138,0.0347570291365938,1.2583751678466797,1.2002249598503112,0.5830883467589405,0.6079520275821977,0.6088398555858189,0.6362689936474851,1.5015562374984108,1.733737880148648,0.0472847979536276,0.0690156180391091,0.1661766935178809,0.2159040551643952,,Adult cell types,adult_celltype__at2_cell,Adult cell types,AT2 cell
,ZJU_HCL_adult_celltype,AT2 cell,trrust,formal_abs,coexpression_probability,10,334.0,334.0,0.5,0.526607712718276,0.0028533718849593,0.5211411214725834,0.0016333981123765,1.1294117647058823,0.0372032665902162,0.0009389351587742,0.0001813935728768,0.053215425436552,0.0057067437699187,0.0136449607089161,0.0127060255501419,0.5245665334351194,0.5286488920014326,0.5199726588527249,0.5223095840924419,1.1027981510265763,1.1560253783851882,0.0008091740137213,0.0010686963038271,0.0491330668702388,0.0572977840028652,,Adult cell types,adult_celltype__at2_cell,Adult cell types,AT2 cell
,ZJU_HCL_adult_celltype,AT2 cell,trrust,formal_abs,mutual_information,10,334.0,334.0,0.5,0.5779119903904766,0.0123670477084591,0.591943506681041,0.0116520292703458,1.4411764705882353,0.0887782856680138,0.0001463508902816,2.572187473212008e-05,0.155823980780953,0.0247340954169183,0.000360986101441,0.0002146352111594,0.5690651374059854,0.5867588433749678,0.5836081470741376,0.6002788662879445,1.3776683108369914,1.5046846303394792,0.0001279505695579,0.0001647512110052,0.1381302748119706,0.1735176867499354,,Adult cell types,adult_celltype__at2_cell,Adult cell types,AT2 cell
,ZJU_HCL_adult_celltype,AT2 cell,trrust,formal_abs,pearson,10,334.0,334.0,0.5,0.5959764602531463,0.011685272712779,0.6121379180127924,0.0110798687031509,1.535294117647059,0.0852433926246436,0.0087244746275246,0.0011579863539622,0.1919529205062928,0.0233705454255581,0.0326975230127573,0.0239730483852326,0.5876173197201207,0.604335600786172,0.6042118574189456,0.6200639786066392,1.4743146680461936,1.5962735672479242,0.0078961010922188,0.0095528481628303,0.1752346394402415,0.2086712015723441,,Adult cell types,adult_celltype__at2_cell,Adult cell types,AT2 cell
,ZJU_HCL_adult_celltype,AT2 cell,trrust,formal_abs,spearman,10,334.0,334.0,0.5,0.5858093692853814,0.0132596534074727,0.6010950776852148,0.0135489210854193,1.4588235294117649,0.0774447751299274,0.0063299157656729,0.0013677118206956,0.1716187385707626,0.0265193068149455,0.0263903513550758,0.0200604355894029,0.5763239846498083,0.5952947539209545,0.5914027634185536,0.6107873919518759,1.4034228746926272,1.5142241841309023,0.0053515136693853,0.0073083178619605,0.1526479692996163,0.190589507841909,,Adult cell types,adult_celltype__at2_cell,Adult cell types,AT2 cell
,ZJU_HCL_adult_celltype,AT2 cell,trrust_dorothea_intersection,formal_abs,codetection_odds_ratio,10,157.0,157.0,0.5,0.5906588502576169,0.0205158920237634,0.6101941164596985,0.0199898586507412,1.4875,0.2598744354918779,0.054405665397644,0.0157636406130247,0.1813177005152338,0.0410317840475269,1.2588528394699097,1.2044471740722655,0.5759826652166404,0.6053350352985933,0.5958942330248749,0.624493999894522,1.301597027890359,1.673402972109641,0.0431290362221623,0.0656822945731257,0.1519653304332808,0.2106700705971869,,Adult cell types,adult_celltype__at2_cell,Adult cell types,AT2 cell
,ZJU_HCL_adult_celltype,AT2 cell,trrust_dorothea_intersection,formal_abs,coexpression_probability,10,157.0,157.0,0.5,0.5171365978335836,0.0034273213382211,0.5123913945257115,0.0016828440914445,1.0125,0.0395284707521047,0.0010132393799722,0.000437769445801,0.034273195667167,0.0068546426764423,0.0147257493808865,0.0137125100009143,0.5146848398453684,0.5195883558217987,0.5111875603832552,0.5135952286681678,0.9842230354657376,1.0407769645342624,0.0007000779837034,0.001326400776241,0.0293696796907367,0.0391767116435972,,Adult cell types,adult_celltype__at2_cell,Adult cell types,AT2 cell
,ZJU_HCL_adult_celltype,AT2 cell,trrust_dorothea_intersection,formal_abs,mutual_information,10,157.0,157.0,0.5,0.5758610896993793,0.0153016888551671,0.5895867672414294,0.0173849690368861,1.5,0.0589255650988789,0.0001605982455657,2.990831323332169e-05,0.1517221793987586,0.0306033777103342,0.0003918635193258,0.00023126527376,0.564914920904098,0.5868072584946606,0.5771503095811213,0.6020232249017375,1.457847190069359,1.542152809930641,0.0001392031271489,0.0001819933639826,0.1298298418081959,0.1736145169893212,,Adult cell types,adult_celltype__at2_cell,Adult cell types,AT2 cell
,ZJU_HCL_adult_celltype,AT2 cell,trrust_dorothea_intersection,formal_abs,pearson,10,157.0,157.0,0.5,0.6043490608138262,0.0126809857598803,0.6258357721546258,0.0153401553210451,1.6375,0.0395284707521047,0.0113782715052366,0.0020607810638596,0.2086981216276522,0.0253619715197608,0.0367148891091346,0.025336617603898,0.5952776300762096,0.6134204915514428,0.6148620861073311,0.6368094582019206,1.6092230354657375,1.6657769645342624,0.0099040775395483,0.0128524654709249,0.1905552601524188,0.2268409831028855,,Adult cell types,adult_celltype__at2_cell,Adult cell types,AT2 cell
,ZJU_HCL_adult_celltype,AT2 cell,trrust_dorothea_intersection,formal_abs,spearman,10,157.0,157.0,0.5,0.5848837681041827,0.0158757495769155,0.5975830388547526,0.0164554912486061,1.325,0.0874007373475126,0.0077148551121354,0.0019961460562113,0.1697675362083654,0.0317514991538311,0.0286691077053546,0.0209542525932192,0.5735269410071626,0.5962405952012029,0.58581148954922,0.6093545881602852,1.26247727895311,1.38752272104689,0.0062868982455346,0.0091428119787361,0.1470538820143251,0.1924811904024057,,Adult cell types,adult_celltype__at2_cell,Adult cell types,AT2 cell
,ZJU_HCL_adult_celltype,AT2 cell,trrust_dorothea_union,formal_abs,codetection_odds_ratio,10,718.0,718.0,0.5,0.5594966480707009,0.0075322235978796,0.5790476568853982,0.0094402327222563,1.4416666666666669,0.0634107172898664,0.0370345950126647,0.0055382572028757,0.1189932961414017,0.0150644471957592,1.220366895198822,1.183332300186157,0.5541084199027787,0.564884876238623,0.5722945212137326,0.5858007925570637,1.3963053721419545,1.4870279611913788,0.033072764475646,0.0409964255496835,0.1082168398055575,0.129769752477246,,Adult cell types,adult_celltype__at2_cell,Adult cell types,AT2 cell
,ZJU_HCL_adult_celltype,AT2 cell,trrust_dorothea_union,formal_abs,coexpression_probability,10,718.0,718.0,0.5,0.5144651849380436,0.0017527641185126,0.5110954333119213,0.0006995150787084,1.0166666666666666,0.019422386077225,0.0004052957519888,0.0001714800271065,0.0289303698760872,0.0035055282370253,0.0110105373896658,0.0106052416376769,0.5132113330213597,0.5157190368547275,0.5105950303695492,0.5115958362542934,1.002772728656247,1.0305606046770863,0.0002826263303652,0.0005279651736124,0.0264226660427194,0.031438073709455,,Adult cell types,adult_celltype__at2_cell,Adult cell types,AT2 cell
,ZJU_HCL_adult_celltype,AT2 cell,trrust_dorothea_union,formal_abs,mutual_information,10,718.0,718.0,0.5,0.5470200223461953,0.0064181622128828,0.5546105202887636,0.0045864592706926,1.2944444444444445,0.0457373667971425,6.817411194788292e-05,1.1506709492698283e-05,0.0940400446923906,0.0128363244257657,0.0002573829842731,0.0001892088723252,0.5424287456836857,0.5516112990087049,0.5513295649756034,0.5578914756019238,1.2617259032460226,1.3271629856428664,5.994270784749118e-05,7.640551604827465e-05,0.0848574913673714,0.1032225980174098,,Adult cell types,adult_celltype__at2_cell,Adult cell types,AT2 cell
,ZJU_HCL_adult_celltype,AT2 cell,trrust_dorothea_union,formal_abs,pearson,10,718.0,718.0,0.5,0.5579911895469464,0.007960283774884,0.5676848615013064,0.0052418468204175,1.325,0.0571529606000406,0.0052235003560781,0.0009890840849533,0.1159823790938927,0.0159205675497681,0.0267335381358861,0.021510037779808,0.5522967455752409,0.5636856335186519,0.5639350701783752,0.5714346528242376,1.2841152349391256,1.3658847650608743,0.004515952225339,0.0059310484868172,0.1045934911504817,0.1273712670373038,,Adult cell types,adult_celltype__at2_cell,Adult cell types,AT2 cell
,ZJU_HCL_adult_celltype,AT2 cell,trrust_dorothea_union,formal_abs,spearman,10,718.0,718.0,0.5,0.5488459315182223,0.0073218667280591,0.562383225822765,0.0057192783186958,1.347222222222222,0.0657994000164439,0.0030372342094779,0.0005945575496803,0.0976918630364444,0.0146437334561183,0.0215268963947892,0.0184896621853113,0.5436081835898408,0.5540836794466037,0.5582919005804211,0.5664745510651089,1.300152167012923,1.3942922774315212,0.0026119133603277,0.003462555058628,0.0872163671796814,0.1081673588932074,,Adult cell types,adult_celltype__at2_cell,Adult cell types,AT2 cell
,ZJU_HCL_adult_celltype,Endothelial cell,dorothea_ab,formal_abs,codetection_odds_ratio,10,787.0,787.0,0.5,0.5405251958041167,0.0078800903604384,0.5427609247550922,0.0104671935135182,1.2556962025316456,0.0708056606359596,0.0241542339324951,0.0056267438157825,0.0810503916082335,0.0157601807208769,1.2952536344528198,1.2710994005203249,0.5348881187452468,0.5461622728629867,0.535273145589255,0.5502487039209294,1.2050448842151775,1.3063475208481137,0.0201291038858491,0.028179363979141,0.0697762374904936,0.0923245457259734,,Adult cell types,adult_celltype__endothelial_cell,Adult cell types,Endothelial cell
,ZJU_HCL_adult_celltype,Endothelial cell,dorothea_ab,formal_abs,coexpression_probability,10,787.0,787.0,0.5,0.5028187558628217,0.0006997311685497,0.5030977601560347,0.0003161713366583,1.0126582278481011,0.0,-0.00044467728585,0.0002481514254464,0.0056375117256433,0.0013994623370993,0.0304734501987695,0.0309181274846196,0.5023181983390893,0.503319313386554,0.5028715848068919,0.5033239355051775,1.0126582278481011,1.0126582278481011,-0.0006221941217651,-0.0002671604499349,0.0046363966781787,0.0066386267731079,,Adult cell types,adult_celltype__endothelial_cell,Adult cell types,Endothelial cell
,ZJU_HCL_adult_celltype,Endothelial cell,dorothea_ab,formal_abs,mutual_information,10,787.0,787.0,0.5,0.5239974877657746,0.0052305721121287,0.5257580556560841,0.0048088256620328,1.1873417721518986,0.0700472775339988,9.756473591551184e-05,2.7412718181533308e-05,0.047994975531549,0.0104611442242575,0.0007271310314536,0.000629566295538,0.5202557618832804,0.5277392136482688,0.522318029009227,0.5291980823029413,1.1372329684247762,1.237450575879021,7.795485865342034e-05,0.0001171746131776,0.0405115237665605,0.0554784272965375,,Adult cell types,adult_celltype__endothelial_cell,Adult cell types,Endothelial cell
,ZJU_HCL_adult_celltype,Endothelial cell,dorothea_ab,formal_abs,pearson,10,787.0,787.0,0.5,0.5242366020901917,0.0036851835568046,0.528125614250494,0.0037659810192684,1.2379746835443035,0.0421096200839651,0.0037517793476581,0.0006297029175387,0.0484732041803836,0.0073703671136093,0.0439831316471099,0.0402313522994518,0.5216003805831286,0.5268728235972548,0.525431593720674,0.5308196347803139,1.2078512760102005,1.2680980910784072,0.0033013170168983,0.0042022416784179,0.0432007611662574,0.0537456471945098,,Adult cell types,adult_celltype__endothelial_cell,Adult cell types,Endothelial cell
,ZJU_HCL_adult_celltype,Endothelial cell,dorothea_ab,formal_abs,spearman,10,787.0,787.0,0.5,0.5310601596140588,0.0055958259495335,0.5284057967892317,0.005203967561118,1.1493670886075948,0.0633754712422568,0.0035188287496566,0.0007094070101199,0.0621203192281176,0.0111916518990669,0.037879716604948,0.0343608878552913,0.5270571468765514,0.5350631723515663,0.5246831026560328,0.5321284909224306,1.1040310075864477,1.194703169628742,0.0030113495458362,0.0040263079534771,0.0541142937531028,0.0701263447031324,,Adult cell types,adult_celltype__endothelial_cell,Adult cell types,Endothelial cell
,ZJU_HCL_adult_celltype,Endothelial cell,trrust,formal_abs,codetection_odds_ratio,10,528.0,528.0,0.5,0.5553665203168043,0.0097331567149034,0.5688089006244559,0.0084373031021248,1.4075471698113209,0.0958784352209283,0.0318225264549255,0.0058693292135408,0.1107330406336088,0.0194663134298067,1.312489628791809,1.2806671023368836,0.5484038394440796,0.5623292011895291,0.5627732175827358,0.574844583666176,1.3389598690441031,1.4761344705785382,0.0276238612687099,0.0360211916411411,0.0968076788881592,0.1246584023790584,,Adult cell types,adult_celltype__endothelial_cell,Adult cell types,Endothelial cell
,ZJU_HCL_adult_celltype,Endothelial cell,trrust,formal_abs,coexpression_probability,10,528.0,528.0,0.5,0.5102554307277318,0.0008359398788531,0.5121499734739403,0.0004289949807395,1.079245283018868,0.019486708660163,0.0009024326689541,0.0003696651001163,0.0205108614554637,0.0016718797577063,0.0273999478667974,0.0264975151978433,0.509657435362433,0.5108534260930306,0.5118430889518493,0.5124568579960314,1.0653053314045344,1.0931852346332014,0.0006379901866962,0.001166875151212,0.0193148707248662,0.0217068521860612,,Adult cell types,adult_celltype__endothelial_cell,Adult cell types,Endothelial cell
,ZJU_HCL_adult_celltype,Endothelial cell,trrust,formal_abs,mutual_information,10,528.0,528.0,0.5,0.539751743285124,0.0058151315387168,0.5507119357878099,0.0038967458529865,1.3358490566037735,0.0568130303931382,0.0001422281144186,3.392950483159206e-05,0.0795034865702479,0.0116302630774336,0.0007183527341112,0.0005761246196925,0.5355918487798803,0.5439116377903677,0.547924371731134,0.5534994998444858,1.2952074629639487,1.3764906502435983,0.0001179564088218,0.0001664998200155,0.0711836975597605,0.0878232755807353,,Adult cell types,adult_celltype__endothelial_cell,Adult cell types,Endothelial cell
,ZJU_HCL_adult_celltype,Endothelial cell,trrust,formal_abs,pearson,10,528.0,528.0,0.5,0.5379921372819101,0.0038155440163496,0.5509478443648951,0.0029612005662178,1.3358490566037735,0.0364562937011054,0.0039536779746413,0.0008337571019726,0.07598427456382,0.0076310880326992,0.043349590152502,0.0393959121778607,0.5352626615198484,0.5407216130439718,0.5488295290899404,0.5530661596398497,1.3097697951392524,1.3619283180682946,0.0033572440738582,0.0045501118754244,0.0705253230396965,0.0814432260879435,,Adult cell types,adult_celltype__endothelial_cell,Adult cell types,Endothelial cell
,ZJU_HCL_adult_celltype,Endothelial cell,trrust,formal_abs,spearman,10,528.0,528.0,0.5,0.5448608958907254,0.0060184241013685,0.5555783432779312,0.0044111685228157,1.2754716981132077,0.0428412235620789,0.0047664916142821,0.0010678530522611,0.0897217917814508,0.012036848202737,0.0379015281796455,0.0331350365653634,0.54055557464686,0.5491662171345908,0.5524227834118144,0.558733903144048,1.2448249329786163,1.306118463247799,0.0040025955588045,0.0055303876697596,0.0811111492937201,0.0983324342691816,,Adult cell types,adult_celltype__endothelial_cell,Adult cell types,Endothelial cell
,ZJU_HCL_adult_celltype,Endothelial cell,trrust_dorothea_intersection,formal_abs,codetection_odds_ratio,10,242.0,242.0,0.5,0.5460282767570521,0.0087713947462721,0.5392587398995542,0.0105991282108749,1.176,0.075894663844041,0.0313375115394592,0.0051975468615414,0.0920565535141042,0.0175427894925442,1.316796898841858,1.2854593873023987,0.5397535989504703,0.552302954563634,0.5316765803368281,0.5468408994622803,1.121708228094216,1.2302917719057838,0.0276194104980434,0.035055612580875,0.0795071979009404,0.1046059091272679,,Adult cell types,adult_celltype__endothelial_cell,Adult cell types,Endothelial cell
,ZJU_HCL_adult_celltype,Endothelial cell,trrust_dorothea_intersection,formal_abs,coexpression_probability,10,242.0,242.0,0.5,0.5017561983471074,0.0016298975311742,0.5046384767192904,0.0006260745757327,1.048,0.025298221281347,-0.0002550350502133,0.0006191905224625,0.0035123966942149,0.0032597950623485,0.027596129104495,0.0278511641547083,0.5005902398921869,0.5029221568020279,0.5041906099478987,0.5050863434906822,1.029902742698072,1.066097257301928,-0.0006979772665572,0.0001879071661305,0.0011804797843737,0.005844313604056,,Adult cell types,adult_celltype__endothelial_cell,Adult cell types,Endothelial cell
,ZJU_HCL_adult_celltype,Endothelial cell,trrust_dorothea_intersection,formal_abs,mutual_information,10,242.0,242.0,0.5,0.5335436445597979,0.0071035810227764,0.5258126570710772,0.0057617905937162,1.176,0.0539958846168441,0.000193187512923,3.490902941562949e-05,0.0670872891195956,0.0142071620455528,0.0008111939532682,0.0006180064403451,0.5284620488181611,0.5386252403014347,0.5216909203792096,0.5299343937629447,1.1373736710463225,1.2146263289536776,0.0001682150976504,0.0002181599281956,0.0569240976363221,0.0772504806028691,,Adult cell types,adult_celltype__endothelial_cell,Adult cell types,Endothelial cell
,ZJU_HCL_adult_celltype,Endothelial cell,trrust_dorothea_intersection,formal_abs,pearson,10,242.0,242.0,0.5,0.5326856089064955,0.0050883534685767,0.5308936795910346,0.0053075409295684,1.216,0.0337309617084627,0.0046009492129087,0.0010320560444741,0.0653712178129909,0.0101767069371534,0.0446187835186719,0.0400178343057632,0.5290456201128214,0.5363255977001696,0.5270968935334419,0.5346904656486273,1.1918703235974293,1.2401296764025709,0.003862660794164,0.0053392376316534,0.0580912402256427,0.0726511954003391,,Adult cell types,adult_celltype__endothelial_cell,Adult cell types,Endothelial cell
,ZJU_HCL_adult_celltype,Endothelial cell,trrust_dorothea_intersection,formal_abs,spearman,10,242.0,242.0,0.5,0.5380814152038795,0.0071012818406955,0.5289818000129412,0.006096796529626,1.024,0.1239354670786373,0.0040416995063424,0.0009458287728903,0.076162830407759,0.014202563681391,0.0387053005397319,0.0346636010333895,0.5330014641980224,0.5431613662097367,0.5246204145112855,0.5333431855145968,0.9353419077328392,1.112658092267161,0.0033650943618066,0.0047183046508781,0.0660029283960448,0.0863227324194732,,Adult cell types,adult_celltype__endothelial_cell,Adult cell types,Endothelial cell
,ZJU_HCL_adult_celltype,Endothelial cell,trrust_dorothea_union,formal_abs,codetection_odds_ratio,10,1073.0,1073.0,0.5,0.5454205096892374,0.004358957316132,0.5520368251536588,0.0042363273876364,1.2907407407407407,0.0360464230139664,0.0250483036041259,0.0039598837560007,0.0908410193784748,0.008717914632264,1.297701716423035,1.2726534128189086,0.5423022994703899,0.5485387199080849,0.549006339101037,0.5550673112062806,1.264954683102812,1.3165267983786697,0.0222155734125014,0.0278810337957505,0.0846045989407797,0.0970774398161698,,Adult cell types,adult_celltype__endothelial_cell,Adult cell types,Endothelial cell
,ZJU_HCL_adult_celltype,Endothelial cell,trrust_dorothea_union,formal_abs,coexpression_probability,10,1073.0,1073.0,0.5,0.5064898478193463,0.0005974776103297,0.5072342310127882,0.0003799539803652,1.0333333333333334,0.011712139482105,0.0001177076250314,0.0002788080505674,0.0129796956386923,0.0011949552206594,0.0296887252479791,0.0295710176229476,0.5060624380846448,0.5069172575540477,0.5069624283089897,0.5075060337165866,1.0249549734713297,1.0417116931953372,-8.173963937712915e-05,0.00031715488944,0.0121248761692894,0.0138345151080951,,Adult cell types,adult_celltype__endothelial_cell,Adult cell types,Endothelial cell
,ZJU_HCL_adult_celltype,Endothelial cell,trrust_dorothea_union,formal_abs,mutual_information,10,1073.0,1073.0,0.5,0.5282933896392776,0.0028912807400767,0.5384223077648728,0.0029433885086861,1.251851851851852,0.0503001204628724,0.000106137804687,1.1005405850881069e-05,0.0565867792785554,0.0057825614801535,0.0007113245665095,0.0006051867618225,0.526225091994816,0.5303616872837392,0.5363167344682827,0.5405278810614629,1.21586931330849,1.287834390395214,9.826501160878455e-05,0.0001140105977652,0.0524501839896322,0.0607233745674786,,Adult cell types,adult_celltype__endothelial_cell,Adult cell types,Endothelial cell
,ZJU_HCL_adult_celltype,Endothelial cell,trrust_dorothea_union,formal_abs,pearson,10,1073.0,1073.0,0.5,0.5297846228141565,0.0032066060864525,0.5392674686491524,0.0034209345237842,1.2907407407407407,0.0494212812376495,0.0035463158041238,0.0005929059597531,0.059569245628313,0.0064132121729051,0.0433119423687458,0.0397656265646219,0.5274907550055431,0.5320784906227699,0.5368202795127518,0.541714657785553,1.255386885906364,1.3260945955751176,0.003122176431234,0.0039704551770137,0.0549815100110862,0.0641569812455398,,Adult cell types,adult_celltype__endothelial_cell,Adult cell types,Endothelial cell
,ZJU_HCL_adult_celltype,Endothelial cell,trrust_dorothea_union,formal_abs,spearman,10,1073.0,1073.0,0.5,0.5355955595663794,0.0035389119368414,0.5422988045947443,0.0036516101292874,1.2351851851851852,0.0486441686539395,0.0037028592079877,0.0003849790769494,0.0711911191327587,0.007077823873683,0.0372420698404312,0.0335392106324434,0.5330639744728018,0.5381271446599569,0.5396866000709122,0.5449110091185765,1.200387243204268,1.2699831271661024,0.0034274617666447,0.0039782566493308,0.0661279489456036,0.0762542893199138,,Adult cell types,adult_celltype__endothelial_cell,Adult cell types,Endothelial cell
,ZJU_HCL_adult_celltype,Enterocyte,dorothea_ab,formal_abs,codetection_odds_ratio,10,168.0,168.0,0.5,0.5268087443310657,0.0156141859017229,0.554396754861866,0.0112042423155555,1.3294117647058823,0.1668395873426089,0.007936668395996,0.0236496599152971,0.0536174886621315,0.0312283718034459,1.90141361951828,1.893476951122284,0.5156390286154409,0.5379784600466906,0.5463817227454673,0.5624117869782648,1.2100619137140698,1.4487616156976952,-0.0089812791478414,0.0248546159398336,0.0312780572308818,0.0759569200933811,,Adult cell types,adult_celltype__enterocyte,Adult cell types,Enterocyte
,ZJU_HCL_adult_celltype,Enterocyte,dorothea_ab,formal_abs,coexpression_probability,10,168.0,168.0,0.5,0.5101757369614512,0.003621581386935,0.5112829334447763,0.0034806400771451,0.9764705882352942,0.0568289284164291,0.0007960311137139,0.0009485372746177,0.0203514739229024,0.00724316277387,0.0201315181329846,0.0193354870192706,0.507585013705838,0.5127664602170645,0.5087930335284552,0.5137728333610974,0.9358176218347172,1.0171235546358712,0.0001174884237627,0.0014745738036652,0.0151700274116759,0.0255329204341289,,Adult cell types,adult_celltype__enterocyte,Adult cell types,Enterocyte
,ZJU_HCL_adult_celltype,Enterocyte,dorothea_ab,formal_abs,mutual_information,10,168.0,168.0,0.5,0.5158889597505668,0.0129985352595016,0.5279278801433968,0.0110742390961712,1.3294117647058823,0.1246294006436918,0.0002629814203828,0.0002264711549901,0.0317779195011337,0.0259970705190032,0.0028142938390374,0.0025513124186545,0.5065903677854143,0.5251875517157193,0.5200058467277807,0.5358499135590128,1.2402572622706876,1.4185662671410777,0.0001009737156615,0.0004249891251041,0.0131807355708287,0.0503751034314388,,Adult cell types,adult_celltype__enterocyte,Adult cell types,Enterocyte
,ZJU_HCL_adult_celltype,Enterocyte,dorothea_ab,formal_abs,pearson,10,168.0,168.0,0.5,0.5105052437641724,0.0139274322251521,0.5336484218429491,0.0110409638541871,1.3294117647058823,0.0794057126718297,0.0072667494416236,0.0061145189481945,0.0210104875283446,0.0278548644503043,0.095825333148241,0.0885585837066173,0.5005421589397234,0.5204683285886214,0.5257501921014837,0.5415466515844146,1.2726083397740036,1.3862151896377617,0.0028926860854548,0.0116408127977924,0.0010843178794466,0.0409366571772426,,Adult cell types,adult_celltype__enterocyte,Adult cell types,Enterocyte
,ZJU_HCL_adult_celltype,Enterocyte,dorothea_ab,formal_abs,spearman,10,168.0,168.0,0.5,0.5189342403628118,0.0141565029507959,0.533998890675765,0.0132487106390995,1.4,0.1169916383543238,0.0080772552639246,0.0028723555375865,0.0378684807256235,0.0283130059015917,0.0839751884341239,0.0758979331701994,0.508807288212822,0.5290611925128016,0.5245213340251178,0.5434764473264122,1.3163092235645286,1.4836907764354712,0.0060224958937609,0.0101320146340882,0.0176145764256439,0.0581223850256031,,Adult cell types,adult_celltype__enterocyte,Adult cell types,Enterocyte
,ZJU_HCL_adult_celltype,Enterocyte,trrust,formal_abs,codetection_odds_ratio,10,154.0,154.0,0.5,0.5378605161072694,0.0131400372870044,0.5532054937336592,0.0108531623497371,1.4,0.1419115530493866,0.0682919800281524,0.0317114416938076,0.0757210322145387,0.0262800745740089,1.890787601470948,1.8224956214427948,0.5284606996895364,0.5472603325250024,0.5454416090953503,0.5609693783719681,1.2984825904916664,1.5015174095083337,0.0456069812147748,0.0909769788415301,0.0569213993790727,0.0945206650500046,,Adult cell types,adult_celltype__enterocyte,Adult cell types,Enterocyte
,ZJU_HCL_adult_celltype,Enterocyte,trrust,formal_abs,coexpression_probability,10,154.0,154.0,0.5,0.5193055321302075,0.0047534152200915,0.5192827367303043,0.0023625121045106,0.9375,0.0658807845868412,0.0006922015920281,0.0005684411425538,0.0386110642604149,0.0095068304401832,0.0190355330705642,0.0183433314785361,0.5159051437256549,0.5227059205347601,0.5175926973809462,0.5209727760796625,0.8903717257762294,0.9846282742237706,0.0002855632950746,0.0010988398889816,0.0318102874513097,0.0454118410695201,,Adult cell types,adult_celltype__enterocyte,Adult cell types,Enterocyte
,ZJU_HCL_adult_celltype,Enterocyte,trrust,formal_abs,mutual_information,10,154.0,154.0,0.5,0.5250927643784786,0.0095974015384185,0.5332986957214731,0.0061477020169869,1.1625,0.1564581946293215,0.0005994251929223,0.0002130248047687,0.0501855287569573,0.019194803076837,0.002976895077154,0.0023774698842316,0.5182271969087711,0.5319583318481862,0.5289008946278829,0.5376964968150634,1.0505765499790432,1.274423450020957,0.0004470364276918,0.0007518139581528,0.0364543938175422,0.0639166636963724,,Adult cell types,adult_celltype__enterocyte,Adult cell types,Enterocyte
,ZJU_HCL_adult_celltype,Enterocyte,trrust,formal_abs,pearson,10,154.0,154.0,0.5,0.5220863552032383,0.0095927969158326,0.5398077130265558,0.0070820751083154,1.3625,0.0709557765246933,0.0111055597662925,0.0024715572650009,0.0441727104064766,0.0191855938316653,0.0971864163875579,0.0860808566212654,0.5152240816820969,0.5289486287243798,0.5347415016893475,0.5448739243637641,1.3117412952458332,1.413258704754167,0.0093375142083168,0.0128736053242682,0.0304481633641937,0.0578972574487595,,Adult cell types,adult_celltype__enterocyte,Adult cell types,Enterocyte
,ZJU_HCL_adult_celltype,Enterocyte,trrust,formal_abs,spearman,10,154.0,154.0,0.5,0.5234862540057346,0.0109080193170057,0.5376900073423676,0.0078310468077012,1.325,0.1467234738471584,0.0086727514863014,0.0034367252506672,0.046972508011469,0.0218160386340115,0.0823758505284786,0.0737030990421772,0.5156831270570504,0.5312893809544187,0.5320880139276407,0.5432920007570945,1.2200403497180836,1.4299596502819163,0.0062142663443749,0.0111312366282278,0.0313662541141008,0.0625787619088373,,Adult cell types,adult_celltype__enterocyte,Adult cell types,Enterocyte
,ZJU_HCL_adult_celltype,Enterocyte,trrust_dorothea_intersection,formal_abs,codetection_odds_ratio,10,57.0,57.0,0.5,0.6053554939981532,0.0292765693661576,0.6019200086022491,0.0196231309924432,1.3666666666666667,0.105409255338946,0.1820644378662109,0.069359452755375,0.2107109879963065,0.0585531387323153,2.0013253688812256,1.8192609310150147,0.5844122979194728,0.6262986900768337,0.5878824663303929,0.6159575508741054,1.2912614279086336,1.4420719054246998,0.1324476743445622,0.2316812013878596,0.1688245958389457,0.2525973801536674,,Adult cell types,adult_celltype__enterocyte,Adult cell types,Enterocyte
,ZJU_HCL_adult_celltype,Enterocyte,trrust_dorothea_intersection,formal_abs,coexpression_probability,10,57.0,57.0,0.5,0.5252693136349647,0.0093121608969362,0.5360183772729008,0.0089890893342939,1.1666666666666663,0.1756820922315765,0.0020766032859683,0.002194330536927,0.0505386272699292,0.0186243217938724,0.0230733733624219,0.0209967700764536,0.5186077950279998,0.5319308322419295,0.5295879701393891,0.5424487844064125,1.0409912687366114,1.2923420645967216,0.0005068737824348,0.0036463327895017,0.0372155900559995,0.0638616644838588,,Adult cell types,adult_celltype__enterocyte,Adult cell types,Enterocyte
,ZJU_HCL_adult_celltype,Enterocyte,trrust_dorothea_intersection,formal_abs,mutual_information,10,57.0,57.0,0.5,0.5727916281932902,0.0197554617030135,0.5888357349597376,0.0167911167532066,1.5333333333333334,0.1721325931647741,0.0014609546400606,0.0004280664872448,0.1455832563865804,0.039510923406027,0.0042429557070136,0.0027820010669529,0.558659422233758,0.5869238341528225,0.5768240936316753,0.6008473762877999,1.4101970940733877,1.6564695725932792,0.0011547343222031,0.0017671749579181,0.1173188444675159,0.173847668305645,,Adult cell types,adult_celltype__enterocyte,Adult cell types,Enterocyte
,ZJU_HCL_adult_celltype,Enterocyte,trrust_dorothea_intersection,formal_abs,pearson,10,57.0,57.0,0.5,0.5768851954447523,0.0205242888774935,0.5978682860090616,0.0201012613222602,1.8666666666666667,0.172132593164774,0.0283276095986366,0.0145756024778282,0.1537703908895044,0.041048577754987,0.1178588271141052,0.0895312175154686,0.5622030036564717,0.5915673872330328,0.5834887099038254,0.6122478621142978,1.7435304274067212,1.989802905926612,0.0179008517077027,0.0387543674895705,0.1244060073129433,0.1831347744660655,,Adult cell types,adult_celltype__enterocyte,Adult cell types,Enterocyte
,ZJU_HCL_adult_celltype,Enterocyte,trrust_dorothea_intersection,formal_abs,spearman,10,57.0,57.0,0.5,0.5749153585718683,0.0205613856569578,0.5897573924741623,0.0187137356271117,1.7333333333333332,0.2629368792488718,0.017148819565773,0.0091174519847809,0.1498307171437365,0.0411227713139155,0.0947094559669494,0.0775606364011764,0.5602066293462094,0.5896240877975272,0.5763703924571372,0.6031443924911873,1.5452396209330352,1.921427045733631,0.0106265873237689,0.023671051807777,0.1204132586924187,0.1792481755950543,,Adult cell types,adult_celltype__enterocyte,Adult cell types,Enterocyte
,ZJU_HCL_adult_celltype,Enterocyte,trrust_dorothea_union,formal_abs,codetection_odds_ratio,10,265.0,265.0,0.5,0.5171370594517622,0.0148007638800967,0.540524641358035,0.0103070461810084,1.288888888888889,0.086947243761279,0.0031003475189208,0.0293615147733012,0.0342741189035244,0.0296015277601935,1.8731077909469604,1.87000744342804,0.5065492307967616,0.5277248881067629,0.5331514246924786,0.5478978580235915,1.2266905776107162,1.3510872001670615,-0.0179036148433886,0.0241043098812304,0.0130984615935231,0.0554497762135256,,Adult cell types,adult_celltype__enterocyte,Adult cell types,Enterocyte
,ZJU_HCL_adult_celltype,Enterocyte,trrust_dorothea_union,formal_abs,coexpression_probability,10,265.0,265.0,0.5,0.510563189747241,0.0042891250547552,0.5107480505889339,0.0025266382015473,0.9037037037037036,0.0312323719522802,0.000553761050105,0.0005037538063135,0.021126379494482,0.0085782501095104,0.0190355330705642,0.0184817720204591,0.5074949345188277,0.5136314449756544,0.5089406025026134,0.5125554986752544,0.8813614107383606,0.9260459966690467,0.0001933972858588,0.0009141248143513,0.0149898690376553,0.0272628899513087,,Adult cell types,adult_celltype__enterocyte,Adult cell types,Enterocyte
,ZJU_HCL_adult_celltype,Enterocyte,trrust_dorothea_union,formal_abs,mutual_information,10,265.0,265.0,0.5,0.5116347454610182,0.0115096572835332,0.5224217724479193,0.0089864925971866,1.2,0.0840957351403773,0.0003379698377102,0.0001843407332682,0.0232694909220363,0.0230193145670664,0.0026578493416309,0.0023198795039206,0.5034012326380953,0.519868258283941,0.5159932229082301,0.5288503219876085,1.1398415351061726,1.260158464893827,0.0002061004211184,0.000469839254302,0.0068024652761906,0.0397365165678819,,Adult cell types,adult_celltype__enterocyte,Adult cell types,Enterocyte
,ZJU_HCL_adult_celltype,Enterocyte,trrust_dorothea_union,formal_abs,pearson,10,265.0,265.0,0.5,0.5067483090067639,0.0122505600894136,0.5272955215626529,0.0103140277069331,1.222222222222222,0.0390404649403503,0.0055714428424835,0.0021815946098817,0.0134966180135279,0.0245011201788272,0.0920367613434791,0.0864653185009956,0.4979847862450149,0.5155118317685129,0.5199173106143121,0.5346737325109937,1.1942943560155432,1.250150088428901,0.0040108240723157,0.0071320616126513,-0.00403042750997,0.0310236635370259,,Adult cell types,adult_celltype__enterocyte,Adult cell types,Enterocyte
,ZJU_HCL_adult_celltype,Enterocyte,trrust_dorothea_union,formal_abs,spearman,10,265.0,265.0,0.5,0.5138996084015665,0.0118590073130242,0.5274987028872125,0.0098976708903811,1.288888888888889,0.0517930295392667,0.008152612298727,0.0030701693300203,0.0277992168031327,0.0237180146260485,0.0814983248710632,0.0733457125723362,0.5054161856224525,0.5223830311806804,0.5204183356629325,0.5345790701114924,1.251838387527769,1.325939390250009,0.0059563454660531,0.0103488791314008,0.0108323712449048,0.0447660623613607,,Adult cell types,adult_celltype__enterocyte,Adult cell types,Enterocyte
,ZJU_HCL_adult_celltype,Epithelial cell,dorothea_ab,formal_abs,codetection_odds_ratio,10,476.0,476.0,0.5,0.5142846109031848,0.008537004007441,0.4970324287352038,0.0062663463714949,0.8416666666666666,0.078074829569751,0.0145794212818145,0.0099698579549432,0.0285692218063695,0.0170740080148821,1.4727487564086914,1.4581693351268767,0.508177606130317,0.5203916156760525,0.4925497545832641,0.5015151028871436,0.7858152981528751,0.897518035180458,0.0074474145423797,0.0217114280212494,0.016355212260634,0.0407832313521051,,Adult cell types,adult_celltype__epithelial_cell,Adult cell types,Epithelial cell
,ZJU_HCL_adult_celltype,Epithelial cell,dorothea_ab,formal_abs,coexpression_probability,10,476.0,476.0,0.5,0.5052516594873243,0.0021023441482075,0.5073862034338517,0.0013995628671336,1.0291666666666666,0.0622680882540552,0.0009476710110902,0.0004130002439633,0.0105033189746486,0.004204688296415,0.027184173464775,0.0262365024536848,0.5037477330822151,0.5067555858924335,0.5063850164715328,0.5083873903961705,0.984622759713664,1.0737105736196693,0.0006522284344109,0.0012431135877695,0.0074954661644301,0.0135111717848671,,Adult cell types,adult_celltype__epithelial_cell,Adult cell types,Epithelial cell
,ZJU_HCL_adult_celltype,Epithelial cell,dorothea_ab,formal_abs,mutual_information,10,476.0,476.0,0.5,0.4958203869783207,0.0077655543672144,0.5022960868830142,0.0042572947066099,1.0125,0.0395284707521047,-5.467177834361792e-05,7.243730566918554e-05,-0.0083592260433585,0.0155311087344288,0.0013064455706626,0.0013611173490062,0.4902652440331837,0.5013755299234578,0.4992506017139654,0.505341572052063,0.9842230354657376,1.0407769645342624,-0.0001064903052026,-2.853251484568631e-06,-0.0194695119336325,0.0027510598469154,,Adult cell types,adult_celltype__epithelial_cell,Adult cell types,Epithelial cell
,ZJU_HCL_adult_celltype,Epithelial cell,dorothea_ab,formal_abs,pearson,10,476.0,476.0,0.5,0.5031499364451663,0.009448762256512,0.5116158896850973,0.0059478493412651,1.0916666666666666,0.0263523138347365,-0.0007926616817712,0.0016269181140728,0.0062998728903326,0.0188975245130241,0.053781259804964,0.0545739214867353,0.4963906991122663,0.5099091737780662,0.5073610545832578,0.5158707247869369,1.0728153569771584,1.1105179763561748,-0.0019564887900926,0.00037116542655,-0.0072186017754672,0.0198183475561324,,Adult cell types,adult_celltype__epithelial_cell,Adult cell types,Epithelial cell
,ZJU_HCL_adult_celltype,Epithelial cell,dorothea_ab,formal_abs,spearman,10,476.0,476.0,0.5,0.4894167961302168,0.0090105327625309,0.5019326573643503,0.0049514868748707,0.9208333333333332,0.0131761569173682,-0.0008961800485849,0.0010980232885452,-0.0211664077395664,0.0180210655250618,0.0493145678192377,0.0502107478678226,0.4829710492922284,0.4958625429682052,0.498390577033678,0.5054747376950226,0.9114076784885792,0.9302589881780872,-0.0016816585909425,-0.0001107015062273,-0.0340579014155432,-0.0082749140635895,,Adult cell types,adult_celltype__epithelial_cell,Adult cell types,Epithelial cell
,ZJU_HCL_adult_celltype,Epithelial cell,trrust,formal_abs,codetection_odds_ratio,10,310.0,310.0,0.5,0.5364854318418314,0.0116124909456001,0.5356733525235844,0.0109123831325549,1.0903225806451613,0.1156101510169084,0.0311059832572937,0.0271186017195589,0.0729708636836628,0.0232249818912002,1.4794970154762268,1.448391032218933,0.5281783562485847,0.5447925074350781,0.5278671038893108,0.543479601157858,1.007620060716996,1.1730251005733263,0.0117065042374299,0.0505054622771574,0.0563567124971692,0.0895850148701564,,Adult cell types,adult_celltype__epithelial_cell,Adult cell types,Epithelial cell
,ZJU_HCL_adult_celltype,Epithelial cell,trrust,formal_abs,coexpression_probability,10,310.0,310.0,0.5,0.5117991675338189,0.0027517110099583,0.5174023792089926,0.00187149023401,1.0387096774193547,0.020401791355925,0.0031337317079305,0.0004887228811838,0.0235983350676378,0.0055034220199166,0.0272596850991249,0.0241259533911943,0.5098307120596595,0.5137676230079784,0.5160635957456707,0.5187411626723144,1.0241151150790904,1.053304239759619,0.0027841204197786,0.0034833429960824,0.019661424119319,0.0275352460159566,,Adult cell types,adult_celltype__epithelial_cell,Adult cell types,Epithelial cell
,ZJU_HCL_adult_celltype,Epithelial cell,trrust,formal_abs,mutual_information,10,310.0,310.0,0.5,0.5100130072840792,0.0093951233430798,0.5282880610529602,0.0076927171823893,1.2967741935483872,0.1195435880403209,0.0001220704172737,7.338802456064045e-05,0.0200260145681581,0.0187902466861597,0.0013847495429217,0.0012626791256479,0.5032921409183307,0.5167338736498276,0.522785022690998,0.5337910994149224,1.2112578622813943,1.38229052481538,6.95717870901185e-05,0.0001745690474574,0.0065842818366613,0.0334677472996549,,Adult cell types,adult_celltype__epithelial_cell,Adult cell types,Epithelial cell
,ZJU_HCL_adult_celltype,Epithelial cell,trrust,formal_abs,pearson,10,310.0,310.0,0.5,0.5326082206035381,0.0107187238558919,0.5478067436171082,0.0104574397695504,1.296774193548387,0.083011866948898,0.0041625127196311,0.0021270325729551,0.065216441207076,0.0214374477117839,0.0556512475013732,0.051488734781742,0.5249405074702271,0.540275933736849,0.5403259418593772,0.5552875453748393,1.2373910812504767,1.3561573058462972,0.0026409252793816,0.0056841001598807,0.0498810149404542,0.0805518674736977,,Adult cell types,adult_celltype__epithelial_cell,Adult cell types,Epithelial cell
,ZJU_HCL_adult_celltype,Epithelial cell,trrust,formal_abs,spearman,10,310.0,310.0,0.5,0.513926638917794,0.0102318929810058,0.530441951503437,0.0082578609295578,1.2258064516129032,0.1393707677076959,0.0017471754923462,0.001667106406699,0.0278532778355879,0.0204637859620115,0.0515184346586465,0.0497712591663003,0.5066071836128638,0.5212460942227242,0.5245346336590818,0.5363492693477921,1.1261066104452913,1.3255062927805152,0.0005545994113563,0.0029397515733362,0.0132143672257276,0.0424921884454481,,Adult cell types,adult_celltype__epithelial_cell,Adult cell types,Epithelial cell
,ZJU_HCL_adult_celltype,Epithelial cell,trrust_dorothea_intersection,formal_abs,codetection_odds_ratio,10,140.0,140.0,0.5,0.5426989795918368,0.0276487092951618,0.5254254946419097,0.025471076994722,0.8714285714285713,0.1710312856768378,0.0351264536380767,0.0402109470243941,0.0853979591836735,0.0552974185903237,1.4788554906845093,1.4437290370464324,0.5229202844568677,0.5624776747268059,0.5072045838116855,0.5436464054721338,0.7490801600856981,0.9937769827714446,0.0063612749892833,0.0638916322868702,0.0458405689137352,0.1249553494536117,,Adult cell types,adult_celltype__epithelial_cell,Adult cell types,Epithelial cell
,ZJU_HCL_adult_celltype,Epithelial cell,trrust_dorothea_intersection,formal_abs,coexpression_probability,10,140.0,140.0,0.5,0.5120459183673469,0.005438745197807,0.5181677890102019,0.004042468253796,1.0714285714285714,0.0752923252421043,0.0033980211243033,0.0011771091816522,0.0240918367346939,0.0108774903956141,0.0287321601063013,0.0253341389819979,0.5081552744303792,0.5159365623043146,0.5152759814277549,0.5210595965926489,1.017567686601405,1.1252894562557378,0.0025559679421482,0.0042400743064584,0.0163105488607585,0.0318731246086292,,Adult cell types,adult_celltype__epithelial_cell,Adult cell types,Epithelial cell
,ZJU_HCL_adult_celltype,Epithelial cell,trrust_dorothea_intersection,formal_abs,mutual_information,10,140.0,140.0,0.5,0.5003698979591837,0.0182910209051263,0.518077262489277,0.018500732638907,1.0,0.2776643759450142,8.261689217761158e-05,0.0001445891116982,0.0007397959183673,0.0365820418102527,0.0015326363500207,0.0014500194578431,0.4872852898377787,0.5134545060805887,0.5048426356308527,0.5313118893477012,0.8013708711307228,1.1986291288692772,-2.081592740125185e-05,0.0001860497117564,-0.0254294203244427,0.0269090121611774,,Adult cell types,adult_celltype__epithelial_cell,Adult cell types,Epithelial cell
,ZJU_HCL_adult_celltype,Epithelial cell,trrust_dorothea_intersection,formal_abs,pearson,10,140.0,140.0,0.5,0.5345663265306123,0.0217040154017029,0.547135341183925,0.0217438733981584,1.1142857142857143,0.2676851299534323,0.0024224502965807,0.0036737715716507,0.0691326530612244,0.0434080308034059,0.0571384783834219,0.0547160280868411,0.519040209226103,0.5500924438351216,0.5315807111863939,0.5626899711814561,0.9227953079527148,1.305776120618714,-0.0002056075680917,0.0050505081612533,0.038080418452206,0.1001848876702429,,Adult cell types,adult_celltype__epithelial_cell,Adult cell types,Epithelial cell
,ZJU_HCL_adult_celltype,Epithelial cell,trrust_dorothea_intersection,formal_abs,spearman,10,140.0,140.0,0.5,0.5069030612244898,0.0207889093208855,0.520944102990011,0.020151894322456,0.9857142857142858,0.2376185704738028,0.0005725109949707,0.0024395276293263,0.0138061224489795,0.041577818641771,0.0524266622960567,0.0518541513010859,0.4920315713745725,0.5217745510744071,0.5065283062184157,0.5353598997616064,0.815732200343273,1.1556963710852983,-0.0011726219419299,0.0023176439318715,-0.0159368572508549,0.0435491021488141,,Adult cell types,adult_celltype__epithelial_cell,Adult cell types,Epithelial cell
,ZJU_HCL_adult_celltype,Epithelial cell,trrust_dorothea_union,formal_abs,codetection_odds_ratio,10,646.0,646.0,0.5,0.5190603763095591,0.0058045463018219,0.5106241326547123,0.004563003848521,0.9046153846153846,0.0463244709359434,0.0142799198627471,0.0104789517075537,0.0381207526191183,0.0116090926036439,1.473627746105194,1.4593478262424469,0.5149080540266293,0.523212698592489,0.5073599563397846,0.51388830896964,0.8714768544167583,0.9377539148140108,0.0067837293916051,0.0217761103338892,0.0298161080532587,0.0464253971849779,,Adult cell types,adult_celltype__epithelial_cell,Adult cell types,Epithelial cell
,ZJU_HCL_adult_celltype,Epithelial cell,trrust_dorothea_union,formal_abs,coexpression_probability,10,646.0,646.0,0.5,0.5070166252911463,0.0015794381250873,0.5104645381246983,0.0011984503195996,1.0584615384615383,0.0485421930920993,0.0012874733656644,0.0004972217983967,0.0140332505822925,0.0031588762501746,0.0265423245728015,0.0252548512071371,0.5058867633208404,0.5081464872614523,0.5096072184121316,0.5113218578372649,1.0237365454030218,1.0931865315200548,0.0009317823183911,0.0016431644129377,0.0117735266416805,0.0162929745229045,,Adult cell types,adult_celltype__epithelial_cell,Adult cell types,Epithelial cell
,ZJU_HCL_adult_celltype,Epithelial cell,trrust_dorothea_union,formal_abs,mutual_information,10,646.0,646.0,0.5,0.4993265295363705,0.0037621412595258,0.5113312138131805,0.0026955439292781,1.116923076923077,0.0325953817068117,1.5741575043648482e-05,3.254100469517015e-05,-0.0013469409272589,0.0075242825190518,0.0013104032259434,0.0012946616508997,0.4966352558051995,0.5020178032675415,0.5094029378480728,0.5132594897782882,1.093605745516949,1.1402404083292048,-7.536857391676561e-06,3.9020007478973525e-05,-0.0067294883896008,0.0040356065350829,,Adult cell types,adult_celltype__epithelial_cell,Adult cell types,Epithelial cell
,ZJU_HCL_adult_celltype,Epithelial cell,trrust_dorothea_union,formal_abs,pearson,10,646.0,646.0,0.5,0.5112437577279568,0.0048713843337543,0.5227093609261458,0.0038264145029898,1.166153846153846,0.0551371489465256,0.0009798111394047,0.0013336213301407,0.0224875154559134,0.0097427686675088,0.053781259804964,0.0528014486655592,0.5077589793032564,0.5147285361526572,0.519972108886395,0.5254466129658967,1.1267111058804131,1.2055965864272788,2.5795910962903208e-05,0.0019338263678466,0.0155179586065127,0.0294570723053142,,Adult cell types,adult_celltype__epithelial_cell,Adult cell types,Epithelial cell
,ZJU_HCL_adult_celltype,Epithelial cell,trrust_dorothea_union,formal_abs,spearman,10,646.0,646.0,0.5,0.497259151338554,0.0049197822727395,0.5117781926987074,0.0032699890929071,1.0276923076923077,0.0546581029516891,0.0005586355924606,0.0008872141583414,-0.0054816973228919,0.009839564545479,0.0494773294776678,0.0489186938852071,0.4937397511139667,0.5007785515631412,0.5094389834187066,0.5141174019787081,0.9885922562795502,1.0667923591050652,-7.6039182767813e-05,0.001193310367689,-0.0125204977720664,0.0015571031262825,,Adult cell types,adult_celltype__epithelial_cell,Adult cell types,Epithelial cell
,ZJU_HCL_adult_celltype,Fibroblast,dorothea_ab,formal_abs,codetection_odds_ratio,10,486.0,486.0,0.5,0.5988621737878711,0.0072616773610567,0.5925186223287213,0.0098328935766005,1.346938775510204,0.0902482936151128,0.1003950953483581,0.0087918293537816,0.1977243475757421,0.0145233547221135,1.3027800917625427,1.2023849964141846,0.5936674827388397,0.6040568648369025,0.5854845940032034,0.5995526506542392,1.2823790354221976,1.4114985155982105,0.0941057995041738,0.1066843911925424,0.1873349654776794,0.2081137296738049,,Adult cell types,adult_celltype__fibroblast,Adult cell types,Fibroblast
,ZJU_HCL_adult_celltype,Fibroblast,dorothea_ab,formal_abs,coexpression_probability,10,486.0,486.0,0.5,0.5152089789835561,0.0013540130332751,0.512645924205158,0.0007451933009637,1.0816326530612244,0.0440866714177405,0.0016969147138297,0.0001899476561356,0.030417957967112,0.0027080260665501,0.0274905879050493,0.0257936731912195,0.514240376409453,0.5161775815576592,0.5121128450310439,0.513179003379272,1.0500949482020818,1.113170357920367,0.0015610343462435,0.0018327950814159,0.0284807528189058,0.0323551631153183,,Adult cell types,adult_celltype__fibroblast,Adult cell types,Fibroblast
,ZJU_HCL_adult_celltype,Fibroblast,dorothea_ab,formal_abs,mutual_information,10,486.0,486.0,0.5,0.5905047079544107,0.007073554281628,0.5794305692192823,0.0060122468816191,1.3306122448979592,0.0583608451415706,0.0002834861807059,2.271624813655809e-05,0.1810094159088215,0.0141471085632561,0.0006943801417946,0.0004108939610887,0.5854445920494177,0.5955648238594037,0.5751296668922242,0.5837314715463403,1.288863411288708,1.3723610785072102,0.0002672359557241,0.0002997364056877,0.1708891840988354,0.1911296477188075,,Adult cell types,adult_celltype__fibroblast,Adult cell types,Fibroblast
,ZJU_HCL_adult_celltype,Fibroblast,dorothea_ab,formal_abs,pearson,10,486.0,486.0,0.5,0.5935940913478637,0.0075909025120557,0.5860550111709827,0.0068691724003666,1.4,0.0387217672673679,0.0097978258505463,0.0010612871866234,0.1871881826957273,0.0151818050241114,0.0371454153209924,0.0273475894704461,0.5881638868134519,0.5990242958822755,0.5811411012562016,0.5909689210857638,1.3723001163746,1.4276998836253998,0.0090386267323963,0.0105570249686964,0.1763277736269037,0.1980485917645509,,Adult cell types,adult_celltype__fibroblast,Adult cell types,Fibroblast
,ZJU_HCL_adult_celltype,Fibroblast,dorothea_ab,formal_abs,spearman,10,486.0,486.0,0.5,0.5911833815983336,0.0083030981586759,0.5837023526268379,0.0071998161779234,1.363265306122449,0.0550978414457594,0.009568434767425,0.0008419640989172,0.1823667631966671,0.0166061963173518,0.0339378267526626,0.0243693919852375,0.5852437029897227,0.5971230602069445,0.5785519144023713,0.5888527908513045,1.323850684741145,1.4026799275037527,0.0089661299347005,0.0101707396001496,0.1704874059794453,0.194246120413889,,Adult cell types,adult_celltype__fibroblast,Adult cell types,Fibroblast
,ZJU_HCL_adult_celltype,Fibroblast,trrust,formal_abs,codetection_odds_ratio,10,413.0,413.0,0.5,0.5834797061599704,0.0131354413423541,0.5741033954669978,0.0108993293589354,1.2571428571428571,0.071692633591341,0.0537352442741394,0.0137412369337258,0.1669594123199409,0.0262708826847082,1.298895001411438,1.2451597571372983,0.5740831774829824,0.5928762348369583,0.5663064849398317,0.581900305994164,1.205857036597364,1.3084286776883505,0.043905355537268,0.0635651330110107,0.148166354965965,0.1857524696739168,,Adult cell types,adult_celltype__fibroblast,Adult cell types,Fibroblast
,ZJU_HCL_adult_celltype,Fibroblast,trrust,formal_abs,coexpression_probability,10,413.0,413.0,0.5,0.5171270863990526,0.0020719468443561,0.5199980952133886,0.001103829598724,1.1,0.0270307720094069,0.0016266785562038,0.0002503944369212,0.0342541727981051,0.0041438936887123,0.0222228467464447,0.0205961681902408,0.5156449049151758,0.5186092678829294,0.5192084630869465,0.5207877273398307,1.0806633505698413,1.1193366494301589,0.00144755716654,0.0018057999458675,0.0312898098303515,0.0372185357658588,,Adult cell types,adult_celltype__fibroblast,Adult cell types,Fibroblast
,ZJU_HCL_adult_celltype,Fibroblast,trrust,formal_abs,mutual_information,10,413.0,413.0,0.5,0.5594917599329304,0.00994020892577,0.5670293013700337,0.0067866769064369,1.280952380952381,0.0416950017033768,0.0001314980909228,3.320384070881403e-05,0.1189835198658607,0.0198804178515402,0.0005107352626509,0.0003792371717281,0.5523809628312694,0.5666025570345915,0.5621744051765453,0.5718841975635222,1.2511255735401663,1.3107791883645958,0.0001077454941676,0.000155250687678,0.1047619256625386,0.1332051140691828,,Adult cell types,adult_celltype__fibroblast,Adult cell types,Fibroblast
,ZJU_HCL_adult_celltype,Fibroblast,trrust,formal_abs,pearson,10,413.0,413.0,0.5,0.5630129155942757,0.0103648341138984,0.5710710416505702,0.007049399226275,1.380952380952381,0.0317460317460317,0.0056721767410635,0.0012111879595457,0.1260258311885512,0.0207296682277969,0.0348484478890895,0.0291762711480259,0.5555983599318456,0.5704274712567058,0.5660282052312376,0.5761138780699028,1.3582426379062675,1.4036621239984943,0.0048057450697959,0.0065386084123312,0.1111967198636911,0.1408549425134114,,Adult cell types,adult_celltype__fibroblast,Adult cell types,Fibroblast
,ZJU_HCL_adult_celltype,Fibroblast,trrust,formal_abs,spearman,10,413.0,413.0,0.5,0.5701859657968329,0.0095101647104964,0.5715959801781139,0.0072199656262454,1.2952380952380953,0.0301169300968416,0.0058644333854317,0.0011029953172103,0.1403719315936659,0.0190203294209929,0.0322857983410358,0.026421364955604,0.5633828037944328,0.576989127799233,0.5664311279066391,0.5767608324495886,1.273693741307229,1.316782449168962,0.0050753980680319,0.0066534687028315,0.1267656075888656,0.1539782555984661,,Adult cell types,adult_celltype__fibroblast,Adult cell types,Fibroblast
,ZJU_HCL_adult_celltype,Fibroblast,trrust_dorothea_intersection,formal_abs,codetection_odds_ratio,10,186.0,186.0,0.5,0.6279801133078969,0.0136897397359999,0.5942571918112866,0.0131949215857931,1.1789473684210523,0.1087153219988047,0.1112047910690307,0.0169585561185204,0.2559602266157937,0.0273794794719998,1.353862702846527,1.2426579117774963,0.6181870634470561,0.6377731631687378,0.5848181135313867,0.6036962700911864,1.10117711204635,1.256717624795755,0.0990733708346629,0.1233362113033986,0.236374126894112,0.2755463263374755,,Adult cell types,adult_celltype__fibroblast,Adult cell types,Fibroblast
,ZJU_HCL_adult_celltype,Fibroblast,trrust_dorothea_intersection,formal_abs,coexpression_probability,10,186.0,186.0,0.5,0.5176812348248353,0.0027711729577515,0.5247070994709462,0.0020412734215218,1.263157894736842,0.0992430570086381,0.0013204475864768,0.0005365835386087,0.0353624696496704,0.0055423459155031,0.0232763951644301,0.0219559475779533,0.5156988571119188,0.5196636125377518,0.523246860431923,0.5261673385099693,1.192163688537868,1.3341521009358162,0.0009365988465125,0.001704296326441,0.0313977142238372,0.0393272250755036,,Adult cell types,adult_celltype__fibroblast,Adult cell types,Fibroblast
,ZJU_HCL_adult_celltype,Fibroblast,trrust_dorothea_intersection,formal_abs,mutual_information,10,186.0,186.0,0.5,0.6016331367788184,0.0117459667651071,0.5916012600948617,0.0088014348124736,1.3473684210526315,0.0443828443532404,0.0003374778898432,4.232188396831275e-05,0.2032662735576367,0.0234919335302141,0.0007638905663043,0.000426412676461,0.5932305783363095,0.6100356952213272,0.5853050929194673,0.5978974272702561,1.3156188468387229,1.3791179952665402,0.0003072026378736,0.0003677531418129,0.1864611566726192,0.2200713904426542,,Adult cell types,adult_celltype__fibroblast,Adult cell types,Fibroblast
,ZJU_HCL_adult_celltype,Fibroblast,trrust_dorothea_intersection,formal_abs,pearson,10,186.0,186.0,0.5,0.6158370909931784,0.0133310976674256,0.6003487943443699,0.0094264243348266,1.368421052631579,0.0,0.013413471262902,0.0019816090890291,0.2316741819863567,0.0266621953348511,0.042053647339344,0.028640176076442,0.6063005982128573,0.6253735837734995,0.5936055365980123,0.6070920520907276,1.368421052631579,1.368421052631579,0.0119959135161666,0.0148310290096374,0.2126011964257145,0.250747167546999,,Adult cell types,adult_celltype__fibroblast,Adult cell types,Fibroblast
,ZJU_HCL_adult_celltype,Fibroblast,trrust_dorothea_intersection,formal_abs,spearman,10,186.0,186.0,0.5,0.6096022661579373,0.0135230766334205,0.5953655319288877,0.0098798203277665,1.368421052631579,0.0,0.010521310288459,0.0013922399663708,0.2192045323158746,0.0270461532668411,0.0381412152200937,0.0276199049316346,0.5999284398984941,0.6192760924173806,0.5882979342278494,0.6024331296299261,1.368421052631579,1.368421052631579,0.0095253618137724,0.0115172587631456,0.1998568797969881,0.2385521848347611,,Adult cell types,adult_celltype__fibroblast,Adult cell types,Fibroblast
,ZJU_HCL_adult_celltype,Fibroblast,trrust_dorothea_union,formal_abs,codetection_odds_ratio,10,713.0,713.0,0.5,0.5878388532739014,0.0096308166995492,0.5850157793562454,0.0077885615004625,1.3194444444444444,0.0327364250549327,0.0787148475646972,0.0116727601523829,0.1756777065478028,0.0192616333990986,1.2925602197647097,1.2138453722000122,0.5809493820379155,0.5947283245098873,0.5794441780994531,0.5905873806130376,1.2960262167051997,1.3428626721836894,0.0703646579781621,0.0870650371512323,0.1618987640758309,0.1894566490197747,,Adult cell types,adult_celltype__fibroblast,Adult cell types,Fibroblast
,ZJU_HCL_adult_celltype,Fibroblast,trrust_dorothea_union,formal_abs,coexpression_probability,10,713.0,713.0,0.5,0.5170997838184468,0.0012072203928507,0.515643044705109,0.0009319003826188,1.0527777777777776,0.0276230257225487,0.0016379166394472,0.0002645638045989,0.0341995676368936,0.0024144407857015,0.0255380123853683,0.0239000957459211,0.5162361903734142,0.5179633772634794,0.5149764033307428,0.5163096860794752,1.0330174555638467,1.0725380999917085,0.0014486590947622,0.0018271741841321,0.0324723807468285,0.0359267545269588,,Adult cell types,adult_celltype__fibroblast,Adult cell types,Fibroblast
,ZJU_HCL_adult_celltype,Fibroblast,trrust_dorothea_union,formal_abs,mutual_information,10,713.0,713.0,0.5,0.5728528883547187,0.0091951560427707,0.5713682277107662,0.0061775820441363,1.272222222222222,0.0315359006776414,0.0002185359364375,1.5525766443059472e-05,0.1457057767094374,0.0183903120855414,0.0005973871448077,0.0003788512083701,0.5662750699782111,0.5794307067312263,0.5669490517334047,0.5757874036881278,1.249662797887037,1.2947816465574074,0.0002074294721922,0.0002296424006827,0.1325501399564223,0.1588614134624526,,Adult cell types,adult_celltype__fibroblast,Adult cell types,Fibroblast
,ZJU_HCL_adult_celltype,Fibroblast,trrust_dorothea_union,formal_abs,pearson,10,713.0,713.0,0.5,0.5755648947909885,0.0096359491594244,0.5769055040179966,0.0064291771839179,1.3555555555555556,0.0582671582316751,0.0077011870220303,0.0013649600617237,0.1511297895819768,0.0192718983188488,0.0349484086036682,0.0272472215816378,0.5686717520143864,0.5824580375675906,0.5723063477198881,0.581504660316105,1.3138737415242956,1.3972373695868157,0.0067247534155268,0.0086776206285338,0.1373435040287725,0.1649160751351811,,Adult cell types,adult_celltype__fibroblast,Adult cell types,Fibroblast
,ZJU_HCL_adult_celltype,Fibroblast,trrust_dorothea_union,formal_abs,spearman,10,713.0,713.0,0.5,0.5766524906121341,0.0089957589160738,0.5753872130581722,0.0068794275522063,1.2944444444444445,0.0298602138825872,0.0073778541758656,0.001110280271812,0.1533049812242682,0.0179915178321478,0.03182203322649,0.0244441790506243,0.5702173123472362,0.583087668877032,0.570465967049701,0.5803084590666434,1.2730837342303147,1.3158051546585745,0.006583607515882,0.0081721008358492,0.1404346246944724,0.166175337754064,,Adult cell types,adult_celltype__fibroblast,Adult cell types,Fibroblast
,ZJU_HCL_adult_celltype,Loop of Henle,dorothea_ab,formal_abs,codetection_odds_ratio,10,591.0,591.0,0.5,0.5926131109336036,0.0137161615658879,0.5814485379455291,0.0113168064079529,1.3,0.0993807989999906,0.1252105712890625,0.0195231625281059,0.1852262218672072,0.0274323231317758,1.4396756887435913,1.3144651174545288,0.5828011600342844,0.6024250618329228,0.5733529823282716,0.5895440935627866,1.2289072591162722,1.371092740883728,0.1112445421485474,0.1391766004295775,0.1656023200685688,0.2048501236658456,,Adult cell types,adult_celltype__loop_of_henle,Adult cell types,Loop of Henle
,ZJU_HCL_adult_celltype,Loop of Henle,dorothea_ab,formal_abs,coexpression_probability,10,591.0,591.0,0.5,0.5190079048101672,0.0033809785765964,0.5132542822506041,0.0019858120469145,0.9733333333333334,0.0378430808131697,0.0006177155300974,0.0003158583766396,0.0380158096203343,0.0067619571531928,0.0171328671276569,0.0165151515975594,0.5165892984365212,0.5214265111838132,0.51183371788892,0.5146748466122882,0.946262024131111,1.0004046425355555,0.0003917640590653,0.0008436670011296,0.0331785968730424,0.0428530223676262,,Adult cell types,adult_celltype__loop_of_henle,Adult cell types,Loop of Henle
,ZJU_HCL_adult_celltype,Loop of Henle,dorothea_ab,formal_abs,mutual_information,10,591.0,591.0,0.5,0.5762496385431787,0.0108770436213543,0.5646764689962523,0.0088966505705789,1.2366666666666668,0.0245954929124207,0.0003476835350738,4.376337678270539e-05,0.1524992770863574,0.0217540872427087,0.0008924579015001,0.0005447743664262,0.5684686702722954,0.5840306068140619,0.5583121885707418,0.5710407494217629,1.219072110956459,1.2542612223768743,0.0003163771012645,0.0003789899688831,0.1369373405445909,0.1680612136281238,,Adult cell types,adult_celltype__loop_of_henle,Adult cell types,Loop of Henle
,ZJU_HCL_adult_celltype,Loop of Henle,dorothea_ab,formal_abs,pearson,10,591.0,591.0,0.5,0.5691885616452084,0.0101251362822898,0.5644399539938478,0.0085459622930817,1.31,0.0567646212197547,0.0098149742931127,0.001353048258799,0.1383771232904166,0.0202502725645796,0.0461203083395957,0.036305334046483,0.5619454754819614,0.5764316478084553,0.5583265408494815,0.5705533671382141,1.2693930361966663,1.3506069638033336,0.0088470618770937,0.0107828867091317,0.1238909509639226,0.1528632956169106,,Adult cell types,adult_celltype__loop_of_henle,Adult cell types,Loop of Henle
,ZJU_HCL_adult_celltype,Loop of Henle,dorothea_ab,formal_abs,spearman,10,591.0,591.0,0.5,0.5795833440696746,0.0117777209975162,0.5696749786640882,0.009632098427673,1.2266666666666666,0.0378430808131697,0.0099949354305863,0.0014603096085373,0.1591666881393491,0.0235554419950324,0.0409633256494998,0.0309683902189135,0.5711580700177188,0.5880086181216304,0.5627845905350374,0.5765653667931391,1.1995953574644442,1.253737975868889,0.0089502928672902,0.0110395779938824,0.1423161400354374,0.1760172362432608,,Adult cell types,adult_celltype__loop_of_henle,Adult cell types,Loop of Henle
,ZJU_HCL_adult_celltype,Loop of Henle,trrust,formal_abs,codetection_odds_ratio,10,302.0,302.0,0.5,0.5774801543791939,0.0086258552110092,0.5748959723535559,0.0107880815698904,1.296774193548387,0.1029117085075733,0.1078145802021026,0.0095609078969892,0.1549603087583878,0.0172517104220185,1.4316558837890625,1.3238413035869598,0.5713095892842514,0.5836507194741364,0.5671786437005552,0.5826133010065567,1.2231555921641164,1.3703927949326575,0.1009751187108149,0.1146540416933903,0.1426191785685028,0.1673014389482727,,Adult cell types,adult_celltype__loop_of_henle,Adult cell types,Loop of Henle
,ZJU_HCL_adult_celltype,Loop of Henle,trrust,formal_abs,coexpression_probability,10,302.0,302.0,0.5,0.5147970483750712,0.0020184606110166,0.5203063344328086,0.0018040858414824,1.0709677419354835,0.0333159857738271,0.0009207452647387,0.0006305208930821,0.0295940967501425,0.0040369212220331,0.0226107221096754,0.0216899768449366,0.5133531286375872,0.5162409681125553,0.5190157691671728,0.5215968996984444,1.0471349214335588,1.0948005624374086,0.000469697789525,0.0013717927399524,0.0267062572751746,0.0324819362251104,,Adult cell types,adult_celltype__loop_of_henle,Adult cell types,Loop of Henle
,ZJU_HCL_adult_celltype,Loop of Henle,trrust,formal_abs,mutual_information,10,302.0,302.0,0.5,0.5527718082540239,0.0068949919728032,0.550599324701658,0.0059102437640996,1.2903225806451613,0.086021505376344,0.0003192273492459,4.7024188244844906e-05,0.1055436165080478,0.0137899839456065,0.0010250498307868,0.0007058224815409,0.5478394281297916,0.5577041883782563,0.5463713910091461,0.5548272583941698,1.2287865027137572,1.3518586585765653,0.0002855882714381,0.0003528664270536,0.0956788562595831,0.1154083767565125,,Adult cell types,adult_celltype__loop_of_henle,Adult cell types,Loop of Henle
,ZJU_HCL_adult_celltype,Loop of Henle,trrust,formal_abs,pearson,10,302.0,302.0,0.5,0.5497138283408622,0.0082740541202967,0.5540627132740562,0.0066708806015182,1.2451612903225806,0.0748065683050583,0.0075398840010166,0.0015700898818126,0.0994276566817245,0.0165481082405935,0.0477971080690622,0.0402572240680456,0.5437949265856826,0.5556327300960419,0.5492906527669751,0.5588347737811373,1.1916478950749445,1.298674685570217,0.0064167093610957,0.0086630586409375,0.0875898531713652,0.1112654601920837,,Adult cell types,adult_celltype__loop_of_henle,Adult cell types,Loop of Henle
,ZJU_HCL_adult_celltype,Loop of Henle,trrust,formal_abs,spearman,10,302.0,302.0,0.5,0.5625619490373228,0.0069513677348954,0.5571730384232603,0.0077487775180434,1.238709677419355,0.0849394307876622,0.006763475574553,0.0015343544652661,0.1251238980746458,0.0139027354697908,0.0419781375676393,0.0352146619930863,0.5575892401223494,0.5675346579522962,0.5516298969130379,0.5627161799334827,1.1779476690177202,1.2994716858209896,0.0056658645116456,0.0078610866374603,0.1151784802446991,0.1350693159045925,,Adult cell types,adult_celltype__loop_of_henle,Adult cell types,Loop of Henle
,ZJU_HCL_adult_celltype,Loop of Henle,trrust_dorothea_intersection,formal_abs,codetection_odds_ratio,10,141.0,141.0,0.5,0.5848649464312661,0.0249263040968858,0.5793824264972484,0.0305090855128294,1.3866666666666667,0.2103495033990974,0.1170334577560424,0.0374112182464967,0.169729892862532,0.0498526081937715,1.4339518547058103,1.316918396949768,0.567033742655685,0.6026961502068472,0.5575575414813483,0.6012073115131484,1.2361916967464284,1.537141636586905,0.0902710844233121,0.1437958310887728,0.1340674853113697,0.2053923004136943,,Adult cell types,adult_celltype__loop_of_henle,Adult cell types,Loop of Henle
,ZJU_HCL_adult_celltype,Loop of Henle,trrust_dorothea_intersection,formal_abs,coexpression_probability,10,141.0,141.0,0.5,0.5131708666566068,0.0049292446797219,0.5186454952080977,0.0037422331785783,0.92,0.0421637021355783,0.0010839164257049,0.0008242255433662,0.0263417333132136,0.0098584893594438,0.0217948723584413,0.0207109559327363,0.5096446974338378,0.5166970358793759,0.5159684628601168,0.5213225275560786,0.8898379044967867,0.9501620955032132,0.0004943009911954,0.0016735318602144,0.0192893948676755,0.0333940717587517,,Adult cell types,adult_celltype__loop_of_henle,Adult cell types,Loop of Henle
,ZJU_HCL_adult_celltype,Loop of Henle,trrust_dorothea_intersection,formal_abs,mutual_information,10,141.0,141.0,0.5,0.5536140033197525,0.0169260413776362,0.5606567515873719,0.0207668447505835,1.44,0.1225248777963575,0.0003497730067465,0.0001117572354772,0.107228006639505,0.0338520827552723,0.0012139597674831,0.0008641867607366,0.5415058427298215,0.5657221639096836,0.5458010457801971,0.5755124573945468,1.3523509825173805,1.5276490174826194,0.0002698266965577,0.0004297193169353,0.0830116854596429,0.1314443278193671,,Adult cell types,adult_celltype__loop_of_henle,Adult cell types,Loop of Henle
,ZJU_HCL_adult_celltype,Loop of Henle,trrust_dorothea_intersection,formal_abs,pearson,10,141.0,141.0,0.5,0.5542930436094764,0.0174962215829707,0.5663027980462063,0.0234315188552453,1.3733333333333335,0.1992578824129768,0.0074212182313203,0.0025773554568156,0.1085860872189527,0.0349924431659414,0.0508833937346935,0.0434621755033731,0.5417770006720218,0.566809086546931,0.5495408992161487,0.5830646968762639,1.230792831083725,1.515873835582942,0.0055774892061927,0.009264947256448,0.0835540013440436,0.1336181730938619,,Adult cell types,adult_celltype__loop_of_henle,Adult cell types,Loop of Henle
,ZJU_HCL_adult_celltype,Loop of Henle,trrust_dorothea_intersection,formal_abs,spearman,10,141.0,141.0,0.5,0.5673306171721745,0.0191474569944915,0.5733609267639601,0.0248815760379417,1.413333333333333,0.1799862820561475,0.007318016514182,0.0029627119458765,0.1346612343443489,0.0382949139889829,0.0459783896803855,0.0386603731662035,0.5536333515797351,0.5810278827646138,0.5555617195142345,0.5911601340136857,1.2845789034877406,1.542087763178926,0.0051986200633511,0.009437412965013,0.1072667031594701,0.1620557655292276,,Adult cell types,adult_celltype__loop_of_henle,Adult cell types,Loop of Henle
,ZJU_HCL_adult_celltype,Loop of Henle,trrust_dorothea_union,formal_abs,codetection_odds_ratio,10,752.0,752.0,0.5,0.587711139090086,0.0062141459880669,0.5813728698966177,0.0082818716132892,1.2789473684210528,0.0796267067923524,0.1207628011703491,0.0073926402850395,0.175422278180172,0.0124282919761339,1.4351056218147278,1.3143428206443786,0.5832658068429248,0.5921564713372471,0.5754483758438387,0.5872973639493968,1.221985853818883,1.3359088830232226,0.1154744248892229,0.1260511774514753,0.1665316136858496,0.1843129426744944,,Adult cell types,adult_celltype__loop_of_henle,Adult cell types,Loop of Henle
,ZJU_HCL_adult_celltype,Loop of Henle,trrust_dorothea_union,formal_abs,coexpression_probability,10,752.0,752.0,0.5,0.5184956251414667,0.0017718588950017,0.5158910814221718,0.0012353472207316,1.0342105263157897,0.0177618041502777,0.001013985928148,0.0002565279269647,0.0369912502829334,0.0035437177900033,0.018414918333292,0.0174009324051439,0.5172281136445538,0.5197631366383797,0.515007367256572,0.5167747955877715,1.0215044970547114,1.0469165555768676,0.000830476904024,0.0011974949522719,0.0344562272891075,0.0395262732767593,,Adult cell types,adult_celltype__loop_of_henle,Adult cell types,Loop of Henle
,ZJU_HCL_adult_celltype,Loop of Henle,trrust_dorothea_union,formal_abs,mutual_information,10,752.0,752.0,0.5,0.5693270074128565,0.0052145131527395,0.561032401974957,0.0045127440608668,1.2421052631578946,0.0426138870227758,0.0003107662894763,3.504230018238027e-05,0.138654014825713,0.0104290263054789,0.0008822859381325,0.0005715196486562,0.5655967694178637,0.5730572454078492,0.5578041793462194,0.5642606246036945,1.2116211247866693,1.27258940152912,0.0002856985380403,0.0003358340409122,0.1311935388357275,0.1461144908156984,,Adult cell types,adult_celltype__loop_of_henle,Adult cell types,Loop of Henle
,ZJU_HCL_adult_celltype,Loop of Henle,trrust_dorothea_union,formal_abs,pearson,10,752.0,752.0,0.5,0.5633855817111815,0.0045808760095736,0.5627424645076913,0.0047136629325047,1.2710526315789474,0.0464995027392932,0.0086737556383013,0.0006248131836143,0.126771163422363,0.0091617520191473,0.0455768406391143,0.036903085000813,0.5601086204224205,0.5666625429999425,0.5593705131765914,0.5661144158387912,1.2377888911710335,1.3043163719868611,0.0082267912124726,0.00912072006413,0.1202172408448411,0.133325085999885,,Adult cell types,adult_celltype__loop_of_henle,Adult cell types,Loop of Henle
,ZJU_HCL_adult_celltype,Loop of Henle,trrust_dorothea_union,formal_abs,spearman,10,752.0,752.0,0.5,0.572419823732458,0.0048221805400618,0.5656150419841269,0.00506235678733,1.2131578947368422,0.0230419746255504,0.0086953254416584,0.0008273583412122,0.1448396474649162,0.0096443610801237,0.040364833548665,0.0316695081070065,0.5689702435813747,0.5758694038835414,0.5619936500959145,0.5692364338723394,1.1966746590616708,1.2296411304120136,0.0081034689385748,0.0092871819447421,0.1379404871627495,0.1517388077670829,,Adult cell types,adult_celltype__loop_of_henle,Adult cell types,Loop of Henle
,ZJU_HCL_adult_celltype,Smooth muscle cell,dorothea_ab,formal_abs,codetection_odds_ratio,10,592.0,592.0,0.5,0.5831821528031409,0.0055631186720108,0.5528656563934506,0.0053171554571134,1.19,0.0498144706032441,0.1718545019626617,0.0224634994373976,0.1663643056062819,0.0111262373440216,1.5725980401039124,1.4007435381412503,0.5792025374424843,0.5871617681637975,0.5490619925171811,0.5566693202697202,1.1543648744375978,1.225635125562402,0.1557850825082576,0.1879239214170659,0.1584050748849687,0.1743235363275952,,Adult cell types,adult_celltype__smooth_muscle_cell,Adult cell types,Smooth muscle cell
,ZJU_HCL_adult_celltype,Smooth muscle cell,dorothea_ab,formal_abs,coexpression_probability,10,592.0,592.0,0.5,0.5288344879930607,0.0020426872788693,0.5170149026729474,0.0016669609213818,1.096666666666667,0.0331476308670584,0.0011292348615825,0.000431411158353,0.0576689759861212,0.0040853745577387,0.0213299877941608,0.0202007529325783,0.52737323754142,0.5302957384447013,0.5158224306658837,0.518207374680011,1.07295428000995,1.1203790533233835,0.0008206219101496,0.0014378478130153,0.0547464750828398,0.0605914768894025,,Adult cell types,adult_celltype__smooth_muscle_cell,Adult cell types,Smooth muscle cell
,ZJU_HCL_adult_celltype,Smooth muscle cell,dorothea_ab,formal_abs,mutual_information,10,592.0,592.0,0.5,0.5293694930149744,0.0069688947041704,0.5190328159916838,0.0062910825514852,0.9166666666666669,0.0689426313666158,0.000218411674723,5.1278036299219584e-05,0.0587389860299488,0.0139377894083409,0.0013032138813287,0.0010848022066056,0.5243842460614897,0.5343547399684591,0.5145324466425611,0.5235331853408065,0.8673480792040157,0.9659852541293178,0.0001817295773326,0.0002550937721133,0.0487684921229795,0.0687094799369181,,Adult cell types,adult_celltype__smooth_muscle_cell,Adult cell types,Smooth muscle cell
,ZJU_HCL_adult_celltype,Smooth muscle cell,dorothea_ab,formal_abs,pearson,10,592.0,592.0,0.5,0.537472607742878,0.0047871339509723,0.5268731743399137,0.0048772378904744,1.0666666666666669,0.0314269680527354,0.0075854441151022,0.0008469155576525,0.074945215485756,0.0095742679019445,0.0519636329263448,0.0443781888112425,0.5340480984113299,0.540897117074426,0.5233842085329892,0.5303621401468381,1.0441851680369916,1.0891481652963422,0.0069795972221768,0.0081912910080277,0.0680961968226599,0.0817942341488521,,Adult cell types,adult_celltype__smooth_muscle_cell,Adult cell types,Smooth muscle cell
,ZJU_HCL_adult_celltype,Smooth muscle cell,dorothea_ab,formal_abs,spearman,10,592.0,592.0,0.5,0.5378195763330899,0.007168721232175,0.5257106817801203,0.0060345933920686,0.9833333333333334,0.0503076952118745,0.0071259060874581,0.0013869609708195,0.0756391526661797,0.0143374424643501,0.0538311805576086,0.0467052744701504,0.5326913820928045,0.5429477705733752,0.5213937937224882,0.5300275698377523,0.9473453761409618,1.019321290525705,0.0061337339786956,0.0081180781962206,0.0653827641856091,0.0858955411467502,,Adult cell types,adult_celltype__smooth_muscle_cell,Adult cell types,Smooth muscle cell
,ZJU_HCL_adult_celltype,Smooth muscle cell,trrust,formal_abs,codetection_odds_ratio,10,393.0,393.0,0.5,0.5466435522405454,0.0135797552232558,0.5334215830477975,0.0116138875378196,1.08,0.034960294939005,0.1055966019630432,0.026725181307844,0.0932871044810908,0.0271595104465117,1.4571717977523804,1.3515751957893372,0.5369291805604438,0.556357923920647,0.5251135083926617,0.5417296577029334,1.054990911581244,1.105009088418756,0.0864785589516423,0.124714644974444,0.0738583611208876,0.112715847841294,,Adult cell types,adult_celltype__smooth_muscle_cell,Adult cell types,Smooth muscle cell
,ZJU_HCL_adult_celltype,Smooth muscle cell,trrust,formal_abs,coexpression_probability,10,393.0,393.0,0.5,0.5250937202571723,0.0042865588153895,0.518670394544961,0.0032559700449163,1.15,0.0408248290463862,0.0015959857031702,0.0005138949577886,0.0501874405143445,0.0085731176307791,0.0192722715437412,0.0176762858405709,0.5220273008058115,0.528160139708533,0.5163412138877553,0.5209995752021667,1.1207956766073344,1.1792043233926657,0.0012283673961819,0.0019636040101586,0.0440546016116229,0.0563202794170661,,Adult cell types,adult_celltype__smooth_muscle_cell,Adult cell types,Smooth muscle cell
,ZJU_HCL_adult_celltype,Smooth muscle cell,trrust,formal_abs,mutual_information,10,393.0,393.0,0.5,0.4871481848377134,0.0075855042695733,0.5067329349480756,0.0069052654536922,1.11,0.0316227766016837,-0.0001273350266274,5.749232984144248e-05,-0.0257036303245731,0.0151710085391466,0.0008624388137832,0.0009897738404106,0.4817218419733414,0.4925745277020854,0.5017932056183411,0.5116726642778101,1.0873784283725902,1.13262157162741,-0.0001684625618187,-8.620749143602746e-05,-0.0365563160533171,-0.0148509445958291,,Adult cell types,adult_celltype__smooth_muscle_cell,Adult cell types,Smooth muscle cell
,ZJU_HCL_adult_celltype,Smooth muscle cell,trrust,formal_abs,pearson,10,393.0,393.0,0.5,0.4988575516837273,0.0082100247291688,0.5139229740333021,0.0088613116548278,1.07,0.071492035298424,-0.0001073461025953,0.001539419391603,-0.0022848966325453,0.0164200494583378,0.0447146818041801,0.0448220279067754,0.492984453795675,0.5047306495717797,0.507583973545223,0.5202619745213812,1.0188576788286674,1.1211423211713327,-0.0012085803955358,0.0009938881903452,-0.0140310924086501,0.0094612991435593,,Adult cell types,adult_celltype__smooth_muscle_cell,Adult cell types,Smooth muscle cell
,ZJU_HCL_adult_celltype,Smooth muscle cell,trrust,formal_abs,spearman,10,393.0,393.0,0.5,0.4915451055040822,0.0079842606308681,0.5113949400374045,0.0077612359156241,1.115,0.0337474278855275,-0.0008041348308324,0.0014212854094067,-0.0169097889918354,0.0159685212617364,0.0442497879266738,0.0450539227575063,0.4858335095228654,0.497256701485299,0.5058428863264356,0.5169469937483734,1.0908585444039514,1.1391414555960486,-0.0018208611637812,0.0002125915021162,-0.0283329809542691,-0.0054865970294018,,Adult cell types,adult_celltype__smooth_muscle_cell,Adult cell types,Smooth muscle cell
,ZJU_HCL_adult_celltype,Smooth muscle cell,trrust_dorothea_intersection,formal_abs,codetection_odds_ratio,10,192.0,192.0,0.5,0.5728108723958334,0.0126772712210572,0.5395678517864309,0.0145219939708891,1.11,0.1663329993316619,0.1627605974674225,0.0328301177628731,0.1456217447916666,0.0253545424421144,1.5830839276313782,1.4203233301639555,0.5637420988792163,0.5818796459124504,0.5291794431111537,0.549956260461708,0.991012540240291,1.2289874597597088,0.1392753460025149,0.18624584893233,0.1274841977584325,0.1637592918249008,,Adult cell types,adult_celltype__smooth_muscle_cell,Adult cell types,Smooth muscle cell
,ZJU_HCL_adult_celltype,Smooth muscle cell,trrust_dorothea_intersection,formal_abs,coexpression_probability,10,192.0,192.0,0.5,0.5297593858506945,0.0047432134304246,0.5232660771583263,0.0036949599983327,1.16,0.0843274042711567,0.0013149310834705,0.0008693821388986,0.0595187717013889,0.0094864268608493,0.0207026349380612,0.0193877038545906,0.5263662953668332,0.5331524763345558,0.5206228620063005,0.5259092923103521,1.0996758089935734,1.2203241910064264,0.0006930125664976,0.0019368496004435,0.0527325907336663,0.0663049526691115,,Adult cell types,adult_celltype__smooth_muscle_cell,Adult cell types,Smooth muscle cell
,ZJU_HCL_adult_celltype,Smooth muscle cell,trrust_dorothea_intersection,formal_abs,mutual_information,10,192.0,192.0,0.5,0.5171956380208333,0.0094411148692995,0.5109650579149224,0.0078739054421031,0.99,0.0316227766016838,0.0001521208090707,0.0001181477862312,0.0343912760416666,0.0188822297385991,0.001432133372873,0.0012800125638023,0.5104418712991884,0.5239494047424783,0.5053324052800964,0.5165977105497485,0.96737842837259,1.0126215716274098,6.760297426720271e-05,0.0002366386438743,0.0208837425983767,0.0478988094849566,,Adult cell types,adult_celltype__smooth_muscle_cell,Adult cell types,Smooth muscle cell
,ZJU_HCL_adult_celltype,Smooth muscle cell,trrust_dorothea_intersection,formal_abs,pearson,10,192.0,192.0,0.5,0.5356255425347223,0.0078244770271491,0.5197540936878635,0.0081473545797738,0.79,0.1197218999737865,0.0090996801853179,0.0039099139070799,0.0712510850694444,0.0156489540542983,0.0593560393899679,0.0502563592046499,0.5300282488578839,0.5412228362115606,0.513925827323978,0.5255823600517491,0.7043561120599888,0.8756438879400112,0.0063026962702083,0.0118966641004276,0.0600564977157676,0.0824456724231212,,Adult cell types,adult_celltype__smooth_muscle_cell,Adult cell types,Smooth muscle cell
,ZJU_HCL_adult_celltype,Smooth muscle cell,trrust_dorothea_intersection,formal_abs,spearman,10,192.0,192.0,0.5,0.526638454861111,0.0088948972618369,0.5180974898096513,0.0094709336979995,0.99,0.0994428926011753,0.0055161671712994,0.0041782775803806,0.0532769097222221,0.0177897945236737,0.0555298533290624,0.050013686157763,0.5202754286771174,0.5330014810451047,0.5113223919829684,0.5248725876363343,0.9188628400298492,1.061137159970151,0.0025272074491873,0.0085051268934115,0.0405508573542348,0.0660029620902094,,Adult cell types,adult_celltype__smooth_muscle_cell,Adult cell types,Smooth muscle cell
,ZJU_HCL_adult_celltype,Smooth muscle cell,trrust_dorothea_union,formal_abs,codetection_odds_ratio,10,793.0,793.0,0.5,0.5704906901338795,0.0048631887723405,0.5491937257377734,0.0061056427000242,1.1825,0.0472140515807176,0.1477983474731445,0.0200452917225206,0.140981380267759,0.0097263775446811,1.5169076919555664,1.3691093444824218,0.5670117744606347,0.5739696058071244,0.5448260120670322,0.5535614394085145,1.1487251021437326,1.2162748978562672,0.1334588096076054,0.1621378853386835,0.1340235489212693,0.1479392116142487,,Adult cell types,adult_celltype__smooth_muscle_cell,Adult cell types,Smooth muscle cell
,ZJU_HCL_adult_celltype,Smooth muscle cell,trrust_dorothea_union,formal_abs,coexpression_probability,10,793.0,793.0,0.5,0.5283949724019598,0.0021172878113344,0.5175788664431795,0.0015863284513154,1.0575,0.0264837476367844,0.0011994989588856,0.000237121305272,0.0567899448039195,0.0042345756226689,0.0201254710555076,0.0189259720966219,0.5268803559442324,0.5299095888596871,0.5164440754304219,0.5187136574559371,1.038554668232521,1.0764453317674787,0.0010298725956108,0.0013691253221604,0.0537607118884648,0.0598191777193741,,Adult cell types,adult_celltype__smooth_muscle_cell,Adult cell types,Smooth muscle cell
,ZJU_HCL_adult_celltype,Smooth muscle cell,trrust_dorothea_union,formal_abs,mutual_information,10,793.0,793.0,0.5,0.5102854580352358,0.0055734055896497,0.5151399447836053,0.0042255655086842,0.9774999999999998,0.0362284418654735,9.148454992100596e-05,5.864689097516463e-05,0.0205709160704716,0.0111468111792995,0.0010942338267341,0.0010027492768131,0.5062984838570053,0.5142724322134664,0.512117157315413,0.5181627322517975,0.951583733919632,1.0034162660803676,4.953109144927438e-05,0.0001334380083927,0.0125969677140103,0.0285448644269328,,Adult cell types,adult_celltype__smooth_muscle_cell,Adult cell types,Smooth muscle cell
,ZJU_HCL_adult_celltype,Smooth muscle cell,trrust_dorothea_union,formal_abs,pearson,10,793.0,793.0,0.5,0.5181057773805795,0.0043792746679274,0.522685734172495,0.0041836380223894,1.05,0.0589255650988789,0.004272462055087,0.0010361577497747,0.0362115547611588,0.0087585493358549,0.047466829419136,0.0431943673640489,0.5149730330038145,0.5212385217573445,0.5196929398211729,0.525678528523817,1.007847190069359,1.092152809930641,0.0035312394531294,0.0050136846570447,0.0299460660076287,0.042477043514689,,Adult cell types,adult_celltype__smooth_muscle_cell,Adult cell types,Smooth muscle cell
,ZJU_HCL_adult_celltype,Smooth muscle cell,trrust_dorothea_union,formal_abs,spearman,10,793.0,793.0,0.5,0.5166052581780364,0.0053130895059693,0.5209554719830959,0.0043172755263723,1.0625,0.0460223375716136,0.0031448855996131,0.0009580997668636,0.0332105163560727,0.0106261790119387,0.0485231913626194,0.0453783057630062,0.5128045029079971,0.5204060134480757,0.5178670791204054,0.5240438648457864,1.0295776029900656,1.0954223970099344,0.0024595023147957,0.0038302688844306,0.0256090058159941,0.0408120268961514,,Adult cell types,adult_celltype__smooth_muscle_cell,Adult cell types,Smooth muscle cell
