result_source,dataset,condition,edge_set,metric,top_level,repeats,mean_actual_top_n,mean_curated_positive_fraction,sd_curated_positive_fraction,mean_delta_vs_0_5,repeats_above_0_5,trrust_union_known_fraction_mean,analysis_group,source_group,ci95_curated_positive_fraction,min_curated_positive_fraction,max_curated_positive_fraction,complete_threshold_repeats,mean_total_pairs_ranked,mean_positive_pairs_in_evaluation,mean_negative_pairs_in_evaluation,all_repeats_above_0_5,context_level,context_label,fixed_top100_valid,strict_top500_valid
local_refined,GSE178429_IFN_gamma,ctrl_6h,trrust_dorothea_intersection,codetection_odds_ratio,top_100,10,100.0,0.66,0.0305505046330389,0.16,10.0,0.66,Original dataset contexts,,,,,,,,,,Tissue contexts,"GSE178429
IFN-gamma
PBMC",True,True
local_refined,GSE178429_IFN_gamma,ctrl_6h,trrust_dorothea_intersection,codetection_odds_ratio,top_500,10,500.0,0.527,0.0078457348639599,0.027,10.0,0.527,Original dataset contexts,,,,,,,,,,Tissue contexts,"GSE178429
IFN-gamma
PBMC",True,True
local_refined,GSE178429_IFN_gamma,ctrl_6h,trrust_dorothea_intersection,codetection_odds_ratio,top_5pct,10,41.0,0.6463414634146342,0.023703056483111,0.1463414634146341,10.0,0.6463414634146342,Original dataset contexts,,,,,,,,,,Tissue contexts,"GSE178429
IFN-gamma
PBMC",True,True
local_refined,GSE178429_IFN_gamma,ctrl_6h,trrust_dorothea_intersection,coexpression_probability,top_100,10,100.0,0.544,0.0084327404271156,0.044,10.0,0.544,Original dataset contexts,,,,,,,,,,Tissue contexts,"GSE178429
IFN-gamma
PBMC",True,True
local_refined,GSE178429_IFN_gamma,ctrl_6h,trrust_dorothea_intersection,coexpression_probability,top_500,10,500.0,0.5092000000000001,0.005266244708835,0.0092,10.0,0.5092000000000001,Original dataset contexts,,,,,,,,,,Tissue contexts,"GSE178429
IFN-gamma
PBMC",True,True
local_refined,GSE178429_IFN_gamma,ctrl_6h,trrust_dorothea_intersection,coexpression_probability,top_5pct,10,41.0,0.524390243902439,0.0263444743837718,0.024390243902439,8.0,0.524390243902439,Original dataset contexts,,,,,,,,,,Tissue contexts,"GSE178429
IFN-gamma
PBMC",True,True
local_refined,GSE178429_IFN_gamma,ctrl_6h,trrust_dorothea_intersection,mutual_information,top_100,10,100.0,0.556,0.0206559111797728,0.056,10.0,0.556,Original dataset contexts,,,,,,,,,,Tissue contexts,"GSE178429
IFN-gamma
PBMC",True,True
local_refined,GSE178429_IFN_gamma,ctrl_6h,trrust_dorothea_intersection,mutual_information,top_500,10,500.0,0.508,0.0058118652580542,0.008,9.0,0.508,Original dataset contexts,,,,,,,,,,Tissue contexts,"GSE178429
IFN-gamma
PBMC",True,True
local_refined,GSE178429_IFN_gamma,ctrl_6h,trrust_dorothea_intersection,mutual_information,top_5pct,10,41.0,0.624390243902439,0.0448261748035454,0.124390243902439,10.0,0.624390243902439,Original dataset contexts,,,,,,,,,,Tissue contexts,"GSE178429
IFN-gamma
PBMC",True,True
local_refined,GSE178429_IFN_gamma,ctrl_6h,trrust_dorothea_intersection,pearson,top_100,10,100.0,0.642,0.0103279555898864,0.142,10.0,0.642,Original dataset contexts,,,,,,,,,,Tissue contexts,"GSE178429
IFN-gamma
PBMC",True,True
local_refined,GSE178429_IFN_gamma,ctrl_6h,trrust_dorothea_intersection,pearson,top_500,10,500.0,0.5152,0.0085997415981851,0.0152,10.0,0.5152,Original dataset contexts,,,,,,,,,,Tissue contexts,"GSE178429
IFN-gamma
PBMC",True,True
local_refined,GSE178429_IFN_gamma,ctrl_6h,trrust_dorothea_intersection,pearson,top_5pct,10,41.0,0.6707317073170732,0.0237030564831109,0.1707317073170731,10.0,0.6707317073170732,Original dataset contexts,,,,,,,,,,Tissue contexts,"GSE178429
IFN-gamma
PBMC",True,True
local_refined,GSE178429_IFN_gamma,ctrl_6h,trrust_dorothea_intersection,spearman,top_100,10,100.0,0.653,0.011595018087284,0.153,10.0,0.653,Original dataset contexts,,,,,,,,,,Tissue contexts,"GSE178429
IFN-gamma
PBMC",True,True
local_refined,GSE178429_IFN_gamma,ctrl_6h,trrust_dorothea_intersection,spearman,top_500,10,500.0,0.5122,0.0064944420682439,0.0122,10.0,0.5122,Original dataset contexts,,,,,,,,,,Tissue contexts,"GSE178429
IFN-gamma
PBMC",True,True
local_refined,GSE178429_IFN_gamma,ctrl_6h,trrust_dorothea_intersection,spearman,top_5pct,10,41.0,0.6926829268292682,0.0125950677925444,0.1926829268292683,10.0,0.6926829268292682,Original dataset contexts,,,,,,,,,,Tissue contexts,"GSE178429
IFN-gamma
PBMC",True,True
local_refined,GSE178429_IFN_gamma,ifng_6h,trrust_dorothea_intersection,codetection_odds_ratio,top_100,10,100.0,0.6769999999999999,0.0275075747143703,0.177,10.0,0.6769999999999999,Original dataset contexts,,,,,,,,,,Tissue contexts,"GSE178429
IFN-gamma
PBMC",True,True
local_refined,GSE178429_IFN_gamma,ifng_6h,trrust_dorothea_intersection,codetection_odds_ratio,top_500,10,500.0,0.5692,0.011003029885748,0.0691999999999999,10.0,0.5692,Original dataset contexts,,,,,,,,,,Tissue contexts,"GSE178429
IFN-gamma
PBMC",True,True
local_refined,GSE178429_IFN_gamma,ifng_6h,trrust_dorothea_intersection,codetection_odds_ratio,top_5pct,10,81.0,0.6950617283950618,0.0302686017258161,0.1950617283950617,10.0,0.6950617283950618,Original dataset contexts,,,,,,,,,,Tissue contexts,"GSE178429
IFN-gamma
PBMC",True,True
local_refined,GSE178429_IFN_gamma,ifng_6h,trrust_dorothea_intersection,coexpression_probability,top_100,10,100.0,0.505,0.0097182531580755,0.005,6.0,0.505,Original dataset contexts,,,,,,,,,,Tissue contexts,"GSE178429
IFN-gamma
PBMC",True,True
local_refined,GSE178429_IFN_gamma,ifng_6h,trrust_dorothea_intersection,coexpression_probability,top_500,10,500.0,0.509,0.0021602468994692,0.009,10.0,0.509,Original dataset contexts,,,,,,,,,,Tissue contexts,"GSE178429
IFN-gamma
PBMC",True,True
local_refined,GSE178429_IFN_gamma,ifng_6h,trrust_dorothea_intersection,coexpression_probability,top_5pct,10,81.0,0.5185185185185185,0.0082304526748971,0.0185185185185185,10.0,0.5185185185185185,Original dataset contexts,,,,,,,,,,Tissue contexts,"GSE178429
IFN-gamma
PBMC",True,True
local_refined,GSE178429_IFN_gamma,ifng_6h,trrust_dorothea_intersection,mutual_information,top_100,10,100.0,0.5660000000000001,0.0302581485810939,0.066,10.0,0.5660000000000001,Original dataset contexts,,,,,,,,,,Tissue contexts,"GSE178429
IFN-gamma
PBMC",True,True
local_refined,GSE178429_IFN_gamma,ifng_6h,trrust_dorothea_intersection,mutual_information,top_500,10,500.0,0.5284000000000001,0.0072295689129205,0.0284,10.0,0.5284000000000001,Original dataset contexts,,,,,,,,,,Tissue contexts,"GSE178429
IFN-gamma
PBMC",True,True
local_refined,GSE178429_IFN_gamma,ifng_6h,trrust_dorothea_intersection,mutual_information,top_5pct,10,81.0,0.5962962962962963,0.0291281290027759,0.0962962962962962,10.0,0.5962962962962963,Original dataset contexts,,,,,,,,,,Tissue contexts,"GSE178429
IFN-gamma
PBMC",True,True
local_refined,GSE178429_IFN_gamma,ifng_6h,trrust_dorothea_intersection,pearson,top_100,10,100.0,0.588,0.0193218356615859,0.0879999999999999,10.0,0.588,Original dataset contexts,,,,,,,,,,Tissue contexts,"GSE178429
IFN-gamma
PBMC",True,True
local_refined,GSE178429_IFN_gamma,ifng_6h,trrust_dorothea_intersection,pearson,top_500,10,500.0,0.5502,0.006494442068244,0.0502,10.0,0.5502,Original dataset contexts,,,,,,,,,,Tissue contexts,"GSE178429
IFN-gamma
PBMC",True,True
local_refined,GSE178429_IFN_gamma,ifng_6h,trrust_dorothea_intersection,pearson,top_5pct,10,81.0,0.5765432098765432,0.028540808040164,0.0765432098765432,10.0,0.5765432098765432,Original dataset contexts,,,,,,,,,,Tissue contexts,"GSE178429
IFN-gamma
PBMC",True,True
local_refined,GSE178429_IFN_gamma,ifng_6h,trrust_dorothea_intersection,spearman,top_100,10,100.0,0.623,0.018885620632287,0.123,10.0,0.623,Original dataset contexts,,,,,,,,,,Tissue contexts,"GSE178429
IFN-gamma
PBMC",True,True
local_refined,GSE178429_IFN_gamma,ifng_6h,trrust_dorothea_intersection,spearman,top_500,10,500.0,0.5652,0.0091990337656854,0.0651999999999999,10.0,0.5652,Original dataset contexts,,,,,,,,,,Tissue contexts,"GSE178429
IFN-gamma
PBMC",True,True
local_refined,GSE178429_IFN_gamma,ifng_6h,trrust_dorothea_intersection,spearman,top_5pct,10,81.0,0.6382716049382716,0.0267014455926063,0.1382716049382716,10.0,0.6382716049382716,Original dataset contexts,,,,,,,,,,Tissue contexts,"GSE178429
IFN-gamma
PBMC",True,True
local_refined,Kang_IFN_beta,ctrl,trrust_dorothea_intersection,codetection_odds_ratio,top_100,10,100.0,0.607,0.0286937856222098,0.1069999999999999,10.0,0.607,Original dataset contexts,,,,,,,,,,Tissue contexts,"Kang
IFN-beta
PBMC",True,True
local_refined,Kang_IFN_beta,ctrl,trrust_dorothea_intersection,codetection_odds_ratio,top_500,10,500.0,0.53,0.0057348835113617,0.03,10.0,0.53,Original dataset contexts,,,,,,,,,,Tissue contexts,"Kang
IFN-beta
PBMC",True,True
local_refined,Kang_IFN_beta,ctrl,trrust_dorothea_intersection,codetection_odds_ratio,top_5pct,10,31.0,0.5709677419354838,0.0549335044062141,0.0709677419354838,9.0,0.5709677419354838,Original dataset contexts,,,,,,,,,,Tissue contexts,"Kang
IFN-beta
PBMC",True,True
local_refined,Kang_IFN_beta,ctrl,trrust_dorothea_intersection,coexpression_probability,top_100,10,100.0,0.515,0.0117851130197758,0.015,8.0,0.515,Original dataset contexts,,,,,,,,,,Tissue contexts,"Kang
IFN-beta
PBMC",True,True
local_refined,Kang_IFN_beta,ctrl,trrust_dorothea_intersection,coexpression_probability,top_500,10,500.0,0.504,0.0038873012632302,0.004,8.0,0.504,Original dataset contexts,,,,,,,,,,Tissue contexts,"Kang
IFN-beta
PBMC",True,True
local_refined,Kang_IFN_beta,ctrl,trrust_dorothea_intersection,coexpression_probability,top_5pct,10,31.0,0.5032258064516129,0.0435450682393905,0.0032258064516129,7.0,0.5032258064516129,Original dataset contexts,,,,,,,,,,Tissue contexts,"Kang
IFN-beta
PBMC",True,True
local_refined,Kang_IFN_beta,ctrl,trrust_dorothea_intersection,mutual_information,top_100,10,100.0,0.498,0.0147572957474524,-0.002,3.0,0.498,Original dataset contexts,,,,,,,,,,Tissue contexts,"Kang
IFN-beta
PBMC",True,True
local_refined,Kang_IFN_beta,ctrl,trrust_dorothea_intersection,mutual_information,top_500,10,500.0,0.5008,0.0045411696975803,0.0008,5.0,0.5008,Original dataset contexts,,,,,,,,,,Tissue contexts,"Kang
IFN-beta
PBMC",True,True
local_refined,Kang_IFN_beta,ctrl,trrust_dorothea_intersection,mutual_information,top_5pct,10,31.0,0.4741935483870968,0.0217725341196952,-0.0258064516129032,1.0,0.4741935483870968,Original dataset contexts,,,,,,,,,,Tissue contexts,"Kang
IFN-beta
PBMC",True,True
local_refined,Kang_IFN_beta,ctrl,trrust_dorothea_intersection,pearson,top_100,10,100.0,0.538,0.0181352940116472,0.038,10.0,0.538,Original dataset contexts,,,,,,,,,,Tissue contexts,"Kang
IFN-beta
PBMC",True,True
local_refined,Kang_IFN_beta,ctrl,trrust_dorothea_intersection,pearson,top_500,10,500.0,0.5052,0.0042373996218855,0.0052,10.0,0.5052,Original dataset contexts,,,,,,,,,,Tissue contexts,"Kang
IFN-beta
PBMC",True,True
local_refined,Kang_IFN_beta,ctrl,trrust_dorothea_intersection,pearson,top_5pct,10,31.0,0.5483870967741935,0.0340029855932083,0.0483870967741935,9.0,0.5483870967741935,Original dataset contexts,,,,,,,,,,Tissue contexts,"Kang
IFN-beta
PBMC",True,True
local_refined,Kang_IFN_beta,ctrl,trrust_dorothea_intersection,spearman,top_100,10,100.0,0.5589999999999999,0.0196920739836558,0.059,10.0,0.5589999999999999,Original dataset contexts,,,,,,,,,,Tissue contexts,"Kang
IFN-beta
PBMC",True,True
local_refined,Kang_IFN_beta,ctrl,trrust_dorothea_intersection,spearman,top_500,10,500.0,0.5084,0.0057965506984757,0.0084,9.0,0.5084,Original dataset contexts,,,,,,,,,,Tissue contexts,"Kang
IFN-beta
PBMC",True,True
local_refined,Kang_IFN_beta,ctrl,trrust_dorothea_intersection,spearman,top_5pct,10,31.0,0.5516129032258064,0.0386199677334795,0.0516129032258064,10.0,0.5516129032258064,Original dataset contexts,,,,,,,,,,Tissue contexts,"Kang
IFN-beta
PBMC",True,True
local_refined,Kang_IFN_beta,stim,trrust_dorothea_intersection,codetection_odds_ratio,top_100,10,100.0,0.611,0.0152388392675499,0.1109999999999999,10.0,0.611,Original dataset contexts,,,,,,,,,,Tissue contexts,"Kang
IFN-beta
PBMC",True,True
local_refined,Kang_IFN_beta,stim,trrust_dorothea_intersection,codetection_odds_ratio,top_500,10,500.0,0.518,0.0041096093353126,0.018,10.0,0.518,Original dataset contexts,,,,,,,,,,Tissue contexts,"Kang
IFN-beta
PBMC",True,True
local_refined,Kang_IFN_beta,stim,trrust_dorothea_intersection,codetection_odds_ratio,top_5pct,10,30.0,0.6333333333333333,0.0471404520791031,0.1333333333333333,10.0,0.6333333333333333,Original dataset contexts,,,,,,,,,,Tissue contexts,"Kang
IFN-beta
PBMC",True,True
local_refined,Kang_IFN_beta,stim,trrust_dorothea_intersection,coexpression_probability,top_100,10,100.0,0.5,0.0105409255338946,0.0,4.0,0.5,Original dataset contexts,,,,,,,,,,Tissue contexts,"Kang
IFN-beta
PBMC",True,True
local_refined,Kang_IFN_beta,stim,trrust_dorothea_intersection,coexpression_probability,top_500,10,500.0,0.5104,0.003747591819348,0.0104,10.0,0.5104,Original dataset contexts,,,,,,,,,,Tissue contexts,"Kang
IFN-beta
PBMC",True,True
local_refined,Kang_IFN_beta,stim,trrust_dorothea_intersection,coexpression_probability,top_5pct,10,30.0,0.5333333333333333,0.0,0.0333333333333333,10.0,0.5333333333333333,Original dataset contexts,,,,,,,,,,Tissue contexts,"Kang
IFN-beta
PBMC",True,True
local_refined,Kang_IFN_beta,stim,trrust_dorothea_intersection,mutual_information,top_100,10,100.0,0.482,0.0103279555898864,-0.018,0.0,0.482,Original dataset contexts,,,,,,,,,,Tissue contexts,"Kang
IFN-beta
PBMC",True,True
local_refined,Kang_IFN_beta,stim,trrust_dorothea_intersection,mutual_information,top_500,10,500.0,0.5104,0.0051467357508316,0.0104,9.0,0.5104,Original dataset contexts,,,,,,,,,,Tissue contexts,"Kang
IFN-beta
PBMC",True,True
local_refined,Kang_IFN_beta,stim,trrust_dorothea_intersection,mutual_information,top_5pct,10,30.0,0.52,0.0172132593164774,0.0199999999999999,6.0,0.52,Original dataset contexts,,,,,,,,,,Tissue contexts,"Kang
IFN-beta
PBMC",True,True
local_refined,Kang_IFN_beta,stim,trrust_dorothea_intersection,pearson,top_100,10,100.0,0.5469999999999999,0.0262678510731274,0.047,10.0,0.5469999999999999,Original dataset contexts,,,,,,,,,,Tissue contexts,"Kang
IFN-beta
PBMC",True,True
local_refined,Kang_IFN_beta,stim,trrust_dorothea_intersection,pearson,top_500,10,500.0,0.498,0.0051639777949432,-0.002,3.0,0.498,Original dataset contexts,,,,,,,,,,Tissue contexts,"Kang
IFN-beta
PBMC",True,True
local_refined,Kang_IFN_beta,stim,trrust_dorothea_intersection,pearson,top_5pct,10,30.0,0.5666666666666667,0.0,0.0666666666666666,10.0,0.5666666666666667,Original dataset contexts,,,,,,,,,,Tissue contexts,"Kang
IFN-beta
PBMC",True,True
local_refined,Kang_IFN_beta,stim,trrust_dorothea_intersection,spearman,top_100,10,100.0,0.523,0.0221359436211786,0.023,8.0,0.523,Original dataset contexts,,,,,,,,,,Tissue contexts,"Kang
IFN-beta
PBMC",True,True
local_refined,Kang_IFN_beta,stim,trrust_dorothea_intersection,spearman,top_500,10,500.0,0.5064,0.0053166405433005,0.0064,9.0,0.5064,Original dataset contexts,,,,,,,,,,Tissue contexts,"Kang
IFN-beta
PBMC",True,True
local_refined,Kang_IFN_beta,stim,trrust_dorothea_intersection,spearman,top_5pct,10,30.0,0.5599999999999999,0.0140545673785261,0.0599999999999999,10.0,0.5599999999999999,Original dataset contexts,,,,,,,,,,Tissue contexts,"Kang
IFN-beta
PBMC",True,True
server_nygc,NYGC_multimodal_PBMC,all,dorothea_ab,codetection_odds_ratio,top_100,10,100.0,0.532,0.0311982905514602,0.032,7.0,0.532,Original dataset contexts,,,,,,,,,,Tissue contexts,"NYGC
PBMC",True,True
server_nygc,NYGC_multimodal_PBMC,all,dorothea_ab,codetection_odds_ratio,top_500,10,500.0,0.5272,0.0067461923416925,0.0272,10.0,0.5272,Original dataset contexts,,,,,,,,,,Tissue contexts,"NYGC
PBMC",True,True
server_nygc,NYGC_multimodal_PBMC,all,dorothea_ab,codetection_odds_ratio,top_5pct,10,507.0,0.5274161735700197,0.0062510791973726,0.0274161735700197,10.0,0.5274161735700197,Original dataset contexts,,,,,,,,,,Tissue contexts,"NYGC
PBMC",True,True
server_nygc,NYGC_multimodal_PBMC,all,dorothea_ab,coexpression_probability,top_100,10,100.0,0.512,0.0078881063774661,0.012,9.0,0.512,Original dataset contexts,,,,,,,,,,Tissue contexts,"NYGC
PBMC",True,True
server_nygc,NYGC_multimodal_PBMC,all,dorothea_ab,coexpression_probability,top_500,10,500.0,0.4948,0.0054324130099902,-0.0052,0.0,0.4948,Original dataset contexts,,,,,,,,,,Tissue contexts,"NYGC
PBMC",True,True
server_nygc,NYGC_multimodal_PBMC,all,dorothea_ab,coexpression_probability,top_5pct,10,507.0,0.4930966469428008,0.0044591255641849,-0.0069033530571992,1.0,0.4930966469428008,Original dataset contexts,,,,,,,,,,Tissue contexts,"NYGC
PBMC",True,True
server_nygc,NYGC_multimodal_PBMC,all,dorothea_ab,mutual_information,top_100,10,100.0,0.571,0.0196920739836558,0.071,10.0,0.571,Original dataset contexts,,,,,,,,,,Tissue contexts,"NYGC
PBMC",True,True
server_nygc,NYGC_multimodal_PBMC,all,dorothea_ab,mutual_information,top_500,10,500.0,0.5194,0.0081130895608407,0.0194,10.0,0.5194,Original dataset contexts,,,,,,,,,,Tissue contexts,"NYGC
PBMC",True,True
server_nygc,NYGC_multimodal_PBMC,all,dorothea_ab,mutual_information,top_5pct,10,507.0,0.5195266272189349,0.0085823373423172,0.0195266272189349,10.0,0.5195266272189349,Original dataset contexts,,,,,,,,,,Tissue contexts,"NYGC
PBMC",True,True
server_nygc,NYGC_multimodal_PBMC,all,dorothea_ab,pearson,top_100,10,100.0,0.5780000000000001,0.0239443799947572,0.0779999999999999,10.0,0.5780000000000001,Original dataset contexts,,,,,,,,,,Tissue contexts,"NYGC
PBMC",True,True
server_nygc,NYGC_multimodal_PBMC,all,dorothea_ab,pearson,top_500,10,500.0,0.5176000000000001,0.006239658110292,0.0176,10.0,0.5176000000000001,Original dataset contexts,,,,,,,,,,Tissue contexts,"NYGC
PBMC",True,True
server_nygc,NYGC_multimodal_PBMC,all,dorothea_ab,pearson,top_5pct,10,507.0,0.5165680473372781,0.0054573322733588,0.0165680473372781,10.0,0.5165680473372781,Original dataset contexts,,,,,,,,,,Tissue contexts,"NYGC
PBMC",True,True
server_nygc,NYGC_multimodal_PBMC,all,dorothea_ab,spearman,top_100,10,100.0,0.561,0.0341402336775182,0.061,10.0,0.561,Original dataset contexts,,,,,,,,,,Tissue contexts,"NYGC
PBMC",True,True
server_nygc,NYGC_multimodal_PBMC,all,dorothea_ab,spearman,top_500,10,500.0,0.5164,0.0067197883564555,0.0164,10.0,0.5164,Original dataset contexts,,,,,,,,,,Tissue contexts,"NYGC
PBMC",True,True
server_nygc,NYGC_multimodal_PBMC,all,dorothea_ab,spearman,top_5pct,10,507.0,0.5145956607495069,0.0079685937021042,0.0145956607495069,10.0,0.5145956607495069,Original dataset contexts,,,,,,,,,,Tissue contexts,"NYGC
PBMC",True,True
server_nygc,NYGC_multimodal_PBMC,all,trrust,codetection_odds_ratio,top_100,10,100.0,0.618,0.0257336787541584,0.118,10.0,0.618,Original dataset contexts,,,,,,,,,,Tissue contexts,"NYGC
PBMC",True,True
server_nygc,NYGC_multimodal_PBMC,all,trrust,codetection_odds_ratio,top_500,10,500.0,0.5096,0.0071055533837196,0.0096,8.0,0.5096,Original dataset contexts,,,,,,,,,,Tissue contexts,"NYGC
PBMC",True,True
server_nygc,NYGC_multimodal_PBMC,all,trrust,codetection_odds_ratio,top_5pct,10,255.0,0.5403921568627451,0.0095701988066526,0.040392156862745,10.0,0.5403921568627451,Original dataset contexts,,,,,,,,,,Tissue contexts,"NYGC
PBMC",True,True
server_nygc,NYGC_multimodal_PBMC,all,trrust,coexpression_probability,top_100,10,100.0,0.5,0.0047140452079103,0.0,1.0,0.5,Original dataset contexts,,,,,,,,,,Tissue contexts,"NYGC
PBMC",True,True
server_nygc,NYGC_multimodal_PBMC,all,trrust,coexpression_probability,top_500,10,500.0,0.5014000000000001,0.0035339622081862,0.0014,7.0,0.5014000000000001,Original dataset contexts,,,,,,,,,,Tissue contexts,"NYGC
PBMC",True,True
server_nygc,NYGC_multimodal_PBMC,all,trrust,coexpression_probability,top_5pct,10,255.0,0.503921568627451,0.0059185523778675,0.0039215686274509,7.0,0.503921568627451,Original dataset contexts,,,,,,,,,,Tissue contexts,"NYGC
PBMC",True,True
server_nygc,NYGC_multimodal_PBMC,all,trrust,mutual_information,top_100,10,100.0,0.621,0.0110050493461461,0.121,10.0,0.621,Original dataset contexts,,,,,,,,,,Tissue contexts,"NYGC
PBMC",True,True
server_nygc,NYGC_multimodal_PBMC,all,trrust,mutual_information,top_500,10,500.0,0.4923999999999999,0.0080443216687991,-0.0076,1.0,0.4923999999999999,Original dataset contexts,,,,,,,,,,Tissue contexts,"NYGC
PBMC",True,True
server_nygc,NYGC_multimodal_PBMC,all,trrust,mutual_information,top_5pct,10,255.0,0.5388235294117647,0.0118659406200368,0.0388235294117646,10.0,0.5388235294117647,Original dataset contexts,,,,,,,,,,Tissue contexts,"NYGC
PBMC",True,True
server_nygc,NYGC_multimodal_PBMC,all,trrust,pearson,top_100,10,100.0,0.635,0.0190029237516523,0.135,10.0,0.635,Original dataset contexts,,,,,,,,,,Tissue contexts,"NYGC
PBMC",True,True
server_nygc,NYGC_multimodal_PBMC,all,trrust,pearson,top_500,10,500.0,0.5452,0.0091018923551338,0.0452,10.0,0.5452,Original dataset contexts,,,,,,,,,,Tissue contexts,"NYGC
PBMC",True,True
server_nygc,NYGC_multimodal_PBMC,all,trrust,pearson,top_5pct,10,255.0,0.5556862745098039,0.010301118067893,0.0556862745098039,10.0,0.5556862745098039,Original dataset contexts,,,,,,,,,,Tissue contexts,"NYGC
PBMC",True,True
server_nygc,NYGC_multimodal_PBMC,all,trrust,spearman,top_100,10,100.0,0.641,0.0233095116493961,0.141,10.0,0.641,Original dataset contexts,,,,,,,,,,Tissue contexts,"NYGC
PBMC",True,True
server_nygc,NYGC_multimodal_PBMC,all,trrust,spearman,top_500,10,500.0,0.521,0.0076739096221475,0.021,10.0,0.521,Original dataset contexts,,,,,,,,,,Tissue contexts,"NYGC
PBMC",True,True
server_nygc,NYGC_multimodal_PBMC,all,trrust,spearman,top_5pct,10,255.0,0.5305882352941176,0.0052450725876441,0.0305882352941176,10.0,0.5305882352941176,Original dataset contexts,,,,,,,,,,Tissue contexts,"NYGC
PBMC",True,True
server_nygc,NYGC_multimodal_PBMC,all,trrust_dorothea_intersection,codetection_odds_ratio,top_100,10,100.0,0.5700000000000001,0.0249443825784929,0.0699999999999999,10.0,0.5700000000000001,Original dataset contexts,,,,,,,,,,Tissue contexts,"NYGC
PBMC",True,True
server_nygc,NYGC_multimodal_PBMC,all,trrust_dorothea_intersection,codetection_odds_ratio,top_500,10,500.0,0.5266,0.0084353752468728,0.0266,10.0,0.5266,Original dataset contexts,,,,,,,,,,Tissue contexts,"NYGC
PBMC",True,True
server_nygc,NYGC_multimodal_PBMC,all,trrust_dorothea_intersection,codetection_odds_ratio,top_5pct,10,105.0,0.5714285714285714,0.0245903704521105,0.0714285714285714,10.0,0.5714285714285714,Original dataset contexts,,,,,,,,,,Tissue contexts,"NYGC
PBMC",True,True
server_nygc,NYGC_multimodal_PBMC,all,trrust_dorothea_intersection,coexpression_probability,top_100,10,100.0,0.481,0.0099442892601175,-0.019,0.0,0.481,Original dataset contexts,,,,,,,,,,Tissue contexts,"NYGC
PBMC",True,True
server_nygc,NYGC_multimodal_PBMC,all,trrust_dorothea_intersection,coexpression_probability,top_500,10,500.0,0.5008,0.0051811624607267,0.0008,5.0,0.5008,Original dataset contexts,,,,,,,,,,Tissue contexts,"NYGC
PBMC",True,True
server_nygc,NYGC_multimodal_PBMC,all,trrust_dorothea_intersection,coexpression_probability,top_5pct,10,105.0,0.4847619047619047,0.015191728398737,-0.0152380952380952,1.0,0.4847619047619047,Original dataset contexts,,,,,,,,,,Tissue contexts,"NYGC
PBMC",True,True
server_nygc,NYGC_multimodal_PBMC,all,trrust_dorothea_intersection,mutual_information,top_100,10,100.0,0.552,0.0113529242439509,0.052,10.0,0.552,Original dataset contexts,,,,,,,,,,Tissue contexts,"NYGC
PBMC",True,True
server_nygc,NYGC_multimodal_PBMC,all,trrust_dorothea_intersection,mutual_information,top_500,10,500.0,0.4948,0.0070047602861673,-0.0052,2.0,0.4948,Original dataset contexts,,,,,,,,,,Tissue contexts,"NYGC
PBMC",True,True
server_nygc,NYGC_multimodal_PBMC,all,trrust_dorothea_intersection,mutual_information,top_5pct,10,105.0,0.5447619047619048,0.0140545673785261,0.0447619047619047,10.0,0.5447619047619048,Original dataset contexts,,,,,,,,,,Tissue contexts,"NYGC
PBMC",True,True
server_nygc,NYGC_multimodal_PBMC,all,trrust_dorothea_intersection,pearson,top_100,10,100.0,0.55,0.0105409255338945,0.05,10.0,0.55,Original dataset contexts,,,,,,,,,,Tissue contexts,"NYGC
PBMC",True,True
server_nygc,NYGC_multimodal_PBMC,all,trrust_dorothea_intersection,pearson,top_500,10,500.0,0.5254000000000001,0.0031340424729448,0.0254,10.0,0.5254000000000001,Original dataset contexts,,,,,,,,,,Tissue contexts,"NYGC
PBMC",True,True
server_nygc,NYGC_multimodal_PBMC,all,trrust_dorothea_intersection,pearson,top_5pct,10,105.0,0.5533333333333333,0.0083390003406753,0.0533333333333333,10.0,0.5533333333333333,Original dataset contexts,,,,,,,,,,Tissue contexts,"NYGC
PBMC",True,True
server_nygc,NYGC_multimodal_PBMC,all,trrust_dorothea_intersection,spearman,top_100,10,100.0,0.5509999999999999,0.0218326971917503,0.051,10.0,0.5509999999999999,Original dataset contexts,,,,,,,,,,Tissue contexts,"NYGC
PBMC",True,True
server_nygc,NYGC_multimodal_PBMC,all,trrust_dorothea_intersection,spearman,top_500,10,500.0,0.5126000000000001,0.0085401014826132,0.0126,9.0,0.5126000000000001,Original dataset contexts,,,,,,,,,,Tissue contexts,"NYGC
PBMC",True,True
server_nygc,NYGC_multimodal_PBMC,all,trrust_dorothea_intersection,spearman,top_5pct,10,105.0,0.5504761904761905,0.0154221686368141,0.0504761904761904,10.0,0.5504761904761905,Original dataset contexts,,,,,,,,,,Tissue contexts,"NYGC
PBMC",True,True
server_nygc,NYGC_multimodal_PBMC,all,trrust_dorothea_union,codetection_odds_ratio,top_100,10,100.0,0.563,0.0125166555703456,0.063,10.0,0.563,Original dataset contexts,,,,,,,,,,Tissue contexts,"NYGC
PBMC",True,True
server_nygc,NYGC_multimodal_PBMC,all,trrust_dorothea_union,codetection_odds_ratio,top_500,10,500.0,0.5348,0.0071305290437978,0.0348,10.0,0.5348,Original dataset contexts,,,,,,,,,,Tissue contexts,"NYGC
PBMC",True,True
server_nygc,NYGC_multimodal_PBMC,all,trrust_dorothea_union,codetection_odds_ratio,top_5pct,10,657.0,0.5232876712328767,0.0081745851085227,0.0232876712328767,10.0,0.5232876712328767,Original dataset contexts,,,,,,,,,,Tissue contexts,"NYGC
PBMC",True,True
server_nygc,NYGC_multimodal_PBMC,all,trrust_dorothea_union,coexpression_probability,top_100,10,100.0,0.502,0.0091893658347268,0.002,5.0,0.502,Original dataset contexts,,,,,,,,,,Tissue contexts,"NYGC
PBMC",True,True
server_nygc,NYGC_multimodal_PBMC,all,trrust_dorothea_union,coexpression_probability,top_500,10,500.0,0.4939999999999999,0.0045215533220835,-0.006,0.0,0.4939999999999999,Original dataset contexts,,,,,,,,,,Tissue contexts,"NYGC
PBMC",True,True
server_nygc,NYGC_multimodal_PBMC,all,trrust_dorothea_union,coexpression_probability,top_5pct,10,657.0,0.4954337899543379,0.0019319566478599,-0.0045662100456621,0.0,0.4954337899543379,Original dataset contexts,,,,,,,,,,Tissue contexts,"NYGC
PBMC",True,True
server_nygc,NYGC_multimodal_PBMC,all,trrust_dorothea_union,mutual_information,top_100,10,100.0,0.593,0.0176698110409314,0.0929999999999999,10.0,0.593,Original dataset contexts,,,,,,,,,,Tissue contexts,"NYGC
PBMC",True,True
server_nygc,NYGC_multimodal_PBMC,all,trrust_dorothea_union,mutual_information,top_500,10,500.0,0.5316000000000001,0.0081540719207576,0.0316,10.0,0.5316000000000001,Original dataset contexts,,,,,,,,,,Tissue contexts,"NYGC
PBMC",True,True
server_nygc,NYGC_multimodal_PBMC,all,trrust_dorothea_union,mutual_information,top_5pct,10,657.0,0.5184170471841705,0.0067384912088823,0.0184170471841704,10.0,0.5184170471841705,Original dataset contexts,,,,,,,,,,Tissue contexts,"NYGC
PBMC",True,True
server_nygc,NYGC_multimodal_PBMC,all,trrust_dorothea_union,pearson,top_100,10,100.0,0.617,0.0156702123647242,0.1169999999999999,10.0,0.617,Original dataset contexts,,,,,,,,,,Tissue contexts,"NYGC
PBMC",True,True
server_nygc,NYGC_multimodal_PBMC,all,trrust_dorothea_union,pearson,top_500,10,500.0,0.5322,0.0056134758493388,0.0322,10.0,0.5322,Original dataset contexts,,,,,,,,,,Tissue contexts,"NYGC
PBMC",True,True
server_nygc,NYGC_multimodal_PBMC,all,trrust_dorothea_union,pearson,top_5pct,10,657.0,0.5197869101978692,0.0057063530589558,0.0197869101978691,10.0,0.5197869101978692,Original dataset contexts,,,,,,,,,,Tissue contexts,"NYGC
PBMC",True,True
server_nygc,NYGC_multimodal_PBMC,all,trrust_dorothea_union,spearman,top_100,10,100.0,0.583,0.0094868329805051,0.0829999999999999,10.0,0.583,Original dataset contexts,,,,,,,,,,Tissue contexts,"NYGC
PBMC",True,True
server_nygc,NYGC_multimodal_PBMC,all,trrust_dorothea_union,spearman,top_500,10,500.0,0.5224,0.0053995884616844,0.0224,10.0,0.5224,Original dataset contexts,,,,,,,,,,Tissue contexts,"NYGC
PBMC",True,True
server_nygc,NYGC_multimodal_PBMC,all,trrust_dorothea_union,spearman,top_5pct,10,657.0,0.5168949771689497,0.0064655636010447,0.0168949771689497,10.0,0.5168949771689497,Original dataset contexts,,,,,,,,,,Tissue contexts,"NYGC
PBMC",True,True
local_refined,PBMC10k,all,dorothea_ab,codetection_odds_ratio,top_100,10,100.0,0.549,0.0255821118057998,0.049,10.0,0.549,Original dataset contexts,,,,,,,,,,Tissue contexts,PBMC10k,True,True
local_refined,PBMC10k,all,dorothea_ab,codetection_odds_ratio,top_500,10,500.0,0.5412000000000001,0.0096240439640632,0.0412,10.0,0.5412000000000001,Original dataset contexts,,,,,,,,,,Tissue contexts,PBMC10k,True,True
local_refined,PBMC10k,all,dorothea_ab,codetection_odds_ratio,top_5pct,10,529.0,0.5410207939508507,0.0083022906575932,0.0410207939508506,10.0,0.5410207939508507,Original dataset contexts,,,,,,,,,,Tissue contexts,PBMC10k,True,True
local_refined,PBMC10k,all,dorothea_ab,coexpression_probability,top_100,10,100.0,0.497,0.0105934990547138,-0.003,3.0,0.497,Original dataset contexts,,,,,,,,,,Tissue contexts,PBMC10k,True,True
local_refined,PBMC10k,all,dorothea_ab,coexpression_probability,top_500,10,500.0,0.5018,0.0051164223611599,0.0018,5.0,0.5018,Original dataset contexts,,,,,,,,,,Tissue contexts,PBMC10k,True,True
local_refined,PBMC10k,all,dorothea_ab,coexpression_probability,top_5pct,10,529.0,0.5043478260869565,0.0048645895565516,0.0043478260869565,8.0,0.5043478260869565,Original dataset contexts,,,,,,,,,,Tissue contexts,PBMC10k,True,True
local_refined,PBMC10k,all,dorothea_ab,mutual_information,top_100,10,100.0,0.589,0.0152388392675499,0.0889999999999999,10.0,0.589,Original dataset contexts,,,,,,,,,,Tissue contexts,PBMC10k,True,True
local_refined,PBMC10k,all,dorothea_ab,mutual_information,top_500,10,500.0,0.504,0.007180219742846,0.004,8.0,0.504,Original dataset contexts,,,,,,,,,,Tissue contexts,PBMC10k,True,True
local_refined,PBMC10k,all,dorothea_ab,mutual_information,top_5pct,10,529.0,0.5051039697542533,0.0077070623069543,0.0051039697542533,7.0,0.5051039697542533,Original dataset contexts,,,,,,,,,,Tissue contexts,PBMC10k,True,True
local_refined,PBMC10k,all,dorothea_ab,pearson,top_100,10,100.0,0.59,0.0115470053837924,0.0899999999999999,10.0,0.59,Original dataset contexts,,,,,,,,,,Tissue contexts,PBMC10k,True,True
local_refined,PBMC10k,all,dorothea_ab,pearson,top_500,10,500.0,0.515,0.0060553007081949,0.015,10.0,0.515,Original dataset contexts,,,,,,,,,,Tissue contexts,PBMC10k,True,True
local_refined,PBMC10k,all,dorothea_ab,pearson,top_5pct,10,529.0,0.5103969754253308,0.0052719598395342,0.0103969754253308,10.0,0.5103969754253308,Original dataset contexts,,,,,,,,,,Tissue contexts,PBMC10k,True,True
local_refined,PBMC10k,all,dorothea_ab,spearman,top_100,10,100.0,0.59,0.0124721912892464,0.0899999999999999,10.0,0.59,Original dataset contexts,,,,,,,,,,Tissue contexts,PBMC10k,True,True
local_refined,PBMC10k,all,dorothea_ab,spearman,top_500,10,500.0,0.5052,0.005266244708835,0.0052,9.0,0.5052,Original dataset contexts,,,,,,,,,,Tissue contexts,PBMC10k,True,True
local_refined,PBMC10k,all,dorothea_ab,spearman,top_5pct,10,529.0,0.5054820415879017,0.0040051036123681,0.0054820415879016,9.0,0.5054820415879017,Original dataset contexts,,,,,,,,,,Tissue contexts,PBMC10k,True,True
local_refined,PBMC10k,all,trrust,codetection_odds_ratio,top_100,10,100.0,0.63,0.0149071198499985,0.13,10.0,0.63,Original dataset contexts,,,,,,,,,,Tissue contexts,PBMC10k,True,True
local_refined,PBMC10k,all,trrust,codetection_odds_ratio,top_500,10,500.0,0.5506,0.0076040924653914,0.0506,10.0,0.5506,Original dataset contexts,,,,,,,,,,Tissue contexts,PBMC10k,True,True
local_refined,PBMC10k,all,trrust,codetection_odds_ratio,top_5pct,10,266.0,0.5639097744360902,0.0116210758088918,0.0639097744360902,10.0,0.5639097744360902,Original dataset contexts,,,,,,,,,,Tissue contexts,PBMC10k,True,True
local_refined,PBMC10k,all,trrust,coexpression_probability,top_100,10,100.0,0.517,0.0094868329805051,0.017,9.0,0.517,Original dataset contexts,,,,,,,,,,Tissue contexts,PBMC10k,True,True
local_refined,PBMC10k,all,trrust,coexpression_probability,top_500,10,500.0,0.506,0.0023094010767585,0.006,10.0,0.506,Original dataset contexts,,,,,,,,,,Tissue contexts,PBMC10k,True,True
local_refined,PBMC10k,all,trrust,coexpression_probability,top_5pct,10,266.0,0.5022556390977444,0.0079650368832434,0.0022556390977443,4.0,0.5022556390977444,Original dataset contexts,,,,,,,,,,Tissue contexts,PBMC10k,True,True
local_refined,PBMC10k,all,trrust,mutual_information,top_100,10,100.0,0.631,0.0152388392675499,0.131,10.0,0.631,Original dataset contexts,,,,,,,,,,Tissue contexts,PBMC10k,True,True
local_refined,PBMC10k,all,trrust,mutual_information,top_500,10,500.0,0.5028,0.0059777364723893,0.0028,6.0,0.5028,Original dataset contexts,,,,,,,,,,Tissue contexts,PBMC10k,True,True
local_refined,PBMC10k,all,trrust,mutual_information,top_5pct,10,266.0,0.5259398496240602,0.0135489101962661,0.0259398496240601,10.0,0.5259398496240602,Original dataset contexts,,,,,,,,,,Tissue contexts,PBMC10k,True,True
local_refined,PBMC10k,all,trrust,pearson,top_100,10,100.0,0.633,0.0105934990547138,0.133,10.0,0.633,Original dataset contexts,,,,,,,,,,Tissue contexts,PBMC10k,True,True
local_refined,PBMC10k,all,trrust,pearson,top_500,10,500.0,0.5234,0.0103730419839119,0.0234,10.0,0.5234,Original dataset contexts,,,,,,,,,,Tissue contexts,PBMC10k,True,True
local_refined,PBMC10k,all,trrust,pearson,top_5pct,10,266.0,0.5357142857142858,0.009584623145851,0.0357142857142857,10.0,0.5357142857142858,Original dataset contexts,,,,,,,,,,Tissue contexts,PBMC10k,True,True
local_refined,PBMC10k,all,trrust,spearman,top_100,10,100.0,0.649,0.0207899548393502,0.149,10.0,0.649,Original dataset contexts,,,,,,,,,,Tissue contexts,PBMC10k,True,True
local_refined,PBMC10k,all,trrust,spearman,top_500,10,500.0,0.516,0.0111952370824977,0.016,9.0,0.516,Original dataset contexts,,,,,,,,,,Tissue contexts,PBMC10k,True,True
local_refined,PBMC10k,all,trrust,spearman,top_5pct,10,266.0,0.5195488721804511,0.0133563033528563,0.0195488721804511,9.0,0.5195488721804511,Original dataset contexts,,,,,,,,,,Tissue contexts,PBMC10k,True,True
local_refined,PBMC10k,all,trrust_dorothea_intersection,codetection_odds_ratio,top_100,10,100.0,0.585,0.0212132034355964,0.0849999999999999,10.0,0.585,Original dataset contexts,,,,,,,,,,Tissue contexts,PBMC10k,True,True
local_refined,PBMC10k,all,trrust_dorothea_intersection,codetection_odds_ratio,top_500,10,500.0,0.5348,0.0149428541078633,0.0348,10.0,0.5348,Original dataset contexts,,,,,,,,,,Tissue contexts,PBMC10k,True,True
local_refined,PBMC10k,all,trrust_dorothea_intersection,codetection_odds_ratio,top_5pct,10,108.0,0.5842592592592593,0.0154012036418205,0.0842592592592592,10.0,0.5842592592592593,Original dataset contexts,,,,,,,,,,Tissue contexts,PBMC10k,True,True
local_refined,PBMC10k,all,trrust_dorothea_intersection,coexpression_probability,top_100,10,100.0,0.502,0.0063245553203367,0.002,3.0,0.502,Original dataset contexts,,,,,,,,,,Tissue contexts,PBMC10k,True,True
local_refined,PBMC10k,all,trrust_dorothea_intersection,coexpression_probability,top_500,10,500.0,0.4993999999999999,0.0049035134795822,-0.0006,3.0,0.4993999999999999,Original dataset contexts,,,,,,,,,,Tissue contexts,PBMC10k,True,True
local_refined,PBMC10k,all,trrust_dorothea_intersection,coexpression_probability,top_5pct,10,108.0,0.5101851851851852,0.0029280348705262,0.0101851851851852,10.0,0.5101851851851852,Original dataset contexts,,,,,,,,,,Tissue contexts,PBMC10k,True,True
local_refined,PBMC10k,all,trrust_dorothea_intersection,mutual_information,top_100,10,100.0,0.519,0.0179195734076208,0.019,6.0,0.519,Original dataset contexts,,,,,,,,,,Tissue contexts,PBMC10k,True,True
local_refined,PBMC10k,all,trrust_dorothea_intersection,mutual_information,top_500,10,500.0,0.497,0.0115566238822398,-0.003,4.0,0.497,Original dataset contexts,,,,,,,,,,Tissue contexts,PBMC10k,True,True
local_refined,PBMC10k,all,trrust_dorothea_intersection,mutual_information,top_5pct,10,108.0,0.5175925925925926,0.0134179414316568,0.0175925925925926,9.0,0.5175925925925926,Original dataset contexts,,,,,,,,,,Tissue contexts,PBMC10k,True,True
local_refined,PBMC10k,all,trrust_dorothea_intersection,pearson,top_100,10,100.0,0.554,0.013498971154211,0.054,10.0,0.554,Original dataset contexts,,,,,,,,,,Tissue contexts,PBMC10k,True,True
local_refined,PBMC10k,all,trrust_dorothea_intersection,pearson,top_500,10,500.0,0.5198,0.0110131234846835,0.0198,10.0,0.5198,Original dataset contexts,,,,,,,,,,Tissue contexts,PBMC10k,True,True
local_refined,PBMC10k,all,trrust_dorothea_intersection,pearson,top_5pct,10,108.0,0.5287037037037037,0.0029280348705262,0.0287037037037037,10.0,0.5287037037037037,Original dataset contexts,,,,,,,,,,Tissue contexts,PBMC10k,True,True
local_refined,PBMC10k,all,trrust_dorothea_intersection,spearman,top_100,10,100.0,0.537,0.0141813649241217,0.037,10.0,0.537,Original dataset contexts,,,,,,,,,,Tissue contexts,PBMC10k,True,True
local_refined,PBMC10k,all,trrust_dorothea_intersection,spearman,top_500,10,500.0,0.518,0.0094751136023679,0.018,10.0,0.518,Original dataset contexts,,,,,,,,,,Tissue contexts,PBMC10k,True,True
local_refined,PBMC10k,all,trrust_dorothea_intersection,spearman,top_5pct,10,108.0,0.5351851851851852,0.0156161859761401,0.0351851851851852,10.0,0.5351851851851852,Original dataset contexts,,,,,,,,,,Tissue contexts,PBMC10k,True,True
local_refined,PBMC10k,all,trrust_dorothea_union,codetection_odds_ratio,top_100,10,100.0,0.611,0.0328125992061992,0.1109999999999999,10.0,0.611,Original dataset contexts,,,,,,,,,,Tissue contexts,PBMC10k,True,True
local_refined,PBMC10k,all,trrust_dorothea_union,codetection_odds_ratio,top_500,10,500.0,0.5418000000000001,0.0103901662910444,0.0418,10.0,0.5418000000000001,Original dataset contexts,,,,,,,,,,Tissue contexts,PBMC10k,True,True
local_refined,PBMC10k,all,trrust_dorothea_union,codetection_odds_ratio,top_5pct,10,686.0,0.5403790087463557,0.0045608163382924,0.0403790087463557,10.0,0.5403790087463557,Original dataset contexts,,,,,,,,,,Tissue contexts,PBMC10k,True,True
local_refined,PBMC10k,all,trrust_dorothea_union,coexpression_probability,top_100,10,100.0,0.5,0.0115470053837925,0.0,5.0,0.5,Original dataset contexts,,,,,,,,,,Tissue contexts,PBMC10k,True,True
local_refined,PBMC10k,all,trrust_dorothea_union,coexpression_probability,top_500,10,500.0,0.4996,0.0018378731669453,-0.0004,2.0,0.4996,Original dataset contexts,,,,,,,,,,Tissue contexts,PBMC10k,True,True
local_refined,PBMC10k,all,trrust_dorothea_union,coexpression_probability,top_5pct,10,686.0,0.511661807580175,0.0021730495408161,0.0116618075801749,10.0,0.511661807580175,Original dataset contexts,,,,,,,,,,Tissue contexts,PBMC10k,True,True
local_refined,PBMC10k,all,trrust_dorothea_union,mutual_information,top_100,10,100.0,0.614,0.0386436713231718,0.114,10.0,0.614,Original dataset contexts,,,,,,,,,,Tissue contexts,PBMC10k,True,True
local_refined,PBMC10k,all,trrust_dorothea_union,mutual_information,top_500,10,500.0,0.5222,0.0100421334607962,0.0222,10.0,0.5222,Original dataset contexts,,,,,,,,,,Tissue contexts,PBMC10k,True,True
local_refined,PBMC10k,all,trrust_dorothea_union,mutual_information,top_5pct,10,686.0,0.5099125364431487,0.0093162767434067,0.0099125364431486,8.0,0.5099125364431487,Original dataset contexts,,,,,,,,,,Tissue contexts,PBMC10k,True,True
local_refined,PBMC10k,all,trrust_dorothea_union,pearson,top_100,10,100.0,0.627,0.0368329562574967,0.127,10.0,0.627,Original dataset contexts,,,,,,,,,,Tissue contexts,PBMC10k,True,True
local_refined,PBMC10k,all,trrust_dorothea_union,pearson,top_500,10,500.0,0.5194,0.0116638091738696,0.0194,10.0,0.5194,Original dataset contexts,,,,,,,,,,Tissue contexts,PBMC10k,True,True
local_refined,PBMC10k,all,trrust_dorothea_union,pearson,top_5pct,10,686.0,0.5153061224489796,0.0079620843577132,0.0153061224489795,10.0,0.5153061224489796,Original dataset contexts,,,,,,,,,,Tissue contexts,PBMC10k,True,True
local_refined,PBMC10k,all,trrust_dorothea_union,spearman,top_100,10,100.0,0.628,0.0332665998663324,0.1279999999999999,10.0,0.628,Original dataset contexts,,,,,,,,,,Tissue contexts,PBMC10k,True,True
local_refined,PBMC10k,all,trrust_dorothea_union,spearman,top_500,10,500.0,0.5194,0.004993328882953,0.0194,10.0,0.5194,Original dataset contexts,,,,,,,,,,Tissue contexts,PBMC10k,True,True
local_refined,PBMC10k,all,trrust_dorothea_union,spearman,top_5pct,10,686.0,0.5100583090379008,0.0065354261724372,0.0100583090379008,9.0,0.5100583090379008,Original dataset contexts,,,,,,,,,,Tissue contexts,PBMC10k,True,True
,ZJU_HCL_adult_celltype,AT2 cell,dorothea_ab,codetection_odds_ratio,top_100,10,100.0,0.6479999999999999,0.0339280283999985,0.148,10.0,,Adult cell types,hcl_adult_celltype,0.0210288098675232,0.61,0.7,10.0,1082.0,541.0,541.0,True,Adult cell types,AT2 cell,True,True
,ZJU_HCL_adult_celltype,AT2 cell,dorothea_ab,codetection_odds_ratio,top_500,10,500.0,0.5176000000000001,0.0087330788767001,0.0176,10.0,,Adult cell types,hcl_adult_celltype,0.0054128183663103,0.508,0.534,10.0,1082.0,541.0,541.0,True,Adult cell types,AT2 cell,True,True
,ZJU_HCL_adult_celltype,AT2 cell,dorothea_ab,codetection_odds_ratio,top_5pct,10,55.0,0.6690909090909092,0.0381385035698236,0.1690909090909091,10.0,,Adult cell types,hcl_adult_celltype,0.0236384894148966,0.6,0.7090909090909091,10.0,1082.0,541.0,541.0,True,Adult cell types,AT2 cell,True,True
,ZJU_HCL_adult_celltype,AT2 cell,dorothea_ab,coexpression_probability,top_100,10,100.0,0.5,0.0081649658092772,0.0,3.0,,Adult cell types,hcl_adult_celltype,0.0050606982390443,0.49,0.51,10.0,1082.0,541.0,541.0,False,Adult cell types,AT2 cell,True,True
,ZJU_HCL_adult_celltype,AT2 cell,dorothea_ab,coexpression_probability,top_500,10,500.0,0.5074,0.0016465452046971,0.0074,10.0,,Adult cell types,hcl_adult_celltype,0.0010205392909851,0.506,0.51,10.0,1082.0,541.0,541.0,True,Adult cell types,AT2 cell,True,True
,ZJU_HCL_adult_celltype,AT2 cell,dorothea_ab,coexpression_probability,top_5pct,10,55.0,0.4981818181818181,0.0093890505362603,-0.0018181818181818,4.0,,Adult cell types,hcl_adult_celltype,0.0058193938131575,0.4909090909090909,0.509090909090909,10.0,1082.0,541.0,541.0,False,Adult cell types,AT2 cell,True,True
,ZJU_HCL_adult_celltype,AT2 cell,dorothea_ab,mutual_information,top_100,10,100.0,0.576,0.0250333111406914,0.0759999999999999,10.0,,Adult cell types,hcl_adult_celltype,0.0155158069937295,0.53,0.63,10.0,1082.0,541.0,541.0,True,Adult cell types,AT2 cell,True,True
,ZJU_HCL_adult_celltype,AT2 cell,dorothea_ab,mutual_information,top_500,10,500.0,0.5242,0.0099977775308093,0.0242,10.0,,Adult cell types,hcl_adult_celltype,0.0061966867132542,0.504,0.534,10.0,1082.0,541.0,541.0,True,Adult cell types,AT2 cell,True,True
,ZJU_HCL_adult_celltype,AT2 cell,dorothea_ab,mutual_information,top_5pct,10,55.0,0.6163636363636363,0.0314334605573089,0.1163636363636363,10.0,,Adult cell types,hcl_adult_celltype,0.0194826607000237,0.5636363636363636,0.6545454545454545,10.0,1082.0,541.0,541.0,True,Adult cell types,AT2 cell,True,True
,ZJU_HCL_adult_celltype,AT2 cell,dorothea_ab,pearson,top_100,10,100.0,0.63,0.0149071198499986,0.13,10.0,,Adult cell types,hcl_adult_celltype,0.0092395286075042,0.6,0.66,10.0,1082.0,541.0,541.0,True,Adult cell types,AT2 cell,True,True
,ZJU_HCL_adult_celltype,AT2 cell,dorothea_ab,pearson,top_500,10,500.0,0.5334000000000001,0.0104583831340115,0.0334,10.0,,Adult cell types,hcl_adult_celltype,0.0064821730238486,0.52,0.552,10.0,1082.0,541.0,541.0,True,Adult cell types,AT2 cell,True,True
,ZJU_HCL_adult_celltype,AT2 cell,dorothea_ab,pearson,top_5pct,10,55.0,0.6581818181818182,0.0281671516087812,0.1581818181818181,10.0,,Adult cell types,hcl_adult_celltype,0.0174581814394728,0.6181818181818182,0.6909090909090909,10.0,1082.0,541.0,541.0,True,Adult cell types,AT2 cell,True,True
,ZJU_HCL_adult_celltype,AT2 cell,dorothea_ab,spearman,top_100,10,100.0,0.603,0.0182878222991269,0.1029999999999999,10.0,,Adult cell types,hcl_adult_celltype,0.011334909694293,0.57,0.63,10.0,1082.0,541.0,541.0,True,Adult cell types,AT2 cell,True,True
,ZJU_HCL_adult_celltype,AT2 cell,dorothea_ab,spearman,top_500,10,500.0,0.523,0.0087050432381337,0.023,10.0,,Adult cell types,hcl_adult_celltype,0.005395441697499,0.508,0.536,10.0,1082.0,541.0,541.0,True,Adult cell types,AT2 cell,True,True
,ZJU_HCL_adult_celltype,AT2 cell,dorothea_ab,spearman,top_5pct,10,55.0,0.6581818181818182,0.0340690165395277,0.1581818181818181,10.0,,Adult cell types,hcl_adult_celltype,0.0211161952217437,0.6,0.7090909090909091,10.0,1082.0,541.0,541.0,True,Adult cell types,AT2 cell,True,True
,ZJU_HCL_adult_celltype,AT2 cell,trrust,codetection_odds_ratio,top_100,10,100.0,0.711,0.0280673792466945,0.211,10.0,,Adult cell types,hcl_adult_celltype,0.0173963418887739,0.66,0.75,10.0,668.0,334.0,334.0,True,Adult cell types,AT2 cell,True,True
,ZJU_HCL_adult_celltype,AT2 cell,trrust,codetection_odds_ratio,top_500,10,500.0,0.533,0.0076157731058639,0.033,10.0,,Adult cell types,hcl_adult_celltype,0.0047203050748865,0.522,0.542,10.0,668.0,334.0,334.0,True,Adult cell types,AT2 cell,True,True
,ZJU_HCL_adult_celltype,AT2 cell,trrust,codetection_odds_ratio,top_5pct,10,34.0,0.8088235294117647,0.0811418890061119,0.3088235294117647,10.0,,Adult cell types,hcl_adult_celltype,0.0502922638499464,0.7058823529411765,0.9411764705882352,10.0,668.0,334.0,334.0,True,Adult cell types,AT2 cell,True,True
,ZJU_HCL_adult_celltype,AT2 cell,trrust,coexpression_probability,top_100,10,100.0,0.507,0.011595018087284,0.007,6.0,,Adult cell types,hcl_adult_celltype,0.0071866666666666,0.49,0.52,10.0,668.0,334.0,334.0,False,Adult cell types,AT2 cell,True,True
,ZJU_HCL_adult_celltype,AT2 cell,trrust,coexpression_probability,top_500,10,500.0,0.51,0.0026666666666666,0.01,10.0,,Adult cell types,hcl_adult_celltype,0.0016528171237146,0.506,0.514,10.0,668.0,334.0,334.0,True,Adult cell types,AT2 cell,True,True
,ZJU_HCL_adult_celltype,AT2 cell,trrust,coexpression_probability,top_5pct,10,34.0,0.5647058823529412,0.0186016332951081,0.0647058823529412,10.0,,Adult cell types,hcl_adult_celltype,0.0115294117647058,0.5294117647058824,0.5882352941176471,10.0,668.0,334.0,334.0,True,Adult cell types,AT2 cell,True,True
,ZJU_HCL_adult_celltype,AT2 cell,trrust,mutual_information,top_100,10,100.0,0.64,0.0282842712474618,0.1399999999999999,10.0,,Adult cell types,hcl_adult_celltype,0.0175307729435983,0.59,0.69,10.0,668.0,334.0,334.0,True,Adult cell types,AT2 cell,True,True
,ZJU_HCL_adult_celltype,AT2 cell,trrust,mutual_information,top_500,10,500.0,0.5206000000000001,0.0073060097028253,0.0206,10.0,,Adult cell types,hcl_adult_celltype,0.0045283117285707,0.512,0.534,10.0,668.0,334.0,334.0,True,Adult cell types,AT2 cell,True,True
,ZJU_HCL_adult_celltype,AT2 cell,trrust,mutual_information,top_5pct,10,34.0,0.7205882352941176,0.0443891428340069,0.2205882352941176,10.0,,Adult cell types,hcl_adult_celltype,0.0275126757686486,0.6764705882352942,0.7941176470588235,10.0,668.0,334.0,334.0,True,Adult cell types,AT2 cell,True,True
,ZJU_HCL_adult_celltype,AT2 cell,trrust,pearson,top_100,10,100.0,0.669,0.0284604989415154,0.169,10.0,,Adult cell types,hcl_adult_celltype,0.0176399999999999,0.61,0.72,10.0,668.0,334.0,334.0,True,Adult cell types,AT2 cell,True,True
,ZJU_HCL_adult_celltype,AT2 cell,trrust,pearson,top_500,10,500.0,0.5202,0.0078570562765792,0.0202,10.0,,Adult cell types,hcl_adult_celltype,0.00486985393347,0.51,0.534,10.0,668.0,334.0,334.0,True,Adult cell types,AT2 cell,True,True
,ZJU_HCL_adult_celltype,AT2 cell,trrust,pearson,top_5pct,10,34.0,0.7676470588235295,0.0426216963123218,0.2676470588235294,10.0,,Adult cell types,hcl_adult_celltype,0.0264172010650395,0.7058823529411765,0.8235294117647058,10.0,668.0,334.0,334.0,True,Adult cell types,AT2 cell,True,True
,ZJU_HCL_adult_celltype,AT2 cell,trrust,spearman,top_100,10,100.0,0.673,0.0275075747143703,0.173,10.0,,Adult cell types,hcl_adult_celltype,0.0170493714449145,0.63,0.72,10.0,668.0,334.0,334.0,True,Adult cell types,AT2 cell,True,True
,ZJU_HCL_adult_celltype,AT2 cell,trrust,spearman,top_500,10,500.0,0.5254000000000001,0.0071833139984271,0.0254,10.0,,Adult cell types,hcl_adult_celltype,0.0044522641431074,0.514,0.534,10.0,668.0,334.0,334.0,True,Adult cell types,AT2 cell,True,True
,ZJU_HCL_adult_celltype,AT2 cell,trrust,spearman,top_5pct,10,34.0,0.7294117647058824,0.0387223875649637,0.2294117647058823,10.0,,Adult cell types,hcl_adult_celltype,0.024000384464433,0.6470588235294118,0.7941176470588235,10.0,668.0,334.0,334.0,True,Adult cell types,AT2 cell,True,True
,ZJU_HCL_adult_celltype,AT2 cell,trrust_dorothea_intersection,codetection_odds_ratio,top_100,10,100.0,0.606,0.0267498701969852,0.1059999999999999,10.0,,Adult cell types,hcl_adult_celltype,0.0165797413195207,0.57,0.66,10.0,314.0,157.0,157.0,True,Adult cell types,AT2 cell,True,True
,ZJU_HCL_adult_celltype,AT2 cell,trrust_dorothea_intersection,codetection_odds_ratio,top_500,10,314.0,,0.0,,,,Adult cell types,hcl_adult_celltype,,,,0.0,314.0,157.0,157.0,False,Adult cell types,AT2 cell,True,False
,ZJU_HCL_adult_celltype,AT2 cell,trrust_dorothea_intersection,codetection_odds_ratio,top_5pct,10,16.0,0.74375,0.1299372177459389,0.24375,10.0,,Adult cell types,hcl_adult_celltype,0.0805359219368737,0.5625,0.9375,10.0,314.0,157.0,157.0,True,Adult cell types,AT2 cell,True,True
,ZJU_HCL_adult_celltype,AT2 cell,trrust_dorothea_intersection,coexpression_probability,top_100,10,100.0,0.506,0.0051639777949432,0.006,6.0,,Adult cell types,hcl_adult_celltype,0.0032006665972366,0.5,0.51,10.0,314.0,157.0,157.0,False,Adult cell types,AT2 cell,True,True
,ZJU_HCL_adult_celltype,AT2 cell,trrust_dorothea_intersection,coexpression_probability,top_500,10,314.0,,0.0,,,,Adult cell types,hcl_adult_celltype,,,,0.0,314.0,157.0,157.0,False,Adult cell types,AT2 cell,True,False
,ZJU_HCL_adult_celltype,AT2 cell,trrust_dorothea_intersection,coexpression_probability,top_5pct,10,16.0,0.50625,0.0197642353760523,0.00625,1.0,,Adult cell types,hcl_adult_celltype,0.0122499999999999,0.5,0.5625,10.0,314.0,157.0,157.0,False,Adult cell types,AT2 cell,True,True
,ZJU_HCL_adult_celltype,AT2 cell,trrust_dorothea_intersection,mutual_information,top_100,10,100.0,0.628,0.0161932770686548,0.128,10.0,,Adult cell types,hcl_adult_celltype,0.0100366971105483,0.59,0.64,10.0,314.0,157.0,157.0,True,Adult cell types,AT2 cell,True,True
,ZJU_HCL_adult_celltype,AT2 cell,trrust_dorothea_intersection,mutual_information,top_500,10,314.0,,0.0,,,,Adult cell types,hcl_adult_celltype,,,,0.0,314.0,157.0,157.0,False,Adult cell types,AT2 cell,True,False
,ZJU_HCL_adult_celltype,AT2 cell,trrust_dorothea_intersection,mutual_information,top_5pct,10,16.0,0.75,0.0294627825494394,0.25,10.0,,Adult cell types,hcl_adult_celltype,0.0182612218162482,0.6875,0.8125,10.0,314.0,157.0,157.0,True,Adult cell types,AT2 cell,True,True
,ZJU_HCL_adult_celltype,AT2 cell,trrust_dorothea_intersection,pearson,top_100,10,100.0,0.641,0.0179195734076208,0.141,10.0,,Adult cell types,hcl_adult_celltype,0.0111066666666666,0.62,0.66,10.0,314.0,157.0,157.0,True,Adult cell types,AT2 cell,True,True
,ZJU_HCL_adult_celltype,AT2 cell,trrust_dorothea_intersection,pearson,top_500,10,314.0,,0.0,,,,Adult cell types,hcl_adult_celltype,,,,0.0,314.0,157.0,157.0,False,Adult cell types,AT2 cell,True,False
,ZJU_HCL_adult_celltype,AT2 cell,trrust_dorothea_intersection,pearson,top_5pct,10,16.0,0.81875,0.0197642353760523,0.31875,10.0,,Adult cell types,hcl_adult_celltype,0.0122499999999999,0.8125,0.875,10.0,314.0,157.0,157.0,True,Adult cell types,AT2 cell,True,True
,ZJU_HCL_adult_celltype,AT2 cell,trrust_dorothea_intersection,spearman,top_100,10,100.0,0.639,0.0128668393770791,0.139,10.0,,Adult cell types,hcl_adult_celltype,0.007974949668946,0.62,0.66,10.0,314.0,157.0,157.0,True,Adult cell types,AT2 cell,True,True
,ZJU_HCL_adult_celltype,AT2 cell,trrust_dorothea_intersection,spearman,top_500,10,314.0,,0.0,,,,Adult cell types,hcl_adult_celltype,,,,0.0,314.0,157.0,157.0,False,Adult cell types,AT2 cell,True,False
,ZJU_HCL_adult_celltype,AT2 cell,trrust_dorothea_intersection,spearman,top_5pct,10,16.0,0.6625,0.0437003686737563,0.1625,10.0,,Adult cell types,hcl_adult_celltype,0.0270857691212357,0.5625,0.6875,10.0,314.0,157.0,157.0,True,Adult cell types,AT2 cell,True,True
,ZJU_HCL_adult_celltype,AT2 cell,trrust_dorothea_union,codetection_odds_ratio,top_100,10,100.0,0.688,0.0342539535431069,0.188,10.0,,Adult cell types,hcl_adult_celltype,0.0212308203641152,0.62,0.74,10.0,1436.0,718.0,718.0,True,Adult cell types,AT2 cell,True,True
,ZJU_HCL_adult_celltype,AT2 cell,trrust_dorothea_union,codetection_odds_ratio,top_500,10,500.0,0.5706,0.0079470469707655,0.0705999999999999,10.0,,Adult cell types,hcl_adult_celltype,0.0049256307435923,0.562,0.586,10.0,1436.0,718.0,718.0,True,Adult cell types,AT2 cell,True,True
,ZJU_HCL_adult_celltype,AT2 cell,trrust_dorothea_union,codetection_odds_ratio,top_5pct,10,72.0,0.7208333333333333,0.0317053586449332,0.2208333333333333,10.0,,Adult cell types,hcl_adult_celltype,0.0196511848806977,0.6527777777777778,0.75,10.0,1436.0,718.0,718.0,True,Adult cell types,AT2 cell,True,True
,ZJU_HCL_adult_celltype,AT2 cell,trrust_dorothea_union,coexpression_probability,top_100,10,100.0,0.508,0.0042163702135578,0.008,8.0,,Adult cell types,hcl_adult_celltype,0.0026133333333333,0.5,0.51,10.0,1436.0,718.0,718.0,False,Adult cell types,AT2 cell,True,True
,ZJU_HCL_adult_celltype,AT2 cell,trrust_dorothea_union,coexpression_probability,top_500,10,500.0,0.511,0.0041365578819969,0.011,10.0,,Adult cell types,hcl_adult_celltype,0.0025638651377255,0.506,0.518,10.0,1436.0,718.0,718.0,True,Adult cell types,AT2 cell,True,True
,ZJU_HCL_adult_celltype,AT2 cell,trrust_dorothea_union,coexpression_probability,top_5pct,10,72.0,0.5083333333333333,0.0097111930386125,0.0083333333333333,5.0,,Adult cell types,hcl_adult_celltype,0.006019059804719,0.5,0.5277777777777778,10.0,1436.0,718.0,718.0,False,Adult cell types,AT2 cell,True,True
,ZJU_HCL_adult_celltype,AT2 cell,trrust_dorothea_union,mutual_information,top_100,10,100.0,0.633,0.0194650684275419,0.133,10.0,,Adult cell types,hcl_adult_celltype,0.0120645744042446,0.61,0.67,10.0,1436.0,718.0,718.0,True,Adult cell types,AT2 cell,True,True
,ZJU_HCL_adult_celltype,AT2 cell,trrust_dorothea_union,mutual_information,top_500,10,500.0,0.5562,0.0113313723793722,0.0562,10.0,,Adult cell types,hcl_adult_celltype,0.0070232573639301,0.534,0.574,10.0,1436.0,718.0,718.0,True,Adult cell types,AT2 cell,True,True
,ZJU_HCL_adult_celltype,AT2 cell,trrust_dorothea_union,mutual_information,top_5pct,10,72.0,0.6472222222222223,0.0228686833985712,0.1472222222222222,10.0,,Adult cell types,hcl_adult_celltype,0.014174156819238,0.625,0.6944444444444444,10.0,1436.0,718.0,718.0,True,Adult cell types,AT2 cell,True,True
,ZJU_HCL_adult_celltype,AT2 cell,trrust_dorothea_union,pearson,top_100,10,100.0,0.6759999999999999,0.0164654520469712,0.176,10.0,,Adult cell types,hcl_adult_celltype,0.0102053929098513,0.66,0.71,10.0,1436.0,718.0,718.0,True,Adult cell types,AT2 cell,True,True
,ZJU_HCL_adult_celltype,AT2 cell,trrust_dorothea_union,pearson,top_500,10,500.0,0.5728,0.0061246315081897,0.0727999999999999,10.0,,Adult cell types,hcl_adult_celltype,0.0037960859374419,0.564,0.586,10.0,1436.0,718.0,718.0,True,Adult cell types,AT2 cell,True,True
,ZJU_HCL_adult_celltype,AT2 cell,trrust_dorothea_union,pearson,top_5pct,10,72.0,0.6625,0.0285764803000203,0.1624999999999999,10.0,,Adult cell types,hcl_adult_celltype,0.0177118859907632,0.625,0.7222222222222222,10.0,1436.0,718.0,718.0,True,Adult cell types,AT2 cell,True,True
,ZJU_HCL_adult_celltype,AT2 cell,trrust_dorothea_union,spearman,top_100,10,100.0,0.664,0.0164654520469712,0.164,10.0,,Adult cell types,hcl_adult_celltype,0.0102053929098513,0.65,0.7,10.0,1436.0,718.0,718.0,True,Adult cell types,AT2 cell,True,True
,ZJU_HCL_adult_celltype,AT2 cell,trrust_dorothea_union,spearman,top_500,10,500.0,0.5616,0.0069793345750945,0.0616,10.0,,Adult cell types,hcl_adult_celltype,0.0043258363866938,0.55,0.572,10.0,1436.0,718.0,718.0,True,Adult cell types,AT2 cell,True,True
,ZJU_HCL_adult_celltype,AT2 cell,trrust_dorothea_union,spearman,top_5pct,10,72.0,0.673611111111111,0.0328997000082219,0.1736111111111111,10.0,,Adult cell types,hcl_adult_celltype,0.0203914453269993,0.625,0.7222222222222222,10.0,1436.0,718.0,718.0,True,Adult cell types,AT2 cell,True,True
,ZJU_HCL_adult_celltype,Endothelial cell,dorothea_ab,codetection_odds_ratio,top_100,10,100.0,0.599,0.0338132124077753,0.099,10.0,,Adult cell types,hcl_adult_celltype,0.0209576461782647,0.56,0.64,10.0,1574.0,787.0,787.0,True,Adult cell types,Endothelial cell,True,True
,ZJU_HCL_adult_celltype,Endothelial cell,dorothea_ab,codetection_odds_ratio,top_500,10,500.0,0.5438000000000001,0.0127349039171003,0.0438,10.0,,Adult cell types,hcl_adult_celltype,0.0078931752236416,0.526,0.568,10.0,1574.0,787.0,787.0,True,Adult cell types,Endothelial cell,True,True
,ZJU_HCL_adult_celltype,Endothelial cell,dorothea_ab,codetection_odds_ratio,top_5pct,10,79.0,0.6278481012658228,0.0354028303179798,0.1278481012658227,10.0,,Adult cell types,hcl_adult_celltype,0.0219429015665707,0.5822784810126582,0.6835443037974683,10.0,1574.0,787.0,787.0,True,Adult cell types,Endothelial cell,True,True
,ZJU_HCL_adult_celltype,Endothelial cell,dorothea_ab,coexpression_probability,top_100,10,100.0,0.513,0.0048304589153964,0.013,10.0,,Adult cell types,hcl_adult_celltype,0.0029939494540378,0.51,0.52,10.0,1574.0,787.0,787.0,True,Adult cell types,Endothelial cell,True,True
,ZJU_HCL_adult_celltype,Endothelial cell,dorothea_ab,coexpression_probability,top_500,10,500.0,0.499,0.001943650631615,-0.001,1.0,,Adult cell types,hcl_adult_celltype,0.0012046871424196,0.498,0.504,10.0,1574.0,787.0,787.0,False,Adult cell types,Endothelial cell,True,True
,ZJU_HCL_adult_celltype,Endothelial cell,dorothea_ab,coexpression_probability,top_5pct,10,79.0,0.5063291139240507,0.0,0.0063291139240506,10.0,,Adult cell types,hcl_adult_celltype,0.0,0.5063291139240507,0.5063291139240507,10.0,1574.0,787.0,787.0,True,Adult cell types,Endothelial cell,True,True
,ZJU_HCL_adult_celltype,Endothelial cell,dorothea_ab,mutual_information,top_100,10,100.0,0.589,0.0179195734076208,0.0889999999999999,10.0,,Adult cell types,hcl_adult_celltype,0.0111066666666666,0.57,0.62,10.0,1574.0,787.0,787.0,True,Adult cell types,Endothelial cell,True,True
,ZJU_HCL_adult_celltype,Endothelial cell,dorothea_ab,mutual_information,top_500,10,500.0,0.5272,0.0054324130099902,0.0272,10.0,,Adult cell types,hcl_adult_celltype,0.0033670444672508,0.52,0.538,10.0,1574.0,787.0,787.0,True,Adult cell types,Endothelial cell,True,True
,ZJU_HCL_adult_celltype,Endothelial cell,dorothea_ab,mutual_information,top_5pct,10,79.0,0.5936708860759493,0.0350236387669994,0.0936708860759493,10.0,,Adult cell types,hcl_adult_celltype,0.0217078762083351,0.5316455696202531,0.6582278481012658,10.0,1574.0,787.0,787.0,True,Adult cell types,Endothelial cell,True,True
,ZJU_HCL_adult_celltype,Endothelial cell,dorothea_ab,pearson,top_100,10,100.0,0.585,0.0212132034355963,0.0849999999999999,10.0,,Adult cell types,hcl_adult_celltype,0.0131480797076987,0.56,0.62,10.0,1574.0,787.0,787.0,True,Adult cell types,Endothelial cell,True,True
,ZJU_HCL_adult_celltype,Endothelial cell,dorothea_ab,pearson,top_500,10,500.0,0.5234,0.0089962955339035,0.0234,10.0,,Adult cell types,hcl_adult_celltype,0.0055759617406626,0.512,0.544,10.0,1574.0,787.0,787.0,True,Adult cell types,Endothelial cell,True,True
,ZJU_HCL_adult_celltype,Endothelial cell,dorothea_ab,pearson,top_5pct,10,79.0,0.6189873417721519,0.0210548100419825,0.1189873417721519,10.0,,Adult cell types,hcl_adult_celltype,0.0130499064652306,0.5949367088607594,0.6708860759493671,10.0,1574.0,787.0,787.0,True,Adult cell types,Endothelial cell,True,True
,ZJU_HCL_adult_celltype,Endothelial cell,dorothea_ab,spearman,top_100,10,100.0,0.586,0.0126491106406735,0.0859999999999999,10.0,,Adult cell types,hcl_adult_celltype,0.00784,0.57,0.6,10.0,1574.0,787.0,787.0,True,Adult cell types,Endothelial cell,True,True
,ZJU_HCL_adult_celltype,Endothelial cell,dorothea_ab,spearman,top_500,10,500.0,0.5242,0.0066298986082409,0.0242,10.0,,Adult cell types,hcl_adult_celltype,0.0041092537305722,0.508,0.532,10.0,1574.0,787.0,787.0,True,Adult cell types,Endothelial cell,True,True
,ZJU_HCL_adult_celltype,Endothelial cell,dorothea_ab,spearman,top_5pct,10,79.0,0.5746835443037974,0.0316877356211284,0.0746835443037974,10.0,,Adult cell types,hcl_adult_celltype,0.0196402620173791,0.5316455696202531,0.6329113924050633,10.0,1574.0,787.0,787.0,True,Adult cell types,Endothelial cell,True,True
,ZJU_HCL_adult_celltype,Endothelial cell,trrust,codetection_odds_ratio,top_100,10,100.0,0.617,0.0298328677803526,0.1169999999999999,10.0,,Adult cell types,hcl_adult_celltype,0.0184906030188309,0.58,0.67,10.0,1056.0,528.0,528.0,True,Adult cell types,Endothelial cell,True,True
,ZJU_HCL_adult_celltype,Endothelial cell,trrust,codetection_odds_ratio,top_500,10,500.0,0.5422,0.0084564242508941,0.0422,10.0,,Adult cell types,hcl_adult_celltype,0.0052413460527277,0.524,0.556,10.0,1056.0,528.0,528.0,True,Adult cell types,Endothelial cell,True,True
,ZJU_HCL_adult_celltype,Endothelial cell,trrust,codetection_odds_ratio,top_5pct,10,53.0,0.7037735849056603,0.0479392176104641,0.2037735849056604,10.0,,Adult cell types,hcl_adult_celltype,0.0297130349115222,0.6037735849056604,0.7547169811320755,10.0,1056.0,528.0,528.0,True,Adult cell types,Endothelial cell,True,True
,ZJU_HCL_adult_celltype,Endothelial cell,trrust,coexpression_probability,top_100,10,100.0,0.522,0.0042163702135578,0.022,10.0,,Adult cell types,hcl_adult_celltype,0.0026133333333333,0.52,0.53,10.0,1056.0,528.0,528.0,True,Adult cell types,Endothelial cell,True,True
,ZJU_HCL_adult_celltype,Endothelial cell,trrust,coexpression_probability,top_500,10,500.0,0.5035999999999999,0.0035023801430836,0.0036,7.0,,Adult cell types,hcl_adult_celltype,0.0021707977028425,0.5,0.51,10.0,1056.0,528.0,528.0,False,Adult cell types,Endothelial cell,True,True
,ZJU_HCL_adult_celltype,Endothelial cell,trrust,coexpression_probability,top_5pct,10,53.0,0.539622641509434,0.0097433543300815,0.0396226415094339,10.0,,Adult cell types,hcl_adult_celltype,0.0060389935796918,0.5283018867924528,0.5471698113207547,10.0,1056.0,528.0,528.0,True,Adult cell types,Endothelial cell,True,True
,ZJU_HCL_adult_celltype,Endothelial cell,trrust,mutual_information,top_100,10,100.0,0.593,0.0094868329805051,0.0929999999999999,10.0,,Adult cell types,hcl_adult_celltype,0.00588,0.58,0.61,10.0,1056.0,528.0,528.0,True,Adult cell types,Endothelial cell,True,True
,ZJU_HCL_adult_celltype,Endothelial cell,trrust,mutual_information,top_500,10,500.0,0.5354,0.007834397090892,0.0354,10.0,,Adult cell types,hcl_adult_celltype,0.0048558096246775,0.522,0.544,10.0,1056.0,528.0,528.0,True,Adult cell types,Endothelial cell,True,True
,ZJU_HCL_adult_celltype,Endothelial cell,trrust,mutual_information,top_5pct,10,53.0,0.6679245283018868,0.0284065151965691,0.1679245283018867,10.0,,Adult cell types,hcl_adult_celltype,0.0176065405282314,0.6226415094339622,0.7169811320754716,10.0,1056.0,528.0,528.0,True,Adult cell types,Endothelial cell,True,True
,ZJU_HCL_adult_celltype,Endothelial cell,trrust,pearson,top_100,10,100.0,0.614,0.0177638834592989,0.1139999999999999,10.0,,Adult cell types,hcl_adult_celltype,0.0110101690369504,0.58,0.64,10.0,1056.0,528.0,528.0,True,Adult cell types,Endothelial cell,True,True
,ZJU_HCL_adult_celltype,Endothelial cell,trrust,pearson,top_500,10,500.0,0.5318,0.0042635405214185,0.0318,10.0,,Adult cell types,hcl_adult_celltype,0.0026425697930444,0.526,0.54,10.0,1056.0,528.0,528.0,True,Adult cell types,Endothelial cell,True,True
,ZJU_HCL_adult_celltype,Endothelial cell,trrust,pearson,top_5pct,10,53.0,0.6679245283018868,0.0182281468505527,0.1679245283018867,10.0,,Adult cell types,hcl_adult_celltype,0.0112979224680672,0.6415094339622641,0.6981132075471698,10.0,1056.0,528.0,528.0,True,Adult cell types,Endothelial cell,True,True
,ZJU_HCL_adult_celltype,Endothelial cell,trrust,spearman,top_100,10,100.0,0.623,0.0156702123647242,0.123,10.0,,Adult cell types,hcl_adult_celltype,0.009712498248248,0.6,0.64,10.0,1056.0,528.0,528.0,True,Adult cell types,Endothelial cell,True,True
,ZJU_HCL_adult_celltype,Endothelial cell,trrust,spearman,top_500,10,500.0,0.5454000000000001,0.0071211734363875,0.0454,10.0,,Adult cell types,hcl_adult_celltype,0.0044137490237262,0.53,0.554,10.0,1056.0,528.0,528.0,True,Adult cell types,Endothelial cell,True,True
,ZJU_HCL_adult_celltype,Endothelial cell,trrust,spearman,top_5pct,10,53.0,0.6377358490566037,0.0214206117810394,0.1377358490566037,10.0,,Adult cell types,hcl_adult_celltype,0.0132766327320548,0.6037735849056604,0.660377358490566,10.0,1056.0,528.0,528.0,True,Adult cell types,Endothelial cell,True,True
,ZJU_HCL_adult_celltype,Endothelial cell,trrust_dorothea_intersection,codetection_odds_ratio,top_100,10,100.0,0.553,0.0290784379834191,0.053,10.0,,Adult cell types,hcl_adult_celltype,0.0180230025862013,0.51,0.61,10.0,484.0,242.0,242.0,True,Adult cell types,Endothelial cell,True,True
,ZJU_HCL_adult_celltype,Endothelial cell,trrust_dorothea_intersection,codetection_odds_ratio,top_500,10,484.0,,0.0,,,,Adult cell types,hcl_adult_celltype,,,,0.0,484.0,242.0,242.0,False,Adult cell types,Endothelial cell,True,False
,ZJU_HCL_adult_celltype,Endothelial cell,trrust_dorothea_intersection,codetection_odds_ratio,top_5pct,10,25.0,0.588,0.0379473319220205,0.088,10.0,,Adult cell types,hcl_adult_celltype,0.0235199999999999,0.52,0.64,10.0,484.0,242.0,242.0,True,Adult cell types,Endothelial cell,True,True
,ZJU_HCL_adult_celltype,Endothelial cell,trrust_dorothea_intersection,coexpression_probability,top_100,10,100.0,0.5,0.0,0.0,0.0,,Adult cell types,hcl_adult_celltype,0.0,0.5,0.5,10.0,484.0,242.0,242.0,False,Adult cell types,Endothelial cell,True,True
,ZJU_HCL_adult_celltype,Endothelial cell,trrust_dorothea_intersection,coexpression_probability,top_500,10,484.0,,0.0,,,,Adult cell types,hcl_adult_celltype,,,,0.0,484.0,242.0,242.0,False,Adult cell types,Endothelial cell,True,False
,ZJU_HCL_adult_celltype,Endothelial cell,trrust_dorothea_intersection,coexpression_probability,top_5pct,10,25.0,0.524,0.0126491106406735,0.024,10.0,,Adult cell types,hcl_adult_celltype,0.00784,0.52,0.56,10.0,484.0,242.0,242.0,True,Adult cell types,Endothelial cell,True,True
,ZJU_HCL_adult_celltype,Endothelial cell,trrust_dorothea_intersection,mutual_information,top_100,10,100.0,0.525,0.0143372087784044,0.025,9.0,,Adult cell types,hcl_adult_celltype,0.0088862940657071,0.49,0.54,10.0,484.0,242.0,242.0,False,Adult cell types,Endothelial cell,True,True
,ZJU_HCL_adult_celltype,Endothelial cell,trrust_dorothea_intersection,mutual_information,top_500,10,484.0,,0.0,,,,Adult cell types,hcl_adult_celltype,,,,0.0,484.0,242.0,242.0,False,Adult cell types,Endothelial cell,True,False
,ZJU_HCL_adult_celltype,Endothelial cell,trrust_dorothea_intersection,mutual_information,top_5pct,10,25.0,0.588,0.026997942308422,0.088,10.0,,Adult cell types,hcl_adult_celltype,0.0167334980071578,0.56,0.64,10.0,484.0,242.0,242.0,True,Adult cell types,Endothelial cell,True,True
,ZJU_HCL_adult_celltype,Endothelial cell,trrust_dorothea_intersection,pearson,top_100,10,100.0,0.52,0.0221108319357026,0.02,8.0,,Adult cell types,hcl_adult_celltype,0.0137044356160899,0.5,0.56,10.0,484.0,242.0,242.0,False,Adult cell types,Endothelial cell,True,True
,ZJU_HCL_adult_celltype,Endothelial cell,trrust_dorothea_intersection,pearson,top_500,10,484.0,,0.0,,,,Adult cell types,hcl_adult_celltype,,,,0.0,484.0,242.0,242.0,False,Adult cell types,Endothelial cell,True,False
,ZJU_HCL_adult_celltype,Endothelial cell,trrust_dorothea_intersection,pearson,top_5pct,10,25.0,0.608,0.0168654808542313,0.1079999999999999,10.0,,Adult cell types,hcl_adult_celltype,0.0104533333333333,0.6,0.64,10.0,484.0,242.0,242.0,True,Adult cell types,Endothelial cell,True,True
,ZJU_HCL_adult_celltype,Endothelial cell,trrust_dorothea_intersection,spearman,top_100,10,100.0,0.532,0.0161932770686548,0.032,9.0,,Adult cell types,hcl_adult_celltype,0.0100366971105483,0.5,0.56,10.0,484.0,242.0,242.0,False,Adult cell types,Endothelial cell,True,True
,ZJU_HCL_adult_celltype,Endothelial cell,trrust_dorothea_intersection,spearman,top_500,10,484.0,,0.0,,,,Adult cell types,hcl_adult_celltype,,,,0.0,484.0,242.0,242.0,False,Adult cell types,Endothelial cell,True,False
,ZJU_HCL_adult_celltype,Endothelial cell,trrust_dorothea_intersection,spearman,top_5pct,10,25.0,0.512,0.0619677335393186,0.012,6.0,,Adult cell types,hcl_adult_celltype,0.0384079991668402,0.44,0.6,10.0,484.0,242.0,242.0,False,Adult cell types,Endothelial cell,True,True
,ZJU_HCL_adult_celltype,Endothelial cell,trrust_dorothea_union,codetection_odds_ratio,top_100,10,100.0,0.65,0.0149071198499986,0.15,10.0,,Adult cell types,hcl_adult_celltype,0.0092395286075042,0.63,0.67,10.0,2146.0,1073.0,1073.0,True,Adult cell types,Endothelial cell,True,True
,ZJU_HCL_adult_celltype,Endothelial cell,trrust_dorothea_union,codetection_odds_ratio,top_500,10,500.0,0.5606,0.0102869928658583,0.0606,10.0,,Adult cell types,hcl_adult_celltype,0.006375944235083,0.548,0.578,10.0,2146.0,1073.0,1073.0,True,Adult cell types,Endothelial cell,True,True
,ZJU_HCL_adult_celltype,Endothelial cell,trrust_dorothea_union,codetection_odds_ratio,top_5pct,10,108.0,0.6453703703703704,0.0180232115069832,0.1453703703703703,10.0,,Adult cell types,hcl_adult_celltype,0.0111709022261524,0.6111111111111112,0.6666666666666666,10.0,2146.0,1073.0,1073.0,True,Adult cell types,Endothelial cell,True,True
,ZJU_HCL_adult_celltype,Endothelial cell,trrust_dorothea_union,coexpression_probability,top_100,10,100.0,0.518,0.0063245553203367,0.018,10.0,,Adult cell types,hcl_adult_celltype,0.00392,0.51,0.53,10.0,2146.0,1073.0,1073.0,True,Adult cell types,Endothelial cell,True,True
,ZJU_HCL_adult_celltype,Endothelial cell,trrust_dorothea_union,coexpression_probability,top_500,10,500.0,0.5112,0.0021499353995462,0.0112,10.0,,Adult cell types,hcl_adult_celltype,0.0013325437662189,0.506,0.514,10.0,2146.0,1073.0,1073.0,True,Adult cell types,Endothelial cell,True,True
,ZJU_HCL_adult_celltype,Endothelial cell,trrust_dorothea_union,coexpression_probability,top_5pct,10,108.0,0.5166666666666667,0.0058560697410525,0.0166666666666666,10.0,,Adult cell types,hcl_adult_celltype,0.0036296296296296,0.5092592592592593,0.5277777777777778,10.0,2146.0,1073.0,1073.0,True,Adult cell types,Endothelial cell,True,True
,ZJU_HCL_adult_celltype,Endothelial cell,trrust_dorothea_union,mutual_information,top_100,10,100.0,0.626,0.0359629438913631,0.126,10.0,,Adult cell types,hcl_adult_celltype,0.0222900635560631,0.57,0.67,10.0,2146.0,1073.0,1073.0,True,Adult cell types,Endothelial cell,True,True
,ZJU_HCL_adult_celltype,Endothelial cell,trrust_dorothea_union,mutual_information,top_500,10,500.0,0.5372,0.0071305290437978,0.0372,10.0,,Adult cell types,hcl_adult_celltype,0.0044195476892752,0.528,0.554,10.0,2146.0,1073.0,1073.0,True,Adult cell types,Endothelial cell,True,True
,ZJU_HCL_adult_celltype,Endothelial cell,trrust_dorothea_union,mutual_information,top_5pct,10,108.0,0.625925925925926,0.0251500602314362,0.1259259259259259,10.0,,Adult cell types,hcl_adult_celltype,0.0155881688298649,0.5925925925925926,0.6666666666666666,10.0,2146.0,1073.0,1073.0,True,Adult cell types,Endothelial cell,True,True
,ZJU_HCL_adult_celltype,Endothelial cell,trrust_dorothea_union,pearson,top_100,10,100.0,0.652,0.0181352940116472,0.152,10.0,,Adult cell types,hcl_adult_celltype,0.011240371682269,0.62,0.67,10.0,2146.0,1073.0,1073.0,True,Adult cell types,Endothelial cell,True,True
,ZJU_HCL_adult_celltype,Endothelial cell,trrust_dorothea_union,pearson,top_500,10,500.0,0.5218,0.0070206045956804,0.0218,10.0,,Adult cell types,hcl_adult_celltype,0.0043514158104639,0.512,0.536,10.0,2146.0,1073.0,1073.0,True,Adult cell types,Endothelial cell,True,True
,ZJU_HCL_adult_celltype,Endothelial cell,trrust_dorothea_union,pearson,top_5pct,10,108.0,0.6453703703703704,0.0247106406188247,0.1453703703703703,10.0,,Adult cell types,hcl_adult_celltype,0.0153158137322823,0.6111111111111112,0.6759259259259259,10.0,2146.0,1073.0,1073.0,True,Adult cell types,Endothelial cell,True,True
,ZJU_HCL_adult_celltype,Endothelial cell,trrust_dorothea_union,spearman,top_100,10,100.0,0.621,0.0179195734076208,0.121,10.0,,Adult cell types,hcl_adult_celltype,0.0111066666666666,0.59,0.64,10.0,2146.0,1073.0,1073.0,True,Adult cell types,Endothelial cell,True,True
,ZJU_HCL_adult_celltype,Endothelial cell,trrust_dorothea_union,spearman,top_500,10,500.0,0.5358,0.0096355822057852,0.0358,10.0,,Adult cell types,hcl_adult_celltype,0.0059721957250058,0.522,0.554,10.0,2146.0,1073.0,1073.0,True,Adult cell types,Endothelial cell,True,True
,ZJU_HCL_adult_celltype,Endothelial cell,trrust_dorothea_union,spearman,top_5pct,10,108.0,0.6175925925925926,0.0243220843269697,0.1175925925925926,10.0,,Adult cell types,hcl_adult_celltype,0.0150749840475179,0.5833333333333334,0.6481481481481481,10.0,2146.0,1073.0,1073.0,True,Adult cell types,Endothelial cell,True,True
,ZJU_HCL_adult_celltype,Enterocyte,dorothea_ab,codetection_odds_ratio,top_100,10,100.0,0.513,0.0125166555703457,0.013,6.0,,Adult cell types,hcl_adult_celltype,0.0077579034968647,0.5,0.53,10.0,336.0,168.0,168.0,False,Adult cell types,Enterocyte,True,True
,ZJU_HCL_adult_celltype,Enterocyte,dorothea_ab,codetection_odds_ratio,top_500,10,336.0,,0.0,,,,Adult cell types,hcl_adult_celltype,,,,0.0,336.0,168.0,168.0,False,Adult cell types,Enterocyte,True,False
,ZJU_HCL_adult_celltype,Enterocyte,dorothea_ab,codetection_odds_ratio,top_5pct,10,17.0,0.6647058823529413,0.0834197936713044,0.1647058823529412,10.0,,Adult cell types,hcl_adult_celltype,0.0517041237887538,0.5882352941176471,0.8235294117647058,10.0,336.0,168.0,168.0,True,Adult cell types,Enterocyte,True,True
,ZJU_HCL_adult_celltype,Enterocyte,dorothea_ab,coexpression_probability,top_100,10,100.0,0.502,0.0131656117720876,0.002,3.0,,Adult cell types,hcl_adult_celltype,0.0081601307179072,0.48,0.53,10.0,336.0,168.0,168.0,False,Adult cell types,Enterocyte,True,True
,ZJU_HCL_adult_celltype,Enterocyte,dorothea_ab,coexpression_probability,top_500,10,336.0,,0.0,,,,Adult cell types,hcl_adult_celltype,,,,0.0,336.0,168.0,168.0,False,Adult cell types,Enterocyte,True,False
,ZJU_HCL_adult_celltype,Enterocyte,dorothea_ab,coexpression_probability,top_5pct,10,17.0,0.4882352941176471,0.0284144642082145,-0.0117647058823529,3.0,,Adult cell types,hcl_adult_celltype,0.017611467376693,0.4705882352941176,0.5294117647058824,10.0,336.0,168.0,168.0,False,Adult cell types,Enterocyte,True,True
,ZJU_HCL_adult_celltype,Enterocyte,dorothea_ab,mutual_information,top_100,10,100.0,0.516,0.0117378779077726,0.016,9.0,,Adult cell types,hcl_adult_celltype,0.0072752121007645,0.49,0.53,10.0,336.0,168.0,168.0,False,Adult cell types,Enterocyte,True,True
,ZJU_HCL_adult_celltype,Enterocyte,dorothea_ab,mutual_information,top_500,10,336.0,,0.0,,,,Adult cell types,hcl_adult_celltype,,,,0.0,336.0,168.0,168.0,False,Adult cell types,Enterocyte,True,False
,ZJU_HCL_adult_celltype,Enterocyte,dorothea_ab,mutual_information,top_5pct,10,17.0,0.6647058823529413,0.0623147003218459,0.1647058823529412,10.0,,Adult cell types,hcl_adult_celltype,0.0386230514066606,0.5882352941176471,0.7647058823529411,10.0,336.0,168.0,168.0,True,Adult cell types,Enterocyte,True,True
,ZJU_HCL_adult_celltype,Enterocyte,dorothea_ab,pearson,top_100,10,100.0,0.508,0.0147572957474524,0.008,6.0,,Adult cell types,hcl_adult_celltype,0.0091466666666666,0.49,0.54,10.0,336.0,168.0,168.0,False,Adult cell types,Enterocyte,True,True
,ZJU_HCL_adult_celltype,Enterocyte,dorothea_ab,pearson,top_500,10,336.0,,0.0,,,,Adult cell types,hcl_adult_celltype,,,,0.0,336.0,168.0,168.0,False,Adult cell types,Enterocyte,True,False
,ZJU_HCL_adult_celltype,Enterocyte,dorothea_ab,pearson,top_5pct,10,17.0,0.6647058823529413,0.0397028563359148,0.1647058823529412,10.0,,Adult cell types,hcl_adult_celltype,0.0246080853046438,0.6470588235294118,0.7647058823529411,10.0,336.0,168.0,168.0,True,Adult cell types,Enterocyte,True,True
,ZJU_HCL_adult_celltype,Enterocyte,dorothea_ab,spearman,top_100,10,100.0,0.511,0.0159513148186738,0.011,7.0,,Adult cell types,hcl_adult_celltype,0.0098867273542754,0.49,0.54,10.0,336.0,168.0,168.0,False,Adult cell types,Enterocyte,True,True
,ZJU_HCL_adult_celltype,Enterocyte,dorothea_ab,spearman,top_500,10,336.0,,0.0,,,,Adult cell types,hcl_adult_celltype,,,,0.0,336.0,168.0,168.0,False,Adult cell types,Enterocyte,True,False
,ZJU_HCL_adult_celltype,Enterocyte,dorothea_ab,spearman,top_5pct,10,17.0,0.7,0.0584958191771619,0.2,10.0,,Adult cell types,hcl_adult_celltype,0.0362560843506488,0.6470588235294118,0.7647058823529411,10.0,336.0,168.0,168.0,True,Adult cell types,Enterocyte,True,True
,ZJU_HCL_adult_celltype,Enterocyte,trrust,codetection_odds_ratio,top_100,10,100.0,0.531,0.0260128173535022,0.031,8.0,,Adult cell types,hcl_adult_celltype,0.016122911234224,0.49,0.56,10.0,308.0,154.0,154.0,False,Adult cell types,Enterocyte,True,True
,ZJU_HCL_adult_celltype,Enterocyte,trrust,codetection_odds_ratio,top_500,10,308.0,,0.0,,,,Adult cell types,hcl_adult_celltype,,,,0.0,308.0,154.0,154.0,False,Adult cell types,Enterocyte,True,False
,ZJU_HCL_adult_celltype,Enterocyte,trrust,codetection_odds_ratio,top_5pct,10,16.0,0.7,0.0709557765246933,0.2,10.0,,Adult cell types,hcl_adult_celltype,0.0439788459249317,0.5625,0.8125,10.0,308.0,154.0,154.0,True,Adult cell types,Enterocyte,True,True
,ZJU_HCL_adult_celltype,Enterocyte,trrust,coexpression_probability,top_100,10,100.0,0.532,0.0113529242439509,0.032,10.0,,Adult cell types,hcl_adult_celltype,0.007036615347989,0.52,0.56,10.0,308.0,154.0,154.0,True,Adult cell types,Enterocyte,True,True
,ZJU_HCL_adult_celltype,Enterocyte,trrust,coexpression_probability,top_500,10,308.0,,0.0,,,,Adult cell types,hcl_adult_celltype,,,,0.0,308.0,154.0,154.0,False,Adult cell types,Enterocyte,True,False
,ZJU_HCL_adult_celltype,Enterocyte,trrust,coexpression_probability,top_5pct,10,16.0,0.46875,0.0329403922934206,-0.03125,0.0,,Adult cell types,hcl_adult_celltype,0.0204166666666666,0.4375,0.5,10.0,308.0,154.0,154.0,False,Adult cell types,Enterocyte,True,True
,ZJU_HCL_adult_celltype,Enterocyte,trrust,mutual_information,top_100,10,100.0,0.55,0.0226077666104175,0.05,10.0,,Adult cell types,hcl_adult_celltype,0.0140124389184911,0.51,0.58,10.0,308.0,154.0,154.0,True,Adult cell types,Enterocyte,True,True
,ZJU_HCL_adult_celltype,Enterocyte,trrust,mutual_information,top_500,10,308.0,,0.0,,,,Adult cell types,hcl_adult_celltype,,,,0.0,308.0,154.0,154.0,False,Adult cell types,Enterocyte,True,False
,ZJU_HCL_adult_celltype,Enterocyte,trrust,mutual_information,top_5pct,10,16.0,0.58125,0.0782290973146607,0.08125,9.0,,Adult cell types,hcl_adult_celltype,0.0484868968554048,0.375,0.625,10.0,308.0,154.0,154.0,False,Adult cell types,Enterocyte,True,True
,ZJU_HCL_adult_celltype,Enterocyte,trrust,pearson,top_100,10,100.0,0.536,0.0271620650499511,0.036,10.0,,Adult cell types,hcl_adult_celltype,0.0168352223362541,0.51,0.58,10.0,308.0,154.0,154.0,True,Adult cell types,Enterocyte,True,True
,ZJU_HCL_adult_celltype,Enterocyte,trrust,pearson,top_500,10,308.0,,0.0,,,,Adult cell types,hcl_adult_celltype,,,,0.0,308.0,154.0,154.0,False,Adult cell types,Enterocyte,True,False
,ZJU_HCL_adult_celltype,Enterocyte,trrust,pearson,top_5pct,10,16.0,0.68125,0.0354778882623466,0.18125,10.0,,Adult cell types,hcl_adult_celltype,0.0219894229624658,0.625,0.75,10.0,308.0,154.0,154.0,True,Adult cell types,Enterocyte,True,True
,ZJU_HCL_adult_celltype,Enterocyte,trrust,spearman,top_100,10,100.0,0.531,0.0251440295541947,0.031,10.0,,Adult cell types,hcl_adult_celltype,0.0155844309773853,0.51,0.59,10.0,308.0,154.0,154.0,True,Adult cell types,Enterocyte,True,True
,ZJU_HCL_adult_celltype,Enterocyte,trrust,spearman,top_500,10,308.0,,0.0,,,,Adult cell types,hcl_adult_celltype,,,,0.0,308.0,154.0,154.0,False,Adult cell types,Enterocyte,True,False
,ZJU_HCL_adult_celltype,Enterocyte,trrust,spearman,top_5pct,10,16.0,0.6625,0.0733617369235792,0.1625,9.0,,Adult cell types,hcl_adult_celltype,0.0454700756297785,0.5,0.75,10.0,308.0,154.0,154.0,False,Adult cell types,Enterocyte,True,True
,ZJU_HCL_adult_celltype,Enterocyte,trrust_dorothea_intersection,codetection_odds_ratio,top_100,10,100.0,0.534,0.0117378779077726,0.034,10.0,,Adult cell types,hcl_adult_celltype,0.0072752121007645,0.51,0.55,10.0,114.0,57.0,57.0,True,Adult cell types,Enterocyte,True,True
,ZJU_HCL_adult_celltype,Enterocyte,trrust_dorothea_intersection,codetection_odds_ratio,top_500,10,114.0,,0.0,,,,Adult cell types,hcl_adult_celltype,,,,0.0,114.0,57.0,57.0,False,Adult cell types,Enterocyte,True,False
,ZJU_HCL_adult_celltype,Enterocyte,trrust_dorothea_intersection,codetection_odds_ratio,top_5pct,10,6.0,0.6833333333333333,0.052704627669473,0.1833333333333333,10.0,,Adult cell types,hcl_adult_celltype,0.0326666666666666,0.6666666666666666,0.8333333333333334,10.0,114.0,57.0,57.0,True,Adult cell types,Enterocyte,True,True
,ZJU_HCL_adult_celltype,Enterocyte,trrust_dorothea_intersection,coexpression_probability,top_100,10,100.0,0.501,0.0056764621219754,0.001,2.0,,Adult cell types,hcl_adult_celltype,0.0035183076739945,0.49,0.51,10.0,114.0,57.0,57.0,False,Adult cell types,Enterocyte,True,True
,ZJU_HCL_adult_celltype,Enterocyte,trrust_dorothea_intersection,coexpression_probability,top_500,10,114.0,,0.0,,,,Adult cell types,hcl_adult_celltype,,,,0.0,114.0,57.0,57.0,False,Adult cell types,Enterocyte,True,False
,ZJU_HCL_adult_celltype,Enterocyte,trrust_dorothea_intersection,coexpression_probability,top_5pct,10,6.0,0.5833333333333333,0.0878410461157882,0.0833333333333333,5.0,,Adult cell types,hcl_adult_celltype,0.0544444444444444,0.5,0.6666666666666666,10.0,114.0,57.0,57.0,False,Adult cell types,Enterocyte,True,True
,ZJU_HCL_adult_celltype,Enterocyte,trrust_dorothea_intersection,mutual_information,top_100,10,100.0,0.526,0.006992058987801,0.026,10.0,,Adult cell types,hcl_adult_celltype,0.0043337230593977,0.51,0.53,10.0,114.0,57.0,57.0,True,Adult cell types,Enterocyte,True,True
,ZJU_HCL_adult_celltype,Enterocyte,trrust_dorothea_intersection,mutual_information,top_500,10,114.0,,0.0,,,,Adult cell types,hcl_adult_celltype,,,,0.0,114.0,57.0,57.0,False,Adult cell types,Enterocyte,True,False
,ZJU_HCL_adult_celltype,Enterocyte,trrust_dorothea_intersection,mutual_information,top_5pct,10,6.0,0.7666666666666667,0.086066296582387,0.2666666666666667,10.0,,Adult cell types,hcl_adult_celltype,0.0533444432872781,0.6666666666666666,0.8333333333333334,10.0,114.0,57.0,57.0,True,Adult cell types,Enterocyte,True,True
,ZJU_HCL_adult_celltype,Enterocyte,trrust_dorothea_intersection,pearson,top_100,10,100.0,0.524,0.006992058987801,0.024,10.0,,Adult cell types,hcl_adult_celltype,0.0043337230593977,0.52,0.54,10.0,114.0,57.0,57.0,True,Adult cell types,Enterocyte,True,True
,ZJU_HCL_adult_celltype,Enterocyte,trrust_dorothea_intersection,pearson,top_500,10,114.0,,0.0,,,,Adult cell types,hcl_adult_celltype,,,,0.0,114.0,57.0,57.0,False,Adult cell types,Enterocyte,True,False
,ZJU_HCL_adult_celltype,Enterocyte,trrust_dorothea_intersection,pearson,top_5pct,10,6.0,0.9333333333333332,0.086066296582387,0.4333333333333334,10.0,,Adult cell types,hcl_adult_celltype,0.053344443287278,0.8333333333333334,1.0,10.0,114.0,57.0,57.0,True,Adult cell types,Enterocyte,True,True
,ZJU_HCL_adult_celltype,Enterocyte,trrust_dorothea_intersection,spearman,top_100,10,100.0,0.529,0.0110050493461461,0.029,10.0,,Adult cell types,hcl_adult_celltype,0.0068210002524882,0.51,0.54,10.0,114.0,57.0,57.0,True,Adult cell types,Enterocyte,True,True
,ZJU_HCL_adult_celltype,Enterocyte,trrust_dorothea_intersection,spearman,top_500,10,114.0,,0.0,,,,Adult cell types,hcl_adult_celltype,,,,0.0,114.0,57.0,57.0,False,Adult cell types,Enterocyte,True,False
,ZJU_HCL_adult_celltype,Enterocyte,trrust_dorothea_intersection,spearman,top_5pct,10,6.0,0.8666666666666666,0.1314684396244359,0.3666666666666667,10.0,,Adult cell types,hcl_adult_celltype,0.0814849830897436,0.6666666666666666,1.0,10.0,114.0,57.0,57.0,True,Adult cell types,Enterocyte,True,True
,ZJU_HCL_adult_celltype,Enterocyte,trrust_dorothea_union,codetection_odds_ratio,top_100,10,100.0,0.507,0.0391719854544602,0.0069999999999999,5.0,,Adult cell types,hcl_adult_celltype,0.0242790481233877,0.47,0.57,10.0,530.0,265.0,265.0,False,Adult cell types,Enterocyte,True,True
,ZJU_HCL_adult_celltype,Enterocyte,trrust_dorothea_union,codetection_odds_ratio,top_500,10,500.0,0.5044000000000001,0.0029514591494905,0.0044,10.0,,Adult cell types,hcl_adult_celltype,0.0018293333333333,0.502,0.512,10.0,530.0,265.0,265.0,True,Adult cell types,Enterocyte,True,True
,ZJU_HCL_adult_celltype,Enterocyte,trrust_dorothea_union,codetection_odds_ratio,top_5pct,10,27.0,0.6444444444444445,0.0434736218806395,0.1444444444444444,10.0,,Adult cell types,hcl_adult_celltype,0.0269452300028317,0.5925925925925926,0.7037037037037037,10.0,530.0,265.0,265.0,True,Adult cell types,Enterocyte,True,True
,ZJU_HCL_adult_celltype,Enterocyte,trrust_dorothea_union,coexpression_probability,top_100,10,100.0,0.513,0.0149443411809732,0.013,6.0,,Adult cell types,hcl_adult_celltype,0.0092625986274551,0.49,0.53,10.0,530.0,265.0,265.0,False,Adult cell types,Enterocyte,True,True
,ZJU_HCL_adult_celltype,Enterocyte,trrust_dorothea_union,coexpression_probability,top_500,10,500.0,0.504,0.0049888765156985,0.004,8.0,,Adult cell types,hcl_adult_celltype,0.0030921376999667,0.496,0.514,10.0,530.0,265.0,265.0,False,Adult cell types,Enterocyte,True,True
,ZJU_HCL_adult_celltype,Enterocyte,trrust_dorothea_union,coexpression_probability,top_5pct,10,27.0,0.4518518518518518,0.0156161859761401,-0.0481481481481481,0.0,,Adult cell types,hcl_adult_celltype,0.009679012345679,0.4444444444444444,0.4814814814814814,10.0,530.0,265.0,265.0,False,Adult cell types,Enterocyte,True,True
,ZJU_HCL_adult_celltype,Enterocyte,trrust_dorothea_union,mutual_information,top_100,10,100.0,0.487,0.0149443411809732,-0.013,2.0,,Adult cell types,hcl_adult_celltype,0.0092625986274551,0.47,0.51,10.0,530.0,265.0,265.0,False,Adult cell types,Enterocyte,True,True
,ZJU_HCL_adult_celltype,Enterocyte,trrust_dorothea_union,mutual_information,top_500,10,500.0,0.5042,0.0017511900715418,0.0042,9.0,,Adult cell types,hcl_adult_celltype,0.0010853988514212,0.5,0.506,10.0,530.0,265.0,265.0,False,Adult cell types,Enterocyte,True,True
,ZJU_HCL_adult_celltype,Enterocyte,trrust_dorothea_union,mutual_information,top_5pct,10,27.0,0.6,0.0420478675701886,0.0999999999999999,10.0,,Adult cell types,hcl_adult_celltype,0.0260615383258855,0.5185185185185185,0.6666666666666666,10.0,530.0,265.0,265.0,True,Adult cell types,Enterocyte,True,True
,ZJU_HCL_adult_celltype,Enterocyte,trrust_dorothea_union,pearson,top_100,10,100.0,0.534,0.0183787316694536,0.034,9.0,,Adult cell types,hcl_adult_celltype,0.0113912559057863,0.49,0.55,10.0,530.0,265.0,265.0,False,Adult cell types,Enterocyte,True,True
,ZJU_HCL_adult_celltype,Enterocyte,trrust_dorothea_union,pearson,top_500,10,500.0,0.5006,0.0029888682361946,0.0006,7.0,,Adult cell types,hcl_adult_celltype,0.001852519725491,0.494,0.504,10.0,530.0,265.0,265.0,False,Adult cell types,Enterocyte,True,True
,ZJU_HCL_adult_celltype,Enterocyte,trrust_dorothea_union,pearson,top_5pct,10,27.0,0.611111111111111,0.0195202324701751,0.1111111111111111,10.0,,Adult cell types,hcl_adult_celltype,0.0120987654320987,0.5925925925925926,0.6296296296296297,10.0,530.0,265.0,265.0,True,Adult cell types,Enterocyte,True,True
,ZJU_HCL_adult_celltype,Enterocyte,trrust_dorothea_union,spearman,top_100,10,100.0,0.514,0.0171269767715535,0.014,8.0,,Adult cell types,hcl_adult_celltype,0.0106154101820576,0.48,0.54,10.0,530.0,265.0,265.0,False,Adult cell types,Enterocyte,True,True
,ZJU_HCL_adult_celltype,Enterocyte,trrust_dorothea_union,spearman,top_500,10,500.0,0.5016,0.0024585451886114,0.0016,7.0,,Adult cell types,hcl_adult_celltype,0.0015238220951862,0.496,0.504,10.0,530.0,265.0,265.0,False,Adult cell types,Enterocyte,True,True
,ZJU_HCL_adult_celltype,Enterocyte,trrust_dorothea_union,spearman,top_5pct,10,27.0,0.6444444444444445,0.0258965147696333,0.1444444444444444,10.0,,Adult cell types,hcl_adult_celltype,0.0160508261459174,0.6296296296296297,0.7037037037037037,10.0,530.0,265.0,265.0,True,Adult cell types,Enterocyte,True,True
,ZJU_HCL_adult_celltype,Epithelial cell,dorothea_ab,codetection_odds_ratio,top_100,10,100.0,0.409,0.028848262031225,-0.091,0.0,,Adult cell types,hcl_adult_celltype,0.0178803380529812,0.36,0.44,10.0,952.0,476.0,476.0,False,Adult cell types,Epithelial cell,True,True
,ZJU_HCL_adult_celltype,Epithelial cell,dorothea_ab,codetection_odds_ratio,top_500,10,500.0,0.5067999999999999,0.0067461923416925,0.0068,8.0,,Adult cell types,hcl_adult_celltype,0.0041813333333333,0.496,0.516,10.0,952.0,476.0,476.0,False,Adult cell types,Epithelial cell,True,True
,ZJU_HCL_adult_celltype,Epithelial cell,dorothea_ab,codetection_odds_ratio,top_5pct,10,48.0,0.4208333333333333,0.0390374147848755,-0.0791666666666666,0.0,,Adult cell types,hcl_adult_celltype,0.0241956403582479,0.3541666666666667,0.4583333333333333,10.0,952.0,476.0,476.0,False,Adult cell types,Epithelial cell,True,True
,ZJU_HCL_adult_celltype,Epithelial cell,dorothea_ab,coexpression_probability,top_100,10,100.0,0.53,0.0,0.03,10.0,,Adult cell types,hcl_adult_celltype,0.0,0.53,0.53,10.0,952.0,476.0,476.0,True,Adult cell types,Epithelial cell,True,True
,ZJU_HCL_adult_celltype,Epithelial cell,dorothea_ab,coexpression_probability,top_500,10,500.0,0.5022,0.0031902629637347,0.0022,6.0,,Adult cell types,hcl_adult_celltype,0.001977345470855,0.498,0.508,10.0,952.0,476.0,476.0,False,Adult cell types,Epithelial cell,True,True
,ZJU_HCL_adult_celltype,Epithelial cell,dorothea_ab,coexpression_probability,top_5pct,10,48.0,0.5145833333333333,0.0311340441270276,0.0145833333333333,6.0,,Adult cell types,hcl_adult_celltype,0.0192970804738648,0.4583333333333333,0.5625,10.0,952.0,476.0,476.0,False,Adult cell types,Epithelial cell,True,True
,ZJU_HCL_adult_celltype,Epithelial cell,dorothea_ab,mutual_information,top_100,10,100.0,0.497,0.0067494855771055,-0.003,1.0,,Adult cell types,hcl_adult_celltype,0.0041833745017894,0.49,0.51,10.0,952.0,476.0,476.0,False,Adult cell types,Epithelial cell,True,True
,ZJU_HCL_adult_celltype,Epithelial cell,dorothea_ab,mutual_information,top_500,10,500.0,0.4932,0.0077287342646343,-0.0068,0.0,,Adult cell types,hcl_adult_celltype,0.0047903191264605,0.474,0.5,10.0,952.0,476.0,476.0,False,Adult cell types,Epithelial cell,True,True
,ZJU_HCL_adult_celltype,Epithelial cell,dorothea_ab,mutual_information,top_5pct,10,48.0,0.50625,0.0197642353760523,0.00625,4.0,,Adult cell types,hcl_adult_celltype,0.0122499999999999,0.4791666666666667,0.5416666666666666,10.0,952.0,476.0,476.0,False,Adult cell types,Epithelial cell,True,True
,ZJU_HCL_adult_celltype,Epithelial cell,dorothea_ab,pearson,top_100,10,100.0,0.533,0.0048304589153964,0.033,10.0,,Adult cell types,hcl_adult_celltype,0.0029939494540378,0.53,0.54,10.0,952.0,476.0,476.0,True,Adult cell types,Epithelial cell,True,True
,ZJU_HCL_adult_celltype,Epithelial cell,dorothea_ab,pearson,top_500,10,500.0,0.497,0.0076157731058639,-0.003,1.0,,Adult cell types,hcl_adult_celltype,0.0047203050748865,0.482,0.512,10.0,952.0,476.0,476.0,False,Adult cell types,Epithelial cell,True,True
,ZJU_HCL_adult_celltype,Epithelial cell,dorothea_ab,pearson,top_5pct,10,48.0,0.5458333333333333,0.0131761569173682,0.0458333333333333,10.0,,Adult cell types,hcl_adult_celltype,0.0081666666666666,0.5208333333333334,0.5625,10.0,952.0,476.0,476.0,True,Adult cell types,Epithelial cell,True,True
,ZJU_HCL_adult_celltype,Epithelial cell,dorothea_ab,spearman,top_100,10,100.0,0.478,0.0214993539954628,-0.022,1.0,,Adult cell types,hcl_adult_celltype,0.0133254376621891,0.45,0.53,10.0,952.0,476.0,476.0,False,Adult cell types,Epithelial cell,True,True
,ZJU_HCL_adult_celltype,Epithelial cell,dorothea_ab,spearman,top_500,10,500.0,0.4942,0.0050288059108389,-0.0058,1.0,,Adult cell types,hcl_adult_celltype,0.003116886195477,0.484,0.504,10.0,952.0,476.0,476.0,False,Adult cell types,Epithelial cell,True,True
,ZJU_HCL_adult_celltype,Epithelial cell,dorothea_ab,spearman,top_5pct,10,48.0,0.4604166666666666,0.0065880784586841,-0.0395833333333333,0.0,,Adult cell types,hcl_adult_celltype,0.0040833333333333,0.4583333333333333,0.4791666666666667,10.0,952.0,476.0,476.0,False,Adult cell types,Epithelial cell,True,True
,ZJU_HCL_adult_celltype,Epithelial cell,trrust,codetection_odds_ratio,top_100,10,100.0,0.569,0.0251440295541947,0.0689999999999999,10.0,,Adult cell types,hcl_adult_celltype,0.0155844309773853,0.53,0.61,10.0,620.0,310.0,310.0,True,Adult cell types,Epithelial cell,True,True
,ZJU_HCL_adult_celltype,Epithelial cell,trrust,codetection_odds_ratio,top_500,10,500.0,0.5146,0.0044271887242357,0.0146,10.0,,Adult cell types,hcl_adult_celltype,0.002744,0.508,0.522,10.0,620.0,310.0,310.0,True,Adult cell types,Epithelial cell,True,True
,ZJU_HCL_adult_celltype,Epithelial cell,trrust,codetection_odds_ratio,top_5pct,10,31.0,0.5451612903225806,0.0578050755084542,0.0451612903225806,8.0,,Adult cell types,hcl_adult_celltype,0.0358279569892473,0.4516129032258064,0.6451612903225806,10.0,620.0,310.0,310.0,False,Adult cell types,Epithelial cell,True,True
,ZJU_HCL_adult_celltype,Epithelial cell,trrust,coexpression_probability,top_100,10,100.0,0.5,0.0,0.0,0.0,,Adult cell types,hcl_adult_celltype,0.0,0.5,0.5,10.0,620.0,310.0,310.0,False,Adult cell types,Epithelial cell,True,True
,ZJU_HCL_adult_celltype,Epithelial cell,trrust,coexpression_probability,top_500,10,500.0,0.503,0.0030184617127124,0.003,9.0,,Adult cell types,hcl_adult_celltype,0.0018708619522681,0.498,0.51,10.0,620.0,310.0,310.0,False,Adult cell types,Epithelial cell,True,True
,ZJU_HCL_adult_celltype,Epithelial cell,trrust,coexpression_probability,top_5pct,10,31.0,0.5193548387096774,0.0102008956779625,0.0193548387096774,10.0,,Adult cell types,hcl_adult_celltype,0.0063225806451612,0.5161290322580645,0.5483870967741935,10.0,620.0,310.0,310.0,True,Adult cell types,Epithelial cell,True,True
,ZJU_HCL_adult_celltype,Epithelial cell,trrust,mutual_information,top_100,10,100.0,0.548,0.0154919333848296,0.048,10.0,,Adult cell types,hcl_adult_celltype,0.00960199979171,0.51,0.57,10.0,620.0,310.0,310.0,True,Adult cell types,Epithelial cell,True,True
,ZJU_HCL_adult_celltype,Epithelial cell,trrust,mutual_information,top_500,10,500.0,0.4958,0.0071460945044595,-0.0042,3.0,,Adult cell types,hcl_adult_celltype,0.0044291952617452,0.484,0.504,10.0,620.0,310.0,310.0,False,Adult cell types,Epithelial cell,True,True
,ZJU_HCL_adult_celltype,Epithelial cell,trrust,mutual_information,top_5pct,10,31.0,0.6483870967741936,0.0597717940201604,0.1483870967741935,10.0,,Adult cell types,hcl_adult_celltype,0.0370469417518752,0.5483870967741935,0.7096774193548387,10.0,620.0,310.0,310.0,True,Adult cell types,Epithelial cell,True,True
,ZJU_HCL_adult_celltype,Epithelial cell,trrust,pearson,top_100,10,100.0,0.568,0.0278088714861522,0.0679999999999999,10.0,,Adult cell types,hcl_adult_celltype,0.0172361171188099,0.53,0.62,10.0,620.0,310.0,310.0,True,Adult cell types,Epithelial cell,True,True
,ZJU_HCL_adult_celltype,Epithelial cell,trrust,pearson,top_500,10,500.0,0.5086,0.006397916327472,0.0086,9.0,,Adult cell types,hcl_adult_celltype,0.0039654696233023,0.498,0.518,10.0,620.0,310.0,310.0,False,Adult cell types,Epithelial cell,True,True
,ZJU_HCL_adult_celltype,Epithelial cell,trrust,pearson,top_5pct,10,31.0,0.6483870967741935,0.041505933474449,0.1483870967741935,10.0,,Adult cell types,hcl_adult_celltype,0.0257256440933742,0.5483870967741935,0.7096774193548387,10.0,620.0,310.0,310.0,True,Adult cell types,Epithelial cell,True,True
,ZJU_HCL_adult_celltype,Epithelial cell,trrust,spearman,top_100,10,100.0,0.567,0.0211081869319833,0.0669999999999999,10.0,,Adult cell types,hcl_adult_celltype,0.0130829898044071,0.54,0.61,10.0,620.0,310.0,310.0,True,Adult cell types,Epithelial cell,True,True
,ZJU_HCL_adult_celltype,Epithelial cell,trrust,spearman,top_500,10,500.0,0.4942,0.0037058512292499,-0.0058,0.0,,Adult cell types,hcl_adult_celltype,0.0022969103886162,0.486,0.498,10.0,620.0,310.0,310.0,False,Adult cell types,Epithelial cell,True,True
,ZJU_HCL_adult_celltype,Epithelial cell,trrust,spearman,top_5pct,10,31.0,0.6129032258064516,0.0696853838538479,0.1129032258064516,10.0,,Adult cell types,hcl_adult_celltype,0.0431914483898512,0.5161290322580645,0.7096774193548387,10.0,620.0,310.0,310.0,True,Adult cell types,Epithelial cell,True,True
,ZJU_HCL_adult_celltype,Epithelial cell,trrust_dorothea_intersection,codetection_odds_ratio,top_100,10,100.0,0.538,0.020976176963403,0.038,9.0,,Adult cell types,hcl_adult_celltype,0.0130011691781931,0.5,0.56,10.0,280.0,140.0,140.0,False,Adult cell types,Epithelial cell,True,True
,ZJU_HCL_adult_celltype,Epithelial cell,trrust_dorothea_intersection,codetection_odds_ratio,top_500,10,280.0,,0.0,,,,Adult cell types,hcl_adult_celltype,,,,0.0,280.0,140.0,140.0,False,Adult cell types,Epithelial cell,True,False
,ZJU_HCL_adult_celltype,Epithelial cell,trrust_dorothea_intersection,codetection_odds_ratio,top_5pct,10,14.0,0.4357142857142856,0.0855156428384189,-0.0642857142857143,1.0,,Adult cell types,hcl_adult_celltype,0.0530031445608025,0.2857142857142857,0.5714285714285714,10.0,280.0,140.0,140.0,False,Adult cell types,Epithelial cell,True,True
,ZJU_HCL_adult_celltype,Epithelial cell,trrust_dorothea_intersection,coexpression_probability,top_100,10,100.0,0.519,0.0056764621219754,0.019,10.0,,Adult cell types,hcl_adult_celltype,0.0035183076739945,0.51,0.53,10.0,280.0,140.0,140.0,True,Adult cell types,Epithelial cell,True,True
,ZJU_HCL_adult_celltype,Epithelial cell,trrust_dorothea_intersection,coexpression_probability,top_500,10,280.0,,0.0,,,,Adult cell types,hcl_adult_celltype,,,,0.0,280.0,140.0,140.0,False,Adult cell types,Epithelial cell,True,False
,ZJU_HCL_adult_celltype,Epithelial cell,trrust_dorothea_intersection,coexpression_probability,top_5pct,10,14.0,0.5357142857142857,0.0376461626210521,0.0357142857142857,5.0,,Adult cell types,hcl_adult_celltype,0.0233333333333333,0.5,0.5714285714285714,10.0,280.0,140.0,140.0,False,Adult cell types,Epithelial cell,True,True
,ZJU_HCL_adult_celltype,Epithelial cell,trrust_dorothea_intersection,mutual_information,top_100,10,100.0,0.48,0.0124721912892464,-0.02,0.0,,Adult cell types,hcl_adult_celltype,0.0077303442499168,0.45,0.49,10.0,280.0,140.0,140.0,False,Adult cell types,Epithelial cell,True,True
,ZJU_HCL_adult_celltype,Epithelial cell,trrust_dorothea_intersection,mutual_information,top_500,10,280.0,,0.0,,,,Adult cell types,hcl_adult_celltype,,,,0.0,280.0,140.0,140.0,False,Adult cell types,Epithelial cell,True,False
,ZJU_HCL_adult_celltype,Epithelial cell,trrust_dorothea_intersection,mutual_information,top_5pct,10,14.0,0.5,0.1388321879725071,0.0,3.0,,Adult cell types,hcl_adult_celltype,0.0860490816014002,0.3571428571428571,0.7857142857142857,10.0,280.0,140.0,140.0,False,Adult cell types,Epithelial cell,True,True
,ZJU_HCL_adult_celltype,Epithelial cell,trrust_dorothea_intersection,pearson,top_100,10,100.0,0.523,0.011595018087284,0.023,10.0,,Adult cell types,hcl_adult_celltype,0.0071866666666666,0.51,0.54,10.0,280.0,140.0,140.0,True,Adult cell types,Epithelial cell,True,True
,ZJU_HCL_adult_celltype,Epithelial cell,trrust_dorothea_intersection,pearson,top_500,10,280.0,,0.0,,,,Adult cell types,hcl_adult_celltype,,,,0.0,280.0,140.0,140.0,False,Adult cell types,Epithelial cell,True,False
,ZJU_HCL_adult_celltype,Epithelial cell,trrust_dorothea_intersection,pearson,top_5pct,10,14.0,0.5571428571428572,0.1338425649767161,0.0571428571428571,6.0,,Adult cell types,hcl_adult_celltype,0.0829564812282788,0.3571428571428571,0.7857142857142857,10.0,280.0,140.0,140.0,False,Adult cell types,Epithelial cell,True,True
,ZJU_HCL_adult_celltype,Epithelial cell,trrust_dorothea_intersection,spearman,top_100,10,100.0,0.511,0.0185292561462497,0.011,8.0,,Adult cell types,hcl_adult_celltype,0.0114845519430813,0.48,0.53,10.0,280.0,140.0,140.0,False,Adult cell types,Epithelial cell,True,True
,ZJU_HCL_adult_celltype,Epithelial cell,trrust_dorothea_intersection,spearman,top_500,10,280.0,,0.0,,,,Adult cell types,hcl_adult_celltype,,,,0.0,280.0,140.0,140.0,False,Adult cell types,Epithelial cell,True,False
,ZJU_HCL_adult_celltype,Epithelial cell,trrust_dorothea_intersection,spearman,top_5pct,10,14.0,0.4928571428571429,0.1188092852369014,-0.0071428571428571,2.0,,Adult cell types,hcl_adult_celltype,0.0736387579109443,0.3571428571428571,0.7142857142857143,10.0,280.0,140.0,140.0,False,Adult cell types,Epithelial cell,True,True
,ZJU_HCL_adult_celltype,Epithelial cell,trrust_dorothea_union,codetection_odds_ratio,top_100,10,100.0,0.4549999999999999,0.0271825107171667,-0.045,0.0,,Adult cell types,hcl_adult_celltype,0.016847894692084,0.41,0.49,10.0,1292.0,646.0,646.0,False,Adult cell types,Epithelial cell,True,True
,ZJU_HCL_adult_celltype,Epithelial cell,trrust_dorothea_union,codetection_odds_ratio,top_500,10,500.0,0.519,0.011595018087284,0.019,10.0,,Adult cell types,hcl_adult_celltype,0.0071866666666666,0.506,0.54,10.0,1292.0,646.0,646.0,True,Adult cell types,Epithelial cell,True,True
,ZJU_HCL_adult_celltype,Epithelial cell,trrust_dorothea_union,codetection_odds_ratio,top_5pct,10,65.0,0.4523076923076923,0.0231622354679717,-0.0476923076923076,0.0,,Adult cell types,hcl_adult_celltype,0.0143561022768656,0.4153846153846154,0.4923076923076923,10.0,1292.0,646.0,646.0,False,Adult cell types,Epithelial cell,True,True
,ZJU_HCL_adult_celltype,Epithelial cell,trrust_dorothea_union,coexpression_probability,top_100,10,100.0,0.516,0.006992058987801,0.016,9.0,,Adult cell types,hcl_adult_celltype,0.0043337230593977,0.5,0.52,10.0,1292.0,646.0,646.0,False,Adult cell types,Epithelial cell,True,True
,ZJU_HCL_adult_celltype,Epithelial cell,trrust_dorothea_union,coexpression_probability,top_500,10,500.0,0.509,0.0038005847503304,0.009,10.0,,Adult cell types,hcl_adult_celltype,0.0023556268333031,0.502,0.514,10.0,1292.0,646.0,646.0,True,Adult cell types,Epithelial cell,True,True
,ZJU_HCL_adult_celltype,Epithelial cell,trrust_dorothea_union,coexpression_probability,top_5pct,10,65.0,0.5292307692307692,0.0242710965460496,0.0292307692307692,8.0,,Adult cell types,hcl_adult_celltype,0.0150433814934911,0.4923076923076923,0.5538461538461539,10.0,1292.0,646.0,646.0,False,Adult cell types,Epithelial cell,True,True
,ZJU_HCL_adult_celltype,Epithelial cell,trrust_dorothea_union,mutual_information,top_100,10,100.0,0.543,0.0125166555703457,0.043,10.0,,Adult cell types,hcl_adult_celltype,0.0077579034968647,0.53,0.57,10.0,1292.0,646.0,646.0,True,Adult cell types,Epithelial cell,True,True
,ZJU_HCL_adult_celltype,Epithelial cell,trrust_dorothea_union,mutual_information,top_500,10,500.0,0.505,0.0091043335224984,0.005,7.0,,Adult cell types,hcl_adult_celltype,0.0056429243797481,0.492,0.522,10.0,1292.0,646.0,646.0,False,Adult cell types,Epithelial cell,True,True
,ZJU_HCL_adult_celltype,Epithelial cell,trrust_dorothea_union,mutual_information,top_5pct,10,65.0,0.5584615384615385,0.0162976908534058,0.0584615384615384,10.0,,Adult cell types,hcl_adult_celltype,0.0101014134448189,0.5384615384615384,0.5846153846153846,10.0,1292.0,646.0,646.0,True,Adult cell types,Epithelial cell,True,True
,ZJU_HCL_adult_celltype,Epithelial cell,trrust_dorothea_union,pearson,top_100,10,100.0,0.554,0.0126491106406734,0.054,10.0,,Adult cell types,hcl_adult_celltype,0.0078399999999999,0.54,0.57,10.0,1292.0,646.0,646.0,True,Adult cell types,Epithelial cell,True,True
,ZJU_HCL_adult_celltype,Epithelial cell,trrust_dorothea_union,pearson,top_500,10,500.0,0.5136000000000001,0.0076478028798399,0.0136,10.0,,Adult cell types,hcl_adult_celltype,0.0047401573344727,0.504,0.53,10.0,1292.0,646.0,646.0,True,Adult cell types,Epithelial cell,True,True
,ZJU_HCL_adult_celltype,Epithelial cell,trrust_dorothea_union,pearson,top_5pct,10,65.0,0.583076923076923,0.0275685744732628,0.083076923076923,10.0,,Adult cell types,hcl_adult_celltype,0.0170871794871794,0.5384615384615384,0.6153846153846154,10.0,1292.0,646.0,646.0,True,Adult cell types,Epithelial cell,True,True
,ZJU_HCL_adult_celltype,Epithelial cell,trrust_dorothea_union,spearman,top_100,10,100.0,0.53,0.0115470053837925,0.03,10.0,,Adult cell types,hcl_adult_celltype,0.0071569080847341,0.52,0.55,10.0,1292.0,646.0,646.0,True,Adult cell types,Epithelial cell,True,True
,ZJU_HCL_adult_celltype,Epithelial cell,trrust_dorothea_union,spearman,top_500,10,500.0,0.5,0.0077172246018601,0.0,4.0,,Adult cell types,hcl_adult_celltype,0.0047831853635649,0.488,0.514,10.0,1292.0,646.0,646.0,False,Adult cell types,Epithelial cell,True,True
,ZJU_HCL_adult_celltype,Epithelial cell,trrust_dorothea_union,spearman,top_5pct,10,65.0,0.5138461538461538,0.0273290514758445,0.0138461538461538,6.0,,Adult cell types,hcl_adult_celltype,0.0169387215953083,0.4923076923076923,0.5692307692307692,10.0,1292.0,646.0,646.0,False,Adult cell types,Epithelial cell,True,True
,ZJU_HCL_adult_celltype,Fibroblast,dorothea_ab,codetection_odds_ratio,top_100,10,100.0,0.67,0.0216024689946928,0.17,10.0,,Adult cell types,hcl_adult_celltype,0.0133893490008538,0.64,0.7,10.0,972.0,486.0,486.0,True,Adult cell types,Fibroblast,True,True
,ZJU_HCL_adult_celltype,Fibroblast,dorothea_ab,codetection_odds_ratio,top_500,10,500.0,0.58,0.0050771820705759,0.0799999999999999,10.0,,Adult cell types,hcl_adult_celltype,0.0031468700499243,0.574,0.588,10.0,972.0,486.0,486.0,True,Adult cell types,Fibroblast,True,True
,ZJU_HCL_adult_celltype,Fibroblast,dorothea_ab,codetection_odds_ratio,top_5pct,10,49.0,0.673469387755102,0.0451241468075564,0.173469387755102,10.0,,Adult cell types,hcl_adult_celltype,0.027968235951204,0.5918367346938775,0.7551020408163265,10.0,972.0,486.0,486.0,True,Adult cell types,Fibroblast,True,True
,ZJU_HCL_adult_celltype,Fibroblast,dorothea_ab,coexpression_probability,top_100,10,100.0,0.51,0.0047140452079103,0.01,9.0,,Adult cell types,hcl_adult_celltype,0.0029217954905997,0.5,0.52,10.0,972.0,486.0,486.0,False,Adult cell types,Fibroblast,True,True
,ZJU_HCL_adult_celltype,Fibroblast,dorothea_ab,coexpression_probability,top_500,10,500.0,0.5154,0.0016465452046971,0.0154,10.0,,Adult cell types,hcl_adult_celltype,0.0010205392909851,0.514,0.518,10.0,972.0,486.0,486.0,True,Adult cell types,Fibroblast,True,True
,ZJU_HCL_adult_celltype,Fibroblast,dorothea_ab,coexpression_probability,top_5pct,10,49.0,0.5408163265306122,0.0220433357088702,0.0408163265306122,10.0,,Adult cell types,hcl_adult_celltype,0.0136626010212794,0.5102040816326531,0.5918367346938775,10.0,972.0,486.0,486.0,True,Adult cell types,Fibroblast,True,True
,ZJU_HCL_adult_celltype,Fibroblast,dorothea_ab,mutual_information,top_100,10,100.0,0.627,0.024517567397911,0.127,10.0,,Adult cell types,hcl_adult_celltype,0.015196145710161,0.6,0.66,10.0,972.0,486.0,486.0,True,Adult cell types,Fibroblast,True,True
,ZJU_HCL_adult_celltype,Fibroblast,dorothea_ab,mutual_information,top_500,10,500.0,0.5592,0.0070679244163725,0.0592,10.0,,Adult cell types,hcl_adult_celltype,0.004380744939188,0.55,0.576,10.0,972.0,486.0,486.0,True,Adult cell types,Fibroblast,True,True
,ZJU_HCL_adult_celltype,Fibroblast,dorothea_ab,mutual_information,top_5pct,10,49.0,0.6653061224489796,0.0291804225707853,0.1653061224489795,10.0,,Adult cell types,hcl_adult_celltype,0.018086213288334,0.6326530612244898,0.7142857142857143,10.0,972.0,486.0,486.0,True,Adult cell types,Fibroblast,True,True
,ZJU_HCL_adult_celltype,Fibroblast,dorothea_ab,pearson,top_100,10,100.0,0.633,0.0240601099101581,0.133,10.0,,Adult cell types,hcl_adult_celltype,0.0149126106217374,0.6,0.67,10.0,972.0,486.0,486.0,True,Adult cell types,Fibroblast,True,True
,ZJU_HCL_adult_celltype,Fibroblast,dorothea_ab,pearson,top_500,10,500.0,0.5608000000000001,0.0070679244163725,0.0608,10.0,,Adult cell types,hcl_adult_celltype,0.004380744939188,0.554,0.578,10.0,972.0,486.0,486.0,True,Adult cell types,Fibroblast,True,True
,ZJU_HCL_adult_celltype,Fibroblast,dorothea_ab,pearson,top_5pct,10,49.0,0.7,0.0193608836336839,0.2,10.0,,Adult cell types,hcl_adult_celltype,0.012,0.673469387755102,0.7346938775510204,10.0,972.0,486.0,486.0,True,Adult cell types,Fibroblast,True,True
,ZJU_HCL_adult_celltype,Fibroblast,dorothea_ab,spearman,top_100,10,100.0,0.637,0.0231180545125329,0.137,10.0,,Adult cell types,hcl_adult_celltype,0.0143287186369813,0.61,0.69,10.0,972.0,486.0,486.0,True,Adult cell types,Fibroblast,True,True
,ZJU_HCL_adult_celltype,Fibroblast,dorothea_ab,spearman,top_500,10,500.0,0.5628,0.0058271395689098,0.0628,10.0,,Adult cell types,hcl_adult_celltype,0.0036116985231635,0.556,0.576,10.0,972.0,486.0,486.0,True,Adult cell types,Fibroblast,True,True
,ZJU_HCL_adult_celltype,Fibroblast,dorothea_ab,spearman,top_5pct,10,49.0,0.6816326530612244,0.0275489207228797,0.1816326530612244,10.0,,Adult cell types,hcl_adult_celltype,0.0170749979664875,0.6530612244897959,0.7551020408163265,10.0,972.0,486.0,486.0,True,Adult cell types,Fibroblast,True,True
,ZJU_HCL_adult_celltype,Fibroblast,trrust,codetection_odds_ratio,top_100,10,100.0,0.615,0.0150923085635623,0.1149999999999999,10.0,,Adult cell types,hcl_adult_celltype,0.0093543097613405,0.59,0.64,10.0,826.0,413.0,413.0,True,Adult cell types,Fibroblast,True,True
,ZJU_HCL_adult_celltype,Fibroblast,trrust,codetection_odds_ratio,top_500,10,500.0,0.5466,0.0081676870110889,0.0466,10.0,,Adult cell types,hcl_adult_celltype,0.0050623848574011,0.536,0.56,10.0,826.0,413.0,413.0,True,Adult cell types,Fibroblast,True,True
,ZJU_HCL_adult_celltype,Fibroblast,trrust,codetection_odds_ratio,top_5pct,10,42.0,0.6285714285714286,0.0358463167956705,0.1285714285714286,10.0,,Adult cell types,hcl_adult_celltype,0.0222177773332444,0.5952380952380952,0.7142857142857143,10.0,826.0,413.0,413.0,True,Adult cell types,Fibroblast,True,True
,ZJU_HCL_adult_celltype,Fibroblast,trrust,coexpression_probability,top_100,10,100.0,0.541,0.0110050493461461,0.041,10.0,,Adult cell types,hcl_adult_celltype,0.0068210002524882,0.53,0.56,10.0,826.0,413.0,413.0,True,Adult cell types,Fibroblast,True,True
,ZJU_HCL_adult_celltype,Fibroblast,trrust,coexpression_probability,top_500,10,500.0,0.5084,0.0032386554137309,0.0084,10.0,,Adult cell types,hcl_adult_celltype,0.0020073394221096,0.504,0.512,10.0,826.0,413.0,413.0,True,Adult cell types,Fibroblast,True,True
,ZJU_HCL_adult_celltype,Fibroblast,trrust,coexpression_probability,top_5pct,10,42.0,0.55,0.0135153860047034,0.05,10.0,,Adult cell types,hcl_adult_celltype,0.0083769230333203,0.5238095238095238,0.5714285714285714,10.0,826.0,413.0,413.0,True,Adult cell types,Fibroblast,True,True
,ZJU_HCL_adult_celltype,Fibroblast,trrust,mutual_information,top_100,10,100.0,0.613,0.0170293863659264,0.1129999999999999,10.0,,Adult cell types,hcl_adult_celltype,0.0105549230219836,0.59,0.65,10.0,826.0,413.0,413.0,True,Adult cell types,Fibroblast,True,True
,ZJU_HCL_adult_celltype,Fibroblast,trrust,mutual_information,top_500,10,500.0,0.5288,0.0107991769233688,0.0288,10.0,,Adult cell types,hcl_adult_celltype,0.0066933992028631,0.516,0.552,10.0,826.0,413.0,413.0,True,Adult cell types,Fibroblast,True,True
,ZJU_HCL_adult_celltype,Fibroblast,trrust,mutual_information,top_5pct,10,42.0,0.6404761904761905,0.0208475008516884,0.1404761904761904,10.0,,Adult cell types,hcl_adult_celltype,0.0129214148978725,0.6190476190476191,0.6666666666666666,10.0,826.0,413.0,413.0,True,Adult cell types,Fibroblast,True,True
,ZJU_HCL_adult_celltype,Fibroblast,trrust,pearson,top_100,10,100.0,0.595,0.0184089350286454,0.0949999999999999,10.0,,Adult cell types,hcl_adult_celltype,0.011409976141761,0.56,0.62,10.0,826.0,413.0,413.0,True,Adult cell types,Fibroblast,True,True
,ZJU_HCL_adult_celltype,Fibroblast,trrust,pearson,top_500,10,500.0,0.5356,0.0090332718325089,0.0356,10.0,,Adult cell types,hcl_adult_celltype,0.0055988798879776,0.522,0.552,10.0,826.0,413.0,413.0,True,Adult cell types,Fibroblast,True,True
,ZJU_HCL_adult_celltype,Fibroblast,trrust,pearson,top_5pct,10,42.0,0.6904761904761905,0.0158730158730158,0.1904761904761904,10.0,,Adult cell types,hcl_adult_celltype,0.0098381971649683,0.6666666666666666,0.7142857142857143,10.0,826.0,413.0,413.0,True,Adult cell types,Fibroblast,True,True
,ZJU_HCL_adult_celltype,Fibroblast,trrust,spearman,top_100,10,100.0,0.609,0.0137032031940629,0.1089999999999999,10.0,,Adult cell types,hcl_adult_celltype,0.0084933333333333,0.59,0.64,10.0,826.0,413.0,413.0,True,Adult cell types,Fibroblast,True,True
,ZJU_HCL_adult_celltype,Fibroblast,trrust,spearman,top_500,10,500.0,0.5374000000000001,0.0081130895608406,0.0374,10.0,,Adult cell types,hcl_adult_celltype,0.0050285450071455,0.528,0.552,10.0,826.0,413.0,413.0,True,Adult cell types,Fibroblast,True,True
,ZJU_HCL_adult_celltype,Fibroblast,trrust,spearman,top_5pct,10,42.0,0.6476190476190476,0.0150584650484208,0.1476190476190476,10.0,,Adult cell types,hcl_adult_celltype,0.0093333333333333,0.6190476190476191,0.6666666666666666,10.0,826.0,413.0,413.0,True,Adult cell types,Fibroblast,True,True
,ZJU_HCL_adult_celltype,Fibroblast,trrust_dorothea_intersection,codetection_odds_ratio,top_100,10,100.0,0.615,0.0267706306736816,0.1149999999999999,10.0,,Adult cell types,hcl_adult_celltype,0.0165926087962883,0.55,0.65,10.0,372.0,186.0,186.0,True,Adult cell types,Fibroblast,True,True
,ZJU_HCL_adult_celltype,Fibroblast,trrust_dorothea_intersection,codetection_odds_ratio,top_500,10,372.0,,0.0,,,,Adult cell types,hcl_adult_celltype,,,,0.0,372.0,186.0,186.0,False,Adult cell types,Fibroblast,True,False
,ZJU_HCL_adult_celltype,Fibroblast,trrust_dorothea_intersection,codetection_odds_ratio,top_5pct,10,19.0,0.5894736842105263,0.0543576609994023,0.0894736842105263,10.0,,Adult cell types,hcl_adult_celltype,0.0336912273393335,0.5263157894736842,0.6842105263157895,10.0,372.0,186.0,186.0,True,Adult cell types,Fibroblast,True,True
,ZJU_HCL_adult_celltype,Fibroblast,trrust_dorothea_intersection,coexpression_probability,top_100,10,100.0,0.516,0.006992058987801,0.016,10.0,,Adult cell types,hcl_adult_celltype,0.0043337230593977,0.51,0.53,10.0,372.0,186.0,186.0,True,Adult cell types,Fibroblast,True,True
,ZJU_HCL_adult_celltype,Fibroblast,trrust_dorothea_intersection,coexpression_probability,top_500,10,372.0,,0.0,,,,Adult cell types,hcl_adult_celltype,,,,0.0,372.0,186.0,186.0,False,Adult cell types,Fibroblast,True,False
,ZJU_HCL_adult_celltype,Fibroblast,trrust_dorothea_intersection,coexpression_probability,top_5pct,10,19.0,0.631578947368421,0.049621528504319,0.131578947368421,10.0,,Adult cell types,hcl_adult_celltype,0.0307557420063128,0.5789473684210527,0.7368421052631579,10.0,372.0,186.0,186.0,True,Adult cell types,Fibroblast,True,True
,ZJU_HCL_adult_celltype,Fibroblast,trrust_dorothea_intersection,mutual_information,top_100,10,100.0,0.597,0.0258413965910857,0.0969999999999999,10.0,,Adult cell types,hcl_adult_celltype,0.0160166635449181,0.56,0.63,10.0,372.0,186.0,186.0,True,Adult cell types,Fibroblast,True,True
,ZJU_HCL_adult_celltype,Fibroblast,trrust_dorothea_intersection,mutual_information,top_500,10,372.0,,0.0,,,,Adult cell types,hcl_adult_celltype,,,,0.0,372.0,186.0,186.0,False,Adult cell types,Fibroblast,True,False
,ZJU_HCL_adult_celltype,Fibroblast,trrust_dorothea_intersection,mutual_information,top_5pct,10,19.0,0.6736842105263158,0.0221914221766202,0.1736842105263158,10.0,,Adult cell types,hcl_adult_celltype,0.0137543859649122,0.631578947368421,0.6842105263157895,10.0,372.0,186.0,186.0,True,Adult cell types,Fibroblast,True,True
,ZJU_HCL_adult_celltype,Fibroblast,trrust_dorothea_intersection,pearson,top_100,10,100.0,0.622,0.0204396129556745,0.122,10.0,,Adult cell types,hcl_adult_celltype,0.0126686033607146,0.59,0.65,10.0,372.0,186.0,186.0,True,Adult cell types,Fibroblast,True,True
,ZJU_HCL_adult_celltype,Fibroblast,trrust_dorothea_intersection,pearson,top_500,10,372.0,,0.0,,,,Adult cell types,hcl_adult_celltype,,,,0.0,372.0,186.0,186.0,False,Adult cell types,Fibroblast,True,False
,ZJU_HCL_adult_celltype,Fibroblast,trrust_dorothea_intersection,pearson,top_5pct,10,19.0,0.6842105263157895,0.0,0.1842105263157895,10.0,,Adult cell types,hcl_adult_celltype,0.0,0.6842105263157895,0.6842105263157895,10.0,372.0,186.0,186.0,True,Adult cell types,Fibroblast,True,True
,ZJU_HCL_adult_celltype,Fibroblast,trrust_dorothea_intersection,spearman,top_100,10,100.0,0.605,0.0190029237516523,0.1049999999999999,10.0,,Adult cell types,hcl_adult_celltype,0.0117781341665157,0.57,0.63,10.0,372.0,186.0,186.0,True,Adult cell types,Fibroblast,True,True
,ZJU_HCL_adult_celltype,Fibroblast,trrust_dorothea_intersection,spearman,top_500,10,372.0,,0.0,,,,Adult cell types,hcl_adult_celltype,,,,0.0,372.0,186.0,186.0,False,Adult cell types,Fibroblast,True,False
,ZJU_HCL_adult_celltype,Fibroblast,trrust_dorothea_intersection,spearman,top_5pct,10,19.0,0.6842105263157895,0.0,0.1842105263157895,10.0,,Adult cell types,hcl_adult_celltype,0.0,0.6842105263157895,0.6842105263157895,10.0,372.0,186.0,186.0,True,Adult cell types,Fibroblast,True,True
,ZJU_HCL_adult_celltype,Fibroblast,trrust_dorothea_union,codetection_odds_ratio,top_100,10,100.0,0.626,0.0150554530541816,0.126,10.0,,Adult cell types,hcl_adult_celltype,0.0093314664799626,0.6,0.64,10.0,1426.0,713.0,713.0,True,Adult cell types,Fibroblast,True,True
,ZJU_HCL_adult_celltype,Fibroblast,trrust_dorothea_union,codetection_odds_ratio,top_500,10,500.0,0.5915999999999999,0.01130584902704,0.0915999999999999,10.0,,Adult cell types,hcl_adult_celltype,0.0070074378262592,0.572,0.604,10.0,1426.0,713.0,713.0,True,Adult cell types,Fibroblast,True,True
,ZJU_HCL_adult_celltype,Fibroblast,trrust_dorothea_union,codetection_odds_ratio,top_5pct,10,72.0,0.6597222222222222,0.0163682125274663,0.1597222222222221,10.0,,Adult cell types,hcl_adult_celltype,0.010145123231249,0.6388888888888888,0.6944444444444444,10.0,1426.0,713.0,713.0,True,Adult cell types,Fibroblast,True,True
,ZJU_HCL_adult_celltype,Fibroblast,trrust_dorothea_union,coexpression_probability,top_100,10,100.0,0.529,0.0031622776601683,0.029,10.0,,Adult cell types,hcl_adult_celltype,0.00196,0.52,0.53,10.0,1426.0,713.0,713.0,True,Adult cell types,Fibroblast,True,True
,ZJU_HCL_adult_celltype,Fibroblast,trrust_dorothea_union,coexpression_probability,top_500,10,500.0,0.5192,0.0050066622281383,0.0192,10.0,,Adult cell types,hcl_adult_celltype,0.0031031613987459,0.512,0.524,10.0,1426.0,713.0,713.0,True,Adult cell types,Fibroblast,True,True
,ZJU_HCL_adult_celltype,Fibroblast,trrust_dorothea_union,coexpression_probability,top_5pct,10,72.0,0.5263888888888888,0.0138115128612743,0.0263888888888888,9.0,,Adult cell types,hcl_adult_celltype,0.0085604643605698,0.5,0.5416666666666666,10.0,1426.0,713.0,713.0,False,Adult cell types,Fibroblast,True,True
,ZJU_HCL_adult_celltype,Fibroblast,trrust_dorothea_union,mutual_information,top_100,10,100.0,0.664,0.0177638834592989,0.164,10.0,,Adult cell types,hcl_adult_celltype,0.0110101690369504,0.64,0.69,10.0,1426.0,713.0,713.0,True,Adult cell types,Fibroblast,True,True
,ZJU_HCL_adult_celltype,Fibroblast,trrust_dorothea_union,mutual_information,top_500,10,500.0,0.582,0.0083798700599843,0.0819999999999999,10.0,,Adult cell types,hcl_adult_celltype,0.0051938972736172,0.57,0.596,10.0,1426.0,713.0,713.0,True,Adult cell types,Fibroblast,True,True
,ZJU_HCL_adult_celltype,Fibroblast,trrust_dorothea_union,mutual_information,top_5pct,10,72.0,0.6361111111111111,0.0157679503388207,0.136111111111111,10.0,,Adult cell types,hcl_adult_celltype,0.009773076872207,0.6111111111111112,0.6666666666666666,10.0,1426.0,713.0,713.0,True,Adult cell types,Fibroblast,True,True
,ZJU_HCL_adult_celltype,Fibroblast,trrust_dorothea_union,pearson,top_100,10,100.0,0.666,0.0222111083319435,0.166,10.0,,Adult cell types,hcl_adult_celltype,0.0137665875703942,0.64,0.7,10.0,1426.0,713.0,713.0,True,Adult cell types,Fibroblast,True,True
,ZJU_HCL_adult_celltype,Fibroblast,trrust_dorothea_union,pearson,top_500,10,500.0,0.5786,0.0073060097028253,0.0785999999999999,10.0,,Adult cell types,hcl_adult_celltype,0.0045283117285707,0.566,0.592,10.0,1426.0,713.0,713.0,True,Adult cell types,Fibroblast,True,True
,ZJU_HCL_adult_celltype,Fibroblast,trrust_dorothea_union,pearson,top_5pct,10,72.0,0.6777777777777778,0.0291335791158375,0.1777777777777777,10.0,,Adult cell types,hcl_adult_celltype,0.0180571794141571,0.6388888888888888,0.7361111111111112,10.0,1426.0,713.0,713.0,True,Adult cell types,Fibroblast,True,True
,ZJU_HCL_adult_celltype,Fibroblast,trrust_dorothea_union,spearman,top_100,10,100.0,0.656,0.0222111083319435,0.156,10.0,,Adult cell types,hcl_adult_celltype,0.0137665875703942,0.63,0.69,10.0,1426.0,713.0,713.0,True,Adult cell types,Fibroblast,True,True
,ZJU_HCL_adult_celltype,Fibroblast,trrust_dorothea_union,spearman,top_500,10,500.0,0.58,0.0091893658347268,0.0799999999999999,10.0,,Adult cell types,hcl_adult_celltype,0.0056956279528931,0.57,0.598,10.0,1426.0,713.0,713.0,True,Adult cell types,Fibroblast,True,True
,ZJU_HCL_adult_celltype,Fibroblast,trrust_dorothea_union,spearman,top_5pct,10,72.0,0.6472222222222223,0.0149301069412936,0.1472222222222222,10.0,,Adult cell types,hcl_adult_celltype,0.009253776154298,0.625,0.6666666666666666,10.0,1426.0,713.0,713.0,True,Adult cell types,Fibroblast,True,True
,ZJU_HCL_adult_celltype,Loop of Henle,dorothea_ab,codetection_odds_ratio,top_100,10,100.0,0.67,0.0226077666104175,0.17,10.0,,Adult cell types,hcl_adult_celltype,0.0140124389184911,0.62,0.7,10.0,1182.0,591.0,591.0,True,Adult cell types,Loop of Henle,True,True
,ZJU_HCL_adult_celltype,Loop of Henle,dorothea_ab,codetection_odds_ratio,top_500,10,500.0,0.5922,0.0159847149211711,0.0921999999999999,10.0,,Adult cell types,hcl_adult_celltype,0.0099074289522784,0.578,0.632,10.0,1182.0,591.0,591.0,True,Adult cell types,Loop of Henle,True,True
,ZJU_HCL_adult_celltype,Loop of Henle,dorothea_ab,codetection_odds_ratio,top_5pct,10,60.0,0.65,0.0496903994999953,0.15,10.0,,Adult cell types,hcl_adult_celltype,0.0307984286916807,0.5833333333333334,0.7166666666666667,10.0,1182.0,591.0,591.0,True,Adult cell types,Loop of Henle,True,True
,ZJU_HCL_adult_celltype,Loop of Henle,dorothea_ab,coexpression_probability,top_100,10,100.0,0.521,0.0119721899973786,0.021,9.0,,Adult cell types,hcl_adult_celltype,0.0074204402385123,0.5,0.54,10.0,1182.0,591.0,591.0,False,Adult cell types,Loop of Henle,True,True
,ZJU_HCL_adult_celltype,Loop of Henle,dorothea_ab,coexpression_probability,top_500,10,500.0,0.5128,0.0072541176046589,0.0128,10.0,,Adult cell types,hcl_adult_celltype,0.0044961486729076,0.502,0.522,10.0,1182.0,591.0,591.0,True,Adult cell types,Loop of Henle,True,True
,ZJU_HCL_adult_celltype,Loop of Henle,dorothea_ab,coexpression_probability,top_5pct,10,60.0,0.4866666666666667,0.0189215404065848,-0.0133333333333333,1.0,,Adult cell types,hcl_adult_celltype,0.0117276922466484,0.4666666666666667,0.5166666666666667,10.0,1182.0,591.0,591.0,False,Adult cell types,Loop of Henle,True,True
,ZJU_HCL_adult_celltype,Loop of Henle,dorothea_ab,mutual_information,top_100,10,100.0,0.547,0.0170293863659263,0.047,10.0,,Adult cell types,hcl_adult_celltype,0.0105549230219836,0.53,0.57,10.0,1182.0,591.0,591.0,True,Adult cell types,Loop of Henle,True,True
,ZJU_HCL_adult_celltype,Loop of Henle,dorothea_ab,mutual_information,top_500,10,500.0,0.572,0.0109544511501033,0.0719999999999999,10.0,,Adult cell types,hcl_adult_celltype,0.0067896391656699,0.56,0.592,10.0,1182.0,591.0,591.0,True,Adult cell types,Loop of Henle,True,True
,ZJU_HCL_adult_celltype,Loop of Henle,dorothea_ab,mutual_information,top_5pct,10,60.0,0.6183333333333334,0.0122977464562103,0.1183333333333333,10.0,,Adult cell types,hcl_adult_celltype,0.0076222222222222,0.6,0.6333333333333333,10.0,1182.0,591.0,591.0,True,Adult cell types,Loop of Henle,True,True
,ZJU_HCL_adult_celltype,Loop of Henle,dorothea_ab,pearson,top_100,10,100.0,0.634,0.0245854518861143,0.134,10.0,,Adult cell types,hcl_adult_celltype,0.0152382209518624,0.57,0.66,10.0,1182.0,591.0,591.0,True,Adult cell types,Loop of Henle,True,True
,ZJU_HCL_adult_celltype,Loop of Henle,dorothea_ab,pearson,top_500,10,500.0,0.5734,0.0101565523459269,0.0733999999999999,10.0,,Adult cell types,hcl_adult_celltype,0.0062950963632197,0.554,0.588,10.0,1182.0,591.0,591.0,True,Adult cell types,Loop of Henle,True,True
,ZJU_HCL_adult_celltype,Loop of Henle,dorothea_ab,pearson,top_5pct,10,60.0,0.655,0.0283823106098773,0.155,10.0,,Adult cell types,hcl_adult_celltype,0.0175915383699727,0.6,0.6833333333333333,10.0,1182.0,591.0,591.0,True,Adult cell types,Loop of Henle,True,True
,ZJU_HCL_adult_celltype,Loop of Henle,dorothea_ab,spearman,top_100,10,100.0,0.57,0.0149071198499985,0.0699999999999999,10.0,,Adult cell types,hcl_adult_celltype,0.0092395286075042,0.54,0.59,10.0,1182.0,591.0,591.0,True,Adult cell types,Loop of Henle,True,True
,ZJU_HCL_adult_celltype,Loop of Henle,dorothea_ab,spearman,top_500,10,500.0,0.5798,0.0099532239333126,0.0797999999999999,10.0,,Adult cell types,hcl_adult_celltype,0.0061690721074296,0.566,0.602,10.0,1182.0,591.0,591.0,True,Adult cell types,Loop of Henle,True,True
,ZJU_HCL_adult_celltype,Loop of Henle,dorothea_ab,spearman,top_5pct,10,60.0,0.6133333333333333,0.0189215404065848,0.1133333333333333,10.0,,Adult cell types,hcl_adult_celltype,0.0117276922466484,0.5833333333333334,0.6333333333333333,10.0,1182.0,591.0,591.0,True,Adult cell types,Loop of Henle,True,True
,ZJU_HCL_adult_celltype,Loop of Henle,trrust,codetection_odds_ratio,top_100,10,100.0,0.591,0.0251440295541947,0.091,10.0,,Adult cell types,hcl_adult_celltype,0.0155844309773853,0.56,0.64,10.0,604.0,302.0,302.0,True,Adult cell types,Loop of Henle,True,True
,ZJU_HCL_adult_celltype,Loop of Henle,trrust,codetection_odds_ratio,top_500,10,500.0,0.5156000000000001,0.0041952353926806,0.0156,10.0,,Adult cell types,hcl_adult_celltype,0.0026002338356386,0.508,0.522,10.0,604.0,302.0,302.0,True,Adult cell types,Loop of Henle,True,True
,ZJU_HCL_adult_celltype,Loop of Henle,trrust,codetection_odds_ratio,top_5pct,10,31.0,0.6483870967741935,0.0514558542537866,0.1483870967741935,10.0,,Adult cell types,hcl_adult_celltype,0.0318926688847593,0.5806451612903226,0.7419354838709677,10.0,604.0,302.0,302.0,True,Adult cell types,Loop of Henle,True,True
,ZJU_HCL_adult_celltype,Loop of Henle,trrust,coexpression_probability,top_100,10,100.0,0.514,0.0051639777949432,0.014,10.0,,Adult cell types,hcl_adult_celltype,0.0032006665972366,0.51,0.52,10.0,604.0,302.0,302.0,True,Adult cell types,Loop of Henle,True,True
,ZJU_HCL_adult_celltype,Loop of Henle,trrust,coexpression_probability,top_500,10,500.0,0.5034,0.0013498971154211,0.0034,9.0,,Adult cell types,hcl_adult_celltype,0.0008366749003578,0.5,0.504,10.0,604.0,302.0,302.0,False,Adult cell types,Loop of Henle,True,True
,ZJU_HCL_adult_celltype,Loop of Henle,trrust,coexpression_probability,top_5pct,10,31.0,0.5354838709677419,0.0166579928869135,0.0354838709677419,10.0,,Adult cell types,hcl_adult_celltype,0.010324730958828,0.5161290322580645,0.5483870967741935,10.0,604.0,302.0,302.0,True,Adult cell types,Loop of Henle,True,True
,ZJU_HCL_adult_celltype,Loop of Henle,trrust,mutual_information,top_100,10,100.0,0.548,0.026997942308422,0.048,10.0,,Adult cell types,hcl_adult_celltype,0.0167334980071578,0.51,0.58,10.0,604.0,302.0,302.0,True,Adult cell types,Loop of Henle,True,True
,ZJU_HCL_adult_celltype,Loop of Henle,trrust,mutual_information,top_500,10,500.0,0.51,0.0038873012632301,0.01,9.0,,Adult cell types,hcl_adult_celltype,0.0024093742848392,0.5,0.514,10.0,604.0,302.0,302.0,False,Adult cell types,Loop of Henle,True,True
,ZJU_HCL_adult_celltype,Loop of Henle,trrust,mutual_information,top_5pct,10,31.0,0.6451612903225806,0.043010752688172,0.1451612903225806,10.0,,Adult cell types,hcl_adult_celltype,0.0266583407050753,0.5806451612903226,0.7096774193548387,10.0,604.0,302.0,302.0,True,Adult cell types,Loop of Henle,True,True
,ZJU_HCL_adult_celltype,Loop of Henle,trrust,pearson,top_100,10,100.0,0.5780000000000001,0.0234757558155453,0.0779999999999999,10.0,,Adult cell types,hcl_adult_celltype,0.0145504242015291,0.55,0.62,10.0,604.0,302.0,302.0,True,Adult cell types,Loop of Henle,True,True
,ZJU_HCL_adult_celltype,Loop of Henle,trrust,pearson,top_500,10,500.0,0.512,0.0043204937989385,0.012,10.0,,Adult cell types,hcl_adult_celltype,0.0026778698001707,0.502,0.52,10.0,604.0,302.0,302.0,True,Adult cell types,Loop of Henle,True,True
,ZJU_HCL_adult_celltype,Loop of Henle,trrust,pearson,top_5pct,10,31.0,0.6225806451612903,0.0374032841525291,0.1225806451612903,10.0,,Adult cell types,hcl_adult_celltype,0.0231827956989247,0.5806451612903226,0.6774193548387096,10.0,604.0,302.0,302.0,True,Adult cell types,Loop of Henle,True,True
,ZJU_HCL_adult_celltype,Loop of Henle,trrust,spearman,top_100,10,100.0,0.55,0.0199999999999999,0.05,10.0,,Adult cell types,hcl_adult_celltype,0.01239612842786,0.53,0.59,10.0,604.0,302.0,302.0,True,Adult cell types,Loop of Henle,True,True
,ZJU_HCL_adult_celltype,Loop of Henle,trrust,spearman,top_500,10,500.0,0.5172000000000001,0.005266244708835,0.0172,10.0,,Adult cell types,hcl_adult_celltype,0.0032640522871628,0.504,0.524,10.0,604.0,302.0,302.0,True,Adult cell types,Loop of Henle,True,True
,ZJU_HCL_adult_celltype,Loop of Henle,trrust,spearman,top_5pct,10,31.0,0.6193548387096774,0.0424697153938311,0.1193548387096774,10.0,,Adult cell types,hcl_adult_celltype,0.0263230023158297,0.5806451612903226,0.7096774193548387,10.0,604.0,302.0,302.0,True,Adult cell types,Loop of Henle,True,True
,ZJU_HCL_adult_celltype,Loop of Henle,trrust_dorothea_intersection,codetection_odds_ratio,top_100,10,100.0,0.576,0.0227058484879018,0.0759999999999999,10.0,,Adult cell types,hcl_adult_celltype,0.0140732306959781,0.53,0.6,10.0,282.0,141.0,141.0,True,Adult cell types,Loop of Henle,True,True
,ZJU_HCL_adult_celltype,Loop of Henle,trrust_dorothea_intersection,codetection_odds_ratio,top_500,10,282.0,,0.0,,,,Adult cell types,hcl_adult_celltype,,,,0.0,282.0,141.0,141.0,False,Adult cell types,Loop of Henle,True,False
,ZJU_HCL_adult_celltype,Loop of Henle,trrust_dorothea_intersection,codetection_odds_ratio,top_5pct,10,15.0,0.6933333333333334,0.1051747516995487,0.1933333333333333,10.0,,Adult cell types,hcl_adult_celltype,0.0651879864717949,0.5333333333333333,0.8,10.0,282.0,141.0,141.0,True,Adult cell types,Loop of Henle,True,True
,ZJU_HCL_adult_celltype,Loop of Henle,trrust_dorothea_intersection,coexpression_probability,top_100,10,100.0,0.513,0.0067494855771055,0.013,9.0,,Adult cell types,hcl_adult_celltype,0.0041833745017894,0.5,0.52,10.0,282.0,141.0,141.0,False,Adult cell types,Loop of Henle,True,True
,ZJU_HCL_adult_celltype,Loop of Henle,trrust_dorothea_intersection,coexpression_probability,top_500,10,282.0,,0.0,,,,Adult cell types,hcl_adult_celltype,,,,0.0,282.0,141.0,141.0,False,Adult cell types,Loop of Henle,True,False
,ZJU_HCL_adult_celltype,Loop of Henle,trrust_dorothea_intersection,coexpression_probability,top_5pct,10,15.0,0.4599999999999999,0.0210818510677891,-0.0399999999999999,0.0,,Adult cell types,hcl_adult_celltype,0.0130666666666666,0.4,0.4666666666666667,10.0,282.0,141.0,141.0,False,Adult cell types,Loop of Henle,True,True
,ZJU_HCL_adult_celltype,Loop of Henle,trrust_dorothea_intersection,mutual_information,top_100,10,100.0,0.5589999999999999,0.0179195734076207,0.059,10.0,,Adult cell types,hcl_adult_celltype,0.0111066666666666,0.53,0.58,10.0,282.0,141.0,141.0,True,Adult cell types,Loop of Henle,True,True
,ZJU_HCL_adult_celltype,Loop of Henle,trrust_dorothea_intersection,mutual_information,top_500,10,282.0,,0.0,,,,Adult cell types,hcl_adult_celltype,,,,0.0,282.0,141.0,141.0,False,Adult cell types,Loop of Henle,True,False
,ZJU_HCL_adult_celltype,Loop of Henle,trrust_dorothea_intersection,mutual_information,top_5pct,10,15.0,0.72,0.0612624388981787,0.2199999999999999,10.0,,Adult cell types,hcl_adult_celltype,0.0379708530192876,0.6666666666666666,0.8666666666666667,10.0,282.0,141.0,141.0,True,Adult cell types,Loop of Henle,True,True
,ZJU_HCL_adult_celltype,Loop of Henle,trrust_dorothea_intersection,pearson,top_100,10,100.0,0.547,0.0305686840482943,0.047,10.0,,Adult cell types,hcl_adult_celltype,0.0189466666666666,0.51,0.61,10.0,282.0,141.0,141.0,True,Adult cell types,Loop of Henle,True,True
,ZJU_HCL_adult_celltype,Loop of Henle,trrust_dorothea_intersection,pearson,top_500,10,282.0,,0.0,,,,Adult cell types,hcl_adult_celltype,,,,0.0,282.0,141.0,141.0,False,Adult cell types,Loop of Henle,True,False
,ZJU_HCL_adult_celltype,Loop of Henle,trrust_dorothea_intersection,pearson,top_5pct,10,15.0,0.6866666666666668,0.0996289412064884,0.1866666666666666,10.0,,Adult cell types,hcl_adult_celltype,0.0617506575163674,0.6,0.8,10.0,282.0,141.0,141.0,True,Adult cell types,Loop of Henle,True,True
,ZJU_HCL_adult_celltype,Loop of Henle,trrust_dorothea_intersection,spearman,top_100,10,100.0,0.5650000000000001,0.0190029237516522,0.065,10.0,,Adult cell types,hcl_adult_celltype,0.0117781341665156,0.54,0.6,10.0,282.0,141.0,141.0,True,Adult cell types,Loop of Henle,True,True
,ZJU_HCL_adult_celltype,Loop of Henle,trrust_dorothea_intersection,spearman,top_500,10,282.0,,0.0,,,,Adult cell types,hcl_adult_celltype,,,,0.0,282.0,141.0,141.0,False,Adult cell types,Loop of Henle,True,False
,ZJU_HCL_adult_celltype,Loop of Henle,trrust_dorothea_intersection,spearman,top_5pct,10,15.0,0.7066666666666667,0.0899931410280737,0.2066666666666666,10.0,,Adult cell types,hcl_adult_celltype,0.0557783266905261,0.6,0.8666666666666667,10.0,282.0,141.0,141.0,True,Adult cell types,Loop of Henle,True,True
,ZJU_HCL_adult_celltype,Loop of Henle,trrust_dorothea_union,codetection_odds_ratio,top_100,10,100.0,0.657,0.0305686840482943,0.157,10.0,,Adult cell types,hcl_adult_celltype,0.0189466666666666,0.59,0.69,10.0,1504.0,752.0,752.0,True,Adult cell types,Loop of Henle,True,True
,ZJU_HCL_adult_celltype,Loop of Henle,trrust_dorothea_union,codetection_odds_ratio,top_500,10,500.0,0.5993999999999999,0.0116256421566963,0.0993999999999999,10.0,,Adult cell types,hcl_adult_celltype,0.0072056476615376,0.576,0.614,10.0,1504.0,752.0,752.0,True,Adult cell types,Loop of Henle,True,True
,ZJU_HCL_adult_celltype,Loop of Henle,trrust_dorothea_union,codetection_odds_ratio,top_5pct,10,76.0,0.6394736842105264,0.0398133533961762,0.1394736842105263,10.0,,Adult cell types,hcl_adult_celltype,0.0246765720921389,0.5526315789473685,0.6842105263157895,10.0,1504.0,752.0,752.0,True,Adult cell types,Loop of Henle,True,True
,ZJU_HCL_adult_celltype,Loop of Henle,trrust_dorothea_union,coexpression_probability,top_100,10,100.0,0.498,0.0131656117720876,-0.002,4.0,,Adult cell types,hcl_adult_celltype,0.0081601307179072,0.48,0.51,10.0,1504.0,752.0,752.0,False,Adult cell types,Loop of Henle,True,True
,ZJU_HCL_adult_celltype,Loop of Henle,trrust_dorothea_union,coexpression_probability,top_500,10,500.0,0.5112,0.0043410188256265,0.0112,10.0,,Adult cell types,hcl_adult_celltype,0.0026905913435112,0.504,0.518,10.0,1504.0,752.0,752.0,True,Adult cell types,Loop of Henle,True,True
,ZJU_HCL_adult_celltype,Loop of Henle,trrust_dorothea_union,coexpression_probability,top_5pct,10,76.0,0.5171052631578947,0.0088809020751388,0.0171052631578947,10.0,,Adult cell types,hcl_adult_celltype,0.0055044401339334,0.5131578947368421,0.5394736842105263,10.0,1504.0,752.0,752.0,True,Adult cell types,Loop of Henle,True,True
,ZJU_HCL_adult_celltype,Loop of Henle,trrust_dorothea_union,mutual_information,top_100,10,100.0,0.599,0.0172884033065199,0.0989999999999999,10.0,,Adult cell types,hcl_adult_celltype,0.010715463385013,0.57,0.62,10.0,1504.0,752.0,752.0,True,Adult cell types,Loop of Henle,True,True
,ZJU_HCL_adult_celltype,Loop of Henle,trrust_dorothea_union,mutual_information,top_500,10,500.0,0.589,0.0091043335224984,0.0889999999999999,10.0,,Adult cell types,hcl_adult_celltype,0.0056429243797481,0.576,0.604,10.0,1504.0,752.0,752.0,True,Adult cell types,Loop of Henle,True,True
,ZJU_HCL_adult_celltype,Loop of Henle,trrust_dorothea_union,mutual_information,top_5pct,10,76.0,0.6210526315789473,0.0213069435113879,0.1210526315789473,10.0,,Adult cell types,hcl_adult_celltype,0.0132061804086162,0.5921052631578947,0.6578947368421053,10.0,1504.0,752.0,752.0,True,Adult cell types,Loop of Henle,True,True
,ZJU_HCL_adult_celltype,Loop of Henle,trrust_dorothea_union,pearson,top_100,10,100.0,0.631,0.0179195734076208,0.131,10.0,,Adult cell types,hcl_adult_celltype,0.0111066666666666,0.6,0.66,10.0,1504.0,752.0,752.0,True,Adult cell types,Loop of Henle,True,True
,ZJU_HCL_adult_celltype,Loop of Henle,trrust_dorothea_union,pearson,top_500,10,500.0,0.5784,0.0047888759989514,0.0783999999999999,10.0,,Adult cell types,hcl_adult_celltype,0.0029681760954049,0.572,0.586,10.0,1504.0,752.0,752.0,True,Adult cell types,Loop of Henle,True,True
,ZJU_HCL_adult_celltype,Loop of Henle,trrust_dorothea_union,pearson,top_5pct,10,76.0,0.6355263157894737,0.0232497513696466,0.1355263157894736,10.0,,Adult cell types,hcl_adult_celltype,0.0144103451946977,0.5921052631578947,0.6710526315789473,10.0,1504.0,752.0,752.0,True,Adult cell types,Loop of Henle,True,True
,ZJU_HCL_adult_celltype,Loop of Henle,trrust_dorothea_union,spearman,top_100,10,100.0,0.609,0.0207899548393502,0.1089999999999999,10.0,,Adult cell types,hcl_adult_celltype,0.0128857475098998,0.57,0.63,10.0,1504.0,752.0,752.0,True,Adult cell types,Loop of Henle,True,True
,ZJU_HCL_adult_celltype,Loop of Henle,trrust_dorothea_union,spearman,top_500,10,500.0,0.5883999999999999,0.0054812812776251,0.0883999999999999,10.0,,Adult cell types,hcl_adult_celltype,0.0033973333333333,0.58,0.598,10.0,1504.0,752.0,752.0,True,Adult cell types,Loop of Henle,True,True
,ZJU_HCL_adult_celltype,Loop of Henle,trrust_dorothea_union,spearman,top_5pct,10,76.0,0.6065789473684211,0.0115209873127752,0.106578947368421,10.0,,Adult cell types,hcl_adult_celltype,0.0071407819172453,0.5921052631578947,0.618421052631579,10.0,1504.0,752.0,752.0,True,Adult cell types,Loop of Henle,True,True
,ZJU_HCL_adult_celltype,Smooth muscle cell,dorothea_ab,codetection_odds_ratio,top_100,10,100.0,0.548,0.0181352940116472,0.048,10.0,,Adult cell types,hcl_adult_celltype,0.011240371682269,0.52,0.57,10.0,1184.0,592.0,592.0,True,Adult cell types,Smooth muscle cell,True,True
,ZJU_HCL_adult_celltype,Smooth muscle cell,dorothea_ab,codetection_odds_ratio,top_500,10,500.0,0.5566,0.0083293323728722,0.0566,10.0,,Adult cell types,hcl_adult_celltype,0.0051625736906228,0.54,0.568,10.0,1184.0,592.0,592.0,True,Adult cell types,Smooth muscle cell,True,True
,ZJU_HCL_adult_celltype,Smooth muscle cell,dorothea_ab,codetection_odds_ratio,top_5pct,10,60.0,0.595,0.024907235301622,0.095,10.0,,Adult cell types,hcl_adult_celltype,0.0154376643790918,0.55,0.6333333333333333,10.0,1184.0,592.0,592.0,True,Adult cell types,Smooth muscle cell,True,True
,ZJU_HCL_adult_celltype,Smooth muscle cell,dorothea_ab,coexpression_probability,top_100,10,100.0,0.497,0.0048304589153964,-0.003,0.0,,Adult cell types,hcl_adult_celltype,0.0029939494540378,0.49,0.5,10.0,1184.0,592.0,592.0,False,Adult cell types,Smooth muscle cell,True,True
,ZJU_HCL_adult_celltype,Smooth muscle cell,dorothea_ab,coexpression_probability,top_500,10,500.0,0.511,0.0056764621219754,0.011,10.0,,Adult cell types,hcl_adult_celltype,0.0035183076739945,0.502,0.52,10.0,1184.0,592.0,592.0,True,Adult cell types,Smooth muscle cell,True,True
,ZJU_HCL_adult_celltype,Smooth muscle cell,dorothea_ab,coexpression_probability,top_5pct,10,60.0,0.5483333333333333,0.0165738154335292,0.0483333333333333,10.0,,Adult cell types,hcl_adult_celltype,0.0102725572326838,0.5166666666666667,0.5666666666666667,10.0,1184.0,592.0,592.0,True,Adult cell types,Smooth muscle cell,True,True
,ZJU_HCL_adult_celltype,Smooth muscle cell,dorothea_ab,mutual_information,top_100,10,100.0,0.507,0.018885620632287,0.007,7.0,,Adult cell types,hcl_adult_celltype,0.0117054289398837,0.48,0.54,10.0,1184.0,592.0,592.0,False,Adult cell types,Smooth muscle cell,True,True
,ZJU_HCL_adult_celltype,Smooth muscle cell,dorothea_ab,mutual_information,top_500,10,500.0,0.5272,0.0054324130099902,0.0272,10.0,,Adult cell types,hcl_adult_celltype,0.0033670444672508,0.518,0.536,10.0,1184.0,592.0,592.0,True,Adult cell types,Smooth muscle cell,True,True
,ZJU_HCL_adult_celltype,Smooth muscle cell,dorothea_ab,mutual_information,top_5pct,10,60.0,0.4583333333333333,0.0344713156833079,-0.0416666666666666,1.0,,Adult cell types,hcl_adult_celltype,0.0213655428143795,0.4166666666666667,0.5166666666666667,10.0,1184.0,592.0,592.0,False,Adult cell types,Smooth muscle cell,True,True
,ZJU_HCL_adult_celltype,Smooth muscle cell,dorothea_ab,pearson,top_100,10,100.0,0.5599999999999999,0.0210818510677891,0.06,10.0,,Adult cell types,hcl_adult_celltype,0.0130666666666666,0.52,0.59,10.0,1184.0,592.0,592.0,True,Adult cell types,Smooth muscle cell,True,True
,ZJU_HCL_adult_celltype,Smooth muscle cell,dorothea_ab,pearson,top_500,10,500.0,0.5294000000000001,0.0029888682361946,0.0294,10.0,,Adult cell types,hcl_adult_celltype,0.001852519725491,0.526,0.534,10.0,1184.0,592.0,592.0,True,Adult cell types,Smooth muscle cell,True,True
,ZJU_HCL_adult_celltype,Smooth muscle cell,dorothea_ab,pearson,top_5pct,10,60.0,0.5333333333333334,0.0157134840263677,0.0333333333333333,9.0,,Adult cell types,hcl_adult_celltype,0.009739318301999,0.5,0.55,10.0,1184.0,592.0,592.0,False,Adult cell types,Smooth muscle cell,True,True
,ZJU_HCL_adult_celltype,Smooth muscle cell,dorothea_ab,spearman,top_100,10,100.0,0.525,0.0117851130197757,0.025,10.0,,Adult cell types,hcl_adult_celltype,0.0073044887264993,0.51,0.54,10.0,1184.0,592.0,592.0,True,Adult cell types,Smooth muscle cell,True,True
,ZJU_HCL_adult_celltype,Smooth muscle cell,dorothea_ab,spearman,top_500,10,500.0,0.535,0.0074386378681404,0.035,10.0,,Adult cell types,hcl_adult_celltype,0.0046105155170906,0.526,0.546,10.0,1184.0,592.0,592.0,True,Adult cell types,Smooth muscle cell,True,True
,ZJU_HCL_adult_celltype,Smooth muscle cell,dorothea_ab,spearman,top_5pct,10,60.0,0.4916666666666667,0.0251538476059372,-0.0083333333333333,3.0,,Adult cell types,hcl_adult_celltype,0.0155905162689009,0.45,0.5333333333333333,10.0,1184.0,592.0,592.0,False,Adult cell types,Smooth muscle cell,True,True
,ZJU_HCL_adult_celltype,Smooth muscle cell,trrust,codetection_odds_ratio,top_100,10,100.0,0.541,0.0420185144377517,0.041,8.0,,Adult cell types,hcl_adult_celltype,0.0260433450659131,0.49,0.64,10.0,786.0,393.0,393.0,False,Adult cell types,Smooth muscle cell,True,True
,ZJU_HCL_adult_celltype,Smooth muscle cell,trrust,codetection_odds_ratio,top_500,10,500.0,0.5174000000000001,0.0076623176070371,0.0174,10.0,,Adult cell types,hcl_adult_celltype,0.0047491536555942,0.508,0.528,10.0,786.0,393.0,393.0,True,Adult cell types,Smooth muscle cell,True,True
,ZJU_HCL_adult_celltype,Smooth muscle cell,trrust,codetection_odds_ratio,top_5pct,10,40.0,0.54,0.0174801474695025,0.04,10.0,,Adult cell types,hcl_adult_celltype,0.0108343076484943,0.525,0.575,10.0,786.0,393.0,393.0,True,Adult cell types,Smooth muscle cell,True,True
,ZJU_HCL_adult_celltype,Smooth muscle cell,trrust,coexpression_probability,top_100,10,100.0,0.49,0.0115470053837925,-0.01,1.0,,Adult cell types,hcl_adult_celltype,0.0071569080847341,0.47,0.51,10.0,786.0,393.0,393.0,False,Adult cell types,Smooth muscle cell,True,True
,ZJU_HCL_adult_celltype,Smooth muscle cell,trrust,coexpression_probability,top_500,10,500.0,0.514,0.0044221663871405,0.014,10.0,,Adult cell types,hcl_adult_celltype,0.0027408871232179,0.506,0.52,10.0,786.0,393.0,393.0,True,Adult cell types,Smooth muscle cell,True,True
,ZJU_HCL_adult_celltype,Smooth muscle cell,trrust,coexpression_probability,top_5pct,10,40.0,0.575,0.0204124145231931,0.0749999999999999,10.0,,Adult cell types,hcl_adult_celltype,0.0126517455976108,0.55,0.6,10.0,786.0,393.0,393.0,True,Adult cell types,Smooth muscle cell,True,True
,ZJU_HCL_adult_celltype,Smooth muscle cell,trrust,mutual_information,top_100,10,100.0,0.533,0.0211081869319834,0.033,10.0,,Adult cell types,hcl_adult_celltype,0.0130829898044071,0.51,0.57,10.0,786.0,393.0,393.0,True,Adult cell types,Smooth muscle cell,True,True
,ZJU_HCL_adult_celltype,Smooth muscle cell,trrust,mutual_information,top_500,10,500.0,0.4846,0.0084878998842142,-0.0154,0.0,,Adult cell types,hcl_adult_celltype,0.0052608548523769,0.472,0.496,10.0,786.0,393.0,393.0,False,Adult cell types,Smooth muscle cell,True,True
,ZJU_HCL_adult_celltype,Smooth muscle cell,trrust,mutual_information,top_5pct,10,40.0,0.555,0.0158113883008418,0.055,10.0,,Adult cell types,hcl_adult_celltype,0.0097999999999999,0.55,0.6,10.0,786.0,393.0,393.0,True,Adult cell types,Smooth muscle cell,True,True
,ZJU_HCL_adult_celltype,Smooth muscle cell,trrust,pearson,top_100,10,100.0,0.545,0.0227303028283097,0.045,10.0,,Adult cell types,hcl_adult_celltype,0.0140883876531939,0.52,0.6,10.0,786.0,393.0,393.0,True,Adult cell types,Smooth muscle cell,True,True
,ZJU_HCL_adult_celltype,Smooth muscle cell,trrust,pearson,top_500,10,500.0,0.4921999999999999,0.0044671641514002,-0.0078,0.0,,Adult cell types,hcl_adult_celltype,0.0027687770264545,0.484,0.498,10.0,786.0,393.0,393.0,False,Adult cell types,Smooth muscle cell,True,True
,ZJU_HCL_adult_celltype,Smooth muscle cell,trrust,pearson,top_5pct,10,40.0,0.535,0.035746017649212,0.035,7.0,,Adult cell types,hcl_adult_celltype,0.0221556112782092,0.475,0.6,10.0,786.0,393.0,393.0,False,Adult cell types,Smooth muscle cell,True,True
,ZJU_HCL_adult_celltype,Smooth muscle cell,trrust,spearman,top_100,10,100.0,0.538,0.0282055944017415,0.038,10.0,,Adult cell types,hcl_adult_celltype,0.0174820085294059,0.51,0.6,10.0,786.0,393.0,393.0,True,Adult cell types,Smooth muscle cell,True,True
,ZJU_HCL_adult_celltype,Smooth muscle cell,trrust,spearman,top_500,10,500.0,0.4852,0.0050066622281382,-0.0148,0.0,,Adult cell types,hcl_adult_celltype,0.0031031613987459,0.476,0.49,10.0,786.0,393.0,393.0,False,Adult cell types,Smooth muscle cell,True,True
,ZJU_HCL_adult_celltype,Smooth muscle cell,trrust,spearman,top_5pct,10,40.0,0.5575,0.0168737139427637,0.0575,10.0,,Adult cell types,hcl_adult_celltype,0.0104584362544736,0.55,0.6,10.0,786.0,393.0,393.0,True,Adult cell types,Smooth muscle cell,True,True
,ZJU_HCL_adult_celltype,Smooth muscle cell,trrust_dorothea_intersection,codetection_odds_ratio,top_100,10,100.0,0.538,0.0175119007154182,0.038,10.0,,Adult cell types,hcl_adult_celltype,0.0108539885142129,0.51,0.57,10.0,384.0,192.0,192.0,True,Adult cell types,Smooth muscle cell,True,True
,ZJU_HCL_adult_celltype,Smooth muscle cell,trrust_dorothea_intersection,codetection_odds_ratio,top_500,10,384.0,,0.0,,,,Adult cell types,hcl_adult_celltype,,,,0.0,384.0,192.0,192.0,False,Adult cell types,Smooth muscle cell,True,False
,ZJU_HCL_adult_celltype,Smooth muscle cell,trrust_dorothea_intersection,codetection_odds_ratio,top_5pct,10,20.0,0.5549999999999999,0.0831664996658309,0.055,6.0,,Adult cell types,hcl_adult_celltype,0.051547130537661,0.45,0.65,10.0,384.0,192.0,192.0,False,Adult cell types,Smooth muscle cell,True,True
,ZJU_HCL_adult_celltype,Smooth muscle cell,trrust_dorothea_intersection,coexpression_probability,top_100,10,100.0,0.541,0.0056764621219754,0.041,10.0,,Adult cell types,hcl_adult_celltype,0.0035183076739945,0.53,0.55,10.0,384.0,192.0,192.0,True,Adult cell types,Smooth muscle cell,True,True
,ZJU_HCL_adult_celltype,Smooth muscle cell,trrust_dorothea_intersection,coexpression_probability,top_500,10,384.0,,0.0,,,,Adult cell types,hcl_adult_celltype,,,,0.0,384.0,192.0,192.0,False,Adult cell types,Smooth muscle cell,True,False
,ZJU_HCL_adult_celltype,Smooth muscle cell,trrust_dorothea_intersection,coexpression_probability,top_5pct,10,20.0,0.58,0.0421637021355783,0.08,9.0,,Adult cell types,hcl_adult_celltype,0.0261333333333333,0.5,0.65,10.0,384.0,192.0,192.0,False,Adult cell types,Smooth muscle cell,True,True
,ZJU_HCL_adult_celltype,Smooth muscle cell,trrust_dorothea_intersection,mutual_information,top_100,10,100.0,0.542,0.0193218356615859,0.042,10.0,,Adult cell types,hcl_adult_celltype,0.0119757978161512,0.51,0.57,10.0,384.0,192.0,192.0,True,Adult cell types,Smooth muscle cell,True,True
,ZJU_HCL_adult_celltype,Smooth muscle cell,trrust_dorothea_intersection,mutual_information,top_500,10,384.0,,0.0,,,,Adult cell types,hcl_adult_celltype,,,,0.0,384.0,192.0,192.0,False,Adult cell types,Smooth muscle cell,True,False
,ZJU_HCL_adult_celltype,Smooth muscle cell,trrust_dorothea_intersection,mutual_information,top_5pct,10,20.0,0.495,0.0158113883008419,-0.0049999999999999,0.0,,Adult cell types,hcl_adult_celltype,0.0097999999999999,0.45,0.5,10.0,384.0,192.0,192.0,False,Adult cell types,Smooth muscle cell,True,True
,ZJU_HCL_adult_celltype,Smooth muscle cell,trrust_dorothea_intersection,pearson,top_100,10,100.0,0.547,0.0170293863659264,0.047,10.0,,Adult cell types,hcl_adult_celltype,0.0105549230219836,0.52,0.57,10.0,384.0,192.0,192.0,True,Adult cell types,Smooth muscle cell,True,True
,ZJU_HCL_adult_celltype,Smooth muscle cell,trrust_dorothea_intersection,pearson,top_500,10,384.0,,0.0,,,,Adult cell types,hcl_adult_celltype,,,,0.0,384.0,192.0,192.0,False,Adult cell types,Smooth muscle cell,True,False
,ZJU_HCL_adult_celltype,Smooth muscle cell,trrust_dorothea_intersection,pearson,top_5pct,10,20.0,0.395,0.0598609499868932,-0.1049999999999999,0.0,,Adult cell types,hcl_adult_celltype,0.0371022011925617,0.3,0.5,10.0,384.0,192.0,192.0,False,Adult cell types,Smooth muscle cell,True,True
,ZJU_HCL_adult_celltype,Smooth muscle cell,trrust_dorothea_intersection,spearman,top_100,10,100.0,0.536,0.0195505043981535,0.036,10.0,,Adult cell types,hcl_adult_celltype,0.0121175281674477,0.51,0.57,10.0,384.0,192.0,192.0,True,Adult cell types,Smooth muscle cell,True,True
,ZJU_HCL_adult_celltype,Smooth muscle cell,trrust_dorothea_intersection,spearman,top_500,10,384.0,,0.0,,,,Adult cell types,hcl_adult_celltype,,,,0.0,384.0,192.0,192.0,False,Adult cell types,Smooth muscle cell,True,False
,ZJU_HCL_adult_celltype,Smooth muscle cell,trrust_dorothea_intersection,spearman,top_5pct,10,20.0,0.495,0.0497214463005876,-0.0049999999999999,1.0,,Adult cell types,hcl_adult_celltype,0.0308176716980515,0.4,0.6,10.0,384.0,192.0,192.0,False,Adult cell types,Smooth muscle cell,True,True
,ZJU_HCL_adult_celltype,Smooth muscle cell,trrust_dorothea_union,codetection_odds_ratio,top_100,10,100.0,0.5740000000000001,0.0150554530541816,0.0739999999999999,10.0,,Adult cell types,hcl_adult_celltype,0.0093314664799626,0.55,0.6,10.0,1586.0,793.0,793.0,True,Adult cell types,Smooth muscle cell,True,True
,ZJU_HCL_adult_celltype,Smooth muscle cell,trrust_dorothea_union,codetection_odds_ratio,top_500,10,500.0,0.548,0.0080553639823963,0.048,10.0,,Adult cell types,hcl_adult_celltype,0.0049927663229471,0.536,0.566,10.0,1586.0,793.0,793.0,True,Adult cell types,Smooth muscle cell,True,True
,ZJU_HCL_adult_celltype,Smooth muscle cell,trrust_dorothea_union,codetection_odds_ratio,top_5pct,10,80.0,0.5912499999999999,0.0236070257903588,0.0912499999999999,10.0,,Adult cell types,hcl_adult_celltype,0.0146317861748546,0.5625,0.6375,10.0,1586.0,793.0,793.0,True,Adult cell types,Smooth muscle cell,True,True
,ZJU_HCL_adult_celltype,Smooth muscle cell,trrust_dorothea_union,coexpression_probability,top_100,10,100.0,0.535,0.0070710678118654,0.035,10.0,,Adult cell types,hcl_adult_celltype,0.0043826932358995,0.53,0.55,10.0,1586.0,793.0,793.0,True,Adult cell types,Smooth muscle cell,True,True
,ZJU_HCL_adult_celltype,Smooth muscle cell,trrust_dorothea_union,coexpression_probability,top_500,10,500.0,0.5142,0.0048488257455915,0.0142,10.0,,Adult cell types,hcl_adult_celltype,0.0030053333333333,0.506,0.522,10.0,1586.0,793.0,793.0,True,Adult cell types,Smooth muscle cell,True,True
,ZJU_HCL_adult_celltype,Smooth muscle cell,trrust_dorothea_union,coexpression_probability,top_5pct,10,80.0,0.5287499999999999,0.0132418738183922,0.02875,10.0,,Adult cell types,hcl_adult_celltype,0.0082073984239153,0.5125,0.5625,10.0,1586.0,793.0,793.0,True,Adult cell types,Smooth muscle cell,True,True
,ZJU_HCL_adult_celltype,Smooth muscle cell,trrust_dorothea_union,mutual_information,top_100,10,100.0,0.501,0.0213177026070926,0.001,4.0,,Adult cell types,hcl_adult_celltype,0.0132128489652223,0.47,0.53,10.0,1586.0,793.0,793.0,False,Adult cell types,Smooth muscle cell,True,True
,ZJU_HCL_adult_celltype,Smooth muscle cell,trrust_dorothea_union,mutual_information,top_500,10,500.0,0.5176000000000001,0.0047888759989514,0.0176,10.0,,Adult cell types,hcl_adult_celltype,0.0029681760954049,0.512,0.526,10.0,1586.0,793.0,793.0,True,Adult cell types,Smooth muscle cell,True,True
,ZJU_HCL_adult_celltype,Smooth muscle cell,trrust_dorothea_union,mutual_information,top_5pct,10,80.0,0.4887499999999999,0.0181142209327367,-0.01125,3.0,,Adult cell types,hcl_adult_celltype,0.0112273104526418,0.475,0.5125,10.0,1586.0,793.0,793.0,False,Adult cell types,Smooth muscle cell,True,True
,ZJU_HCL_adult_celltype,Smooth muscle cell,trrust_dorothea_union,pearson,top_100,10,100.0,0.544,0.0206559111797728,0.044,10.0,,Adult cell types,hcl_adult_celltype,0.0128026663889467,0.52,0.57,10.0,1586.0,793.0,793.0,True,Adult cell types,Smooth muscle cell,True,True
,ZJU_HCL_adult_celltype,Smooth muscle cell,trrust_dorothea_union,pearson,top_500,10,500.0,0.5358,0.0061427463998876,0.0358,10.0,,Adult cell types,hcl_adult_celltype,0.0038073136636391,0.526,0.546,10.0,1586.0,793.0,793.0,True,Adult cell types,Smooth muscle cell,True,True
,ZJU_HCL_adult_celltype,Smooth muscle cell,trrust_dorothea_union,pearson,top_5pct,10,80.0,0.525,0.0294627825494394,0.0249999999999999,7.0,,Adult cell types,hcl_adult_celltype,0.0182612218162482,0.4875,0.575,10.0,1586.0,793.0,793.0,False,Adult cell types,Smooth muscle cell,True,True
,ZJU_HCL_adult_celltype,Smooth muscle cell,trrust_dorothea_union,spearman,top_100,10,100.0,0.518,0.0244040069569641,0.018,7.0,,Adult cell types,hcl_adult_celltype,0.0151257602196459,0.48,0.55,10.0,1586.0,793.0,793.0,False,Adult cell types,Smooth muscle cell,True,True
,ZJU_HCL_adult_celltype,Smooth muscle cell,trrust_dorothea_union,spearman,top_500,10,500.0,0.5302,0.005692099788303,0.0302,10.0,,Adult cell types,hcl_adult_celltype,0.003528,0.522,0.542,10.0,1586.0,793.0,793.0,True,Adult cell types,Smooth muscle cell,True,True
,ZJU_HCL_adult_celltype,Smooth muscle cell,trrust_dorothea_union,spearman,top_5pct,10,80.0,0.53125,0.0230111687858068,0.03125,8.0,,Adult cell types,hcl_adult_celltype,0.0142624701772012,0.4875,0.5625,10.0,1586.0,793.0,793.0,False,Adult cell types,Smooth muscle cell,True,True
,ZJU_HCL_adult_tissue,AdultColon,dorothea_ab,codetection_odds_ratio,top_100,10,100.0,0.474,0.0195505043981535,-0.026,1.0,,Adult tissues,hcl_adult_tissue,0.0121175281674477,0.45,0.51,10.0,178.0,89.0,89.0,False,Tissue contexts,"Adult
colon",True,True
,ZJU_HCL_adult_tissue,AdultColon,dorothea_ab,codetection_odds_ratio,top_500,10,178.0,,0.0,,,,Adult tissues,hcl_adult_tissue,,,,0.0,178.0,89.0,89.0,False,Tissue contexts,"Adult
colon",True,False
,ZJU_HCL_adult_tissue,AdultColon,dorothea_ab,codetection_odds_ratio,top_5pct,10,9.0,0.6333333333333333,0.0749942841900614,0.1333333333333333,10.0,,Adult tissues,hcl_adult_tissue,0.0464819389087717,0.5555555555555556,0.7777777777777778,10.0,178.0,89.0,89.0,True,Tissue contexts,"Adult
colon",True,True
,ZJU_HCL_adult_tissue,AdultColon,dorothea_ab,coexpression_probability,top_100,10,100.0,0.485,0.0097182531580755,-0.015,0.0,,Adult tissues,hcl_adult_tissue,0.006023435712098,0.47,0.5,10.0,178.0,89.0,89.0,False,Tissue contexts,"Adult
colon",True,True
,ZJU_HCL_adult_tissue,AdultColon,dorothea_ab,coexpression_probability,top_500,10,178.0,,0.0,,,,Adult tissues,hcl_adult_tissue,,,,0.0,178.0,89.0,89.0,False,Tissue contexts,"Adult
colon",True,False
,ZJU_HCL_adult_tissue,AdultColon,dorothea_ab,coexpression_probability,top_5pct,10,9.0,0.5777777777777777,0.0468485579284204,0.0777777777777777,10.0,,Adult tissues,hcl_adult_tissue,0.029037037037037,0.5555555555555556,0.6666666666666666,10.0,178.0,89.0,89.0,True,Tissue contexts,"Adult
colon",True,True
,ZJU_HCL_adult_tissue,AdultColon,dorothea_ab,mutual_information,top_100,10,100.0,0.465,0.0150923085635623,-0.035,0.0,,Adult tissues,hcl_adult_tissue,0.0093543097613405,0.45,0.49,10.0,178.0,89.0,89.0,False,Tissue contexts,"Adult
colon",True,True
,ZJU_HCL_adult_tissue,AdultColon,dorothea_ab,mutual_information,top_500,10,178.0,,0.0,,,,Adult tissues,hcl_adult_tissue,,,,0.0,178.0,89.0,89.0,False,Tissue contexts,"Adult
colon",True,False
,ZJU_HCL_adult_tissue,AdultColon,dorothea_ab,mutual_information,top_5pct,10,9.0,0.6666666666666666,0.0523782800878924,0.1666666666666666,10.0,,Adult tissues,hcl_adult_tissue,0.0324643943399969,0.5555555555555556,0.7777777777777778,10.0,178.0,89.0,89.0,True,Tissue contexts,"Adult
colon",True,True
,ZJU_HCL_adult_tissue,AdultColon,dorothea_ab,pearson,top_100,10,100.0,0.458,0.0131656117720876,-0.042,0.0,,Adult tissues,hcl_adult_tissue,0.0081601307179072,0.44,0.47,10.0,178.0,89.0,89.0,False,Tissue contexts,"Adult
colon",True,True
,ZJU_HCL_adult_tissue,AdultColon,dorothea_ab,pearson,top_500,10,178.0,,0.0,,,,Adult tissues,hcl_adult_tissue,,,,0.0,178.0,89.0,89.0,False,Tissue contexts,"Adult
colon",True,False
,ZJU_HCL_adult_tissue,AdultColon,dorothea_ab,pearson,top_5pct,10,9.0,0.6777777777777778,0.0630718013552829,0.1777777777777777,10.0,,Adult tissues,hcl_adult_tissue,0.0390923074888282,0.5555555555555556,0.7777777777777778,10.0,178.0,89.0,89.0,True,Tissue contexts,"Adult
colon",True,True
,ZJU_HCL_adult_tissue,AdultColon,dorothea_ab,spearman,top_100,10,100.0,0.475,0.0108012344973464,-0.025,0.0,,Adult tissues,hcl_adult_tissue,0.0066946745004269,0.46,0.49,10.0,178.0,89.0,89.0,False,Tissue contexts,"Adult
colon",True,True
,ZJU_HCL_adult_tissue,AdultColon,dorothea_ab,spearman,top_500,10,178.0,,0.0,,,,Adult tissues,hcl_adult_tissue,,,,0.0,178.0,89.0,89.0,False,Tissue contexts,"Adult
colon",True,False
,ZJU_HCL_adult_tissue,AdultColon,dorothea_ab,spearman,top_5pct,10,9.0,0.7,0.0914747335942849,0.1999999999999999,10.0,,Adult tissues,hcl_adult_tissue,0.0566966272769519,0.5555555555555556,0.8888888888888888,10.0,178.0,89.0,89.0,True,Tissue contexts,"Adult
colon",True,True
,ZJU_HCL_adult_tissue,AdultColon,trrust,codetection_odds_ratio,top_100,10,100.0,0.4629999999999999,0.0226323269290239,-0.037,0.0,,Adult tissues,hcl_adult_tissue,0.0140276615616748,0.44,0.5,10.0,254.0,127.0,127.0,False,Tissue contexts,"Adult
colon",True,True
,ZJU_HCL_adult_tissue,AdultColon,trrust,codetection_odds_ratio,top_500,10,254.0,,0.0,,,,Adult tissues,hcl_adult_tissue,,,,0.0,254.0,127.0,127.0,False,Tissue contexts,"Adult
colon",True,False
,ZJU_HCL_adult_tissue,AdultColon,trrust,codetection_odds_ratio,top_5pct,10,13.0,0.6923076923076923,0.0725237724293895,0.1923076923076923,10.0,,Adult tissues,hcl_adult_tissue,0.0449506998553803,0.6153846153846154,0.7692307692307693,10.0,254.0,127.0,127.0,True,Tissue contexts,"Adult
colon",True,True
,ZJU_HCL_adult_tissue,AdultColon,trrust,coexpression_probability,top_100,10,100.0,0.485,0.0084983658559879,-0.015,0.0,,Adult tissues,hcl_adult_tissue,0.0052673417288883,0.47,0.49,10.0,254.0,127.0,127.0,False,Tissue contexts,"Adult
colon",True,True
,ZJU_HCL_adult_tissue,AdultColon,trrust,coexpression_probability,top_500,10,254.0,,0.0,,,,Adult tissues,hcl_adult_tissue,,,,0.0,254.0,127.0,127.0,False,Tissue contexts,"Adult
colon",True,False
,ZJU_HCL_adult_tissue,AdultColon,trrust,coexpression_probability,top_5pct,10,13.0,0.5230769230769231,0.0324336170273679,0.023076923076923,8.0,,Adult tissues,hcl_adult_tissue,0.020102564102564,0.4615384615384615,0.5384615384615384,10.0,254.0,127.0,127.0,False,Tissue contexts,"Adult
colon",True,True
,ZJU_HCL_adult_tissue,AdultColon,trrust,mutual_information,top_100,10,100.0,0.45,0.0094280904158206,-0.0499999999999999,0.0,,Adult tissues,hcl_adult_tissue,0.0058435909811994,0.43,0.46,10.0,254.0,127.0,127.0,False,Tissue contexts,"Adult
colon",True,True
,ZJU_HCL_adult_tissue,AdultColon,trrust,mutual_information,top_500,10,254.0,,0.0,,,,Adult tissues,hcl_adult_tissue,,,,0.0,254.0,127.0,127.0,False,Tissue contexts,"Adult
colon",True,False
,ZJU_HCL_adult_tissue,AdultColon,trrust,mutual_information,top_5pct,10,13.0,0.3923076923076923,0.024325212770526,-0.1076923076923076,0.0,,Adult tissues,hcl_adult_tissue,0.015076923076923,0.3846153846153846,0.4615384615384615,10.0,254.0,127.0,127.0,False,Tissue contexts,"Adult
colon",True,True
,ZJU_HCL_adult_tissue,AdultColon,trrust,pearson,top_100,10,100.0,0.452,0.0113529242439509,-0.0479999999999999,0.0,,Adult tissues,hcl_adult_tissue,0.007036615347989,0.43,0.47,10.0,254.0,127.0,127.0,False,Tissue contexts,"Adult
colon",True,True
,ZJU_HCL_adult_tissue,AdultColon,trrust,pearson,top_500,10,254.0,,0.0,,,,Adult tissues,hcl_adult_tissue,,,,0.0,254.0,127.0,127.0,False,Tissue contexts,"Adult
colon",True,False
,ZJU_HCL_adult_tissue,AdultColon,trrust,pearson,top_5pct,10,13.0,0.4538461538461538,0.0436650932459651,-0.0461538461538461,1.0,,Adult tissues,hcl_adult_tissue,0.0270639051845733,0.3846153846153846,0.5384615384615384,10.0,254.0,127.0,127.0,False,Tissue contexts,"Adult
colon",True,True
,ZJU_HCL_adult_tissue,AdultColon,trrust,spearman,top_100,10,100.0,0.458,0.0091893658347268,-0.0419999999999999,0.0,,Adult tissues,hcl_adult_tissue,0.0056956279528931,0.44,0.47,10.0,254.0,127.0,127.0,False,Tissue contexts,"Adult
colon",True,True
,ZJU_HCL_adult_tissue,AdultColon,trrust,spearman,top_500,10,254.0,,0.0,,,,Adult tissues,hcl_adult_tissue,,,,0.0,254.0,127.0,127.0,False,Tissue contexts,"Adult
colon",True,False
,ZJU_HCL_adult_tissue,AdultColon,trrust,spearman,top_5pct,10,13.0,0.4923076923076923,0.0397229061149478,-0.0076923076923076,4.0,,Adult tissues,hcl_adult_tissue,0.024620512286436,0.4615384615384615,0.5384615384615384,10.0,254.0,127.0,127.0,False,Tissue contexts,"Adult
colon",True,True
,ZJU_HCL_adult_tissue,AdultColon,trrust_dorothea_intersection,codetection_odds_ratio,top_100,10,96.0,,0.0,,,,Adult tissues,hcl_adult_tissue,,,,0.0,96.0,48.0,48.0,False,Tissue contexts,"Adult
colon",False,True
,ZJU_HCL_adult_tissue,AdultColon,trrust_dorothea_intersection,codetection_odds_ratio,top_500,10,96.0,,0.0,,,,Adult tissues,hcl_adult_tissue,,,,0.0,96.0,48.0,48.0,False,Tissue contexts,"Adult
colon",True,False
,ZJU_HCL_adult_tissue,AdultColon,trrust_dorothea_intersection,codetection_odds_ratio,top_5pct,10,5.0,0.62,0.0632455532033676,0.1199999999999999,10.0,,Adult tissues,hcl_adult_tissue,0.0392,0.6,0.8,10.0,96.0,48.0,48.0,True,Tissue contexts,"Adult
colon",True,True
,ZJU_HCL_adult_tissue,AdultColon,trrust_dorothea_intersection,coexpression_probability,top_100,10,96.0,,0.0,,,,Adult tissues,hcl_adult_tissue,,,,0.0,96.0,48.0,48.0,False,Tissue contexts,"Adult
colon",False,True
,ZJU_HCL_adult_tissue,AdultColon,trrust_dorothea_intersection,coexpression_probability,top_500,10,96.0,,0.0,,,,Adult tissues,hcl_adult_tissue,,,,0.0,96.0,48.0,48.0,False,Tissue contexts,"Adult
colon",True,False
,ZJU_HCL_adult_tissue,AdultColon,trrust_dorothea_intersection,coexpression_probability,top_5pct,10,5.0,0.4,0.0,-0.0999999999999999,0.0,,Adult tissues,hcl_adult_tissue,0.0,0.4,0.4,10.0,96.0,48.0,48.0,False,Tissue contexts,"Adult
colon",True,True
,ZJU_HCL_adult_tissue,AdultColon,trrust_dorothea_intersection,mutual_information,top_100,10,96.0,,0.0,,,,Adult tissues,hcl_adult_tissue,,,,0.0,96.0,48.0,48.0,False,Tissue contexts,"Adult
colon",False,True
,ZJU_HCL_adult_tissue,AdultColon,trrust_dorothea_intersection,mutual_information,top_500,10,96.0,,0.0,,,,Adult tissues,hcl_adult_tissue,,,,0.0,96.0,48.0,48.0,False,Tissue contexts,"Adult
colon",True,False
,ZJU_HCL_adult_tissue,AdultColon,trrust_dorothea_intersection,mutual_information,top_5pct,10,5.0,0.48,0.1032795558988644,-0.0199999999999999,4.0,,Adult tissues,hcl_adult_tissue,0.0640133319447337,0.4,0.6,10.0,96.0,48.0,48.0,False,Tissue contexts,"Adult
colon",True,True
,ZJU_HCL_adult_tissue,AdultColon,trrust_dorothea_intersection,pearson,top_100,10,96.0,,0.0,,,,Adult tissues,hcl_adult_tissue,,,,0.0,96.0,48.0,48.0,False,Tissue contexts,"Adult
colon",False,True
,ZJU_HCL_adult_tissue,AdultColon,trrust_dorothea_intersection,pearson,top_500,10,96.0,,0.0,,,,Adult tissues,hcl_adult_tissue,,,,0.0,96.0,48.0,48.0,False,Tissue contexts,"Adult
colon",True,False
,ZJU_HCL_adult_tissue,AdultColon,trrust_dorothea_intersection,pearson,top_5pct,10,5.0,0.48,0.1032795558988644,-0.0199999999999999,4.0,,Adult tissues,hcl_adult_tissue,0.0640133319447337,0.4,0.6,10.0,96.0,48.0,48.0,False,Tissue contexts,"Adult
colon",True,True
,ZJU_HCL_adult_tissue,AdultColon,trrust_dorothea_intersection,spearman,top_100,10,96.0,,0.0,,,,Adult tissues,hcl_adult_tissue,,,,0.0,96.0,48.0,48.0,False,Tissue contexts,"Adult
colon",False,True
,ZJU_HCL_adult_tissue,AdultColon,trrust_dorothea_intersection,spearman,top_500,10,96.0,,0.0,,,,Adult tissues,hcl_adult_tissue,,,,0.0,96.0,48.0,48.0,False,Tissue contexts,"Adult
colon",True,False
,ZJU_HCL_adult_tissue,AdultColon,trrust_dorothea_intersection,spearman,top_5pct,10,5.0,0.64,0.1264911064067352,0.1399999999999999,9.0,,Adult tissues,hcl_adult_tissue,0.0784,0.4,0.8,10.0,96.0,48.0,48.0,False,Tissue contexts,"Adult
colon",True,True
,ZJU_HCL_adult_tissue,AdultColon,trrust_dorothea_union,codetection_odds_ratio,top_100,10,100.0,0.45,0.0149071198499986,-0.0499999999999999,0.0,,Adult tissues,hcl_adult_tissue,0.0092395286075042,0.42,0.47,10.0,336.0,168.0,168.0,False,Tissue contexts,"Adult
colon",True,True
,ZJU_HCL_adult_tissue,AdultColon,trrust_dorothea_union,codetection_odds_ratio,top_500,10,336.0,,0.0,,,,Adult tissues,hcl_adult_tissue,,,,0.0,336.0,168.0,168.0,False,Tissue contexts,"Adult
colon",True,False
,ZJU_HCL_adult_tissue,AdultColon,trrust_dorothea_union,codetection_odds_ratio,top_5pct,10,17.0,0.6470588235294118,0.0,0.1470588235294118,10.0,,Adult tissues,hcl_adult_tissue,7.253457094217688e-17,0.6470588235294118,0.6470588235294118,10.0,336.0,168.0,168.0,True,Tissue contexts,"Adult
colon",True,True
,ZJU_HCL_adult_tissue,AdultColon,trrust_dorothea_union,coexpression_probability,top_100,10,100.0,0.4859999999999999,0.0096609178307929,-0.014,0.0,,Adult tissues,hcl_adult_tissue,0.0059878989080756,0.47,0.5,10.0,336.0,168.0,168.0,False,Tissue contexts,"Adult
colon",True,True
,ZJU_HCL_adult_tissue,AdultColon,trrust_dorothea_union,coexpression_probability,top_500,10,336.0,,0.0,,,,Adult tissues,hcl_adult_tissue,,,,0.0,336.0,168.0,168.0,False,Tissue contexts,"Adult
colon",True,False
,ZJU_HCL_adult_tissue,AdultColon,trrust_dorothea_union,coexpression_probability,top_5pct,10,17.0,0.5294117647058824,0.0277296776935901,0.0294117647058823,9.0,,Adult tissues,hcl_adult_tissue,0.0171870322976454,0.4705882352941176,0.5882352941176471,10.0,336.0,168.0,168.0,False,Tissue contexts,"Adult
colon",True,True
,ZJU_HCL_adult_tissue,AdultColon,trrust_dorothea_union,mutual_information,top_100,10,100.0,0.479,0.0152388392675499,-0.021,0.0,,Adult tissues,hcl_adult_tissue,0.0094451304326032,0.46,0.5,10.0,336.0,168.0,168.0,False,Tissue contexts,"Adult
colon",True,True
,ZJU_HCL_adult_tissue,AdultColon,trrust_dorothea_union,mutual_information,top_500,10,336.0,,0.0,,,,Adult tissues,hcl_adult_tissue,,,,0.0,336.0,168.0,168.0,False,Tissue contexts,"Adult
colon",True,False
,ZJU_HCL_adult_tissue,AdultColon,trrust_dorothea_union,mutual_information,top_5pct,10,17.0,0.5470588235294118,0.0284144642082146,0.0470588235294117,10.0,,Adult tissues,hcl_adult_tissue,0.017611467376693,0.5294117647058824,0.5882352941176471,10.0,336.0,168.0,168.0,True,Tissue contexts,"Adult
colon",True,True
,ZJU_HCL_adult_tissue,AdultColon,trrust_dorothea_union,pearson,top_100,10,100.0,0.4599999999999999,0.0124721912892464,-0.04,0.0,,Adult tissues,hcl_adult_tissue,0.0077303442499168,0.44,0.47,10.0,336.0,168.0,168.0,False,Tissue contexts,"Adult
colon",True,True
,ZJU_HCL_adult_tissue,AdultColon,trrust_dorothea_union,pearson,top_500,10,336.0,,0.0,,,,Adult tissues,hcl_adult_tissue,,,,0.0,336.0,168.0,168.0,False,Tissue contexts,"Adult
colon",True,False
,ZJU_HCL_adult_tissue,AdultColon,trrust_dorothea_union,pearson,top_5pct,10,17.0,0.5588235294117647,0.0310027221585135,0.0588235294117647,10.0,,Adult tissues,hcl_adult_tissue,0.0192156862745098,0.5294117647058824,0.5882352941176471,10.0,336.0,168.0,168.0,True,Tissue contexts,"Adult
colon",True,True
,ZJU_HCL_adult_tissue,AdultColon,trrust_dorothea_union,spearman,top_100,10,100.0,0.4669999999999999,0.024517567397911,-0.033,0.0,,Adult tissues,hcl_adult_tissue,0.0151961457101609,0.43,0.49,10.0,336.0,168.0,168.0,False,Tissue contexts,"Adult
colon",True,True
,ZJU_HCL_adult_tissue,AdultColon,trrust_dorothea_union,spearman,top_500,10,336.0,,0.0,,,,Adult tissues,hcl_adult_tissue,,,,0.0,336.0,168.0,168.0,False,Tissue contexts,"Adult
colon",True,False
,ZJU_HCL_adult_tissue,AdultColon,trrust_dorothea_union,spearman,top_5pct,10,17.0,0.6,0.0464006257498009,0.1,10.0,,Adult tissues,hcl_adult_tissue,0.0287594057963801,0.5294117647058824,0.6470588235294118,10.0,336.0,168.0,168.0,True,Tissue contexts,"Adult
colon",True,True
,ZJU_HCL_adult_tissue,AdultKidney,dorothea_ab,codetection_odds_ratio,top_100,10,100.0,0.669,0.0213177026070926,0.1689999999999999,10.0,,Adult tissues,hcl_adult_tissue,0.0132128489652223,0.64,0.7,10.0,1532.0,766.0,766.0,True,Tissue contexts,"Adult
kidney",True,True
,ZJU_HCL_adult_tissue,AdultKidney,dorothea_ab,codetection_odds_ratio,top_500,10,500.0,0.5972,0.0076710132606093,0.0971999999999999,10.0,,Adult tissues,hcl_adult_tissue,0.0047545432775165,0.582,0.608,10.0,1532.0,766.0,766.0,True,Tissue contexts,"Adult
kidney",True,True
,ZJU_HCL_adult_tissue,AdultKidney,dorothea_ab,codetection_odds_ratio,top_5pct,10,77.0,0.6337662337662338,0.0272417882641597,0.1337662337662337,10.0,,Adult tissues,hcl_adult_tissue,0.0168846352963547,0.5974025974025974,0.6753246753246753,10.0,1532.0,766.0,766.0,True,Tissue contexts,"Adult
kidney",True,True
,ZJU_HCL_adult_tissue,AdultKidney,dorothea_ab,coexpression_probability,top_100,10,100.0,0.503,0.0133749350984926,0.003,5.0,,Adult tissues,hcl_adult_tissue,0.0082898706597603,0.48,0.52,10.0,1532.0,766.0,766.0,False,Tissue contexts,"Adult
kidney",True,True
,ZJU_HCL_adult_tissue,AdultKidney,dorothea_ab,coexpression_probability,top_500,10,500.0,0.524,0.0042163702135578,0.024,10.0,,Adult tissues,hcl_adult_tissue,0.0026133333333333,0.518,0.53,10.0,1532.0,766.0,766.0,True,Tissue contexts,"Adult
kidney",True,True
,ZJU_HCL_adult_tissue,AdultKidney,dorothea_ab,coexpression_probability,top_5pct,10,77.0,0.5181818181818182,0.0041068541041147,0.0181818181818181,10.0,,Adult tissues,hcl_adult_tissue,0.0025454545454545,0.5064935064935064,0.5194805194805194,10.0,1532.0,766.0,766.0,True,Tissue contexts,"Adult
kidney",True,True
,ZJU_HCL_adult_tissue,AdultKidney,dorothea_ab,mutual_information,top_100,10,100.0,0.594,0.0245854518861143,0.0939999999999999,10.0,,Adult tissues,hcl_adult_tissue,0.0152382209518623,0.56,0.63,10.0,1532.0,766.0,766.0,True,Tissue contexts,"Adult
kidney",True,True
,ZJU_HCL_adult_tissue,AdultKidney,dorothea_ab,mutual_information,top_500,10,500.0,0.5843999999999999,0.0080443216687991,0.0843999999999999,10.0,,Adult tissues,hcl_adult_tissue,0.0049859222260725,0.576,0.594,10.0,1532.0,766.0,766.0,True,Tissue contexts,"Adult
kidney",True,True
,ZJU_HCL_adult_tissue,AdultKidney,dorothea_ab,mutual_information,top_5pct,10,77.0,0.6142857142857142,0.0274132297817966,0.1142857142857142,10.0,,Adult tissues,hcl_adult_tissue,0.0169908958498794,0.5714285714285714,0.6493506493506493,10.0,1532.0,766.0,766.0,True,Tissue contexts,"Adult
kidney",True,True
,ZJU_HCL_adult_tissue,AdultKidney,dorothea_ab,pearson,top_100,10,100.0,0.593,0.0262678510731273,0.093,10.0,,Adult tissues,hcl_adult_tissue,0.0162809827713194,0.55,0.63,10.0,1532.0,766.0,766.0,True,Tissue contexts,"Adult
kidney",True,True
,ZJU_HCL_adult_tissue,AdultKidney,dorothea_ab,pearson,top_500,10,500.0,0.5944,0.0051467357508316,0.0943999999999999,10.0,,Adult tissues,hcl_adult_tissue,0.0031899798675784,0.586,0.6,10.0,1532.0,766.0,766.0,True,Tissue contexts,"Adult
kidney",True,True
,ZJU_HCL_adult_tissue,AdultKidney,dorothea_ab,pearson,top_5pct,10,77.0,0.6051948051948052,0.0288455952362904,0.1051948051948051,10.0,,Adult tissues,hcl_adult_tissue,0.0178786851563561,0.5454545454545454,0.6363636363636364,10.0,1532.0,766.0,766.0,True,Tissue contexts,"Adult
kidney",True,True
,ZJU_HCL_adult_tissue,AdultKidney,dorothea_ab,spearman,top_100,10,100.0,0.614,0.0164654520469713,0.1139999999999999,10.0,,Adult tissues,hcl_adult_tissue,0.0102053929098513,0.59,0.64,10.0,1532.0,766.0,766.0,True,Tissue contexts,"Adult
kidney",True,True
,ZJU_HCL_adult_tissue,AdultKidney,dorothea_ab,spearman,top_500,10,500.0,0.5965999999999999,0.0090455636763124,0.0965999999999999,10.0,,Adult tissues,hcl_adult_tissue,0.0056064984516977,0.58,0.606,10.0,1532.0,766.0,766.0,True,Tissue contexts,"Adult
kidney",True,True
,ZJU_HCL_adult_tissue,AdultKidney,dorothea_ab,spearman,top_5pct,10,77.0,0.6506493506493507,0.0224524718266492,0.1506493506493506,10.0,,Adult tissues,hcl_adult_tissue,0.0139161862143026,0.6233766233766234,0.6883116883116883,10.0,1532.0,766.0,766.0,True,Tissue contexts,"Adult
kidney",True,True
,ZJU_HCL_adult_tissue,AdultKidney,trrust,codetection_odds_ratio,top_100,10,100.0,0.671,0.0218326971917503,0.1709999999999999,10.0,,Adult tissues,hcl_adult_tissue,0.0135320459157758,0.64,0.71,10.0,892.0,446.0,446.0,True,Tissue contexts,"Adult
kidney",True,True
,ZJU_HCL_adult_tissue,AdultKidney,trrust,codetection_odds_ratio,top_500,10,500.0,0.5721999999999999,0.0046619023298792,0.0721999999999999,10.0,,Adult tissues,hcl_adult_tissue,0.0028894769999661,0.566,0.578,10.0,892.0,446.0,446.0,True,Tissue contexts,"Adult
kidney",True,True
,ZJU_HCL_adult_tissue,AdultKidney,trrust,codetection_odds_ratio,top_5pct,10,45.0,0.6733333333333333,0.0445061300319994,0.1733333333333333,10.0,,Adult tissues,hcl_adult_tissue,0.0275851851851851,0.6,0.7333333333333333,10.0,892.0,446.0,446.0,True,Tissue contexts,"Adult
kidney",True,True
,ZJU_HCL_adult_tissue,AdultKidney,trrust,coexpression_probability,top_100,10,100.0,0.502,0.0091893658347268,0.002,3.0,,Adult tissues,hcl_adult_tissue,0.0056956279528931,0.49,0.52,10.0,892.0,446.0,446.0,False,Tissue contexts,"Adult
kidney",True,True
,ZJU_HCL_adult_tissue,AdultKidney,trrust,coexpression_probability,top_500,10,500.0,0.513,0.001943650631615,0.013,10.0,,Adult tissues,hcl_adult_tissue,0.0012046871424196,0.51,0.516,10.0,892.0,446.0,446.0,True,Tissue contexts,"Adult
kidney",True,True
,ZJU_HCL_adult_tissue,AdultKidney,trrust,coexpression_probability,top_5pct,10,45.0,0.5577777777777777,0.0126143602710565,0.0577777777777777,10.0,,Adult tissues,hcl_adult_tissue,0.0078184614977656,0.5333333333333333,0.5777777777777777,10.0,892.0,446.0,446.0,True,Tissue contexts,"Adult
kidney",True,True
,ZJU_HCL_adult_tissue,AdultKidney,trrust,mutual_information,top_100,10,100.0,0.651,0.0144913767461894,0.151,10.0,,Adult tissues,hcl_adult_tissue,0.0089818483621134,0.63,0.68,10.0,892.0,446.0,446.0,True,Tissue contexts,"Adult
kidney",True,True
,ZJU_HCL_adult_tissue,AdultKidney,trrust,mutual_information,top_500,10,500.0,0.5416000000000001,0.003747591819348,0.0416,10.0,,Adult tissues,hcl_adult_tissue,0.0023227814743918,0.534,0.546,10.0,892.0,446.0,446.0,True,Tissue contexts,"Adult
kidney",True,True
,ZJU_HCL_adult_tissue,AdultKidney,trrust,mutual_information,top_5pct,10,45.0,0.6822222222222222,0.0332096470688295,0.1822222222222222,10.0,,Adult tissues,hcl_adult_tissue,0.0205835525054558,0.6222222222222222,0.7333333333333333,10.0,892.0,446.0,446.0,True,Tissue contexts,"Adult
kidney",True,True
,ZJU_HCL_adult_tissue,AdultKidney,trrust,pearson,top_100,10,100.0,0.625,0.0222361067735439,0.125,10.0,,Adult tissues,hcl_adult_tissue,0.0137820817650229,0.6,0.67,10.0,892.0,446.0,446.0,True,Tissue contexts,"Adult
kidney",True,True
,ZJU_HCL_adult_tissue,AdultKidney,trrust,pearson,top_500,10,500.0,0.542,0.0062538876797646,0.042,10.0,,Adult tissues,hcl_adult_tissue,0.0038761997425886,0.53,0.554,10.0,892.0,446.0,446.0,True,Tissue contexts,"Adult
kidney",True,True
,ZJU_HCL_adult_tissue,AdultKidney,trrust,pearson,top_5pct,10,45.0,0.6733333333333333,0.0432557076167597,0.1733333333333333,10.0,,Adult tissues,hcl_adult_tissue,0.0268101653427659,0.6222222222222222,0.7333333333333333,10.0,892.0,446.0,446.0,True,Tissue contexts,"Adult
kidney",True,True
,ZJU_HCL_adult_tissue,AdultKidney,trrust,spearman,top_100,10,100.0,0.661,0.0166332999331662,0.161,10.0,,Adult tissues,hcl_adult_tissue,0.0103094261075322,0.64,0.68,10.0,892.0,446.0,446.0,True,Tissue contexts,"Adult
kidney",True,True
,ZJU_HCL_adult_tissue,AdultKidney,trrust,spearman,top_500,10,500.0,0.5432,0.0049170903772228,0.0432,10.0,,Adult tissues,hcl_adult_tissue,0.0030476441903724,0.534,0.55,10.0,892.0,446.0,446.0,True,Tissue contexts,"Adult
kidney",True,True
,ZJU_HCL_adult_tissue,AdultKidney,trrust,spearman,top_5pct,10,45.0,0.7022222222222222,0.0334565623426258,0.2022222222222222,10.0,,Adult tissues,hcl_adult_tissue,0.0207365921776947,0.6666666666666666,0.7555555555555555,10.0,892.0,446.0,446.0,True,Tissue contexts,"Adult
kidney",True,True
,ZJU_HCL_adult_tissue,AdultKidney,trrust_dorothea_intersection,codetection_odds_ratio,top_100,10,100.0,0.646,0.0177638834592989,0.146,10.0,,Adult tissues,hcl_adult_tissue,0.0110101690369504,0.62,0.68,10.0,426.0,213.0,213.0,True,Tissue contexts,"Adult
kidney",True,True
,ZJU_HCL_adult_tissue,AdultKidney,trrust_dorothea_intersection,codetection_odds_ratio,top_500,10,426.0,,0.0,,,,Adult tissues,hcl_adult_tissue,,,,0.0,426.0,213.0,213.0,False,Tissue contexts,"Adult
kidney",True,False
,ZJU_HCL_adult_tissue,AdultKidney,trrust_dorothea_intersection,codetection_odds_ratio,top_5pct,10,22.0,0.6,0.0635641726163728,0.1,9.0,,Adult tissues,hcl_adult_tissue,0.0393974823581611,0.5,0.7272727272727273,10.0,426.0,213.0,213.0,False,Tissue contexts,"Adult
kidney",True,True
,ZJU_HCL_adult_tissue,AdultKidney,trrust_dorothea_intersection,coexpression_probability,top_100,10,100.0,0.534,0.0084327404271156,0.034,10.0,,Adult tissues,hcl_adult_tissue,0.0052266666666666,0.52,0.54,10.0,426.0,213.0,213.0,True,Tissue contexts,"Adult
kidney",True,True
,ZJU_HCL_adult_tissue,AdultKidney,trrust_dorothea_intersection,coexpression_probability,top_500,10,426.0,,0.0,,,,Adult tissues,hcl_adult_tissue,,,,0.0,426.0,213.0,213.0,False,Tissue contexts,"Adult
kidney",True,False
,ZJU_HCL_adult_tissue,AdultKidney,trrust_dorothea_intersection,coexpression_probability,top_5pct,10,22.0,0.5,0.0,0.0,0.0,,Adult tissues,hcl_adult_tissue,0.0,0.5,0.5,10.0,426.0,213.0,213.0,False,Tissue contexts,"Adult
kidney",True,True
,ZJU_HCL_adult_tissue,AdultKidney,trrust_dorothea_intersection,mutual_information,top_100,10,100.0,0.584,0.0171269767715535,0.0839999999999999,10.0,,Adult tissues,hcl_adult_tissue,0.0106154101820576,0.56,0.6,10.0,426.0,213.0,213.0,True,Tissue contexts,"Adult
kidney",True,True
,ZJU_HCL_adult_tissue,AdultKidney,trrust_dorothea_intersection,mutual_information,top_500,10,426.0,,0.0,,,,Adult tissues,hcl_adult_tissue,,,,0.0,426.0,213.0,213.0,False,Tissue contexts,"Adult
kidney",True,False
,ZJU_HCL_adult_tissue,AdultKidney,trrust_dorothea_intersection,mutual_information,top_5pct,10,22.0,0.6454545454545454,0.046945252681302,0.1454545454545454,10.0,,Adult tissues,hcl_adult_tissue,0.029096969065788,0.5454545454545454,0.6818181818181818,10.0,426.0,213.0,213.0,True,Tissue contexts,"Adult
kidney",True,True
,ZJU_HCL_adult_tissue,AdultKidney,trrust_dorothea_intersection,pearson,top_100,10,100.0,0.617,0.0149443411809732,0.1169999999999999,10.0,,Adult tissues,hcl_adult_tissue,0.0092625986274551,0.58,0.63,10.0,426.0,213.0,213.0,True,Tissue contexts,"Adult
kidney",True,True
,ZJU_HCL_adult_tissue,AdultKidney,trrust_dorothea_intersection,pearson,top_500,10,426.0,,0.0,,,,Adult tissues,hcl_adult_tissue,,,,0.0,426.0,213.0,213.0,False,Tissue contexts,"Adult
kidney",True,False
,ZJU_HCL_adult_tissue,AdultKidney,trrust_dorothea_intersection,pearson,top_5pct,10,22.0,0.6727272727272726,0.0358550289884825,0.1727272727272727,10.0,,Adult tissues,hcl_adult_tissue,0.0222231772062937,0.6363636363636364,0.7272727272727273,10.0,426.0,213.0,213.0,True,Tissue contexts,"Adult
kidney",True,True
,ZJU_HCL_adult_tissue,AdultKidney,trrust_dorothea_intersection,spearman,top_100,10,100.0,0.597,0.0194650684275419,0.0969999999999999,10.0,,Adult tissues,hcl_adult_tissue,0.0120645744042446,0.57,0.62,10.0,426.0,213.0,213.0,True,Tissue contexts,"Adult
kidney",True,True
,ZJU_HCL_adult_tissue,AdultKidney,trrust_dorothea_intersection,spearman,top_500,10,426.0,,0.0,,,,Adult tissues,hcl_adult_tissue,,,,0.0,426.0,213.0,213.0,False,Tissue contexts,"Adult
kidney",True,False
,ZJU_HCL_adult_tissue,AdultKidney,trrust_dorothea_intersection,spearman,top_5pct,10,22.0,0.6772727272727272,0.045201314818716,0.1772727272727272,10.0,,Adult tissues,hcl_adult_tissue,0.0280160651800468,0.6363636363636364,0.7727272727272727,10.0,426.0,213.0,213.0,True,Tissue contexts,"Adult
kidney",True,True
,ZJU_HCL_adult_tissue,AdultKidney,trrust_dorothea_union,codetection_odds_ratio,top_100,10,100.0,0.665,0.031001792062897,0.165,10.0,,Adult tissues,hcl_adult_tissue,0.0192151097952742,0.63,0.73,10.0,1994.0,997.0,997.0,True,Tissue contexts,"Adult
kidney",True,True
,ZJU_HCL_adult_tissue,AdultKidney,trrust_dorothea_union,codetection_odds_ratio,top_500,10,500.0,0.6202,0.0097273954490512,0.1202,10.0,,Adult tissues,hcl_adult_tissue,0.006029102162751,0.606,0.634,10.0,1994.0,997.0,997.0,True,Tissue contexts,"Adult
kidney",True,True
,ZJU_HCL_adult_tissue,AdultKidney,trrust_dorothea_union,codetection_odds_ratio,top_5pct,10,100.0,0.665,0.031001792062897,0.165,10.0,,Adult tissues,hcl_adult_tissue,0.0192151097952742,0.63,0.73,10.0,1994.0,997.0,997.0,True,Tissue contexts,"Adult
kidney",True,True
,ZJU_HCL_adult_tissue,AdultKidney,trrust_dorothea_union,coexpression_probability,top_100,10,100.0,0.516,0.006992058987801,0.016,9.0,,Adult tissues,hcl_adult_tissue,0.0043337230593977,0.5,0.52,10.0,1994.0,997.0,997.0,False,Tissue contexts,"Adult
kidney",True,True
,ZJU_HCL_adult_tissue,AdultKidney,trrust_dorothea_union,coexpression_probability,top_500,10,500.0,0.522,0.0021081851067789,0.022,10.0,,Adult tissues,hcl_adult_tissue,0.0013066666666666,0.518,0.524,10.0,1994.0,997.0,997.0,True,Tissue contexts,"Adult
kidney",True,True
,ZJU_HCL_adult_tissue,AdultKidney,trrust_dorothea_union,coexpression_probability,top_5pct,10,100.0,0.516,0.006992058987801,0.016,9.0,,Adult tissues,hcl_adult_tissue,0.0043337230593977,0.5,0.52,10.0,1994.0,997.0,997.0,False,Tissue contexts,"Adult
kidney",True,True
,ZJU_HCL_adult_tissue,AdultKidney,trrust_dorothea_union,mutual_information,top_100,10,100.0,0.65,0.0266666666666666,0.15,10.0,,Adult tissues,hcl_adult_tissue,0.0165281712371467,0.62,0.71,10.0,1994.0,997.0,997.0,True,Tissue contexts,"Adult
kidney",True,True
,ZJU_HCL_adult_tissue,AdultKidney,trrust_dorothea_union,mutual_information,top_500,10,500.0,0.5992,0.0083373323737938,0.0991999999999999,10.0,,Adult tissues,hcl_adult_tissue,0.0051675321425651,0.582,0.61,10.0,1994.0,997.0,997.0,True,Tissue contexts,"Adult
kidney",True,True
,ZJU_HCL_adult_tissue,AdultKidney,trrust_dorothea_union,mutual_information,top_5pct,10,100.0,0.65,0.0266666666666666,0.15,10.0,,Adult tissues,hcl_adult_tissue,0.0165281712371467,0.62,0.71,10.0,1994.0,997.0,997.0,True,Tissue contexts,"Adult
kidney",True,True
,ZJU_HCL_adult_tissue,AdultKidney,trrust_dorothea_union,pearson,top_100,10,100.0,0.63,0.0249443825784929,0.1299999999999999,10.0,,Adult tissues,hcl_adult_tissue,0.0154606884998336,0.6,0.69,10.0,1994.0,997.0,997.0,True,Tissue contexts,"Adult
kidney",True,True
,ZJU_HCL_adult_tissue,AdultKidney,trrust_dorothea_union,pearson,top_500,10,500.0,0.5963999999999999,0.0081540719207576,0.0963999999999999,10.0,,Adult tissues,hcl_adult_tissue,0.0050539461369859,0.586,0.612,10.0,1994.0,997.0,997.0,True,Tissue contexts,"Adult
kidney",True,True
,ZJU_HCL_adult_tissue,AdultKidney,trrust_dorothea_union,pearson,top_5pct,10,100.0,0.63,0.0249443825784929,0.1299999999999999,10.0,,Adult tissues,hcl_adult_tissue,0.0154606884998336,0.6,0.69,10.0,1994.0,997.0,997.0,True,Tissue contexts,"Adult
kidney",True,True
,ZJU_HCL_adult_tissue,AdultKidney,trrust_dorothea_union,spearman,top_100,10,100.0,0.667,0.0371333931776896,0.167,10.0,,Adult tissues,hcl_adult_tissue,0.0230155155396431,0.62,0.74,10.0,1994.0,997.0,997.0,True,Tissue contexts,"Adult
kidney",True,True
,ZJU_HCL_adult_tissue,AdultKidney,trrust_dorothea_union,spearman,top_500,10,500.0,0.5982,0.0090160350980289,0.0981999999999999,10.0,,Adult tissues,hcl_adult_tissue,0.005588196449263,0.582,0.612,10.0,1994.0,997.0,997.0,True,Tissue contexts,"Adult
kidney",True,True
,ZJU_HCL_adult_tissue,AdultKidney,trrust_dorothea_union,spearman,top_5pct,10,100.0,0.667,0.0371333931776896,0.167,10.0,,Adult tissues,hcl_adult_tissue,0.0230155155396431,0.62,0.74,10.0,1994.0,997.0,997.0,True,Tissue contexts,"Adult
kidney",True,True
,ZJU_HCL_adult_tissue,AdultLiver,dorothea_ab,codetection_odds_ratio,top_100,10,100.0,0.627,0.0205750658160146,0.127,10.0,,Adult tissues,hcl_adult_tissue,0.0127525579133495,0.6,0.65,10.0,450.0,225.0,225.0,True,Tissue contexts,"Adult
liver",True,True
,ZJU_HCL_adult_tissue,AdultLiver,dorothea_ab,codetection_odds_ratio,top_500,10,450.0,,0.0,,,,Adult tissues,hcl_adult_tissue,,,,0.0,450.0,225.0,225.0,False,Tissue contexts,"Adult
liver",True,False
,ZJU_HCL_adult_tissue,AdultLiver,dorothea_ab,codetection_odds_ratio,top_5pct,10,23.0,0.7130434782608696,0.0586911789313524,0.2130434782608695,10.0,,Adult tissues,hcl_adult_tissue,0.0363771695807779,0.6086956521739131,0.782608695652174,10.0,450.0,225.0,225.0,True,Tissue contexts,"Adult
liver",True,True
,ZJU_HCL_adult_tissue,AdultLiver,dorothea_ab,coexpression_probability,top_100,10,100.0,0.506,0.0117378779077726,0.006,7.0,,Adult tissues,hcl_adult_tissue,0.0072752121007645,0.49,0.52,10.0,450.0,225.0,225.0,False,Tissue contexts,"Adult
liver",True,True
,ZJU_HCL_adult_tissue,AdultLiver,dorothea_ab,coexpression_probability,top_500,10,450.0,,0.0,,,,Adult tissues,hcl_adult_tissue,,,,0.0,450.0,225.0,225.0,False,Tissue contexts,"Adult
liver",True,False
,ZJU_HCL_adult_tissue,AdultLiver,dorothea_ab,coexpression_probability,top_5pct,10,23.0,0.5217391304347826,0.0,0.0217391304347825,10.0,,Adult tissues,hcl_adult_tissue,7.253457094217688e-17,0.5217391304347826,0.5217391304347826,10.0,450.0,225.0,225.0,True,Tissue contexts,"Adult
liver",True,True
,ZJU_HCL_adult_tissue,AdultLiver,dorothea_ab,mutual_information,top_100,10,100.0,0.599,0.0179195734076208,0.0989999999999999,10.0,,Adult tissues,hcl_adult_tissue,0.0111066666666666,0.57,0.63,10.0,450.0,225.0,225.0,True,Tissue contexts,"Adult
liver",True,True
,ZJU_HCL_adult_tissue,AdultLiver,dorothea_ab,mutual_information,top_500,10,450.0,,0.0,,,,Adult tissues,hcl_adult_tissue,,,,0.0,450.0,225.0,225.0,False,Tissue contexts,"Adult
liver",True,False
,ZJU_HCL_adult_tissue,AdultLiver,dorothea_ab,mutual_information,top_5pct,10,23.0,0.6565217391304348,0.0559427799003442,0.1565217391304347,10.0,,Adult tissues,hcl_adult_tissue,0.0346736942128087,0.5652173913043478,0.7391304347826086,10.0,450.0,225.0,225.0,True,Tissue contexts,"Adult
liver",True,True
,ZJU_HCL_adult_tissue,AdultLiver,dorothea_ab,pearson,top_100,10,100.0,0.586,0.0222111083319435,0.0859999999999999,10.0,,Adult tissues,hcl_adult_tissue,0.0137665875703942,0.54,0.62,10.0,450.0,225.0,225.0,True,Tissue contexts,"Adult
liver",True,True
,ZJU_HCL_adult_tissue,AdultLiver,dorothea_ab,pearson,top_500,10,450.0,,0.0,,,,Adult tissues,hcl_adult_tissue,,,,0.0,450.0,225.0,225.0,False,Tissue contexts,"Adult
liver",True,False
,ZJU_HCL_adult_tissue,AdultLiver,dorothea_ab,pearson,top_5pct,10,23.0,0.6956521739130435,0.0542269186488976,0.1956521739130435,10.0,,Adult tissues,hcl_adult_tissue,0.0336101923909427,0.6086956521739131,0.782608695652174,10.0,450.0,225.0,225.0,True,Tissue contexts,"Adult
liver",True,True
,ZJU_HCL_adult_tissue,AdultLiver,dorothea_ab,spearman,top_100,10,100.0,0.61,0.02,0.1099999999999999,10.0,,Adult tissues,hcl_adult_tissue,0.01239612842786,0.57,0.63,10.0,450.0,225.0,225.0,True,Tissue contexts,"Adult
liver",True,True
,ZJU_HCL_adult_tissue,AdultLiver,dorothea_ab,spearman,top_500,10,450.0,,0.0,,,,Adult tissues,hcl_adult_tissue,,,,0.0,450.0,225.0,225.0,False,Tissue contexts,"Adult
liver",True,False
,ZJU_HCL_adult_tissue,AdultLiver,dorothea_ab,spearman,top_5pct,10,23.0,0.6652173913043479,0.0460586915422339,0.1652173913043478,10.0,,Adult tissues,hcl_adult_tissue,0.0285474727788361,0.5652173913043478,0.6956521739130435,10.0,450.0,225.0,225.0,True,Tissue contexts,"Adult
liver",True,True
,ZJU_HCL_adult_tissue,AdultLiver,trrust,codetection_odds_ratio,top_100,10,100.0,0.558,0.019888578520235,0.058,10.0,,Adult tissues,hcl_adult_tissue,0.0123270686792206,0.54,0.6,10.0,310.0,155.0,155.0,True,Tissue contexts,"Adult
liver",True,True
,ZJU_HCL_adult_tissue,AdultLiver,trrust,codetection_odds_ratio,top_500,10,310.0,,0.0,,,,Adult tissues,hcl_adult_tissue,,,,0.0,310.0,155.0,155.0,False,Tissue contexts,"Adult
liver",True,False
,ZJU_HCL_adult_tissue,AdultLiver,trrust,codetection_odds_ratio,top_5pct,10,16.0,0.70625,0.0514545376467852,0.20625,10.0,,Adult tissues,hcl_adult_tissue,0.0318918528432855,0.625,0.75,10.0,310.0,155.0,155.0,True,Tissue contexts,"Adult
liver",True,True
,ZJU_HCL_adult_tissue,AdultLiver,trrust,coexpression_probability,top_100,10,100.0,0.515,0.0084983658559879,0.015,10.0,,Adult tissues,hcl_adult_tissue,0.0052673417288883,0.51,0.53,10.0,310.0,155.0,155.0,True,Tissue contexts,"Adult
liver",True,True
,ZJU_HCL_adult_tissue,AdultLiver,trrust,coexpression_probability,top_500,10,310.0,,0.0,,,,Adult tissues,hcl_adult_tissue,,,,0.0,310.0,155.0,155.0,False,Tissue contexts,"Adult
liver",True,False
,ZJU_HCL_adult_tissue,AdultLiver,trrust,coexpression_probability,top_5pct,10,16.0,0.56875,0.0197642353760523,0.06875,10.0,,Adult tissues,hcl_adult_tissue,0.0122499999999999,0.5625,0.625,10.0,310.0,155.0,155.0,True,Tissue contexts,"Adult
liver",True,True
,ZJU_HCL_adult_tissue,AdultLiver,trrust,mutual_information,top_100,10,100.0,0.535,0.0190029237516523,0.035,10.0,,Adult tissues,hcl_adult_tissue,0.0117781341665156,0.51,0.58,10.0,310.0,155.0,155.0,True,Tissue contexts,"Adult
liver",True,True
,ZJU_HCL_adult_tissue,AdultLiver,trrust,mutual_information,top_500,10,310.0,,0.0,,,,Adult tissues,hcl_adult_tissue,,,,0.0,310.0,155.0,155.0,False,Tissue contexts,"Adult
liver",True,False
,ZJU_HCL_adult_tissue,AdultLiver,trrust,mutual_information,top_5pct,10,16.0,0.64375,0.0592927061281571,0.14375,10.0,,Adult tissues,hcl_adult_tissue,0.03675,0.5625,0.75,10.0,310.0,155.0,155.0,True,Tissue contexts,"Adult
liver",True,True
,ZJU_HCL_adult_tissue,AdultLiver,trrust,pearson,top_100,10,100.0,0.544,0.0157762127549323,0.044,10.0,,Adult tissues,hcl_adult_tissue,0.0097781979707692,0.52,0.57,10.0,310.0,155.0,155.0,True,Tissue contexts,"Adult
liver",True,True
,ZJU_HCL_adult_tissue,AdultLiver,trrust,pearson,top_500,10,310.0,,0.0,,,,Adult tissues,hcl_adult_tissue,,,,0.0,310.0,155.0,155.0,False,Tissue contexts,"Adult
liver",True,False
,ZJU_HCL_adult_tissue,AdultLiver,trrust,pearson,top_5pct,10,16.0,0.63125,0.0687815584134132,0.13125,10.0,,Adult tissues,hcl_adult_tissue,0.0426312515780514,0.5625,0.75,10.0,310.0,155.0,155.0,True,Tissue contexts,"Adult
liver",True,True
,ZJU_HCL_adult_tissue,AdultLiver,trrust,spearman,top_100,10,100.0,0.531,0.0119721899973786,0.031,10.0,,Adult tissues,hcl_adult_tissue,0.0074204402385123,0.52,0.55,10.0,310.0,155.0,155.0,True,Tissue contexts,"Adult
liver",True,True
,ZJU_HCL_adult_tissue,AdultLiver,trrust,spearman,top_500,10,310.0,,0.0,,,,Adult tissues,hcl_adult_tissue,,,,0.0,310.0,155.0,155.0,False,Tissue contexts,"Adult
liver",True,False
,ZJU_HCL_adult_tissue,AdultLiver,trrust,spearman,top_5pct,10,16.0,0.63125,0.054724689735682,0.13125,10.0,,Adult tissues,hcl_adult_tissue,0.0339187141069154,0.5625,0.75,10.0,310.0,155.0,155.0,True,Tissue contexts,"Adult
liver",True,True
,ZJU_HCL_adult_tissue,AdultLiver,trrust_dorothea_intersection,codetection_odds_ratio,top_100,10,100.0,0.541,0.0128668393770792,0.041,10.0,,Adult tissues,hcl_adult_tissue,0.007974949668946,0.52,0.55,10.0,152.0,76.0,76.0,True,Tissue contexts,"Adult
liver",True,True
,ZJU_HCL_adult_tissue,AdultLiver,trrust_dorothea_intersection,codetection_odds_ratio,top_500,10,152.0,,0.0,,,,Adult tissues,hcl_adult_tissue,,,,0.0,152.0,76.0,76.0,False,Tissue contexts,"Adult
liver",True,False
,ZJU_HCL_adult_tissue,AdultLiver,trrust_dorothea_intersection,codetection_odds_ratio,top_5pct,10,8.0,0.7,0.0874007373475126,0.2,10.0,,Adult tissues,hcl_adult_tissue,0.0541715382424715,0.625,0.875,10.0,152.0,76.0,76.0,True,Tissue contexts,"Adult
liver",True,True
,ZJU_HCL_adult_tissue,AdultLiver,trrust_dorothea_intersection,coexpression_probability,top_100,10,100.0,0.505,0.0097182531580754,0.005,4.0,,Adult tissues,hcl_adult_tissue,0.006023435712098,0.49,0.52,10.0,152.0,76.0,76.0,False,Tissue contexts,"Adult
liver",True,True
,ZJU_HCL_adult_tissue,AdultLiver,trrust_dorothea_intersection,coexpression_probability,top_500,10,152.0,,0.0,,,,Adult tissues,hcl_adult_tissue,,,,0.0,152.0,76.0,76.0,False,Tissue contexts,"Adult
liver",True,False
,ZJU_HCL_adult_tissue,AdultLiver,trrust_dorothea_intersection,coexpression_probability,top_5pct,10,8.0,0.525,0.052704627669473,0.025,2.0,,Adult tissues,hcl_adult_tissue,0.0326666666666666,0.5,0.625,10.0,152.0,76.0,76.0,False,Tissue contexts,"Adult
liver",True,True
,ZJU_HCL_adult_tissue,AdultLiver,trrust_dorothea_intersection,mutual_information,top_100,10,100.0,0.5549999999999999,0.0158113883008418,0.055,10.0,,Adult tissues,hcl_adult_tissue,0.0097999999999999,0.53,0.58,10.0,152.0,76.0,76.0,True,Tissue contexts,"Adult
liver",True,True
,ZJU_HCL_adult_tissue,AdultLiver,trrust_dorothea_intersection,mutual_information,top_500,10,152.0,,0.0,,,,Adult tissues,hcl_adult_tissue,,,,0.0,152.0,76.0,76.0,False,Tissue contexts,"Adult
liver",True,False
,ZJU_HCL_adult_tissue,AdultLiver,trrust_dorothea_intersection,mutual_information,top_5pct,10,8.0,0.625,0.1443375672974064,0.125,6.0,,Adult tissues,hcl_adult_tissue,0.0894613510591771,0.5,0.875,10.0,152.0,76.0,76.0,False,Tissue contexts,"Adult
liver",True,True
,ZJU_HCL_adult_tissue,AdultLiver,trrust_dorothea_intersection,pearson,top_100,10,100.0,0.541,0.0166332999331662,0.041,10.0,,Adult tissues,hcl_adult_tissue,0.0103094261075322,0.52,0.57,10.0,152.0,76.0,76.0,True,Tissue contexts,"Adult
liver",True,True
,ZJU_HCL_adult_tissue,AdultLiver,trrust_dorothea_intersection,pearson,top_500,10,152.0,,0.0,,,,Adult tissues,hcl_adult_tissue,,,,0.0,152.0,76.0,76.0,False,Tissue contexts,"Adult
liver",True,False
,ZJU_HCL_adult_tissue,AdultLiver,trrust_dorothea_intersection,pearson,top_5pct,10,8.0,0.6375,0.0922330984215777,0.1375,8.0,,Adult tissues,hcl_adult_tissue,0.0571666666666666,0.5,0.75,10.0,152.0,76.0,76.0,False,Tissue contexts,"Adult
liver",True,True
,ZJU_HCL_adult_tissue,AdultLiver,trrust_dorothea_intersection,spearman,top_100,10,100.0,0.553,0.0133749350984925,0.053,10.0,,Adult tissues,hcl_adult_tissue,0.0082898706597603,0.53,0.57,10.0,152.0,76.0,76.0,True,Tissue contexts,"Adult
liver",True,True
,ZJU_HCL_adult_tissue,AdultLiver,trrust_dorothea_intersection,spearman,top_500,10,152.0,,0.0,,,,Adult tissues,hcl_adult_tissue,,,,0.0,152.0,76.0,76.0,False,Tissue contexts,"Adult
liver",True,False
,ZJU_HCL_adult_tissue,AdultLiver,trrust_dorothea_intersection,spearman,top_5pct,10,8.0,0.6375,0.0395284707521047,0.1375,10.0,,Adult tissues,hcl_adult_tissue,0.0244999999999999,0.625,0.75,10.0,152.0,76.0,76.0,True,Tissue contexts,"Adult
liver",True,True
,ZJU_HCL_adult_tissue,AdultLiver,trrust_dorothea_union,codetection_odds_ratio,top_100,10,100.0,0.615,0.0164991582276861,0.1149999999999999,10.0,,Adult tissues,hcl_adult_tissue,0.010226284217099,0.59,0.64,10.0,608.0,304.0,304.0,True,Tissue contexts,"Adult
liver",True,True
,ZJU_HCL_adult_tissue,AdultLiver,trrust_dorothea_union,codetection_odds_ratio,top_500,10,500.0,0.5136000000000001,0.0050596442562694,0.0136,10.0,,Adult tissues,hcl_adult_tissue,0.003136,0.506,0.52,10.0,608.0,304.0,304.0,True,Tissue contexts,"Adult
liver",True,True
,ZJU_HCL_adult_tissue,AdultLiver,trrust_dorothea_union,codetection_odds_ratio,top_5pct,10,31.0,0.7064516129032258,0.032078352451992,0.2064516129032258,10.0,,Adult tissues,hcl_adult_tissue,0.0198823688374526,0.6451612903225806,0.7741935483870968,10.0,608.0,304.0,304.0,True,Tissue contexts,"Adult
liver",True,True
,ZJU_HCL_adult_tissue,AdultLiver,trrust_dorothea_union,coexpression_probability,top_100,10,100.0,0.508,0.0122927259430572,0.008,5.0,,Adult tissues,hcl_adult_tissue,0.0076191104759311,0.49,0.53,10.0,608.0,304.0,304.0,False,Tissue contexts,"Adult
liver",True,True
,ZJU_HCL_adult_tissue,AdultLiver,trrust_dorothea_union,coexpression_probability,top_500,10,500.0,0.5098,0.0025733678754158,0.0098,10.0,,Adult tissues,hcl_adult_tissue,0.0015949899337892,0.506,0.514,10.0,608.0,304.0,304.0,True,Tissue contexts,"Adult
liver",True,True
,ZJU_HCL_adult_tissue,AdultLiver,trrust_dorothea_union,coexpression_probability,top_5pct,10,31.0,0.5483870967741935,0.0,0.0483870967741935,10.0,,Adult tissues,hcl_adult_tissue,7.253457094217688e-17,0.5483870967741935,0.5483870967741935,10.0,608.0,304.0,304.0,True,Tissue contexts,"Adult
liver",True,True
,ZJU_HCL_adult_tissue,AdultLiver,trrust_dorothea_union,mutual_information,top_100,10,100.0,0.585,0.0287711275027201,0.0849999999999999,10.0,,Adult tissues,hcl_adult_tissue,0.0178325295769027,0.55,0.63,10.0,608.0,304.0,304.0,True,Tissue contexts,"Adult
liver",True,True
,ZJU_HCL_adult_tissue,AdultLiver,trrust_dorothea_union,mutual_information,top_500,10,500.0,0.5156000000000001,0.0042998707990925,0.0156,10.0,,Adult tissues,hcl_adult_tissue,0.0026650875324378,0.51,0.52,10.0,608.0,304.0,304.0,True,Tissue contexts,"Adult
liver",True,True
,ZJU_HCL_adult_tissue,AdultLiver,trrust_dorothea_union,mutual_information,top_5pct,10,31.0,0.6516129032258065,0.0451100579858129,0.1516129032258064,10.0,,Adult tissues,hcl_adult_tissue,0.0279595036090175,0.5806451612903226,0.7419354838709677,10.0,608.0,304.0,304.0,True,Tissue contexts,"Adult
liver",True,True
,ZJU_HCL_adult_tissue,AdultLiver,trrust_dorothea_union,pearson,top_100,10,100.0,0.602,0.0304776785350999,0.102,10.0,,Adult tissues,hcl_adult_tissue,0.0188902608652065,0.56,0.65,10.0,608.0,304.0,304.0,True,Tissue contexts,"Adult
liver",True,True
,ZJU_HCL_adult_tissue,AdultLiver,trrust_dorothea_union,pearson,top_500,10,500.0,0.506,0.000942809041582,0.006,10.0,,Adult tissues,hcl_adult_tissue,0.0005843590981199,0.504,0.508,10.0,608.0,304.0,304.0,True,Tissue contexts,"Adult
liver",True,True
,ZJU_HCL_adult_tissue,AdultLiver,trrust_dorothea_union,pearson,top_5pct,10,31.0,0.7032258064516129,0.0396539546550232,0.2032258064516129,10.0,,Adult tissues,hcl_adult_tissue,0.0245777757288103,0.6451612903225806,0.7419354838709677,10.0,608.0,304.0,304.0,True,Tissue contexts,"Adult
liver",True,True
,ZJU_HCL_adult_tissue,AdultLiver,trrust_dorothea_union,spearman,top_100,10,100.0,0.595,0.0271825107171668,0.0949999999999999,10.0,,Adult tissues,hcl_adult_tissue,0.0168478946920841,0.56,0.63,10.0,608.0,304.0,304.0,True,Tissue contexts,"Adult
liver",True,True
,ZJU_HCL_adult_tissue,AdultLiver,trrust_dorothea_union,spearman,top_500,10,500.0,0.5156000000000001,0.0041952353926806,0.0156,10.0,,Adult tissues,hcl_adult_tissue,0.0026002338356386,0.506,0.522,10.0,608.0,304.0,304.0,True,Tissue contexts,"Adult
liver",True,True
,ZJU_HCL_adult_tissue,AdultLiver,trrust_dorothea_union,spearman,top_5pct,10,31.0,0.6709677419354839,0.0424697153938312,0.1709677419354838,10.0,,Adult tissues,hcl_adult_tissue,0.0263230023158298,0.6129032258064516,0.7419354838709677,10.0,608.0,304.0,304.0,True,Tissue contexts,"Adult
liver",True,True
,ZJU_HCL_adult_tissue,AdultLung,dorothea_ab,codetection_odds_ratio,top_100,10,100.0,0.645,0.0126929551764398,0.145,10.0,,Adult tissues,hcl_adult_tissue,0.0078671751248109,0.62,0.66,10.0,1520.0,760.0,760.0,True,Tissue contexts,"Adult
lung",True,True
,ZJU_HCL_adult_tissue,AdultLung,dorothea_ab,codetection_odds_ratio,top_500,10,500.0,0.5348,0.0072541176046588,0.0348,10.0,,Adult tissues,hcl_adult_tissue,0.0044961486729076,0.524,0.544,10.0,1520.0,760.0,760.0,True,Tissue contexts,"Adult
lung",True,True
,ZJU_HCL_adult_tissue,AdultLung,dorothea_ab,codetection_odds_ratio,top_5pct,10,76.0,0.6513157894736843,0.0378567467141054,0.1513157894736842,10.0,,Adult tissues,hcl_adult_tissue,0.0234638547064509,0.6052631578947368,0.6973684210526315,10.0,1520.0,760.0,760.0,True,Tissue contexts,"Adult
lung",True,True
,ZJU_HCL_adult_tissue,AdultLung,dorothea_ab,coexpression_probability,top_100,10,100.0,0.496,0.006992058987801,-0.004,1.0,,Adult tissues,hcl_adult_tissue,0.0043337230593977,0.49,0.51,10.0,1520.0,760.0,760.0,False,Tissue contexts,"Adult
lung",True,True
,ZJU_HCL_adult_tissue,AdultLung,dorothea_ab,coexpression_probability,top_500,10,500.0,0.5234,0.0023190036174568,0.0234,10.0,,Adult tissues,hcl_adult_tissue,0.0014373333333333,0.52,0.528,10.0,1520.0,760.0,760.0,True,Tissue contexts,"Adult
lung",True,True
,ZJU_HCL_adult_tissue,AdultLung,dorothea_ab,coexpression_probability,top_5pct,10,76.0,0.4986842105263157,0.0097087472022713,-0.0013157894736841,2.0,,Adult tissues,hcl_adult_tissue,0.0060175438596491,0.4868421052631579,0.5131578947368421,10.0,1520.0,760.0,760.0,False,Tissue contexts,"Adult
lung",True,True
,ZJU_HCL_adult_tissue,AdultLung,dorothea_ab,mutual_information,top_100,10,100.0,0.635,0.0232139804619735,0.135,10.0,,Adult tissues,hcl_adult_tissue,0.0143881741564229,0.6,0.68,10.0,1520.0,760.0,760.0,True,Tissue contexts,"Adult
lung",True,True
,ZJU_HCL_adult_tissue,AdultLung,dorothea_ab,mutual_information,top_500,10,500.0,0.527,0.0073786478737262,0.027,10.0,,Adult tissues,hcl_adult_tissue,0.0045733333333333,0.514,0.536,10.0,1520.0,760.0,760.0,True,Tissue contexts,"Adult
lung",True,True
,ZJU_HCL_adult_tissue,AdultLung,dorothea_ab,mutual_information,top_5pct,10,76.0,0.6407894736842106,0.0263523138347364,0.1407894736842105,10.0,,Adult tissues,hcl_adult_tissue,0.0163333333333333,0.6052631578947368,0.6842105263157895,10.0,1520.0,760.0,760.0,True,Tissue contexts,"Adult
lung",True,True
,ZJU_HCL_adult_tissue,AdultLung,dorothea_ab,pearson,top_100,10,100.0,0.615,0.0177951304200522,0.1149999999999999,10.0,,Adult tissues,hcl_adult_tissue,0.0110295361038743,0.59,0.65,10.0,1520.0,760.0,760.0,True,Tissue contexts,"Adult
lung",True,True
,ZJU_HCL_adult_tissue,AdultLung,dorothea_ab,pearson,top_500,10,500.0,0.5276,0.0045018514709691,0.0276,10.0,,Adult tissues,hcl_adult_tissue,0.0027902764498641,0.52,0.534,10.0,1520.0,760.0,760.0,True,Tissue contexts,"Adult
lung",True,True
,ZJU_HCL_adult_tissue,AdultLung,dorothea_ab,pearson,top_5pct,10,76.0,0.6342105263157894,0.0349778983111875,0.1342105263157894,10.0,,Adult tissues,hcl_adult_tissue,0.0216795259801054,0.5921052631578947,0.6973684210526315,10.0,1520.0,760.0,760.0,True,Tissue contexts,"Adult
lung",True,True
,ZJU_HCL_adult_tissue,AdultLung,dorothea_ab,spearman,top_100,10,100.0,0.627,0.018885620632287,0.127,10.0,,Adult tissues,hcl_adult_tissue,0.0117054289398837,0.6,0.65,10.0,1520.0,760.0,760.0,True,Tissue contexts,"Adult
lung",True,True
,ZJU_HCL_adult_tissue,AdultLung,dorothea_ab,spearman,top_500,10,500.0,0.5198,0.0075689423890586,0.0198,10.0,,Adult tissues,hcl_adult_tissue,0.0046912790958922,0.506,0.532,10.0,1520.0,760.0,760.0,True,Tissue contexts,"Adult
lung",True,True
,ZJU_HCL_adult_tissue,AdultLung,dorothea_ab,spearman,top_5pct,10,76.0,0.6526315789473685,0.0335174967974435,0.1526315789473684,10.0,,Adult tissues,hcl_adult_tissue,0.0207743597440748,0.6052631578947368,0.7105263157894737,10.0,1520.0,760.0,760.0,True,Tissue contexts,"Adult
lung",True,True
,ZJU_HCL_adult_tissue,AdultLung,trrust,codetection_odds_ratio,top_100,10,100.0,0.649,0.0251440295541948,0.149,10.0,,Adult tissues,hcl_adult_tissue,0.0155844309773853,0.61,0.69,10.0,908.0,454.0,454.0,True,Tissue contexts,"Adult
lung",True,True
,ZJU_HCL_adult_tissue,AdultLung,trrust,codetection_odds_ratio,top_500,10,500.0,0.5549999999999999,0.0128322510366134,0.055,10.0,,Adult tissues,hcl_adult_tissue,0.00795351159342,0.522,0.564,10.0,908.0,454.0,454.0,True,Tissue contexts,"Adult
lung",True,True
,ZJU_HCL_adult_tissue,AdultLung,trrust,codetection_odds_ratio,top_5pct,10,46.0,0.7021739130434782,0.0355737324887929,0.2021739130434782,10.0,,Adult tissues,hcl_adult_tissue,0.0220488278294707,0.6521739130434783,0.782608695652174,10.0,908.0,454.0,454.0,True,Tissue contexts,"Adult
lung",True,True
,ZJU_HCL_adult_tissue,AdultLung,trrust,coexpression_probability,top_100,10,100.0,0.528,0.0078881063774661,0.028,10.0,,Adult tissues,hcl_adult_tissue,0.0048890989853846,0.51,0.54,10.0,908.0,454.0,454.0,True,Tissue contexts,"Adult
lung",True,True
,ZJU_HCL_adult_tissue,AdultLung,trrust,coexpression_probability,top_500,10,500.0,0.5354,0.0047187568984497,0.0354,10.0,,Adult tissues,hcl_adult_tissue,0.0029247158266516,0.532,0.548,10.0,908.0,454.0,454.0,True,Tissue contexts,"Adult
lung",True,True
,ZJU_HCL_adult_tissue,AdultLung,trrust,coexpression_probability,top_5pct,10,46.0,0.5391304347826087,0.0171480573423177,0.0391304347826086,10.0,,Adult tissues,hcl_adult_tissue,0.0106284760551839,0.5217391304347826,0.5652173913043478,10.0,908.0,454.0,454.0,True,Tissue contexts,"Adult
lung",True,True
,ZJU_HCL_adult_tissue,AdultLung,trrust,mutual_information,top_100,10,100.0,0.599,0.0213177026070926,0.0989999999999999,10.0,,Adult tissues,hcl_adult_tissue,0.0132128489652223,0.57,0.63,10.0,908.0,454.0,454.0,True,Tissue contexts,"Adult
lung",True,True
,ZJU_HCL_adult_tissue,AdultLung,trrust,mutual_information,top_500,10,500.0,0.52,0.0096148034012373,0.02,10.0,,Adult tissues,hcl_adult_tissue,0.0059593168885181,0.502,0.53,10.0,908.0,454.0,454.0,True,Tissue contexts,"Adult
lung",True,True
,ZJU_HCL_adult_tissue,AdultLung,trrust,mutual_information,top_5pct,10,46.0,0.65,0.036159347680796,0.15,10.0,,Adult tissues,hcl_adult_tissue,0.0224117958859395,0.5869565217391305,0.6956521739130435,10.0,908.0,454.0,454.0,True,Tissue contexts,"Adult
lung",True,True
,ZJU_HCL_adult_tissue,AdultLung,trrust,pearson,top_100,10,100.0,0.612,0.0042163702135578,0.1119999999999999,10.0,,Adult tissues,hcl_adult_tissue,0.0026133333333333,0.61,0.62,10.0,908.0,454.0,454.0,True,Tissue contexts,"Adult
lung",True,True
,ZJU_HCL_adult_tissue,AdultLung,trrust,pearson,top_500,10,500.0,0.5218,0.0079693858678765,0.0218,10.0,,Adult tissues,hcl_adult_tissue,0.0049394765354685,0.506,0.532,10.0,908.0,454.0,454.0,True,Tissue contexts,"Adult
lung",True,True
,ZJU_HCL_adult_tissue,AdultLung,trrust,pearson,top_5pct,10,46.0,0.6152173913043478,0.0435386054660863,0.1152173913043478,10.0,,Adult tissues,hcl_adult_tissue,0.0269855072463768,0.5434782608695652,0.6739130434782609,10.0,908.0,454.0,454.0,True,Tissue contexts,"Adult
lung",True,True
,ZJU_HCL_adult_tissue,AdultLung,trrust,spearman,top_100,10,100.0,0.62,0.0115470053837925,0.12,10.0,,Adult tissues,hcl_adult_tissue,0.0071569080847341,0.6,0.64,10.0,908.0,454.0,454.0,True,Tissue contexts,"Adult
lung",True,True
,ZJU_HCL_adult_tissue,AdultLung,trrust,spearman,top_500,10,500.0,0.5188,0.0064083279150388,0.0188,10.0,,Adult tissues,hcl_adult_tissue,0.0039719227921331,0.504,0.526,10.0,908.0,454.0,454.0,True,Tissue contexts,"Adult
lung",True,True
,ZJU_HCL_adult_tissue,AdultLung,trrust,spearman,top_5pct,10,46.0,0.65,0.0346767713449431,0.15,10.0,,Adult tissues,hcl_adult_tissue,0.0214928855527726,0.5869565217391305,0.6956521739130435,10.0,908.0,454.0,454.0,True,Tissue contexts,"Adult
lung",True,True
,ZJU_HCL_adult_tissue,AdultLung,trrust_dorothea_intersection,codetection_odds_ratio,top_100,10,100.0,0.65,0.0249443825784928,0.15,10.0,,Adult tissues,hcl_adult_tissue,0.0154606884998336,0.61,0.69,10.0,458.0,229.0,229.0,True,Tissue contexts,"Adult
lung",True,True
,ZJU_HCL_adult_tissue,AdultLung,trrust_dorothea_intersection,codetection_odds_ratio,top_500,10,458.0,,0.0,,,,Adult tissues,hcl_adult_tissue,,,,0.0,458.0,229.0,229.0,False,Tissue contexts,"Adult
lung",True,False
,ZJU_HCL_adult_tissue,AdultLung,trrust_dorothea_intersection,codetection_odds_ratio,top_5pct,10,23.0,0.7478260869565216,0.0534466345350312,0.2478260869565217,10.0,,Adult tissues,hcl_adult_tissue,0.0331265672866573,0.6956521739130435,0.8260869565217391,10.0,458.0,229.0,229.0,True,Tissue contexts,"Adult
lung",True,True
,ZJU_HCL_adult_tissue,AdultLung,trrust_dorothea_intersection,coexpression_probability,top_100,10,100.0,0.554,0.0096609178307929,0.054,10.0,,Adult tissues,hcl_adult_tissue,0.0059878989080756,0.54,0.57,10.0,458.0,229.0,229.0,True,Tissue contexts,"Adult
lung",True,True
,ZJU_HCL_adult_tissue,AdultLung,trrust_dorothea_intersection,coexpression_probability,top_500,10,458.0,,0.0,,,,Adult tissues,hcl_adult_tissue,,,,0.0,458.0,229.0,229.0,False,Tissue contexts,"Adult
lung",True,False
,ZJU_HCL_adult_tissue,AdultLung,trrust_dorothea_intersection,coexpression_probability,top_5pct,10,23.0,0.4869565217391304,0.0183320444067731,-0.0130434782608695,2.0,,Adult tissues,hcl_adult_tissue,0.0113623188405797,0.4782608695652174,0.5217391304347826,10.0,458.0,229.0,229.0,False,Tissue contexts,"Adult
lung",True,True
,ZJU_HCL_adult_tissue,AdultLung,trrust_dorothea_intersection,mutual_information,top_100,10,100.0,0.586,0.0164654520469712,0.0859999999999999,10.0,,Adult tissues,hcl_adult_tissue,0.0102053929098513,0.56,0.61,10.0,458.0,229.0,229.0,True,Tissue contexts,"Adult
lung",True,True
,ZJU_HCL_adult_tissue,AdultLung,trrust_dorothea_intersection,mutual_information,top_500,10,458.0,,0.0,,,,Adult tissues,hcl_adult_tissue,,,,0.0,458.0,229.0,229.0,False,Tissue contexts,"Adult
lung",True,False
,ZJU_HCL_adult_tissue,AdultLung,trrust_dorothea_intersection,mutual_information,top_5pct,10,23.0,0.7478260869565216,0.0641621554237062,0.2478260869565217,10.0,,Adult tissues,hcl_adult_tissue,0.0397681159420289,0.6521739130434783,0.8695652173913043,10.0,458.0,229.0,229.0,True,Tissue contexts,"Adult
lung",True,True
,ZJU_HCL_adult_tissue,AdultLung,trrust_dorothea_intersection,pearson,top_100,10,100.0,0.6,0.0253859103528796,0.0999999999999999,10.0,,Adult tissues,hcl_adult_tissue,0.0157343502496219,0.55,0.63,10.0,458.0,229.0,229.0,True,Tissue contexts,"Adult
lung",True,True
,ZJU_HCL_adult_tissue,AdultLung,trrust_dorothea_intersection,pearson,top_500,10,458.0,,0.0,,,,Adult tissues,hcl_adult_tissue,,,,0.0,458.0,229.0,229.0,False,Tissue contexts,"Adult
lung",True,False
,ZJU_HCL_adult_tissue,AdultLung,trrust_dorothea_intersection,pearson,top_5pct,10,23.0,0.6739130434782609,0.0307437730950672,0.1739130434782608,10.0,,Adult tissues,hcl_adult_tissue,0.0190551879821721,0.6521739130434783,0.7391304347826086,10.0,458.0,229.0,229.0,True,Tissue contexts,"Adult
lung",True,True
,ZJU_HCL_adult_tissue,AdultLung,trrust_dorothea_intersection,spearman,top_100,10,100.0,0.589,0.0218326971917504,0.0889999999999999,10.0,,Adult tissues,hcl_adult_tissue,0.0135320459157758,0.56,0.63,10.0,458.0,229.0,229.0,True,Tissue contexts,"Adult
lung",True,True
,ZJU_HCL_adult_tissue,AdultLung,trrust_dorothea_intersection,spearman,top_500,10,458.0,,0.0,,,,Adult tissues,hcl_adult_tissue,,,,0.0,458.0,229.0,229.0,False,Tissue contexts,"Adult
lung",True,False
,ZJU_HCL_adult_tissue,AdultLung,trrust_dorothea_intersection,spearman,top_5pct,10,23.0,0.7391304347826086,0.0354998513446837,0.2391304347826087,10.0,,Adult tissues,hcl_adult_tissue,0.022003035821932,0.6956521739130435,0.782608695652174,10.0,458.0,229.0,229.0,True,Tissue contexts,"Adult
lung",True,True
,ZJU_HCL_adult_tissue,AdultLung,trrust_dorothea_union,codetection_odds_ratio,top_100,10,100.0,0.658,0.0193218356615859,0.158,10.0,,Adult tissues,hcl_adult_tissue,0.0119757978161512,0.64,0.69,10.0,1966.0,983.0,983.0,True,Tissue contexts,"Adult
lung",True,True
,ZJU_HCL_adult_tissue,AdultLung,trrust_dorothea_union,codetection_odds_ratio,top_500,10,500.0,0.5292,0.0091505919662791,0.0292,10.0,,Adult tissues,hcl_adult_tissue,0.005671595660247,0.514,0.544,10.0,1966.0,983.0,983.0,True,Tissue contexts,"Adult
lung",True,True
,ZJU_HCL_adult_tissue,AdultLung,trrust_dorothea_union,codetection_odds_ratio,top_5pct,10,99.0,0.6585858585858586,0.0189272314108487,0.1585858585858586,10.0,,Adult tissues,hcl_adult_tissue,0.0117312195676353,0.6363636363636364,0.6868686868686869,10.0,1966.0,983.0,983.0,True,Tissue contexts,"Adult
lung",True,True
,ZJU_HCL_adult_tissue,AdultLung,trrust_dorothea_union,coexpression_probability,top_100,10,100.0,0.525,0.0070710678118654,0.025,10.0,,Adult tissues,hcl_adult_tissue,0.0043826932358995,0.51,0.53,10.0,1966.0,983.0,983.0,True,Tissue contexts,"Adult
lung",True,True
,ZJU_HCL_adult_tissue,AdultLung,trrust_dorothea_union,coexpression_probability,top_500,10,500.0,0.5218,0.0039384147967311,0.0218,10.0,,Adult tissues,hcl_adult_tissue,0.0024410547811232,0.516,0.528,10.0,1966.0,983.0,983.0,True,Tissue contexts,"Adult
lung",True,True
,ZJU_HCL_adult_tissue,AdultLung,trrust_dorothea_union,coexpression_probability,top_5pct,10,99.0,0.5232323232323233,0.0079677842196628,0.0232323232323232,10.0,,Adult tissues,hcl_adult_tissue,0.0049384838236208,0.5151515151515151,0.5353535353535354,10.0,1966.0,983.0,983.0,True,Tissue contexts,"Adult
lung",True,True
,ZJU_HCL_adult_tissue,AdultLung,trrust_dorothea_union,mutual_information,top_100,10,100.0,0.604,0.0117378779077726,0.1039999999999999,10.0,,Adult tissues,hcl_adult_tissue,0.0072752121007645,0.59,0.62,10.0,1966.0,983.0,983.0,True,Tissue contexts,"Adult
lung",True,True
,ZJU_HCL_adult_tissue,AdultLung,trrust_dorothea_union,mutual_information,top_500,10,500.0,0.5146,0.0072449215930118,0.0146,10.0,,Adult tissues,hcl_adult_tissue,0.0044904489258375,0.504,0.526,10.0,1966.0,983.0,983.0,True,Tissue contexts,"Adult
lung",True,True
,ZJU_HCL_adult_tissue,AdultLung,trrust_dorothea_union,mutual_information,top_5pct,10,99.0,0.6060606060606061,0.0134680134680134,0.106060606060606,10.0,,Adult tissues,hcl_adult_tissue,0.0083475612308821,0.5858585858585859,0.6262626262626263,10.0,1966.0,983.0,983.0,True,Tissue contexts,"Adult
lung",True,True
,ZJU_HCL_adult_tissue,AdultLung,trrust_dorothea_union,pearson,top_100,10,100.0,0.615,0.0190029237516522,0.1149999999999999,10.0,,Adult tissues,hcl_adult_tissue,0.0117781341665157,0.59,0.64,10.0,1966.0,983.0,983.0,True,Tissue contexts,"Adult
lung",True,True
,ZJU_HCL_adult_tissue,AdultLung,trrust_dorothea_union,pearson,top_500,10,500.0,0.536,0.0071180521680208,0.036,10.0,,Adult tissues,hcl_adult_tissue,0.0044118144415497,0.524,0.548,10.0,1966.0,983.0,983.0,True,Tissue contexts,"Adult
lung",True,True
,ZJU_HCL_adult_tissue,AdultLung,trrust_dorothea_union,pearson,top_5pct,10,99.0,0.6141414141414141,0.0189272314108487,0.1141414141414141,10.0,,Adult tissues,hcl_adult_tissue,0.0117312195676354,0.5858585858585859,0.6363636363636364,10.0,1966.0,983.0,983.0,True,Tissue contexts,"Adult
lung",True,True
,ZJU_HCL_adult_tissue,AdultLung,trrust_dorothea_union,spearman,top_100,10,100.0,0.647,0.0149443411809732,0.147,10.0,,Adult tissues,hcl_adult_tissue,0.0092625986274551,0.63,0.67,10.0,1966.0,983.0,983.0,True,Tissue contexts,"Adult
lung",True,True
,ZJU_HCL_adult_tissue,AdultLung,trrust_dorothea_union,spearman,top_500,10,500.0,0.5154,0.007834397090892,0.0154,10.0,,Adult tissues,hcl_adult_tissue,0.0048558096246775,0.504,0.524,10.0,1966.0,983.0,983.0,True,Tissue contexts,"Adult
lung",True,True
,ZJU_HCL_adult_tissue,AdultLung,trrust_dorothea_union,spearman,top_5pct,10,99.0,0.6474747474747475,0.0181005791996169,0.1474747474747474,10.0,,Adult tissues,hcl_adult_tissue,0.0112188552188551,0.6262626262626263,0.6666666666666666,10.0,1966.0,983.0,983.0,True,Tissue contexts,"Adult
lung",True,True
