tf,target,mode,weight,confidence,tf_detection_rate,target_detection_rate,tf_mean_counts,target_mean_counts,target_z_mean_counts,target_z_detection_rate,edge_id_original
TP53,BCL2,Repression,-1.0,A,0.1293049645390148,0.2306382978723602,0.14933354,0.28687465,0.15815041123754367,2.3289412750420033,0
MYC,TFAP4,Activation,1.0,A,0.3311205673759182,0.0650780141843972,0.8089884,0.0720561,-0.00804837036860413,0.46555479412753814,1
MYC,ST3GAL1,Activation,1.0,A,0.3311205673759182,0.2180992907801601,0.8089884,0.26190862,0.13883492955524696,2.187814334575212,2
MYC,HLA-F,Activation,1.0,A,0.3311205673759182,0.4862411347518232,0.8089884,0.75363195,0.5192667792875804,5.205759676865053,3
MYC,HDAC2,Activation,1.0,A,0.3311205673759182,0.1689645390071046,0.8089884,0.2175931,0.10454931767376435,1.6348010746465187,4
IRF3,PURA,Repression,-1.0,A,0.2594042553191721,0.1491063829787335,0.30945972,0.16692364,0.06534784965975232,1.4112968702873478,5
IRF3,IRF7,Activation,1.0,A,0.2594042553191721,0.3300425531915209,0.30945972,0.49369162,0.31815860619777975,3.447739463719913,6
IRF1,CASP7,Activation,1.0,A,0.688113475177195,0.0603120567375884,1.7007551,0.06371576,-0.014501045643532757,0.41191378508134024,7
JUN,TXN,Activation,1.0,A,0.0602553191489359,0.5211347517730832,0.07529028,1.9377085,1.4353519122447247,5.598488493095936,8
JUN,POLD2,Activation,1.0,A,0.0602553191489359,0.2010212765957609,0.07529028,0.30497485,0.17215400257929508,1.9956007188263245,9
JUN,PDHA1,Activation,1.0,A,0.0602553191489359,0.1260709219858229,0.07529028,0.14604263,0.04919282756922155,1.152031993230708,10
JUN,NFKB2,Activation,1.0,A,0.0602553191489359,0.3430354609929409,0.07529028,0.4860933,0.3122800099301221,3.593975071714914,11
JUN,ETS2,Activation,1.0,A,0.0602553191489359,0.0740425531914905,0.07529028,0.0833466,0.0006867567594963677,0.5664509778096789,12
JUN,CREM,Activation,1.0,A,0.0602553191489359,0.492368794326292,0.07529028,1.1949437,0.8606966751623869,5.274726688495884,13
JUN,CD82,Activation,1.0,A,0.0602553191489359,0.0570780141843969,0.07529028,0.067403786,-0.011647728610474884,0.3755145289428507,14
JUN,BATF3,Activation,1.0,A,0.0602553191489359,0.1926241134751925,0.07529028,0.6605505,0.4472524044575968,1.9010903695544459,15
IRF9,PML,Activation,1.0,A,0.2972482269503823,0.1000283687943305,0.370684,0.1106935,0.02184424739848058,0.8589221937996808,16
NCOA3,BCL2,Activation,1.0,A,0.1556312056737697,0.2306382978723602,0.18054102,0.28687465,0.15815041123754367,2.3289412750420033,17
NFIC,JUN,Activation,1.0,A,0.0821560283687964,0.0602553191489359,0.089360535,0.07529028,-0.005546180611271853,0.4112752016403139,18
NFKB1,PDE7A,Activation,1.0,A,0.1794042553191626,0.0916312056737621,0.2344443,0.10014048,0.01367968681344121,0.7644118445278023,19
NFKB1,NOLC1,Activation,1.0,A,0.1794042553191626,0.1707801418439843,0.2344443,0.25765136,0.13554121295125449,1.655235744759358,20
NFKB1,MAT2A,Activation,1.0,A,0.1794042553191626,0.198127659574484,0.2344443,0.25776556,0.1356295661258729,1.9630329633339885,21
NFKB1,IRF1,Activation,1.0,A,0.1794042553191626,0.688113475177195,0.2344443,1.7007551,1.2520280494896965,7.477839560034218,22
NFKB1,HLA-F,Activation,1.0,A,0.1794042553191626,0.4862411347518232,0.2344443,0.75363195,0.5192667792875804,5.205759676865053,23
NFKB1,GSTP1,Activation,1.0,A,0.1794042553191626,0.4701843971631688,0.2344443,1.0052036,0.7139003512796092,5.025040563054638,24
NFKB1,RIPK2,Activation,1.0,A,0.1794042553191626,0.0843687943262435,0.2344443,0.09696339,0.011221665906712823,0.6826731640764481,25
NFKB1,JUNB,Activation,1.0,A,0.1794042553191626,0.6811914893615981,0.2344443,1.8379467,1.3581691474842503,7.399932380229097,26
NFKB1,XIAP,Activation,1.0,A,0.1794042553191626,0.1056453900709269,0.2344443,0.11477847,0.02500466830671995,0.9221419544612749,27
NFKB1,TNFSF10,Activation,1.0,A,0.1794042553191626,0.1794042553191626,0.2344443,0.26894158,0.14427612345160637,1.7523004277953407,28
NFKB1,TNFAIP3,Activation,1.0,A,0.1794042553191626,0.1717446808510766,0.2344443,0.23155004,0.11534739085203552,1.6660916632568032,29
NFKB1,TIMP1,Repression,-1.0,A,0.1794042553191626,0.14104964539008,0.2344443,0.22542197,0.11060628368230002,1.320618021661626,30
NFKB1,TBX21,Activation,1.0,A,0.1794042553191626,0.1123404255319206,0.2344443,0.14814219,0.05081719526888717,0.997494800502367,31
NFKB1,SOCS3,Activation,1.0,A,0.1794042553191626,0.5331631205673991,0.2344443,1.147912,0.824309634858531,5.733868182593359,32
NFKB1,SERPINB1,Activation,1.0,A,0.1794042553191626,0.3314042553191806,0.2344443,0.44552457,0.2808931790567698,3.4630654663045415,33
NFIC,POLD2,Activation,1.0,A,0.0821560283687964,0.2010212765957609,0.089360535,0.30497485,0.17215400257929508,1.9956007188263245,34
NFIC,HMGB1,Activation,1.0,A,0.0821560283687964,0.6687092198580628,0.089360535,1.3397725,0.9727464497348363,7.259444023203469,35
NFIC,GTF3C2,Activation,1.0,A,0.0821560283687964,0.0584397163120565,0.089360535,0.061389565,-0.0163007541639483,0.39084053152747816,36
NFIC,ALAS1,Activation,1.0,A,0.0821560283687964,0.0618439716312054,0.089360535,0.06706323,-0.011911206751765113,0.42915553798904543,37
NFKB1,AKT1,Repression,-1.0,A,0.1794042553191626,0.0530496453900707,0.2344443,0.05662377,-0.019987909311325804,0.33017510462999605,38
NFKB1,CTSB,Activation,1.0,A,0.1794042553191626,0.1479148936170312,0.2344443,0.18332127,0.07803421276586404,1.397886618025797,39
NFKB1,CSNK2A1,Activation,1.0,A,0.1794042553191626,0.1297588652482347,0.2344443,0.15228449,0.05402197070865782,1.1935399168974117,40
NFKB1,CD69,Activation,1.0,A,0.1794042553191626,0.504226950354658,0.2344443,1.6771094,1.233734068219343,5.408190627670313,41
NFKB1,CD58,Activation,1.0,A,0.1794042553191626,0.0610496453900707,0.2344443,0.06797109,-0.011208822223664736,0.42021536981468016,42
NFKB1,CCR7,Activation,1.0,A,0.1794042553191626,0.5466099290780259,0.2344443,1.5411772,1.12856733089129,5.885212458116421,43
NFKB1,CCND2,Activation,1.0,A,0.1794042553191626,0.2620709219858391,0.2344443,0.51661223,0.3358916067029488,2.6827165013705203,44
NFKB1,CCL5,Activation,1.0,A,0.1794042553191626,0.3173333333333634,0.2344443,2.0234694,1.5017025932703936,3.3046967729300434,45
NFKB1,CD83,Activation,1.0,A,0.1794042553191626,0.0605957446808508,0.2344443,0.073588125,-0.006863087773641267,0.4151067022864707,47
NFKB1,BIRC3,Activation,1.0,A,0.1794042553191626,0.3868368794326624,0.2344443,0.7075464,0.48361174735644963,4.086961488187143,48
NFKB1,BIRC2,Activation,1.0,A,0.1794042553191626,0.1164822695035523,0.2344443,0.12998433,0.03676899408432929,1.04411139169728,49
YY1,EP300,Activation,1.0,A,0.2540141843971856,0.0803971631205693,0.3112751,0.08499188,0.0019596614104260136,0.6379723232046142,51
ELK1,CITED2,Activation,1.0,A,0.1042836879432671,0.1751489361702259,0.1169344,0.2149266,0.10248632520336179,1.704406669718375,52
ETS1,CSNK2B,Activation,1.0,A,0.3447375886525156,0.4209361702128083,0.4792279,0.6508709,0.43976358318757675,4.470750136243892,53
ETS1,CD8A,Activation,1.0,A,0.3447375886525156,0.2567943262411576,0.4792279,0.5473597,0.3596800181388866,2.6233282413550834,54
E2F4,HCFC1,Activation,1.0,A,0.2363687943262616,0.0735886524822706,0.32750267,0.0796587,-0.0021664627910746317,0.5613423102814694,55
E2F4,CUX1,Activation,1.0,A,0.2363687943262616,0.0663829787234045,0.32750267,0.06995677,-0.00967256012404766,0.48024221327114147,56
NFKB2,CCND2,Activation,1.0,A,0.3430354609929409,0.2620709219858391,0.4860933,0.51661223,0.3358916067029488,2.6827165013705203,57
GATA3,NFKB1,Activation,1.0,A,0.1499574468085208,0.1794042553191626,0.19773243,0.2344443,0.11758659452253514,1.7523004277953407,58
NFKB1,GATA3,Activation,1.0,A,0.1794042553191626,0.1499574468085208,0.2344443,0.19773243,0.08918370257263934,1.4208756219027405,59
RELA,GATA3,Activation,1.0,A,0.1807092198581698,0.1499574468085208,0.20494032,0.19773243,0.08918370257263934,1.4208756219027405,60
HIF1A,VEGFB,Activation,1.0,A,0.3612482269503899,0.0729078014184407,0.61443985,0.077048786,-0.004185676340820817,0.5536793089891545,61
HIF1A,SOCS1,Activation,1.0,A,0.3612482269503899,0.5075177304964992,0.61443985,1.407889,1.0254461784466964,5.445228467249797,62
HIF1A,NR3C1,Activation,1.0,A,0.3612482269503899,0.2095319148936343,0.61443985,0.26423386,0.14063389922030559,2.0913882349802555,63
HIF1A,FAM162A,Activation,1.0,A,0.3612482269503899,0.422638297872383,0.61443985,0.69217736,0.47172117402162284,4.489907639474678,64
HIF1A,ENO1,Activation,1.0,A,0.3612482269503899,0.9109219858153014,0.61443985,6.9647617,5.324634829894464,9.985556732941669,65
HIF1A,E2F3,Activation,1.0,A,0.3612482269503899,0.055432624113475,0.61443985,0.058836468,-0.018276010075145496,0.35699560915309403,66
HIF1A,MIF,Activation,1.0,A,0.3612482269503899,0.6962836879431454,0.61443985,2.012479,1.4931996446685887,7.5697955755419,67
ETS2,PDE7A,Activation,1.0,A,0.0740425531914905,0.0916312056737621,0.0833466,0.10014048,0.01367968681344121,0.7644118445278023,68
ETS1,WAS,Activation,1.0,A,0.3447375886525156,0.2173617021276777,0.4792279,0.2574829,0.1354108804136344,2.1795127498418707,69
ETS1,TNFSF14,Activation,1.0,A,0.3447375886525156,0.0614468085106381,0.4792279,0.08022637,-0.0017272732408502077,0.4246854539018634,70
ETS1,TGFBR2,Activation,1.0,A,0.3447375886525156,0.1269219858156103,0.4792279,0.14343233,0.047173315382650474,1.1616107448461017,71
ETS1,TAF12,Activation,1.0,A,0.3447375886525156,0.1542127659574575,0.4792279,0.1768531,0.07302998024860036,1.4687693799797061,72
ETS1,NDRG1,Repression,-1.0,A,0.3447375886525156,0.0555460992907799,0.4792279,0.059233632,-0.01796873599244722,0.3582727760351455,73
ETS1,MDM2,Repression,-1.0,A,0.3447375886525156,0.0588936170212764,0.4792279,0.062978216,-0.01507166170150784,0.39594919905568765,74
ETS1,LCK,Activation,1.0,A,0.3447375886525156,0.5491631205673854,0.4792279,0.9517152,0.6725179524594781,5.913948712962573,75
ETS1,IL2RB,Activation,1.0,A,0.3447375886525156,0.2177588652482452,0.4792279,0.35048056,0.20736042938984145,2.183982833929055,76
FLI1,ID2,Activation,1.0,A,0.1251631205673831,0.4886241134752277,0.13645296,1.7809422,1.3140664457107412,5.232580181388154,77
NFKB2,CDK6,Activation,1.0,A,0.3430354609929409,0.0884539007092227,0.4860933,0.11165829,0.022590676989899916,0.7286511718303347,78
STAT4,SOCS3,Repression,-1.0,A,0.213673758865266,0.5331631205673991,0.25526935,1.147912,0.824309634858531,5.733868182593359,79
STAT4,PIM1,Activation,1.0,A,0.213673758865266,0.6251347517729938,0.25526935,1.2560742,0.9079915415460145,6.769011940495824,80
STAT3,ZFP36,Activation,1.0,A,0.4604822695035931,0.4287659574468518,0.69830936,0.7166857,0.4906825544386735,4.5588746511055085,81
STAT3,VEGFB,Activation,1.0,A,0.4604822695035931,0.0729078014184407,0.69830936,0.077048786,-0.004185676340820817,0.5536793089891545,82
STAT3,MYD88,Activation,1.0,A,0.4604822695035931,0.110297872340431,0.69830936,0.12050877,0.029438032549415516,0.9745057966254237,83
STAT3,IFNAR1,Activation,1.0,A,0.4604822695035931,0.1211914893617089,0.69830936,0.1326513,0.03883235017988131,1.097113817302455,84
STAT3,HSPB1,Activation,1.0,A,0.4604822695035931,0.3140992907801715,0.69830936,0.52830446,0.3449375404933912,3.2682975167915496,85
STAT3,FAS,Repression,-1.0,A,0.4604822695035931,0.1866099290780287,0.69830936,0.24397714,0.12496187190545369,1.8334005248056686,86
STAT3,CISH,Activation,1.0,A,0.4604822695035931,0.5278865248227228,0.69830936,0.99125993,0.7031125447092819,5.67447992257798,87
STAT3,CDK4,Activation,1.0,A,0.4604822695035931,0.2224113475177493,0.69830936,0.3623392,0.21653510969331582,2.236346676093204,88
STAT3,CCND3,Activation,1.0,A,0.4604822695035931,0.3673758865248587,0.69830936,0.70402706,0.4808889377105518,3.8679273679151556,89
STAT1,TP53,Activation,1.0,A,0.6270638297871766,0.1293049645390148,1.4281144,0.14933354,0.051738907655766615,1.188431249369202,90
TP53,STAT1,Activation,1.0,A,0.1293049645390148,0.6270638297871766,0.14933354,1.4281144,1.0410939744005234,6.790723777490694,91
TBP,FUS,Repression,-1.0,A,0.0514609929078012,0.5344680851064051,0.053276252,0.89026374,0.624974768782282,5.748555601736948,92
STAT1,TIMP1,Activation,1.0,A,0.6270638297871766,0.14104964539008,1.4281144,0.22542197,0.11060628368230002,1.320618021661626,93
STAT1,PIM1,Activation,1.0,A,0.6270638297871766,0.6251347517729938,1.4281144,1.2560742,0.9079915415460145,6.769011940495824,94
SP3,RORA,Activation,1.0,A,0.1016737588652526,0.3307234042553508,0.10893454,0.5230283,0.3408555309855573,3.4554024650122273,95
SP3,ETF1,Repression,-1.0,A,0.1016737588652526,0.1790638297872477,0.10893454,0.26326877,0.139887237527727,1.7484689271491838,96
SP3,CD83,Activation,1.0,A,0.1016737588652526,0.0605957446808508,0.10893454,0.073588125,-0.006863087773641267,0.4151067022864707,97
STAT1,CTSB,Activation,1.0,A,0.6270638297871766,0.1479148936170312,1.4281144,0.18332127,0.07803421276586404,1.397886618025797,98
STAT1,STAT2,Activation,1.0,A,0.6270638297871766,0.1201134751773116,1.4281144,0.13775803,0.042783276689680225,1.084980731922957,99
STAT1,APP,Activation,1.0,A,0.6270638297871766,0.058496453900709,1.4281144,0.06388601,-0.014369328235662504,0.3914791149685044,100
STAT1,PLSCR1,Activation,1.0,A,0.6270638297871766,0.1570496453900819,1.4281144,0.21010232,0.09875392193498991,1.5006985520310159,101
USF2,MYH9,Activation,1.0,A,0.2326808510638498,0.2275744680851258,0.29396865,0.27859026,0.15174102282881377,2.2944577692265886,102
USF2,CXCR4,Activation,1.0,A,0.2326808510638498,0.5386666666666852,0.29396865,1.1732808,0.8439367278205216,5.79581077637284,103
USF2,CTSD,Activation,1.0,A,0.2326808510638498,0.0919148936170245,0.29396865,0.09923269,0.012977356442277986,0.7676047617329328,104
USF2,CD2,Activation,1.0,A,0.2326808510638498,0.6674609929077092,0.29396865,1.8478087,1.36579908625909,7.245395187500907,105
USF2,PTPN6,Activation,1.0,A,0.2326808510638498,0.2296170212766154,0.29396865,0.3171184,0.18154910935370233,2.3174467731035318,106
STAT3,IL6ST,Activation,1.0,A,0.4604822695035931,0.1278865248227026,0.69830936,0.14723401,0.05011456316621693,1.1724666633435472,107
STAT3,BIRC3,Activation,1.0,A,0.4604822695035931,0.3868368794326624,0.69830936,0.7075464,0.48361174735644963,4.086961488187143,108
ZBTB7A,PFKP,Repression,-1.0,A,0.1724822695035589,0.1853049645390214,0.20108178,0.22621883,0.11122279078148059,1.8187131056620653,109
YY1,CREBBP,Repression,-1.0,A,0.2540141843971856,0.076652482269505,0.3112751,0.08119055,-0.0009813155884546639,0.5958258160968843,110
YBX1,SUMO1,Repression,-1.0,A,0.90365957446779,0.51965957446812,5.333341,0.87494147,0.6131203800181811,5.581885323629272,111
YBX1,KPNA2,Repression,-1.0,A,0.90365957446779,0.1138156028368853,5.333341,0.14904991,0.051519471483113234,1.0140979699690482,112
USF2,ATP5F1A,Activation,1.0,A,0.2326808510638498,0.5214184397163454,0.29396865,0.8378935,0.5844574574028805,5.601681410301064,114
TP53,PLK3,Activation,1.0,A,0.1293049645390148,0.1342978723404338,0.14933354,0.16749054,0.06578644348366801,1.2446265921795077,115
TP53,E2F3,Repression,-1.0,A,0.1293049645390148,0.055432624113475,0.14933354,0.058836468,-0.018276010075145496,0.35699560915309403,116
SP100,ETS1,Repression,-1.0,A,0.3533617021276939,0.3447375886525156,0.48370942,0.4792279,0.3069684522679051,3.6131325749456997,117
RELA,CTSB,Activation,1.0,A,0.1807092198581698,0.1479148936170312,0.20494032,0.18332127,0.07803421276586404,1.397886618025797,118
RELA,CFLAR,Activation,1.0,A,0.1807092198581698,0.4389787234042998,0.20494032,0.85717106,0.5993719374807853,4.673819670490225,119
RELA,CDK6,Activation,1.0,A,0.1807092198581698,0.0884539007092227,0.20494032,0.11165829,0.022590676989899916,0.7286511718303347,120
RELA,CDK4,Activation,1.0,A,0.1807092198581698,0.2224113475177493,0.20494032,0.3623392,0.21653510969331582,2.236346676093204,121
RELA,CD83,Activation,1.0,A,0.1807092198581698,0.0605957446808508,0.20494032,0.073588125,-0.006863087773641267,0.4151067022864707,122
RELA,CD69,Activation,1.0,A,0.1807092198581698,0.504226950354658,0.20494032,1.6771094,1.233734068219343,5.408190627670313,123
RELA,CD58,Activation,1.0,A,0.1807092198581698,0.0610496453900707,0.20494032,0.06797109,-0.011208822223664736,0.42021536981468016,124
RELA,XIAP,Activation,1.0,A,0.1807092198581698,0.1056453900709269,0.20494032,0.11477847,0.02500466830671995,0.9221419544612749,125
RELA,BIRC2,Activation,1.0,A,0.1807092198581698,0.1164822695035523,0.20494032,0.12998433,0.03676899408432929,1.04411139169728,126
REL,TNFAIP3,Activation,1.0,A,0.1535886524822801,0.1717446808510766,0.19568972,0.23155004,0.11534739085203552,1.6660916632568032,127
ATF2,RB1,Activation,1.0,A,0.0854468085106408,0.1020141843971676,0.090325005,0.109275,0.020746795750527826,0.8812726142355979,128
RELA,TBX21,Activation,1.0,A,0.1807092198581698,0.1123404255319206,0.20494032,0.14814219,0.05081719526888717,0.997494800502367,130
RELA,RIPK2,Activation,1.0,A,0.1807092198581698,0.0843687943262435,0.20494032,0.09696339,0.011221665906712823,0.6826731640764481,131
RELA,OPTN,Activation,1.0,A,0.1807092198581698,0.2600283687943495,0.20494032,0.3324396,0.19340267029033514,2.659727497493577,132
RELA,NOLC1,Activation,1.0,A,0.1807092198581698,0.1707801418439843,0.20494032,0.25765136,0.13554121295125449,1.655235744759358,133
RELA,IRF4,Activation,1.0,A,0.1807092198581698,0.2277446808510832,0.20494032,0.4592459,0.29150896772127705,2.2963735195496664,134
RELA,HDAC1,Activation,1.0,A,0.1807092198581698,0.2310354609929276,0.20494032,0.2919253,0.1620579503039748,2.3334113591291867,135
RARA,PRKCA,Activation,1.0,A,0.0785248226950371,0.1379858156028456,0.086807445,0.16011423,0.06007960981055531,1.286134515846211,136
RARA,ETS1,Activation,1.0,A,0.0785248226950371,0.3447375886525156,0.086807445,0.4792279,0.3069684522679051,3.6131325749456997,137
PKNOX1,PTPN6,Activation,1.0,A,0.0626950354609927,0.2296170212766154,0.068254724,0.3171184,0.18154910935370233,2.3174467731035318,138
NR3C1,ETS1,Repression,-1.0,A,0.2095319148936343,0.3447375886525156,0.26423386,0.4792279,0.3069684522679051,3.6131325749456997,139
NR3C1,CDK6,Repression,-1.0,A,0.2095319148936343,0.0884539007092227,0.26423386,0.11165829,0.022590676989899916,0.7286511718303347,140
NR3C1,ATF2,Repression,-1.0,A,0.2095319148936343,0.0854468085106408,0.26423386,0.090325005,0.006085743060047454,0.6948062494559462,141
NFYB,FXR2,Activation,1.0,A,0.1113758865248283,0.0532198581560282,0.12260805,0.05611311,-0.020382991904588792,0.33209085495307505,142
RELA,TNFAIP3,Activation,1.0,A,0.1807092198581698,0.1717446808510766,0.20494032,0.23155004,0.11534739085203552,1.6660916632568032,143
NFKB2,SND1,Activation,1.0,A,0.3430354609929409,0.174468085106396,0.4860933,0.20760675,0.09682317296841857,1.6967436684260602,144
RFX5,HLA-DRB1,Activation,1.0,A,0.068879432624114,0.0858439716312082,0.07262336,0.12936082,0.03628660277166447,0.6992763335431292,146
RFX5,HLA-DPB1,Activation,1.0,A,0.068879432624114,0.1696453900709345,0.07262336,0.2531109,0.13202839285293688,1.6424640759388336,147
RFX5,HLA-DPA1,Activation,1.0,A,0.068879432624114,0.1240283687943333,0.07262336,0.15988714,0.05990391696971387,1.1290429893537646,148
RUNX1,ITGB2,Activation,1.0,A,0.0934468085106417,0.2141843971631384,0.10536023,0.2672984,0.1430048435087914,2.1437520771444043,149
SMAD4,ZFP36,Activation,1.0,A,0.0519716312056735,0.4287659574468518,0.0537869,0.7166857,0.4906825544386735,4.5588746511055085,150
SMAD3,ZFP36,Activation,1.0,A,0.0575886524822693,0.4287659574468518,0.06116265,0.7166857,0.4906825544386735,4.5588746511055085,151
RUNX3,ICAM3,Repression,-1.0,A,0.3294184397163435,0.3366241134752096,0.5016945,0.43928465,0.27606553683816326,3.521815142878952,152
RUNX3,CFLAR,Repression,-1.0,A,0.3294184397163435,0.4389787234042998,0.5016945,0.85717106,0.5993719374807853,4.673819670490225,153
RUNX3,CASP8,Activation,1.0,A,0.3294184397163435,0.1876312056737735,0.5016945,0.2195792,0.10608590471500436,1.8448950267441402,154
RUNX1,PIK3CD,Activation,1.0,A,0.0934468085106417,0.1477446808510737,0.10536023,0.1635756,0.0627575697757821,1.395970867702718,155
RUNX1,NFKB1,Activation,1.0,A,0.0934468085106417,0.1794042553191626,0.10536023,0.2344443,0.11758659452253514,1.7523004277953407,156
CTCF,PBXIP1,Activation,1.0,A,0.1010496453900753,0.1840567375886667,0.11040973,0.22037423,0.10670099599711352,1.8046642699594895,157
MYC,ACYP2,Activation,1.0,A,0.3311205673759182,0.0688226950354615,0.8089884,0.07381485,-0.006687677322543569,0.5077013012352679,158
MYC,ACP5,Activation,1.0,A,0.3311205673759182,0.058496453900709,0.8089884,0.062467597,-0.015466712574279071,0.3914791149685044,160
MYC,ACO2,Activation,1.0,A,0.3311205673759182,0.1832624113475318,0.8089884,0.2262749,0.11126617048814304,1.795724101785122,161
MYC,ACADM,Activation,1.0,A,0.3311205673759182,0.1080851063829839,0.8089884,0.11931735,0.028516266005598905,0.9496010424254014,162
MAF,ITGB7,Activation,1.0,A,0.2001134751773211,0.0819858156028389,0.42298722,0.09662312,0.010958409035194409,0.6558526595533467,163
SMAD3,POR,Activation,1.0,A,0.0575886524822693,0.0608794326241132,0.06116265,0.063942716,-0.014325456474542439,0.4182996194916012,164
JUND,NQO2,Activation,1.0,A,0.1600567375886638,0.0569078014184395,0.19455585,0.062184006,-0.015686118573781764,0.37359877861977286,165
JUND,CD40LG,Activation,1.0,A,0.1600567375886638,0.156595744680862,0.19455585,0.43932667,0.2760980464738679,1.4955898845028062,166
MYC,ALDH9A1,Repression,-1.0,A,0.3311205673759182,0.1096737588652536,0.8089884,0.118749924,0.028077265230984007,0.9674813787741353,167
MYC,AMD1,Activation,1.0,A,0.3311205673759182,0.3436028368794658,0.8089884,0.5369869,0.3516548884569097,3.600360906125176,168
MYC,CASP8,Repression,-1.0,A,0.3311205673759182,0.1876312056737735,0.8089884,0.2195792,0.10608590471500436,1.8448950267441402,169
MYC,ZFP36L1,Repression,-1.0,A,0.3311205673759182,0.2788085106383233,0.8089884,0.40438458,0.24906438115598745,2.8710986164732497,170
MYC,BCL3,Activation,1.0,A,0.3311205673759182,0.1581843971631317,0.8089884,0.1880307,0.08167775997377248,1.5134702208515403,171
MYC,RHOG,Activation,1.0,A,0.3311205673759182,0.4380141843972075,0.8089884,0.71913004,0.4925736682639515,4.66296375199278,172
MYC,ARF4,Activation,1.0,A,0.3311205673759182,0.2371631205673964,0.8089884,0.33119008,0.19243595348867854,2.4023783707600166,173
MYC,ARF1,Activation,1.0,A,0.3311205673759182,0.5485390070922086,0.8089884,1.0610443,0.7571026552893627,5.906924295111291,174
MYC,APP,Activation,1.0,A,0.3311205673759182,0.058496453900709,0.8089884,0.06388601,-0.014369328235662504,0.3914791149685044,175
MYC,APEX1,Activation,1.0,A,0.3311205673759182,0.3281702127659888,0.8089884,0.44773716,0.2826049947365328,3.426666210166048,176
GATA3,ATXN10,Activation,1.0,A,0.1499574468085208,0.1568794326241245,0.19773243,0.18230008,0.07724414815650707,1.4987828017079379,177
GATA3,BLCAP,Activation,1.0,A,0.1499574468085208,0.1125673758865305,0.19773243,0.120281786,0.02926242171765034,1.0000491342664712,178
GATA3,GALNT10,Activation,1.0,A,0.1499574468085208,0.0535035460992906,0.19773243,0.05821243,-0.018758809885850564,0.3352837721582056,179
GATA3,RBMS1,Activation,1.0,A,0.1499574468085208,0.1977304964539165,0.19773243,0.23813358,0.12044088173843867,1.958562879246804,180
RBPJ,NFKB1,Activation,1.0,A,0.2823262411347776,0.1794042553191626,0.48427397,0.2344443,0.11758659452253514,1.7523004277953407,181
GATA3,FBXO11,Activation,1.0,A,0.1499574468085208,0.0784680851063846,0.19773243,0.08277914,0.00024772968008341387,0.6162604862097224,182
MYC,CD63,Activation,1.0,A,0.3311205673759182,0.3707234042553555,0.8089884,0.7506124,0.5169306424362756,3.905603790935701,183
MYC,MCM7,Activation,1.0,A,0.3311205673759182,0.0639999999999999,0.8089884,0.08028284,-0.0016835840659754245,0.4534217087480403,184
MYC,MBD1,Activation,1.0,A,0.3311205673759182,0.0859007092198607,0.8089884,0.09174344,0.0071831444194157,0.6999149169841556,185
MYC,LTA4H,Activation,1.0,A,0.3311205673759182,0.272510638297897,0.8089884,0.3529227,0.20924984113995165,2.8002158545193416,187
MYC,LMNA,Activation,1.0,A,0.3311205673759182,0.0547517730496452,0.8089884,0.08941786,0.005383911706376607,0.3493326078607803,188
MYC,LBR,Activation,1.0,A,0.3311205673759182,0.1630638297872458,0.8089884,0.18638568,0.08040505647718085,1.568388396779794,189
MYC,STMN1,Activation,1.0,A,0.3311205673759182,0.1827517730496594,0.8089884,0.22837465,0.11289068518520952,1.789976850815886,190
MYC,ISG20,Activation,1.0,A,0.3311205673759182,0.6397730496453217,0.8089884,1.8133096,1.3391081492496526,6.933766468280424,191
MYC,IRF3,Activation,1.0,A,0.3311205673759182,0.2594042553191721,0.8089884,0.30945972,0.17562381433280502,2.652703079642289,192
MYC,IRF2,Activation,1.0,A,0.3311205673759182,0.2436312056737802,0.8089884,0.29652157,0.1656139489546169,2.4751768830370042,193
MYC,ITGA6,Repression,-1.0,A,0.3311205673759182,0.0593475177304962,0.8089884,0.06729028,-0.011735544857744905,0.401057866583896,194
MYC,MEN1,Activation,1.0,A,0.3311205673759182,0.0513475177304962,0.8089884,0.054978408,-0.021260877403238974,0.31101760139921186,195
MYC,NRAS,Activation,1.0,A,0.3311205673759182,0.0909503546099322,0.8089884,0.100480825,0.013943001710249437,0.7567488432354875,196
MYC,NIT1,Activation,1.0,A,0.3311205673759182,0.0700141843971638,0.8089884,0.07375809,-0.0067315908618722975,0.5211115534968186,197
MYC,NFKBIL1,Activation,1.0,A,0.3311205673759182,0.0524255319148934,0.8089884,0.05446774,-0.02165596618586621,0.32315068677870873,198
MYC,NAP1L1,Activation,1.0,A,0.3311205673759182,0.8981560283685038,0.8089884,3.1850858,2.400410970054985,9.841875458710913,199
MYC,MSN,Repression,-1.0,A,0.3311205673759182,0.3057588652482556,0.8089884,0.42776328,0.2671517923946149,3.174425750960697,200
MYC,MFAP1,Activation,1.0,A,0.3311205673759182,0.0990070921985857,0.8089884,0.10694876,0.0189470524149384,0.8474276918612091,201
MYC,HSPE1,Activation,1.0,A,0.3311205673759182,0.584851063829766,0.8089884,2.1961584,1.6353069835652914,6.315617697367662,202
MYC,HSPA8,Activation,1.0,A,0.3311205673759182,0.880907801418164,0.8089884,3.9260254,2.97365410368449,9.647746092639137,203
MYC,ESD,Activation,1.0,A,0.3311205673759182,0.2827801418439976,0.8089884,0.3572928,0.21263085872664067,2.9157994573450847,204
MYC,ELK1,Activation,1.0,A,0.3311205673759182,0.1042836879432671,0.8089884,0.1169344,0.02667264781420728,0.9068159518766454,205
MYC,EIF4EBP2,Activation,1.0,A,0.3311205673759182,0.1219858156028437,0.8089884,0.13520467,0.04080781730313342,1.1060539854768214,206
MYC,EIF4B,Activation,1.0,A,0.3311205673759182,0.6533333333332533,0.8089884,1.1941193,0.8600588611767879,7.086387910685537,207
MYC,EIF4A1,Activation,1.0,A,0.3311205673759182,0.1246524822695107,0.8089884,0.13736086,0.04247599796495876,1.1360674072050532,208
MYC,DKC1,Activation,1.0,A,0.3311205673759182,0.202893617021293,0.8089884,0.3067342,0.17351515982767413,2.0166739723801888,209
MYC,DCK,Activation,1.0,A,0.3311205673759182,0.3006524822695316,0.8089884,0.37125173,0.22343047150926815,3.116953241268339,210
MYC,CSTB,Activation,1.0,A,0.3311205673759182,0.5350921985815819,0.8089884,1.007767,0.7158835783182854,5.755580019588229,211
MYC,FPGS,Activation,1.0,A,0.3311205673759182,0.1163120567375948,0.8089884,0.13197044,0.0383055888622746,1.042195641374201,212
MYC,HNRNPA2B1,Activation,1.0,A,0.3311205673759182,0.6355744680850416,0.8089884,1.467037,1.0712072430029949,6.8865112936445305,213
MYC,HNRNPA1,Activation,1.0,A,0.3311205673759182,0.9792907801414836,0.8089884,7.2539167,5.548345532230578,10.75504977937749,214
MYC,HMGN2,Activation,1.0,A,0.3311205673759182,0.5092765957447246,0.8089884,0.9592501,0.6783474825420718,5.46502455392159,215
MYC,HMBS,Activation,1.0,A,0.3311205673759182,0.0565673758865246,0.8089884,0.065020844,-0.013491340612502255,0.3697672779736161,216
MYC,HINT1,Activation,1.0,A,0.3311205673759182,0.9673191489358204,0.8089884,5.134703,3.9087723440535957,10.620308673321096,217
MYC,ICAM1,Activation,1.0,A,0.3311205673759182,0.0744397163120579,0.8089884,0.08595649,0.002705951741149802,0.5709210618968621,218
MYC,GTF2H2,Repression,-1.0,A,0.3311205673759182,0.0908368794326272,0.8089884,0.10206961,0.01517219784454103,0.7554716763534348,219
MYC,GSTP1,Activation,1.0,A,0.3311205673759182,0.4701843971631688,0.8089884,1.0052036,0.7139003512796092,5.025040563054638,220
MYC,GAPDH,Activation,1.0,A,0.3311205673759182,0.9711205673755332,0.8089884,12.669569,9.738276121849267,10.663093763869806,221
MYC,GALT,Activation,1.0,A,0.3311205673759182,0.0933900709219892,0.8089884,0.09934611,0.013065106153882358,0.784207931199614,222
MYC,FXN,Activation,1.0,A,0.3311205673759182,0.1190921985815668,0.8089884,0.14138988,0.04559313200699936,1.0734862299844856,223
GATA3,SEPTIN7,Activation,1.0,A,0.1499574468085208,0.4571914893617488,0.19773243,0.67203826,0.45614014583460466,4.878804955059637,224
ATF1,BCL2,Activation,1.0,A,0.1667517730496575,0.2306382978723602,0.19098194,0.28687465,0.15815041123754367,2.3289412750420033,225
CREB1,UXT,Activation,1.0,A,0.161588652482281,0.6973617021275417,0.18615851,1.3985631,1.0182310044434235,7.5819286609213865,226
CEBPB,GFER,Repression,-1.0,A,0.3420141843971961,0.1574468085106493,0.4965322,0.18161942,0.07671754157300653,1.5051686361181988,227
CEBPB,BCL2L1,Activation,1.0,A,0.3420141843971961,0.1603404255319263,0.4965322,0.21736424,0.10437225543608333,1.537736391610536,228
ETS2,ICAM1,Activation,1.0,A,0.0740425531914905,0.0744397163120579,0.0833466,0.08595649,0.002705951741149802,0.5709210618968621,229
CREB1,CD4,Activation,1.0,A,0.161588652482281,0.1014468085106427,0.18615851,0.12345944,0.031720878974558095,0.8748867798253357,230
YY1,CTCF,Activation,1.0,A,0.2540141843971856,0.1010496453900753,0.3112751,0.11040973,0.02162470291195287,0.8704166957381525,231
SREBF1,FDFT1,Activation,1.0,A,0.0503262411347516,0.221219858156047,0.05214155,0.3097984,0.17588584106817945,2.222936423831653,232
HIF1A,ALDOA,Activation,1.0,A,0.3612482269503899,0.894127659574181,0.61443985,4.522123,3.4348372502905384,9.796536034398097,233
MYC,PDHA1,Activation,1.0,A,0.3311205673759182,0.1260709219858229,0.8089884,0.14604263,0.04919282756922155,1.152031993230708,234
ETS1,JAK3,Activation,1.0,A,0.3447375886525156,0.2270070921986009,0.4792279,0.2708179,0.14572777694197414,2.2880719348163265,235
ETS2,JAK3,Activation,1.0,A,0.0740425531914905,0.2270070921986009,0.0833466,0.2708179,0.14572777694197414,2.2880719348163265,236
GATA3,CD8B,Activation,1.0,A,0.1499574468085208,0.2835744680851324,0.19773243,0.8223131,0.5724033610646618,2.9247396255194515,237
GATA3,CD8A,Activation,1.0,A,0.1499574468085208,0.2567943262411576,0.19773243,0.5473597,0.3596800181388866,2.6233282413550834,238
GATA3,ATP2B1,Activation,1.0,A,0.1499574468085208,0.0700141843971638,0.19773243,0.076141044,-0.004887969575798551,0.5211115534968186,239
GATA3,RHOH,Activation,1.0,A,0.1499574468085208,0.5383262411347706,0.19773243,0.8796548,0.6167669445411598,5.791979275726687,240
GATA3,CD40LG,Activation,1.0,A,0.1499574468085208,0.156595744680862,0.19773243,0.43932667,0.2760980464738679,1.4955898845028062,241
E2F4,RPA3,Activation,1.0,A,0.2363687943262616,0.2664397163120807,0.32750267,0.3428801,0.2014801774672479,2.7318874263295374,242
E2F4,RECQL,Activation,1.0,A,0.2363687943262616,0.0668368794326244,0.32750267,0.07029719,-0.00940918720194962,0.48535088079935096,243
E2F4,RBBP5,Activation,1.0,A,0.2363687943262616,0.0722836879432633,0.32750267,0.0767651,-0.004405155839023929,0.5466548911378661,244
E2F4,PCNA,Activation,1.0,A,0.2363687943262616,0.0830638297872362,0.32750267,0.10604122,0.01824491546140788,0.6679857449328448,245
E2F4,NASP,Activation,1.0,A,0.2363687943262616,0.1964255319149093,0.32750267,0.24880134,0.1286942132801831,1.943875460103202,246
E2F4,MFAP1,Activation,1.0,A,0.2363687943262616,0.0990070921985857,0.32750267,0.10694876,0.0189470524149384,0.8474276918612091,247
E2F4,DHPS,Activation,1.0,A,0.2363687943262616,0.2865815602837143,0.32750267,0.35383213,0.20995344033078542,2.9585845478938397,248
E2F4,UXT,Activation,1.0,A,0.2363687943262616,0.6973617021275417,0.32750267,1.3985631,1.0182310044434235,7.5819286609213865,249
E2F4,YBX3,Activation,1.0,A,0.2363687943262616,0.1924539007092351,0.32750267,0.3554708,0.21122123101950638,1.8991746192313679,250
E2F4,CDCA4,Activation,1.0,A,0.2363687943262616,0.1101276595744735,0.32750267,0.121700235,0.03035983390840602,0.9725900463023448,251
E2F4,ANAPC15,Activation,1.0,A,0.2363687943262616,0.1437730496453995,0.32750267,0.16346233,0.06266993611475735,1.3512700268308842,252
E2F4,CBX5,Activation,1.0,A,0.2363687943262616,0.1451347517730592,0.32750267,0.16618587,0.06477705875223727,1.3665960294155126,253
E2F4,PGRMC1,Activation,1.0,A,0.2363687943262616,0.0693900709219864,0.32750267,0.07659496,-0.004536788143135794,0.5140871356455302,254
E2F4,SMARCA5,Activation,1.0,A,0.2363687943262616,0.1590921985815715,0.32750267,0.18706623,0.080931577956923,1.5236875559079592,255
TBP,APP,Activation,1.0,A,0.0514609929078012,0.058496453900709,0.053276252,0.06388601,-0.014369328235662504,0.3914791149685044,256
USF2,SF1,Activation,1.0,A,0.2326808510638498,0.5175035460993275,0.29396865,0.82472926,0.5742726728543817,5.557619152870299,257
USF2,P4HA1,Activation,1.0,A,0.2326808510638498,0.1550070921985923,0.29396865,0.18462665,0.07904414680337167,1.4777095481540725,258
YY1,FDPS,Repression,-1.0,A,0.2540141843971856,0.2485673758865467,0.3112751,0.33516294,0.19550963819370892,2.530733642406284,259
TP53,MRPL27,Activation,1.0,A,0.1293049645390148,0.1811063829787373,0.14933354,0.22956568,0.1138121499975191,1.7714579310261271,260
TP53,HNRNPUL1,Activation,1.0,A,0.1293049645390148,0.2350070921986018,0.14933354,0.28454933,0.15635137967884255,2.3781122000010204,261
TP53,ASCC3,Activation,1.0,A,0.1293049645390148,0.0708085106382986,0.14933354,0.07772969,-0.003658880981710749,0.530051721671185,262
TP53,CCNK,Activation,1.0,A,0.1293049645390148,0.0756312056737602,0.14933354,0.07988559,-0.0019909246843393424,0.5843313141584127,263
SATB1,CD8B,Activation,1.0,A,0.5399716312056911,0.2835744680851324,1.4226522,0.8223131,0.5724033610646618,2.9247396255194515,264
RELA,MAT2A,Activation,1.0,A,0.1807092198581698,0.198127659574484,0.20494032,0.25776556,0.1356295661258729,1.9630329633339885,265
STAT1,TRIM25,Activation,1.0,A,0.6270638297871766,0.0530496453900707,1.4281144,0.056510262,-0.020075727105936886,0.33017510462999605,266
SP3,TPMT,Activation,1.0,A,0.1016737588652526,0.056964539007092,0.10893454,0.059800975,-0.01752979943248638,0.3742373620607992,267
SP3,TIMP1,Activation,1.0,A,0.1016737588652526,0.14104964539008,0.10893454,0.22542197,0.11060628368230002,1.320618021661626,268
RELA,IRF7,Activation,1.0,A,0.1807092198581698,0.3300425531915209,0.20494032,0.49369162,0.31815860619777975,3.447739463719913,269
CEBPB,FURIN,Activation,1.0,A,0.3420141843971961,0.151262411347528,0.4965322,0.26275584,0.1394903987023591,1.4355630410463427,270
CREB1,SLC20A1,Activation,1.0,A,0.161588652482281,0.0872624113475204,0.18615851,0.09423989,0.009114574216054163,0.7152409195687841,271
CREB1,POLD2,Activation,1.0,A,0.161588652482281,0.2010212765957609,0.18615851,0.30497485,0.17215400257929508,1.9956007188263245,272
CREB1,ODC1,Activation,1.0,A,0.161588652482281,0.2365957446808715,0.18615851,0.6074509,0.4061708087398443,2.3959925363497545,273
CREB1,CXCR4,Activation,1.0,A,0.161588652482281,0.5386666666666852,0.18615851,1.1732808,0.8439367278205216,5.79581077637284,274
CREB1,CCL5,Activation,1.0,A,0.161588652482281,0.3173333333333634,0.18615851,2.0234694,1.5017025932703936,3.3046967729300434,275
ATF1,LDHA,Activation,1.0,A,0.1667517730496575,0.8850496453897917,0.19098194,5.116992,3.8950698652824354,9.694362683834004,276
NFAT5,S100A4,Activation,1.0,A,0.0649078014184398,0.3668652482269863,0.070580915,1.0475209,0.7466399992330185,3.8621801169459196,277
ATF1,MAP1LC3B,Activation,1.0,A,0.1667517730496575,0.2944113475177578,0.19098194,0.39156386,0.2391453679082322,3.0467090627554567,278
ATF6,SRF,Activation,1.0,A,0.1092765957446862,0.0579858156028366,0.11943078,0.06399954,-0.014281493420299744,0.3857318639992687,279
ATF6,RTN3,Activation,1.0,A,0.1092765957446862,0.1194326241134817,0.11943078,0.130495,0.03716408441429758,1.0773177306306423,280
ATF6,DNAJC3,Activation,1.0,A,0.1092765957446862,0.1740141843971761,0.11943078,0.23166415,0.11543567439630616,1.691635000897851,281
ATF6,DDIT3,Activation,1.0,A,0.1092765957446862,0.0634893617021275,0.11943078,0.06887882,-0.010506538272733368,0.44767445777880444,282
ATF2,IMPDH2,Activation,1.0,A,0.0854468085106408,0.4254751773050074,0.090325005,0.70602167,0.482432108688009,4.521836811525988,283
ATF1,SLC20A1,Activation,1.0,A,0.1667517730496575,0.0872624113475204,0.19098194,0.09423989,0.009114574216054163,0.7152409195687841,284
MYC,FXR1,Activation,1.0,A,0.3311205673759182,0.2062978723404424,0.8089884,0.24080087,0.12250448540856054,2.0549889788417617,285
MYC,SLBP,Activation,1.0,A,0.3311205673759182,0.2384680851064037,0.8089884,0.3231339,0.1862031244317846,2.41706578990362,286
MYC,CSDE1,Repression,-1.0,A,0.3311205673759182,0.5441702127659712,0.8089884,0.8563956,0.5987719869309641,5.857753370152322,287
MYC,ZNF146,Activation,1.0,A,0.3311205673759182,0.1736737588652612,0.8089884,0.19869861,0.08993120756609652,1.687803500251694,288
MYC,UXT,Activation,1.0,A,0.3311205673759182,0.6973617021275417,0.8089884,1.3985631,1.0182310044434235,7.5819286609213865,289
MYC,TXN,Activation,1.0,A,0.3311205673759182,0.5211347517730832,0.8089884,1.9377085,1.4353519122447247,5.598488493095936,291
MYC,TOP1,Activation,1.0,A,0.3311205673759182,0.2551489361702354,0.8089884,0.37181628,0.22386724720743645,2.6048093215653227,292
MYC,UROD,Activation,1.0,A,0.3311205673759182,0.0815886524822715,0.8089884,0.0897577,0.005646835899566777,0.6513825754661636,293
MYC,YBX3,Activation,1.0,A,0.3311205673759182,0.1924539007092351,0.8089884,0.3554708,0.21122123101950638,1.8991746192313679,294
MYC,PSMG1,Activation,1.0,A,0.3311205673759182,0.0960000000000037,0.8089884,0.11528922,0.025399820530330717,0.8135827694868194,295
MYC,HNRNPDL,Activation,1.0,A,0.3311205673759182,0.6461276595743942,0.8089884,1.5381335,1.1262125098966662,7.005287813675288,296
MYC,THRAP3,Activation,1.0,A,0.3311205673759182,0.3480283687943599,0.8089884,0.46328524,0.2946340860431956,3.650170414525219,297
MYC,RBM8A,Activation,1.0,A,0.3311205673759182,0.5369645390071122,0.8089884,1.2970822,0.9397182226734352,5.776653273142073,298
MYC,TOMM20,Activation,1.0,A,0.3311205673759182,0.558411347517732,0.8089884,0.9164826,0.6452595281156923,6.018037813849742,299
MYC,AQR,Activation,1.0,A,0.3311205673759182,0.0679148936170217,0.8089884,0.072453186,-0.007741156632207252,0.497483966178849,300
MYC,HERPUD1,Activation,1.0,A,0.3311205673759182,0.3756595744681221,0.8089884,0.67968994,0.4620600251617863,3.961160550304981,301
MYC,CLINT1,Activation,1.0,A,0.3311205673759182,0.1046241134751821,0.8089884,0.1180692,0.027550609132569483,0.9106474525228034,302
MYC,RBM39,Activation,1.0,A,0.3311205673759182,0.5327092198581797,0.8089884,0.8822062,0.6187408875334662,5.728759515065154,303
MYC,CRIPT,Activation,1.0,A,0.3311205673759182,0.1299858156028447,0.8089884,0.14831227,0.05094878115276718,1.1960942506615169,304
MYC,COX7A2L,Activation,1.0,A,0.3311205673759182,0.5279432624113752,0.8089884,0.846121,0.5908228316951126,5.675118506019006,305
MYC,SYNGR2,Activation,1.0,A,0.3311205673759182,0.2207659574468271,0.8089884,0.30690518,0.17364744201503188,2.2178277563034436,306
MYC,DDX18,Activation,1.0,A,0.3311205673759182,0.4960000000000513,0.8089884,0.8572357,0.5994219475438969,5.3155960287215605,307
MYC,SQSTM1,Activation,1.0,A,0.3311205673759182,0.3210780141844276,0.8089884,0.4219214,0.26263210199409165,3.346843280037772,308
MYC,HDAC3,Activation,1.0,A,0.3311205673759182,0.1702127659574594,0.8089884,0.19898206,0.09015050447805435,1.648849910349096,309
MYC,TGFB1,Activation,1.0,A,0.3311205673759182,0.3980141843972027,0.8089884,0.68116647,0.46320237291064187,4.212762426069305,310
MYC,VAMP2,Activation,1.0,A,0.3311205673759182,0.593872340425503,0.8089884,0.9555247,0.6754652503465954,6.417152464490729,311
MYC,RFC2,Activation,1.0,A,0.3311205673759182,0.0657021276595746,0.8089884,0.07148864,-0.008487397448017074,0.47257921197882674,312
MYC,RBBP4,Activation,1.0,A,0.3311205673759182,0.2529361702127883,0.8089884,0.31036708,0.17632581202564002,2.579904567365301,313
MYC,QDPR,Activation,1.0,A,0.3311205673759182,0.0859007092198607,0.8089884,0.095658295,0.010211952365306486,0.6999149169841556,314
MYC,PTGER2,Activation,1.0,A,0.3311205673759182,0.2920851063830058,0.8089884,0.44733542,0.2822941803374855,3.0205271416733823,315
MYC,PSMB1,Activation,1.0,A,0.3311205673759182,0.5301560283688201,0.8089884,1.0173527,0.7232997519254624,5.7000232602190035,316
MYC,PRKDC,Activation,1.0,A,0.3311205673759182,0.1230070921985885,0.8089884,0.14331917,0.04708576682538411,1.1175484874152932,317
MYC,PPP1R7,Activation,1.0,A,0.3311205673759182,0.1626666666666783,0.8089884,0.18672623,0.0806685299764479,1.56391831269261,318
MYC,PPID,Activation,1.0,A,0.3311205673759182,0.1537021276595851,0.8089884,0.18082488,0.07610282938945744,1.4630221290104704,319
MYC,PPAT,Activation,1.0,A,0.3311205673759182,0.0523687943262409,0.8089884,0.05741807,-0.01937338280870411,0.3225121033376824,320
MYC,POLD2,Activation,1.0,A,0.3311205673759182,0.2010212765957609,0.8089884,0.30497485,0.17215400257929508,1.9956007188263245,321
MYC,PIK3C3,Activation,1.0,A,0.3311205673759182,0.0545815602836877,0.8089884,0.057077613,-0.019636784356611793,0.3474168575377013,322
MYC,PIGF,Activation,1.0,A,0.3311205673759182,0.0752907801418452,0.8089884,0.080509715,-0.0015080575642981019,0.5804998135122548,323
MYC,SLC25A3,Activation,1.0,A,0.3311205673759182,0.6780141843970618,0.8089884,1.4880959,1.0874998933442512,7.364171707531664,324
MYC,PQBP1,Activation,1.0,A,0.3311205673759182,0.2529361702127883,0.8089884,0.31246725,0.17795065166432938,2.579904567365301,325
MYC,RPL19,Activation,1.0,A,0.3311205673759182,0.9999432624109696,0.8089884,30.760468,23.73467155399364,10.987494151910804,327
MYC,SURF6,Activation,1.0,A,0.3311205673759182,0.1197163120567441,0.8089884,0.13707732,0.042256631422653144,1.0805106478357729,328
MYC,STAT6,Activation,1.0,A,0.3311205673759182,0.1723120567376015,0.8089884,0.2058475,0.0954620930870926,1.6724774976670653,329
MYC,SNRPB2,Activation,1.0,A,0.3311205673759182,0.4697304964539489,0.8089884,0.872493,0.6112260709336109,5.019931895526428,330
MYC,SNRPB,Activation,1.0,A,0.3311205673759182,0.5128510638298279,0.8089884,1.2663813,0.9159658410741172,5.505255310706202,331
MYC,SLA,Activation,1.0,A,0.3311205673759182,0.2529929078014408,0.8089884,0.39729053,0.24357592372690093,2.580543150806327,332
MYC,RPS19,Activation,1.0,A,0.3311205673759182,0.999999999999622,0.8089884,39.630054,30.59680886267088,10.988132735351828,333
MYC,RPS16,Activation,1.0,A,0.3311205673759182,0.9998297872336648,0.8089884,23.977503,18.486891421983884,10.986216985028753,334
MYC,RPS15,Activation,1.0,A,0.3311205673759182,0.9998865248223172,0.8089884,23.764555,18.322139829789144,10.986855568469778,335
MYC,RPL27,Activation,1.0,A,0.3311205673759182,0.9993758865244452,0.8089884,16.245918,12.505191951037972,10.981108317500547,338
MYC,RPL26,Activation,1.0,A,0.3311205673759182,0.9998297872336648,0.8089884,26.650196,20.554675233983733,10.986216985028753,339
MYC,RPL22,Activation,1.0,A,0.3311205673759182,0.995687943262037,0.8089884,11.198536,8.60018123990152,10.939600393833885,340
MYC,TCIRG1,Activation,1.0,A,0.3311205673759182,0.0631489361702126,0.8089884,0.06615542,-0.012613552596338945,0.44384295713264754,342
NFKB1,IRF7,Activation,1.0,A,0.1794042553191626,0.3300425531915209,0.2344443,0.49369162,0.31815860619777975,3.447739463719913,343
NFKB1,CD74,Activation,1.0,A,0.1794042553191626,0.6436879432623396,0.2344443,1.5480043,1.1338492569721772,6.977828725711189,344
NFKB1,CD40LG,Activation,1.0,A,0.1794042553191626,0.156595744680862,0.2344443,0.43932667,0.2760980464738679,1.4955898845028062,345
NFKB1,BCL2A1,Activation,1.0,A,0.1794042553191626,0.1540992907801525,0.2344443,0.23518056,0.1181562171875487,1.4674922130976535,346
NFKB1,ALOX5AP,Activation,1.0,A,0.1794042553191626,0.259971631205697,0.2344443,0.4264517,0.2661370615998162,2.6590889140525507,347
RELA,CD74,Activation,1.0,A,0.1807092198581698,0.6436879432623396,0.20494032,1.5480043,1.1338492569721772,6.977828725711189,348
RELA,BCL2A1,Activation,1.0,A,0.1807092198581698,0.1540992907801525,0.20494032,0.23518056,0.1181562171875487,1.4674922130976535,349
REL,CD40LG,Activation,1.0,A,0.1535886524822801,0.156595744680862,0.19568972,0.43932667,0.2760980464738679,1.4955898845028062,350
MYC,NXT1,Activation,1.0,A,0.3311205673759182,0.2781843971631459,0.8089884,0.38520843,0.23422835900661193,2.8640741986219616,351
MYC,DMAC2L,Activation,1.0,A,0.3311205673759182,0.091971631205677,0.8089884,0.10065109,0.014074730723177655,0.7682433451739592,352
MYC,GNL3,Activation,1.0,A,0.3311205673759182,0.2759716312056989,0.8089884,0.43162018,0.2701357622648926,2.83916944442194,353
MYC,ZNF451,Activation,1.0,A,0.3311205673759182,0.0758581560283701,0.8089884,0.08056644,-0.001464171103437948,0.5868856479225169,354
MYC,CBX5,Activation,1.0,A,0.3311205673759182,0.1451347517730592,0.8089884,0.16618587,0.06477705875223727,1.3665960294155126,355
MYC,EXOSC8,Activation,1.0,A,0.3311205673759182,0.16680851063831,0.8089884,0.20011681,0.09102842711289004,1.610534903887523,356
MYC,CBX3,Activation,1.0,A,0.3311205673759182,0.4817588652482765,0.8089884,0.8605237,0.6019657762491972,5.155311585023983,357
MYC,ATF7,Activation,1.0,A,0.3311205673759182,0.0545248226950352,0.8089884,0.0573613,-0.019417304084738143,0.34677827409667494,358
MYC,CCT5,Activation,1.0,A,0.3311205673759182,0.2671773049645631,0.8089884,0.43224305,0.27061765842841773,2.740189011062879,359
MYC,PAICS,Activation,1.0,A,0.3311205673759182,0.2438581560283901,0.8089884,0.34446764,0.20270841038172863,2.4777312168011085,360
MYC,SEC23B,Activation,1.0,A,0.3311205673759182,0.0922553191489395,0.8089884,0.102693625,0.015654979860823884,0.7714362623790908,361
MYC,PFDN6,Activation,1.0,A,0.3311205673759182,0.2089078014184569,0.8089884,0.2853428,0.1569652640349237,2.0843638171289673,362
MYC,AKR1A1,Activation,1.0,A,0.3311205673759182,0.2759148936170464,0.8089884,0.38430023,0.2335257114305311,2.838530860980914,363
MYC,ALG5,Activation,1.0,A,0.3311205673759182,0.1604539007092313,0.8089884,0.19676882,0.08843818591244637,1.5390135584925886,364
MYC,CXXC1,Activation,1.0,A,0.3311205673759182,0.1259007092198655,0.8089884,0.13594237,0.041378554053711325,1.1501162429076301,365
MYC,SFMBT1,Activation,1.0,A,0.3311205673759182,0.0608794326241132,0.8089884,0.063545525,-0.014632751446345042,0.4182996194916012,366
MYC,WDR36,Activation,1.0,A,0.3311205673759182,0.0619007092198579,0.8089884,0.06694975,-0.011999002883601331,0.4297941214300718,367
MYC,DPY30,Activation,1.0,A,0.3311205673759182,0.2632624113475413,0.8089884,0.33453992,0.19502762597960419,2.69612675363207,368
MYC,ARFGAP2,Activation,1.0,A,0.3311205673759182,0.1910354609929228,0.8089884,0.21407592,0.10182817915621309,1.883210033205712,369
MYC,BCL2L12,Activation,1.0,A,0.3311205673759182,0.0823829787234064,0.8089884,0.09270803,0.007929419276728881,0.6603227436405311,370
MYC,GOLPH3,Activation,1.0,A,0.3311205673759182,0.1122269503546156,0.8089884,0.12249455,0.030974372016085668,0.9962176336203145,371
MYC,CMAS,Activation,1.0,A,0.3311205673759182,0.1095602836879486,0.8089884,0.119884714,0.028955218812640897,0.9662042118920826,372
MYC,NAT10,Activation,1.0,A,0.3311205673759182,0.0592907801418437,0.8089884,0.06331863,-0.014808293421432984,0.4004192831428697,373
MYC,NOL7,Activation,1.0,A,0.3311205673759182,0.3969929078014579,0.8089884,0.6476352,0.4372602174510376,4.201267924130834,374
ELK1,CDKN1B,Activation,1.0,A,0.1042836879432671,0.2375035460993113,0.1169344,0.28443575,0.15626350617995324,2.4062098714061735,375
ELK1,IER2,Activation,1.0,A,0.1042836879432671,0.363347517730532,0.1169344,0.54629374,0.3588553162998653,3.822587943602295,376
ELK1,JUNB,Activation,1.0,A,0.1042836879432671,0.6811914893615981,0.1169344,1.8379467,1.3581691474842503,7.399932380229097,377
ELK1,LY96,Activation,1.0,A,0.1042836879432671,0.1354326241134836,0.1169344,0.17237028,0.06956175451967855,1.257398261000032,378
ELK1,MDM4,Activation,1.0,A,0.1042836879432671,0.2310921985815801,0.1169344,0.29544416,0.16478038858801783,2.334049942570213,379
ELK1,SLU7,Activation,1.0,A,0.1042836879432671,0.1390638297872429,0.1169344,0.15290835,0.05450463280600841,1.298267601225709,380
E2F4,ZNF267,Activation,1.0,A,0.2363687943262616,0.2237163120567565,0.32750267,0.26900187,0.14432276804790883,2.2510340952368058,381
E2F4,YWHAH,Activation,1.0,A,0.2363687943262616,0.2310921985815801,0.32750267,0.3198415,0.18365589157614864,2.334049942570213,382
E2F4,VHL,Activation,1.0,A,0.2363687943262616,0.0857304964539032,0.32750267,0.09015483,0.0059540836774670146,0.6979991666610765,383
E2F4,SAYSD1,Activation,1.0,A,0.2363687943262616,0.0987801418439757,0.32750267,0.11086366,0.021975895176003065,0.8448733580971038,384
E2F4,RPS15,Activation,1.0,A,0.2363687943262616,0.9998865248223172,0.32750267,23.764555,18.322139829789144,10.986855568469778,387
E2F4,RFC2,Activation,1.0,A,0.2363687943262616,0.0657021276595746,0.32750267,0.07148864,-0.008487397448017074,0.47257921197882674,389
E2F4,REL,Activation,1.0,A,0.2363687943262616,0.1535886524822801,0.32750267,0.19568972,0.08760331804265024,1.4617449621284175,390
E2F4,RABIF,Activation,1.0,A,0.2363687943262616,0.1201134751773116,0.32750267,0.13696384,0.04216883529081692,1.084980731922957,391
E2F4,PPIA,Activation,1.0,A,0.2363687943262616,0.8657588652479643,0.32750267,3.8542335,2.918110826303694,9.477244313885308,392
E2F4,POLR2D,Activation,1.0,A,0.2363687943262616,0.0557163120567374,0.32750267,0.060425095,-0.017046936180797785,0.36018852635822457,393
E2F4,POLD2,Activation,1.0,A,0.2363687943262616,0.2010212765957609,0.32750267,0.30497485,0.17215400257929508,1.9956007188263245,394
E2F4,PLSCR1,Activation,1.0,A,0.2363687943262616,0.1570496453900819,0.32750267,0.21010232,0.09875392193498991,1.5006985520310159,395
E2F4,PIM2,Activation,1.0,A,0.2363687943262616,0.5922269503545824,0.32750267,1.380105,1.0039505164186955,6.398633544700988,396
E2F4,PRKCSH,Activation,1.0,A,0.2363687943262616,0.2048226950354777,0.32750267,0.23575136,0.11859782832653454,2.0383858093750806,397
E2F4,SKP1,Activation,1.0,A,0.2363687943262616,0.7796879432622227,0.32750267,1.8657074,1.3796467829888834,8.508513233849502,398
E2F4,VCP,Activation,1.0,A,0.2363687943262616,0.2472624113475394,0.32750267,0.36404306,0.21785333596394027,2.5160462232626806,399
E2F4,UMPS,Activation,1.0,A,0.2363687943262616,0.0747234042553204,0.32750267,0.08062313,-0.00142031172104638,0.5741139791019937,400
E2F4,TSNAX,Activation,1.0,A,0.2363687943262616,0.1075744680851115,0.32750267,0.11738829,0.027023809131436247,0.9438537914561655,401
E2F4,TMPO,Activation,1.0,A,0.2363687943262616,0.1466099290780239,0.32750267,0.1694768,0.06732315431219296,1.3831991988821937,402
E2F4,TFRC,Activation,1.0,A,0.2363687943262616,0.1278865248227026,0.32750267,0.17934926,0.07496118568078487,1.1724666633435472,403
E2F4,TFAM,Activation,1.0,A,0.2363687943262616,0.1471773049645488,0.32750267,0.18689553,0.0807995123973139,1.389585033292456,404
E2F4,SRSF8,Activation,1.0,A,0.2363687943262616,0.3078014184397452,0.32750267,0.38350847,0.23291315005105764,3.19741475483764,405
E2F4,SRRM2,Activation,1.0,A,0.2363687943262616,0.4582127659574936,0.32750267,0.73070574,0.5015294462274388,4.890299456998108,406
E2F4,SRPRA,Activation,1.0,A,0.2363687943262616,0.1765106382978856,0.32750267,0.20987645,0.09857917297219604,1.7197326723030035,407
E2F4,SMARCA4,Activation,1.0,A,0.2363687943262616,0.1353758865248311,0.32750267,0.16510792,0.06394308060355156,1.2567596775590055,408
E2F4,VPS4A,Activation,1.0,A,0.2363687943262616,0.1863262411347662,0.32750267,0.22775029,0.11240763625259353,1.830207607600537,409
ETS1,DAD1,Activation,1.0,A,0.3447375886525156,0.4918014184397671,0.4792279,0.7631634,0.526640981268461,5.268340854085622,410
ETS1,COPS2,Activation,1.0,A,0.3447375886525156,0.1312340425531994,0.4792279,0.14541847,0.048709933370711715,1.2101430863640927,411
ETS1,CDKN1B,Activation,1.0,A,0.3447375886525156,0.2375035460993113,0.4792279,0.28443575,0.15626350617995324,2.4062098714061735,412
ETS1,CDK4,Activation,1.0,A,0.3447375886525156,0.2224113475177493,0.4792279,0.3623392,0.21653510969331582,2.236346676093204,413
ETS1,CDC37,Activation,1.0,A,0.3447375886525156,0.4289361702128093,0.4792279,0.74012196,0.5088144981530542,4.560790401428587,414
ETS1,CD53,Activation,1.0,A,0.3447375886525156,0.4651914893617497,0.4792279,0.72015357,0.49336554326235055,4.968845220244331,415
ETS1,CD5,Activation,1.0,A,0.3447375886525156,0.1455886524822791,0.4792279,0.16879563,0.0667961531567217,1.371704696943722,416
ETS1,BIRC2,Activation,1.0,A,0.3447375886525156,0.1164822695035523,0.4792279,0.12998433,0.03676899408432929,1.04411139169728,417
ETS1,BID,Activation,1.0,A,0.3447375886525156,0.1637446808510756,0.4792279,0.1944992,0.08668224780231136,1.5760513980721078,418
ETS1,B3GAT3,Activation,1.0,A,0.3447375886525156,0.1868936170212911,0.4792279,0.21719663,0.10424258051841442,1.836593442010799,419
ETS1,ATP5F1B,Activation,1.0,A,0.3447375886525156,0.4834042553191987,0.4792279,0.9558413,0.6757101944366496,5.1738305048137425,420
ETS1,ASAP1,Activation,1.0,A,0.3447375886525156,0.0713758865248235,0.4792279,0.07829705,-0.0032199312693508785,0.5364375560814472,421
ETS1,SURF1,Activation,1.0,A,0.3447375886525156,0.1704964539007218,0.4792279,0.1905851,0.08365402397767134,1.6520428275542263,423
ETS1,SMAD4,Activation,1.0,A,0.3447375886525156,0.0519716312056735,0.4792279,0.0537869,-0.0221827120300623,0.3180420192504993,424
ETS1,POR,Activation,1.0,A,0.3447375886525156,0.0608794326241132,0.4792279,0.063942716,-0.014325456474542439,0.4182996194916012,425
ETS1,OAS2,Activation,1.0,A,0.3447375886525156,0.172368794326254,0.4792279,0.21254274,0.10064200297178713,1.6731160811080916,426
ETS1,NFKB1,Activation,1.0,A,0.3447375886525156,0.1794042553191626,0.4792279,0.2344443,0.11758659452253514,1.7523004277953407,427
ETS1,ITGA4,Activation,1.0,A,0.3447375886525156,0.0726241134751783,0.4792279,0.07914808,-0.0025615144375163925,0.5504863917840241,428
ETS1,IER5,Activation,1.0,A,0.3447375886525156,0.1397446808510728,0.4792279,0.1688525,0.0668401517998088,1.305930602518024,429
HIF1A,ETS1,Activation,1.0,A,0.3612482269503899,0.3447375886525156,0.61443985,0.4792279,0.3069684522679051,3.6131325749456997,430
E2F4,PDXK,Activation,1.0,A,0.2363687943262616,0.1335602836879515,0.32750267,0.16391645,0.0630212753762084,1.2363250074461676,431
E2F4,GNAS,Activation,1.0,A,0.2363687943262616,0.3694751773050008,0.32750267,0.5338119,0.3491984845215907,3.8915549552331252,432
E2F4,EIF4H,Activation,1.0,A,0.2363687943262616,0.3768510638298243,0.32750267,0.5778992,0.38330752931453205,3.974570802566531,433
E2F4,EIF2B2,Activation,1.0,A,0.2363687943262616,0.0694468085106389,0.32750267,0.07523322,-0.00559032625175982,0.5147257190865565,434
E2F4,GNPTG,Activation,1.0,A,0.2363687943262616,0.0629219858156026,0.32750267,0.06621217,-0.012569646793715531,0.44128862336854224,435
E2F4,DERL2,Activation,1.0,A,0.2363687943262616,0.1691347517730621,0.32750267,0.20800377,0.09713033564256042,1.6367168249695976,436
E2F4,DBF4,Activation,1.0,A,0.2363687943262616,0.0780709219858172,0.32750267,0.087034404,0.0035399020376963948,0.6117904021225391,437
E2F4,CUTC,Activation,1.0,A,0.2363687943262616,0.1013333333333377,0.32750267,0.10961541,0.02101016093592056,0.8736096129432831,438
E2F4,CSE1L,Activation,1.0,A,0.2363687943262616,0.0761985815602851,0.32750267,0.081984855,-0.0003667852174803209,0.5907171485686749,439
E2F4,DUT,Activation,1.0,A,0.2363687943262616,0.3152907801418738,0.32750267,0.43831798,0.275317652746146,3.2817077690531,440
E2F4,GPANK1,Activation,1.0,A,0.2363687943262616,0.1164255319148998,0.32750267,0.12873602,0.03580321342401494,1.0434728082562537,441
E2F4,OGFR,Activation,1.0,A,0.2363687943262616,0.2296170212766154,0.32750267,0.27223575,0.14682472570408187,2.3174467731035318,442
E2F4,NXT1,Activation,1.0,A,0.2363687943262616,0.2781843971631459,0.32750267,0.38520843,0.23422835900661193,2.8640741986219616,443
E2F4,NFKB2,Activation,1.0,A,0.2363687943262616,0.3430354609929409,0.32750267,0.4860933,0.3122800099301221,3.593975071714914,444
E2F4,NCL,Activation,1.0,A,0.2363687943262616,0.526468085106412,0.32750267,1.3699344,0.9960818229180481,5.658515336552341,445
E2F4,MBP,Activation,1.0,A,0.2363687943262616,0.1951773049645545,0.32750267,0.23694213,0.11951909198450614,1.9298266244006248,446
E2F4,MAPRE1,Activation,1.0,A,0.2363687943262616,0.2390354609929285,0.32750267,0.3090611,0.17531541378581386,2.4234516243138806,447
E2F4,LUC7L,Repression,-1.0,A,0.2363687943262616,0.0980425531914933,0.32750267,0.11023952,0.021493016450903846,0.8365717733637628,448
E2F4,LGALS1,Activation,1.0,A,0.2363687943262616,0.1731631205673888,0.32750267,0.44641954,0.28158559097172803,1.6820562492824582,449
E2F4,KLF10,Activation,1.0,A,0.2363687943262616,0.0508936170212764,0.32750267,0.056850698,-0.019812341805110347,0.3059089338710035,450
E2F4,ITGB3BP,Activation,1.0,A,0.2363687943262616,0.0725673758865258,0.32750267,0.080226064,-0.0017275099840326396,0.5498478083429977,451
E2F4,IKBKG,Repression,-1.0,A,0.2363687943262616,0.0716595744680859,0.32750267,0.07665164,-0.004492936497449541,0.5396304732865775,452
E2F4,IFNAR2,Activation,1.0,A,0.2363687943262616,0.1014468085106427,0.32750267,0.10876433,0.020351705420559533,0.8748867798253357,453
E2F4,HNRNPD,Activation,1.0,A,0.2363687943262616,0.3469503546099626,0.32750267,0.5059522,0.3276442556344075,3.638037329145721,454
E2F4,CDC37L1,Activation,1.0,A,0.2363687943262616,0.099744680851068,0.32750267,0.106948756,0.018947049320256277,0.8557292765945492,455
E2F4,CALR,Activation,1.0,A,0.2363687943262616,0.531177304964564,0.32750267,1.4974266,1.0947187809660721,5.711517762157464,456
E2F4,APRT,Activation,1.0,A,0.2363687943262616,0.7080851063828516,0.32750267,1.9705402,1.4607528310110909,7.702620931275221,457
E2F4,ANTKMT,Activation,1.0,A,0.2363687943262616,0.1005957446808553,0.32750267,0.1321412,0.03843770084211556,0.8653080282099419,458
STAT1,ZNF331,Activation,1.0,A,0.6270638297871766,0.0771631205673774,1.4281144,0.0834033,0.0007306238785932398,0.6015730670661201,459
STAT1,ZNF267,Activation,1.0,A,0.6270638297871766,0.2237163120567565,1.4281144,0.26900187,0.14432276804790883,2.2510340952368058,460
STAT1,ZNF226,Activation,1.0,A,0.6270638297871766,0.0502695035460991,1.4281144,0.051857863,-0.023675151109802756,0.2988845160197161,461
STAT1,ZNF33B,Activation,1.0,A,0.6270638297871766,0.0604255319148934,1.4281144,0.06394274,-0.014325437906449698,0.41319095196339284,462
STAT1,ZNF140,Activation,1.0,A,0.6270638297871766,0.0544113475177303,1.4281144,0.056396767,-0.020163534842831066,0.34550110721462346,463
STAT1,PARP14,Activation,1.0,A,0.6270638297871766,0.1936453900709373,1.4281144,0.23575048,0.11859714749646745,1.9125848714929177,464
STAT1,OASL,Activation,1.0,A,0.6270638297871766,0.1021276595744725,1.4281144,0.13180044,0.03817406487203705,0.8825497811176495,465
STAT1,OAS3,Activation,1.0,A,0.6270638297871766,0.1424680851063922,1.4281144,0.18939261,0.08273142960638674,1.3365826076872809,466
STAT1,OAS2,Activation,1.0,A,0.6270638297871766,0.172368794326254,1.4281144,0.21254274,0.10064200297178713,1.6731160811080916,467
STAT1,NAA35,Repression,-1.0,A,0.6270638297871766,0.0573617021276593,1.4281144,0.060254857,-0.017178644304621665,0.37870744614798124,468
STAT1,MYC,Activation,1.0,A,0.6270638297871766,0.3311205673759182,1.4281144,0.8089884,0.5620944333427895,3.4598725490994107,469
STAT1,MAT2A,Activation,1.0,A,0.6270638297871766,0.198127659574484,1.4281144,0.25776556,0.1356295661258729,1.9630329633339885,470
STAT1,JUNB,Activation,1.0,A,0.6270638297871766,0.6811914893615981,1.4281144,1.8379467,1.3581691474842503,7.399932380229097,471
STAT1,IL12RB1,Activation,1.0,A,0.6270638297871766,0.0845957446808534,1.4281144,0.09520442,0.009860802653135487,0.6852274978405524,472
STAT1,IFITM3,Activation,1.0,A,0.6270638297871766,0.5079148936170662,1.4281144,0.8968416,0.6300638652200702,5.449698551336977,473
STAT1,HLA-DRB1,Activation,1.0,A,0.6270638297871766,0.0858439716312082,1.4281144,0.12936082,0.03628660277166447,0.6992763335431292,474
STAT1,PTTG1IP,Activation,1.0,A,0.6270638297871766,0.0982695035461033,1.4281144,0.1057006,0.017981387805203676,0.8391261071278681,475
STAT1,ZNF12,Activation,1.0,A,0.6270638297871766,0.063659574468085,1.4281144,0.06785753,-0.011296680249143421,0.4495902081018834,476
STAT1,RPS24,Repression,-1.0,A,0.6270638297871766,0.9984680851060064,1.4281144,14.749907,11.347772326571674,10.97089098244414,477
STAT1,RNF213,Activation,1.0,A,0.6270638297871766,0.5693049645389993,1.4281144,1.2765473,0.9238309756903228,6.140645834526653,478
STAT1,REV3L,Activation,1.0,A,0.6270638297871766,0.0589503546099288,1.4281144,0.061389573,-0.01630074797458405,0.3965877824967128,479
STAT1,HCFC1,Repression,-1.0,A,0.6270638297871766,0.0735886524822706,1.4281144,0.0796587,-0.0021664627910746317,0.5613423102814694,480
STAT1,ZNF680,Activation,1.0,A,0.6270638297871766,0.0584397163120565,1.4281144,0.06087895,-0.016695801942037403,0.39084053152747816,481
YY1,MKLN1,Repression,-1.0,A,0.2540141843971856,0.0583262411347515,0.3112751,0.061049163,-0.01656411315997679,0.38956336464542546,482
YY1,MICU2,Repression,-1.0,A,0.2540141843971856,0.1139858156028428,0.3112751,0.123232074,0.031544972600650145,1.016013720292127,483
YY1,KAT6A,Repression,-1.0,A,0.2540141843971856,0.1297588652482347,0.3112751,0.14269474,0.046602663735830954,1.1935399168974117,484
YY1,IRAK1,Repression,-1.0,A,0.2540141843971856,0.0889078014184426,0.3112751,0.105814196,0.018069273682821463,0.7337598393585442,485
YY1,HNRNPL,Repression,-1.0,A,0.2540141843971856,0.2312056737588851,0.3112751,0.27217963,0.14678130731389286,2.3353271094522654,486
YY1,DNAJA3,Repression,-1.0,A,0.2540141843971856,0.1364539007092284,0.3112751,0.15665352,0.05740216046787884,1.2688927629385034,487
YY1,ATP13A1,Repression,-1.0,A,0.2540141843971856,0.0634893617021275,0.3112751,0.06768734,-0.011428351236781827,0.44767445777880444,488
YY1,MRPS10,Repression,-1.0,A,0.2540141843971856,0.1770212765957581,0.3112751,0.21447311,0.10213547335434515,1.7254799232722404,489
TP53,UBE2L3,Activation,1.0,A,0.1293049645390148,0.4238297872340852,0.14933354,0.777057,0.5373900501553107,4.503317891736228,490
TP53,TSC2,Activation,1.0,A,0.1293049645390148,0.0813617021276616,0.14933354,0.08578613,0.002574149229521163,0.6488282417020594,491
TP53,TAP1,Activation,1.0,A,0.1293049645390148,0.623319148936116,0.14933354,1.6337918,1.2002205176339653,6.748577270383005,492
YY1,MRPS18B,Repression,-1.0,A,0.2540141843971856,0.2544680851064055,0.3112751,0.30849513,0.17487753947549187,2.5971463202730085,493
YY1,PBDC1,Repression,-1.0,A,0.2540141843971856,0.1375319148936257,0.3112751,0.16039868,0.06029968039304396,1.2810258483180017,494
YY1,PPP2R1A,Repression,-1.0,A,0.2540141843971856,0.2258723404255511,0.3112751,0.27774027,0.15108341061433136,2.275300265995802,495
TP53,RB1,Repression,-1.0,A,0.1293049645390148,0.1020141843971676,0.14933354,0.109275,0.020746795750527826,0.8812726142355979,496
SMAD4,JUN,Activation,1.0,A,0.0519716312056735,0.0602553191489359,0.0537869,0.07529028,-0.005546180611271853,0.4112752016403139,497
SMAD3,JUN,Activation,1.0,A,0.0575886524822693,0.0602553191489359,0.06116265,0.07529028,-0.005546180611271853,0.4112752016403139,498
YY1,TTC17,Repression,-1.0,A,0.2540141843971856,0.1276028368794401,0.3112751,0.14138968,0.045592977272893194,1.1692737461384155,499
YY1,SRP68,Repression,-1.0,A,0.2540141843971856,0.1455319148936266,0.3112751,0.16629939,0.06486488583089471,1.3710661135026958,500
YY1,SNX27,Repression,-1.0,A,0.2540141843971856,0.0751773049645403,0.3112751,0.08045297,-0.0015519594985688636,0.5792226466302032,501
YY1,RPRD2,Repression,-1.0,A,0.2540141843971856,0.1050212765957495,0.3112751,0.11211179,0.022941536575621865,0.9151175366099865,502
YY1,PSMD8,Repression,-1.0,A,0.2540141843971856,0.4167943262411766,0.3112751,0.7430158,0.511053376881931,4.42413354504898,503
TP53,RPS27L,Activation,1.0,A,0.1293049645390148,0.4904397163121073,0.14933354,0.77871114,0.5386698095271434,5.253014851500992,504
TP53,RHOA,Activation,1.0,A,0.1293049645390148,0.5723687943262307,0.14933354,1.103601,0.7900275199678477,6.175129340342035,505
STAT2,OAS2,Activation,1.0,A,0.1201134751773116,0.172368794326254,0.13775803,0.21254274,0.10064200297178713,1.6731160811080916,506
STAT2,MX1,Activation,1.0,A,0.1201134751773116,0.3056453900709506,0.13775803,0.5569518,0.3671011432374609,3.1731485840786444,507
STAT2,BST2,Activation,1.0,A,0.1201134751773116,0.4164539007092617,0.13775803,0.70250124,0.4797084557412326,4.420302044402822,508
STAT1,ZNF84,Activation,1.0,A,0.6270638297871766,0.0703546099290787,1.4281144,0.07387157,-0.006643794730036077,0.5249430541429755,509
STAT1,ZNF721,Activation,1.0,A,0.6270638297871766,0.0964539007092236,1.4281144,0.10405526,0.016708436734042174,0.818691437015029,510
STAT3,RORA,Activation,1.0,A,0.4604822695035931,0.3307234042553508,0.69830936,0.5230283,0.3408555309855573,3.4554024650122273,511
STAT5B,CCND3,Activation,1.0,A,0.1249361702127731,0.3673758865248587,0.13957381,0.70402706,0.4808889377105518,3.8679273679151556,512
TP53,RABGGTA,Activation,1.0,A,0.1293049645390148,0.0628652482269502,0.14933354,0.06666602,-0.012218516423307802,0.44065003992751695,513
TP53,NINJ1,Activation,1.0,A,0.1293049645390148,0.2284255319149131,0.14933354,0.36574227,0.21916796466659647,2.304036520841981,514
TP53,BTG1,Activation,1.0,A,0.1293049645390148,0.9097872340422528,0.14933354,4.556643,3.46154435701407,9.972785064121158,515
STAT5B,PIM1,Activation,1.0,A,0.1249361702127731,0.6251347517729938,0.13957381,1.2560742,0.9079915415460145,6.769011940495824,516
HIF1A,RNF7,Activation,1.0,A,0.3612482269503899,0.3440567375886857,0.61443985,0.47162634,0.3010873493077276,3.6054695736533855,517
HIF1A,PPIA,Activation,1.0,A,0.3612482269503899,0.8657588652479643,0.61443985,3.8542335,2.918110826303694,9.477244313885308,518
HIF1A,PFKP,Activation,1.0,A,0.3612482269503899,0.1853049645390214,0.61443985,0.22621883,0.11122279078148059,1.8187131056620653,519
HIF1A,ITGB1,Activation,1.0,A,0.3612482269503899,0.2645673758865486,0.61443985,0.4071064,0.2511701730801543,2.7108141727756734,520
HIF1A,ILK,Activation,1.0,A,0.3612482269503899,0.1766241134751906,0.61443985,0.2077205,0.09691117799129813,1.7210098391850563,521
JUN,IER5,Activation,1.0,A,0.0602553191489359,0.1397446808510728,0.07529028,0.1688525,0.0668401517998088,1.305930602518024,522
HIF1A,HK1,Activation,1.0,A,0.3612482269503899,0.1603404255319263,0.61443985,0.19778964,0.08922796426370694,1.537736391610536,523
FOXO3,DUSP5,Activation,1.0,A,0.0660425531914895,0.239092198581581,0.071148284,0.3810625,0.23102077514281447,2.424090207754907,524
FOXO1,SCP2,Activation,1.0,A,0.071546099290781,0.2313758865248425,0.07511976,0.2745629,0.14862517307985434,2.3372428597753436,525
FOXO1,EIF4EBP1,Activation,1.0,A,0.071546099290781,0.0811914893617041,0.07511976,0.122552015,0.03101883099313862,0.6469124913789805,526
HIF1A,GFPT1,Activation,1.0,A,0.3612482269503899,0.0724539007092208,0.61443985,0.07909133,-0.0026054202401398063,0.548570641460945,527
HIF1A,ADAM17,Activation,1.0,A,0.3612482269503899,0.0853900709219883,0.61443985,0.09338885,0.008456149647514353,0.6941676660149197,528
GATA3,SH3KBP1,Activation,1.0,A,0.1499574468085208,0.2065248226950523,0.19773243,0.25390747,0.13264467558766352,2.0575433126058655,529
GATA3,MDM2,Activation,1.0,A,0.1499574468085208,0.0588936170212764,0.19773243,0.062978216,-0.01507166170150784,0.39594919905568765,530
GATA3,MAF,Activation,1.0,A,0.1499574468085208,0.2001134751773211,0.19773243,0.42298722,0.2634566955192386,1.9853833837699053,531
GATA3,IL4R,Activation,1.0,A,0.1499574468085208,0.3754893617021646,0.19773243,0.6158561,0.4126736642854012,3.959244799981903,532
SP3,CDKN2D,Activation,1.0,A,0.1016737588652526,0.1443971631205769,0.10893454,0.17463975,0.07131757657923396,1.3582944446821728,533
STAT1,EIF2AK1,Activation,1.0,A,0.6270638297871766,0.1586382978723516,1.4281144,0.18230033,0.07724434157413977,1.5185788883797495,534
STAT1,CISH,Activation,1.0,A,0.6270638297871766,0.5278865248227228,1.4281144,0.99125993,0.7031125447092819,5.67447992257798,535
STAT1,CCND3,Activation,1.0,A,0.6270638297871766,0.3673758865248587,1.4281144,0.70402706,0.4808889377105518,3.8679273679151556,536
STAT1,CCND2,Activation,1.0,A,0.6270638297871766,0.2620709219858391,1.4281144,0.51661223,0.3358916067029488,2.6827165013705203,537
STAT1,BCL2,Activation,1.0,A,0.6270638297871766,0.2306382978723602,1.4281144,0.28687465,0.15815041123754367,2.3289412750420033,538
STAT1,B3GAT3,Activation,1.0,A,0.6270638297871766,0.1868936170212911,1.4281144,0.21719663,0.10424258051841442,1.836593442010799,539
RUNX1,SMAD3,Activation,1.0,A,0.0934468085106417,0.0575886524822693,0.10536023,0.06116265,-0.016476311612446854,0.38126177991208654,540
NFIC,TP53,Activation,1.0,A,0.0821560283687964,0.1293049645390148,0.089360535,0.14933354,0.051738907655766615,1.188431249369202,541
MYC,PKM,Activation,1.0,A,0.3311205673759182,0.745304964538848,0.8089884,3.349633,2.5277162896221412,8.121531668588002,542
NFIC,MYC,Activation,1.0,A,0.0821560283687964,0.3311205673759182,0.089360535,0.8089884,0.5620944333427895,3.4598725490994107,543
MYC,ATAD3B,Activation,1.0,A,0.3311205673759182,0.0907801418439747,0.8089884,0.12794207,0.03518895770607902,0.7548330929124086,544
MAX,NPRL3,Repression,-1.0,A,0.3020709219858438,0.1028085106383024,0.38662893,0.1108636,0.02197584875577122,0.8902127824099643,545
RUNX1,FYB1,Activation,1.0,A,0.0934468085106417,0.4611063829787705,0.10536023,0.7501142,0.5165451997778264,4.922867212490445,546
RFX5,CD74,Activation,1.0,A,0.068879432624114,0.6436879432623396,0.07262336,1.5480043,1.1338492569721772,6.977828725711189,547
RELB,TNFAIP3,Activation,1.0,A,0.368226950354646,0.1717446808510766,0.55991405,0.23155004,0.11534739085203552,1.6660916632568032,548
RARA,PLAAT4,Activation,1.0,A,0.0785248226950371,0.4977021276596259,0.086807445,0.81990474,0.5705400839050824,5.334753531952346,549
RARA,IER3,Activation,1.0,A,0.0785248226950371,0.0660425531914895,0.086807445,0.10201325,0.015128593773424622,0.47641071262498347,550
IRF9,IRF7,Activation,1.0,A,0.2972482269503823,0.3300425531915209,0.370684,0.49369162,0.31815860619777975,3.447739463719913,551
STAT2,IRF7,Activation,1.0,A,0.1201134751773116,0.3300425531915209,0.13775803,0.49369162,0.31815860619777975,3.447739463719913,552
RARA,BTG2,Activation,1.0,A,0.0785248226950371,0.3181843971631507,0.086807445,0.49057263,0.31574553554889134,3.3142755245454363,553
ETS1,BCL2,Activation,1.0,A,0.3447375886525156,0.2306382978723602,0.4792279,0.28687465,0.15815041123754367,2.3289412750420033,554
TBP,PMF1,Activation,1.0,A,0.0514609929078012,0.2693900709220101,0.053276252,0.38509408,0.23413988978141392,2.7650937652629,555
NFYB,ACTB,Activation,1.0,A,0.1113758865248283,0.9780992907797826,0.12260805,14.077445,10.827508294082705,10.741639527115954,556
HBP1,RUNX1,Activation,1.0,A,0.1248794326241206,0.0934468085106417,0.13429677,0.10536023,0.017718053566632166,0.7848465146406404,557
ATF6,HSP90B1,Activation,1.0,A,0.1092765957446862,0.4566808510638764,0.11943078,0.83351374,0.5810689661588638,4.873057704090401,558
TCF7,BCL2,Activation,1.0,A,0.3383829787234368,0.2306382978723602,0.49398032,0.28687465,0.15815041123754367,2.3289412750420033,559
E2F4,TOP1,Activation,1.0,A,0.2363687943262616,0.2551489361702354,0.32750267,0.37181628,0.22386724720743645,2.6048093215653227,560
E2F4,CKS2,Activation,1.0,A,0.2363687943262616,0.16703546099292,0.32750267,0.28971013,0.16034413855424234,1.6130892376516281,561
E2F4,CALM1,Activation,1.0,A,0.2363687943262616,0.6785815602835862,0.32750267,1.6671032,1.2259925661539606,7.37055754194192,562
E2F4,NPAT,Activation,1.0,A,0.2363687943262616,0.0811914893617041,0.32750267,0.08714788,0.0036276950748504928,0.6469124913789805,563
TCF7,LEF1,Activation,1.0,A,0.3383829787234368,0.3310070921986132,0.49398032,0.48649016,0.312587048816979,3.4585953822173576,564
E2F4,MCM7,Activation,1.0,A,0.2363687943262616,0.0639999999999999,0.32750267,0.08028284,-0.0016835840659754245,0.4534217087480403,565
E2F3,MCM7,Activation,1.0,A,0.055432624113475,0.0639999999999999,0.058836468,0.08028284,-0.0016835840659754245,0.4534217087480403,566
E2F3,MCM5,Activation,1.0,A,0.055432624113475,0.0534468085106381,0.058836468,0.06178686,-0.015993378730410488,0.33464518871717924,567
E2F4,MCM5,Activation,1.0,A,0.2363687943262616,0.0534468085106381,0.32750267,0.06178686,-0.015993378730410488,0.33464518871717924,568
STAT1,IL6ST,Activation,1.0,A,0.6270638297871766,0.1278865248227026,1.4281144,0.14723401,0.05011456316621693,1.1724666633435472,569
STAT1,PRF1,Activation,1.0,A,0.6270638297871766,0.1868368794326387,1.4281144,0.44273052,0.2787315049101625,1.8359548585697738,570
ATF6,CALR,Activation,1.0,A,0.1092765957446862,0.531177304964564,0.11943078,1.4974266,1.0947187809660721,5.711517762157464,571
STAT1,MX1,Activation,1.0,A,0.6270638297871766,0.3056453900709506,1.4281144,0.5569518,0.3671011432374609,3.1731485840786444,572
STAT1,ISG20,Activation,1.0,A,0.6270638297871766,0.6397730496453217,1.4281144,1.8133096,1.3391081492496526,6.933766468280424,573
STAT1,ISG15,Activation,1.0,A,0.6270638297871766,0.4992907801418956,1.4281144,1.6742706,1.231537772316482,5.35263386830108,574
STAT1,IFITM1,Activation,1.0,A,0.6270638297871766,0.3514893617021618,1.4281144,0.51491517,0.33457864139193383,3.689124004427818,575
STAT1,IFIT1,Activation,1.0,A,0.6270638297871766,0.0927659574468119,1.4281144,0.1475179,0.05033420049320834,0.7771835133483267,576
STAT1,IFI6,Activation,1.0,A,0.6270638297871766,0.4207092198581983,1.4281144,1.3265085,0.962484483814184,4.468195802479787,577
STAT1,EIF2AK2,Activation,1.0,A,0.6270638297871766,0.2360851063829991,1.4281144,0.3357833,0.19598959244420164,2.3902452853805185,578
STAT1,ADAR,Activation,1.0,A,0.6270638297871766,0.4582127659574936,1.4281144,0.6807196,0.46285664276053917,4.890299456998108,579
ATF6,SEL1L,Activation,1.0,A,0.1092765957446862,0.0706950354609936,0.11943078,0.07625453,-0.004800168801939148,0.5287745547891323,580
GATA3,KMT2E,Activation,1.0,A,0.1499574468085208,0.5420709219858312,0.19773243,0.9062065,0.6373092123740446,5.834125782834375,581
GATA3,NCOA3,Activation,1.0,A,0.1499574468085208,0.1556312056737697,0.19773243,0.18054102,0.07588321527258195,1.484733966005361,582
GATA3,VAPB,Activation,1.0,A,0.1499574468085208,0.0901560283687974,0.19773243,0.09577173,0.010299713681968817,0.7478086750611211,583
STAT1,IRF9,Activation,1.0,A,0.6270638297871766,0.2972482269503823,1.4281144,0.370684,0.2229912355388119,3.0786382348067667,584
TP53,DDIT4,Activation,1.0,A,0.1293049645390148,0.5253900709220157,0.14933354,1.8319031,1.3534933922642522,5.646382251172855,585
TP53,BNIP3L,Activation,1.0,A,0.1293049645390148,0.4081134751773458,0.14933354,0.6062159,0.405215325634295,4.32643027857197,586
TP53,RCHY1,Activation,1.0,A,0.1293049645390148,0.1122836879432681,0.14933354,0.12067895,0.02956969580034861,0.9968562170613406,587
STAT1,HSPB1,Activation,1.0,A,0.6270638297871766,0.3140992907801715,1.4281144,0.52830446,0.3449375404933912,3.2682975167915496,588
STAT1,SOCS2,Activation,1.0,A,0.6270638297871766,0.1235177304964609,1.4281144,0.19052768,0.08360959981579227,1.123295738384529,589
HIF1A,KDM4B,Activation,1.0,A,0.3612482269503899,0.0576453900709218,0.61443985,0.061049186,-0.01656409536555458,0.3819003633531129,590
STAT1,MCL1,Activation,1.0,A,0.6270638297871766,0.5070070921986273,1.4281144,0.80339533,0.5577672399070368,5.4394812162805675,591
HIF1A,BNIP3L,Activation,1.0,A,0.3612482269503899,0.4081134751773458,0.61443985,0.6062159,0.405215325634295,4.32643027857197,592
HIF1A,PDK3,Activation,1.0,A,0.3612482269503899,0.0688226950354615,0.61443985,0.07375808,-0.006731598598577601,0.5077013012352679,593
HIF1A,BCL2L1,Activation,1.0,A,0.3612482269503899,0.1603404255319263,0.61443985,0.21736424,0.10437225543608333,1.537736391610536,594
HIF1A,COX4I1,Activation,1.0,A,0.3612482269503899,0.9711205673755332,0.61443985,4.8790536,3.71098393705456,10.663093763869806,595
HIF1A,CDKN1B,Activation,1.0,A,0.3612482269503899,0.2375035460993113,0.61443985,0.28443575,0.15626350617995324,2.4062098714061735,596
HIF1A,DDIT4,Activation,1.0,A,0.3612482269503899,0.5253900709220157,0.61443985,1.8319031,1.3534933922642522,5.646382251172855,597
GATA3,MYC,Activation,1.0,A,0.1499574468085208,0.3311205673759182,0.19773243,0.8089884,0.5620944333427895,3.4598725490994107,598
ETS1,ETS2,Activation,1.0,A,0.3447375886525156,0.0740425531914905,0.4792279,0.0833466,0.0006867567594963677,0.5664509778096789,599
E2F4,JUN,Activation,1.0,A,0.2363687943262616,0.0602553191489359,0.32750267,0.07529028,-0.005546180611271853,0.4112752016403139,600
MYC,RPS20,Activation,1.0,A,0.3311205673759182,0.999205673758488,0.8089884,17.502644,13.477483822539607,10.97919256717747,601
MYC,RPS15A,Activation,1.0,A,0.3311205673759182,0.9999432624109696,0.8089884,38.110737,29.421358072813543,10.987494151910804,602
MYC,RPL23,Activation,1.0,A,0.3311205673759182,0.9895035460989218,0.8089884,8.500078,6.512463806675375,10.869994798762097,605
MYC,PPIF,Activation,1.0,A,0.3311205673759182,0.0990070921985857,0.8089884,0.11965793,0.028779762714981873,0.8474276918612091,607
MYC,NOP56,Activation,1.0,A,0.3311205673759182,0.2655319148936409,0.8089884,0.40784582,0.25174224054404526,2.721670091273119,608
MYC,LDHB,Activation,1.0,A,0.3311205673759182,0.8414184397160703,0.8089884,2.709578,2.032524598025103,9.203292017685333,609
MYC,LAMP1,Repression,-1.0,A,0.3311205673759182,0.2407943262411557,0.8089884,0.28619528,0.15762480268902784,2.443247710985694,610
MYC,HSPA9,Activation,1.0,A,0.3311205673759182,0.2619007092198816,0.8089884,0.39808708,0.24419219098821693,2.6808007510474416,611
MYC,HERC5,Activation,1.0,A,0.3311205673759182,0.1166524822695097,0.8089884,0.14870922,0.05125588966997187,1.0460271420203577,612
MYC,DDX5,Activation,1.0,A,0.3311205673759182,0.8498723404252829,0.8089884,2.3581734,1.7606532146143328,9.298440950398145,613
MYC,CKS2,Activation,1.0,A,0.3311205673759182,0.16703546099292,0.8089884,0.28971013,0.16034413855424234,1.6130892376516281,614
MYC,AIMP2,Activation,1.0,A,0.3311205673759182,0.0750638297872353,0.8089884,0.08641032,0.0030570666381469114,0.5779454797481506,615
TP53,SERTAD1,Activation,1.0,A,0.1293049645390148,0.1287943262411424,0.14933354,0.1559725,0.0568752753629872,1.1826839983999662,616
SREBF1,PCYT2,Activation,1.0,A,0.0503262411347516,0.0630354609929076,0.05214155,0.068878815,-0.01050654214108602,0.44256579025059495,617
SREBF1,INSIG1,Activation,1.0,A,0.0503262411347516,0.1444539007092294,0.05214155,0.2777922,0.15112358732499626,1.3589330281231988,618
SREBF1,HMGCS1,Activation,1.0,A,0.0503262411347516,0.0960567375886562,0.05214155,0.12714753,0.034574245522529946,0.8142213529278458,619
SREBF2,PCYT2,Activation,1.0,A,0.1136453900709278,0.0630354609929076,0.13406985,0.068878815,-0.01050654214108602,0.44256579025059495,620
SREBF2,INSIG1,Activation,1.0,A,0.1136453900709278,0.1444539007092294,0.13406985,0.2777922,0.15112358732499626,1.3589330281231988,621
SREBF2,EBP,Activation,1.0,A,0.1136453900709278,0.1400851063829877,0.13406985,0.16959044,0.06741107423131411,1.3097621031641808,622
NR1H2,BHLHE40,Activation,1.0,A,0.2883404255319415,0.2607659574468318,0.37692514,0.3988225,0.2447611637699846,2.668029082226917,623
SREBF1,SQLE,Activation,1.0,A,0.0503262411347516,0.1003120567375929,0.05214155,0.14070901,0.04506636295268735,0.8621151110048114,624
NFKB1,VIM,Activation,1.0,A,0.1794042553191626,0.5879148936169974,0.2344443,1.475367,1.077651918524635,6.350101203183043,625
HIF1A,BHLHE40,Activation,1.0,A,0.3612482269503899,0.2607659574468318,0.61443985,0.3988225,0.2447611637699846,2.668029082226917,626
HIF1A,PFKL,Activation,1.0,A,0.3612482269503899,0.1325957446808592,0.61443985,0.14973086,0.052046302431067705,1.225469088948722,627
HIF1A,APH1A,Activation,1.0,A,0.3612482269503899,0.3471205673759201,0.61443985,0.47395256,0.3028870771699065,3.6399530794688006,628
FOXO1,RPS6KA3,Activation,1.0,A,0.071546099290781,0.1348085106383062,0.07511976,0.15353256,0.05498756568804479,1.2503738431487434,629
FOXO1,MCM5,Repression,-1.0,A,0.071546099290781,0.0534468085106381,0.07511976,0.06178686,-0.015993378730410488,0.33464518871717924,630
FOXO1,CNOT8,Activation,1.0,A,0.071546099290781,0.1163687943262473,0.07511976,0.12618253,0.03382765346029912,1.0428342248152274,631
FOXO1,CDKN2D,Activation,1.0,A,0.071546099290781,0.1443971631205769,0.07511976,0.17463975,0.07131757657923396,1.3582944446821728,632
FOXO1,CCNG2,Activation,1.0,A,0.071546099290781,0.0557163120567374,0.07511976,0.06303501,-0.015027721857381068,0.36018852635822457,633
MYC,SNRPD3,Activation,1.0,A,0.3311205673759182,0.2853900709220121,0.8089884,0.42742264,0.26688824926500004,2.94517429563229,634
STAT5A,MYD88,Activation,1.0,A,0.1891063829787382,0.110297872340431,0.24562192,0.12050877,0.029438032549415516,0.9745057966254237,635
STAT5A,LONP1,Activation,1.0,A,0.1891063829787382,0.1315177304964619,0.24562192,0.16448347,0.06345996204058779,1.2133360035692242,636
STAT5A,IL6ST,Activation,1.0,A,0.1891063829787382,0.1278865248227026,0.24562192,0.14723401,0.05011456316621693,1.1724666633435472,637
FOXO3,RBL2,Activation,1.0,A,0.0660425531914895,0.1609078014184512,0.071148284,0.1804849,0.07583979688239295,1.5441222260207983,638
FOXO3,JAK1,Activation,1.0,A,0.0660425531914895,0.3397446808510965,0.071148284,0.4575536,0.29019968508198873,3.556937232135393,639
FOXO3,HBP1,Activation,1.0,A,0.0660425531914895,0.1248794326241206,0.071148284,0.13429677,0.04010540182821182,1.1386217409691575,640
FOXO3,CDKN2D,Activation,1.0,A,0.0660425531914895,0.1443971631205769,0.071148284,0.17463975,0.07131757657923396,1.3582944446821728,641
FOXO3,BNIP3L,Activation,1.0,A,0.0660425531914895,0.4081134751773458,0.071148284,0.6062159,0.405215325634295,4.32643027857197,642
FOXO3,CBLB,Activation,1.0,A,0.0660425531914895,0.1751489361702259,0.071148284,0.21742195,0.10441690396241636,1.704406669718375,643
STAT5B,IL6ST,Activation,1.0,A,0.1249361702127731,0.1278865248227026,0.13957381,0.14723401,0.05011456316621693,1.1724666633435472,644
ETS1,LCP1,Activation,1.0,A,0.3447375886525156,0.3234609929078322,0.4792279,0.4673113,0.297748930020465,3.3736637845608732,645
ETS1,RUNX1,Activation,1.0,A,0.3447375886525156,0.0934468085106417,0.4792279,0.10536023,0.017718053566632166,0.7848465146406404,646
ETS1,FAS,Activation,1.0,A,0.3447375886525156,0.1866099290780287,0.4792279,0.24397714,0.12496187190545369,1.8334005248056686,647
ETS1,COX4I1,Activation,1.0,A,0.3447375886525156,0.9711205673755332,0.4792279,4.8790536,3.71098393705456,10.663093763869806,648
ETS1,CD3D,Activation,1.0,A,0.3447375886525156,0.7956879432622089,0.4792279,2.349641,1.754051948177257,8.688593764218716,649
ETS1,CASP8,Activation,1.0,A,0.3447375886525156,0.1876312056737735,0.4792279,0.2195792,0.10608590471500436,1.8448950267441402,650
STAT5B,PRF1,Activation,1.0,A,0.1249361702127731,0.1868368794326387,0.13957381,0.44273052,0.2787315049101625,1.8359548585697738,651
NFKB2,BCL2L1,Activation,1.0,A,0.3430354609929409,0.1603404255319263,0.4860933,0.21736424,0.10437225543608333,1.537736391610536,652
SMAD3,TIMP1,Activation,1.0,A,0.0575886524822693,0.14104964539008,0.06116265,0.22542197,0.11060628368230002,1.320618021661626,653
MYC,TRAP1,Activation,1.0,A,0.3311205673759182,0.1356028368794411,0.8089884,0.1778172,0.07377587600735344,1.259314011323111,654
YY1,ADA,Activation,1.0,A,0.2540141843971856,0.0730780141843982,0.3112751,0.079828925,-0.0020347647249676503,0.5555950593122336,655
HIF1A,PPP1R10,Activation,1.0,A,0.3612482269503899,0.0987801418439757,0.61443985,0.107799865,0.019605527272062696,0.8448733580971038,656
HIF1A,PKM,Activation,1.0,A,0.3612482269503899,0.745304964538848,0.61443985,3.349633,2.5277162896221412,8.121531668588002,657
HIF1A,PGAM1,Activation,1.0,A,0.3612482269503899,0.6495886524821927,0.61443985,2.3897703,1.7850988050092558,7.044241403577849,658
MAX,SERF2,Activation,1.0,A,0.3020709219858438,0.962553191489016,0.38662893,5.634751,4.2956447456436395,10.566667664274947,659
RUNX1,LCP2,Activation,1.0,A,0.0934468085106417,0.2162836879432804,0.10536023,0.27024883,0.1452875042530066,2.167379664462373,660
CTCF,RBM39,Repression,-1.0,A,0.1010496453900753,0.5327092198581797,0.11040973,0.8822062,0.6187408875334662,5.728759515065154,661
CTCF,NT5C3A,Repression,-1.0,A,0.1010496453900753,0.2034042553191654,0.11040973,0.26531115,0.14146736674644095,2.0224212233494243,662
CTCF,COMMD2,Repression,-1.0,A,0.1010496453900753,0.1317446808510718,0.11040973,0.1437162,0.04739293723623125,1.2158903373333285,663
CTCF,ARL2,Repression,-1.0,A,0.1010496453900753,0.2412482269503756,0.11040973,0.3212616,0.18475458109695067,2.4483563785139033,664
CTCF,TBC1D14,Activation,1.0,A,0.1010496453900753,0.0616170212765955,0.11040973,0.06519092,-0.013359757823304357,0.42660120422494124,665
CTCF,ZNHIT2,Repression,-1.0,A,0.1010496453900753,0.0650212765957447,0.11040973,0.06921919,-0.01024320403416186,0.46491621068651195,666
CTCF,AKT1,Repression,-1.0,A,0.1010496453900753,0.0530496453900707,0.11040973,0.05662377,-0.019987909311325804,0.33017510462999605,667
CTCF,ACTR3,Repression,-1.0,A,0.1010496453900753,0.5233475177305281,0.11040973,0.96402025,0.682038007024611,5.623393247295934,668
CTCF,TRAPPC6A,Activation,1.0,A,0.1010496453900753,0.1739574468085236,0.11040973,0.19591877,0.08778052727773206,1.6909964174568244,669
CTCF,TMBIM6,Activation,1.0,A,0.1010496453900753,0.5679432624113409,0.11040973,0.9652206,0.6829666824462677,6.12531983194204,670
CTCF,SMIM7,Activation,1.0,A,0.1010496453900753,0.200340425531931,0.11040973,0.23223329,0.11587600124221088,1.9879377175340094,671
CTCF,RPP30,Activation,1.0,A,0.1010496453900753,0.1083687943262463,0.11040973,0.13253802,0.038744708782151256,0.9527939596305319,672
CTCF,PPRC1,Activation,1.0,A,0.1010496453900753,0.055432624113475,0.11040973,0.05923361,-0.0179687530131989,0.35699560915309403,673
CTCF,TSFM,Activation,1.0,A,0.1010496453900753,0.105191489361707,0.11040973,0.119657815,0.028779673742870833,0.9170332869330654,674
CTCF,PMPCB,Activation,1.0,A,0.1010496453900753,0.2227517730496642,0.11040973,0.26020706,0.1375184827268434,2.2401781767393607,675
CTCF,NCBP3,Activation,1.0,A,0.1010496453900753,0.0863546099290806,0.11040973,0.09446686,0.009290174216431907,0.7050235845123651,676
CTCF,NBN,Activation,1.0,A,0.1010496453900753,0.0942411347517766,0.11040973,0.10411202,0.0167523502733709,0.7937866828150079,677
CTCF,MYD88,Activation,1.0,A,0.1010496453900753,0.110297872340431,0.11040973,0.12050877,0.029438032549415516,0.9745057966254237,678
CTCF,MRPL17,Activation,1.0,A,0.1010496453900753,0.2052765957446976,0.11040973,0.27876076,0.15187293365431676,2.0434944769032897,679
E2F4,E2F3,Activation,1.0,A,0.2363687943262616,0.055432624113475,0.32750267,0.058836468,-0.018276010075145496,0.35699560915309403,680
YY1,WDR82,Activation,1.0,A,0.2540141843971856,0.1997163120567537,0.3112751,0.23189251,0.11561234979872172,1.9809132996827221,681
YY1,RNF26,Activation,1.0,A,0.2540141843971856,0.0565673758865246,0.3112751,0.05855275,-0.018495514330805603,0.3697672779736161,682
YY1,RAB3GAP1,Activation,1.0,A,0.2540141843971856,0.0575886524822693,0.3112751,0.0611059,-0.016520217415070274,0.38126177991208654,683
YY1,MRPL46,Activation,1.0,A,0.2540141843971856,0.0929361702127693,0.3112751,0.10070781,0.014118613315685147,0.7790992636714045,684
YY1,MANF,Activation,1.0,A,0.2540141843971856,0.3973900709220254,0.3112751,0.867436,0.6073136190593091,4.205738008218018,685
YY1,HSF1,Activation,1.0,A,0.2540141843971856,0.2119716312056913,0.3112751,0.2508444,0.13027486859485798,2.118847322944382,686
YY1,DLG1,Activation,1.0,A,0.2540141843971856,0.084539007092201,0.3112751,0.0919137,0.007314869563991267,0.6845889143995271,687
YY1,CPSF2,Activation,1.0,A,0.2540141843971856,0.0603120567375884,0.3112751,0.06513422,-0.01340362494240123,0.41191378508134024,688
YY1,COQ5,Activation,1.0,A,0.2540141843971856,0.058382978723404,0.3112751,0.06014135,-0.017266461325562216,0.3902019480864518,689
YY1,CCDC43,Activation,1.0,A,0.2540141843971856,0.0642836879432624,0.3112751,0.069219224,-0.010243177729363815,0.4566146259531719,690
YY1,ATXN10,Activation,1.0,A,0.2540141843971856,0.1568794326241245,0.3112751,0.18230008,0.07724414815650707,1.4987828017079379,691
CTCF,LRRC59,Activation,1.0,A,0.1010496453900753,0.177361702127673,0.11040973,0.26275846,0.13949242571914983,1.7293114239183973,692
CTCF,ANKRD46,Activation,1.0,A,0.1010496453900753,0.0519716312056735,0.11040973,0.053389717,-0.02249000081250066,0.3180420192504993,693
CTCF,AHCYL1,Activation,1.0,A,0.1010496453900753,0.0886241134751802,0.11040973,0.09736042,0.011528836317559977,0.7305669221534138,694
CTCF,CNIH1,Activation,1.0,A,0.1010496453900753,0.3160283687943561,0.11040973,0.40092742,0.24638967834369535,3.2900093537864397,695
CTCF,HSPA5,Activation,1.0,A,0.1010496453900753,0.2828936170213025,0.11040973,0.51854366,0.33738589717626943,2.9170766242271364,696
CTCF,HEBP2,Activation,1.0,A,0.1010496453900753,0.1756028368794458,0.11040973,0.21640162,0.10362750470971588,1.7095153372465846,697
CTCF,GALT,Activation,1.0,A,0.1010496453900753,0.0933900709219892,0.11040973,0.09934611,0.013065106153882358,0.784207931199614,698
CTCF,FBXO7,Activation,1.0,A,0.1010496453900753,0.2041418439716478,0.11040973,0.238191,0.12048530590031775,2.030722808082766,699
CTCF,NFE2L2,Activation,1.0,A,0.1010496453900753,0.2943546099291053,0.11040973,0.37749207,0.2282584386694976,3.0460704793144298,700
CTCF,ELP5,Activation,1.0,A,0.1010496453900753,0.1408794326241225,0.11040973,0.16777468,0.06600627422829212,1.318702271338547,701
CTCF,CEP135,Activation,1.0,A,0.1010496453900753,0.1003687943262454,0.11040973,0.10882112,0.020395642170004176,0.8627536944458377,702
STAT1,EDEM2,Activation,1.0,A,0.6270638297871766,0.066326241134752,1.4281144,0.070070244,-0.009584768634234622,0.4796036298301151,703
STAT1,DIMT1,Activation,1.0,A,0.6270638297871766,0.1753191489361834,1.4281144,0.21963604,0.10612988014797556,1.706322420041454,704
STAT1,DDX50,Activation,1.0,A,0.6270638297871766,0.1827517730496594,1.4281144,0.20925277,0.09809665013554103,1.789976850815886,705
STAT1,DCLRE1C,Activation,1.0,A,0.6270638297871766,0.0981560283687983,1.4281144,0.1063814,0.01850810270257853,0.8378489402458155,706
STAT1,CREM,Activation,1.0,A,0.6270638297871766,0.492368794326292,1.4281144,1.1949437,0.8606966751623869,5.274726688495884,707
STAT1,BST2,Activation,1.0,A,0.6270638297871766,0.4164539007092617,1.4281144,0.70250124,0.4797084557412326,4.420302044402822,708
STAT1,AIM2,Activation,1.0,A,0.6270638297871766,0.058496453900709,1.4281144,0.08941765,0.005383749235565137,0.3914791149685044,709
STAT1,IRF2,Activation,1.0,A,0.6270638297871766,0.2436312056737802,1.4281144,0.29652157,0.1656139489546169,2.4751768830370042,710
E2F4,ZFP36L1,Activation,1.0,A,0.2363687943262616,0.2788085106383233,0.32750267,0.40438458,0.24906438115598745,2.8710986164732497,711
E2F4,SUZ12,Activation,1.0,A,0.2363687943262616,0.1240283687943333,0.32750267,0.14008467,0.044583329493481975,1.1290429893537646,712
E2F4,SMC4,Activation,1.0,A,0.2363687943262616,0.0723971631205683,0.32750267,0.080055855,-0.0018591956714111343,0.5479320580199188,713
STAT1,GSTK1,Activation,1.0,A,0.6270638297871766,0.5622695035460975,1.4281144,0.93050045,0.6561047255659951,6.061461487839481,714
STAT1,HDAC7,Activation,1.0,A,0.6270638297871766,0.133617021276604,1.4281144,0.15614262,0.057006892193688465,1.2369635908871939,715
STAT1,IFI35,Activation,1.0,A,0.6270638297871766,0.3054184397163407,1.4281144,0.45164865,0.2856311992810874,3.17059425031454,716
STAT1,ZNF655,Activation,1.0,A,0.6270638297871766,0.2045957446808677,1.4281144,0.24142493,0.12298730224001732,2.035831475610975,717
STAT1,ZNF302,Activation,1.0,A,0.6270638297871766,0.1397446808510728,1.4281144,0.15160307,0.053494776135553875,1.305930602518024,718
STAT1,ZC3HAV1,Activation,1.0,A,0.6270638297871766,0.280624113475203,1.4281144,0.3491783,0.20635290920438995,2.891533286586089,719
STAT1,UBR1,Activation,1.0,A,0.6270638297871766,0.0629219858156026,1.4281144,0.0659285,-0.012789113913190157,0.44128862336854224,720
STAT1,SNRNP27,Activation,1.0,A,0.6270638297871766,0.234099290780162,1.4281144,0.29947236,0.16789688822022314,2.367894864944602,721
STAT1,SBNO2,Activation,1.0,A,0.6270638297871766,0.1085390070922038,1.4281144,0.12147337,0.030184315143434,0.954709709953611,722
STAT1,NMI,Activation,1.0,A,0.6270638297871766,0.2204255319149121,1.4281144,0.26814952,0.14366332997097367,2.213996255657286,723
STAT1,MTMR9,Activation,1.0,A,0.6270638297871766,0.0787517730496471,1.4281144,0.083800405,0.0010378523147301956,0.619453403414854,724
STAT1,MED16,Activation,1.0,A,0.6270638297871766,0.0722269503546108,1.4281144,0.076765135,-0.004405128760555354,0.5460163076968397,725
STAT1,LAP3,Activation,1.0,A,0.6270638297871766,0.1755460992907933,1.4281144,0.22349368,0.10911442253444609,1.708876753805558,726
STAT1,KIF2A,Activation,1.0,A,0.6270638297871766,0.1735035460993037,1.4281144,0.21401782,0.10178322889837307,1.6858877499286151,727
STAT1,INO80,Activation,1.0,A,0.6270638297871766,0.0550921985815601,1.4281144,0.057644967,-0.01919783928627511,0.35316410850693714,728
E2F4,SLC35F6,Activation,1.0,A,0.2363687943262616,0.056851063829787,0.32750267,0.059460554,-0.017793173128254954,0.3729601951787466,729
E2F4,KHDRBS1,Activation,1.0,A,0.2363687943262616,0.399205673758905,0.32750267,0.56905013,0.3764612646304649,4.2261726783308555,730
E2F4,INSIG1,Activation,1.0,A,0.2363687943262616,0.1444539007092294,0.32750267,0.2777922,0.15112358732499626,1.3589330281231988,731
E2F4,HMGN2,Activation,1.0,A,0.2363687943262616,0.5092765957447246,0.32750267,0.9592501,0.6783474825420718,5.46502455392159,732
E2F4,HMGB1,Activation,1.0,A,0.2363687943262616,0.6687092198580628,0.32750267,1.3397725,0.9727464497348363,7.259444023203469,733
E2F4,FDFT1,Activation,1.0,A,0.2363687943262616,0.221219858156047,0.32750267,0.3097984,0.17588584106817945,2.222936423831653,734
E2F4,EXOSC9,Activation,1.0,A,0.2363687943262616,0.0637163120567375,0.32750267,0.067573816,-0.011516181410121406,0.45022879154290973,735
E2F4,CFAP20,Activation,1.0,A,0.2363687943262616,0.1106382978723459,0.32750267,0.12777145,0.03505695404011238,0.9783372972715806,736
E2F4,BUB3,Activation,1.0,A,0.2363687943262616,0.3523971631206016,0.32750267,0.4753712,0.3039846371317335,3.6993413394842376,737
E2F4,AKR7A2,Activation,1.0,A,0.2363687943262616,0.1271489361702202,0.32750267,0.13628282,0.041641950185925286,1.164165078610206,738
E2F4,ACTG1,Activation,1.0,A,0.2363687943262616,0.8925390070919129,0.32750267,5.358395,4.081836252431351,9.77865569804938,739
E2F4,MAP3K7,Activation,1.0,A,0.2363687943262616,0.081872340425534,0.32750267,0.08731801,0.0037593196422570536,0.6545754926712953,740
E2F4,MCM3,Activation,1.0,A,0.2363687943262616,0.0826666666666688,0.32750267,0.09276473,0.007973286395825764,0.6635156608456617,741
E2F4,SFPQ,Activation,1.0,A,0.2363687943262616,0.4409645390071369,0.32750267,0.872208,0.6110055748323303,4.696170090926142,742
E2F4,RIPK2,Activation,1.0,A,0.2363687943262616,0.0843687943262435,0.32750267,0.09696339,0.011221665906712823,0.6826731640764481,744
E2F4,RFC4,Activation,1.0,A,0.2363687943262616,0.0602553191489359,0.32750267,0.06717673,-0.011823395146518274,0.4112752016403139,745
E2F4,PRPSAP1,Activation,1.0,A,0.2363687943262616,0.1035460992907848,0.32750267,0.110693395,0.021844166163074843,0.8985143671433053,746
E2F4,PARK7,Activation,1.0,A,0.2363687943262616,0.6291631205673166,0.32750267,1.4975045,1.0947790499004222,6.81435136480864,747
E2F4,NFE2L1,Activation,1.0,A,0.2363687943262616,0.0501560283687941,0.32750267,0.053389806,-0.02248993195582342,0.29760734913766346,748
E2F4,NAP1L4,Activation,1.0,A,0.2363687943262616,0.3501843971631545,0.32750267,0.47372508,0.302711082597558,3.6744365852842154,749
E2F4,METTL3,Activation,1.0,A,0.2363687943262616,0.0706950354609936,0.32750267,0.07409849,-0.006468233413184865,0.5287745547891323,750
STAT1,ETV7,Activation,1.0,A,0.6270638297871766,0.1341843971631288,1.4281144,0.1707245,0.06828846303348352,1.2433494252974548,751
YY1,NR3C1,Activation,1.0,A,0.2540141843971856,0.2095319148936343,0.3112751,0.26423386,0.14063389922030559,2.0913882349802555,752
RELA,CCL5,Activation,1.0,A,0.1807092198581698,0.3173333333333634,0.20494032,2.0234694,1.5017025932703936,3.3046967729300434,753
STAT1,S100A10,Activation,1.0,A,0.6270638297871766,0.7019574468083888,1.4281144,1.7211242,1.2677870218988005,7.633653919644458,754
SP3,DNASE2,Activation,1.0,A,0.1016737588652526,0.0727943262411357,0.10893454,0.07619772,-0.004844121024794419,0.5524021421071019,755
TP53,ARID3A,Activation,1.0,A,0.1293049645390148,0.0661560283687945,0.14933354,0.07353124,-0.006907098021786349,0.4776878795070362,756
RELA,CXCR4,Activation,1.0,A,0.1807092198581698,0.5386666666666852,0.20494032,1.1732808,0.8439367278205216,5.79581077637284,757
TP53,NME1,Activation,1.0,A,0.1293049645390148,0.2917446808510908,0.14933354,0.9407295,0.6640186401091682,3.0166956410272245,758
NFE2L2,TXN,Activation,1.0,A,0.2943546099291053,0.5211347517730832,0.37749207,1.9377085,1.4353519122447247,5.598488493095936,759
YY1,DEK,Activation,1.0,A,0.2540141843971856,0.38609929078018,0.3112751,0.53511953,0.35021015931779265,4.0786599034538025,760
NFATC2,CDK4,Repression,-1.0,A,0.1093900709219911,0.2224113475177493,0.124991015,0.3623392,0.21653510969331582,2.236346676093204,761
MYC,ID2,Activation,1.0,A,0.3311205673759182,0.4886241134752277,0.8089884,1.7809422,1.3140664457107412,5.232580181388154,762
E2F4,STMN1,Activation,1.0,A,0.2363687943262616,0.1827517730496594,0.32750267,0.22837465,0.11289068518520952,1.789976850815886,763
ETS2,PSEN1,Activation,1.0,A,0.0740425531914905,0.052255319148936,0.0833466,0.05384364,-0.022138813964144192,0.32123493645563084,764
TP53,MGMT,Repression,-1.0,A,0.1293049645390148,0.120510638297879,0.14933354,0.12936018,0.03628610762252476,1.0894508160101404,765
MAX,ODC1,Activation,1.0,A,0.3020709219858438,0.2365957446808715,0.38662893,0.6074509,0.4061708087398443,2.3959925363497545,766
TP53,MAD1L1,Repression,-1.0,A,0.1293049645390148,0.1109787234042608,0.14933354,0.12153003,0.030228151315709648,0.9821687979177375,767
RELA,S100A6,Activation,1.0,A,0.1807092198581698,0.7260141843970206,0.20494032,2.6484323,1.9852179718494072,7.904413298639304,768
JUN,MYC,Activation,1.0,A,0.0602553191489359,0.3311205673759182,0.07529028,0.8089884,0.5620944333427895,3.4598725490994107,769
MYC,JUN,Activation,1.0,A,0.3311205673759182,0.0602553191489359,0.8089884,0.07529028,-0.005546180611271853,0.4112752016403139,770
TP53,DUSP5,Activation,1.0,A,0.1293049645390148,0.239092198581581,0.14933354,0.3810625,0.23102077514281447,2.424090207754907,771
SMAD4,TGFB1,Activation,1.0,A,0.0519716312056735,0.3980141843972027,0.0537869,0.68116647,0.46320237291064187,4.212762426069305,772
TP53,IFI16,Activation,1.0,A,0.1293049645390148,0.438184397163165,0.14933354,0.6676657,0.4527572250184099,4.664879502315858,773
FOXO3,BCL2L11,Activation,1.0,A,0.0660425531914895,0.0675177304964542,0.071148284,0.0814744,-0.0007617092082844904,0.49301388209166463,774
NFKB2,BCL2,Activation,1.0,A,0.3430354609929409,0.2306382978723602,0.4860933,0.28687465,0.15815041123754367,2.3289412750420033,775
ETS2,MDM2,Activation,1.0,A,0.0740425531914905,0.0588936170212764,0.0833466,0.062978216,-0.01507166170150784,0.39594919905568765,776
ELK1,PSEN1,Activation,1.0,A,0.1042836879432671,0.052255319148936,0.1169344,0.05384364,-0.022138813964144192,0.32123493645563084,777
TP53,CASP3,Activation,1.0,A,0.1293049645390148,0.1446808510638393,0.14933354,0.16743392,0.06574263825821361,1.3614873618873031,778
STAT1,ICAM1,Activation,1.0,A,0.6270638297871766,0.0744397163120579,1.4281144,0.08595649,0.002705951741149802,0.5709210618968621,779
TP53,CD82,Activation,1.0,A,0.1293049645390148,0.0570780141843969,0.14933354,0.067403786,-0.011647728610474884,0.3755145289428507,780
NFKB1,MYC,Activation,1.0,A,0.1794042553191626,0.3311205673759182,0.2344443,0.8089884,0.5620944333427895,3.4598725490994107,781
ETS1,TFRC,Repression,-1.0,A,0.3447375886525156,0.1278865248227026,0.4792279,0.17934926,0.07496118568078487,1.1724666633435472,782
MYC,PRDX3,Activation,1.0,A,0.3311205673759182,0.2697872340425776,0.8089884,0.3902018,0.23809158222503832,2.7695638493500843,783
ETS1,FLI1,Activation,1.0,A,0.3447375886525156,0.1251631205673831,0.4792279,0.13645296,0.04177358249003716,1.1418146581742892,784
TP53,DDB2,Activation,1.0,A,0.1293049645390148,0.1167659574468147,0.14933354,0.12936015,0.036286084412408846,1.0473043089024106,785
JUN,DDIT3,Activation,1.0,A,0.0602553191489359,0.0634893617021275,0.07529028,0.06887882,-0.010506538272733368,0.44767445777880444,786
TP53,SIAH1,Activation,1.0,A,0.1293049645390148,0.0598581560283686,0.14933354,0.06212713,-0.01573012185889206,0.40680511755313187,787
STAT3,BCL2L1,Activation,1.0,A,0.4604822695035931,0.1603404255319263,0.69830936,0.21736424,0.10437225543608333,1.537736391610536,788
TP53,IER3,Activation,1.0,A,0.1293049645390148,0.0660425531914895,0.14933354,0.10201325,0.015128593773424622,0.47641071262498347,789
TP53,CTSD,Activation,1.0,A,0.1293049645390148,0.0919148936170245,0.14933354,0.09923269,0.012977356442277986,0.7676047617329328,790
STAT1,IRF7,Activation,1.0,A,0.6270638297871766,0.3300425531915209,1.4281144,0.49369162,0.31815860619777975,3.447739463719913,791
SREBF2,SQLE,Activation,1.0,A,0.1136453900709278,0.1003120567375929,0.13406985,0.14070901,0.04506636295268735,0.8621151110048114,792
STAT4,PRF1,Activation,1.0,A,0.213673758865266,0.1868368794326387,0.25526935,0.44273052,0.2787315049101625,1.8359548585697738,793
RELA,IER3,Activation,1.0,A,0.1807092198581698,0.0660425531914895,0.20494032,0.10201325,0.015128593773424622,0.47641071262498347,794
NFKB1,IER3,Activation,1.0,A,0.1794042553191626,0.0660425531914895,0.2344443,0.10201325,0.015128593773424622,0.47641071262498347,795
MYC,IER3,Repression,-1.0,A,0.3311205673759182,0.0660425531914895,0.8089884,0.10201325,0.015128593773424622,0.47641071262498347,796
REL,IER3,Activation,1.0,A,0.1535886524822801,0.0660425531914895,0.19568972,0.10201325,0.015128593773424622,0.47641071262498347,797
REL,BIRC3,Activation,1.0,A,0.1535886524822801,0.3868368794326624,0.19568972,0.7075464,0.48361174735644963,4.086961488187143,798
TP53,BID,Activation,1.0,A,0.1293049645390148,0.1637446808510756,0.14933354,0.1944992,0.08668224780231136,1.5760513980721078,799
FOXO1,TNFSF10,Activation,1.0,A,0.071546099290781,0.1794042553191626,0.07511976,0.26894158,0.14427612345160637,1.7523004277953407,800
ETS1,ATP2A3,Activation,1.0,A,0.3447375886525156,0.052141843971631,0.4792279,0.05492164,-0.021304797131931945,0.3199577695735782,801
FOXO3,TNFSF10,Activation,1.0,A,0.0660425531914895,0.1794042553191626,0.071148284,0.26894158,0.14427612345160637,1.7523004277953407,802
TP53,XPC,Activation,1.0,A,0.1293049645390148,0.0813617021276616,0.14933354,0.08782868,0.004154409972225356,0.6488282417020594,803
NFKB1,IRF4,Activation,1.0,A,0.1794042553191626,0.2277446808510832,0.2344443,0.4592459,0.29150896772127705,2.2963735195496664,804
STAT1,CASP4,Activation,1.0,A,0.6270638297871766,0.326808510638329,1.4281144,0.4533535,0.2869501914855373,3.4113402075814188,805
HIF1A,NPM1,Activation,1.0,A,0.3612482269503899,0.9728226950351064,0.61443985,7.4983544,5.737459777339341,10.682251267100577,806
FOXO3,SOD2,Activation,1.0,A,0.0660425531914895,0.2563971631205902,0.071148284,0.39365864,0.24076603746276057,2.6188581572679,807
TP53,SH2D1A,Activation,1.0,A,0.1293049645390148,0.1982411347517889,0.14933354,0.2646874,0.14098478975284878,1.96431013021604,808
MYC,CFLAR,Repression,-1.0,A,0.3311205673759182,0.4389787234042998,0.8089884,0.85717106,0.5993719374807853,4.673819670490225,809
STAT3,ETV6,Activation,1.0,A,0.4604822695035931,0.2796028368794582,0.69830936,0.3869664,0.23558844858965847,2.8800387846476174,810
HIF1A,ITGB2,Activation,1.0,A,0.3612482269503899,0.2141843971631384,0.61443985,0.2672984,0.1430048435087914,2.1437520771444043,811
MYC,CDK4,Activation,1.0,A,0.3311205673759182,0.2224113475177493,0.8089884,0.3623392,0.21653510969331582,2.236346676093204,812
STAT6,SOCS1,Activation,1.0,A,0.1723120567376015,0.5075177304964992,0.2058475,1.407889,1.0254461784466964,5.445228467249797,813
ETS1,SOCS1,Repression,-1.0,A,0.3447375886525156,0.5075177304964992,0.4792279,1.407889,1.0254461784466964,5.445228467249797,814
STAT1,JUN,Activation,1.0,A,0.6270638297871766,0.0602553191489359,1.4281144,0.07529028,-0.005546180611271853,0.4112752016403139,815
HIF1A,RORA,Activation,1.0,A,0.3612482269503899,0.3307234042553508,0.61443985,0.5230283,0.3408555309855573,3.4554024650122273,816
HIF1A,ID2,Activation,1.0,A,0.3612482269503899,0.4886241134752277,0.61443985,1.7809422,1.3140664457107412,5.232580181388154,817
IRF1,TNFSF10,Activation,1.0,A,0.688113475177195,0.1794042553191626,1.7007551,0.26894158,0.14427612345160637,1.7523004277953407,818
SREBF1,HK2,Activation,1.0,A,0.0503262411347516,0.0532198581560282,0.05214155,0.058893263,-0.018232069457348194,0.33209085495307505,819
ELK1,DDIT4,Activation,1.0,A,0.1042836879432671,0.5253900709220157,0.1169344,1.8319031,1.3534933922642522,5.646382251172855,820
TP53,TRIAP1,Activation,1.0,A,0.1293049645390148,0.1526808510638403,0.14933354,0.18570441,0.07987797795465651,1.4515276270719988,821
E2F3,TP53BP2,Activation,1.0,A,0.055432624113475,0.0567943262411345,0.058836468,0.062127255,-0.015730025150075714,0.37232161173772027,822
HIF1A,HSP90B1,Activation,1.0,A,0.3612482269503899,0.4566808510638764,0.61443985,0.83351374,0.5810689661588638,4.873057704090401,823
ELK1,SRF,Activation,1.0,A,0.1042836879432671,0.0579858156028366,0.1169344,0.06399954,-0.014281493420299744,0.3857318639992687,824
IRF1,TP53,Activation,1.0,A,0.688113475177195,0.1293049645390148,1.7007551,0.14933354,0.051738907655766615,1.188431249369202,825
FOXO3,CCND2,Repression,-1.0,A,0.0660425531914895,0.2620709219858391,0.071148284,0.51661223,0.3358916067029488,2.6827165013705203,826
TP53,BAK1,Activation,1.0,A,0.1293049645390148,0.164482269503558,0.14933354,0.21197517,0.10020289078861577,1.5843529828054488,827
GATA3,ZEB1,Activation,1.0,A,0.1499574468085208,0.0680283687943267,0.19773243,0.072509915,-0.007697267076664987,0.4987611330609016,828
JUN,STMN1,Activation,1.0,A,0.0602553191489359,0.1827517730496594,0.07529028,0.22837465,0.11289068518520952,1.789976850815886,829
FOXO1,CCND2,Repression,-1.0,A,0.071546099290781,0.2620709219858391,0.07511976,0.51661223,0.3358916067029488,2.6827165013705203,830
HIF1A,FURIN,Activation,1.0,A,0.3612482269503899,0.151262411347528,0.61443985,0.26275584,0.1394903987023591,1.4355630410463427,831
JUN,RELB,Activation,1.0,A,0.0602553191489359,0.368226950354646,0.07529028,0.55991405,0.3693929487673503,3.877506119530548,832
MYC,NPM1,Activation,1.0,A,0.3311205673759182,0.9728226950351064,0.8089884,7.4983544,5.737459777339341,10.682251267100577,833
TP53,PMAIP1,Activation,1.0,A,0.1293049645390148,0.174581560283701,0.14933354,0.26252955,0.13931532479794229,1.698020835308113,834
USF2,CTSB,Activation,1.0,A,0.2326808510638498,0.1479148936170312,0.29396865,0.18332127,0.07803421276586404,1.397886618025797,835
TP53,ADA,Activation,1.0,A,0.1293049645390148,0.0730780141843982,0.14933354,0.079828925,-0.0020347647249676503,0.5555950593122336,836
STAT5A,PIM1,Activation,1.0,A,0.1891063829787382,0.6251347517729938,0.24562192,1.2560742,0.9079915415460145,6.769011940495824,837
IRF1,TAP1,Activation,1.0,A,0.688113475177195,0.623319148936116,1.7007551,1.6337918,1.2002205176339653,6.748577270383005,838
TP53,PML,Activation,1.0,A,0.1293049645390148,0.1000283687943305,0.14933354,0.1106935,0.02184424739848058,0.8589221937996808,839
NFIC,SMUG1,Activation,1.0,A,0.0821560283687964,0.052028368794326,0.089360535,0.05497837,-0.021260906802719144,0.31868060269152554,840
TBP,MYC,Activation,1.0,A,0.0514609929078012,0.3311205673759182,0.053276252,0.8089884,0.5620944333427895,3.4598725490994107,841
STAT5A,BCL2,Activation,1.0,A,0.1891063829787382,0.2306382978723602,0.24562192,0.28687465,0.15815041123754367,2.3289412750420033,842
ATF6,XBP1,Activation,1.0,A,0.1092765957446862,0.704340425531791,0.11943078,1.8358511,1.3565478435198868,7.660474424167533,843
STAT1,FAS,Activation,1.0,A,0.6270638297871766,0.1866099290780287,1.4281144,0.24397714,0.12496187190545369,1.8334005248056686,844
RUNX1,PRKCB,Activation,1.0,A,0.0934468085106417,0.1230070921985885,0.10536023,0.1481987,0.05086091539058318,1.1175484874152932,845
JUN,MAT2A,Activation,1.0,A,0.0602553191489359,0.198127659574484,0.07529028,0.25776556,0.1356295661258729,1.9630329633339885,846
TP53,SIVA1,Activation,1.0,A,0.1293049645390148,0.3812765957447185,0.14933354,0.53988445,0.3538966375034556,4.024380310966576,847
TP53,COP1,Activation,1.0,A,0.1293049645390148,0.0853900709219883,0.14933354,0.09083566,0.00648082178495779,0.6941676660149197,848
MYC,EIF4E,Activation,1.0,A,0.3311205673759182,0.2992340425532194,0.8089884,0.42157996,0.26236793992805213,3.100988655242684,849
TFAP4,MDM2,Repression,-1.0,A,0.0650780141843972,0.0588936170212764,0.0720561,0.062978216,-0.01507166170150784,0.39594919905568765,850
USF2,TGFB1,Activation,1.0,A,0.2326808510638498,0.3980141843972027,0.29396865,0.68116647,0.46320237291064187,4.212762426069305,851
TP53,HSP90AB1,Repression,-1.0,A,0.1293049645390148,0.7342978723402759,0.14933354,2.745398,2.0602374764386857,7.997646481029039,852
HIF1A,TIMP1,Activation,1.0,A,0.3612482269503899,0.14104964539008,0.61443985,0.22542197,0.11060628368230002,1.320618021661626,853
SREBF1,LDLR,Activation,1.0,A,0.0503262411347516,0.0564539007092196,0.05214155,0.06382932,-0.014413187618054072,0.3684901110915634,854
RELA,GSTP1,Activation,1.0,A,0.1807092198581698,0.4701843971631688,0.20494032,1.0052036,0.7139003512796092,5.025040563054638,855
MYC,BAX,Activation,1.0,A,0.3311205673759182,0.4111773049645802,0.8089884,0.6606856,0.44735692734630905,4.360913784387385,856
TP53,FAS,Activation,1.0,A,0.1293049645390148,0.1866099290780287,0.14933354,0.24397714,0.12496187190545369,1.8334005248056686,857
SREBF2,FDFT1,Activation,1.0,A,0.1136453900709278,0.221219858156047,0.13406985,0.3097984,0.17588584106817945,2.222936423831653,858
YY1,CXCR4,Repression,-1.0,A,0.2540141843971856,0.5386666666666852,0.3112751,1.1732808,0.8439367278205216,5.79581077637284,859
YY1,LDLR,Repression,-1.0,A,0.2540141843971856,0.0564539007092196,0.3112751,0.06382932,-0.014413187618054072,0.3684901110915634,860
RELA,ICAM1,Activation,1.0,A,0.1807092198581698,0.0744397163120579,0.20494032,0.08595649,0.002705951741149802,0.5709210618968621,861
MYC,CXCR4,Activation,1.0,A,0.3311205673759182,0.5386666666666852,0.8089884,1.1732808,0.8439367278205216,5.79581077637284,862
TP53,HRAS,Activation,1.0,A,0.1293049645390148,0.1328794326241216,0.14933354,0.16970383,0.06749880073280255,1.228662006153853,863
RELA,MYC,Activation,1.0,A,0.1807092198581698,0.3311205673759182,0.20494032,0.8089884,0.5620944333427895,3.4598725490994107,864
CREB1,PSEN1,Activation,1.0,A,0.161588652482281,0.052255319148936,0.18615851,0.05384364,-0.022138813964144192,0.32123493645563084,865
STAT3,SOCS3,Activation,1.0,A,0.4604822695035931,0.5331631205673991,0.69830936,1.147912,0.824309634858531,5.733868182593359,866
STAT1,SOCS3,Activation,1.0,A,0.6270638297871766,0.5331631205673991,1.4281144,1.147912,0.824309634858531,5.733868182593359,867
RELA,TP53,Activation,1.0,A,0.1807092198581698,0.1293049645390148,0.20494032,0.14933354,0.051738907655766615,1.188431249369202,868
TP53,RELA,Activation,1.0,A,0.1293049645390148,0.1807092198581698,0.14933354,0.20494032,0.09476023465495319,1.7669878469389426,869
NFKB1,TP53,Activation,1.0,A,0.1794042553191626,0.1293049645390148,0.2344443,0.14933354,0.051738907655766615,1.188431249369202,870
MYC,ODC1,Activation,1.0,A,0.3311205673759182,0.2365957446808715,0.8089884,0.6074509,0.4061708087398443,2.3959925363497545,871
RELA,CD40LG,Activation,1.0,A,0.1807092198581698,0.156595744680862,0.20494032,0.43932667,0.2760980464738679,1.4955898845028062,872
MYC,TP53,Activation,1.0,A,0.3311205673759182,0.1293049645390148,0.8089884,0.14933354,0.051738907655766615,1.188431249369202,873
TP53,BTG2,Activation,1.0,A,0.1293049645390148,0.3181843971631507,0.14933354,0.49057263,0.31574553554889134,3.3142755245454363,874
TP53,LITAF,Activation,1.0,A,0.1293049645390148,0.435177304964583,0.14933354,0.6404328,0.43168793281993795,4.631034579941469,875
RELA,NFKBIA,Activation,1.0,A,0.1807092198581698,0.5683404255319079,0.20494032,2.0078466,1.4896156933016687,6.129789916029218,876
IRF1,IRF2,Activation,1.0,A,0.688113475177195,0.2436312056737802,1.7007551,0.29652157,0.1656139489546169,2.4751768830370042,877
TP53,ING1,Activation,1.0,A,0.1293049645390148,0.0683120567375891,0.14933354,0.07216946,-0.0079606670772316,0.5019540502660321,878
TP53,PCNA,Activation,1.0,A,0.1293049645390148,0.0830638297872362,0.14933354,0.10604122,0.01824491546140788,0.6679857449328448,879
TP53,MYC,Repression,-1.0,A,0.1293049645390148,0.3311205673759182,0.14933354,0.8089884,0.5620944333427895,3.4598725490994107,880
ATF2,JUN,Activation,1.0,A,0.0854468085106408,0.0602553191489359,0.090325005,0.07529028,-0.005546180611271853,0.4112752016403139,881
NFKB1,NFKBIA,Activation,1.0,A,0.1794042553191626,0.5683404255319079,0.2344443,2.0078466,1.4896156933016687,6.129789916029218,882
STAT3,MCL1,Activation,1.0,A,0.4604822695035931,0.5070070921986273,0.69830936,0.80339533,0.5577672399070368,5.4394812162805675,883
SP3,UTRN,Activation,1.0,A,0.1016737588652526,0.0549219858156026,0.10893454,0.058098894,-0.018846649343236516,0.35124835818385813,884
IRF1,TAP2,Activation,1.0,A,0.688113475177195,0.1812765957446947,1.7007551,0.22718127,0.1119674022471525,1.7733736813492051,885
JUN,NR3C1,Repression,-1.0,A,0.0602553191489359,0.2095319148936343,0.07529028,0.26423386,0.14063389922030559,2.0913882349802555,886
TP53,DNMT1,Repression,-1.0,A,0.1293049645390148,0.1716879432624241,0.14933354,0.21526648,0.10274928034337322,1.665453079815777,887
TP53,MAP4,Repression,-1.0,A,0.1293049645390148,0.1001418439716354,0.14933354,0.112565786,0.023292779901927085,0.8601993606817325,888
STAT1,IRF1,Activation,1.0,A,0.6270638297871766,0.688113475177195,1.4281144,1.7007551,1.2520280494896965,7.477839560034218,889
STAT6,IRF1,Activation,1.0,A,0.1723120567376015,0.688113475177195,0.2058475,1.7007551,1.2520280494896965,7.477839560034218,890
TP53,CDKN1B,Activation,1.0,A,0.1293049645390148,0.2375035460993113,0.14933354,0.28443575,0.15626350617995324,2.4062098714061735,891
MYC,CCND2,Activation,1.0,A,0.3311205673759182,0.2620709219858391,0.8089884,0.51661223,0.3358916067029488,2.6827165013705203,892
TP53,CASP1,Activation,1.0,A,0.1293049645390148,0.1602836879432738,0.14933354,0.19024418,0.08339026422030789,1.5370978081695097,893
STAT1,PSMB9,Activation,1.0,A,0.6270638297871766,0.7603404255317429,1.4281144,1.8806359,1.3911965235080674,8.29075628045978,894
NR1H2,SREBF1,Activation,1.0,A,0.2883404255319415,0.0503262411347516,0.37692514,0.05214155,-0.023455670837929102,0.29952309946074246,895
ETS1,TP53,Activation,1.0,A,0.3447375886525156,0.1293049645390148,0.4792279,0.14933354,0.051738907655766615,1.188431249369202,896
ETS2,TP53,Activation,1.0,A,0.0740425531914905,0.1293049645390148,0.0833466,0.14933354,0.051738907655766615,1.188431249369202,897
FLI1,TGFBR2,Activation,1.0,A,0.1251631205673831,0.1269219858156103,0.13645296,0.14343233,0.047173315382650474,1.1616107448461017,898
TP53,NDRG1,Activation,1.0,A,0.1293049645390148,0.0555460992907799,0.14933354,0.059233632,-0.01796873599244722,0.3582727760351455,899
NFKB1,FAS,Activation,1.0,A,0.1794042553191626,0.1866099290780287,0.2344443,0.24397714,0.12496187190545369,1.8334005248056686,900
STAT5A,CCND2,Activation,1.0,A,0.1891063829787382,0.2620709219858391,0.24562192,0.51661223,0.3358916067029488,2.6827165013705203,901
NFKB1,ICAM1,Activation,1.0,A,0.1794042553191626,0.0744397163120579,0.2344443,0.08595649,0.002705951741149802,0.5709210618968621,902
STAT5A,IRF1,Repression,-1.0,A,0.1891063829787382,0.688113475177195,0.24562192,1.7007551,1.2520280494896965,7.477839560034218,903
RELA,BCL3,Activation,1.0,A,0.1807092198581698,0.1581843971631317,0.20494032,0.1880307,0.08167775997377248,1.5134702208515403,904
IRF1,PSMB9,Activation,1.0,A,0.688113475177195,0.7603404255317429,1.7007551,1.8806359,1.3911965235080674,8.29075628045978,905
RELA,NFKB1,Activation,1.0,A,0.1807092198581698,0.1794042553191626,0.20494032,0.2344443,0.11758659452253514,1.7523004277953407,906
STAT6,BCL2L1,Activation,1.0,A,0.1723120567376015,0.1603404255319263,0.2058475,0.21736424,0.10437225543608333,1.537736391610536,907
ETS1,CSNK2A2,Activation,1.0,A,0.3447375886525156,0.0523120567375884,0.4792279,0.054921634,-0.021304801773955134,0.32187351989665614,908
STAT3,BCL2,Activation,1.0,A,0.4604822695035931,0.2306382978723602,0.69830936,0.28687465,0.15815041123754367,2.3289412750420033,909
MYC,PTMA,Activation,1.0,A,0.3311205673759182,0.9989219858152256,0.8089884,17.166649,13.217534392540394,10.97599964997234,910
SMAD3,MYC,Repression,-1.0,A,0.0575886524822693,0.3311205673759182,0.06116265,0.8089884,0.5620944333427895,3.4598725490994107,911
ATF4,DDIT3,Activation,1.0,A,0.4204255319149359,0.0634893617021275,0.72207737,0.06887882,-0.010506538272733368,0.44767445777880444,912
CTCF,APP,Activation,1.0,A,0.1010496453900753,0.058496453900709,0.11040973,0.06388601,-0.014369328235662504,0.3914791149685044,913
E2F4,MYC,Repression,-1.0,A,0.2363687943262616,0.3311205673759182,0.32750267,0.8089884,0.5620944333427895,3.4598725490994107,914
ETS1,PARP1,Activation,1.0,A,0.3447375886525156,0.2643404255319386,0.4792279,0.35956192,0.21438641000151024,2.708259839011568,915
RELA,BCL2L1,Activation,1.0,A,0.1807092198581698,0.1603404255319263,0.20494032,0.21736424,0.10437225543608333,1.537736391610536,916
HSF1,HSPA4,Activation,1.0,A,0.2119716312056913,0.1217021276595813,0.2508444,0.14661022,0.04963195522580351,1.1028610682716908,917
STAT3,SOCS1,Activation,1.0,A,0.4604822695035931,0.5075177304964992,0.69830936,1.407889,1.0254461784466964,5.445228467249797,918
MYC,ENO1,Activation,1.0,A,0.3311205673759182,0.9109219858153014,0.8089884,6.9647617,5.324634829894464,9.985556732941669,920
NFKB1,BCL2L1,Activation,1.0,A,0.1794042553191626,0.1603404255319263,0.2344443,0.21736424,0.10437225543608333,1.537736391610536,921
TP53,BCL2L1,Repression,-1.0,A,0.1293049645390148,0.1603404255319263,0.14933354,0.21736424,0.10437225543608333,1.537736391610536,922
ETS1,ECE1,Activation,1.0,A,0.3447375886525156,0.0598581560283686,0.4792279,0.06519099,-0.013359703666367196,0.40680511755313187,923
JUN,APP,Activation,1.0,A,0.0602553191489359,0.058496453900709,0.07529028,0.06388601,-0.014369328235662504,0.3914791149685044,924
TP53,BAX,Activation,1.0,A,0.1293049645390148,0.4111773049645802,0.14933354,0.6606856,0.44735692734630905,4.360913784387385,925
SREBF2,ACLY,Activation,1.0,A,0.1136453900709278,0.089418439716315,0.13406985,0.09980003,0.013416290681227237,0.73950709032778,926
TP53,CCNG1,Activation,1.0,A,0.1293049645390148,0.3872907801418823,0.14933354,0.530013,0.34625938754209984,4.092070155715352,927
SREBF1,ACLY,Activation,1.0,A,0.0503262411347516,0.089418439716315,0.05214155,0.09980003,0.013416290681227237,0.73950709032778,928
STAT1,IRF8,Activation,1.0,A,0.6270638297871766,0.0748936170212778,1.4281144,0.11557343,0.025619705431891984,0.5760297294250715,929
STAT5A,BCL2L1,Activation,1.0,A,0.1891063829787382,0.1603404255319263,0.24562192,0.21736424,0.10437225543608333,1.537736391610536,930
ATF6,ATP2A2,Activation,1.0,A,0.1092765957446862,0.0830638297872362,0.11943078,0.09906259,0.012845755084987358,0.6679857449328448,931
HIF1A,TFRC,Activation,1.0,A,0.3612482269503899,0.1278865248227026,0.61443985,0.17934926,0.07496118568078487,1.1724666633435472,932
JUN,CCL5,Activation,1.0,A,0.0602553191489359,0.3173333333333634,0.07529028,2.0234694,1.5017025932703936,3.3046967729300434,933
SREBF2,LDLR,Activation,1.0,A,0.1136453900709278,0.0564539007092196,0.13406985,0.06382932,-0.014413187618054072,0.3684901110915634,934
STAT1,SOCS1,Activation,1.0,A,0.6270638297871766,0.5075177304964992,1.4281144,1.407889,1.0254461784466964,5.445228467249797,935
IRF1,SOCS1,Activation,1.0,A,0.688113475177195,0.5075177304964992,1.7007551,1.407889,1.0254461784466964,5.445228467249797,936
STAT3,PRF1,Activation,1.0,A,0.4604822695035931,0.1868368794326387,0.69830936,0.44273052,0.2787315049101625,1.8359548585697738,937
JUN,TP53,Repression,-1.0,A,0.0602553191489359,0.1293049645390148,0.07529028,0.14933354,0.051738907655766615,1.188431249369202,938
JUN,FAS,Activation,1.0,A,0.0602553191489359,0.1866099290780287,0.07529028,0.24397714,0.12496187190545369,1.8334005248056686,939
MYC,HSPA4,Activation,1.0,A,0.3311205673759182,0.1217021276595813,0.8089884,0.14661022,0.04963195522580351,1.1028610682716908,940
HIF1A,PFKFB3,Activation,1.0,A,0.3612482269503899,0.1428085106383072,0.61443985,0.17549106,0.07197621003881709,1.3404141083334389,941
STAT3,JUNB,Activation,1.0,A,0.4604822695035931,0.6811914893615981,0.69830936,1.8379467,1.3581691474842503,7.399932380229097,942
YY1,MYC,Repression,-1.0,A,0.2540141843971856,0.3311205673759182,0.3112751,0.8089884,0.5620944333427895,3.4598725490994107,943
IRF1,CCL5,Activation,1.0,A,0.688113475177195,0.3173333333333634,1.7007551,2.0234694,1.5017025932703936,3.3046967729300434,944
PRDM1,MYC,Repression,-1.0,A,0.2035744680851229,0.3311205673759182,0.3290873,0.8089884,0.5620944333427895,3.4598725490994107,945
REL,ICAM1,Activation,1.0,A,0.1535886524822801,0.0744397163120579,0.19568972,0.08595649,0.002705951741149802,0.5709210618968621,946
ETS1,CTSB,Activation,1.0,A,0.3447375886525156,0.1479148936170312,0.4792279,0.18332127,0.07803421276586404,1.397886618025797,947
SMAD3,TGFB1,Activation,1.0,A,0.0575886524822693,0.3980141843972027,0.06116265,0.68116647,0.46320237291064187,4.212762426069305,948
TP53,HIPK2,Activation,1.0,A,0.1293049645390148,0.061560283687943,0.14933354,0.06660941,-0.012262313912056916,0.4259626207839149,949
STAT4,MYC,Activation,1.0,A,0.213673758865266,0.3311205673759182,0.25526935,0.8089884,0.5620944333427895,3.4598725490994107,950
SP3,CTSB,Activation,1.0,A,0.1016737588652526,0.1479148936170312,0.10893454,0.18332127,0.07803421276586404,1.397886618025797,951
HIF1A,TP53,Activation,1.0,A,0.3612482269503899,0.1293049645390148,0.61443985,0.14933354,0.051738907655766615,1.188431249369202,952
MYC,NDRG1,Repression,-1.0,A,0.3311205673759182,0.0555460992907799,0.8089884,0.059233632,-0.01796873599244722,0.3582727760351455,953
CREB1,BCL2,Activation,1.0,A,0.161588652482281,0.2306382978723602,0.18615851,0.28687465,0.15815041123754367,2.3289412750420033,954
STAT1,TAP1,Activation,1.0,A,0.6270638297871766,0.623319148936116,1.4281144,1.6337918,1.2002205176339653,6.748577270383005,955
YY1,TP53,Activation,1.0,A,0.2540141843971856,0.1293049645390148,0.3112751,0.14933354,0.051738907655766615,1.188431249369202,956
MAZ,MYC,Activation,1.0,A,0.1830921985815744,0.3311205673759182,0.2281472,0.8089884,0.5620944333427895,3.4598725490994107,957
HIF1A,BNIP3,Activation,1.0,A,0.3612482269503899,0.4461276595745134,0.61443985,0.91476357,0.6439295652631155,4.7542811840595265,958
NFKB1,BCL2,Activation,1.0,A,0.1794042553191626,0.2306382978723602,0.2344443,0.28687465,0.15815041123754367,2.3289412750420033,959
ELK1,SOD1,Activation,1.0,A,0.1042836879432671,0.7503546099289146,0.1169344,2.0103245,1.4915327715099604,8.178365594839278,960
TP53,PTEN,Activation,1.0,A,0.1293049645390148,0.1482553191489461,0.14933354,0.16425686,0.06328464056160114,1.401718118671954,961
ETS1,PSEN1,Activation,1.0,A,0.3447375886525156,0.052255319148936,0.4792279,0.05384364,-0.022138813964144192,0.32123493645563084,962
ATF6,HSPA5,Activation,1.0,A,0.1092765957446862,0.2828936170213025,0.11943078,0.51854366,0.33738589717626943,2.9170766242271364,963
MYC,TFRC,Activation,1.0,A,0.3311205673759182,0.1278865248227026,0.8089884,0.17934926,0.07496118568078487,1.1724666633435472,964
STAT5B,BCL2L1,Activation,1.0,A,0.1249361702127731,0.1603404255319263,0.13957381,0.21736424,0.10437225543608333,1.537736391610536,965
STAT1,UPP1,Activation,1.0,A,0.6270638297871766,0.216113475177323,1.4281144,0.27257586,0.14708785878831537,2.165463914139295,966
HIF1A,LGALS1,Repression,-1.0,A,0.3612482269503899,0.1731631205673888,0.61443985,0.44641954,0.28158559097172803,1.6820562492824582,967
JUN,CCND2,Activation,1.0,A,0.0602553191489359,0.2620709219858391,0.07529028,0.51661223,0.3358916067029488,2.6827165013705203,968
FOXO3,TXNIP,Activation,1.0,A,0.0660425531914895,0.3029219858156312,0.071148284,0.3971821,0.2434920346312453,3.1424965789093875,969
MYC,CDK6,Activation,1.0,A,0.3311205673759182,0.0884539007092227,0.8089884,0.11165829,0.022590676989899916,0.7286511718303347,970
NFE2L2,SQSTM1,Activation,1.0,A,0.2943546099291053,0.3210780141844276,0.37749207,0.4219214,0.26263210199409165,3.346843280037772,971
IRF1,IFIT3,Activation,1.0,A,0.688113475177195,0.2058439716312225,1.7007551,0.42979532,0.26872392186004024,2.049880311313552,972
STAT2,IFIT3,Activation,1.0,A,0.1201134751773116,0.2058439716312225,0.13775803,0.42979532,0.26872392186004024,2.049880311313552,973
IRF9,IFIT3,Activation,1.0,A,0.2972482269503823,0.2058439716312225,0.370684,0.42979532,0.26872392186004024,2.049880311313552,974
MYC,SRM,Activation,1.0,A,0.3311205673759182,0.4207092198581983,0.8089884,1.2351061,0.8917691404889555,4.468195802479787,975
HBP1,MIF,Repression,-1.0,A,0.1248794326241206,0.6962836879431454,0.13429677,2.012479,1.4931996446685887,7.5697955755419,976
RELA,AKT1,Repression,-1.0,A,0.1807092198581698,0.0530496453900707,0.20494032,0.05662377,-0.019987909311325804,0.33017510462999605,977
TP53,RASSF1,Repression,-1.0,A,0.1293049645390148,0.1198865248227016,0.14933354,0.12947366,0.036373903754360976,1.0824263981588518,978
ETS1,CSNK2A1,Activation,1.0,A,0.3447375886525156,0.1297588652482347,0.4792279,0.15228449,0.05402197070865782,1.1935399168974117,979
HIF1A,GAPDH,Activation,1.0,A,0.3612482269503899,0.9711205673755332,0.61443985,12.669569,9.738276121849267,10.663093763869806,980
CTCF,RBL2,Activation,1.0,A,0.1010496453900753,0.1609078014184512,0.11040973,0.1804849,0.07583979688239295,1.5441222260207983,981
SMAD4,POR,Activation,1.0,A,0.0519716312056735,0.0608794326241132,0.0537869,0.063942716,-0.014325456474542439,0.4182996194916012,982
STAT1,LY96,Activation,1.0,A,0.6270638297871766,0.1354326241134836,1.4281144,0.17237028,0.06956175451967855,1.257398261000032,983
YY1,APH1A,Activation,1.0,A,0.2540141843971856,0.3471205673759201,0.3112751,0.47395256,0.3028870771699065,3.6399530794688006,984
ETS1,MCL1,Activation,1.0,A,0.3447375886525156,0.5070070921986273,0.4792279,0.80339533,0.5577672399070368,5.4394812162805675,985
FOXO3,CCNG2,Activation,1.0,A,0.0660425531914895,0.0557163120567374,0.071148284,0.06303501,-0.015027721857381068,0.36018852635822457,986
ELK1,MCL1,Activation,1.0,A,0.1042836879432671,0.5070070921986273,0.1169344,0.80339533,0.5577672399070368,5.4394812162805675,987
STAT1,IFIT3,Activation,1.0,A,0.6270638297871766,0.2058439716312225,1.4281144,0.42979532,0.26872392186004024,2.049880311313552,988
RUNX1,PRKCQ,Activation,1.0,A,0.0934468085106417,0.1442836879432719,0.10536023,0.16227065,0.06174796841660273,1.35701727780012,989
MYC,JUNB,Repression,-1.0,A,0.3311205673759182,0.6811914893615981,0.8089884,1.8379467,1.3581691474842503,7.399932380229097,990
CREB1,NOLC1,Activation,1.0,A,0.161588652482281,0.1707801418439843,0.18615851,0.25765136,0.13554121295125449,1.655235744759358,991
JUN,EZR,Activation,1.0,A,0.0602553191489359,0.2700141843971875,0.07529028,0.35536268,0.21113758176171532,2.7721181831141886,992
STAT1,GATA3,Activation,1.0,A,0.6270638297871766,0.1499574468085208,1.4281144,0.19773243,0.08918370257263934,1.4208756219027405,993
CTCF,RAD21,Activation,1.0,A,0.1010496453900753,0.2835177304964799,0.11040973,0.36903715,0.22171711622514884,2.9241010420784246,994
LEF1,CTNNB1,Activation,1.0,A,0.3310070921986132,0.1661276595744802,0.48649016,0.20193277,0.09243338185001819,1.6028719025952092,995
NFATC1,ICAM1,Activation,1.0,A,0.1238014184397233,0.0744397163120579,0.14723408,0.08595649,0.002705951741149802,0.5709210618968621,996
TP53,DUSP11,Activation,1.0,A,0.1293049645390148,0.1652765957446928,0.14933354,0.1846269,0.07904434022100437,1.5932931509798154,997
JUND,TGFB1,Activation,1.0,A,0.1600567375886638,0.3980141843972027,0.19455585,0.68116647,0.46320237291064187,4.212762426069305,998
NFKB1,CFLAR,Activation,1.0,A,0.1794042553191626,0.4389787234042998,0.2344443,0.85717106,0.5993719374807853,4.673819670490225,999
RUNX1,LGALS3,Activation,1.0,A,0.0934468085106417,0.0689361702127665,0.10536023,0.11228298,0.02307398123379108,0.5089784681173207,1000
MYC,BRD7,Repression,-1.0,A,0.3311205673759182,0.2200851063829972,0.8089884,0.2724623,0.14700000076283667,2.210164755011129,1001
MYC,HSPD1,Activation,1.0,A,0.3311205673759182,0.4491914893617478,0.8089884,1.0460519,0.7455034772232597,4.788764689874942,1002
TP53,CCNG2,Activation,1.0,A,0.1293049645390148,0.0557163120567374,0.14933354,0.06303501,-0.015027721857381068,0.36018852635822457,1003
ETS2,FLI1,Activation,1.0,A,0.0740425531914905,0.1251631205673831,0.0833466,0.13645296,0.04177358249003716,1.1418146581742892,1004
JUND,CCL5,Activation,1.0,A,0.1600567375886638,0.3173333333333634,0.19455585,2.0234694,1.5017025932703936,3.3046967729300434,1005
STAT5A,CCND3,Activation,1.0,A,0.1891063829787382,0.3673758865248587,0.24562192,0.70402706,0.4808889377105518,3.8679273679151556,1006
MYC,RARA,Activation,1.0,A,0.3311205673759182,0.0785248226950371,0.8089884,0.086807445,0.0033643105476944862,0.6168990696507488,1007
RARA,MYC,Activation,1.0,A,0.0785248226950371,0.3311205673759182,0.086807445,0.8089884,0.5620944333427895,3.4598725490994107,1008
STAT6,RHOA,Activation,1.0,A,0.1723120567376015,0.5723687943262307,0.2058475,1.103601,0.7900275199678477,6.175129340342035,1009
SP3,UBC,Activation,1.0,A,0.1016737588652526,0.6899290780140729,0.10893454,1.4671006,1.0712564484487543,7.498274230147036,1010
ETS1,CD4,Activation,1.0,A,0.3447375886525156,0.1014468085106427,0.4792279,0.12345944,0.031720878974558095,0.8748867798253357,1011
RELA,NFKB2,Activation,1.0,A,0.1807092198581698,0.3430354609929409,0.20494032,0.4860933,0.3122800099301221,3.593975071714914,1012
CEBPB,XBP1,Activation,1.0,A,0.3420141843971961,0.704340425531791,0.4965322,1.8358511,1.3565478435198868,7.660474424167533,1013
JUN,ETS1,Activation,1.0,A,0.0602553191489359,0.3447375886525156,0.07529028,0.4792279,0.3069684522679051,3.6131325749456997,1014
ETS1,CD6,Activation,1.0,A,0.3447375886525156,0.3152907801418738,0.4792279,0.46152306,0.29327073930721437,3.2817077690531,1015
ATF4,DDIT4,Activation,1.0,A,0.4204255319149359,0.5253900709220157,0.72207737,1.8319031,1.3534933922642522,5.646382251172855,1016
IRF1,HLA-A,Activation,1.0,A,0.688113475177195,0.9955744680847322,1.7007551,10.989139,8.43817695176168,10.938323226951834,1017
HIF1A,HK2,Activation,1.0,A,0.3612482269503899,0.0532198581560282,0.61443985,0.058893263,-0.018232069457348194,0.33209085495307505,1018
MYC,MDM2,Activation,1.0,A,0.3311205673759182,0.0588936170212764,0.8089884,0.062978216,-0.01507166170150784,0.39594919905568765,1019
SP3,CD2AP,Activation,1.0,A,0.1016737588652526,0.0570780141843969,0.10893454,0.060538556,-0.016959154748701646,0.3755145289428507,1020
STAT1,GBP1,Activation,1.0,A,0.6270638297871766,0.3644822695035817,1.4281144,0.59696215,0.39805597195981995,3.8353596124228186,1021
TFDP1,PCNA,Activation,1.0,A,0.1552907801418548,0.0830638297872362,0.21526535,0.10604122,0.01824491546140788,0.6679857449328448,1022
RARA,ICAM1,Activation,1.0,A,0.0785248226950371,0.0744397163120579,0.086807445,0.08595649,0.002705951741149802,0.5709210618968621,1023
ERF,ETS2,Repression,-1.0,A,0.0548652482269501,0.0740425531914905,0.057928655,0.0833466,0.0006867567594963677,0.5664509778096789,1024
STAT3,S100A11,Activation,1.0,A,0.4604822695035931,0.4984397163121083,0.69830936,1.2318825,0.8892751361658391,5.3430551166856874,1025
HIF1A,BAX,Activation,1.0,A,0.3612482269503899,0.4111773049645802,0.61443985,0.6606856,0.44735692734630905,4.360913784387385,1026
NFKB1,CDK4,Activation,1.0,A,0.1794042553191626,0.2224113475177493,0.2344443,0.3623392,0.21653510969331582,2.236346676093204,1027
STAT3,CCND2,Activation,1.0,A,0.4604822695035931,0.2620709219858391,0.69830936,0.51661223,0.3358916067029488,2.6827165013705203,1028
TP53,BCL3,Repression,-1.0,A,0.1293049645390148,0.1581843971631317,0.14933354,0.1880307,0.08167775997377248,1.5134702208515403,1029
MYC,BSG,Activation,1.0,A,0.3311205673759182,0.3588652482269853,0.8089884,0.53681886,0.3515248808609125,3.7721398517612243,1030
TP53,TRIM22,Activation,1.0,A,0.1293049645390148,0.3143829787234339,0.14933354,0.41760677,0.2592939999117466,3.27149043399668,1031
SP3,MYC,Activation,1.0,A,0.1016737588652526,0.3311205673759182,0.10893454,0.8089884,0.5620944333427895,3.4598725490994107,1032
ETS1,TIMP1,Activation,1.0,A,0.3447375886525156,0.14104964539008,0.4792279,0.22542197,0.11060628368230002,1.320618021661626,1033
MYC,HBP1,Activation,1.0,A,0.3311205673759182,0.1248794326241206,0.8089884,0.13429677,0.04010540182821182,1.1386217409691575,1034
STAT4,IRF1,Activation,1.0,A,0.213673758865266,0.688113475177195,0.25526935,1.7007551,1.2520280494896965,7.477839560034218,1035
MYC,DNPH1,Activation,1.0,A,0.3311205673759182,0.2582695035461223,0.8089884,0.3507096,0.20753763088821797,2.639931410821765,1036
JUN,ICAM1,Activation,1.0,A,0.0602553191489359,0.0744397163120579,0.07529028,0.08595649,0.002705951741149802,0.5709210618968621,1037
STAT2,IRF1,Activation,1.0,A,0.1201134751773116,0.688113475177195,0.13775803,1.7007551,1.2520280494896965,7.477839560034218,1038
CEBPB,TOP1,Activation,1.0,A,0.3420141843971961,0.2551489361702354,0.4965322,0.37181628,0.22386724720743645,2.6048093215653227,1039
SREBF1,FDPS,Activation,1.0,A,0.0503262411347516,0.2485673758865467,0.05214155,0.33516294,0.19550963819370892,2.530733642406284,1040
YY1,HCFC1,Activation,1.0,A,0.2540141843971856,0.0735886524822706,0.3112751,0.0796587,-0.0021664627910746317,0.5613423102814694,1041
TP53,MDM2,Activation,1.0,A,0.1293049645390148,0.0588936170212764,0.14933354,0.062978216,-0.01507166170150784,0.39594919905568765,1042
IRF1,EIF2AK2,Activation,1.0,A,0.688113475177195,0.2360851063829991,1.7007551,0.3357833,0.19598959244420164,2.3902452853805185,1043
STAT2,OAS1,Activation,1.0,A,0.1201134751773116,0.1758865248227083,0.13775803,0.2800058,0.15283618441199537,1.7127082544517163,1044
STAT1,OAS1,Activation,1.0,A,0.6270638297871766,0.1758865248227083,1.4281144,0.2800058,0.15283618441199537,1.7127082544517163,1045
MYC,VHL,Activation,1.0,A,0.3311205673759182,0.0857304964539032,0.8089884,0.09015483,0.0059540836774670146,0.6979991666610765,1046
STAT3,PIM1,Activation,1.0,A,0.4604822695035931,0.6251347517729938,0.69830936,1.2560742,0.9079915415460145,6.769011940495824,1047
TP53,MDM4,Activation,1.0,A,0.1293049645390148,0.2310921985815801,0.14933354,0.29544416,0.16478038858801783,2.334049942570213,1048
STAT1,STAT3,Activation,1.0,A,0.6270638297871766,0.4604822695035931,1.4281144,0.69830936,0.47646532171654443,4.915842794639156,1049
STAT3,STAT1,Activation,1.0,A,0.4604822695035931,0.6270638297871766,0.69830936,1.4281144,1.0410939744005234,6.790723777490694,1050
STAT1,PML,Activation,1.0,A,0.6270638297871766,0.1000283687943305,1.4281144,0.1106935,0.02184424739848058,0.8589221937996808,1051
MYC,SRSF1,Activation,1.0,A,0.3311205673759182,0.2922553191489632,0.8089884,0.4166419,0.25854750842668484,3.02244289199646,1052
RELA,MCL1,Activation,1.0,A,0.1807092198581698,0.5070070921986273,0.20494032,0.80339533,0.5577672399070368,5.4394812162805675,1053
STAT1,GLS,Activation,1.0,A,0.6270638297871766,0.1628936170212883,1.4281144,0.19262688,0.0852336889940668,1.5664726464567151,1054
JUN,CD44,Activation,1.0,A,0.0602553191489359,0.7127375886523512,0.07529028,1.6537209,1.2156390750095136,7.754984773439319,1055
STAT3,IRF1,Activation,1.0,A,0.4604822695035931,0.688113475177195,0.69830936,1.7007551,1.2520280494896965,7.477839560034218,1056
CTCF,ATXN7,Activation,1.0,A,0.1010496453900753,0.1150070921985876,0.11040973,0.12550159,0.03330083024904996,1.027508222230599,1057
STAT3,COPS5,Activation,1.0,A,0.4604822695035931,0.1689645390071046,0.69830936,0.19920936,0.09032635978970728,1.6348010746465187,1058
NFKB1,CTCF,Repression,-1.0,A,0.1794042553191626,0.1010496453900753,0.2344443,0.11040973,0.02162470291195287,0.8704166957381525,1059
ATF4,MCL1,Activation,1.0,A,0.4204255319149359,0.5070070921986273,0.72207737,0.80339533,0.5577672399070368,5.4394812162805675,1060
GATA3,TGFBR3,Activation,1.0,A,0.1499574468085208,0.0523687943262409,0.19773243,0.060141467,-0.017266370806110116,0.3225121033376824,1061
FLI1,EYA3,Activation,1.0,A,0.1251631205673831,0.066212765957447,0.13645296,0.07211278,-0.008004518722917867,0.4783264629480626,1062
CREB1,JUN,Repression,-1.0,A,0.161588652482281,0.0602553191489359,0.18615851,0.07529028,-0.005546180611271853,0.4112752016403139,1064
MYC,ATF4,Activation,1.0,A,0.3311205673759182,0.4204255319149359,0.8089884,0.72207737,0.4948539306295212,4.465002885274656,1065
TP53,EI24,Activation,1.0,A,0.1293049645390148,0.2089078014184569,0.14933354,0.2570864,0.13510412004816855,2.0843638171289673,1067
STAT4,S100A4,Activation,1.0,A,0.213673758865266,0.3668652482269863,0.25526935,1.0475209,0.7466399992330185,3.8621801169459196,1068
ETS1,ATXN2,Activation,1.0,A,0.3447375886525156,0.0899290780141874,0.4792279,0.0971334,0.011353197633655682,0.7452543412970158,1069
STAT3,USP7,Repression,-1.0,A,0.4604822695035931,0.0782978723404272,0.69830936,0.08425431,0.0013890252370171176,0.6143447358866445,1070
FOXO1,KLF2,Activation,1.0,A,0.071546099290781,0.3204539007092503,0.07511976,0.6055835,0.4047260563906113,3.3398188621864846,1071
RELA,SOCS3,Activation,1.0,A,0.1807092198581698,0.5331631205673991,0.20494032,1.147912,0.824309634858531,5.733868182593359,1072
MYC,PARP1,Activation,1.0,A,0.3311205673759182,0.2643404255319386,0.8089884,0.35956192,0.21438641000151024,2.708259839011568,1073
HIF1A,MCL1,Activation,1.0,A,0.3612482269503899,0.5070070921986273,0.61443985,0.80339533,0.5577672399070368,5.4394812162805675,1074
MYC,PTEN,Activation,1.0,A,0.3311205673759182,0.1482553191489461,0.8089884,0.16425686,0.06328464056160114,1.401718118671954,1075
FOXO1,CDKN1B,Activation,1.0,A,0.071546099290781,0.2375035460993113,0.07511976,0.28443575,0.15626350617995324,2.4062098714061735,1076
RELA,TIMP1,Repression,-1.0,A,0.1807092198581698,0.14104964539008,0.20494032,0.22542197,0.11060628368230002,1.320618021661626,1077
RUNX3,RUNX1,Repression,-1.0,A,0.3294184397163435,0.0934468085106417,0.5016945,0.10536023,0.017718053566632166,0.7848465146406404,1078
STAT3,TIMP1,Activation,1.0,A,0.4604822695035931,0.14104964539008,0.69830936,0.22542197,0.11060628368230002,1.320618021661626,1079
MYC,ITGB1,Repression,-1.0,A,0.3311205673759182,0.2645673758865486,0.8089884,0.4071064,0.2511701730801543,2.7108141727756734,1080
HIF1A,CITED2,Activation,1.0,A,0.3612482269503899,0.1751489361702259,0.61443985,0.2149266,0.10248632520336179,1.704406669718375,1081
RELA,BCL2,Activation,1.0,A,0.1807092198581698,0.2306382978723602,0.20494032,0.28687465,0.15815041123754367,2.3289412750420033,1082
RELA,SOD2,Activation,1.0,A,0.1807092198581698,0.2563971631205902,0.20494032,0.39365864,0.24076603746276057,2.6188581572679,1083
RELA,BNIP3,Repression,-1.0,A,0.1807092198581698,0.4461276595745134,0.20494032,0.91476357,0.6439295652631155,4.7542811840595265,1084
ELK1,TBP,Activation,1.0,A,0.1042836879432671,0.0514609929078012,0.1169344,0.053276252,-0.022577785339278917,0.3122947682812645,1085
STAT2,PML,Activation,1.0,A,0.1201134751773116,0.1000283687943305,0.13775803,0.1106935,0.02184424739848058,0.8589221937996808,1086
NFKB1,SOD2,Activation,1.0,A,0.1794042553191626,0.2563971631205902,0.2344443,0.39365864,0.24076603746276057,2.6188581572679,1087
HIF1A,CXCR4,Activation,1.0,A,0.3612482269503899,0.5386666666666852,0.61443985,1.1732808,0.8439367278205216,5.79581077637284,1088
ETS1,CXCR4,Activation,1.0,A,0.3447375886525156,0.5386666666666852,0.4792279,1.1732808,0.8439367278205216,5.79581077637284,1089
JUN,VIM,Activation,1.0,A,0.0602553191489359,0.5879148936169974,0.07529028,1.475367,1.077651918524635,6.350101203183043,1090
HIF1A,NAMPT,Activation,1.0,A,0.3612482269503899,0.1856453900709364,0.61443985,0.251693,0.1309314054073026,1.8225446063082231,1091
REL,CCL5,Activation,1.0,A,0.1535886524822801,0.3173333333333634,0.19568972,2.0234694,1.5017025932703936,3.3046967729300434,1092
E2F4,RB1,Repression,-1.0,A,0.2363687943262616,0.1020141843971676,0.32750267,0.109275,0.020746795750527826,0.8812726142355979,1093
TP53,PYCARD,Activation,1.0,A,0.1293049645390148,0.0942411347517766,0.14933354,0.10206951,0.015172120477487946,0.7937866828150079,1094
SMAD4,MYC,Repression,-1.0,A,0.0519716312056735,0.3311205673759182,0.0537869,0.8089884,0.5620944333427895,3.4598725490994107,1095
STAT1,HLA-E,Activation,1.0,A,0.6270638297871766,0.9532482269500168,1.4281144,4.062216,3.079020757477704,10.46193997994675,1096
STAT4,TBX21,Activation,1.0,A,0.213673758865266,0.1123404255319206,0.25526935,0.14814219,0.05081719526888717,0.997494800502367,1097
CREB1,PPP2CA,Activation,1.0,A,0.161588652482281,0.269957446808535,0.18615851,0.35995984,0.2146942689791298,2.771479599673162,1098
ELK1,NR1H2,Activation,1.0,A,0.1042836879432671,0.2883404255319415,0.1169344,0.37692514,0.22781982163546596,2.978380634565653,1099
TP53,BTG3,Activation,1.0,A,0.1293049645390148,0.1390638297872429,0.14933354,0.17350525,0.070439847362031,1.298267601225709,1100
TP53,PRDM1,Activation,1.0,A,0.1293049645390148,0.2035744680851229,0.14933354,0.3290873,0.19080909456990372,2.0243369736725034,1101
RBPJ,PTEN,Repression,-1.0,A,0.2823262411347776,0.1482553191489461,0.48427397,0.16425686,0.06328464056160114,1.401718118671954,1102
NFATC2,CD40LG,Activation,1.0,A,0.1093900709219911,0.156595744680862,0.124991015,0.43932667,0.2760980464738679,1.4955898845028062,1103
ETS1,BAX,Repression,-1.0,A,0.3447375886525156,0.4111773049645802,0.4792279,0.6606856,0.44735692734630905,4.360913784387385,1104
LEF1,MYC,Activation,1.0,A,0.3310070921986132,0.3311205673759182,0.48649016,0.8089884,0.5620944333427895,3.4598725490994107,1105
ELF2,VCP,Activation,1.0,A,0.1085957446808563,0.2472624113475394,0.11506205,0.36404306,0.21785333596394027,2.5160462232626806,1106
STAT1,BAX,Activation,1.0,A,0.6270638297871766,0.4111773049645802,1.4281144,0.6606856,0.44735692734630905,4.360913784387385,1107
SMAD3,CCND2,Activation,1.0,A,0.0575886524822693,0.2620709219858391,0.06116265,0.51661223,0.3358916067029488,2.6827165013705203,1108
ATF4,CEBPB,Activation,1.0,A,0.4204255319149359,0.3420141843971961,0.72207737,0.4965322,0.3203562792341855,3.582480569776442,1109
HSF1,HSPA1A,Activation,1.0,A,0.2119716312056913,0.0649645390070922,0.2508444,0.07517663,-0.005634108267098316,0.4642776272454856,1110
STAT3,HIF1A,Activation,1.0,A,0.4604822695035931,0.3612482269503899,0.69830936,0.61443985,0.4115779533961427,3.7989603562843253,1111
STAT3,MYC,Activation,1.0,A,0.4604822695035931,0.3311205673759182,0.69830936,0.8089884,0.5620944333427895,3.4598725490994107,1112
LEF1,MYCBP,Activation,1.0,A,0.3310070921986132,0.0949787234042589,0.48649016,0.10706228,0.019034879493595846,0.8020882675483478,1113
STAT5A,PRF1,Activation,1.0,A,0.1891063829787382,0.1868368794326387,0.24562192,0.44273052,0.2787315049101625,1.8359548585697738,1114
HIF1A,EGLN1,Activation,1.0,A,0.3612482269503899,0.2064680851063998,0.61443985,0.2409709,0.12263603260891401,2.0569047291648395,1115
ZNF224,ALDOA,Repression,-1.0,A,0.1111489361702183,0.894127659574181,0.11823925,4.522123,3.4348372502905384,9.796536034398097,1116
YY1,FAS,Repression,-1.0,A,0.2540141843971856,0.1866099290780287,0.3112751,0.24397714,0.12496187190545369,1.8334005248056686,1117
FOXO1,BCL2L11,Activation,1.0,A,0.071546099290781,0.0675177304964542,0.07511976,0.0814744,-0.0007617092082844904,0.49301388209166463,1118
STAT3,TP53,Repression,-1.0,A,0.4604822695035931,0.1293049645390148,0.69830936,0.14933354,0.051738907655766615,1.188431249369202,1119
TP53,STAT3,Repression,-1.0,A,0.1293049645390148,0.4604822695035931,0.14933354,0.69830936,0.47646532171654443,4.915842794639156,1120
FOXO3,FOXO1,Activation,1.0,A,0.0660425531914895,0.071546099290781,0.071148284,0.07511976,-0.005678106910185432,0.538353306404526,1121
TP53,TGFB1,Activation,1.0,A,0.1293049645390148,0.3980141843972027,0.14933354,0.68116647,0.46320237291064187,4.212762426069305,1122
HIF1A,VHL,Activation,1.0,A,0.3612482269503899,0.0857304964539032,0.61443985,0.09015483,0.0059540836774670146,0.6979991666610765,1123
SRF,ACTB,Activation,1.0,A,0.0579858156028366,0.9780992907797826,0.06399954,14.077445,10.827508294082705,10.741639527115954,1124
HIF1A,PGK1,Activation,1.0,A,0.3612482269503899,0.7378156028367268,0.61443985,2.339423,1.7461465826934492,8.037238654372626,1125
HIF1A,LDHA,Activation,1.0,A,0.3612482269503899,0.8850496453897917,0.61443985,5.116992,3.8950698652824354,9.694362683834004,1126
MYC,HIF1A,Repression,-1.0,A,0.3311205673759182,0.3612482269503899,0.8089884,0.61443985,0.4115779533961427,3.7989603562843253,1127
IRF2,TAP1,Activation,1.0,A,0.2436312056737802,0.623319148936116,0.29652157,1.6337918,1.2002205176339653,6.748577270383005,1128
MYC,NCL,Activation,1.0,A,0.3311205673759182,0.526468085106412,0.8089884,1.3699344,0.9960818229180481,5.658515336552341,1129
TP53,MCM7,Repression,-1.0,A,0.1293049645390148,0.0639999999999999,0.14933354,0.08028284,-0.0016835840659754245,0.4534217087480403,1130
YY1,HSPA5,Activation,1.0,A,0.2540141843971856,0.2828936170213025,0.3112751,0.51854366,0.33738589717626943,2.9170766242271364,1131
MYC,NME1,Activation,1.0,A,0.3311205673759182,0.2917446808510908,0.8089884,0.9407295,0.6640186401091682,3.0166956410272245,1132
STAT1,MVP,Activation,1.0,A,0.6270638297871766,0.2183829787234225,1.4281144,0.26014972,0.13747412045860677,2.1910072517803423,1133
MYC,POLE3,Activation,1.0,A,0.3311205673759182,0.2056170212766125,0.8089884,0.27064687,0.14559545607108984,2.0473259775494466,1134
ZEB2,VIM,Activation,1.0,A,0.0756879432624127,0.5879148936169974,0.10104863,1.475367,1.077651918524635,6.350101203183043,1135
CTCF,MYC,Repression,-1.0,A,0.1010496453900753,0.3311205673759182,0.11040973,0.8089884,0.5620944333427895,3.4598725490994107,1136
TBX21,GATA3,Activation,1.0,A,0.1123404255319206,0.1499574468085208,0.14814219,0.19773243,0.08918370257263934,1.4208756219027405,1137
REL,NFKBIA,Activation,1.0,A,0.1535886524822801,0.5683404255319079,0.19568972,2.0078466,1.4896156933016687,6.129789916029218,1138
CREM,CD247,Repression,-1.0,A,0.492368794326292,0.4908368794326748,1.1949437,0.7392796,0.5081627890447219,5.2574849355881765,1139
STAT1,SMARCA4,Activation,1.0,A,0.6270638297871766,0.1353758865248311,1.4281144,0.16510792,0.06394308060355156,1.2567596775590055,1140
KMT2A,CDKN1B,Activation,1.0,A,0.2358581560283892,0.2375035460993113,0.28335768,0.28443575,0.15626350617995324,2.4062098714061735,1141
RELA,BIRC3,Activation,1.0,A,0.1807092198581698,0.3868368794326624,0.20494032,0.7075464,0.48361174735644963,4.086961488187143,1142
ELK1,PRKCA,Activation,1.0,A,0.1042836879432671,0.1379858156028456,0.1169344,0.16011423,0.06007960981055531,1.286134515846211,1143
TP53,DDB1,Activation,1.0,A,0.1293049645390148,0.1459290780141941,0.14933354,0.17015775,0.06784998526014743,1.37553619758988,1144
JUN,TGFB1,Activation,1.0,A,0.0602553191489359,0.3980141843972027,0.07529028,0.68116647,0.46320237291064187,4.212762426069305,1145
MYC,BCL2,Activation,1.0,A,0.3311205673759182,0.2306382978723602,0.8089884,0.28687465,0.15815041123754367,2.3289412750420033,1147
STAT1,TBX21,Activation,1.0,A,0.6270638297871766,0.1123404255319206,1.4281144,0.14814219,0.05081719526888717,0.997494800502367,1148
NFKB1,HIF1A,Activation,1.0,A,0.1794042553191626,0.3612482269503899,0.2344443,0.61443985,0.4115779533961427,3.7989603562843253,1149
RELA,HIF1A,Activation,1.0,A,0.1807092198581698,0.3612482269503899,0.20494032,0.61443985,0.4115779533961427,3.7989603562843253,1150
FOXO3,PRDX3,Activation,1.0,A,0.0660425531914895,0.2697872340425776,0.071148284,0.3902018,0.23809158222503832,2.7695638493500843,1151
STAT6,CISH,Activation,1.0,A,0.1723120567376015,0.5278865248227228,0.2058475,0.99125993,0.7031125447092819,5.67447992257798,1152
SP3,ADGRE5,Activation,1.0,A,0.1016737588652526,0.2173617021276777,0.10893454,0.28415087,0.15604310291913637,2.1795127498418707,1153
FOXO1,TXNIP,Activation,1.0,A,0.071546099290781,0.3029219858156312,0.07511976,0.3971821,0.2434920346312453,3.1424965789093875,1154
TP53,GSTP1,Activation,1.0,A,0.1293049645390148,0.4701843971631688,0.14933354,1.0052036,0.7139003512796092,5.025040563054638,1155
MYC,DFFA,Activation,1.0,A,0.3311205673759182,0.1129645390070979,0.8089884,0.13242447,0.03865685849337787,1.0045192183536544,1156
CREB1,AQP3,Activation,1.0,A,0.161588652482281,0.0663829787234045,0.18615851,0.07999924,-0.0019029970285128902,0.48024221327114147,1157
YY1,PRDM2,Activation,1.0,A,0.2540141843971856,0.1085390070922038,0.3112751,0.11829605,0.027726116292483536,0.954709709953611,1158
NFKB1,BCL3,Activation,1.0,A,0.1794042553191626,0.1581843971631317,0.2344443,0.1880307,0.08167775997377248,1.5134702208515403,1159
STAT1,MYD88,Activation,1.0,A,0.6270638297871766,0.110297872340431,1.4281144,0.12050877,0.029438032549415516,0.9745057966254237,1160
RELA,BAX,Repression,-1.0,A,0.1807092198581698,0.4111773049645802,0.20494032,0.6606856,0.44735692734630905,4.360913784387385,1161
MYC,TSC2,Activation,1.0,A,0.3311205673759182,0.0813617021276616,0.8089884,0.08578613,0.002574149229521163,0.6488282417020594,1162
MYC,PCNA,Activation,1.0,A,0.3311205673759182,0.0830638297872362,0.8089884,0.10604122,0.01824491546140788,0.6679857449328448,1163
HIF1A,PMAIP1,Activation,1.0,A,0.3612482269503899,0.174581560283701,0.61443985,0.26252955,0.13931532479794229,1.698020835308113,1164
MYC,PMAIP1,Activation,1.0,A,0.3311205673759182,0.174581560283701,0.8089884,0.26252955,0.13931532479794229,1.698020835308113,1165
FOXO3,CITED2,Activation,1.0,A,0.0660425531914895,0.1751489361702259,0.071148284,0.2149266,0.10248632520336179,1.704406669718375,1166
NFE2L2,TXNRD1,Activation,1.0,A,0.2943546099291053,0.0813617021276616,0.37749207,0.09389953,0.008851247714187958,0.6488282417020594,1167
FOXO3,GALT,Activation,1.0,A,0.0660425531914895,0.0933900709219892,0.071148284,0.09934611,0.013065106153882358,0.784207931199614,1168
SP3,EAPP,Repression,-1.0,A,0.1016737588652526,0.2360851063829991,0.10893454,0.278989,0.1520495162162686,2.3902452853805185,1169
TP53,CTNNB1,Repression,-1.0,A,0.1293049645390148,0.1661276595744802,0.14933354,0.20193277,0.09243338185001819,1.6028719025952092,1170
ETS2,MYC,Activation,1.0,A,0.0740425531914905,0.3311205673759182,0.0833466,0.8089884,0.5620944333427895,3.4598725490994107,1171
FOXO1,SELL,Activation,1.0,A,0.071546099290781,0.5866666666666439,0.07511976,1.3549163,0.9844627615193036,6.336052367480481,1172
RELA,IRF1,Activation,1.0,A,0.1807092198581698,0.688113475177195,0.20494032,1.7007551,1.2520280494896965,7.477839560034218,1173
TP53,AKT1,Repression,-1.0,A,0.1293049645390148,0.0530496453900707,0.14933354,0.05662377,-0.019987909311325804,0.33017510462999605,1174
FOXO3,PIK3CA,Activation,1.0,A,0.0660425531914895,0.0503262411347516,0.071148284,0.052765656,-0.022972818417627938,0.29952309946074246,1175
MYC,ETS2,Activation,1.0,A,0.3311205673759182,0.0740425531914905,0.8089884,0.0833466,0.0006867567594963677,0.5664509778096789,1176
HIF1A,KDM3A,Activation,1.0,A,0.3612482269503899,0.0747801418439728,0.61443985,0.07948845,-0.002298180198944884,0.574752562543019,1177
RUNX1,HBS1L,Activation,0.5,B,0.0934468085106417,0.099971631205678,0.10536023,0.11092037,0.02201977003180525,0.8582836103586545,1179
RUNX1,GMDS,Activation,0.5,B,0.0934468085106417,0.0604822695035459,0.10536023,0.06592851,-0.012789106176484853,0.4138295354044192,1180
RUNX1,GATAD2A,Activation,0.5,B,0.0934468085106417,0.086865248226953,0.10536023,0.09554482,0.01012416010182292,0.7107708354816009,1181
RUNX1,FRYL,Activation,0.5,B,0.0934468085106417,0.0840283687943286,0.10536023,0.089474015,0.005427357175034195,0.6788416634302912,1182
RUNX1,FOXN3,Activation,0.5,B,0.0934468085106417,0.2711489361702373,0.10536023,0.34537598,0.2034111662716838,2.7848898519347127,1183
RUNX1,FOXJ3,Activation,0.5,B,0.0934468085106417,0.0500992907801416,0.10536023,0.052084837,-0.02349954801474288,0.29696876569663716,1184
RUNX1,FKBP5,Activation,0.5,B,0.0934468085106417,0.1339007092198664,0.10536023,0.15807176,0.05849941096149359,1.2401565080923245,1185
RUNX1,FHIT,Activation,0.5,B,0.0934468085106417,0.1941560283688097,0.10536023,0.26088512,0.13804307776696384,1.9183321224621535,1186
RUNX1,SRSF5,Activation,0.5,B,0.0934468085106417,0.7007659574466877,0.10536023,1.3423913,0.9747725381209192,7.620243667382922,1187
RUNX1,KDM4B,Activation,0.5,B,0.0934468085106417,0.0576453900709218,0.10536023,0.061049186,-0.01656409536555458,0.3819003633531129,1188
RUNX1,JMJD1C,Activation,0.5,B,0.0934468085106417,0.1805390070922124,0.10536023,0.20919608,0.09805279075314945,1.765072096615865,1189
RUNX1,ITGAE,Activation,0.5,B,0.0934468085106417,0.198014184397179,0.10536023,0.2796108,0.15253058455232574,1.9617557964519357,1190
RUNX1,IQSEC1,Activation,0.5,B,0.0934468085106417,0.0516312056737587,0.10536023,0.055035148,-0.021216979337320866,0.3142105186043435,1191
RUNX1,IQGAP2,Activation,0.5,B,0.0934468085106417,0.1362269503546185,0.10536023,0.159263,0.05942103824461464,1.2663384291743993,1192
RUNX1,INPP4B,Activation,0.5,B,0.0934468085106417,0.1401418439716402,0.10536023,0.16709332,0.06547912607542,1.3104006866052071,1193
RUNX1,IL6R,Activation,0.5,B,0.0934468085106417,0.0539574468085104,0.10536023,0.061730076,-0.01603731083783195,0.3403924396864139,1194
RUNX1,FCMR,Activation,0.5,B,0.0934468085106417,0.1647659574468204,0.10536023,0.19875586,0.08997550020398534,1.5875459000105796,1195
RUNX1,FBXW11,Activation,0.5,B,0.0934468085106417,0.0601985815602834,0.10536023,0.06433986,-0.014018197865254777,0.41063661819928754,1196
RUNX1,TBC1D1,Activation,0.5,B,0.0934468085106417,0.1351489361702212,0.10536023,0.15148962,0.05340700321383357,1.2542053437949015,1197
RUNX1,TBC1D14,Activation,0.5,B,0.0934468085106417,0.0616170212765955,0.10536023,0.06519092,-0.013359757823304357,0.42660120422494124,1198
RUNX1,CD82,Activation,0.5,B,0.0934468085106417,0.0570780141843969,0.10536023,0.067403786,-0.011647728610474884,0.3755145289428507,1199
RUNX1,CD226,Activation,0.5,B,0.0934468085106417,0.0924822695035494,0.10536023,0.11319003,0.023775739088761495,0.773990596143195,1200
RUNX1,CCDC88C,Activation,0.5,B,0.0934468085106417,0.197787234042569,0.10536023,0.22712658,0.11192509020582257,1.9592014626878305,1201
RUNX1,FAM107B,Activation,0.5,B,0.0934468085106417,0.334921985815635,0.10536023,0.47990695,0.30749381324185104,3.5026576396481666,1202
RUNX1,EXOC4,Activation,0.5,B,0.0934468085106417,0.0600851063829785,0.10536023,0.062467556,-0.015466744294770834,0.40935945131723606,1203
RUNX1,EVL,Activation,0.5,B,0.0934468085106417,0.6420992907800714,0.10536023,1.2629441,0.91330658072562,6.959948389362472,1204
RUNX1,ESYT2,Activation,0.5,B,0.0934468085106417,0.0654751773049646,0.10536023,0.07029719,-0.00940918720194962,0.47002487821472144,1205
RUNX1,EPS15L1,Activation,0.5,B,0.0934468085106417,0.050382978723404,0.10536023,0.052311763,-0.02332398205586849,0.30016168290176765,1206
RUNX1,ELMO1,Activation,0.5,B,0.0934468085106417,0.1012765957446852,0.10536023,0.11080694,0.021932012583495572,0.8729710295022567,1207
RUNX1,STIM2,Activation,0.5,B,0.0934468085106417,0.1096737588652536,0.10536023,0.11937409,0.028560164071517014,0.9674813787741353,1208
RUNX1,DNAJB6,Activation,0.5,B,0.0934468085106417,0.4464113475177759,0.10536023,0.7179963,0.49169652703635197,4.757474101264658,1209
RUNX1,DNAJB12,Activation,0.5,B,0.0934468085106417,0.0807943262411367,0.10536023,0.08669392,0.003276479600684377,0.6424424072917972,1210
RUNX1,DIS3L2,Activation,0.5,B,0.0934468085106417,0.0556028368794324,0.10536023,0.05781517,-0.019066158240919805,0.35891135947617187,1211
RUNX1,CYTH4,Activation,0.5,B,0.0934468085106417,0.1213049645390138,0.10536023,0.13219728,0.03848108828548335,1.0983909841845065,1212
RUNX1,CYTH1,Activation,0.5,B,0.0934468085106417,0.2961134751773325,0.10536023,0.37544936,0.22667805413950848,3.065866565986243,1213
RUNX1,PTK2B,Activation,0.5,B,0.0934468085106417,0.0862411347517756,0.10536023,0.09486402,0.009597445204448055,0.7037464176303124,1214
RUNX1,SIPA1L1,Activation,0.5,B,0.0934468085106417,0.0594042553191487,0.10536023,0.06337536,-0.014764403092220178,0.40169645002492227,1215
RUNX1,PSMA1,Activation,0.5,B,0.0934468085106417,0.5113758865248647,0.10536023,1.008101,0.7161419842755755,5.488652141239537,1216
RUNX1,PRKCH,Activation,0.5,B,0.0934468085106417,0.293617021276623,0.10536023,0.38390365,0.23321888917142278,3.03776889458109,1217
RUNX1,PREX1,Activation,0.5,B,0.0934468085106417,0.0820425531914914,0.10536023,0.09077906,0.006437032032913991,0.6564912429943731,1218
RUNX1,PTP4A2,Activation,0.5,B,0.0934468085106417,0.5899007092198326,0.10536023,1.1068397,0.7925332067159793,6.372451623618939,1219
RUNX1,SLA,Activation,0.5,B,0.0934468085106417,0.2529929078014408,0.10536023,0.39729053,0.24357592372690093,2.580543150806327,1220
RUNX1,SLC38A1,Activation,0.5,B,0.0934468085106417,0.2683120567376129,0.10536023,0.33527738,0.1955981770492547,2.7529606798834028,1221
RUNX1,PIP4K2A,Activation,0.5,B,0.0934468085106417,0.2002836879432785,0.10536023,0.24272978,0.12399682623214359,1.9872991340929833,1222
RUNX1,SLCO3A1,Activation,0.5,B,0.0934468085106417,0.0541276595744679,0.10536023,0.057134375,-0.019592869269942005,0.3423081900094929,1223
RUNX1,PTPRE,Activation,0.5,B,0.0934468085106417,0.107631205673764,0.10536023,0.12896319,0.03597896815849885,0.944492374897192,1224
RUNX1,SERINC5,Activation,0.5,B,0.0934468085106417,0.1417872340425624,0.10536023,0.16663952,0.06512803438853884,1.3289196063949673,1225
RUNX1,SEPTIN9,Activation,0.5,B,0.0934468085106417,0.3411631205674088,0.10536023,0.47633517,0.3047304323133176,3.572901818161049,1226
RUNX1,SEMA4D,Activation,0.5,B,0.0934468085106417,0.1715744680851191,0.10536023,0.20034418,0.09120433658148011,1.6641759129337241,1227
RUNX1,SH3KBP1,Activation,0.5,B,0.0934468085106417,0.2065248226950523,0.10536023,0.25390747,0.13264467558766352,2.0575433126058655,1228
RUNX1,RNASEH2B,Activation,0.5,B,0.0934468085106417,0.2080567375886695,0.10536023,0.24658844,0.12698215776255556,2.074785065513573,1229
RUNX1,RERE,Activation,0.5,B,0.0934468085106417,0.0796595744680869,0.10536023,0.085218854,0.002135264505485878,0.629670738471273,1230
RUNX1,RASSF5,Activation,0.5,B,0.0934468085106417,0.3755460992908171,0.10536023,0.52376956,0.3414290220032249,3.959883383422929,1231
RUNX1,RABGAP1L,Activation,0.5,B,0.0934468085106417,0.0784680851063846,0.10536023,0.08493515,0.0019157710812132077,0.6162604862097224,1232
RUNX1,PIK3R1,Activation,0.5,B,0.0934468085106417,0.1058156028368843,0.10536023,0.12005497,0.02908694086253433,0.9240577047843529,1233
RUNX1,MSI2,Activation,0.5,B,0.0934468085106417,0.1261276595744754,0.10536023,0.1421272,0.04616357476277556,1.1526705766717342,1234
RUNX1,MGRN1,Activation,0.5,B,0.0934468085106417,0.1194326241134817,0.10536023,0.13145956,0.03791033606149484,1.0773177306306423,1235
RUNX1,MBP,Activation,0.5,B,0.0934468085106417,0.1951773049645545,0.10536023,0.23694213,0.11951909198450614,1.9298266244006248,1236
RUNX1,MAST4,Activation,0.5,B,0.0934468085106417,0.0511205673758863,0.10536023,0.060879115,-0.01669567428639982,0.3084632676351077,1237
RUNX1,MAP4K4,Activation,0.5,B,0.0934468085106417,0.073985815602838,0.10536023,0.079942375,-0.0019469918032473537,0.5658123943686526,1238
RUNX1,SND1,Activation,0.5,B,0.0934468085106417,0.174468085106396,0.10536023,0.20760675,0.09682317296841857,1.6967436684260602,1239
RUNX1,MAD1L1,Activation,0.5,B,0.0934468085106417,0.1109787234042608,0.10536023,0.12153003,0.030228151315709648,0.9821687979177375,1240
RUNX1,MACF1,Activation,0.5,B,0.0934468085106417,0.1480283687943362,0.10536023,0.17027107,0.06793765760469872,1.3991637849078498,1241
RUNX1,LPP,Activation,0.5,B,0.0934468085106417,0.0764822695035475,0.10536023,0.08431109,0.0014329542497564648,0.5939100657738055,1242
RUNX1,MBNL1,Activation,0.5,B,0.0934468085106417,0.3631773049645745,0.10536023,0.4936985,0.3181639290510317,3.8206721932792163,1243
RUNX1,SMARCA2,Activation,0.5,B,0.0934468085106417,0.0807375886524842,0.10536023,0.08572942,0.002530274373718976,0.6418038238507711,1244
RUNX1,PAG1,Activation,0.5,B,0.0934468085106417,0.1760000000000132,0.10536023,0.2151534,0.10266179367974929,1.7139854213337677,1245
RUNX1,NUP210,Activation,0.5,B,0.0934468085106417,0.1463262411347615,0.10536023,0.1630651,0.06236261096980404,1.3800062816770633,1246
RUNX1,NEK7,Activation,0.5,B,0.0934468085106417,0.1113758865248283,0.10536023,0.12493428,0.032861919220216626,0.9866388820049218,1247
RUNX1,NEDD9,Activation,0.5,B,0.0934468085106417,0.2660425531915133,0.10536023,1.1262027,0.8075137892040363,2.727417342242355,1248
RUNX1,NCK2,Activation,0.5,B,0.0934468085106417,0.1529078014184502,0.10536023,0.17231369,0.06951797250434007,1.4540819608361029,1249
RUNX1,ATG13,Activation,0.5,B,0.0934468085106417,0.0592340425531913,0.10536023,0.061843477,-0.015949575825967666,0.39978069970184443,1250
STAT5B,RARA,Activation,0.5,B,0.1249361702127731,0.0785248226950371,0.13957381,0.086807445,0.0033643105476944862,0.6168990696507488,1251
RARA,SOS1,Activation,0.5,B,0.0785248226950371,0.0684822695035466,0.086807445,0.07670849,-0.004448953327773033,0.5038698005891112,1252
RARA,SMARCA2,Activation,0.5,B,0.0785248226950371,0.0807375886524842,0.086807445,0.08572942,0.002530274373718976,0.6418038238507711,1253
RARA,SLC16A3,Activation,0.5,B,0.0785248226950371,0.1909787234042703,0.086807445,0.29124206,0.16152934765050478,1.8825714497646857,1254
RARA,SEPTIN9,Activation,0.5,B,0.0785248226950371,0.3411631205674088,0.086807445,0.47633517,0.3047304323133176,3.572901818161049,1255
RUNX1,RARA,Activation,0.5,B,0.0934468085106417,0.0785248226950371,0.10536023,0.086807445,0.0033643105476944862,0.6168990696507488,1256
RARA,PNRC1,Activation,0.5,B,0.0785248226950371,0.7729929078012355,0.086807445,1.9116168,1.415165532856012,8.433160387808485,1257
SMAD3,MAP4K4,Activation,0.5,B,0.0575886524822693,0.073985815602838,0.06116265,0.079942375,-0.0019469918032473537,0.5658123943686526,1258
RARA,LMNA,Activation,0.5,B,0.0785248226950371,0.0547517730496452,0.086807445,0.08941786,0.005383911706376607,0.3493326078607803,1259
RARA,KHSRP,Activation,0.5,B,0.0785248226950371,0.1037163120567422,0.086807445,0.11778549,0.02733111106627363,0.9004301174663832,1260
RARA,HDAC7,Activation,0.5,B,0.0785248226950371,0.133617021276604,0.086807445,0.15614262,0.057006892193688465,1.2369635908871939,1261
RUNX1,SH3BP5,Activation,0.5,B,0.0934468085106417,0.0976453900709259,0.10536023,0.11313329,0.023731841022843387,0.8321016892765797,1262
RBPJ,WIPF1,Activation,0.5,B,0.2823262411347776,0.4642836879433099,0.48427397,0.71237993,0.48735130707723145,4.958627885187912,1263
RUNX1,AHI1,Activation,0.5,B,0.0934468085106417,0.0573049645390069,0.10536023,0.06263782,-0.015335016055513151,0.3780688627069561,1264
RUNX1,AGPAT3,Activation,0.5,B,0.0934468085106417,0.0680283687943267,0.10536023,0.073814884,-0.006687651017745524,0.4987611330609016,1265
RUNX1,AKAP13,Activation,0.5,B,0.0934468085106417,0.3286808510638612,0.10536023,0.4547142,0.2880029249768093,3.432413461135284,1266
RUNX1,ZEB2,Activation,0.5,B,0.0934468085106417,0.0756879432624127,0.10536023,0.10104863,0.014382295705995519,0.584969897599439,1267
RUNX1,ADD3,Activation,0.5,B,0.0934468085106417,0.1617588652482385,0.10536023,0.18661323,0.08058110520646646,1.5537009776361907,1268
RUNX1,ASAP1,Activation,0.5,B,0.0934468085106417,0.0713758865248235,0.10536023,0.07829705,-0.0032199312693508785,0.5364375560814472,1269
RUNX1,TIAM1,Activation,0.5,B,0.0934468085106417,0.0559999999999998,0.10536023,0.062354144,-0.01555448781701096,0.363381443563355,1270
RUNX1,ARL4C,Activation,0.5,B,0.0934468085106417,0.2776170212766211,0.10536023,0.37612924,0.22720405725999496,2.8576883642117,1271
RUNX1,ARHGEF3,Activation,0.5,B,0.0934468085106417,0.1404822695035551,0.10536023,0.16266765,0.06205511561733396,1.314232187251364,1272
RUNX1,ARHGAP25,Activation,0.5,B,0.0934468085106417,0.2717163120567622,0.10536023,0.3501416,0.2070981860267184,2.7912756863449752,1273
RUNX1,AKNA,Activation,0.5,B,0.0934468085106417,0.2262695035461185,0.10536023,0.27898794,0.15204869612550598,2.2797703500829853,1274
RUNX1,TLE4,Activation,0.5,B,0.0934468085106417,0.1204539007092265,0.10536023,0.13310519,0.039183511497110274,1.0888122325691139,1275
RUNX1,TLK1,Activation,0.5,B,0.0934468085106417,0.136056737588661,0.10536023,0.15319194,0.054724038031840574,1.2644226788513204,1276
RELB,TNIP1,Activation,0.5,B,0.368226950354646,0.3353758865248549,0.55991405,0.5181502,0.33708148876921734,3.507766307176376,1277
RELB,IRF1,Activation,0.5,B,0.368226950354646,0.688113475177195,0.55991405,1.7007551,1.2520280494896965,7.477839560034218,1278
RELB,CD44,Activation,0.5,B,0.368226950354646,0.7127375886523512,0.55991405,1.6537209,1.2156390750095136,7.754984773439319,1279
RELA,TRAF3,Activation,0.5,B,0.1807092198581698,0.11551773049646,0.20494032,0.13497785,0.040632333353335305,1.0332554731998347,1280
RELA,SMAD3,Activation,0.5,B,0.1807092198581698,0.0575886524822693,0.20494032,0.06116265,-0.016476311612446854,0.38126177991208654,1281
RELA,PFKFB3,Activation,0.5,B,0.1807092198581698,0.1428085106383072,0.20494032,0.17549106,0.07197621003881709,1.3404141083334389,1282
RELA,HIVEP2,Activation,0.5,B,0.1807092198581698,0.0883404255319177,0.20494032,0.09662283,0.010958184670740473,0.7273740049482821,1283
RELA,ETV6,Activation,0.5,B,0.1807092198581698,0.2796028368794582,0.20494032,0.3869664,0.23558844858965847,2.8800387846476174,1284
RELA,DUSP22,Activation,0.5,B,0.1807092198581698,0.1002553191489404,0.20494032,0.110523246,0.021712526895928206,0.861476527563785,1285
RELA,CMIP,Activation,0.5,B,0.1807092198581698,0.0531631205673757,0.20494032,0.05634003,-0.020207430587737583,0.3314522715120488,1286
SMAD3,CMIP,Activation,0.5,B,0.0575886524822693,0.0531631205673757,0.06116265,0.05634003,-0.020207430587737583,0.3314522715120488,1287
RELA,TNIP1,Activation,0.5,B,0.1807092198581698,0.3353758865248549,0.20494032,0.5181502,0.33708148876921734,3.507766307176376,1288
RUNX3,CYTIP,Activation,0.5,B,0.3294184397163435,0.744397163120409,0.5016945,2.5474901,1.9071219663943657,8.111314333531592,1289
RUNX3,DOCK2,Activation,0.5,B,0.3294184397163435,0.0712624113475185,0.5016945,0.07676515,-0.004405117155497388,0.5351603891993945,1290
RUNX3,FYN,Activation,0.5,B,0.3294184397163435,0.456056737588699,0.5016945,0.73853505,0.5075867526510079,4.866033286239113,1291
RUNX1,ABLIM1,Activation,0.5,B,0.0934468085106417,0.0594042553191487,0.10536023,0.06479378,-0.013667013337909898,0.40169645002492227,1292
RUNX3,TCF7,Activation,0.5,B,0.3294184397163435,0.3383829787234368,0.5016945,0.49398032,0.3183819648800243,3.541611229550765,1293
RFX5,TSPAN3,Activation,0.5,B,0.068879432624114,0.0764822695035475,0.07262336,0.08397065,0.0011695658542477958,0.5939100657738055,1294
RFX5,PSMB8,Activation,0.5,B,0.068879432624114,0.6680283687942336,0.07262336,1.4710732,1.0743299319994466,7.251781021911162,1295
RFX5,MR1,Activation,0.5,B,0.068879432624114,0.0551489361702125,0.07262336,0.057361286,-0.019417314916125576,0.3538026919479624,1296
RFX5,BTN3A2,Activation,0.5,B,0.068879432624114,0.3751489361702497,0.07262336,0.5044245,0.3264623191644905,3.9554132993357456,1297
RFX5,BTN3A1,Activation,0.5,B,0.068879432624114,0.1276595744680926,0.07262336,0.13951693,0.04414408578632041,1.1699123295794418,1298
RFX5,BTN2A1,Activation,0.5,B,0.068879432624114,0.0516879432624111,0.07262336,0.05361669,-0.02231439849111132,0.3148491020453687,1299
GATA3,ST3GAL1,Activation,0.5,B,0.1499574468085208,0.2180992907801601,0.19773243,0.26190862,0.13883492955524696,2.187814334575212,1300
GATA3,ST6GAL1,Activation,0.5,B,0.1499574468085208,0.1514326241134855,0.19773243,0.17600162,0.07237121526502699,1.4374787913694216,1301
GATA3,SYNE1,Activation,0.5,B,0.1499574468085208,0.0949787234042589,0.19773243,0.10286378,0.015786623769993714,0.8020882675483478,1302
GATA3,SYNE2,Activation,0.5,B,0.1499574468085208,0.2887375886525089,0.19773243,0.3726124,0.2244831817904242,2.9828507186528364,1303
GATA3,TACC1,Activation,0.5,B,0.1499574468085208,0.1445106382978818,0.19773243,0.16448346,0.06345995430388249,1.3595716115642242,1304
GATA3,SEPTIN9,Activation,0.5,B,0.1499574468085208,0.3411631205674088,0.19773243,0.47633517,0.3047304323133176,3.572901818161049,1305
GATA3,SGPL1,Activation,0.5,B,0.1499574468085208,0.0596312056737586,0.19773243,0.06592858,-0.012789052019547692,0.40425078378902646,1306
GATA3,SIPA1L1,Activation,0.5,B,0.1499574468085208,0.0594042553191487,0.19773243,0.06337536,-0.014764403092220178,0.40169645002492227,1307
GATA3,SMAD3,Activation,0.5,B,0.1499574468085208,0.0575886524822693,0.19773243,0.06116265,-0.016476311612446854,0.38126177991208654,1308
GATA3,SND1,Activation,0.5,B,0.1499574468085208,0.174468085106396,0.19773243,0.20760675,0.09682317296841857,1.6967436684260602,1309
GATA3,SPATS2L,Activation,0.5,B,0.1499574468085208,0.0923687943262444,0.19773243,0.11795604,0.027463060575303122,0.7727134292611423,1310
GATA3,SLC38A1,Activation,0.5,B,0.1499574468085208,0.2683120567376129,0.19773243,0.33527738,0.1955981770492547,2.7529606798834028,1311
GATA3,TAOK3,Activation,0.5,B,0.1499574468085208,0.1897872340425681,0.19773243,0.22167926,0.10771065924993535,1.8691611975031361,1312
GATA3,TBL1XR1,Activation,0.5,B,0.1499574468085208,0.1134751773049703,0.19773243,0.12561518,0.03338871148464456,1.0102664693228902,1313
GATA3,TXNRD1,Activation,0.5,B,0.1499574468085208,0.0813617021276616,0.19773243,0.09389953,0.008851247714187958,0.6488282417020594,1314
GATA3,UBE2H,Activation,0.5,B,0.1499574468085208,0.0533900709219856,0.19773243,0.05605637,-0.0204268899705069,0.3340066052761529,1315
GATA3,UTRN,Activation,0.5,B,0.1499574468085208,0.0549219858156026,0.19773243,0.058098894,-0.018846649343236516,0.35124835818385813,1316
GATA3,VMP1,Activation,0.5,B,0.1499574468085208,0.4272340425532346,0.19773243,0.637537,0.42944753769682087,4.541632898197801,1317
GATA3,TPD52,Activation,0.5,B,0.1499574468085208,0.1013900709219902,0.19773243,0.116367094,0.026233739880056083,0.8742481963843094,1318
GATA3,TBC1D1,Activation,0.5,B,0.1499574468085208,0.1351489361702212,0.19773243,0.15148962,0.05340700321383357,1.2542053437949015,1319
GATA3,TIAM1,Activation,0.5,B,0.1499574468085208,0.0559999999999998,0.19773243,0.062354144,-0.01555448781701096,0.363381443563355,1320
GATA3,TLE3,Activation,0.5,B,0.1499574468085208,0.0852765957446833,0.19773243,0.09605551,0.01051926590520183,0.692890499132867,1321
GATA3,TLE4,Activation,0.5,B,0.1499574468085208,0.1204539007092265,0.19773243,0.13310519,0.039183511497110274,1.0888122325691139,1322
GATA3,TLK1,Activation,0.5,B,0.1499574468085208,0.136056737588661,0.19773243,0.15319194,0.054724038031840574,1.2644226788513204,1323
GATA3,SCAPER,Activation,0.5,B,0.1499574468085208,0.0803971631205693,0.19773243,0.0849351,0.0019157323976866662,0.6379723232046142,1325
GATA3,PIK3R1,Activation,0.5,B,0.1499574468085208,0.1058156028368843,0.19773243,0.12005497,0.02908694086253433,0.9240577047843529,1326
GATA3,PIP4K2A,Activation,0.5,B,0.1499574468085208,0.2002836879432785,0.19773243,0.24272978,0.12399682623214359,1.9872991340929833,1327
GATA3,PPP3CA,Activation,0.5,B,0.1499574468085208,0.0743262411347529,0.19773243,0.08164449,-0.0006301155876991671,0.5696438950148095,1328
GATA3,PREX1,Activation,0.5,B,0.1499574468085208,0.0820425531914914,0.19773243,0.09077906,0.006437032032913991,0.6564912429943731,1329
GATA3,PDE4D,Activation,0.5,B,0.1499574468085208,0.0920283687943295,0.19773243,0.10337452,0.016181768256899168,0.7688819286149856,1330
GATA3,PDE4B,Activation,0.5,B,0.1499574468085208,0.2248510638298063,0.19773243,0.294705,0.1642085222784649,2.2638057640573304,1331
GATA3,OSBPL9,Activation,0.5,B,0.1499574468085208,0.0857304964539032,0.19773243,0.09321864,0.008324463186465337,0.6979991666610765,1332
GATA3,PACS1,Activation,0.5,B,0.1499574468085208,0.1084822695035513,0.19773243,0.11778546,0.027331087856157697,0.9540711265125846,1333
GATA3,PRKAG2,Activation,0.5,B,0.1499574468085208,0.1046241134751821,0.19773243,0.11318981,0.023775568881244723,0.9106474525228034,1334
GATA3,PRKCH,Activation,0.5,B,0.1499574468085208,0.293617021276623,0.19773243,0.38390365,0.23321888917142278,3.03776889458109,1335
GATA3,RERE,Activation,0.5,B,0.1499574468085208,0.0796595744680869,0.19773243,0.085218854,0.002135264505485878,0.629670738471273,1336
GATA3,RFTN1,Activation,0.5,B,0.1499574468085208,0.1205673758865315,0.19773243,0.1394606,0.04410050492531992,1.0900893994511667,1337
GATA3,RTN4,Activation,0.5,B,0.1499574468085208,0.2275177304964733,0.19773243,0.29044944,0.16091612091437482,2.293819185785562,1338
GATA3,RCAN3,Activation,0.5,B,0.1499574468085208,0.2603687943262644,0.19773243,0.322397,0.18563300661763138,2.6635589981397345,1339
GATA3,PRKCQ,Activation,0.5,B,0.1499574468085208,0.1442836879432719,0.19773243,0.16227065,0.06174796841660273,1.35701727780012,1340
GATA3,PTK2B,Activation,0.5,B,0.1499574468085208,0.0862411347517756,0.19773243,0.09486402,0.009597445204448055,0.7037464176303124,1341
GATA3,PTPN7,Activation,0.5,B,0.1499574468085208,0.3214184397163426,0.19773243,0.51871586,0.3375191232416748,3.35067478068393,1342
GATA3,RAPGEF1,Activation,0.5,B,0.1499574468085208,0.0653617021276597,0.19773243,0.07018377,-0.009496936913553983,0.4687477113326698,1343
GATA3,RARA,Activation,0.5,B,0.1499574468085208,0.0785248226950371,0.19773243,0.086807445,0.0033643105476944862,0.6168990696507488,1344
GATA3,RAD23B,Activation,0.5,B,0.1499574468085208,0.2492482269503766,0.19773243,0.34316367,0.20169956721966942,2.5383966436985985,1345
GATA3,ZFAND3,Activation,0.5,B,0.1499574468085208,0.0751205673758878,0.19773243,0.078069985,-0.0033956047684290634,0.578584063189177,1346
RUNX1,ETV6,Activation,0.5,B,0.0934468085106417,0.2796028368794582,0.10536023,0.3869664,0.23558844858965847,2.8800387846476174,1347
HIF1A,DLGAP4,Activation,0.5,B,0.3612482269503899,0.0651347517730497,0.61443985,0.06893548,-0.010462702100457723,0.4661933775685645,1348
HIF1A,FAM210A,Activation,0.5,B,0.3612482269503899,0.0992907801418481,0.61443985,0.11182817,0.02272210813967378,0.8506206090663397,1349
HIF1A,MSI2,Activation,0.5,B,0.3612482269503899,0.1261276595744754,0.61443985,0.1421272,0.04616357476277556,1.1526705766717342,1350
HIF1A,NEK7,Activation,0.5,B,0.3612482269503899,0.1113758865248283,0.61443985,0.12493428,0.032861919220216626,0.9866388820049218,1351
HIF1A,PDE4D,Activation,0.5,B,0.3612482269503899,0.0920283687943295,0.61443985,0.10337452,0.016181768256899168,0.7688819286149856,1352
HIF1A,PRKCH,Activation,0.5,B,0.3612482269503899,0.293617021276623,0.61443985,0.38390365,0.23321888917142278,3.03776889458109,1353
HIF1A,RAD23B,Activation,0.5,B,0.3612482269503899,0.2492482269503766,0.61443985,0.34316367,0.20169956721966942,2.5383966436985985,1354
HIF1A,DDX18,Activation,0.5,B,0.3612482269503899,0.4960000000000513,0.61443985,0.8572357,0.5994219475438969,5.3155960287215605,1355
HIF1A,RERE,Activation,0.5,B,0.3612482269503899,0.0796595744680869,0.61443985,0.085218854,0.002135264505485878,0.629670738471273,1356
HIF1A,AGPAT5,Activation,0.5,B,0.3612482269503899,0.0676879432624117,0.61443985,0.07449564,-0.00616097016187402,0.4949296324147437,1357
HIF1A,ARID1B,Activation,0.5,B,0.3612482269503899,0.0580425531914891,0.61443985,0.060878962,-0.016695792657991034,0.3863704474402949,1358
HIF1A,RUNX1,Activation,0.5,B,0.3612482269503899,0.0934468085106417,0.61443985,0.10536023,0.017718053566632166,0.7848465146406404,1359
HIF1A,SEPTIN9,Activation,0.5,B,0.3612482269503899,0.3411631205674088,0.61443985,0.47633517,0.3047304323133176,3.572901818161049,1360
HIF1A,SIPA1L1,Activation,0.5,B,0.3612482269503899,0.0594042553191487,0.61443985,0.06337536,-0.014764403092220178,0.40169645002492227,1361
HIF1A,VGLL4,Activation,0.5,B,0.3612482269503899,0.0882269503546127,0.61443985,0.09401291,0.008938966478971105,0.7260968380662294,1362
HMBOX1,NCOA4,Activation,0.5,B,0.0852198581560308,0.1531347517730602,0.089927904,0.16987437,0.06763074250512674,1.4566362946002083,1363
NFYB,CREBRF,Activation,0.5,B,0.1113758865248283,0.107517730496459,0.12260805,0.11840959,0.027813958844551602,0.9432152080151394,1364
NFYB,CRYZL1,Activation,0.5,B,0.1113758865248283,0.1537588652482376,0.12260805,0.1675478,0.06583074385826214,1.4636607124514966,1365
NFYB,PCNA,Activation,0.5,B,0.1113758865248283,0.0830638297872362,0.12260805,0.10604122,0.01824491546140788,0.6679857449328448,1366
IRF1,STAT1,Activation,0.5,B,0.688113475177195,0.6270638297871766,1.7007551,1.4281144,1.0410939744005234,6.790723777490694,1367
NFKB1,CD44,Activation,0.5,B,0.1794042553191626,0.7127375886523512,0.2344443,1.6537209,1.2156390750095136,7.754984773439319,1368
NFKB1,GATAD2A,Activation,0.5,B,0.1794042553191626,0.086865248226953,0.2344443,0.09554482,0.01012416010182292,0.7107708354816009,1369
NFKB1,HNRNPL,Activation,0.5,B,0.1794042553191626,0.2312056737588851,0.2344443,0.27217963,0.14678130731389286,2.3353271094522654,1370
NFKB1,IL15RA,Activation,0.5,B,0.1794042553191626,0.094524822695039,0.2344443,0.112111874,0.02294160156394645,0.7969796000201383,1371
NFKB2,BCL3,Activation,0.5,B,0.3430354609929409,0.1581843971631317,0.4860933,0.1880307,0.08167775997377248,1.5134702208515403,1372
NFKB2,CD58,Activation,0.5,B,0.3430354609929409,0.0610496453900707,0.4860933,0.06797109,-0.011208822223664736,0.42021536981468016,1373
NFKB2,RARA,Activation,0.5,B,0.3430354609929409,0.0785248226950371,0.4860933,0.086807445,0.0033643105476944862,0.6168990696507488,1374
NFKB2,TNFAIP3,Activation,0.5,B,0.3430354609929409,0.1717446808510766,0.4860933,0.23155004,0.11534739085203552,1.6660916632568032,1375
NFKB2,TNIP1,Activation,0.5,B,0.3430354609929409,0.3353758865248549,0.4860933,0.5181502,0.33708148876921734,3.507766307176376,1376
NFKB1,IL4R,Activation,0.5,B,0.1794042553191626,0.3754893617021646,0.2344443,0.6158561,0.4126736642854012,3.959244799981903,1377
NFKB1,ARID1A,Activation,0.5,B,0.1794042553191626,0.1231205673758935,0.2344443,0.13917673,0.04388088307173914,1.1188256542973458,1378
POU2F2,STK10,Activation,0.5,B,0.1745248226950485,0.1555177304964647,0.2306989,0.17566167,0.07210820596807842,1.4834567991233083,1379
NR3C1,ZBTB38,Activation,0.5,B,0.2095319148936343,0.0773900709219873,0.26423386,0.08606994,0.0027937246628700987,0.6041274008302243,1380
STAT1,POU2F2,Activation,0.5,B,0.6270638297871766,0.1745248226950485,1.4281144,0.2306989,0.11468888891644266,1.6973822518670865,1381
TP53,NFIC,Activation,0.5,B,0.1293049645390148,0.0821560283687964,0.14933354,0.089360535,0.005339561043197976,0.6577684098764258,1382
MYC,SLC1A5,Activation,0.5,B,0.3311205673759182,0.1013333333333377,0.8089884,0.1369072,0.04212501459195189,0.8736096129432831,1383
MYC,UBE2D3,Activation,0.5,B,0.3311205673759182,0.7925106382976727,0.8089884,2.4079592,1.79917102092709,8.652833091521284,1384
MYC,ZFP36L2,Activation,0.5,B,0.3311205673759182,0.6540709219857349,0.8089884,1.8106526,1.3370525066492929,7.094689495418869,1385
NFATC1,FYN,Activation,0.5,B,0.1238014184397233,0.456056737588699,0.14723408,0.73853505,0.5075867526510079,4.866033286239113,1386
NFATC1,NEDD9,Activation,0.5,B,0.1238014184397233,0.2660425531915133,0.14723408,1.1262027,0.8075137892040363,2.727417342242355,1387
NFE2L2,TGIF1,Activation,0.5,B,0.2943546099291053,0.1711205673758992,0.37749207,0.21044351,0.09901789058339668,1.6590672454055149,1388
NFIC,APP,Activation,0.5,B,0.0821560283687964,0.058496453900709,0.089360535,0.06388601,-0.014369328235662504,0.3914791149685044,1389
NFIC,ARID1A,Activation,0.5,B,0.0821560283687964,0.1231205673758935,0.089360535,0.13917673,0.04388088307173914,1.1188256542973458,1390
NFIC,MBP,Activation,0.5,B,0.0821560283687964,0.1951773049645545,0.089360535,0.23694213,0.11951909198450614,1.9298266244006248,1391
MYC,RAB11A,Activation,0.5,B,0.3311205673759182,0.2819858156028627,0.8089884,0.35632816,0.21188454518580094,2.9068592891707175,1392
MYC,IER2,Activation,0.5,B,0.3311205673759182,0.363347517730532,0.8089884,0.54629374,0.3588553162998653,3.822587943602295,1393
MYC,GMDS,Activation,0.5,B,0.3311205673759182,0.0604822695035459,0.8089884,0.06592851,-0.012789106176484853,0.4138295354044192,1394
MXI1,CAST,Activation,0.5,B,0.18002836879434,0.3306666666666983,0.21282731,0.4391699,0.2759767581447529,3.454763881571201,1395
MXI1,SSBP3,Activation,0.5,B,0.18002836879434,0.0504397163120565,0.21282731,0.054127358,-0.021919309708484085,0.300800266342794,1396
MYC,CMIP,Activation,0.5,B,0.3311205673759182,0.0531631205673757,0.8089884,0.05634003,-0.020207430587737583,0.3314522715120488,1397
MAZ,MARK2,Activation,0.5,B,0.1830921985815744,0.0654184397163122,0.2281472,0.069332674,-0.010155404807643518,0.46938629477369614,1398
MAZ,RNF220,Activation,0.5,B,0.1830921985815744,0.0858439716312082,0.2281472,0.09231081,0.007622101868480875,0.6992763335431292,1399
MAZ,CTDSP1,Activation,0.5,B,0.1830921985815744,0.1668652482269625,0.2281472,0.18814471,0.08176596615099004,1.6111734873285493,1400
MAX,CDK6,Activation,0.5,B,0.3020709219858438,0.0884539007092227,0.38662893,0.11165829,0.022590676989899916,0.7286511718303347,1401
MAF,FRMD4B,Activation,0.5,B,0.2001134751773211,0.1674326241134874,0.42298722,0.23296948,0.11644556975028723,1.6175593217388111,1402
MAF,IL4R,Activation,0.5,B,0.2001134751773211,0.3754893617021646,0.42298722,0.6158561,0.4126736642854012,3.959244799981903,1403
JUND,LMNA,Activation,0.5,B,0.1600567375886638,0.0547517730496452,0.19455585,0.08941786,0.005383911706376607,0.3493326078607803,1404
IRF4,ITGB7,Activation,0.5,B,0.2277446808510832,0.0819858156028389,0.4592459,0.09662312,0.010958409035194409,0.6558526595533467,1405
IRF9,ADAR,Activation,0.5,B,0.2972482269503823,0.4582127659574936,0.370684,0.6807196,0.46285664276053917,4.890299456998108,1406
IRF9,ISG15,Activation,0.5,B,0.2972482269503823,0.4992907801418956,0.370684,1.6742706,1.231537772316482,5.35263386830108,1407
IRF9,MX1,Activation,0.5,B,0.2972482269503823,0.3056453900709506,0.370684,0.5569518,0.3671011432374609,3.1731485840786444,1408
IRF9,OAS2,Activation,0.5,B,0.2972482269503823,0.172368794326254,0.370684,0.21254274,0.10064200297178713,1.6731160811080916,1409
IRF9,OAS3,Activation,0.5,B,0.2972482269503823,0.1424680851063922,0.370684,0.18939261,0.08273142960638674,1.3365826076872809,1410
IRF9,RSAD2,Activation,0.5,B,0.2972482269503823,0.0830638297872362,0.370684,0.12124705,0.030009218028901278,0.6679857449328448,1411
IRF9,SAMD9L,Activation,0.5,B,0.2972482269503823,0.2158297872340605,0.370684,0.30973923,0.17584006298287147,2.162270996934163,1412
JUN,ACSL3,Activation,0.5,B,0.0602553191489359,0.0548652482269501,0.07529028,0.058042165,-0.018890538898778782,0.3506097747428319,1413
JUNB,PIM1,Activation,0.5,B,0.6811914893615981,0.6251347517729938,1.8379467,1.2560742,0.9079915415460145,6.769011940495824,1414
IRF4,CFLAR,Activation,0.5,B,0.2277446808510832,0.4389787234042998,0.4592459,0.85717106,0.5993719374807853,4.673819670490225,1415
HSF1,HPCAL1,Activation,0.5,B,0.2119716312056913,0.2221843971631393,0.2508444,0.27081725,0.14572727405612912,2.2337923423290986,1416
HSF1,MKNK2,Activation,0.5,B,0.2119716312056913,0.1606808510638412,0.2508444,0.18967625,0.08295087351574544,1.5415678922566929,1417
HSF1,NADK,Activation,0.5,B,0.2119716312056913,0.0780709219858172,0.2508444,0.08771522,0.004066629313799744,0.6117904021225391,1418
IRF1,APOL2,Activation,0.5,B,0.688113475177195,0.2284255319149131,1.7007551,0.33328733,0.19405853400941797,2.304036520841981,1419
IRF1,ETV6,Activation,0.5,B,0.688113475177195,0.2796028368794582,1.7007551,0.3869664,0.23558844858965847,2.8800387846476174,1420
IRF1,IFIT2,Activation,0.5,B,0.688113475177195,0.0658723404255321,1.7007551,0.090722725,0.006393447303560865,0.47449496230190563,1421
IRF1,PLAAT4,Activation,0.5,B,0.688113475177195,0.4977021276596259,1.7007551,0.81990474,0.5705400839050824,5.334753531952346,1422
IRF2,ADAR,Activation,0.5,B,0.2436312056737802,0.4582127659574936,0.29652157,0.6807196,0.46285664276053917,4.890299456998108,1423
IRF2,APOL3,Activation,0.5,B,0.2436312056737802,0.1922836879432776,0.29652157,0.22905506,0.11341709835107737,1.897258868908289,1424
IRF2,CASP7,Activation,0.5,B,0.2436312056737802,0.0603120567375884,0.29652157,0.06371576,-0.014501045643532757,0.41191378508134024,1425
IRF2,NMI,Activation,0.5,B,0.2436312056737802,0.2204255319149121,0.29652157,0.26814952,0.14366332997097367,2.213996255657286,1426
IRF2,NR3C1,Activation,0.5,B,0.2436312056737802,0.2095319148936343,0.29652157,0.26423386,0.14063389922030559,2.0913882349802555,1427
IRF1,ZNFX1,Activation,0.5,B,0.688113475177195,0.1440567375886619,1.7007551,0.16283816,0.06218703417954224,1.3544629440360145,1428
TP53,CAMK4,Activation,0.5,B,0.1293049645390148,0.1816737588652621,0.14933354,0.21549419,0.10292545285994376,1.7778437654363881,1429
TFDP1,HNRNPUL1,Activation,0.5,B,0.1552907801418548,0.2350070921986018,0.21526535,0.28454933,0.15635137967884255,2.3781122000010204,1430
TFDP1,PTMA,Activation,0.5,B,0.1552907801418548,0.9989219858152256,0.21526535,17.166649,13.217534392540394,10.97599964997234,1431
THAP11,CNIH4,Activation,0.5,B,0.2417021276595955,0.1706099290780268,0.29016748,0.20119512,0.09186268378296683,1.6533199944362789,1432
THAP11,LSM10,Activation,0.5,B,0.2417021276595955,0.2691631205674002,0.29016748,0.35944906,0.21429909354540314,2.762539431498796,1433
THAP11,PRPF31,Activation,0.5,B,0.2417021276595955,0.1916595744681002,0.29016748,0.241141,0.12276763396620465,1.8902344510570004,1434
THAP11,SNX17,Activation,0.5,B,0.2417021276595955,0.2796595744681107,0.29016748,0.35871154,0.2137284960555208,2.8806773680886435,1435
THAP11,TMEM115,Activation,0.5,B,0.2417021276595955,0.066212765957447,0.29016748,0.06967306,-0.009892058190343523,0.4783264629480626,1436
TP53,KDM4C,Activation,0.5,B,0.1293049645390148,0.050609929078014,0.14933354,0.053106073,-0.02270944781654149,0.302716016665873,1437
TP53,KMT5B,Activation,0.5,B,0.1293049645390148,0.0886241134751802,0.14933354,0.09486397,0.009597406520921526,0.7305669221534138,1438
TP53,LMNA,Activation,0.5,B,0.1293049645390148,0.0547517730496452,0.14933354,0.08941786,0.005383911706376607,0.3493326078607803,1439
TP53,MAST4,Activation,0.5,B,0.1293049645390148,0.0511205673758863,0.14933354,0.060879115,-0.01669567428639982,0.3084632676351077,1440
TP53,MACF1,Activation,0.5,B,0.1293049645390148,0.1480283687943362,0.14933354,0.17027107,0.06793765760469872,1.3991637849078498,1441
TP53,MED4,Activation,0.5,B,0.1293049645390148,0.2873758865248492,0.14933354,0.35042804,0.20731979621356336,2.9675247160682074,1442
TP53,IER5,Activation,0.5,B,0.1293049645390148,0.1397446808510728,0.14933354,0.1688525,0.0668401517998088,1.305930602518024,1443
TP53,IRF2BP2,Activation,0.5,B,0.1293049645390148,0.1414468085106474,0.14933354,0.16244051,0.061879384092965985,1.325088105748809,1444
TP53,METTL8,Activation,0.5,B,0.1293049645390148,0.0620709219858154,0.14933354,0.068992354,-0.010418700362688474,0.43170987175315073,1445
TP53,PANK2,Activation,0.5,B,0.1293049645390148,0.1274893617021351,0.14933354,0.14025487,0.044715008217825696,1.167996579256363,1446
TP53,PCNX1,Activation,0.5,B,0.1293049645390148,0.0880000000000028,0.14933354,0.095317915,0.009948610390029674,0.7235425043021252,1447
TP53,PDE4D,Activation,0.5,B,0.1293049645390148,0.0920283687943295,0.14933354,0.10337452,0.016181768256899168,0.7688819286149856,1448
TP53,PHACTR4,Activation,0.5,B,0.1293049645390148,0.1131347517730554,0.14933354,0.13157333,0.03799835655778498,1.0064349686767335,1449
TP53,PLAC8,Activation,0.5,B,0.1293049645390148,0.443404255319194,0.14933354,0.7953868,0.5515712762509359,4.72362917889027,1450
TP53,MGRN1,Activation,0.5,B,0.1293049645390148,0.1194326241134817,0.14933354,0.13145956,0.03791033606149484,1.0773177306306423,1451
TP53,MSI2,Activation,0.5,B,0.1293049645390148,0.1261276595744754,0.14933354,0.1421272,0.04616357476277556,1.1526705766717342,1452
TP53,NFYC,Activation,0.5,B,0.1293049645390148,0.0984397163120608,0.14933354,0.109161556,0.02065902747083072,0.8410418574509472,1453
TP53,FOXP1,Activation,0.5,B,0.1293049645390148,0.445503546099336,0.14933354,0.70335704,0.48037056298149905,4.747256766208238,1454
TP53,FOXK1,Activation,0.5,B,0.1293049645390148,0.0701276595744687,0.14933354,0.07443892,-0.006204852754381511,0.5223887203788702,1455
TP53,CAB39,Activation,0.5,B,0.1293049645390148,0.1567659574468195,0.14933354,0.18491016,0.07926349013556136,1.4975056348258855,1456
TP53,CAMK2D,Activation,0.5,B,0.1293049645390148,0.1559148936170321,0.14933354,0.188258,0.08185361528542541,1.4879268832104915,1457
TP53,CAPN2,Activation,0.5,B,0.1293049645390148,0.1508652482269606,0.14933354,0.177477,0.07351267329277215,1.4310929569591595,1458
TP53,CCDC57,Activation,0.5,B,0.1293049645390148,0.107631205673764,0.14933354,0.11699118,0.026716576826946628,0.944492374897192,1459
TP53,CEP85L,Activation,0.5,B,0.1293049645390148,0.0674609929078018,0.14933354,0.07182906,-0.008224024525919034,0.4923752986506395,1460
TP53,CHD2,Activation,0.5,B,0.1293049645390148,0.1518297872340529,0.14933354,0.16993076,0.06767436978635906,1.441948875456605,1461
TP53,CHD9,Activation,0.5,B,0.1293049645390148,0.0759716312056751,0.14933354,0.080566406,-0.0014641974082360034,0.5881628148045696,1462
TP53,CIC,Activation,0.5,B,0.1293049645390148,0.0520851063829785,0.14933354,0.0539004,-0.02209490042481546,0.3193191861325519,1463
TP53,CDC42EP3,Activation,0.5,B,0.1293049645390148,0.1316312056737668,0.14933354,0.15705034,0.057709168407914534,1.2146131704512757,1464
TP53,ATP2A2,Activation,0.5,B,0.1293049645390148,0.0830638297872362,0.14933354,0.09906259,0.012845755084987358,0.6679857449328448,1465
TP53,ASAP1,Activation,0.5,B,0.1293049645390148,0.0713758865248235,0.14933354,0.07829705,-0.0032199312693508785,0.5364375560814472,1466
TP53,ACTB,Activation,0.5,B,0.1293049645390148,0.9780992907797826,0.14933354,14.077445,10.827508294082705,10.741639527115954,1467
TP53,AEBP2,Activation,0.5,B,0.1293049645390148,0.0607659574468083,0.14933354,0.06502073,-0.013491428810942764,0.41702245260954973,1468
TP53,AEN,Activation,0.5,B,0.1293049645390148,0.056851063829787,0.14933354,0.0622974,-0.015598388977611191,0.3729601951787466,1469
TP53,ANK3,Activation,0.5,B,0.1293049645390148,0.0872056737588679,0.14933354,0.09764414,0.011748342120561145,0.7146023361277577,1470
TP53,ANXA2,Activation,0.5,B,0.1293049645390148,0.1920567375886676,0.14933354,0.31881726,0.18286346727167269,1.8947045351441836,1471
TP53,ARHGEF3,Activation,0.5,B,0.1293049645390148,0.1404822695035551,0.14933354,0.16266765,0.06205511561733396,1.314232187251364,1472
TP53,ARID1B,Activation,0.5,B,0.1293049645390148,0.0580425531914891,0.14933354,0.060878962,-0.016695792657991034,0.3863704474402949,1473
TP53,FOXN3,Activation,0.5,B,0.1293049645390148,0.2711489361702373,0.14933354,0.34537598,0.2034111662716838,2.7848898519347127,1474
TP53,EML2,Activation,0.5,B,0.1293049645390148,0.0835744680851086,0.14933354,0.09730366,0.011484922778231248,0.6737329959020807,1475
TP53,ESYT2,Activation,0.5,B,0.1293049645390148,0.0654751773049646,0.14933354,0.07029719,-0.00940918720194962,0.47002487821472144,1476
TP53,ETV6,Activation,0.5,B,0.1293049645390148,0.2796028368794582,0.14933354,0.3869664,0.23558844858965847,2.8800387846476174,1477
TP53,FAF1,Activation,0.5,B,0.1293049645390148,0.071205673758866,0.14933354,0.076651655,-0.004492924892391574,0.534521805758368,1478
TP53,DTWD1,Activation,0.5,B,0.1293049645390148,0.0721134751773059,0.14933354,0.0758006,-0.005151361065989342,0.5447391408147882,1479
TP53,CTBS,Activation,0.5,B,0.1293049645390148,0.0754609929078027,0.14933354,0.079658665,-0.0021664898695432067,0.5824155638353338,1480
TP53,CUX1,Activation,0.5,B,0.1293049645390148,0.0663829787234045,0.14933354,0.06995677,-0.00967256012404766,0.48024221327114147,1481
ZNF263,KDM2B,Activation,0.5,B,0.0664964539007094,0.0940141843971666,0.06978653,0.10110499,0.014425899777111926,0.7912323490509026,1482
ZNF263,LDLRAP1,Activation,0.5,B,0.0664964539007094,0.099971631205678,0.06978653,0.11284944,0.023512234642673213,0.8582836103586545,1483
ZNF263,KCNAB2,Activation,0.5,B,0.0664964539007094,0.1816170212766097,0.06978653,0.21850164,0.10525222829782564,1.777205181995363,1484
ZNF263,ITPKB,Activation,0.5,B,0.0664964539007094,0.0653049645390072,0.06978653,0.06995678,-0.009672552387342355,0.46810912789164344,1485
ZNF263,HDAC5,Activation,0.5,B,0.0664964539007094,0.0526524822695033,0.06978653,0.054127313,-0.021919344523657968,0.325705020542813,1486
ZNF263,HK1,Activation,0.5,B,0.0664964539007094,0.1603404255319263,0.06978653,0.19778964,0.08922796426370694,1.537736391610536,1487
ZNF263,HPCAL1,Activation,0.5,B,0.0664964539007094,0.2221843971631393,0.06978653,0.27081725,0.14572727405612912,2.2337923423290986,1488
ZNF263,IQSEC1,Activation,0.5,B,0.0664964539007094,0.0516312056737587,0.06978653,0.055035148,-0.021216979337320866,0.3142105186043435,1489
ZNF263,ITGB2,Activation,0.5,B,0.0664964539007094,0.2141843971631384,0.06978653,0.2672984,0.1430048435087914,2.1437520771444043,1490
ZNF263,MSI2,Activation,0.5,B,0.0664964539007094,0.1261276595744754,0.06978653,0.1421272,0.04616357476277556,1.1526705766717342,1491
ZNF263,NFIC,Activation,0.5,B,0.0664964539007094,0.0821560283687964,0.06978653,0.089360535,0.005339561043197976,0.6577684098764258,1492
ZNF263,NADK,Activation,0.5,B,0.0664964539007094,0.0780709219858172,0.06978653,0.08771522,0.004066629313799744,0.6117904021225391,1493
ZNF263,LMNA,Activation,0.5,B,0.0664964539007094,0.0547517730496452,0.06978653,0.08941786,0.005383911706376607,0.3493326078607803,1494
ZNF263,LPCAT1,Activation,0.5,B,0.0664964539007094,0.0730212765957457,0.06978653,0.07948853,-0.0022981183053024192,0.5549564758712072,1495
ZNF263,LTBP3,Activation,0.5,B,0.0664964539007094,0.1027517730496499,0.06978653,0.11687776,0.026628827115342254,0.8895741989689379,1496
ZNF263,LTBP4,Activation,0.5,B,0.0664964539007094,0.0600851063829785,0.06978653,0.06388598,-0.014369351445778427,0.40935945131723606,1497
ZNF263,MACF1,Activation,0.5,B,0.0664964539007094,0.1480283687943362,0.06978653,0.17027107,0.06793765760469872,1.3991637849078498,1498
ZNF263,MAD1L1,Activation,0.5,B,0.0664964539007094,0.1109787234042608,0.06978653,0.12153003,0.030228151315709648,0.9821687979177375,1499
ZNF263,MKNK2,Activation,0.5,B,0.0664964539007094,0.1606808510638412,0.06978653,0.18967625,0.08295087351574544,1.5415678922566929,1500
ZNF263,MAP2K2,Activation,0.5,B,0.0664964539007094,0.277843971631231,0.06978653,0.3721587,0.2241321674705961,2.860242697975804,1501
ZNF263,MED15,Activation,0.5,B,0.0664964539007094,0.0992907801418481,0.06978653,0.10734593,0.019254331139659863,0.8506206090663397,1502
ZNF263,CSNK1D,Activation,0.5,B,0.0664964539007094,0.2053333333333501,0.06978653,0.24670194,0.12706996936780238,2.044133060344316,1503
ZNF263,CUX1,Activation,0.5,B,0.0664964539007094,0.0663829787234045,0.06978653,0.06995677,-0.00967256012404766,0.48024221327114147,1504
ZNF263,BCOR,Activation,0.5,B,0.0664964539007094,0.0500992907801416,0.06978653,0.05361674,-0.02231435980758478,0.29696876569663716,1505
ZNF263,BIN1,Activation,0.5,B,0.0664964539007094,0.2386950354610136,0.06978653,0.28182575,0.15424422609454141,2.4196201236677237,1506
ZNF263,DGKZ,Activation,0.5,B,0.0664964539007094,0.146382978723414,0.06978653,0.16760422,0.06587439434961039,1.3806448651180896,1507
ZNF263,FAM78A,Activation,0.5,B,0.0664964539007094,0.0670070921985818,0.06978653,0.071034744,-0.00883856340726922,0.4872666311224288,1508
ZNF263,FBRS,Activation,0.5,B,0.0664964539007094,0.1340141843971714,0.06978653,0.15409994,0.05542653087381526,1.241433674974377,1509
ZNF263,GAK,Activation,0.5,B,0.0664964539007094,0.081758865248229,0.06978653,0.08663721,0.0032326047448822007,0.6532983257892427,1510
ZNF263,ERGIC1,Activation,0.5,B,0.0664964539007094,0.0518581560283686,0.06978653,0.054070566,-0.021963248005269796,0.3167648523684477,1511
ZNF263,DLGAP4,Activation,0.5,B,0.0664964539007094,0.0651347517730497,0.06978653,0.06893548,-0.010462702100457723,0.4661933775685645,1512
ZNF263,DNAJB12,Activation,0.5,B,0.0664964539007094,0.0807943262411367,0.06978653,0.08669392,0.003276479600684377,0.6424424072917972,1513
ZNF263,DNAJB6,Activation,0.5,B,0.0664964539007094,0.4464113475177759,0.06978653,0.7179963,0.49169652703635197,4.757474101264658,1514
ZNF263,EHD1,Activation,0.5,B,0.0664964539007094,0.1159148936170274,0.06978653,0.12726073,0.03466182502661753,1.0377255572870179,1515
ZNF263,SSBP3,Activation,0.5,B,0.0664964539007094,0.0504397163120565,0.06978653,0.054127358,-0.021919309708484085,0.300800266342794,1516
ZNF263,TACC3,Activation,0.5,B,0.0664964539007094,0.0908936170212797,0.06978653,0.096622765,0.010958134382155964,0.7561102597944611,1517
ZNF263,SLC38A10,Activation,0.5,B,0.0664964539007094,0.0695035460992914,0.06978653,0.07387157,-0.006643794730036077,0.5153643025275827,1518
ZNF263,SMAD3,Activation,0.5,B,0.0664964539007094,0.0575886524822693,0.06978653,0.06116265,-0.016476311612446854,0.38126177991208654,1519
ZNF263,SND1,Activation,0.5,B,0.0664964539007094,0.174468085106396,0.06978653,0.20760675,0.09682317296841857,1.6967436684260602,1520
ZNF263,ZC3H18,Activation,0.5,B,0.0664964539007094,0.1003120567375929,0.06978653,0.109615445,0.02101018801438915,0.8621151110048114,1521
ZNF263,TLE3,Activation,0.5,B,0.0664964539007094,0.0852765957446833,0.06978653,0.09605551,0.01051926590520183,0.692890499132867,1522
ZNF263,UBAC1,Activation,0.5,B,0.0664964539007094,0.0846524822695059,0.06978653,0.095317855,0.009948563969797828,0.6858660812815787,1523
ZNF263,NOTCH1,Activation,0.5,B,0.0664964539007094,0.0556595744680849,0.06978653,0.06048185,-0.017003026509821714,0.3595499429171982,1524
ZNF263,SEPTIN9,Activation,0.5,B,0.0664964539007094,0.3411631205674088,0.06978653,0.47633517,0.3047304323133176,3.572901818161049,1525
ZNF263,POR,Activation,0.5,B,0.0664964539007094,0.0608794326241132,0.06978653,0.063942716,-0.014325456474542439,0.4182996194916012,1526
ZNF263,PPIL2,Activation,0.5,B,0.0664964539007094,0.0562269503546097,0.06978653,0.058779713,-0.018319919746121575,0.3659357773274592,1527
ZNF263,NUP210,Activation,0.5,B,0.0664964539007094,0.1463262411347615,0.06978653,0.1630651,0.06236261096980404,1.3800062816770633,1528
ZNF263,PDXK,Activation,0.5,B,0.0664964539007094,0.1335602836879515,0.06978653,0.16391645,0.0630212753762084,1.2363250074461676,1529
ZNF263,PFKL,Activation,0.5,B,0.0664964539007094,0.1325957446808592,0.06978653,0.14973086,0.052046302431067705,1.225469088948722,1530
ZNF263,PFKP,Activation,0.5,B,0.0664964539007094,0.1853049645390214,0.06978653,0.22621883,0.11122279078148059,1.8187131056620653,1531
ZNF263,SEC14L1,Activation,0.5,B,0.0664964539007094,0.0685390070921991,0.06978653,0.075063124,-0.005721924514368337,0.5045083840301374,1532
ZNF263,PRKAG2,Activation,0.5,B,0.0664964539007094,0.1046241134751821,0.06978653,0.11318981,0.023775568881244723,0.9106474525228034,1533
ZNF263,RNF220,Activation,0.5,B,0.0664964539007094,0.0858439716312082,0.06978653,0.09231081,0.007622101868480875,0.6992763335431292,1534
ZNF263,RPS6KA1,Activation,0.5,B,0.0664964539007094,0.1165957446808572,0.06978653,0.13741781,0.04252005850168834,1.0453885585793317,1535
ZNF263,SBNO2,Activation,0.5,B,0.0664964539007094,0.1085390070922038,0.06978653,0.12147337,0.030184315143434,0.954709709953611,1536
ZNF263,RUNX1,Activation,0.5,B,0.0664964539007094,0.0934468085106417,0.06978653,0.10536023,0.017718053566632166,0.7848465146406404,1537
ZNF263,RBM19,Activation,0.5,B,0.0664964539007094,0.0598581560283686,0.06978653,0.06445337,-0.013930378523302634,0.40680511755313187,1538
ZNF263,PRR5,Activation,0.5,B,0.0664964539007094,0.0802836879432643,0.06978653,0.088679776,0.00481287786631488,0.6366951563225616,1539
ZNF263,PSD4,Activation,0.5,B,0.0664964539007094,0.0927659574468119,0.06978653,0.1036582,0.016401243113079108,0.7771835133483267,1540
ZNF263,PXN,Activation,0.5,B,0.0664964539007094,0.0882836879432652,0.06978653,0.09452357,0.009334049072234094,0.7267354215072558,1541
ZNF263,RALGDS,Activation,0.5,B,0.0664964539007094,0.0943546099290816,0.06978653,0.103601396,0.016357295532247018,0.7950638496970605,1542
USF2,ASPSCR1,Activation,0.5,B,0.2326808510638498,0.0732482269503556,0.29396865,0.07716225,-0.0040978925877130845,0.5575108096353114,1543
TP53,UBE2F,Activation,0.5,B,0.1293049645390148,0.2042553191489528,0.14933354,0.25804946,0.1358492111895696,2.0319999749648185,1544
TP53,USP34,Activation,0.5,B,0.1293049645390148,0.1237446808510709,0.14933354,0.13384289,0.039754248247688154,1.1258500721486342,1545
TP53,USP9X,Activation,0.5,B,0.1293049645390148,0.0611631205673756,0.14933354,0.0640562,-0.014237657248024099,0.42149253669673176,1546
TP53,UTRN,Activation,0.5,B,0.1293049645390148,0.0549219858156026,0.14933354,0.058098894,-0.018846649343236516,0.35124835818385813,1547
TP53,YBX3,Activation,0.5,B,0.1293049645390148,0.1924539007092351,0.14933354,0.3554708,0.21122123101950638,1.8991746192313679,1548
TP53,VMP1,Activation,0.5,B,0.1293049645390148,0.4272340425532346,0.14933354,0.637537,0.42944753769682087,4.541632898197801,1549
TP53,TSPAN14,Activation,0.5,B,0.1293049645390148,0.1495602836879534,0.14933354,0.16607258,0.0646894096178019,1.4164055378155573,1550
TP53,RNF216,Activation,0.5,B,0.1293049645390148,0.1058723404255368,0.14933354,0.11301954,0.023643835999963853,0.9246962882253791,1551
TP53,RPS19,Activation,0.5,B,0.1293049645390148,0.999999999999622,0.14933354,39.630054,30.59680886267088,10.988132735351828,1552
TP53,RCC2,Activation,0.5,B,0.1293049645390148,0.0786950354609946,0.14933354,0.08618338,0.0028814898478850912,0.6188148199738277,1553
TP53,RTN4,Activation,0.5,B,0.1293049645390148,0.2275177304964733,0.14933354,0.29044944,0.16091612091437482,2.293819185785562,1554
TP53,SEC14L1,Activation,0.5,B,0.1293049645390148,0.0685390070921991,0.14933354,0.075063124,-0.005721924514368337,0.5045083840301374,1555
TP53,SFSWAP,Activation,0.5,B,0.1293049645390148,0.0864113475177331,0.14933354,0.094126396,0.009026767252830508,0.7056621679533914,1556
TP53,RBM19,Activation,0.5,B,0.1293049645390148,0.0598581560283686,0.14933354,0.06445337,-0.013930378523302634,0.40680511755313187,1557
TP53,PPP4R3A,Activation,0.5,B,0.1293049645390148,0.1805957446808649,0.14933354,0.20749354,0.09673558572762568,1.7657106800568911,1558
TP53,PRKAG2,Activation,0.5,B,0.1293049645390148,0.1046241134751821,0.14933354,0.11318981,0.023775568881244723,0.9106474525228034,1559
TP53,PRKCH,Activation,0.5,B,0.1293049645390148,0.293617021276623,0.14933354,0.38390365,0.23321888917142278,3.03776889458109,1560
TP53,PRPF40A,Activation,0.5,B,0.1293049645390148,0.3038865248227235,0.14933354,0.41874197,0.26017227069832116,3.1533524974068325,1561
TP53,RBMS1,Activation,0.5,B,0.1293049645390148,0.1977304964539165,0.14933354,0.23813358,0.12044088173843867,1.958562879246804,1562
TP53,PRR5,Activation,0.5,B,0.1293049645390148,0.0802836879432643,0.14933354,0.088679776,0.00481287786631488,0.6366951563225616,1563
TP53,RAPGEF1,Activation,0.5,B,0.1293049645390148,0.0653617021276597,0.14933354,0.07018377,-0.009496936913553983,0.4687477113326698,1564
TP53,RASA3,Activation,0.5,B,0.1293049645390148,0.0903829787234073,0.14933354,0.0998,0.013416267471111314,0.7503630088252253,1565
TP53,TBCA,Activation,0.5,B,0.1293049645390148,0.6459007092197845,0.14933354,1.4015617,1.0205509328971079,7.0027334799111856,1566
TP53,TNFAIP8,Activation,0.5,B,0.1293049645390148,0.4321702127660011,0.14933354,0.7307572,0.5015692593129542,4.59718965756708,1567
TP53,TPD52,Activation,0.5,B,0.1293049645390148,0.1013900709219902,0.14933354,0.116367094,0.026233739880056083,0.8742481963843094,1568
TP53,TMEM30A,Activation,0.5,B,0.1293049645390148,0.1277163120567451,0.14933354,0.14173014,0.04585638114181248,1.1705509130204683,1569
TP53,SIPA1L1,Activation,0.5,B,0.1293049645390148,0.0594042553191487,0.14933354,0.06337536,-0.014764403092220178,0.40169645002492227,1570
TP53,SNAP47,Activation,0.5,B,0.1293049645390148,0.1185248226950419,0.14933354,0.1312895,0.03777876565102544,1.0671003955742233,1571
TP53,SPATS2L,Activation,0.5,B,0.1293049645390148,0.0923687943262444,0.14933354,0.11795604,0.027463060575303122,0.7727134292611423,1572
TP53,TAB2,Activation,0.5,B,0.1293049645390148,0.1623829787234159,0.14933354,0.19160584,0.08444374043528945,1.5607253954874794,1573
TP53,STK17A,Activation,0.5,B,0.1293049645390148,0.4042553191489765,0.14933354,0.58181626,0.38633804320394327,4.283006604582187,1574
TP53,SYNE1,Activation,0.5,B,0.1293049645390148,0.0949787234042589,0.14933354,0.10286378,0.015786623769993714,0.8020882675483478,1575
TP53,SYNE2,Activation,0.5,B,0.1293049645390148,0.2887375886525089,0.14933354,0.3726124,0.2244831817904242,2.9828507186528364,1576
TP53,STAT6,Activation,0.5,B,0.1293049645390148,0.1723120567376015,0.14933354,0.2058475,0.0954620930870926,1.6724774976670653,1577
ZBTB7A,SEPTIN9,Activation,0.5,B,0.1724822695035589,0.3411631205674088,0.20108178,0.47633517,0.3047304323133176,3.572901818161049,1578
ZEB1,FLNA,Activation,0.5,B,0.0680283687943267,0.1412198581560375,0.072509915,0.18366107,0.078297106012233,1.322533771984705,1579
ZEB1,ITGB1,Activation,0.5,B,0.0680283687943267,0.2645673758865486,0.072509915,0.4071064,0.2511701730801543,2.7108141727756734,1580
ZBTB7A,PNPLA6,Activation,0.5,B,0.1724822695035589,0.0830638297872362,0.20108178,0.09026836,0.0060419184928297755,0.6679857449328448,1581
ZEB1,PXN,Activation,0.5,B,0.0680283687943267,0.0882836879432652,0.072509915,0.09452357,0.009334049072234094,0.7267354215072558,1582
YY1,CELF1,Activation,0.5,B,0.2540141843971856,0.2942978723404528,0.3112751,0.36512354,0.21868927149906894,3.0454318958734037,1583
YY1,KDM2A,Activation,0.5,B,0.2540141843971856,0.1582978723404367,0.3112751,0.17821474,0.07408344099017129,1.5147473877335929,1584
YY1,USP7,Activation,0.5,B,0.2540141843971856,0.0782978723404272,0.3112751,0.08425431,0.0013890252370171176,0.6143447358866445,1585
ZNF263,ANKRD11,Activation,0.5,B,0.0664964539007094,0.2230354609929266,0.06978653,0.27819344,0.15143401488877814,2.243371093944491,1586
ZNF263,AP2A2,Activation,0.5,B,0.0664964539007094,0.0776170212765973,0.06978653,0.083516754,0.0008183998949956581,0.6066817345943296,1587
ZNF263,APBA2,Activation,0.5,B,0.0664964539007094,0.0638297872340425,0.06978653,0.06944612,-0.010067634980605344,0.45150595842496244,1588
ZNF263,ARID1B,Activation,0.5,B,0.0664964539007094,0.0580425531914891,0.06978653,0.060878962,-0.016695792657991034,0.3863704474402949,1589
ZNF263,ASAP1,Activation,0.5,B,0.0664964539007094,0.0713758865248235,0.06978653,0.07829705,-0.0032199312693508785,0.5364375560814472,1590
ZNF263,ARHGEF1,Activation,0.5,B,0.0664964539007094,0.2316028368794525,0.06978653,0.2728605,0.14730807636820487,2.339797193539449,1591
ZEB1,TECR,Activation,0.5,B,0.0680283687943267,0.2914609929078284,0.072509915,0.35944945,0.21429939527691017,3.013502723822094,1592
ZNF263,AKT2,Activation,0.5,B,0.0664964539007094,0.1412198581560375,0.06978653,0.15892322,0.05915816047165633,1.322533771984705,1593
ZNF263,ACSF3,Activation,0.5,B,0.0664964539007094,0.0672340425531918,0.06978653,0.07086453,-0.008970252963000368,0.48982096488653426,1594
ZNF263,AGPAT2,Activation,0.5,B,0.0664964539007094,0.0547517730496452,0.06978653,0.059063412,-0.01810043019020155,0.3493326078607803,1595
ZNF263,AGPAT3,Activation,0.5,B,0.0664964539007094,0.0680283687943267,0.06978653,0.073814884,-0.006687651017745524,0.4987611330609016,1596
STAT1,ERGIC1,Activation,0.5,B,0.6270638297871766,0.0518581560283686,1.4281144,0.054070566,-0.021963248005269796,0.3167648523684477,1597
STAT1,ERCC1,Activation,0.5,B,0.6270638297871766,0.1470070921985914,1.4281144,0.17656913,0.07281028102796647,1.3876692829693782,1598
STAT1,EMC2,Activation,0.5,B,0.6270638297871766,0.1114326241134807,1.4281144,0.11999812,0.029042957692857835,0.987277465445947,1599
STAT1,ELMO1,Activation,0.5,B,0.6270638297871766,0.1012765957446852,1.4281144,0.11080694,0.021932012583495572,0.8729710295022567,1600
STAT1,ELF1,Activation,0.5,B,0.6270638297871766,0.2481702127659793,1.4281144,0.3010609,0.1691258948052347,2.526263558319101,1601
STAT1,EIF4E,Activation,0.5,B,0.6270638297871766,0.2992340425532194,1.4281144,0.42157996,0.26236793992805213,3.100988655242684,1602
STAT1,EHD1,Activation,0.5,B,0.6270638297871766,0.1159148936170274,1.4281144,0.12726073,0.03466182502661753,1.0377255572870179,1603
STAT1,ECE1,Activation,0.5,B,0.6270638297871766,0.0598581560283686,1.4281144,0.06519099,-0.013359703666367196,0.40680511755313187,1604
STAT1,DUSP22,Activation,0.5,B,0.6270638297871766,0.1002553191489404,1.4281144,0.110523246,0.021712526895928206,0.861476527563785,1605
STAT1,DTNBP1,Activation,0.5,B,0.6270638297871766,0.1489929078014285,1.4281144,0.16709378,0.06547948196386418,1.410019703405295,1606
STAT1,DIAPH1,Activation,0.5,B,0.6270638297871766,0.1352624113475261,1.4281144,0.15495113,0.056085071492934686,1.255482510676953,1607
STAT1,ERN1,Activation,0.5,B,0.6270638297871766,0.1026382978723449,1.4281144,0.1234026,0.03167690354158691,0.8882970320868852,1608
STAT1,DNAJB12,Activation,0.5,B,0.6270638297871766,0.0807943262411367,1.4281144,0.08669392,0.003276479600684377,0.6424424072917972,1609
STAT1,DNMT1,Activation,0.5,B,0.6270638297871766,0.1716879432624241,1.4281144,0.21526648,0.10274928034337322,1.665453079815777,1610
STAT1,DOCK10,Activation,0.5,B,0.6270638297871766,0.1196595744680917,1.4281144,0.13463733,0.040368883064184166,1.0798720643947475,1611
STAT1,DOCK8,Activation,0.5,B,0.6270638297871766,0.1765673758865381,1.4281144,0.20085523,0.0915997209062501,1.7203712557440298,1612
STAT1,DNM2,Activation,0.5,B,0.6270638297871766,0.1478581560283787,1.4281144,0.17117894,0.06864004986950441,1.3972480345847709,1613
STAT1,ETV6,Activation,0.5,B,0.6270638297871766,0.2796028368794582,1.4281144,0.3869664,0.23558844858965847,2.8800387846476174,1614
STAT1,FAM78A,Activation,0.5,B,0.6270638297871766,0.0670070921985818,1.4281144,0.071034744,-0.00883856340726922,0.4872666311224288,1615
STAT1,GNAI2,Activation,0.5,B,0.6270638297871766,0.3260709219858467,1.4281144,0.45766577,0.2902864677054296,3.403038622848079,1616
STAT1,GPCPD1,Activation,0.5,B,0.6270638297871766,0.066326241134752,1.4281144,0.07075108,-0.009058025884720666,0.4796036298301151,1617
STAT1,GPR132,Activation,0.5,B,0.6270638297871766,0.0680851063829791,1.4281144,0.071885794,-0.008180131102024106,0.4993997165019268,1618
STAT1,GRAMD1A,Activation,0.5,B,0.6270638297871766,0.2376170212766163,1.4281144,0.30304682,0.17066234258577914,2.407487038288226,1619
STAT1,GRB2,Activation,0.5,B,0.6270638297871766,0.2274609929078208,1.4281144,0.30423784,0.17158379966138343,2.2931806023445356,1620
STAT1,GRK2,Activation,0.5,B,0.6270638297871766,0.0876028368794354,1.4281144,0.09441003,0.009246206520166028,0.7190724202149421,1621
STAT1,CYTH4,Activation,0.5,B,0.6270638297871766,0.1213049645390138,1.4281144,0.13219728,0.03848108828548335,1.0983909841845065,1622
STAT1,GLIPR2,Activation,0.5,B,0.6270638297871766,0.0927659574468119,1.4281144,0.104679435,0.017191342537609965,0.7771835133483267,1623
STAT1,FKBP5,Activation,0.5,B,0.6270638297871766,0.1339007092198664,1.4281144,0.15807176,0.05849941096149359,1.2401565080923245,1624
STAT1,FNBP1,Activation,0.5,B,0.6270638297871766,0.3859290780142226,1.4281144,0.59015536,0.3927897591274137,4.076744153130725,1625
STAT1,FOXK1,Activation,0.5,B,0.6270638297871766,0.0701276595744687,1.4281144,0.07443892,-0.006204852754381511,0.5223887203788702,1626
STAT1,FRMD4B,Activation,0.5,B,0.6270638297871766,0.1674326241134874,1.4281144,0.23296948,0.11644556975028723,1.6175593217388111,1627
STAT1,FYB1,Activation,0.5,B,0.6270638297871766,0.4611063829787705,1.4281144,0.7501142,0.5165451997778264,4.922867212490445,1628
STAT1,FYN,Activation,0.5,B,0.6270638297871766,0.456056737588699,1.4281144,0.73853505,0.5075867526510079,4.866033286239113,1629
STAT1,FOXN3,Activation,0.5,B,0.6270638297871766,0.2711489361702373,1.4281144,0.34537598,0.2034111662716838,2.7848898519347127,1630
STAT1,CYTH1,Activation,0.5,B,0.6270638297871766,0.2961134751773325,1.4281144,0.37544936,0.22667805413950848,3.065866565986243,1631
STAT1,ARHGEF2,Activation,0.5,B,0.6270638297871766,0.1353191489361786,1.4281144,0.15234074,0.05406548967601584,1.2561210941179795,1632
STAT1,ARHGEF3,Activation,0.5,B,0.6270638297871766,0.1404822695035551,1.4281144,0.16266765,0.06205511561733396,1.314232187251364,1633
STAT1,ARID1A,Activation,0.5,B,0.6270638297871766,0.1231205673758935,1.4281144,0.13917673,0.04388088307173914,1.1188256542973458,1634
STAT1,ARID5B,Activation,0.5,B,0.6270638297871766,0.4730780141844457,1.4281144,0.8919002,0.62624084965913,5.057608318546975,1635
STAT1,ASAP1,Activation,0.5,B,0.6270638297871766,0.0713758865248235,1.4281144,0.07829705,-0.0032199312693508785,0.5364375560814472,1636
STAT1,ATXN1,Activation,0.5,B,0.6270638297871766,0.1656737588652602,1.4281144,0.19506669,0.08712129809184022,1.5977632350669986,1637
STAT1,ARHGAP15,Activation,0.5,B,0.6270638297871766,0.342354609929111,1.4281144,0.4727032,0.30192048415553474,3.586312070422599,1638
STAT1,ACTB,Activation,0.5,B,0.6270638297871766,0.9780992907797826,1.4281144,14.077445,10.827508294082705,10.741639527115954,1639
STAT1,AFF1,Activation,0.5,B,0.6270638297871766,0.0565673758865246,1.4281144,0.058609508,-0.01845160233881794,0.3697672779736161,1640
STAT1,AHNAK,Activation,0.5,B,0.6270638297871766,0.0906099290780173,1.4281144,0.104679435,0.017191342537609965,0.7529173425893307,1641
STAT1,AK2,Activation,0.5,B,0.6270638297871766,0.2201418439716497,1.4281144,0.31082004,0.17667625382927532,2.2108033384521555,1642
STAT1,AKAP13,Activation,0.5,B,0.6270638297871766,0.3286808510638612,1.4281144,0.4547142,0.2880029249768093,3.432413461135284,1643
STAT1,ARHGAP25,Activation,0.5,B,0.6270638297871766,0.2717163120567622,1.4281144,0.3501416,0.2070981860267184,2.7912756863449752,1644
STAT1,ANKRD44,Activation,0.5,B,0.6270638297871766,0.2376170212766163,1.4281144,0.29016608,0.16069689363276474,2.407487038288226,1645
STAT1,ANXA1,Activation,0.5,B,0.6270638297871766,0.3266382978723716,1.4281144,0.55871665,0.3684665556737594,3.4094244572583405,1646
STAT1,AP3D1,Activation,0.5,B,0.6270638297871766,0.16703546099292,1.4281144,0.20590459,0.0955062619376965,1.6130892376516281,1647
STAT1,APOL6,Activation,0.5,B,0.6270638297871766,0.2519148936170435,1.4281144,0.32602534,0.18844014635138737,2.5684100654268294,1648
STAT1,BCL3,Activation,0.5,B,0.6270638297871766,0.1581843971631317,1.4281144,0.1880307,0.08167775997377248,1.5134702208515403,1649
STAT1,BIN1,Activation,0.5,B,0.6270638297871766,0.2386950354610136,1.4281144,0.28182575,0.15424422609454141,2.4196201236677237,1650
STAT1,CEMIP2,Activation,0.5,B,0.6270638297871766,0.060141843971631,1.4281144,0.06462359,-0.013798684325548306,0.4099980347582623,1651
STAT1,CFLAR,Activation,0.5,B,0.6270638297871766,0.4389787234042998,1.4281144,0.85717106,0.5993719374807853,4.673819670490225,1652
STAT1,CHD9,Activation,0.5,B,0.6270638297871766,0.0759716312056751,1.4281144,0.080566406,-0.0014641974082360034,0.5881628148045696,1653
STAT1,CELF1,Activation,0.5,B,0.6270638297871766,0.2942978723404528,1.4281144,0.36512354,0.21868927149906894,3.0454318958734037,1654
STAT1,CMTM7,Activation,0.5,B,0.6270638297871766,0.239092198581581,1.4281144,0.298791,0.16736974006735103,2.424090207754907,1655
STAT1,CRYBG1,Activation,0.5,B,0.6270638297871766,0.0942978723404291,1.4281144,0.103147514,0.016006140404382307,0.7944252662560342,1656
STAT1,CUX1,Activation,0.5,B,0.6270638297871766,0.0663829787234045,1.4281144,0.06995677,-0.00967256012404766,0.48024221327114147,1657
STAT1,BCOR,Activation,0.5,B,0.6270638297871766,0.0500992907801416,1.4281144,0.05361674,-0.02231435980758478,0.29696876569663716,1658
STAT1,CDK6,Activation,0.5,B,0.6270638297871766,0.0884539007092227,1.4281144,0.11165829,0.022590676989899916,0.7286511718303347,1659
STAT1,BLVRA,Activation,0.5,B,0.6270638297871766,0.1023546099290825,1.4281144,0.112849414,0.023512214527239412,0.8851041148817548,1660
STAT1,BTBD1,Activation,0.5,B,0.6270638297871766,0.0630354609929076,1.4281144,0.06689303,-0.012042885476108822,0.44256579025059495,1661
STAT1,CASP7,Activation,0.5,B,0.6270638297871766,0.0603120567375884,1.4281144,0.06371576,-0.014501045643532757,0.41191378508134024,1662
STAT1,CAST,Activation,0.5,B,0.6270638297871766,0.3306666666666983,1.4281144,0.4391699,0.2759767581447529,3.454763881571201,1663
STAT1,CCDC12,Activation,0.5,B,0.6270638297871766,0.3576170212766306,1.4281144,0.4689036,0.2989808456066724,3.7580910160586485,1664
STAT1,CCDC88C,Activation,0.5,B,0.6270638297871766,0.197787234042569,1.4281144,0.22712658,0.11192509020582257,1.9592014626878305,1665
STAT1,CD44,Activation,0.5,B,0.6270638297871766,0.7127375886523512,1.4281144,1.6537209,1.2156390750095136,7.754984773439319,1666
STAT1,CD82,Activation,0.5,B,0.6270638297871766,0.0570780141843969,1.4281144,0.067403786,-0.011647728610474884,0.3755145289428507,1667
STAT1,CD83,Activation,0.5,B,0.6270638297871766,0.0605957446808508,1.4281144,0.073588125,-0.006863087773641267,0.4151067022864707,1668
STAT1,CDC42EP3,Activation,0.5,B,0.6270638297871766,0.1316312056737668,1.4281144,0.15705034,0.057709168407914534,1.2146131704512757,1669
STAT1,CDC42SE2,Activation,0.5,B,0.6270638297871766,0.6836312056736528,1.4281144,1.3379608,0.9713447908341694,7.427391468193196,1670
STAT1,HIVEP2,Activation,0.5,B,0.6270638297871766,0.0883404255319177,1.4281144,0.09662283,0.010958184670740473,0.7273740049482821,1671
STAT1,HK1,Activation,0.5,B,0.6270638297871766,0.1603404255319263,1.4281144,0.19778964,0.08922796426370694,1.537736391610536,1672
STAT1,NIBAN1,Activation,0.5,B,0.6270638297871766,0.0604822695035459,1.4281144,0.06848173,-0.010813755103812358,0.4138295354044192,1673
STAT1,NLRC5,Activation,0.5,B,0.6270638297871766,0.1506950354610031,1.4281144,0.1713491,0.0687716976470269,1.4291772066360806,1674
STAT1,NFKBIZ,Activation,0.5,B,0.6270638297871766,0.1753191489361834,1.4281144,0.21118169,0.09958899869582938,1.706322420041454,1675
STAT1,PDE4B,Activation,0.5,B,0.6270638297871766,0.2248510638298063,1.4281144,0.294705,0.1642085222784649,2.2638057640573304,1676
STAT1,PDE4D,Activation,0.5,B,0.6270638297871766,0.0920283687943295,1.4281144,0.10337452,0.016181768256899168,0.7688819286149856,1677
STAT1,PFKFB3,Activation,0.5,B,0.6270638297871766,0.1428085106383072,1.4281144,0.17549106,0.07197621003881709,1.3404141083334389,1678
STAT1,PGS1,Activation,0.5,B,0.6270638297871766,0.1231205673758935,1.4281144,0.14116284,0.045417477849684466,1.1188256542973458,1679
STAT1,PHACTR2,Activation,0.5,B,0.6270638297871766,0.0767092198581575,1.4281144,0.08555929,0.002398649806312415,0.5964643995379106,1680
STAT1,NFKB1,Activation,0.5,B,0.6270638297871766,0.1794042553191626,1.4281144,0.2344443,0.11758659452253514,1.7523004277953407,1681
STAT1,MSN,Activation,0.5,B,0.6270638297871766,0.3057588652482556,1.4281144,0.42776328,0.2671517923946149,3.174425750960697,1682
STAT1,MYH9,Activation,0.5,B,0.6270638297871766,0.2275744680851258,1.4281144,0.27859026,0.15174102282881377,2.2944577692265886,1683
STAT1,MYO9B,Activation,0.5,B,0.6270638297871766,0.1093333333333387,1.4281144,0.12221094,0.030754951316842898,0.9636498781279784,1684
STAT1,NFE2L2,Activation,0.5,B,0.6270638297871766,0.2943546099291053,1.4281144,0.37749207,0.2282584386694976,3.0460704793144298,1685
STAT1,NABP1,Activation,0.5,B,0.6270638297871766,0.251971631205696,1.4281144,0.329317,0.1909868066908306,2.5690486488678554,1686
STAT1,NCOA7,Activation,0.5,B,0.6270638297871766,0.0939574468085141,1.4281144,0.10536028,0.017718092250158708,0.7905937656098762,1687
STAT1,NEDD9,Activation,0.5,B,0.6270638297871766,0.2660425531915133,1.4281144,1.1262027,0.8075137892040363,2.727417342242355,1688
STAT1,N4BP1,Activation,0.5,B,0.6270638297871766,0.0830638297872362,1.4281144,0.089984715,0.005822470715118421,0.6679857449328448,1689
STAT1,PIP4K2A,Activation,0.5,B,0.6270638297871766,0.2002836879432785,1.4281144,0.24272978,0.12399682623214359,1.9872991340929833,1690
STAT1,PRKCB,Activation,0.5,B,0.6270638297871766,0.1230070921985885,1.4281144,0.1481987,0.05086091539058318,1.1175484874152932,1691
STAT1,PRKCH,Activation,0.5,B,0.6270638297871766,0.293617021276623,1.4281144,0.38390365,0.23321888917142278,3.03776889458109,1692
STAT1,PRPF31,Activation,0.5,B,0.6270638297871766,0.1916595744681002,1.4281144,0.241141,0.12276763396620465,1.8902344510570004,1693
STAT1,PSMD1,Activation,0.5,B,0.6270638297871766,0.1198865248227016,1.4281144,0.14899346,0.05147579778164905,1.0824263981588518,1694
STAT1,PRKAG2,Activation,0.5,B,0.6270638297871766,0.1046241134751821,1.4281144,0.11318981,0.023775568881244723,0.9106474525228034,1695
STAT1,PTP4A2,Activation,0.5,B,0.6270638297871766,0.5899007092198326,1.4281144,1.1068397,0.7925332067159793,6.372451623618939,1696
STAT1,PTPN2,Activation,0.5,B,0.6270638297871766,0.3329361702127978,1.4281144,0.4489297,0.2835276277913439,3.4803072192122486,1697
STAT1,PTPRE,Activation,0.5,B,0.6270638297871766,0.107631205673764,1.4281144,0.12896319,0.03597896815849885,0.944492374897192,1698
STAT1,RAB3GAP2,Activation,0.5,B,0.6270638297871766,0.071432624113476,1.4281144,0.07585734,-0.005107463000071232,0.5370761395224736,1699
STAT1,PTK2B,Activation,0.5,B,0.6270638297871766,0.0862411347517756,1.4281144,0.09486402,0.009597445204448055,0.7037464176303124,1700
STAT1,PREX1,Activation,0.5,B,0.6270638297871766,0.0820425531914914,1.4281144,0.09077906,0.006437032032913991,0.6564912429943731,1701
STAT1,PLAC8,Activation,0.5,B,0.6270638297871766,0.443404255319194,1.4281144,0.7953868,0.5515712762509359,4.72362917889027,1702
STAT1,PLEKHA2,Activation,0.5,B,0.6270638297871766,0.0692198581560289,1.4281144,0.07511983,-0.005678052753248271,0.5121713853224511,1703
STAT1,PLEKHO1,Activation,0.5,B,0.6270638297871766,0.1158581560283749,1.4281144,0.13372955,0.03966656042972626,1.0370869738459916,1704
STAT1,PMAIP1,Activation,0.5,B,0.6270638297871766,0.174581560283701,1.4281144,0.26252955,0.13931532479794229,1.698020835308113,1705
STAT1,ACSL5,Activation,0.5,B,0.6270638297871766,0.0848226950354634,1.4281144,0.091629975,0.007095359892637447,0.6877818316046576,1706
STAT1,MGRN1,Activation,0.5,B,0.6270638297871766,0.1194326241134817,1.4281144,0.13145956,0.03791033606149484,1.0773177306306423,1707
STAT1,INPP5D,Activation,0.5,B,0.6270638297871766,0.1155744680851124,1.4281144,0.12896298,0.03597880568768738,1.0338940566408599,1708
STAT1,IPCEF1,Activation,0.5,B,0.6270638297871766,0.0809645390070941,1.4281144,0.08697767,0.003496008613801478,0.6443581576148752,1709
STAT1,IQGAP2,Activation,0.5,B,0.6270638297871766,0.1362269503546185,1.4281144,0.159263,0.05942103824461464,1.2663384291743993,1710
STAT1,IQSEC1,Activation,0.5,B,0.6270638297871766,0.0516312056737587,1.4281144,0.055035148,-0.021216979337320866,0.3142105186043435,1711
STAT1,ITGB2,Activation,0.5,B,0.6270638297871766,0.2141843971631384,1.4281144,0.2672984,0.1430048435087914,2.1437520771444043,1712
STAT1,INPP4A,Activation,0.5,B,0.6270638297871766,0.084312056737591,1.4281144,0.09049529,0.006217487546386292,0.6820345806354218,1713
STAT1,JADE2,Activation,0.5,B,0.6270638297871766,0.1168794326241197,1.4281144,0.1272039,0.03461785733035166,1.0485814757844631,1714
STAT1,KLF6,Activation,0.5,B,0.6270638297871766,0.435177304964583,1.4281144,0.71231955,0.4873045928505812,4.631034579941469,1715
STAT1,JMJD1C,Activation,0.5,B,0.6270638297871766,0.1805390070922124,1.4281144,0.20919608,0.09805279075314945,1.765072096615865,1716
STAT1,IL7R,Activation,0.5,B,0.6270638297871766,0.528567375886552,1.4281144,1.2239487,0.8831369889085057,5.682142923870288,1717
STAT1,IL4R,Activation,0.5,B,0.6270638297871766,0.3754893617021646,1.4281144,0.6158561,0.4126736642854012,3.959244799981903,1718
STAT1,HK2,Activation,0.5,B,0.6270638297871766,0.0532198581560282,1.4281144,0.058893263,-0.018232069457348194,0.33209085495307505,1719
STAT1,HM13,Activation,0.5,B,0.6270638297871766,0.3047375886525108,1.4281144,0.4106858,0.25393944937813256,3.162931249022226,1720
STAT1,HNRNPR,Activation,0.5,B,0.6270638297871766,0.3063262411347805,1.4281144,0.44200575,0.27817077171954796,3.1808115853709595,1721
STAT1,HOOK2,Activation,0.5,B,0.6270638297871766,0.1095035460992961,1.4281144,0.12050884,0.029438086706352676,0.9655656284510563,1722
STAT1,HPCAL1,Activation,0.5,B,0.6270638297871766,0.2221843971631393,1.4281144,0.27081725,0.14572727405612912,2.2337923423290986,1723
STAT1,IL6R,Activation,0.5,B,0.6270638297871766,0.0539574468085104,1.4281144,0.061730076,-0.01603731083783195,0.3403924396864139,1724
STAT1,IFNGR2,Activation,0.5,B,0.6270638297871766,0.1442269503546194,1.4281144,0.17446947,0.07118583596124776,1.3563786943590939,1725
STAT1,IL16,Activation,0.5,B,0.6270638297871766,0.2195744680851248,1.4281144,0.27308673,0.14748310385238983,2.204417504041893,1726
STAT1,IL21R,Activation,0.5,B,0.6270638297871766,0.081645390070924,1.4281144,0.095317975,0.00994865681026152,0.65202115890719,1727
STAT1,IER5,Activation,0.5,B,0.6270638297871766,0.1397446808510728,1.4281144,0.1688525,0.0668401517998088,1.305930602518024,1728
STAT1,LAPTM5,Activation,0.5,B,0.6270638297871766,0.6477730496453148,1.4281144,1.2901244,0.9343351778541715,7.0238067334650305,1729
STAT1,MAP3K8,Activation,0.5,B,0.6270638297871766,0.1250496453900781,1.4281144,0.18014337,0.07557556518600571,1.1405374912922364,1730
STAT1,MAPKAPK3,Activation,0.5,B,0.6270638297871766,0.2076595744681021,1.4281144,0.30406627,0.17145106100841254,2.07031498142639,1731
STAT1,MARK3,Activation,0.5,B,0.6270638297871766,0.1989219858156188,1.4281144,0.23143895,0.11526144379276795,1.9719731315083546,1732
STAT1,MBNL1,Activation,0.5,B,0.6270638297871766,0.3631773049645745,1.4281144,0.4936985,0.3181639290510317,3.8206721932792163,1733
STAT1,MBP,Activation,0.5,B,0.6270638297871766,0.1951773049645545,1.4281144,0.23694213,0.11951909198450614,1.9298266244006248,1734
STAT1,MED15,Activation,0.5,B,0.6270638297871766,0.0992907801418481,1.4281144,0.10734593,0.019254331139659863,0.8506206090663397,1735
STAT1,METTL9,Activation,0.5,B,0.6270638297871766,0.3618156028369148,1.4281144,0.48620936,0.3123698021319278,3.8053461906945873,1736
STAT1,MGAT1,Activation,0.5,B,0.6270638297871766,0.2746666666666916,1.4281144,0.35150403,0.20815225796800868,2.824482025278337,1737
STAT1,MACF1,Activation,0.5,B,0.6270638297871766,0.1480283687943362,1.4281144,0.17027107,0.06793765760469872,1.3991637849078498,1738
STAT1,LCP2,Activation,0.5,B,0.6270638297871766,0.2162836879432804,1.4281144,0.27024883,0.1452875042530066,2.167379664462373,1739
STAT1,LDLR,Activation,0.5,B,0.6270638297871766,0.0564539007092196,1.4281144,0.06382932,-0.014413187618054072,0.3684901110915634,1740
STAT1,LIMS1,Activation,0.5,B,0.6270638297871766,0.1441702127659669,1.4281144,0.18666856,0.08062391239693614,1.3557401109180673,1741
STAT1,MAD1L1,Activation,0.5,B,0.6270638297871766,0.1109787234042608,1.4281144,0.12153003,0.030228151315709648,0.9821687979177375,1742
STAT1,LIPA,Activation,0.5,B,0.6270638297871766,0.0692765957446814,1.4281144,0.07296377,-0.007346132837904607,0.5128099687634774,1743
STAT1,LMNA,Activation,0.5,B,0.6270638297871766,0.0547517730496452,1.4281144,0.08941786,0.005383911706376607,0.3493326078607803,1744
STAT1,LPP,Activation,0.5,B,0.6270638297871766,0.0764822695035475,1.4281144,0.08431109,0.0014329542497564648,0.5939100657738055,1745
STAT1,LRRFIP1,Activation,0.5,B,0.6270638297871766,0.510241134751816,1.4281144,0.9138631,0.6432328981602378,5.475880472419025,1746
STAT1,LITAF,Activation,0.5,B,0.6270638297871766,0.435177304964583,1.4281144,0.6404328,0.43168793281993795,4.631034579941469,1747
STAT1,AAK1,Activation,0.5,B,0.6270638297871766,0.4182127659574888,1.4281144,0.56933755,0.37668363301443003,4.440098131074634,1748
SRF,WDR1,Activation,0.5,B,0.0579858156028366,0.345134751773083,0.06399954,0.5282498,0.3448952516621772,3.617602659032883,1749
SRF,ACTN1,Activation,0.5,B,0.0579858156028366,0.0786950354609946,0.06399954,0.09117629,0.0067443571778673,0.6188148199738277,1750
SRF,LPP,Activation,0.5,B,0.0579858156028366,0.0764822695035475,0.06399954,0.08431109,0.0014329542497564648,0.5939100657738055,1751
SRF,MYH9,Activation,0.5,B,0.0579858156028366,0.2275744680851258,0.06399954,0.27859026,0.15174102282881377,2.2944577692265886,1752
SRF,TPM4,Activation,0.5,B,0.0579858156028366,0.3198865248227254,0.06399954,0.7190607,0.4925200219493452,3.3334330277762225,1753
SRF,VCL,Activation,0.5,B,0.0579858156028366,0.0570780141843969,0.06399954,0.06002791,-0.01735422651057721,0.3755145289428507,1754
SRF,PPP1R12A,Activation,0.5,B,0.0579858156028366,0.2234893617021466,0.06399954,0.26219302,0.1390549614542091,2.248479761472702,1755
SREBF2,TKT,Activation,0.5,B,0.1136453900709278,0.32204255319152,0.13406985,0.46577865,0.2965631638814204,3.3576991985352183,1756
SREBF2,DNM2,Activation,0.5,B,0.1136453900709278,0.1478581560283787,0.13406985,0.17117894,0.06864004986950441,1.3972480345847709,1757
SREBF2,DPP9,Activation,0.5,B,0.1136453900709278,0.0653049645390072,0.13406985,0.07063765,-0.009145783333030342,0.46810912789164344,1758
SREBF1,ARFIP2,Activation,0.5,B,0.0503262411347516,0.1324822695035542,0.05214155,0.15279493,0.05441688309440404,1.2241919220666697,1759
SREBF1,MID1IP1,Activation,0.5,B,0.0503262411347516,0.1170496453900772,0.05214155,0.13424033,0.040061735863452935,1.0504972261075423,1760
STAT1,RALGDS,Activation,0.5,B,0.6270638297871766,0.0943546099290816,1.4281144,0.103601396,0.016357295532247018,0.7950638496970605,1761
STAT1,RAPGEF1,Activation,0.5,B,0.6270638297871766,0.0653617021276597,1.4281144,0.07018377,-0.009496936913553983,0.4687477113326698,1762
TCF7,CCND2,Activation,0.5,B,0.3383829787234368,0.2620709219858391,0.49398032,0.51661223,0.3358916067029488,2.6827165013705203,1763
TBX21,IL21R,Activation,0.5,B,0.1123404255319206,0.081645390070924,0.14814219,0.095317975,0.00994865681026152,0.65202115890719,1764
TBX21,SEMA4D,Activation,0.5,B,0.1123404255319206,0.1715744680851191,0.14814219,0.20034418,0.09120433658148011,1.6641759129337241,1765
TBX21,SLAMF7,Activation,0.5,B,0.1123404255319206,0.0590070921985813,0.14814219,0.0737016,-0.006775295510157699,0.39722636593773913,1766
TBX21,AKNA,Activation,0.5,B,0.1123404255319206,0.2262695035461185,0.14814219,0.27898794,0.15204869612550598,2.2797703500829853,1767
TBP,ACTB,Activation,0.5,B,0.0514609929078012,0.9780992907797826,0.053276252,14.077445,10.827508294082705,10.741639527115954,1768
STAT1,TNFAIP3,Activation,0.5,B,0.6270638297871766,0.1717446808510766,1.4281144,0.23155004,0.11534739085203552,1.6660916632568032,1769
STAT1,TNFAIP8,Activation,0.5,B,0.6270638297871766,0.4321702127660011,1.4281144,0.7307572,0.5015692593129542,4.59718965756708,1770
STAT1,TNIP1,Activation,0.5,B,0.6270638297871766,0.3353758865248549,1.4281144,0.5181502,0.33708148876921734,3.507766307176376,1771
STAT1,TMX3,Activation,0.5,B,0.6270638297871766,0.0560567375886523,1.4281144,0.05917685,-0.018012666552527624,0.36402002700438135,1772
STAT1,TRIM69,Activation,0.5,B,0.6270638297871766,0.1988652482269663,1.4281144,0.24011973,0.12197750746320524,1.9713345480673283,1773
STAT1,TSPAN14,Activation,0.5,B,0.6270638297871766,0.1495602836879534,1.4281144,0.16607258,0.0646894096178019,1.4164055378155573,1774
STAT1,TLE4,Activation,0.5,B,0.6270638297871766,0.1204539007092265,1.4281144,0.13310519,0.039183511497110274,1.0888122325691139,1775
STAT1,TACC1,Activation,0.5,B,0.6270638297871766,0.1445106382978818,1.4281144,0.16448346,0.06345995430388249,1.3595716115642242,1776
STAT1,TAOK3,Activation,0.5,B,0.6270638297871766,0.1897872340425681,1.4281144,0.22167926,0.10771065924993535,1.8691611975031361,1777
STAT1,TBC1D1,Activation,0.5,B,0.6270638297871766,0.1351489361702212,1.4281144,0.15148962,0.05340700321383357,1.2542053437949015,1778
STAT1,TBC1D14,Activation,0.5,B,0.6270638297871766,0.0616170212765955,1.4281144,0.06519092,-0.013359757823304357,0.42660120422494124,1779
STAT1,TIAM1,Activation,0.5,B,0.6270638297871766,0.0559999999999998,1.4281144,0.062354144,-0.01555448781701096,0.363381443563355,1780
STAT1,TBC1D2B,Activation,0.5,B,0.6270638297871766,0.05531914893617,1.4281144,0.057304543,-0.019461215303055276,0.3557184422710413,1781
STAT1,SUSD6,Activation,0.5,B,0.6270638297871766,0.071546099290781,1.4281144,0.07869419,-0.002912675754745348,0.538353306404526,1782
STAT1,TUBA1C,Activation,0.5,B,0.6270638297871766,0.1837730496454042,1.4281144,0.30815104,0.17461132718254574,1.8014713527543578,1783
STAT1,UBC,Activation,0.5,B,0.6270638297871766,0.6899290780140729,1.4281144,1.4671006,1.0712564484487543,7.498274230147036,1784
STAT2,ADAR,Activation,0.5,B,0.1201134751773116,0.4582127659574936,0.13775803,0.6807196,0.46285664276053917,4.890299456998108,1785
STAT2,ATP13A1,Activation,0.5,B,0.1201134751773116,0.0634893617021275,0.13775803,0.06768734,-0.011428351236781827,0.44767445777880444,1786
STAT2,DDX60L,Activation,0.5,B,0.1201134751773116,0.0540709219858154,0.13775803,0.059006713,-0.018144296535627897,0.3416696065684667,1787
STAT2,DHX58,Activation,0.5,B,0.1201134751773116,0.050496453900709,0.13775803,0.053446513,-0.022446059421032828,0.3014388497838203,1788
STAT2,EPSTI1,Activation,0.5,B,0.1201134751773116,0.3265248226950666,0.13775803,0.5050961,0.3269819162929819,3.4081472903762884,1789
STAT2,IFI35,Activation,0.5,B,0.1201134751773116,0.3054184397163407,0.13775803,0.45164865,0.2856311992810874,3.17059425031454,1790
STAT2,ISG15,Activation,0.5,B,0.1201134751773116,0.4992907801418956,0.13775803,1.6742706,1.231537772316482,5.35263386830108,1791
STAT2,MOV10,Activation,0.5,B,0.1201134751773116,0.052028368794326,0.13775803,0.054354265,-0.021743758449349778,0.31868060269152554,1792
STAT2,MYD88,Activation,0.5,B,0.1201134751773116,0.110297872340431,0.13775803,0.12050877,0.029438032549415516,0.9745057966254237,1793
STAT2,DTX3L,Activation,0.5,B,0.1201134751773116,0.1241985815602908,0.13775803,0.14036813,0.044802634142145144,1.1309587396768437,1794
STAT1,ZFP36L1,Activation,0.5,B,0.6270638297871766,0.2788085106383233,1.4281144,0.40438458,0.24906438115598745,2.8710986164732497,1795
STAT1,USP10,Activation,0.5,B,0.6270638297871766,0.1900709219858305,1.4281144,0.27541405,0.14928368275215254,1.8723541147082667,1796
STAT1,UTP14A,Activation,0.5,B,0.6270638297871766,0.0703546099290787,1.4281144,0.07597081,-0.005019674604940317,0.5249430541429755,1797
STAT1,UTRN,Activation,0.5,B,0.6270638297871766,0.0549219858156026,1.4281144,0.058098894,-0.018846649343236516,0.35124835818385813,1798
STAT1,VMP1,Activation,0.5,B,0.6270638297871766,0.4272340425532346,1.4281144,0.637537,0.42944753769682087,4.541632898197801,1799
STAT1,VOPP1,Activation,0.5,B,0.6270638297871766,0.174581560283701,1.4281144,0.2150973,0.10261839076297088,1.698020835308113,1800
STAT1,VPS53,Activation,0.5,B,0.6270638297871766,0.0745531914893629,1.4281144,0.08045299,-0.0015519440251582448,0.5721982287789148,1801
STAT1,WIPF1,Activation,0.5,B,0.6270638297871766,0.4642836879433099,1.4281144,0.71237993,0.48735130707723145,4.958627885187912,1802
STAT1,ZBTB7B,Activation,0.5,B,0.6270638297871766,0.0558865248226948,1.4281144,0.06144636,-0.016256813546150998,0.3621042766813024,1803
STAT1,ZEB2,Activation,0.5,B,0.6270638297871766,0.0756879432624127,1.4281144,0.10104863,0.014382295705995519,0.584969897599439,1804
STAT1,VSIR,Activation,0.5,B,0.6270638297871766,0.1003687943262454,1.4281144,0.1250482,0.03295005576708641,0.8627536944458377,1805
STAT2,OAS3,Activation,0.5,B,0.1201134751773116,0.1424680851063922,0.13775803,0.18939261,0.08273142960638674,1.3365826076872809,1806
STAT1,STK40,Activation,0.5,B,0.6270638297871766,0.0777304964539023,1.4281144,0.088169195,0.0044178563930238265,0.6079589014763823,1807
STAT1,RIPOR2,Activation,0.5,B,0.6270638297871766,0.301390070922014,1.4281144,0.3942886,0.24125341895034907,3.12525482600168,1808
STAT1,RTN4,Activation,0.5,B,0.6270638297871766,0.2275177304964733,1.4281144,0.29044944,0.16091612091437482,2.293819185785562,1809
STAT1,RHOF,Activation,0.5,B,0.6270638297871766,0.2555460992908028,1.4281144,0.3487228,0.20600050227760638,2.609279405652506,1810
STAT1,RUNX1,Activation,0.5,B,0.6270638297871766,0.0934468085106417,1.4281144,0.10536023,0.017718053566632166,0.7848465146406404,1811
STAT1,S100A11,Activation,0.5,B,0.6270638297871766,0.4984397163121083,1.4281144,1.2318825,0.8892751361658391,5.3430551166856874,1812
STAT1,SAMSN1,Activation,0.5,B,0.6270638297871766,0.2613900709220092,1.4281144,0.35161588,0.20823879301687967,2.675053500078206,1813
STAT1,SEC14L1,Activation,0.5,B,0.6270638297871766,0.0685390070921991,1.4281144,0.075063124,-0.005721924514368337,0.5045083840301374,1814
STAT1,SEMA4D,Activation,0.5,B,0.6270638297871766,0.1715744680851191,1.4281144,0.20034418,0.09120433658148011,1.6641759129337241,1815
STAT1,SEPTIN9,Activation,0.5,B,0.6270638297871766,0.3411631205674088,1.4281144,0.47633517,0.3047304323133176,3.572901818161049,1816
STAT1,RXYLT1,Activation,0.5,B,0.6270638297871766,0.0675744680851067,1.4281144,0.07551697,-0.00537079723864273,0.493652465532691,1817
STAT1,SGK1,Activation,0.5,B,0.6270638297871766,0.0536170212765955,1.4281144,0.066552736,-0.012306160915719988,0.3365609390402571,1818
STAT1,RHBDF2,Activation,0.5,B,0.6270638297871766,0.0676879432624117,1.4281144,0.072566666,-0.0076533605003710325,0.4949296324147437,1819
STAT1,RASA3,Activation,0.5,B,0.6270638297871766,0.0903829787234073,1.4281144,0.0998,0.013416267471111314,0.7503630088252253,1820
STAT1,RASSF5,Activation,0.5,B,0.6270638297871766,0.3755460992908171,1.4281144,0.52376956,0.3414290220032249,3.959883383422929,1821
STAT1,RHBDD2,Activation,0.5,B,0.6270638297871766,0.1301560283688021,1.4281144,0.14666659,0.049675567033625224,1.1980100009845946,1822
STAT1,RBMS1,Activation,0.5,B,0.6270638297871766,0.1977304964539165,1.4281144,0.23813358,0.12044088173843867,1.958562879246804,1823
STAT1,RBPJ,Activation,0.5,B,0.6270638297871766,0.2823262411347776,1.4281144,0.48427397,0.3108724479233051,2.9106907898168743,1824
STAT1,RCN1,Activation,0.5,B,0.6270638297871766,0.0716028368794335,1.4281144,0.08107708,-0.0010691039835855794,0.5389918898455525,1825
STAT1,RERE,Activation,0.5,B,0.6270638297871766,0.0796595744680869,1.4281144,0.085218854,0.002135264505485878,0.629670738471273,1826
STAT1,RFTN1,Activation,0.5,B,0.6270638297871766,0.1205673758865315,1.4281144,0.1394606,0.04410050492531992,1.0900893994511667,1827
STAT1,SUB1,Activation,0.5,B,0.6270638297871766,0.85026950354585,1.4281144,3.557158,2.688272266528306,9.302911034485323,1828
STAT1,SH3BP2,Activation,0.5,B,0.6270638297871766,0.0546950354609927,1.4281144,0.059290387,-0.01792482632147115,0.34869402441975395,1829
STAT1,SNX10,Activation,0.5,B,0.6270638297871766,0.1392340425532004,1.4281144,0.18099478,0.0762342760126419,1.3001833515487882,1830
STAT1,SOD2,Activation,0.5,B,0.6270638297871766,0.2563971631205902,1.4281144,0.39365864,0.24076603746276057,2.6188581572679,1831
STAT1,SP110,Activation,0.5,B,0.6270638297871766,0.2693900709220101,1.4281144,0.34503463,0.2031470738359921,2.7650937652629,1832
STAT1,SQOR,Activation,0.5,B,0.6270638297871766,0.1766241134751906,1.4281144,0.21634457,0.1035833668059332,1.7210098391850563,1833
STAT1,ST3GAL1,Activation,0.5,B,0.6270638297871766,0.2180992907801601,1.4281144,0.26190862,0.13883492955524696,2.187814334575212,1835
STAT1,ST3GAL2,Activation,0.5,B,0.6270638297871766,0.0825531914893638,1.4281144,0.08737477,0.003803233181585782,0.662238493963609,1836
STAT1,ST6GAL1,Activation,0.5,B,0.6270638297871766,0.1514326241134855,1.4281144,0.17600162,0.07237121526502699,1.4374787913694216,1837
STAT1,STAG1,Activation,0.5,B,0.6270638297871766,0.0803404255319168,1.4281144,0.08578614,0.0025741569662264666,0.6373337397635878,1838
STAT1,STK10,Activation,0.5,B,0.6270638297871766,0.1555177304964647,1.4281144,0.17566167,0.07210820596807842,1.4834567991233083,1839
STAT1,SMCO4,Activation,0.5,B,0.6270638297871766,0.0608794326241132,1.4281144,0.07199948,-0.008092175594058539,0.4182996194916012,1840
STAT1,SH3BP5,Activation,0.5,B,0.6270638297871766,0.0976453900709259,1.4281144,0.11313329,0.023731841022843387,0.8321016892765797,1841
STAT1,SH3KBP1,Activation,0.5,B,0.6270638297871766,0.2065248226950523,1.4281144,0.25390747,0.13264467558766352,2.0575433126058655,1842
STAT1,SLCO3A1,Activation,0.5,B,0.6270638297871766,0.0541276595744679,1.4281144,0.057134375,-0.019592869269942005,0.3423081900094929,1843
STAT1,SLA,Activation,0.5,B,0.6270638297871766,0.2529929078014408,1.4281144,0.39729053,0.24357592372690093,2.580543150806327,1844
STAT1,SLC25A37,Activation,0.5,B,0.6270638297871766,0.0868085106383005,1.4281144,0.09736044,0.011528851790970596,0.7101322520405746,1845
STAT2,OASL,Activation,0.5,B,0.1201134751773116,0.1021276595744725,0.13775803,0.13180044,0.03817406487203705,0.8825497811176495,1846
STAT2,PARP14,Activation,0.5,B,0.1201134751773116,0.1936453900709373,0.13775803,0.23575048,0.11859714749646745,1.9125848714929177,1847
STAT2,PARP10,Activation,0.5,B,0.1201134751773116,0.1116595744680907,0.13775803,0.12595567,0.03365213856367977,0.9898317992100523,1848
STAT4,CCND2,Activation,0.5,B,0.213673758865266,0.2620709219858391,0.25526935,0.51661223,0.3358916067029488,2.6827165013705203,1849
STAT5A,ETV6,Activation,0.5,B,0.1891063829787382,0.2796028368794582,0.24562192,0.3869664,0.23558844858965847,2.8800387846476174,1850
STAT5A,RERE,Activation,0.5,B,0.1891063829787382,0.0796595744680869,0.24562192,0.085218854,0.002135264505485878,0.629670738471273,1851
STAT5B,IL4R,Activation,0.5,B,0.1249361702127731,0.3754893617021646,0.13957381,0.6158561,0.4126736642854012,3.959244799981903,1852
STAT3,PTTG1IP,Activation,0.5,B,0.4604822695035931,0.0982695035461033,0.69830936,0.1057006,0.017981387805203676,0.8391261071278681,1853
STAT5B,WIPF1,Activation,0.5,B,0.1249361702127731,0.4642836879433099,0.13957381,0.71237993,0.48735130707723145,4.958627885187912,1854
STAT3,MYH9,Activation,0.5,B,0.4604822695035931,0.2275744680851258,0.69830936,0.27859026,0.15174102282881377,2.2944577692265886,1855
STAT2,PARP9,Activation,0.5,B,0.1201134751773116,0.1912056737588803,0.13775803,0.22933863,0.11363648810349888,1.8851257835287911,1856
STAT2,PIM1,Activation,0.5,B,0.1201134751773116,0.6251347517729938,0.13775803,1.2560742,0.9079915415460145,6.769011940495824,1857
STAT2,PSMB8,Activation,0.5,B,0.1201134751773116,0.6680283687942336,0.13775803,1.4710732,1.0743299319994466,7.251781021911162,1858
STAT2,SAMD9,Activation,0.5,B,0.1201134751773116,0.148709219858166,0.13775803,0.18025763,0.07566396478085596,1.4068267862001633,1859
STAT2,SOCS1,Activation,0.5,B,0.1201134751773116,0.5075177304964992,0.13775803,1.407889,1.0254461784466964,5.445228467249797,1860
STAT2,SP110,Activation,0.5,B,0.1201134751773116,0.2693900709220101,0.13775803,0.34503463,0.2031470738359921,2.7650937652629,1861
STAT2,SP140L,Activation,0.5,B,0.1201134751773116,0.0828368794326263,0.13775803,0.087601714,0.003978813066529724,0.6654314111687406,1862
STAT2,TRIM21,Activation,0.5,B,0.1201134751773116,0.0982695035461033,0.13775803,0.10632467,0.01846421237336572,0.8391261071278681,1863
STAT2,TRIM56,Activation,0.5,B,0.1201134751773116,0.3170496453901009,0.13775803,0.41902652,0.2603924186478629,3.3015038557249117,1864
STAT2,XAF1,Activation,0.5,B,0.1201134751773116,0.2276879432624307,0.13775803,0.3259106,0.18835137539468233,2.29573493610864,1865
STAT3,AKAP13,Activation,0.5,B,0.4604822695035931,0.3286808510638612,0.69830936,0.4547142,0.2880029249768093,3.432413461135284,1866
STAT3,DUSP22,Activation,0.5,B,0.4604822695035931,0.1002553191489404,0.69830936,0.110523246,0.021712526895928206,0.861476527563785,1867
STAT2,TAP2,Activation,0.5,B,0.1201134751773116,0.1812765957446947,0.13775803,0.22718127,0.1119674022471525,1.7733736813492051,1868
E2F4,ACTB,Activation,0.5,B,0.2363687943262616,0.9780992907797826,0.32750267,14.077445,10.827508294082705,10.741639527115954,1869
E2F4,AGPAT3,Activation,0.5,B,0.2363687943262616,0.0680283687943267,0.32750267,0.073814884,-0.006687651017745524,0.4987611330609016,1870
E2F4,ALDOA,Activation,0.5,B,0.2363687943262616,0.894127659574181,0.32750267,4.522123,3.4348372502905384,9.796536034398097,1871
E2F4,ANAPC5,Activation,0.5,B,0.2363687943262616,0.2441418439716526,0.32750267,0.30679214,0.1735599862982292,2.4809241340062402,1872
E2F4,ANP32B,Activation,0.5,B,0.2363687943262616,0.6783546099289764,0.32750267,1.4757814,1.0779725275926022,7.368003208177817,1873
NFYB,CD74,Activation,0.5,B,0.1113758865248283,0.6436879432623396,0.12260805,1.5480043,1.1338492569721772,6.977828725711189,1874
E2F4,ARID1A,Activation,0.5,B,0.2363687943262616,0.1231205673758935,0.32750267,0.13917673,0.04388088307173914,1.1188256542973458,1875
E2F4,CGGBP1,Activation,0.5,B,0.2363687943262616,0.2684822695035703,0.32750267,0.32398582,0.18686222983039152,2.754876430206481,1876
E2F4,CHD9,Activation,0.5,B,0.2363687943262616,0.0759716312056751,0.32750267,0.080566406,-0.0014641974082360034,0.5881628148045696,1877
E2F4,CIC,Activation,0.5,B,0.2363687943262616,0.0520851063829785,0.32750267,0.0539004,-0.02209490042481546,0.3193191861325519,1878
E2F4,CLK3,Activation,0.5,B,0.2363687943262616,0.1649361702127779,0.32750267,0.18428613,0.07878069651422054,1.5894616503336585,1879
E2F4,CEP57,Activation,0.5,B,0.2363687943262616,0.1839432624113617,0.32750267,0.21152273,0.0998528512936565,1.8033871030774367,1880
E2F4,CCT5,Activation,0.5,B,0.2363687943262616,0.2671773049645631,0.32750267,0.43224305,0.27061765842841773,2.740189011062879,1881
E2F4,CCNG2,Activation,0.5,B,0.2363687943262616,0.0557163120567374,0.32750267,0.06303501,-0.015027721857381068,0.36018852635822457,1882
E2F4,BCL2L11,Activation,0.5,B,0.2363687943262616,0.0675177304964542,0.32750267,0.0814744,-0.0007617092082844904,0.49301388209166463,1883
E2F4,BCL2L12,Activation,0.5,B,0.2363687943262616,0.0823829787234064,0.32750267,0.09270803,0.007929419276728881,0.6603227436405311,1884
E2F4,BCOR,Activation,0.5,B,0.2363687943262616,0.0500992907801416,0.32750267,0.05361674,-0.02231435980758478,0.29696876569663716,1885
E2F4,BHLHE40,Activation,0.5,B,0.2363687943262616,0.2607659574468318,0.32750267,0.3988225,0.2447611637699846,2.668029082226917,1886
E2F4,BRD2,Activation,0.5,B,0.2363687943262616,0.3007092198581841,0.32750267,0.40121016,0.24660842594957633,3.1175918247093652,1887
E2F4,CAND1,Activation,0.5,B,0.2363687943262616,0.1633475177305082,0.32750267,0.18269756,0.07755166671909308,1.5715813139849248,1888
E2F4,CBX3,Activation,0.5,B,0.2363687943262616,0.4817588652482765,0.32750267,0.8605237,0.6019657762491972,5.155311585023983,1889
E2F4,CCND3,Activation,0.5,B,0.2363687943262616,0.3673758865248587,0.32750267,0.70402706,0.4808889377105518,3.8679273679151556,1890
E2F4,CNOT8,Activation,0.5,B,0.2363687943262616,0.1163687943262473,0.32750267,0.12618253,0.03382765346029912,1.0428342248152274,1891
E2F4,CNOT9,Activation,0.5,B,0.2363687943262616,0.1468368794326339,0.32750267,0.18025704,0.07566350831524278,1.385753532646299,1892
E2F4,COMTD1,Activation,0.5,B,0.2363687943262616,0.0819858156028389,0.32750267,0.095261164,0.009904703813735719,0.6558526595533467,1893
E2F4,CRYBG1,Activation,0.5,B,0.2363687943262616,0.0942978723404291,0.32750267,0.103147514,0.016006140404382307,0.7944252662560342,1894
E2F4,MXI1,Activation,0.5,B,0.2363687943262616,0.18002836879434,0.32750267,0.21282731,0.10086216639473947,1.7593248456466293,1895
E2F4,MYO9B,Activation,0.5,B,0.2363687943262616,0.1093333333333387,0.32750267,0.12221094,0.030754951316842898,0.9636498781279784,1896
E2F4,NFATC2IP,Activation,0.5,B,0.2363687943262616,0.1535319148936276,0.32750267,0.17299478,0.07004491176616885,1.4611063786873915,1897
E2F4,NFIC,Activation,0.5,B,0.2363687943262616,0.0821560283687964,0.32750267,0.089360535,0.005339561043197976,0.6577684098764258,1898
E2F4,NOLC1,Activation,0.5,B,0.2363687943262616,0.1707801418439843,0.32750267,0.25765136,0.13554121295125449,1.655235744759358,1899
E2F4,NR3C1,Activation,0.5,B,0.2363687943262616,0.2095319148936343,0.32750267,0.26423386,0.14063389922030559,2.0913882349802555,1900
E2F4,KPNB1,Activation,0.5,B,0.2363687943262616,0.3961985815603231,0.32750267,0.61029977,0.4083748955049505,4.192327755956467,1901
E2F4,LMNB1,Activation,0.5,B,0.2363687943262616,0.0694468085106389,0.32750267,0.076992095,-0.004229536496882916,0.5147257190865565,1902
E2F4,LRRC14,Activation,0.5,B,0.2363687943262616,0.0688226950354615,0.32750267,0.07256662,-0.0076533960892154525,0.5077013012352679,1903
E2F4,MIDN,Activation,0.5,B,0.2363687943262616,0.1112056737588708,0.32750267,0.12867941,0.035759415935265826,0.9847231316818428,1904
E2F4,MAD2L1BP,Activation,0.5,B,0.2363687943262616,0.0778439716312072,0.32750267,0.0828359,0.0002916432194121424,0.6092360683584338,1905
E2F4,MAEA,Activation,0.5,B,0.2363687943262616,0.0828936170212788,0.32750267,0.089076854,0.005120085413347505,0.666069994609767,1906
E2F4,MED15,Activation,0.5,B,0.2363687943262616,0.0992907801418481,0.32750267,0.10734593,0.019254331139659863,0.8506206090663397,1907
E2F4,MFSD12,Activation,0.5,B,0.2363687943262616,0.0566808510638296,0.32750267,0.06309171,-0.014983854738284196,0.3710444448556687,1908
E2F4,MGRN1,Activation,0.5,B,0.2363687943262616,0.1194326241134817,0.32750267,0.13145956,0.03791033606149484,1.0773177306306423,1909
E2F4,MAD2L2,Activation,0.5,B,0.2363687943262616,0.2036879432624279,0.32750267,0.2613405,0.13839539185328367,2.025614140554556,1910
E2F4,NUDT2,Activation,0.5,B,0.2363687943262616,0.1269219858156103,0.32750267,0.1416168,0.045768693323850564,1.1616107448461017,1911
E2F4,PSMG3,Activation,0.5,B,0.2363687943262616,0.1335602836879515,0.32750267,0.16368935,0.06284557479866167,1.2363250074461676,1912
E2F4,PTBP1,Activation,0.5,B,0.2363687943262616,0.2332482269503747,0.32750267,0.29986924,0.16820394258049065,2.358316113329209,1913
E2F4,PTMA,Activation,0.5,B,0.2363687943262616,0.9989219858152256,0.32750267,17.166649,13.217534392540394,10.97599964997234,1914
E2F4,PRKDC,Activation,0.5,B,0.2363687943262616,0.1230070921985885,0.32750267,0.14331917,0.04708576682538411,1.1175484874152932,1915
E2F4,PUSL1,Activation,0.5,B,0.2363687943262616,0.0528226950354608,0.32750267,0.055829436,-0.02060246211874554,0.32762077086589186,1916
E2F4,RAB35,Activation,0.5,B,0.2363687943262616,0.1087092198581613,0.32750267,0.119430795,0.02860403505896655,0.9566254602766899,1917
E2F4,RAD21,Activation,0.5,B,0.2363687943262616,0.2835177304964799,0.32750267,0.36903715,0.22171711622514884,2.9241010420784246,1918
E2F4,RAD9A,Activation,0.5,B,0.2363687943262616,0.135943262411356,0.32750267,0.15080893,0.05288037342021711,1.2631455119692676,1919
E2F4,ODF2,Activation,0.5,B,0.2363687943262616,0.0598014184397161,0.32750267,0.06292147,-0.015115564409449143,0.4061665341121055,1920
E2F4,PAXX,Activation,0.5,B,0.2363687943262616,0.3272056737588965,0.32750267,0.459483,0.29169240500413185,3.4158102916686026,1921
E2F4,PFKFB3,Activation,0.5,B,0.2363687943262616,0.1428085106383072,0.32750267,0.17549106,0.07197621003881709,1.3404141083334389,1922
E2F4,PKM,Activation,0.5,B,0.2363687943262616,0.745304964538848,0.32750267,3.349633,2.5277162896221412,8.121531668588002,1923
E2F4,PNKP,Activation,0.5,B,0.2363687943262616,0.1864964539007237,0.32750267,0.21844491,0.10520833796861284,1.8321233579236158,1924
E2F4,PNPLA8,Activation,0.5,B,0.2363687943262616,0.1040000000000047,0.32750267,0.11370046,0.024170643737802405,0.9036230346715148,1925
E2F4,ESYT1,Activation,0.5,B,0.2363687943262616,0.1092198581560337,0.32750267,0.12368614,0.03189627008389252,0.9623727112459258,1926
E2F4,EXOSC8,Activation,0.5,B,0.2363687943262616,0.16680851063831,0.32750267,0.20011681,0.09102842711289004,1.610534903887523,1927
E2F4,ERGIC1,Activation,0.5,B,0.2363687943262616,0.0518581560283686,0.32750267,0.054070566,-0.021963248005269796,0.3167648523684477,1928
E2F4,FBXL5,Activation,0.5,B,0.2363687943262616,0.0758581560283701,0.32750267,0.079885595,-0.0019909208159866903,0.5868856479225169,1929
E2F4,FAM53C,Activation,0.5,B,0.2363687943262616,0.0670638297872343,0.32750267,0.0701837,-0.009496991070491144,0.48790521456345515,1930
E2F4,EML2,Activation,0.5,B,0.2363687943262616,0.0835744680851086,0.32750267,0.09730366,0.011484922778231248,0.6737329959020807,1931
E2F4,EMC3,Activation,0.5,B,0.2363687943262616,0.1447375886524918,0.32750267,0.16164668,0.061265221215493756,1.3621259453283296,1932
E2F4,ELP5,Activation,0.5,B,0.2363687943262616,0.1408794326241225,0.32750267,0.16777468,0.06600627422829212,1.318702271338547,1933
E2F4,CTDSPL2,Activation,0.5,B,0.2363687943262616,0.0558297872340423,0.32750267,0.058212344,-0.01875887642151622,0.36146569324027605,1934
E2F4,DDX39A,Activation,0.5,B,0.2363687943262616,0.2573617021276825,0.32750267,0.3920163,0.23949540740319147,2.6297140757653454,1935
E2F4,DDX3X,Activation,0.5,B,0.2363687943262616,0.2381276595744887,0.32750267,0.29629427,0.16543809364296397,2.413234289257462,1936
E2F4,DHX15,Activation,0.5,B,0.2363687943262616,0.1515460992907905,0.32750267,0.17781746,0.07377607716169145,1.4387559582514742,1937
E2F4,DIP2A,Activation,0.5,B,0.2363687943262616,0.0752340425531928,0.32750267,0.08102036,-0.0011129865760930702,0.5798612300712295,1938
E2F4,EFHD2,Activation,0.5,B,0.2363687943262616,0.1664680851063951,0.32750267,0.21974881,0.10621712697373488,1.606703403241366,1939
E2F4,EHD1,Activation,0.5,B,0.2363687943262616,0.1159148936170274,0.32750267,0.12726073,0.03466182502661753,1.0377255572870179,1940
E2F4,ELF2,Activation,0.5,B,0.2363687943262616,0.1085957446808563,0.32750267,0.11506205,0.02522406579584681,0.9553482933946372,1941
E2F4,FKBP5,Activation,0.5,B,0.2363687943262616,0.1339007092198664,0.32750267,0.15807176,0.05849941096149359,1.2401565080923245,1942
E2F4,FLAD1,Activation,0.5,B,0.2363687943262616,0.0987801418439757,0.32750267,0.114267886,0.024609644512417306,0.8448733580971038,1943
E2F4,HNRNPL,Activation,0.5,B,0.2363687943262616,0.2312056737588851,0.32750267,0.27217963,0.14678130731389286,2.3353271094522654,1944
E2F4,HNRNPUL1,Activation,0.5,B,0.2363687943262616,0.2350070921986018,0.32750267,0.28454933,0.15635137967884255,2.3781122000010204,1945
E2F4,IER5,Activation,0.5,B,0.2363687943262616,0.1397446808510728,0.32750267,0.1688525,0.0668401517998088,1.305930602518024,1946
E2F4,ING2,Activation,0.5,B,0.2363687943262616,0.1009929078014228,0.32750267,0.11114726,0.02219530813854053,0.8697781122971262,1947
E2F4,HNRNPF,Activation,0.5,B,0.2363687943262616,0.6651347517729594,0.32750267,1.4080898,1.0256015314892828,7.2192132664188575,1948
E2F4,ING5,Activation,0.5,B,0.2363687943262616,0.0580425531914891,0.32750267,0.060992427,-0.016608008131212774,0.3863704474402949,1949
E2F4,IRF2BP2,Activation,0.5,B,0.2363687943262616,0.1414468085106474,0.32750267,0.16244051,0.061879384092965985,1.325088105748809,1950
E2F4,JADE1,Activation,0.5,B,0.2363687943262616,0.1053049645390119,0.32750267,0.11511885,0.025268010281996763,0.9183104538151171,1951
E2F4,JADE2,Activation,0.5,B,0.2363687943262616,0.1168794326241197,0.32750267,0.1272039,0.03461785733035166,1.0485814757844631,1952
E2F4,KCNAB2,Activation,0.5,B,0.2363687943262616,0.1816170212766097,0.32750267,0.21850164,0.10525222829782564,1.777205181995363,1953
E2F4,HNRNPAB,Activation,0.5,B,0.2363687943262616,0.213219858156046,0.32750267,0.34894863,0.20617522029357901,2.132896158646958,1954
E2F4,HNRNPA0,Activation,0.5,B,0.2363687943262616,0.610099290780099,0.32750267,1.1529135,0.8281791480183729,6.599787328624045,1955
E2F4,HMGB2,Activation,0.5,B,0.2363687943262616,0.2839716312056998,0.32750267,0.37096643,0.2232097433068283,2.9292097096066345,1956
E2F4,FOXO3,Activation,0.5,B,0.2363687943262616,0.0660425531914895,0.32750267,0.071148284,-0.008750720855201146,0.47641071262498347,1957
E2F4,GPR137,Activation,0.5,B,0.2363687943262616,0.1182978723404319,0.32750267,0.13424006,0.04006152697240962,1.0645460618101181,1958
E2F4,GTPBP3,Activation,0.5,B,0.2363687943262616,0.0571914893617019,0.32750267,0.06269457,-0.015291110252889727,0.3767916958249034,1959
E2F4,HMBS,Activation,0.5,B,0.2363687943262616,0.0565673758865246,0.32750267,0.065020844,-0.013491340612502255,0.3697672779736161,1960
E2F4,RALGDS,Activation,0.5,B,0.2363687943262616,0.0943546099290816,0.32750267,0.103601396,0.016357295532247018,0.7950638496970605,1961
CTCF,SLCO3A1,Activation,0.5,B,0.1010496453900753,0.0541276595744679,0.11040973,0.057134375,-0.019592869269942005,0.3423081900094929,1962
CTCF,SMARCA2,Activation,0.5,B,0.1010496453900753,0.0807375886524842,0.11040973,0.08572942,0.002530274373718976,0.6418038238507711,1963
CTCF,SMARCC2,Activation,0.5,B,0.1010496453900753,0.1466099290780239,0.11040973,0.1603416,0.06025551927914539,1.3831991988821937,1964
CTCF,SMYD2,Activation,0.5,B,0.1010496453900753,0.0647943262411348,0.11040973,0.06848163,-0.010813832470865441,0.46236187692240777,1965
CTCF,SORL1,Activation,0.5,B,0.1010496453900753,0.133617021276604,0.11040973,0.15619932,0.05705075931278534,1.2369635908871939,1966
CTCF,SEC14L1,Activation,0.5,B,0.1010496453900753,0.0685390070921991,0.11040973,0.075063124,-0.005721924514368337,0.5045083840301374,1967
CTCF,SEPTIN9,Activation,0.5,B,0.1010496453900753,0.3411631205674088,0.11040973,0.47633517,0.3047304323133176,3.572901818161049,1968
CTCF,SERGEF,Activation,0.5,B,0.1010496453900753,0.0830638297872362,0.11040973,0.08782868,0.004154409972225356,0.6679857449328448,1969
CTCF,SH3KBP1,Activation,0.5,B,0.1010496453900753,0.2065248226950523,0.11040973,0.25390747,0.13264467558766352,2.0575433126058655,1970
CTCF,TBC1D1,Activation,0.5,B,0.1010496453900753,0.1351489361702212,0.11040973,0.15148962,0.05340700321383357,1.2542053437949015,1971
CTCF,TIAM1,Activation,0.5,B,0.1010496453900753,0.0559999999999998,0.11040973,0.062354144,-0.01555448781701096,0.363381443563355,1972
CTCF,TIPRL,Activation,0.5,B,0.1010496453900753,0.156595744680862,0.11040973,0.18122213,0.07641017000782137,1.4955898845028062,1973
CTCF,TLE3,Activation,0.5,B,0.1010496453900753,0.0852765957446833,0.11040973,0.09605551,0.01051926590520183,0.692890499132867,1974
CTCF,TACC3,Activation,0.5,B,0.1010496453900753,0.0908936170212797,0.11040973,0.096622765,0.010958134382155964,0.7561102597944611,1975
CTCF,TACC1,Activation,0.5,B,0.1010496453900753,0.1445106382978818,0.11040973,0.16448346,0.06345995430388249,1.3595716115642242,1976
CTCF,SRPK2,Activation,0.5,B,0.1010496453900753,0.1495602836879534,0.11040973,0.17151958,0.06890359299911923,1.4164055378155573,1977
CTCF,ST3GAL1,Activation,0.5,B,0.1010496453900753,0.2180992907801601,0.11040973,0.26190862,0.13883492955524696,2.187814334575212,1978
CTCF,STAG1,Activation,0.5,B,0.1010496453900753,0.0803404255319168,0.11040973,0.08578614,0.0025741569662264666,0.6373337397635878,1979
CTCF,STK10,Activation,0.5,B,0.1010496453900753,0.1555177304964647,0.11040973,0.17566167,0.07210820596807842,1.4834567991233083,1980
CTCF,SYNE1,Activation,0.5,B,0.1010496453900753,0.0949787234042589,0.11040973,0.10286378,0.015786623769993714,0.8020882675483478,1981
CTCF,SYNE2,Activation,0.5,B,0.1010496453900753,0.2887375886525089,0.11040973,0.3726124,0.2244831817904242,2.9828507186528364,1982
CTCF,PRDM2,Activation,0.5,B,0.1010496453900753,0.1085390070922038,0.11040973,0.11829605,0.027726116292483536,0.954709709953611,1983
CTCF,PREX1,Activation,0.5,B,0.1010496453900753,0.0820425531914914,0.11040973,0.09077906,0.006437032032913991,0.6564912429943731,1984
CTCF,PRKAG2,Activation,0.5,B,0.1010496453900753,0.1046241134751821,0.11040973,0.11318981,0.023775568881244723,0.9106474525228034,1985
CTCF,PRKCB,Activation,0.5,B,0.1010496453900753,0.1230070921985885,0.11040973,0.1481987,0.05086091539058318,1.1175484874152932,1986
CTCF,PRKCH,Activation,0.5,B,0.1010496453900753,0.293617021276623,0.11040973,0.38390365,0.23321888917142278,3.03776889458109,1987
CTCF,PSMB7,Activation,0.5,B,0.1010496453900753,0.3485957446808848,0.11040973,0.5426061,0.3560022979036323,3.6565562489354813,1988
CTCF,PTK2B,Activation,0.5,B,0.1010496453900753,0.0862411347517756,0.11040973,0.09486402,0.009597445204448055,0.7037464176303124,1989
CTCF,PTMA,Activation,0.5,B,0.1010496453900753,0.9989219858152256,0.11040973,17.166649,13.217534392540394,10.97599964997234,1990
CTCF,POU2F2,Activation,0.5,B,0.1010496453900753,0.1745248226950485,0.11040973,0.2306989,0.11468888891644266,1.6973822518670865,1991
CTCF,PIGC,Activation,0.5,B,0.1010496453900753,0.1055319148936219,0.11040973,0.11120395,0.022239167520932097,0.9208647875792224,1992
CTCF,PITPNC1,Activation,0.5,B,0.1010496453900753,0.1824113475177445,0.11040973,0.21487005,0.10244257413484455,1.786145350169729,1993
CTCF,PTPRE,Activation,0.5,B,0.1010496453900753,0.107631205673764,0.11040973,0.12896319,0.03597896815849885,0.944492374897192,1994
CTCF,RNF220,Activation,0.5,B,0.1010496453900753,0.0858439716312082,0.11040973,0.09231081,0.007622101868480875,0.6992763335431292,1995
CTCF,RERE,Activation,0.5,B,0.1010496453900753,0.0796595744680869,0.11040973,0.085218854,0.002135264505485878,0.629670738471273,1996
CTCF,RRBP1,Activation,0.5,B,0.1010496453900753,0.0754609929078027,0.11040973,0.0823253,-0.00010339295361899973,0.5824155638353338,1998
CTCF,RDX,Activation,0.5,B,0.1010496453900753,0.094865248226954,0.11040973,0.11483541,0.025048721106744224,0.8008111006662962,1999
CTCF,RBPJ,Activation,0.5,B,0.1010496453900753,0.2823262411347776,0.11040973,0.48427397,0.3108724479233051,2.9106907898168743,2000
CTCF,RBMS1,Activation,0.5,B,0.1010496453900753,0.1977304964539165,0.11040973,0.23813358,0.12044088173843867,1.958562879246804,2001
CTCF,PXN,Activation,0.5,B,0.1010496453900753,0.0882836879432652,0.11040973,0.09452357,0.009334049072234094,0.7267354215072558,2002
CTCF,RAB11FIP4,Activation,0.5,B,0.1010496453900753,0.0718297872340434,0.11040973,0.076538235,-0.004580674603995948,0.5415462236096567,2003
CTCF,RABGAP1L,Activation,0.5,B,0.1010496453900753,0.0784680851063846,0.11040973,0.08493515,0.0019157710812132077,0.6162604862097224,2004
CTCF,RAPGEF1,Activation,0.5,B,0.1010496453900753,0.0653617021276597,0.11040973,0.07018377,-0.009496936913553983,0.4687477113326698,2005
CTCF,RBM19,Activation,0.5,B,0.1010496453900753,0.0598581560283686,0.11040973,0.06445337,-0.013930378523302634,0.40680511755313187,2006
CTCF,WIPF1,Activation,0.5,B,0.1010496453900753,0.4642836879433099,0.11040973,0.71237993,0.48735130707723145,4.958627885187912,2007
CTCF,WIPF2,Activation,0.5,B,0.1010496453900753,0.1084255319148988,0.11040973,0.11829604,0.027726108555778232,0.9534325430715583,2008
CTCF,VGLL4,Activation,0.5,B,0.1010496453900753,0.0882269503546127,0.11040973,0.09401291,0.008938966478971105,0.7260968380662294,2009
CTCF,ZBTB20,Activation,0.5,B,0.1010496453900753,0.0804539007092217,0.11040973,0.08538901,0.00226690918832624,0.6386109066456394,2010
CTCF,USP7,Activation,0.5,B,0.1010496453900753,0.0782978723404272,0.11040973,0.08425431,0.0013890252370171176,0.6143447358866445,2011
CTCF,TPD52,Activation,0.5,B,0.1010496453900753,0.1013900709219902,0.11040973,0.116367094,0.026233739880056083,0.8742481963843094,2012
CTCF,TSPAN14,Activation,0.5,B,0.1010496453900753,0.1495602836879534,0.11040973,0.16607258,0.0646894096178019,1.4164055378155573,2013
CUX1,EEF2,Activation,0.5,B,0.0663829787234045,0.9780425531911302,0.06995677,6.6900563,5.112103357260329,10.74100094367493,2014
RUNX1,CUX1,Activation,0.5,B,0.0934468085106417,0.0663829787234045,0.10536023,0.06995677,-0.00967256012404766,0.48024221327114147,2015
E2F4,RASSF1,Activation,0.5,B,0.2363687943262616,0.1198865248227016,0.32750267,0.12947366,0.036373903754360976,1.0824263981588518,2016
ELK1,ARHGAP1,Activation,0.5,B,0.1042836879432671,0.0633191489361701,0.1169344,0.066552594,-0.01230627077693536,0.4457587074557266,2017
ELK1,CHERP,Activation,0.5,B,0.1042836879432671,0.0894751773049675,0.1169344,0.096736245,0.011045930513992185,0.7401456737688064,2018
ELK1,PSMD12,Activation,0.5,B,0.1042836879432671,0.2026666666666831,0.1169344,0.25861782,0.13628893457246027,2.0141196386160845,2019
ELK1,ACTG1,Activation,0.5,B,0.1042836879432671,0.8925390070919129,0.1169344,5.358395,4.081836252431351,9.77865569804938,2020
E2F4,ZNF331,Activation,0.5,B,0.2363687943262616,0.0771631205673774,0.32750267,0.0834033,0.0007306238785932398,0.6015730670661201,2021
E2F4,ZNF263,Activation,0.5,B,0.2363687943262616,0.0664964539007094,0.32750267,0.06978653,-0.009804269795212608,0.4815193801531931,2022
E2F4,SHC1,Activation,0.5,B,0.2363687943262616,0.0537304964539005,0.32750267,0.05662374,-0.019987932521441727,0.33783810592230984,2023
E2F4,SLC38A1,Activation,0.5,B,0.2363687943262616,0.2683120567376129,0.32750267,0.33527738,0.1955981770492547,2.7529606798834028,2024
E2F4,SLC3A2,Activation,0.5,B,0.2363687943262616,0.2679716312056979,0.32750267,0.3923556,0.23975791381429506,2.749129179237245,2025
E2F4,SMARCA2,Activation,0.5,B,0.2363687943262616,0.0807375886524842,0.32750267,0.08572942,0.002530274373718976,0.6418038238507711,2026
E2F4,SMC1A,Activation,0.5,B,0.2363687943262616,0.1065531914893667,0.32750267,0.121189706,0.029964852665982557,0.9323592895176941,2027
E2F4,SMG9,Activation,0.5,B,0.2363687943262616,0.0506666666666665,0.32750267,0.053786933,-0.022182686498934782,0.3033546001068993,2028
E2F4,SNRNP25,Activation,0.5,B,0.2363687943262616,0.0980992907801458,0.32750267,0.121757165,0.03040387897172498,0.8372103568047892,2029
E2F4,SOCS2,Activation,0.5,B,0.2363687943262616,0.1235177304964609,0.32750267,0.19052768,0.08360959981579227,1.123295738384529,2030
E2F4,SOD2,Activation,0.5,B,0.2363687943262616,0.2563971631205902,0.32750267,0.39365864,0.24076603746276057,2.6188581572679,2031
E2F4,SQSTM1,Activation,0.5,B,0.2363687943262616,0.3210780141844276,0.32750267,0.4219214,0.26263210199409165,3.346843280037772,2032
E2F4,RHOF,Activation,0.5,B,0.2363687943262616,0.2555460992908028,0.32750267,0.3487228,0.20600050227760638,2.609279405652506,2033
E2F4,SAE1,Activation,0.5,B,0.2363687943262616,0.1121702127659631,0.32750267,0.1321976,0.03848133586005321,0.9955790501792882,2034
E2F4,SEPTIN9,Activation,0.5,B,0.2363687943262616,0.3411631205674088,0.32750267,0.47633517,0.3047304323133176,3.572901818161049,2035
E2F4,SERBP1,Activation,0.5,B,0.2363687943262616,0.6230921985815062,0.32750267,1.7135555,1.2619313417522655,6.746022936618903,2036
E2F4,SETD5,Activation,0.5,B,0.2363687943262616,0.1659574468085227,0.32750267,0.18945007,0.08277588471508704,1.6009561522721303,2037
E2F4,STAT1,Activation,0.5,B,0.2363687943262616,0.6270638297871766,0.32750267,1.4281144,1.0410939744005234,6.790723777490694,2038
E2F4,UBE2M,Activation,0.5,B,0.2363687943262616,0.1205673758865315,0.32750267,0.17503741,0.07162523440251552,1.0900893994511667,2039
E2F4,UIMC1,Activation,0.5,B,0.2363687943262616,0.0801702127659593,0.32750267,0.08482163,0.0018279440025557507,0.6354179894405089,2040
E2F4,UNKL,Activation,0.5,B,0.2363687943262616,0.0544113475177303,0.32750267,0.057134364,-0.019592877780317843,0.34550110721462346,2041
E2F4,WDR18,Activation,0.5,B,0.2363687943262616,0.1147801418439776,0.32750267,0.13463752,0.04036903006158503,1.0249538884664935,2042
E2F4,XPO1,Activation,0.5,B,0.2363687943262616,0.1034893617021323,0.32750267,0.11733161,0.02697995748574998,0.897875783702279,2043
E2F4,ZFYVE21,Activation,0.5,B,0.2363687943262616,0.0678014184397167,0.32750267,0.07239643,-0.007785067076853859,0.4962067992967963,2044
E2F4,ZNF131,Activation,0.5,B,0.2363687943262616,0.1502411347517832,0.32750267,0.16720736,0.06556735546275348,1.424068539107871,2045
E2F4,USP5,Activation,0.5,B,0.2363687943262616,0.0835744680851086,0.32750267,0.08992788,0.005778499150499879,0.6737329959020807,2046
E2F4,TRAF3,Activation,0.5,B,0.2363687943262616,0.11551773049646,0.32750267,0.13497785,0.040632333353335305,1.0332554731998347,2047
E2F4,TDP1,Activation,0.5,B,0.2363687943262616,0.0595744680851061,0.32750267,0.062297367,-0.01559841450873871,0.4036122003480002,2048
E2F4,TFAP4,Activation,0.5,B,0.2363687943262616,0.0650780141843972,0.32750267,0.0720561,-0.00804837036860413,0.46555479412753814,2049
E2F4,TIAL1,Activation,0.5,B,0.2363687943262616,0.2653049645390309,0.32750267,0.33845463,0.19805632174326798,2.7191157575090137,2050
E2F4,TIMM21,Activation,0.5,B,0.2363687943262616,0.0547517730496452,0.32750267,0.059006646,-0.01814434837155346,0.3493326078607803,2051
E2F4,TLE4,Activation,0.5,B,0.2363687943262616,0.1204539007092265,0.32750267,0.13310519,0.039183511497110274,1.0888122325691139,2052
E2F4,TNPO1,Activation,0.5,B,0.2363687943262616,0.0886808510638327,0.32750267,0.09696322,0.01122153438272259,0.73120550559444,2053
E2F4,TPD52L2,Activation,0.5,B,0.2363687943262616,0.097191489361706,0.32750267,0.1105233,0.02171256867413687,0.8269930217483702,2054
E2F4,TPRA1,Activation,0.5,B,0.2363687943262616,0.0697304964539013,0.32750267,0.07409848,-0.006468241149890181,0.5179186362916869,2055
E2F4,SSBP4,Activation,0.5,B,0.2363687943262616,0.2426666666666878,0.32750267,0.32058045,0.18422759541489006,2.464320964539558,2056
CTCF,PDS5B,Activation,0.5,B,0.1010496453900753,0.0586099290780139,0.11040973,0.062183913,-0.015686190525141128,0.392756281850556,2057
CTCF,PDE4D,Activation,0.5,B,0.1010496453900753,0.0920283687943295,0.11040973,0.10337452,0.016181768256899168,0.7688819286149856,2058
CTCF,PDE4B,Activation,0.5,B,0.1010496453900753,0.2248510638298063,0.11040973,0.294705,0.1642085222784649,2.2638057640573304,2059
ATF4,STK40,Activation,0.5,B,0.4204255319149359,0.0777304964539023,0.72207737,0.088169195,0.0044178563930238265,0.6079589014763823,2060
ATF4,TIMM44,Activation,0.5,B,0.4204255319149359,0.1415035460992999,0.72207737,0.18059753,0.07592693539427799,1.3257266891898356,2061
ATF4,SHMT2,Activation,0.5,B,0.4204255319149359,0.1342978723404338,0.72207737,0.167434,0.06574270015185606,1.2446265921795077,2062
ATF4,RSL24D1,Activation,0.5,B,0.4204255319149359,0.6590638297871491,0.72207737,1.319571,0.9571171445066956,7.15088483822912,2063
ATF1,GOLPH3,Activation,0.5,B,0.1667517730496575,0.1122269503546156,0.19098194,0.12249455,0.030974372016085668,0.9962176336203145,2064
ATF1,STAT3,Activation,0.5,B,0.1667517730496575,0.4604822695035931,0.19098194,0.69830936,0.47646532171654443,4.915842794639156,2065
ATF1,TFRC,Activation,0.5,B,0.1667517730496575,0.1278865248227026,0.19098194,0.17934926,0.07496118568078487,1.1724666633435472,2066
ATF1,TSPAN31,Activation,0.5,B,0.1667517730496575,0.0908368794326272,0.19098194,0.099573106,0.013240726269693904,0.7554716763534348,2067
ATF1,UBE2D3,Activation,0.5,B,0.1667517730496575,0.7925106382976727,0.19098194,2.4079592,1.79917102092709,8.652833091521284,2068
ATF4,CEBPG,Activation,0.5,B,0.4204255319149359,0.1339007092198664,0.72207737,0.15619938,0.057050805733017185,1.2401565080923245,2069
ATF4,DCUN1D5,Activation,0.5,B,0.4204255319149359,0.1635744680851182,0.72207737,0.22389089,0.10942173220598876,1.57413564774903,2070
STAT3,BHLHE40,Activation,0.5,B,0.4604822695035931,0.2607659574468318,0.69830936,0.3988225,0.2447611637699846,2.668029082226917,2071
RELB,BCL2,Activation,0.5,B,0.368226950354646,0.2306382978723602,0.55991405,0.28687465,0.15815041123754367,2.3289412750420033,2072
SRF,ACTG1,Activation,0.5,B,0.0579858156028366,0.8925390070919129,0.06399954,5.358395,4.081836252431351,9.77865569804938,2073
TP53,RBPJ,Activation,0.5,B,0.1293049645390148,0.2823262411347776,0.14933354,0.48427397,0.3108724479233051,2.9106907898168743,2074
JUN,ERCC1,Activation,0.5,B,0.0602553191489359,0.1470070921985914,0.07529028,0.17656913,0.07281028102796647,1.3876692829693782,2075
RUNX1,IKZF1,Activation,0.5,B,0.0934468085106417,0.5463829787234161,0.10536023,0.9034861,0.6352045190620315,5.88265812435232,2076
HIF1A,CREBBP,Activation,0.5,B,0.3612482269503899,0.076652482269505,0.61443985,0.08119055,-0.0009813155884546639,0.5958258160968843,2077
RELA,GADD45B,Activation,0.5,B,0.1807092198581698,0.324368794326272,0.20494032,0.7257566,0.49770044245659,3.3838811196172927,2078
MYC,SMAD3,Activation,0.5,B,0.3311205673759182,0.0575886524822693,0.8089884,0.06116265,-0.016476311612446854,0.38126177991208654,2079
GATA3,RUNX1,Activation,0.5,B,0.1499574468085208,0.0934468085106417,0.19773243,0.10536023,0.017718053566632166,0.7848465146406404,2080
CREB1,PDE4D,Activation,0.5,B,0.161588652482281,0.0920283687943295,0.18615851,0.10337452,0.016181768256899168,0.7688819286149856,2081
TP53,DHRS3,Activation,0.5,B,0.1293049645390148,0.1003687943262454,0.14933354,0.11534594,0.025443703122838206,0.8627536944458377,2082
NFKB2,CD44,Activation,0.5,B,0.3430354609929409,0.7127375886523512,0.4860933,1.6537209,1.2156390750095136,7.754984773439319,2083
RARA,SMAD3,Activation,0.5,B,0.0785248226950371,0.0575886524822693,0.086807445,0.06116265,-0.016476311612446854,0.38126177991208654,2084
GATA3,SATB1,Activation,0.5,B,0.1499574468085208,0.5399716312056911,0.19773243,1.4226522,1.0368680312271377,5.810498195516429,2085
STAT1,SMAD3,Activation,0.5,B,0.6270638297871766,0.0575886524822693,1.4281144,0.06116265,-0.016476311612446854,0.38126177991208654,2086
SREBF2,FDPS,Activation,0.5,B,0.1136453900709278,0.2485673758865467,0.13406985,0.33516294,0.19550963819370892,2.530733642406284,2087
RELA,STAT3,Activation,0.5,B,0.1807092198581698,0.4604822695035931,0.20494032,0.69830936,0.47646532171654443,4.915842794639156,2088
SMAD4,ID2,Activation,0.5,B,0.0519716312056735,0.4886241134752277,0.0537869,1.7809422,1.3140664457107412,5.232580181388154,2089
RELA,CD44,Activation,0.5,B,0.1807092198581698,0.7127375886523512,0.20494032,1.6537209,1.2156390750095136,7.754984773439319,2090
TP53,FBXW7,Activation,0.5,B,0.1293049645390148,0.0776170212765973,0.14933354,0.08431108,0.0014329465130511502,0.6066817345943296,2091
TP53,REV3L,Activation,0.5,B,0.1293049645390148,0.0589503546099288,0.14933354,0.061389573,-0.01630074797458405,0.3965877824967128,2092
RUNX1,FOXO3,Activation,0.5,B,0.0934468085106417,0.0660425531914895,0.10536023,0.071148284,-0.008750720855201146,0.47641071262498347,2093
ETS1,JUN,Activation,0.5,B,0.3447375886525156,0.0602553191489359,0.4792279,0.07529028,-0.005546180611271853,0.4112752016403139,2094
RELA,STAT1,Activation,0.5,B,0.1807092198581698,0.6270638297871766,0.20494032,1.4281144,1.0410939744005234,6.790723777490694,2095
RELB,TRAF3,Activation,0.5,B,0.368226950354646,0.11551773049646,0.55991405,0.13497785,0.040632333353335305,1.0332554731998347,2096
STAT1,KDM6B,Activation,0.5,B,0.6270638297871766,0.1357730496453985,1.4281144,0.16505075,0.0638988498593052,1.2612297616461887,2097
GATA3,VGLL4,Activation,0.5,B,0.1499574468085208,0.0882269503546127,0.19773243,0.09401291,0.008938966478971105,0.7260968380662294,2098
CTCF,RUNX1,Repression,-0.5,B,0.1010496453900753,0.0934468085106417,0.11040973,0.10536023,0.017718053566632166,0.7848465146406404,2099
NFKB1,NFKB2,Activation,0.5,B,0.1794042553191626,0.3430354609929409,0.2344443,0.4860933,0.3122800099301221,3.593975071714914,2100
STAT1,IFNGR1,Activation,0.5,B,0.6270638297871766,0.1021276595744725,1.4281144,0.11216859,0.02298548106177182,0.8825497811176495,2101
E2F4,LTBP4,Activation,0.5,B,0.2363687943262616,0.0600851063829785,0.32750267,0.06388598,-0.014369351445778427,0.40935945131723606,2102
ETS1,CCND3,Repression,-0.5,B,0.3447375886525156,0.3673758865248587,0.4792279,0.70402706,0.4808889377105518,3.8679273679151556,2103
STAT1,RARA,Activation,0.5,B,0.6270638297871766,0.0785248226950371,1.4281144,0.086807445,0.0033643105476944862,0.6168990696507488,2104
SMAD4,SKIL,Repression,-0.5,B,0.0519716312056735,0.0637163120567375,0.0537869,0.070354,-0.009365234979094349,0.45022879154290973,2105
STAT1,TNFRSF1A,Activation,0.5,B,0.6270638297871766,0.0961702127659612,1.4281144,0.10615457,0.018332611016075095,0.8154985198098985,2106
TP53,RUNX1,Activation,0.5,B,0.1293049645390148,0.0934468085106417,0.14933354,0.10536023,0.017718053566632166,0.7848465146406404,2107
RELA,BHLHE40,Activation,0.5,B,0.1807092198581698,0.2607659574468318,0.20494032,0.3988225,0.2447611637699846,2.668029082226917,2108
RELA,NFATC1,Activation,0.5,B,0.1807092198581698,0.1238014184397233,0.20494032,0.14723408,0.05011461732315408,1.1264886555896594,2109
TP53,SMAD3,Activation,0.5,B,0.1293049645390148,0.0575886524822693,0.14933354,0.06116265,-0.016476311612446854,0.38126177991208654,2110
E2F4,TRIM28,Activation,0.5,B,0.2363687943262616,0.1381560283688031,0.32750267,0.16414322,0.06319672064248,1.2880502661692903,2111
GATA3,RBPJ,Activation,0.5,B,0.1499574468085208,0.2823262411347776,0.19773243,0.48427397,0.3108724479233051,2.9106907898168743,2112
CREB1,STAT3,Activation,0.5,B,0.161588652482281,0.4604822695035931,0.18615851,0.69830936,0.47646532171654443,4.915842794639156,2113
YY1,GNAS,Activation,0.5,B,0.2540141843971856,0.3694751773050008,0.3112751,0.5338119,0.3491984845215907,3.8915549552331252,2114
RUNX1,TLE3,Activation,0.5,B,0.0934468085106417,0.0852765957446833,0.10536023,0.09605551,0.01051926590520183,0.692890499132867,2115
TP53,MAP4K4,Activation,0.5,B,0.1293049645390148,0.073985815602838,0.14933354,0.079942375,-0.0019469918032473537,0.5658123943686526,2116
STAT2,STAT1,Activation,0.5,B,0.1201134751773116,0.6270638297871766,0.13775803,1.4281144,1.0410939744005234,6.790723777490694,2117
KDM5B,DNAJB12,Activation,0.5,B,0.0667234042553194,0.0807943262411367,0.073985144,0.08669392,0.003276479600684377,0.6424424072917972,2118
TP53,ANKRD11,Activation,0.5,B,0.1293049645390148,0.2230354609929266,0.14933354,0.27819344,0.15143401488877814,2.243371093944491,2119
GATA3,ARID5B,Activation,0.5,B,0.1499574468085208,0.4730780141844457,0.19773243,0.8919002,0.62624084965913,5.057608318546975,2120
RUNX1,ARID5B,Activation,0.5,B,0.0934468085106417,0.4730780141844457,0.10536023,0.8919002,0.62624084965913,5.057608318546975,2121
RUNX1,TIMP1,Activation,0.5,B,0.0934468085106417,0.14104964539008,0.10536023,0.22542197,0.11060628368230002,1.320618021661626,2122
RUNX1,CCND3,Activation,0.5,B,0.0934468085106417,0.3673758865248587,0.10536023,0.70402706,0.4808889377105518,3.8679273679151556,2123
STAT1,LGALS3,Activation,0.5,B,0.6270638297871766,0.0689361702127665,1.4281144,0.11228298,0.02307398123379108,0.5089784681173207,2124
STAT2,EIF2AK2,Activation,0.5,B,0.1201134751773116,0.2360851063829991,0.13775803,0.3357833,0.19598959244420164,2.3902452853805185,2125
SMAD4,GADD45B,Activation,0.5,B,0.0519716312056735,0.324368794326272,0.0537869,0.7257566,0.49770044245659,3.3838811196172927,2126
HSF1,STIP1,Activation,0.5,B,0.2119716312056913,0.2516879432624336,0.2508444,0.42134917,0.26218938450624674,2.565855731662725,2127
HSF1,UBB,Activation,0.5,B,0.2119716312056913,0.7146099290778815,0.2508444,2.1811583,1.6237018482361012,7.776058026993163,2128
IRF1,ERAP2,Activation,0.5,B,0.688113475177195,0.2796595744681107,1.7007551,0.36563182,0.2190825127564686,2.8806773680886435,2129
RUNX1,CD44,Activation,0.5,B,0.0934468085106417,0.7127375886523512,0.10536023,1.6537209,1.2156390750095136,7.754984773439319,2130
STAT1,CASP8,Activation,0.5,B,0.6270638297871766,0.1876312056737735,1.4281144,0.2195792,0.10608590471500436,1.8448950267441402,2131
STAT1,FOXO3,Activation,0.5,B,0.6270638297871766,0.0660425531914895,1.4281144,0.071148284,-0.008750720855201146,0.47641071262498347,2132
TP53,BHLHE40,Activation,0.5,B,0.1293049645390148,0.2607659574468318,0.14933354,0.3988225,0.2447611637699846,2.668029082226917,2133
ETS1,SQSTM1,Activation,0.5,B,0.3447375886525156,0.3210780141844276,0.4792279,0.4219214,0.26263210199409165,3.346843280037772,2134
CEBPB,MAD1L1,Activation,0.5,B,0.3420141843971961,0.1109787234042608,0.4965322,0.12153003,0.030228151315709648,0.9821687979177375,2135
SREBF1,CIC,Activation,0.5,B,0.0503262411347516,0.0520851063829785,0.05214155,0.0539004,-0.02209490042481546,0.3193191861325519,2136
STAT5B,BCL2,Activation,0.5,B,0.1249361702127731,0.2306382978723602,0.13957381,0.28687465,0.15815041123754367,2.3289412750420033,2137
ETS1,RARA,Activation,0.5,B,0.3447375886525156,0.0785248226950371,0.4792279,0.086807445,0.0033643105476944862,0.6168990696507488,2138
NFE2L2,NQO2,Activation,0.5,B,0.2943546099291053,0.0569078014184395,0.37749207,0.062184006,-0.015686118573781764,0.37359877861977286,2139
RELA,KDM2A,Activation,0.5,B,0.1807092198581698,0.1582978723404367,0.20494032,0.17821474,0.07408344099017129,1.5147473877335929,2140
RELA,NFKBIZ,Activation,0.5,B,0.1807092198581698,0.1753191489361834,0.20494032,0.21118169,0.09958899869582938,1.706322420041454,2141
RELA,POU2F2,Activation,0.5,B,0.1807092198581698,0.1745248226950485,0.20494032,0.2306989,0.11468888891644266,1.6973822518670865,2142
STAT1,NR3C1,Activation,0.5,B,0.6270638297871766,0.2095319148936343,1.4281144,0.26423386,0.14063389922030559,2.0913882349802555,2143
ATF2,BCL2,Activation,0.5,B,0.0854468085106408,0.2306382978723602,0.090325005,0.28687465,0.15815041123754367,2.3289412750420033,2144
NFKB1,ERAP1,Activation,0.5,B,0.1794042553191626,0.0698439716312063,0.2344443,0.07409854,-0.006468194729658324,0.5191958031737396,2145
NFKB1,HDAC7,Activation,0.5,B,0.1794042553191626,0.133617021276604,0.2344443,0.15614262,0.057006892193688465,1.2369635908871939,2146
NFKB1,KDM2A,Activation,0.5,B,0.1794042553191626,0.1582978723404367,0.2344443,0.17821474,0.07408344099017129,1.5147473877335929,2147
IRF2,CASP8,Activation,0.5,B,0.2436312056737802,0.1876312056737735,0.29652157,0.2195792,0.10608590471500436,1.8448950267441402,2148
NFKB1,SQSTM1,Activation,0.5,B,0.1794042553191626,0.3210780141844276,0.2344443,0.4219214,0.26263210199409165,3.346843280037772,2149
STAT1,BHLHE40,Activation,0.5,B,0.6270638297871766,0.2607659574468318,1.4281144,0.3988225,0.2447611637699846,2.668029082226917,2150
RUNX1,CDK6,Activation,0.5,B,0.0934468085106417,0.0884539007092227,0.10536023,0.11165829,0.022590676989899916,0.7286511718303347,2151
CTCF,DCTPP1,Activation,0.5,B,0.1010496453900753,0.2425531914893829,0.11040973,0.4510784,0.28519001366089347,2.4630437976575066,2152
CTCF,DIS3L2,Activation,0.5,B,0.1010496453900753,0.0556028368794324,0.11040973,0.05781517,-0.019066158240919805,0.35891135947617187,2153
CTCF,DLGAP4,Activation,0.5,B,0.1010496453900753,0.0651347517730497,0.11040973,0.06893548,-0.010462702100457723,0.4661933775685645,2154
CTCF,DNAJB12,Activation,0.5,B,0.1010496453900753,0.0807943262411367,0.11040973,0.08669392,0.003276479600684377,0.6424424072917972,2155
CTCF,DIAPH1,Activation,0.5,B,0.1010496453900753,0.1352624113475261,0.11040973,0.15495113,0.056085071492934686,1.255482510676953,2156
CTCF,CYFIP2,Activation,0.5,B,0.1010496453900753,0.1753191489361834,0.11040973,0.20374888,0.09383845263772594,1.706322420041454,2157
CTCF,CUX1,Activation,0.5,B,0.1010496453900753,0.0663829787234045,0.11040973,0.06995677,-0.00967256012404766,0.48024221327114147,2158
CTCF,CSK,Activation,0.5,B,0.1010496453900753,0.2771063829787487,0.11040973,0.3724423,0.22435158043313358,2.8519411132424644,2159
CTCF,FBXW11,Activation,0.5,B,0.1010496453900753,0.0601985815602834,0.11040973,0.06433986,-0.014018197865254777,0.41063661819928754,2160
CTCF,EXOC4,Activation,0.5,B,0.1010496453900753,0.0600851063829785,0.11040973,0.062467556,-0.015466744294770834,0.40935945131723606,2161
CTCF,ERGIC1,Activation,0.5,B,0.1010496453900753,0.0518581560283686,0.11040973,0.054070566,-0.021963248005269796,0.3167648523684477,2162
CTCF,ECE1,Activation,0.5,B,0.1010496453900753,0.0598581560283686,0.11040973,0.06519099,-0.013359703666367196,0.40680511755313187,2163
CTCF,EHMT1,Activation,0.5,B,0.1010496453900753,0.0752907801418452,0.11040973,0.08011254,-0.001815340157372218,0.5804998135122548,2164
CTCF,ELMO1,Activation,0.5,B,0.1010496453900753,0.1012765957446852,0.11040973,0.11080694,0.021932012583495572,0.8729710295022567,2165
CTCF,ERCC1,Activation,0.5,B,0.1010496453900753,0.1470070921985914,0.11040973,0.17656913,0.07281028102796647,1.3876692829693782,2166
CTCF,FOXK1,Activation,0.5,B,0.1010496453900753,0.0701276595744687,0.11040973,0.07443892,-0.006204852754381511,0.5223887203788702,2167
CTCF,COIL,Activation,0.5,B,0.1010496453900753,0.0985531914893657,0.11040973,0.10638147,0.01850815685951569,0.8423190243329985,2168
CTCF,ARHGEF1,Activation,0.5,B,0.1010496453900753,0.2316028368794525,0.11040973,0.2728605,0.14730807636820487,2.339797193539449,2169
CTCF,ARHGEF3,Activation,0.5,B,0.1010496453900753,0.1404822695035551,0.11040973,0.16266765,0.06205511561733396,1.314232187251364,2170
CTCF,ARHGAP15,Activation,0.5,B,0.1010496453900753,0.342354609929111,0.11040973,0.4727032,0.30192048415553474,3.586312070422599,2171
CTCF,ARID1B,Activation,0.5,B,0.1010496453900753,0.0580425531914891,0.11040973,0.060878962,-0.016695792657991034,0.3863704474402949,2172
CTCF,ARL8B,Activation,0.5,B,0.1010496453900753,0.1022411347517775,0.11040973,0.11443803,0.024741279911211292,0.8838269479997021,2173
CTCF,ASAP1,Activation,0.5,B,0.1010496453900753,0.0713758865248235,0.11040973,0.07829705,-0.0032199312693508785,0.5364375560814472,2174
CTCF,ARID5B,Activation,0.5,B,0.1010496453900753,0.4730780141844457,0.11040973,0.8919002,0.62624084965913,5.057608318546975,2175
CTCF,APBA2,Activation,0.5,B,0.1010496453900753,0.0638297872340425,0.11040973,0.06944612,-0.010067634980605344,0.45150595842496244,2176
CTCF,ANK3,Activation,0.5,B,0.1010496453900753,0.0872056737588679,0.11040973,0.09764414,0.011748342120561145,0.7146023361277577,2177
CTCF,ANKRD11,Activation,0.5,B,0.1010496453900753,0.2230354609929266,0.11040973,0.27819344,0.15143401488877814,2.243371093944491,2178
CTCF,BBX,Activation,0.5,B,0.1010496453900753,0.2662695035461233,0.11040973,0.32619846,0.18857408419368107,2.7299716760064596,2179
CTCF,CDC37,Activation,0.5,B,0.1010496453900753,0.4289361702128093,0.11040973,0.74012196,0.5088144981530542,4.560790401428587,2180
CTCF,CCDC88C,Activation,0.5,B,0.1010496453900753,0.197787234042569,0.11040973,0.22712658,0.11192509020582257,1.9592014626878305,2181
CTCF,CHD2,Activation,0.5,B,0.1010496453900753,0.1518297872340529,0.11040973,0.16993076,0.06767436978635906,1.441948875456605,2182
CTCF,CARS2,Activation,0.5,B,0.1010496453900753,0.0900992907801449,0.11040973,0.09945958,0.013152894549013274,0.747170091620095,2183
CTCF,BRD4,Activation,0.5,B,0.1010496453900753,0.2040851063829953,0.11040973,0.24437557,0.12527012545504393,2.0300842246417394,2184
CTCF,CAPN2,Activation,0.5,B,0.1010496453900753,0.1508652482269606,0.11040973,0.177477,0.07351267329277215,1.4310929569591595,2185
CTCF,FOXP1,Activation,0.5,B,0.1010496453900753,0.445503546099336,0.11040973,0.70335704,0.48037056298149905,4.747256766208238,2186
CTCF,FRMD4B,Activation,0.5,B,0.1010496453900753,0.1674326241134874,0.11040973,0.23296948,0.11644556975028723,1.6175593217388111,2187
CTCF,MRPS22,Activation,0.5,B,0.1010496453900753,0.1035460992907848,0.11040973,0.114664935,0.02491682962300454,0.8985143671433053,2188
CTCF,MSI2,Activation,0.5,B,0.1010496453900753,0.1261276595744754,0.11040973,0.1421272,0.04616357476277556,1.1526705766717342,2189
CTCF,MTF1,Activation,0.5,B,0.1010496453900753,0.0528226950354608,0.11040973,0.05599964,-0.0204707802997197,0.32762077086589186,2190
CTCF,MYH9,Activation,0.5,B,0.1010496453900753,0.2275744680851258,0.11040973,0.27859026,0.15174102282881377,2.2944577692265886,2191
CTCF,MAD1L1,Activation,0.5,B,0.1010496453900753,0.1109787234042608,0.11040973,0.12153003,0.030228151315709648,0.9821687979177375,2192
CTCF,MAP4K4,Activation,0.5,B,0.1010496453900753,0.073985815602838,0.11040973,0.079942375,-0.0019469918032473537,0.5658123943686526,2193
CTCF,MAST4,Activation,0.5,B,0.1010496453900753,0.0511205673758863,0.11040973,0.060879115,-0.01669567428639982,0.3084632676351077,2194
CTCF,MEAF6,Activation,0.5,B,0.1010496453900753,0.3878581560284072,0.11040973,0.5322816,0.3480145365082935,4.098455990125615,2195
CTCF,MED15,Activation,0.5,B,0.1010496453900753,0.0992907801418481,0.11040973,0.10734593,0.019254331139659863,0.8506206090663397,2196
CTCF,NCOA7,Activation,0.5,B,0.1010496453900753,0.0939574468085141,0.11040973,0.10536028,0.017718092250158708,0.7905937656098762,2197
CTCF,NTMT1,Activation,0.5,B,0.1010496453900753,0.1560283687943371,0.11040973,0.1904703,0.08356520660073445,1.489204050092544,2198
CTCF,NUP210,Activation,0.5,B,0.1010496453900753,0.1463262411347615,0.11040973,0.1630651,0.06236261096980404,1.3800062816770633,2199
CTCF,PARP1,Activation,0.5,B,0.1010496453900753,0.2643404255319386,0.11040973,0.35956192,0.21438641000151024,2.708259839011568,2200
CTCF,NFATC2,Activation,0.5,B,0.1010496453900753,0.1093900709219911,0.11040973,0.124991015,0.032905813417782086,0.9642884615690036,2201
CTCF,LTBP4,Activation,0.5,B,0.1010496453900753,0.0600851063829785,0.11040973,0.06388598,-0.014369351445778427,0.40935945131723606,2202
CTCF,LRRFIP1,Activation,0.5,B,0.1010496453900753,0.510241134751816,0.11040973,0.9138631,0.6432328981602378,5.475880472419025,2203
CTCF,HDAC7,Activation,0.5,B,0.1010496453900753,0.133617021276604,0.11040973,0.15614262,0.057006892193688465,1.2369635908871939,2204
CTCF,HM13,Activation,0.5,B,0.1010496453900753,0.3047375886525108,0.11040973,0.4106858,0.25393944937813256,3.162931249022226,2205
CTCF,HOOK2,Activation,0.5,B,0.1010496453900753,0.1095035460992961,0.11040973,0.12050884,0.029438086706352676,0.9655656284510563,2206
CTCF,IL16,Activation,0.5,B,0.1010496453900753,0.2195744680851248,0.11040973,0.27308673,0.14748310385238983,2.204417504041893,2207
CTCF,GRK5,Activation,0.5,B,0.1010496453900753,0.0565106382978721,0.11040973,0.06082229,-0.01673963811431305,0.36912869453258973,2208
CTCF,FYN,Activation,0.5,B,0.1010496453900753,0.456056737588699,0.11040973,0.73853505,0.5075867526510079,4.866033286239113,2209
CTCF,GALNT10,Activation,0.5,B,0.1010496453900753,0.0535035460992906,0.11040973,0.05821243,-0.018758809885850564,0.3352837721582056,2210
CTCF,GMDS,Activation,0.5,B,0.1010496453900753,0.0604822695035459,0.11040973,0.06592851,-0.012789106176484853,0.4138295354044192,2211
CTCF,INPP4A,Activation,0.5,B,0.1010496453900753,0.084312056737591,0.11040973,0.09049529,0.006217487546386292,0.6820345806354218,2212
CTCF,MACF1,Activation,0.5,B,0.1010496453900753,0.1480283687943362,0.11040973,0.17027107,0.06793765760469872,1.3991637849078498,2213
CTCF,KDM4B,Activation,0.5,B,0.1010496453900753,0.0576453900709218,0.11040973,0.061049186,-0.01656409536555458,0.3819003633531129,2214
CTCF,LMNA,Activation,0.5,B,0.1010496453900753,0.0547517730496452,0.11040973,0.08941786,0.005383911706376607,0.3493326078607803,2215
CTCF,KDM2B,Activation,0.5,B,0.1010496453900753,0.0940141843971666,0.11040973,0.10110499,0.014425899777111926,0.7912323490509026,2216
CTCF,IQGAP2,Activation,0.5,B,0.1010496453900753,0.1362269503546185,0.11040973,0.159263,0.05942103824461464,1.2663384291743993,2217
CTCF,IQSEC1,Activation,0.5,B,0.1010496453900753,0.0516312056737587,0.11040973,0.055035148,-0.021216979337320866,0.3142105186043435,2218
CTCF,JADE2,Activation,0.5,B,0.1010496453900753,0.1168794326241197,0.11040973,0.1272039,0.03461785733035166,1.0485814757844631,2219
CTCF,JARID2,Activation,0.5,B,0.1010496453900753,0.0926524822695069,0.11040973,0.105644,0.017937598053159875,0.775906346466274,2220
CTCF,KANSL1,Activation,0.5,B,0.1010496453900753,0.1000851063829829,0.11040973,0.1072325,0.019166573691350174,0.8595607772407061,2221
CTCF,KCNAB2,Activation,0.5,B,0.1010496453900753,0.1816170212766097,0.11040973,0.21850164,0.10525222829782564,1.777205181995363,2222
CREB3,HM13,Activation,0.5,B,0.135829787234051,0.3047375886525108,0.15937679,0.4106858,0.25393944937813256,3.162931249022226,2223
CREB3,PRPF31,Activation,0.5,B,0.135829787234051,0.1916595744681002,0.15937679,0.241141,0.12276763396620465,1.8902344510570004,2224
CREM,GPCPD1,Activation,0.5,B,0.492368794326292,0.066326241134752,1.1949437,0.07075108,-0.009058025884720666,0.4796036298301151,2225
CREB1,RUNX1,Activation,0.5,B,0.161588652482281,0.0934468085106417,0.18615851,0.10536023,0.017718053566632166,0.7848465146406404,2226
CEBPB,SMAD3,Activation,0.5,B,0.3420141843971961,0.0575886524822693,0.4965322,0.06116265,-0.016476311612446854,0.38126177991208654,2227
CREB1,CD74,Activation,0.5,B,0.161588652482281,0.6436879432623396,0.18615851,1.5480043,1.1338492569721772,6.977828725711189,2228
GATA3,NIBAN1,Activation,0.5,B,0.1499574468085208,0.0604822695035459,0.19773243,0.06848173,-0.010813755103812358,0.4138295354044192,2229
FOXP1,CRYBG1,Activation,0.5,B,0.445503546099336,0.0942978723404291,0.70335704,0.103147514,0.016006140404382307,0.7944252662560342,2230
FOXP1,CUL3,Activation,0.5,B,0.445503546099336,0.1165390070922048,0.70335704,0.12936021,0.03628613083264069,1.0447499751383063,2231
FOXP1,EIF3H,Activation,0.5,B,0.445503546099336,0.7808226950352714,0.70335704,1.7263644,1.2718412102143466,8.521284902670015,2232
FOXP1,ELF2,Activation,0.5,B,0.445503546099336,0.1085957446808563,0.70335704,0.11506205,0.02522406579584681,0.9553482933946372,2233
FOXP1,CHD2,Activation,0.5,B,0.445503546099336,0.1518297872340529,0.70335704,0.16993076,0.06767436978635906,1.441948875456605,2234
FOXP1,ARID5B,Activation,0.5,B,0.445503546099336,0.4730780141844457,0.70335704,0.8919002,0.62624084965913,5.057608318546975,2235
FOXP1,AZIN1,Activation,0.5,B,0.445503546099336,0.1707234042553318,0.70335704,0.20006035,0.09098474567472055,1.6545971613183317,2236
FOXP1,BIRC6,Activation,0.5,B,0.445503546099336,0.1292482269503623,0.70335704,0.14190035,0.04598806760286151,1.187792665928176,2237
FOXP1,CHD9,Activation,0.5,B,0.445503546099336,0.0759716312056751,0.70335704,0.080566406,-0.0014641974082360034,0.5881628148045696,2238
FOXP1,CAMK2D,Activation,0.5,B,0.445503546099336,0.1559148936170321,0.70335704,0.188258,0.08185361528542541,1.4879268832104915,2239
FOXP1,CDK6,Activation,0.5,B,0.445503546099336,0.0884539007092227,0.70335704,0.11165829,0.022590676989899916,0.7286511718303347,2240
FOXP1,CAB39,Activation,0.5,B,0.445503546099336,0.1567659574468195,0.70335704,0.18491016,0.07926349013556136,1.4975056348258855,2241
FOXP1,LIMS1,Activation,0.5,B,0.445503546099336,0.1441702127659669,0.70335704,0.18666856,0.08062391239693614,1.3557401109180673,2242
FOXP1,MAD1L1,Activation,0.5,B,0.445503546099336,0.1109787234042608,0.70335704,0.12153003,0.030228151315709648,0.9821687979177375,2243
FOXP1,KDM4C,Activation,0.5,B,0.445503546099336,0.050609929078014,0.70335704,0.053106073,-0.02270944781654149,0.302716016665873,2244
FOXP1,JADE2,Activation,0.5,B,0.445503546099336,0.1168794326241197,0.70335704,0.1272039,0.03461785733035166,1.0485814757844631,2245
FOXP1,FOXN3,Activation,0.5,B,0.445503546099336,0.2711489361702373,0.70335704,0.34537598,0.2034111662716838,2.7848898519347127,2246
GATA3,FOXP1,Activation,0.5,B,0.1499574468085208,0.445503546099336,0.19773243,0.70335704,0.48037056298149905,4.747256766208238,2247
FOXP1,GPBP1L1,Activation,0.5,B,0.445503546099336,0.1729929078014313,0.70335704,0.19608876,0.0879120435312643,1.6801404989593793,2248
FOXP1,HECTD1,Activation,0.5,B,0.445503546099336,0.1303262411347596,0.70335704,0.1435459,0.04726118114483447,1.1999257513076738,2249
FOXP1,HIVEP2,Activation,0.5,B,0.445503546099336,0.0883404255319177,0.70335704,0.09662283,0.010958184670740473,0.7273740049482821,2250
FOXP1,ITGA4,Activation,0.5,B,0.445503546099336,0.0726241134751783,0.70335704,0.07914808,-0.0025615144375163925,0.5504863917840241,2251
FOXP1,ARID1A,Activation,0.5,B,0.445503546099336,0.1231205673758935,0.70335704,0.13917673,0.04388088307173914,1.1188256542973458,2252
FOXO1,FYN,Activation,0.5,B,0.071546099290781,0.456056737588699,0.07511976,0.73853505,0.5075867526510079,4.866033286239113,2253
FOXO1,OSBPL9,Activation,0.5,B,0.071546099290781,0.0857304964539032,0.07511976,0.09321864,0.008324463186465337,0.6979991666610765,2254
FOXO1,PIP4K2A,Activation,0.5,B,0.071546099290781,0.2002836879432785,0.07511976,0.24272978,0.12399682623214359,1.9872991340929833,2255
FOXP1,ACSL3,Activation,0.5,B,0.445503546099336,0.0548652482269501,0.70335704,0.058042165,-0.018890538898778782,0.3506097747428319,2256
FOXP1,AFF1,Activation,0.5,B,0.445503546099336,0.0565673758865246,0.70335704,0.058609508,-0.01845160233881794,0.3697672779736161,2257
FOXP1,ACTR3,Activation,0.5,B,0.445503546099336,0.5233475177305281,0.70335704,0.96402025,0.682038007024611,5.623393247295934,2258
FOXP1,AP3B1,Activation,0.5,B,0.445503546099336,0.0555460992907799,0.70335704,0.058836456,-0.018276019359191868,0.3582727760351455,2259
FOXP1,MSI2,Activation,0.5,B,0.445503546099336,0.1261276595744754,0.70335704,0.1421272,0.04616357476277556,1.1526705766717342,2260
FOXP1,ZFP36L1,Activation,0.5,B,0.445503546099336,0.2788085106383233,0.70335704,0.40438458,0.24906438115598745,2.8710986164732497,2261
FOXP1,ZMYM2,Activation,0.5,B,0.445503546099336,0.146042553191499,0.70335704,0.15824221,0.058631283103469996,1.3768133644719316,2262
FOXP1,YPEL3,Activation,0.5,B,0.445503546099336,0.3047375886525108,0.70335704,0.4024025,0.2475309042702813,3.162931249022226,2263
FOXP1,WNK1,Activation,0.5,B,0.445503546099336,0.1596595744680964,0.70335704,0.18405895,0.07860493404303132,1.530073390318221,2264
FOXP1,PRKCB,Activation,0.5,B,0.445503546099336,0.1230070921985885,0.70335704,0.1481987,0.05086091539058318,1.1175484874152932,2265
FOXP1,PRPF31,Activation,0.5,B,0.445503546099336,0.1916595744681002,0.70335704,0.241141,0.12276763396620465,1.8902344510570004,2266
FOXP1,RABGAP1L,Activation,0.5,B,0.445503546099336,0.0784680851063846,0.70335704,0.08493515,0.0019157710812132077,0.6162604862097224,2267
FOXP1,RAPGEF1,Activation,0.5,B,0.445503546099336,0.0653617021276597,0.70335704,0.07018377,-0.009496936913553983,0.4687477113326698,2268
FOXP1,PREX1,Activation,0.5,B,0.445503546099336,0.0820425531914914,0.70335704,0.09077906,0.006437032032913991,0.6564912429943731,2269
FOXP1,RBPJ,Activation,0.5,B,0.445503546099336,0.2823262411347776,0.70335704,0.48427397,0.3108724479233051,2.9106907898168743,2270
FOXP1,RERE,Activation,0.5,B,0.445503546099336,0.0796595744680869,0.70335704,0.085218854,0.002135264505485878,0.629670738471273,2271
FOXP1,RFTN1,Activation,0.5,B,0.445503546099336,0.1205673758865315,0.70335704,0.1394606,0.04410050492531992,1.0900893994511667,2272
FOXP1,ROCK1,Activation,0.5,B,0.445503546099336,0.2410780141844181,0.70335704,0.2892584,0.15999464836535995,2.446440628190824,2273
FOXP1,PPP1R12A,Activation,0.5,B,0.445503546099336,0.2234893617021466,0.70335704,0.26219302,0.1390549614542091,2.248479761472702,2274
FOXP1,PMAIP1,Activation,0.5,B,0.445503546099336,0.174581560283701,0.70335704,0.26252955,0.13931532479794229,1.698020835308113,2275
FOXP1,NUP98,Activation,0.5,B,0.445503546099336,0.0961134751773087,0.70335704,0.106267974,0.018420348348950972,0.8148599363688721,2276
FOXP1,PACS1,Activation,0.5,B,0.445503546099336,0.1084822695035513,0.70335704,0.11778546,0.027331087856157697,0.9540711265125846,2277
FOXP1,PARP1,Activation,0.5,B,0.445503546099336,0.2643404255319386,0.70335704,0.35956192,0.21438641000151024,2.708259839011568,2278
FOXP1,PDE4B,Activation,0.5,B,0.445503546099336,0.2248510638298063,0.70335704,0.294705,0.1642085222784649,2.2638057640573304,2279
FOXP1,PDS5B,Activation,0.5,B,0.445503546099336,0.0586099290780139,0.70335704,0.062183913,-0.015686190525141128,0.392756281850556,2280
FOXP1,PIK3R1,Activation,0.5,B,0.445503546099336,0.1058156028368843,0.70335704,0.12005497,0.02908694086253433,0.9240577047843529,2281
FOXP1,PIP4K2A,Activation,0.5,B,0.445503546099336,0.2002836879432785,0.70335704,0.24272978,0.12399682623214359,1.9872991340929833,2282
FOXP1,RUNX1,Activation,0.5,B,0.445503546099336,0.0934468085106417,0.70335704,0.10536023,0.017718053566632166,0.7848465146406404,2283
FOXP1,TPD52,Activation,0.5,B,0.445503546099336,0.1013900709219902,0.70335704,0.116367094,0.026233739880056083,0.8742481963843094,2284
FOXP1,TPP2,Activation,0.5,B,0.445503546099336,0.0749503546099303,0.70335704,0.08124727,-0.0009374329959471728,0.5766683128660979,2285
FOXP1,TXNRD1,Activation,0.5,B,0.445503546099336,0.0813617021276616,0.70335704,0.09389953,0.008851247714187958,0.6488282417020594,2286
FOXP1,UBE3C,Activation,0.5,B,0.445503546099336,0.0730780141843982,0.70335704,0.08056651,-0.0014641169465007986,0.5555950593122336,2287
FOXP1,UTRN,Activation,0.5,B,0.445503546099336,0.0549219858156026,0.70335704,0.058098894,-0.018846649343236516,0.35124835818385813,2288
FOXP1,VGLL4,Activation,0.5,B,0.445503546099336,0.0882269503546127,0.70335704,0.09401291,0.008938966478971105,0.7260968380662294,2289
FOXP1,VPS13A,Activation,0.5,B,0.445503546099336,0.0651914893617022,0.70335704,0.0684816,-0.010813855680981364,0.4668319610095909,2290
FOXP1,VPS13C,Activation,0.5,B,0.445503546099336,0.112737588652488,0.70335704,0.12238107,0.030886575884249447,1.0019648845895501,2291
FOXP1,U2SURP,Activation,0.5,B,0.445503546099336,0.1979574468085265,0.70335704,0.24386457,0.12487477981380048,1.9611172130109096,2292
FOXP1,TBC1D2B,Activation,0.5,B,0.445503546099336,0.05531914893617,0.70335704,0.057304543,-0.019461215303055276,0.3557184422710413,2293
FOXP1,STIM2,Activation,0.5,B,0.445503546099336,0.1096737588652536,0.70335704,0.11937409,0.028560164071517014,0.9674813787741353,2294
FOXP1,SEPTIN9,Activation,0.5,B,0.445503546099336,0.3411631205674088,0.70335704,0.47633517,0.3047304323133176,3.572901818161049,2295
FOXP1,SMARCC1,Activation,0.5,B,0.445503546099336,0.1491631205673859,0.70335704,0.1723706,0.06956200209424843,1.411935453728373,2296
FOXP1,SND1,Activation,0.5,B,0.445503546099336,0.174468085106396,0.70335704,0.20760675,0.09682317296841857,1.6967436684260602,2297
FOXP1,SORL1,Activation,0.5,B,0.445503546099336,0.133617021276604,0.70335704,0.15619932,0.05705075931278534,1.2369635908871939,2298
FOXP1,SPAG9,Activation,0.5,B,0.445503546099336,0.0573049645390069,0.70335704,0.0604818,-0.01700306519334825,0.3780688627069561,2299
FOXP1,STAG1,Activation,0.5,B,0.445503546099336,0.0803404255319168,0.70335704,0.08578614,0.0025741569662264666,0.6373337397635878,2300
FOXP1,STAG2,Activation,0.5,B,0.445503546099336,0.1567659574468195,0.70335704,0.17821486,0.07408353383063498,1.4975056348258855,2301
STAT1,FOXP1,Activation,0.5,B,0.6270638297871766,0.445503546099336,1.4281144,0.70335704,0.48037056298149905,4.747256766208238,2302
FOXP1,STAT3,Activation,0.5,B,0.445503546099336,0.4604822695035931,0.70335704,0.69830936,0.47646532171654443,4.915842794639156,2303
RUNX1,FOXP1,Activation,0.5,B,0.0934468085106417,0.445503546099336,0.10536023,0.70335704,0.48037056298149905,4.747256766208238,2304
GATA3,CAMK2D,Activation,0.5,B,0.1499574468085208,0.1559148936170321,0.19773243,0.188258,0.08185361528542541,1.4879268832104915,2305
GATA3,CAPN2,Activation,0.5,B,0.1499574468085208,0.1508652482269606,0.19773243,0.177477,0.07351267329277215,1.4310929569591595,2306
GATA3,CBLB,Activation,0.5,B,0.1499574468085208,0.1751489361702259,0.19773243,0.21742195,0.10441690396241636,1.704406669718375,2307
GATA3,CCDC12,Activation,0.5,B,0.1499574468085208,0.3576170212766306,0.19773243,0.4689036,0.2989808456066724,3.7580910160586485,2308
GATA3,CCDC88C,Activation,0.5,B,0.1499574468085208,0.197787234042569,0.19773243,0.22712658,0.11192509020582257,1.9592014626878305,2309
GATA3,CCDC91,Activation,0.5,B,0.1499574468085208,0.1558014184397272,0.19773243,0.17452708,0.0712304071205277,1.48664971632844,2310
GATA3,CDC42EP3,Activation,0.5,B,0.1499574468085208,0.1316312056737668,0.19773243,0.15705034,0.057709168407914534,1.2146131704512757,2311
GATA3,CAST,Activation,0.5,B,0.1499574468085208,0.3306666666666983,0.19773243,0.4391699,0.2759767581447529,3.454763881571201,2312
GATA3,BCOR,Activation,0.5,B,0.1499574468085208,0.0500992907801416,0.19773243,0.05361674,-0.02231435980758478,0.29696876569663716,2313
GATA3,APP,Activation,0.5,B,0.1499574468085208,0.058496453900709,0.19773243,0.06388601,-0.014369328235662504,0.3914791149685044,2314
GATA3,ARHGAP15,Activation,0.5,B,0.1499574468085208,0.342354609929111,0.19773243,0.4727032,0.30192048415553474,3.586312070422599,2315
GATA3,ARHGAP25,Activation,0.5,B,0.1499574468085208,0.2717163120567622,0.19773243,0.3501416,0.2070981860267184,2.7912756863449752,2316
GATA3,ARHGEF3,Activation,0.5,B,0.1499574468085208,0.1404822695035551,0.19773243,0.16266765,0.06205511561733396,1.314232187251364,2317
GATA3,ASAP1,Activation,0.5,B,0.1499574468085208,0.0713758865248235,0.19773243,0.07829705,-0.0032199312693508785,0.5364375560814472,2318
GATA3,ATXN7,Activation,0.5,B,0.1499574468085208,0.1150070921985876,0.19773243,0.12550159,0.03330083024904996,1.027508222230599,2319
GATA3,ARID1B,Activation,0.5,B,0.1499574468085208,0.0580425531914891,0.19773243,0.060878962,-0.016695792657991034,0.3863704474402949,2320
GATA3,CDK6,Activation,0.5,B,0.1499574468085208,0.0884539007092227,0.19773243,0.11165829,0.022590676989899916,0.7286511718303347,2321
GATA3,CUX1,Activation,0.5,B,0.1499574468085208,0.0663829787234045,0.19773243,0.06995677,-0.00967256012404766,0.48024221327114147,2322
GATA3,DLG1,Activation,0.5,B,0.1499574468085208,0.084539007092201,0.19773243,0.0919137,0.007314869563991267,0.6845889143995271,2323
GATA3,CEMIP2,Activation,0.5,B,0.1499574468085208,0.060141843971631,0.19773243,0.06462359,-0.013798684325548306,0.4099980347582623,2324
GATA3,DOCK10,Activation,0.5,B,0.1499574468085208,0.1196595744680917,0.19773243,0.13463733,0.040368883064184166,1.0798720643947475,2325
GATA3,AFF1,Activation,0.5,B,0.1499574468085208,0.0565673758865246,0.19773243,0.058609508,-0.01845160233881794,0.3697672779736161,2326
GATA3,ANK3,Activation,0.5,B,0.1499574468085208,0.0872056737588679,0.19773243,0.09764414,0.011748342120561145,0.7146023361277577,2327
GATA3,AHNAK,Activation,0.5,B,0.1499574468085208,0.0906099290780173,0.19773243,0.104679435,0.017191342537609965,0.7529173425893307,2328
GATA3,ABLIM1,Activation,0.5,B,0.1499574468085208,0.0594042553191487,0.19773243,0.06479378,-0.013667013337909898,0.40169645002492227,2329
GATA3,ANKRD44,Activation,0.5,B,0.1499574468085208,0.2376170212766163,0.19773243,0.29016608,0.16069689363276474,2.407487038288226,2330
GATA3,LRBA,Activation,0.5,B,0.1499574468085208,0.1233475177305034,0.19773243,0.13344558,0.039446861209092396,1.12137998806145,2331
GATA3,LPP,Activation,0.5,B,0.1499574468085208,0.0764822695035475,0.19773243,0.08431109,0.0014329542497564648,0.5939100657738055,2332
GATA3,MAML2,Activation,0.5,B,0.1499574468085208,0.0654184397163122,0.19773243,0.07154543,-0.008443460698572432,0.46938629477369614,2333
GATA3,MAP4K4,Activation,0.5,B,0.1499574468085208,0.073985815602838,0.19773243,0.079942375,-0.0019469918032473537,0.5658123943686526,2334
GATA3,LIMA1,Activation,0.5,B,0.1499574468085208,0.0743262411347529,0.19773243,0.095772155,0.01030004249194441,0.5696438950148095,2335
GATA3,JARID2,Activation,0.5,B,0.1499574468085208,0.0926524822695069,0.19773243,0.105644,0.017937598053159875,0.775906346466274,2336
GATA3,KDM4C,Activation,0.5,B,0.1499574468085208,0.050609929078014,0.19773243,0.053106073,-0.02270944781654149,0.302716016665873,2337
GATA3,MAPKAP1,Activation,0.5,B,0.1499574468085208,0.0889645390070951,0.19773243,0.099175945,0.012933454508007224,0.7343984227995706,2338
GATA3,NDUFAF6,Activation,0.5,B,0.1499574468085208,0.0643404255319149,0.19773243,0.07160217,-0.008399562632654312,0.4572532093941981,2339
GATA3,NEDD9,Activation,0.5,B,0.1499574468085208,0.2660425531915133,0.19773243,1.1262027,0.8075137892040363,2.727417342242355,2340
GATA3,NEK7,Activation,0.5,B,0.1499574468085208,0.1113758865248283,0.19773243,0.12493428,0.032861919220216626,0.9866388820049218,2341
GATA3,MSI2,Activation,0.5,B,0.1499574468085208,0.1261276595744754,0.19773243,0.1421272,0.04616357476277556,1.1526705766717342,2342
GATA3,MAST4,Activation,0.5,B,0.1499574468085208,0.0511205673758863,0.19773243,0.060879115,-0.01669567428639982,0.3084632676351077,2343
GATA3,MBNL1,Activation,0.5,B,0.1499574468085208,0.3631773049645745,0.19773243,0.4936985,0.3181639290510317,3.8206721932792163,2344
GATA3,MLLT3,Activation,0.5,B,0.1499574468085208,0.1421276595744773,0.19773243,0.16107918,0.060826163189259576,1.332751107041124,2345
GATA3,INPP4B,Activation,0.5,B,0.1499574468085208,0.1401418439716402,0.19773243,0.16709332,0.06547912607542,1.3104006866052071,2346
GATA3,EVL,Activation,0.5,B,0.1499574468085208,0.6420992907800714,0.19773243,1.2629441,0.91330658072562,6.959948389362472,2347
GATA3,EXOC4,Activation,0.5,B,0.1499574468085208,0.0600851063829785,0.19773243,0.062467556,-0.015466744294770834,0.40935945131723606,2348
GATA3,ETV6,Activation,0.5,B,0.1499574468085208,0.2796028368794582,0.19773243,0.3869664,0.23558844858965847,2.8800387846476174,2349
GATA3,FBXW11,Activation,0.5,B,0.1499574468085208,0.0601985815602834,0.19773243,0.06433986,-0.014018197865254777,0.41063661819928754,2350
GATA3,ECE1,Activation,0.5,B,0.1499574468085208,0.0598581560283686,0.19773243,0.06519099,-0.013359703666367196,0.40680511755313187,2351
GATA3,ELMO1,Activation,0.5,B,0.1499574468085208,0.1012765957446852,0.19773243,0.11080694,0.021932012583495572,0.8729710295022567,2352
GATA3,EML4,Activation,0.5,B,0.1499574468085208,0.2064680851063998,0.19773243,0.2550995,0.1335669140705039,2.0569047291648395,2353
GATA3,IER5,Activation,0.5,B,0.1499574468085208,0.1397446808510728,0.19773243,0.1688525,0.0668401517998088,1.305930602518024,2354
GATA3,IMMP2L,Activation,0.5,B,0.1499574468085208,0.0598014184397161,0.19773243,0.06405622,-0.01423764177461348,0.4061665341121055,2355
GATA3,HIVEP2,Activation,0.5,B,0.1499574468085208,0.0883404255319177,0.19773243,0.09662283,0.010958184670740473,0.7273740049482821,2356
GATA3,GNAQ,Activation,0.5,B,0.1499574468085208,0.0590070921985813,0.19773243,0.06320517,-0.014896074079858584,0.39722636593773913,2357
GATA3,GMDS,Activation,0.5,B,0.1499574468085208,0.0604822695035459,0.19773243,0.06592851,-0.012789106176484853,0.4138295354044192,2358
GATA3,FOXJ3,Activation,0.5,B,0.1499574468085208,0.0500992907801416,0.19773243,0.052084837,-0.02349954801474288,0.29696876569663716,2359
GATA3,FOXO3,Activation,0.5,B,0.1499574468085208,0.0660425531914895,0.19773243,0.071148284,-0.008750720855201146,0.47641071262498347,2360
GATA3,FRMD4B,Activation,0.5,B,0.1499574468085208,0.1674326241134874,0.19773243,0.23296948,0.11644556975028723,1.6175593217388111,2361
GATA3,FYB1,Activation,0.5,B,0.1499574468085208,0.4611063829787705,0.19773243,0.7501142,0.5165451997778264,4.922867212490445,2362
GATA3,FYN,Activation,0.5,B,0.1499574468085208,0.456056737588699,0.19773243,0.73853505,0.5075867526510079,4.866033286239113,2363
ETS1,CSGALNACT2,Activation,0.5,B,0.3447375886525156,0.0840283687943286,0.4792279,0.08964421,0.005559032031025254,0.6788416634302912,2364
ETS1,CTDSP1,Activation,0.5,B,0.3447375886525156,0.1668652482269625,0.4792279,0.18814471,0.08176596615099004,1.6111734873285493,2365
ETS1,COA1,Activation,0.5,B,0.3447375886525156,0.1530212765957552,0.4792279,0.17634265,0.07263506012614881,1.4553591277181557,2366
ETS1,DALRD3,Activation,0.5,B,0.3447375886525156,0.0915177304964571,0.4792279,0.096679494,0.01100202393769824,0.7631346776457497,2367
ETS1,DDIT4,Activation,0.5,B,0.3447375886525156,0.5253900709220157,0.4792279,1.8319031,1.3534933922642522,5.646382251172855,2368
ETS1,DHX9,Activation,0.5,B,0.3447375886525156,0.1596595744680964,0.4792279,0.19115126,0.08409204528539421,1.530073390318221,2369
ETS1,DNAJB12,Activation,0.5,B,0.3447375886525156,0.0807943262411367,0.4792279,0.08669392,0.003276479600684377,0.6424424072917972,2370
ETS1,CNOT1,Activation,0.5,B,0.3447375886525156,0.1173333333333396,0.4792279,0.12936021,0.03628613083264069,1.0536901433126726,2371
ETS1,CCDC88C,Activation,0.5,B,0.3447375886525156,0.197787234042569,0.4792279,0.22712658,0.11192509020582257,1.9592014626878305,2372
ETS1,CCDC97,Activation,0.5,B,0.3447375886525156,0.0672907801418443,0.4792279,0.07029717,-0.009409202675360228,0.49045954832756045,2373
ETS1,CDC42EP3,Activation,0.5,B,0.3447375886525156,0.1316312056737668,0.4792279,0.15705034,0.057709168407914534,1.2146131704512757,2374
ETS1,CDK6,Activation,0.5,B,0.3447375886525156,0.0884539007092227,0.4792279,0.11165829,0.022590676989899916,0.7286511718303347,2375
STAT3,ICAM1,Activation,0.5,B,0.4604822695035931,0.0744397163120579,0.69830936,0.08595649,0.002705951741149802,0.5709210618968621,2376
ETS1,CFLAR,Activation,0.5,B,0.3447375886525156,0.4389787234042998,0.4792279,0.85717106,0.5993719374807853,4.673819670490225,2377
ETS1,CHD2,Activation,0.5,B,0.3447375886525156,0.1518297872340529,0.4792279,0.16993076,0.06767436978635906,1.441948875456605,2378
ETS1,CHD9,Activation,0.5,B,0.3447375886525156,0.0759716312056751,0.4792279,0.080566406,-0.0014641974082360034,0.5881628148045696,2379
ETS1,CIC,Activation,0.5,B,0.3447375886525156,0.0520851063829785,0.4792279,0.0539004,-0.02209490042481546,0.3193191861325519,2380
ETS1,CIRBP,Activation,0.5,B,0.3447375886525156,0.7279999999998558,0.4792279,1.5036505,1.099534028982775,7.9267637190752,2381
ETS1,CITED2,Activation,0.5,B,0.3447375886525156,0.1751489361702259,0.4792279,0.2149266,0.10248632520336179,1.704406669718375,2382
ETS1,CENPT,Activation,0.5,B,0.3447375886525156,0.0643404255319149,0.4792279,0.06723338,-0.011779566710947943,0.4572532093941981,2383
ETS1,DNAJB6,Activation,0.5,B,0.3447375886525156,0.4464113475177759,0.4792279,0.7179963,0.49169652703635197,4.757474101264658,2384
ETS1,DNM2,Activation,0.5,B,0.3447375886525156,0.1478581560283787,0.4792279,0.17117894,0.06864004986950441,1.3972480345847709,2385
ETS1,DNMT1,Activation,0.5,B,0.3447375886525156,0.1716879432624241,0.4792279,0.21526648,0.10274928034337322,1.665453079815777,2386
ETS1,ETV6,Activation,0.5,B,0.3447375886525156,0.2796028368794582,0.4792279,0.3869664,0.23558844858965847,2.8800387846476174,2387
ETS1,FAAP20,Activation,0.5,B,0.3447375886525156,0.2530496453900933,0.4792279,0.32738948,0.18949554126928536,2.5811817342473535,2388
ETS1,FAM78A,Activation,0.5,B,0.3447375886525156,0.0670070921985818,0.4792279,0.071034744,-0.00883856340726922,0.4872666311224288,2389
ETS1,ERGIC1,Activation,0.5,B,0.3447375886525156,0.0518581560283686,0.4792279,0.054070566,-0.021963248005269796,0.3167648523684477,2390
ETS1,FKBP1A,Activation,0.5,B,0.3447375886525156,0.4816453900709715,0.4792279,1.1404121,0.8185071832445157,5.15403441814193,2391
ETS1,FOXK1,Activation,0.5,B,0.3447375886525156,0.0701276595744687,0.4792279,0.07443892,-0.006204852754381511,0.5223887203788702,2392
ETS1,FOXP1,Activation,0.5,B,0.3447375886525156,0.445503546099336,0.4792279,0.70335704,0.48037056298149905,4.747256766208238,2393
ETS1,FYN,Activation,0.5,B,0.3447375886525156,0.456056737588699,0.4792279,0.73853505,0.5075867526510079,4.866033286239113,2394
ETS1,FLNA,Activation,0.5,B,0.3447375886525156,0.1412198581560375,0.4792279,0.18366107,0.078297106012233,1.322533771984705,2395
ETS1,ERCC1,Activation,0.5,B,0.3447375886525156,0.1470070921985914,0.4792279,0.17656913,0.07281028102796647,1.3876692829693782,2396
ETS1,DPP9,Activation,0.5,B,0.3447375886525156,0.0653049645390072,0.4792279,0.07063765,-0.009145783333030342,0.46810912789164344,2397
ETS1,DUSP5,Activation,0.5,B,0.3447375886525156,0.239092198581581,0.4792279,0.3810625,0.23102077514281447,2.424090207754907,2398
ETS1,DYNC1H1,Activation,0.5,B,0.3447375886525156,0.0924255319148969,0.4792279,0.09934615,0.013065137100703585,0.7733520127021687,2399
ETS1,E2F3,Activation,0.5,B,0.3447375886525156,0.055432624113475,0.4792279,0.058836468,-0.018276010075145496,0.35699560915309403,2400
ETS1,EEF2,Activation,0.5,B,0.3447375886525156,0.9780425531911302,0.4792279,6.6900563,5.112103357260329,10.74100094367493,2402
ETS1,EHD1,Activation,0.5,B,0.3447375886525156,0.1159148936170274,0.4792279,0.12726073,0.03466182502661753,1.0377255572870179,2403
ETS1,EIF4G2,Activation,0.5,B,0.3447375886525156,0.5075744680851516,0.4792279,0.9862567,0.6992416930994216,5.445867050690823,2404
ETS1,ELK3,Activation,0.5,B,0.3447375886525156,0.1176737588652545,0.4792279,0.13951735,0.04414441072794335,1.0575216439588295,2405
ETS1,EMP3,Activation,0.5,B,0.3447375886525156,0.6170780141843483,0.4792279,1.3646218,0.9919716208560717,6.678333091870192,2406
ETS1,CCDC12,Activation,0.5,B,0.3447375886525156,0.3576170212766306,0.4792279,0.4689036,0.2989808456066724,3.7580910160586485,2407
ETS1,G3BP2,Activation,0.5,B,0.3447375886525156,0.23131914893619,0.4792279,0.28165558,0.15411257058031366,2.336604276334317,2408
ETS1,BHLHE40,Activation,0.5,B,0.3447375886525156,0.2607659574468318,0.4792279,0.3988225,0.2447611637699846,2.668029082226917,2409
ETS1,ACLY,Activation,0.5,B,0.3447375886525156,0.089418439716315,0.4792279,0.09980003,0.013416290681227237,0.73950709032778,2410
ETS1,ACTB,Activation,0.5,B,0.3447375886525156,0.9780992907797826,0.4792279,14.077445,10.827508294082705,10.741639527115954,2411
ETS1,ACTG1,Activation,0.5,B,0.3447375886525156,0.8925390070919129,0.4792279,5.358395,4.081836252431351,9.77865569804938,2412
ETS1,ACTN1,Activation,0.5,B,0.3447375886525156,0.0786950354609946,0.4792279,0.09117629,0.0067443571778673,0.6188148199738277,2413
ETS1,ACTN4,Activation,0.5,B,0.3447375886525156,0.1493900709219959,0.4792279,0.18570398,0.07987764527632826,1.4144897874924784,2414
ETS1,ADAM10,Activation,0.5,B,0.3447375886525156,0.081531914893619,0.4792279,0.08669395,0.0032765028108003107,0.6507439920251373,2415
ETS1,ARID1B,Activation,0.5,B,0.3447375886525156,0.0580425531914891,0.4792279,0.060878962,-0.016695792657991034,0.3863704474402949,2416
ETS1,ARID3A,Activation,0.5,B,0.3447375886525156,0.0661560283687945,0.4792279,0.07353124,-0.006907098021786349,0.4776878795070362,2417
ETS1,ARPC5L,Activation,0.5,B,0.3447375886525156,0.4028936170213168,0.4792279,0.78652924,0.5447184431040623,4.26768060199756,2418
ETS1,ARID1A,Activation,0.5,B,0.3447375886525156,0.1231205673758935,0.4792279,0.13917673,0.04388088307173914,1.1188256542973458,2419
ETS1,BCL3,Activation,0.5,B,0.3447375886525156,0.1581843971631317,0.4792279,0.1880307,0.08167775997377248,1.5134702208515403,2420
ETS1,BCOR,Activation,0.5,B,0.3447375886525156,0.0500992907801416,0.4792279,0.05361674,-0.02231435980758478,0.29696876569663716,2421
ETS1,BAZ2A,Activation,0.5,B,0.3447375886525156,0.1416170212766049,0.4792279,0.15739103,0.05797275022105588,1.327003856071888,2422
ETS1,ARHGEF3,Activation,0.5,B,0.3447375886525156,0.1404822695035551,0.4792279,0.16266765,0.06205511561733396,1.314232187251364,2423
ETS1,ARHGEF2,Activation,0.5,B,0.3447375886525156,0.1353191489361786,0.4792279,0.15234074,0.05406548967601584,1.2561210941179795,2424
ETS1,AHNAK,Activation,0.5,B,0.3447375886525156,0.0906099290780173,0.4792279,0.104679435,0.017191342537609965,0.7529173425893307,2425
ETS1,ALDOA,Activation,0.5,B,0.3447375886525156,0.894127659574181,0.4792279,4.522123,3.4348372502905384,9.796536034398097,2426
ETS1,ANKRD11,Activation,0.5,B,0.3447375886525156,0.2230354609929266,0.4792279,0.27819344,0.15143401488877814,2.243371093944491,2427
ETS1,ARHGDIA,Activation,0.5,B,0.3447375886525156,0.5201134751773394,0.4792279,1.0280751,0.7315953568250102,5.586993991157476,2428
ETS1,GADD45B,Activation,0.5,B,0.3447375886525156,0.324368794326272,0.4792279,0.7257566,0.49770044245659,3.3838811196172927,2429
ETS1,GALNT10,Activation,0.5,B,0.3447375886525156,0.0535035460992906,0.4792279,0.05821243,-0.018758809885850564,0.3352837721582056,2430
ETS1,NFIC,Activation,0.5,B,0.3447375886525156,0.0821560283687964,0.4792279,0.089360535,0.005339561043197976,0.6577684098764258,2431
NFKB1,ETS1,Activation,0.5,B,0.1794042553191626,0.3447375886525156,0.2344443,0.4792279,0.3069684522679051,3.6131325749456997,2432
ETS1,NFE2L2,Activation,0.5,B,0.3447375886525156,0.2943546099291053,0.4792279,0.37749207,0.2282584386694976,3.0460704793144298,2433
ETS1,NUCB1,Activation,0.5,B,0.3447375886525156,0.3172765957447109,0.4792279,0.409381,0.25292996406953283,3.304058189489017,2434
ETS1,PCBP1,Activation,0.5,B,0.3447375886525156,0.6852198581559209,0.4792279,1.4671031,1.0712583826250814,7.445271804541912,2435
ETS1,NTMT1,Activation,0.5,B,0.3447375886525156,0.1560283687943371,0.4792279,0.1904703,0.08356520660073445,1.489204050092544,2436
ETS1,PDE4B,Activation,0.5,B,0.3447375886525156,0.2248510638298063,0.4792279,0.294705,0.1642085222784649,2.2638057640573304,2437
ETS1,NFATC1,Activation,0.5,B,0.3447375886525156,0.1238014184397233,0.4792279,0.14723408,0.05011461732315408,1.1264886555896594,2438
ETS1,MRPL36,Activation,0.5,B,0.3447375886525156,0.2532765957447033,0.4792279,0.36648366,0.21974155626143305,2.5837360680114587,2439
ETS1,MUS81,Activation,0.5,B,0.3447375886525156,0.1057588652482318,0.4792279,0.11398405,0.02439004896363457,0.9234191213433266,2440
ETS1,MYC,Activation,0.5,B,0.3447375886525156,0.3311205673759182,0.4792279,0.8089884,0.5620944333427895,3.4598725490994107,2441
ETS1,MYH9,Activation,0.5,B,0.3447375886525156,0.2275744680851258,0.4792279,0.27859026,0.15174102282881377,2.2944577692265886,2442
ETS1,NARF,Activation,0.5,B,0.3447375886525156,0.4108368794326653,0.4792279,0.74840283,0.5152211632415157,4.357082283741228,2443
ETS1,NDUFV3,Activation,0.5,B,0.3447375886525156,0.1220992907801487,0.4792279,0.13736103,0.042476129488948994,1.107331152358874,2444
ETS1,NEDD9,Activation,0.5,B,0.3447375886525156,0.2660425531915133,0.4792279,1.1262027,0.8075137892040363,2.727417342242355,2445
ETS1,PDE4D,Activation,0.5,B,0.3447375886525156,0.0920283687943295,0.4792279,0.10337452,0.016181768256899168,0.7688819286149856,2446
ETS1,PREX1,Activation,0.5,B,0.3447375886525156,0.0820425531914914,0.4792279,0.09077906,0.006437032032913991,0.6564912429943731,2447
ETS1,PRKAG2,Activation,0.5,B,0.3447375886525156,0.1046241134751821,0.4792279,0.11318981,0.023775568881244723,0.9106474525228034,2448
ETS1,PRKCH,Activation,0.5,B,0.3447375886525156,0.293617021276623,0.4792279,0.38390365,0.23321888917142278,3.03776889458109,2449
ETS1,PRPF31,Activation,0.5,B,0.3447375886525156,0.1916595744681002,0.4792279,0.241141,0.12276763396620465,1.8902344510570004,2450
ETS1,PTBP1,Activation,0.5,B,0.3447375886525156,0.2332482269503747,0.4792279,0.29986924,0.16820394258049065,2.358316113329209,2451
ETS1,PTMA,Activation,0.5,B,0.3447375886525156,0.9989219858152256,0.4792279,17.166649,13.217534392540394,10.97599964997234,2452
ETS1,PTPRE,Activation,0.5,B,0.3447375886525156,0.107631205673764,0.4792279,0.12896319,0.03597896815849885,0.944492374897192,2453
ETS1,PXN,Activation,0.5,B,0.3447375886525156,0.0882836879432652,0.4792279,0.09452357,0.009334049072234094,0.7267354215072558,2454
ETS1,PNPLA6,Activation,0.5,B,0.3447375886525156,0.0830638297872362,0.4792279,0.09026836,0.0060419184928297755,0.6679857449328448,2455
ETS1,PFKFB3,Activation,0.5,B,0.3447375886525156,0.1428085106383072,0.4792279,0.17549106,0.07197621003881709,1.3404141083334389,2456
ETS1,PFKP,Activation,0.5,B,0.3447375886525156,0.1853049645390214,0.4792279,0.22621883,0.11122279078148059,1.8187131056620653,2457
ETS1,PFN1,Activation,0.5,B,0.3447375886525156,0.9148368794323192,0.4792279,7.1571317,5.473465829906216,10.029618990372432,2458
ETS1,PGS1,Activation,0.5,B,0.3447375886525156,0.1231205673758935,0.4792279,0.14116284,0.045417477849684466,1.1188256542973458,2459
ETS1,PHF12,Activation,0.5,B,0.3447375886525156,0.0773333333333348,0.4792279,0.08124725,-0.0009374484693577916,0.603488817389198,2460
ETS1,PHF19,Activation,0.5,B,0.3447375886525156,0.0656453900709221,0.4792279,0.07063761,-0.00914581427985157,0.47194062853780033,2461
ETS1,PKM,Activation,0.5,B,0.3447375886525156,0.745304964538848,0.4792279,3.349633,2.5277162896221412,8.121531668588002,2462
ETS1,PLEKHO1,Activation,0.5,B,0.3447375886525156,0.1158581560283749,0.4792279,0.13372955,0.03966656042972626,1.0370869738459916,2463
ETS1,MKNK2,Activation,0.5,B,0.3447375886525156,0.1606808510638412,0.4792279,0.18967625,0.08295087351574544,1.5415678922566929,2464
ETS1,MIDN,Activation,0.5,B,0.3447375886525156,0.1112056737588708,0.4792279,0.12867941,0.035759415935265826,0.9847231316818428,2465
ETS1,HOOK2,Activation,0.5,B,0.3447375886525156,0.1095035460992961,0.4792279,0.12050884,0.029438086706352676,0.9655656284510563,2466
ETS1,HPCAL1,Activation,0.5,B,0.3447375886525156,0.2221843971631393,0.4792279,0.27081725,0.14572727405612912,2.2337923423290986,2467
ETS1,HNRNPUL1,Activation,0.5,B,0.3447375886525156,0.2350070921986018,0.4792279,0.28454933,0.15635137967884255,2.3781122000010204,2468
ETS1,IRF2BP2,Activation,0.5,B,0.3447375886525156,0.1414468085106474,0.4792279,0.16244051,0.061879384092965985,1.325088105748809,2469
ETS1,ITGB1,Activation,0.5,B,0.3447375886525156,0.2645673758865486,0.4792279,0.4071064,0.2511701730801543,2.7108141727756734,2470
ETS1,JADE2,Activation,0.5,B,0.3447375886525156,0.1168794326241197,0.4792279,0.1272039,0.03461785733035166,1.0485814757844631,2471
ETS1,JAK1,Activation,0.5,B,0.3447375886525156,0.3397446808510965,0.4792279,0.4575536,0.29019968508198873,3.556937232135393,2472
ETS1,ING1,Activation,0.5,B,0.3447375886525156,0.0683120567375891,0.4792279,0.07216946,-0.0079606670772316,0.5019540502660321,2473
ETS1,HNRNPL,Activation,0.5,B,0.3447375886525156,0.2312056737588851,0.4792279,0.27217963,0.14678130731389286,2.3353271094522654,2474
ETS1,HNRNPF,Activation,0.5,B,0.3447375886525156,0.6651347517729594,0.4792279,1.4080898,1.0256015314892828,7.2192132664188575,2475
ETS1,HMGN4,Activation,0.5,B,0.3447375886525156,0.0558297872340423,0.4792279,0.059233595,-0.01796876461825686,0.36146569324027605,2476
ETS1,GATA3,Activation,0.5,B,0.3447375886525156,0.1499574468085208,0.4792279,0.19773243,0.08918370257263934,1.4208756219027405,2477
GATA3,ETS1,Activation,0.5,B,0.1499574468085208,0.3447375886525156,0.19773243,0.4792279,0.3069684522679051,3.6131325749456997,2478
ETS1,GATAD2A,Activation,0.5,B,0.3447375886525156,0.086865248226953,0.4792279,0.09554482,0.01012416010182292,0.7107708354816009,2479
ETS1,GPAA1,Activation,0.5,B,0.3447375886525156,0.1456453900709316,0.4792279,0.17310841,0.0701328239485847,1.3723432803847486,2480
ETS1,GPR137,Activation,0.5,B,0.3447375886525156,0.1182978723404319,0.4792279,0.13424006,0.04006152697240962,1.0645460618101181,2481
ETS1,GRAMD1A,Activation,0.5,B,0.3447375886525156,0.2376170212766163,0.4792279,0.30304682,0.17066234258577914,2.407487038288226,2482
ETS1,HDAC7,Activation,0.5,B,0.3447375886525156,0.133617021276604,0.4792279,0.15614262,0.057006892193688465,1.2369635908871939,2483
ETS1,HDGF,Activation,0.5,B,0.3447375886525156,0.16703546099292,0.4792279,0.22315396,0.10885159118171961,1.6130892376516281,2484
ETS1,HIVEP2,Activation,0.5,B,0.3447375886525156,0.0883404255319177,0.4792279,0.09662283,0.010958184670740473,0.7273740049482821,2485
ETS1,HK1,Activation,0.5,B,0.3447375886525156,0.1603404255319263,0.4792279,0.19778964,0.08922796426370694,1.537736391610536,2486
ETS1,JMJD1C,Activation,0.5,B,0.3447375886525156,0.1805390070922124,0.4792279,0.20919608,0.09805279075314945,1.765072096615865,2487
ETS1,LRRFIP1,Activation,0.5,B,0.3447375886525156,0.510241134751816,0.4792279,0.9138631,0.6432328981602378,5.475880472419025,2488
ETS1,LTBP4,Activation,0.5,B,0.3447375886525156,0.0600851063829785,0.4792279,0.06388598,-0.014369351445778427,0.40935945131723606,2489
ETS1,MACF1,Activation,0.5,B,0.3447375886525156,0.1480283687943362,0.4792279,0.17027107,0.06793765760469872,1.3991637849078498,2490
ETS1,MAD1L1,Activation,0.5,B,0.3447375886525156,0.1109787234042608,0.4792279,0.12153003,0.030228151315709648,0.9821687979177375,2491
ETS1,MAP3K11,Activation,0.5,B,0.3447375886525156,0.1038297872340472,0.4792279,0.11579969,0.025794756126192853,0.901707284348436,2492
ETS1,MED15,Activation,0.5,B,0.3447375886525156,0.0992907801418481,0.4792279,0.10734593,0.019254331139659863,0.8506206090663397,2493
ETS1,MGAT1,Activation,0.5,B,0.3447375886525156,0.2746666666666916,0.4792279,0.35150403,0.20815225796800868,2.824482025278337,2494
ETS1,MAT2A,Activation,0.5,B,0.3447375886525156,0.198127659574484,0.4792279,0.25776556,0.1356295661258729,1.9630329633339885,2495
ETS1,LMNA,Activation,0.5,B,0.3447375886525156,0.0547517730496452,0.4792279,0.08941786,0.005383911706376607,0.3493326078607803,2496
ETS1,LEMD2,Activation,0.5,B,0.3447375886525156,0.0903829787234073,0.4792279,0.09639582,0.010782553723541482,0.7503630088252253,2497
ETS1,KCNAB2,Activation,0.5,B,0.3447375886525156,0.1816170212766097,0.4792279,0.21850164,0.10525222829782564,1.777205181995363,2498
ETS1,KDM2B,Activation,0.5,B,0.3447375886525156,0.0940141843971666,0.4792279,0.10110499,0.014425899777111926,0.7912323490509026,2499
ETS1,KDM6B,Activation,0.5,B,0.3447375886525156,0.1357730496453985,0.4792279,0.16505075,0.0638988498593052,1.2612297616461887,2500
ETS1,KLC1,Activation,0.5,B,0.3447375886525156,0.0826666666666688,0.4792279,0.08856623,0.004725030672223622,0.6635156608456617,2501
ETS1,KLF10,Activation,0.5,B,0.3447375886525156,0.0508936170212764,0.4792279,0.056850698,-0.019812341805110347,0.3059089338710035,2502
ETS1,KLF6,Activation,0.5,B,0.3447375886525156,0.435177304964583,0.4792279,0.71231955,0.4873045928505812,4.631034579941469,2503
ETS1,KMT2A,Activation,0.5,B,0.3447375886525156,0.2358581560283892,0.4792279,0.28335768,0.15542943519080388,2.387690951616414,2504
ETS1,KPNB1,Activation,0.5,B,0.3447375886525156,0.3961985815603231,0.4792279,0.61029977,0.4083748955049505,4.192327755956467,2505
ETS1,LASP1,Activation,0.5,B,0.3447375886525156,0.1542127659574575,0.4792279,0.17588837,0.07228359707741285,1.4687693799797061,2506
ETS1,LDLR,Activation,0.5,B,0.3447375886525156,0.0564539007092196,0.4792279,0.06382932,-0.014413187618054072,0.3684901110915634,2507
ETS1,RALGDS,Activation,0.5,B,0.3447375886525156,0.0943546099290816,0.4792279,0.103601396,0.016357295532247018,0.7950638496970605,2508
FOSL2,NDRG1,Activation,0.5,B,0.1446241134751868,0.0555460992907799,0.20397396,0.059233632,-0.01796873599244722,0.3582727760351455,2509
FOSL2,TGIF1,Activation,0.5,B,0.1446241134751868,0.1711205673758992,0.20397396,0.21044351,0.09901789058339668,1.6590672454055149,2510
ETS1,VASP,Activation,0.5,B,0.3447375886525156,0.275517730496479,0.4792279,0.43519446,0.27290107736975305,2.8340607768937307,2511
ETS1,VGLL4,Activation,0.5,B,0.3447375886525156,0.0882269503546127,0.4792279,0.09401291,0.008938966478971105,0.7260968380662294,2512
ETS1,VRK3,Activation,0.5,B,0.3447375886525156,0.1234609929078084,0.4792279,0.13560197,0.04111519660502388,1.1226571549435027,2513
ETS1,WDR1,Activation,0.5,B,0.3447375886525156,0.345134751773083,0.4792279,0.5282498,0.3448952516621772,3.617602659032883,2514
ETS1,WDR37,Activation,0.5,B,0.3447375886525156,0.0684255319148941,0.4792279,0.07103471,-0.008838589712067265,0.5032312171480848,2515
ETS1,WNK1,Activation,0.5,B,0.3447375886525156,0.1596595744680964,0.4792279,0.18405895,0.07860493404303132,1.530073390318221,2516
ETS1,UTRN,Activation,0.5,B,0.3447375886525156,0.0549219858156026,0.4792279,0.058098894,-0.018846649343236516,0.35124835818385813,2517
ETS1,YY1,Activation,0.5,B,0.3447375886525156,0.2540141843971856,0.4792279,0.3112751,0.17702832034102534,2.5920376527447986,2518
ETS1,ZBTB38,Activation,0.5,B,0.3447375886525156,0.0773900709219873,0.4792279,0.08606994,0.0027937246628700987,0.6041274008302243,2519
ETS1,ZBTB7B,Activation,0.5,B,0.3447375886525156,0.0558865248226948,0.4792279,0.06144636,-0.016256813546150998,0.3621042766813024,2520
ETS1,ZFP36,Activation,0.5,B,0.3447375886525156,0.4287659574468518,0.4792279,0.7166857,0.4906825544386735,4.5588746511055085,2521
ETS1,ZFP36L1,Activation,0.5,B,0.3447375886525156,0.2788085106383233,0.4792279,0.40438458,0.24906438115598745,2.8710986164732497,2522
ETS1,ZFP36L2,Activation,0.5,B,0.3447375886525156,0.6540709219857349,0.4792279,1.8106526,1.3370525066492929,7.094689495418869,2523
ETS1,USP39,Activation,0.5,B,0.3447375886525156,0.0801702127659593,0.4792279,0.08663723,0.003232620218292809,0.6354179894405089,2524
ETS1,UBE2D3,Activation,0.5,B,0.3447375886525156,0.7925106382976727,0.4792279,2.4079592,1.79917102092709,8.652833091521284,2525
ETS1,TRIM8,Activation,0.5,B,0.3447375886525156,0.0537304964539005,0.4792279,0.055999625,-0.020470791904777668,0.33783810592230984,2526
ETS1,TSPAN14,Activation,0.5,B,0.3447375886525156,0.1495602836879534,0.4792279,0.16607258,0.0646894096178019,1.4164055378155573,2527
ETS1,TUBB4B,Activation,0.5,B,0.3447375886525156,0.2537872340425757,0.4792279,0.4662283,0.2969110448355987,2.5894833189806947,2528
ETS1,TXNRD1,Activation,0.5,B,0.3447375886525156,0.0813617021276616,0.4792279,0.09389953,0.008851247714187958,0.6488282417020594,2529
ETS1,UBAC1,Activation,0.5,B,0.3447375886525156,0.0846524822695059,0.4792279,0.095317855,0.009948563969797828,0.6858660812815787,2530
ETS1,UBAP2L,Activation,0.5,B,0.3447375886525156,0.1007659574468128,0.4792279,0.11279266,0.023468305629933878,0.8672237785330209,2531
ETS1,UBC,Activation,0.5,B,0.3447375886525156,0.6899290780140729,0.4792279,1.4671006,1.0712564484487543,7.498274230147036,2532
ETS1,TUBA1C,Activation,0.5,B,0.3447375886525156,0.1837730496454042,0.4792279,0.30815104,0.17461132718254574,1.8014713527543578,2533
ETS1,ZNF131,Activation,0.5,B,0.3447375886525156,0.1502411347517832,0.4792279,0.16720736,0.06556735546275348,1.424068539107871,2534
ETS1,ZNF263,Activation,0.5,B,0.3447375886525156,0.0664964539007094,0.4792279,0.06978653,-0.009804269795212608,0.4815193801531931,2535
FLI1,CCND3,Activation,0.5,B,0.1251631205673831,0.3673758865248587,0.13645296,0.70402706,0.4808889377105518,3.8679273679151556,2536
ETS1,TPR,Activation,0.5,B,0.3447375886525156,0.355460992907836,0.4792279,0.6148327,0.4118818898641711,3.7338248452996528,2537
ETS1,SGK1,Activation,0.5,B,0.3447375886525156,0.0536170212765955,0.4792279,0.066552736,-0.012306160915719988,0.3365609390402571,2538
ETS1,SH3BP2,Activation,0.5,B,0.3447375886525156,0.0546950354609927,0.4792279,0.059290387,-0.01792482632147115,0.34869402441975395,2539
ETS1,SH3GL1,Activation,0.5,B,0.3447375886525156,0.0793758865248245,0.4792279,0.08516206,0.002091324661359105,0.6264778212661425,2540
ETS1,SHC1,Activation,0.5,B,0.3447375886525156,0.0537304964539005,0.4792279,0.05662374,-0.019987932521441727,0.33783810592230984,2541
ETS1,SIN3A,Activation,0.5,B,0.3447375886525156,0.1037163120567422,0.4792279,0.11160117,0.022546484929180103,0.9004301174663832,2542
ETS1,SETD5,Activation,0.5,B,0.3447375886525156,0.1659574468085227,0.4792279,0.18945007,0.08277588471508704,1.6009561522721303,2543
ETS1,SLC38A2,Activation,0.5,B,0.3447375886525156,0.1652765957446928,0.4792279,0.1908113,0.08382902825174035,1.5932931509798154,2544
ETS1,SLC3A2,Activation,0.5,B,0.3447375886525156,0.2679716312056979,0.4792279,0.3923556,0.23975791381429506,2.749129179237245,2545
ETS1,SMAD3,Activation,0.5,B,0.3447375886525156,0.0575886524822693,0.4792279,0.06116265,-0.016476311612446854,0.38126177991208654,2546
SMAD4,ETS1,Activation,0.5,B,0.0519716312056735,0.3447375886525156,0.0537869,0.4792279,0.3069684522679051,3.6131325749456997,2547
ETS1,SLC25A37,Activation,0.5,B,0.3447375886525156,0.0868085106383005,0.4792279,0.09736044,0.011528851790970596,0.7101322520405746,2548
ETS1,SEPTIN9,Activation,0.5,B,0.3447375886525156,0.3411631205674088,0.4792279,0.47633517,0.3047304323133176,3.572901818161049,2549
ETS1,RASA3,Activation,0.5,B,0.3447375886525156,0.0903829787234073,0.4792279,0.0998,0.013416267471111314,0.7503630088252253,2550
ETS1,RBM39,Activation,0.5,B,0.3447375886525156,0.5327092198581797,0.4792279,0.8822062,0.6187408875334662,5.728759515065154,2551
ETS1,RERE,Activation,0.5,B,0.3447375886525156,0.0796595744680869,0.4792279,0.085218854,0.002135264505485878,0.629670738471273,2552
ETS1,RHOF,Activation,0.5,B,0.3447375886525156,0.2555460992908028,0.4792279,0.3487228,0.20600050227760638,2.609279405652506,2553
ETS1,RNF213,Activation,0.5,B,0.3447375886525156,0.5693049645389993,0.4792279,1.2765473,0.9238309756903228,6.140645834526653,2554
ETS1,RNF220,Activation,0.5,B,0.3447375886525156,0.0858439716312082,0.4792279,0.09231081,0.007622101868480875,0.6992763335431292,2555
ETS1,RSRC2,Activation,0.5,B,0.3447375886525156,0.3455319148936504,0.4792279,0.46737075,0.2977949247335216,3.622072743120067,2557
ETS1,SAP30BP,Activation,0.5,B,0.3447375886525156,0.1362269503546185,0.4792279,0.15183042,0.053670670130733324,1.2663384291743993,2558
ETS1,SEC14L1,Activation,0.5,B,0.3447375886525156,0.0685390070921991,0.4792279,0.075063124,-0.005721924514368337,0.5045083840301374,2559
ETS1,TGIF1,Activation,0.5,B,0.3447375886525156,0.1711205673758992,0.4792279,0.21044351,0.09901789058339668,1.6590672454055149,2560
ETS1,TGIF2,Activation,0.5,B,0.3447375886525156,0.0881702127659602,0.4792279,0.095544845,0.010124179443586189,0.7254582546252031,2561
ETS1,THOC6,Activation,0.5,B,0.3447375886525156,0.1371914893617108,0.4792279,0.17356203,0.07048377637477035,1.2771943476718448,2562
ETS1,TLE3,Activation,0.5,B,0.3447375886525156,0.0852765957446833,0.4792279,0.09605551,0.01051926590520183,0.692890499132867,2563
ETS1,TLN1,Activation,0.5,B,0.3447375886525156,0.1769078014184531,0.4792279,0.21407509,0.10182753700967251,1.724202756390188,2564
ETS1,TFAP4,Activation,0.5,B,0.3447375886525156,0.0650780141843972,0.4792279,0.0720561,-0.00804837036860413,0.46555479412753814,2565
ETS1,TNFRSF1A,Activation,0.5,B,0.3447375886525156,0.0961702127659612,0.4792279,0.10615457,0.018332611016075095,0.8154985198098985,2567
ETS1,TPM4,Activation,0.5,B,0.3447375886525156,0.3198865248227254,0.4792279,0.7190607,0.4925200219493452,3.3334330277762225,2568
ETS1,TBC1D14,Activation,0.5,B,0.3447375886525156,0.0616170212765955,0.4792279,0.06519092,-0.013359757823304357,0.42660120422494124,2569
ETS1,SPTAN1,Activation,0.5,B,0.3447375886525156,0.110070921985821,0.4792279,0.12028184,0.029262463495859002,0.9719514628613184,2570
ETS1,SREBF1,Activation,0.5,B,0.3447375886525156,0.0503262411347516,0.4792279,0.05214155,-0.023455670837929102,0.29952309946074246,2571
ETS1,SSBP3,Activation,0.5,B,0.3447375886525156,0.0504397163120565,0.4792279,0.054127358,-0.021919309708484085,0.300800266342794,2572
ETS1,SSBP4,Activation,0.5,B,0.3447375886525156,0.2426666666666878,0.4792279,0.32058045,0.18422759541489006,2.464320964539558,2573
ETS1,ST3GAL1,Activation,0.5,B,0.3447375886525156,0.2180992907801601,0.4792279,0.26190862,0.13883492955524696,2.187814334575212,2574
ETS1,ST3GAL2,Activation,0.5,B,0.3447375886525156,0.0825531914893638,0.4792279,0.08737477,0.003803233181585782,0.662238493963609,2575
ETS1,STAT3,Activation,0.5,B,0.3447375886525156,0.4604822695035931,0.4792279,0.69830936,0.47646532171654443,4.915842794639156,2576
ETS1,STK10,Activation,0.5,B,0.3447375886525156,0.1555177304964647,0.4792279,0.17566167,0.07210820596807842,1.4834567991233083,2577
ETS1,STK40,Activation,0.5,B,0.3447375886525156,0.0777304964539023,0.4792279,0.088169195,0.0044178563930238265,0.6079589014763823,2578
ETS1,TACC1,Activation,0.5,B,0.3447375886525156,0.1445106382978818,0.4792279,0.16448346,0.06345995430388249,1.3595716115642242,2579
ETS1,RAPGEF1,Activation,0.5,B,0.3447375886525156,0.0653617021276597,0.4792279,0.07018377,-0.009496936913553983,0.4687477113326698,2580
