tf,target,mode,source_db,weight,confidence,tf_detection_rate,target_detection_rate,tf_mean_counts,target_mean_counts,target_z_mean_counts,target_z_detection_rate,edge_id_original
AATF,BAX,Repression,TRRUST,,,0.112845646517821,0.3966842137109219,0.12373538,0.62054837,0.7024862880941252,5.105167957134004,0
AATF,MYC,Activation,TRRUST,,,0.112845646517821,0.285230229321708,0.12373538,0.60675657,0.6854629191836673,3.6029672870455456,1
AATF,TP53,Unknown,TRRUST,,,0.112845646517821,0.1242209717432105,0.12373538,0.14055775,0.11002863950442551,1.4328500323745565,2
AHR,MT2A,Unknown,TRRUST,,,0.0503418648272515,0.3423488836449533,0.054092813,0.90594697,1.0547568876045745,4.372824742291748,3
AHR,MYC,Activation,DoRothEA_AB,1.0,A,0.0503418648272515,0.285230229321708,0.054092813,0.60675657,0.6854629191836673,3.6029672870455456,4
AHR,PCNA,Activation,TRRUST,,,0.0503418648272515,0.0808979246082165,0.054092813,0.09172769,0.04975716476582758,0.8489327252176124,5
AIP,AHR,Activation,TRRUST,,,0.234948871543519,0.0503418648272515,0.28226933,0.054092813,0.0033040263016164027,0.4370916077396197,6
AIP,NFKB2,Repression,TRRUST,,,0.234948871543519,0.2034852060264915,0.28226933,0.25389338,0.24992004165564302,2.501190356921235,7
AIP,RSF1,Repression,TRRUST,,,0.234948871543519,0.1530223271011051,0.28226933,0.17250818,0.149465403142077,1.821040867858695,8
APBB1,GMPS,Repression,TRRUST,,,0.0523385974466016,0.0684334724995451,0.054758344,0.07170006,0.02503684298823841,0.6809341703651963,9
APEX1,NFKB1,Activation,TRRUST,,,0.2256912930356244,0.1009257578507906,0.2778519,0.11804789,0.08224447421035508,1.1188721507329042,10
APEX1,RELA,Activation,TRRUST,,,0.2256912930356244,0.1190173655230855,0.2778519,0.13057321,0.09770461306688845,1.3627147133584987,11
ARID1A,SMAD3,Unknown,TRRUST,,,0.0880377563986206,0.0641979790645596,0.093784824,0.069158815,0.021900156614679006,0.6238472827939859,12
ASH1L,TGFB1,Unknown,TRRUST,,,0.1496339323531175,0.239910449567358,0.16530736,0.3166334,0.32736073147927064,2.992137590033525,13
ASH1L,TIMP1,Unknown,TRRUST,,,0.1496339323531175,0.1207115628970797,0.16530736,0.16573028,0.14109936737167775,1.3855494683869827,14
ATF1,BCL2,Activation,DoRothEA_AB,1.0,A,0.1066134204634853,0.1349307194288143,0.11586958,0.15768246,0.13116585551789783,1.577198305233156,15
ATF1,GOLPH3,Activation,DoRothEA_AB,0.5,B,0.1066134204634853,0.0736370787196701,0.11586958,0.07720613,0.03183304514146026,0.7510694893812541,17
ATF1,LDHA,Activation,DoRothEA_AB,1.0,A,0.1066134204634853,0.6299388878805309,0.11586958,1.7660505,2.1163920398237996,8.249024408377766,18
ATF1,MAP1LC3B,Activation,DoRothEA_AB,1.0,A,0.1066134204634853,0.2425727597264911,0.11586958,0.29400688,0.29943257147696106,3.0280207765068488,19
ATF1,SLC20A1,Activation,DoRothEA_AB,1.0,A,0.1066134204634853,0.0536697525261683,0.11586958,0.05578694,0.005395105704027067,0.48194559083127964,20
ATF1,STAT3,Activation,DoRothEA_AB,0.5,B,0.1066134204634853,0.2711320868881103,0.11586958,0.33920252,0.35521804203658686,3.412949504129904,21
ATF1,TFRC,Activation,DoRothEA_AB,0.5,B,0.1066134204634853,0.0755733042899491,0.11586958,0.08954951,0.047068613474960455,0.7771663522709492,22
ATF1,TSPAN31,Activation,DoRothEA_AB,0.5,B,0.1066134204634853,0.0559690203908744,0.11586958,0.059054285,0.009428025213644381,0.5129356155127897,23
ATF1,UBE2D3,Activation,DoRothEA_AB,0.5,B,0.1066134204634853,0.6340533672173748,0.11586958,1.3250837,1.5721019171665602,8.304480242018382,24
ATF1,USP7,Unknown,TRRUST,,,0.1066134204634853,0.0568766261269426,0.11586958,0.059780363,0.010324231194862754,0.525168519992333,25
ATF2,BCL2,Activation,DoRothEA_AB,0.5,B,0.0551219217038774,0.1349307194288143,0.058025673,0.15768246,0.13116585551789783,1.577198305233156,26
ATF2,FAS,Unknown,TRRUST,,,0.0551219217038774,0.1361408604102384,0.058025673,0.1684531,0.14446017374479603,1.5935088445392116,27
ATF2,IMPDH2,Activation,DoRothEA_AB,1.0,A,0.0551219217038774,0.3172989653294623,0.058025673,0.43904087,0.47844960452019425,4.035196578656231,28
ATF2,JUN,Activation,DoRothEA_AB,1.0,A,0.0551219217038774,0.0778120651055843,0.058025673,0.09759687,0.05700155754573169,0.8073408499871605,29
ATF2,KAT5,Repression,TRRUST,,,0.0551219217038774,0.0839837841108488,0.058025673,0.0887023,0.04602289294720997,0.8905246004480657,30
ATF2,PCK2,Activation,DoRothEA_AB,1.0,A,0.0551219217038774,0.0575422036667259,0.058025673,0.06214012,0.01323690495391055,0.5341393166106644,31
ATF2,RB1,Activation,DoRothEA_AB,1.0,A,0.0551219217038774,0.0703091910207529,0.058025673,0.07424133,0.028173560219570026,0.7062155062895887,32
ATF2,RELA,Activation,TRRUST,,,0.0551219217038774,0.1190173655230855,0.058025673,0.13057321,0.09770461306688845,1.3627147133584987,33
ATF4,ATG5,Activation,TRRUST,,,0.3981363828886315,0.0869486295153386,0.6284688,0.09384535,0.05237101556172951,0.9304854217479124,34
ATF4,CEBPB,Activation,DoRothEA_AB,1.0,A,0.3981363828886315,0.3387789677497505,0.6284688,0.49331647,0.5454425685739399,4.32470865133886,35
ATF4,CEBPG,Activation,DoRothEA_AB,0.5,B,0.3981363828886315,0.1423125794155015,0.6284688,0.16675922,0.1423693992171748,1.676692595000098,36
ATF4,DCUN1D5,Activation,DoRothEA_AB,0.5,B,0.3981363828886315,0.1161735342167381,0.6284688,0.14503567,0.1155557849177521,1.3243849459892574,37
ATF4,DDIT3,Activation,DoRothEA_AB,1.0,A,0.3981363828886315,0.0657711623404114,0.6284688,0.070489965,0.023543209553755568,0.6450509838918648,38
ATF4,DDIT4,Activation,DoRothEA_AB,1.0,A,0.3981363828886315,0.2307738851576057,0.6284688,0.42887402,0.46590055086459536,2.8689930182728003,39
ATF4,HSPA5,Repression,TRRUST,,,0.3981363828886315,0.2177043625582251,0.6284688,0.29557768,0.30137142702043956,2.692839193767395,40
ATF4,IRF7,Repression,TRRUST,,,0.3981363828886315,0.1204695347007948,0.6284688,0.13408288,0.10203663696253418,1.3822873605257704,41
ATF4,MAP1LC3B,Activation,TRRUST,,,0.3981363828886315,0.2425727597264911,0.6284688,0.29400688,0.29943257147696106,3.0280207765068488,42
ATF4,MCL1,Activation,DoRothEA_AB,1.0,A,0.3981363828886315,0.2454165910328378,0.6284688,0.30060118,0.30757198776825245,3.0663505438760805,43
ATF4,PCK2,Activation,DoRothEA_AB,0.5,B,0.3981363828886315,0.0575422036667259,0.6284688,0.06214012,0.01323690495391055,0.5341393166106644,44
ATF4,RSL24D1,Activation,DoRothEA_AB,0.5,B,0.3981363828886315,0.6316330852545254,0.6284688,1.337848,1.5878570316392002,8.271859163406255,45
ATF4,SHMT2,Activation,DoRothEA_AB,0.5,B,0.3981363828886315,0.1498759605494023,0.6284688,0.19090298,0.17217030507178097,1.778633465662948,46
ATF4,SIGMAR1,Activation,TRRUST,,,0.3981363828886315,0.0724269377382456,0.6284688,0.07938437,0.034521670490980684,0.7347589500751931,47
ATF4,SIRT2,Repression,TRRUST,,,0.3981363828886315,0.0716403461003198,0.6284688,0.075148925,0.029293814610315775,0.7241570995262552,48
ATF4,STK40,Activation,DoRothEA_AB,0.5,B,0.3981363828886315,0.0735765716705988,0.6284688,0.07817424,0.03302799385561675,0.7502539624159502,49
ATF4,TIMM44,Activation,DoRothEA_AB,0.5,B,0.3981363828886315,0.1558661584074518,0.6284688,0.19132687,0.17269351711425943,1.8593706352279264,50
ATF6,CALR,Activation,DoRothEA_AB,1.0,A,0.0647425425062006,0.4536818539360248,0.0690378,0.78995454,0.91158616828509,5.8733943584496,51
ATF6,DDIT3,Activation,DoRothEA_AB,1.0,A,0.0647425425062006,0.0657711623404114,0.0690378,0.070489965,0.023543209553755568,0.6450509838918648,52
ATF6,DNAJC3,Activation,DoRothEA_AB,1.0,A,0.0647425425062006,0.0996551098202949,0.0690378,0.11084761,0.07335709020691884,1.1017460844615405,53
ATF6,HSP90B1,Activation,DoRothEA_AB,1.0,A,0.0647425425062006,0.3081018938706346,0.0690378,0.43093297,0.4684419352682401,3.911236479930147,54
ATF6,HSPA5,Activation,DoRothEA_AB,1.0,A,0.0647425425062006,0.2177043625582251,0.0690378,0.29557768,0.30137142702043956,2.692839193767395,55
ATF6,NUCB1,Activation,TRRUST,,,0.0647425425062006,0.2023960791432098,0.0690378,0.23616582,0.22803872132310649,2.486510871545785,56
ATF6,RTN3,Activation,DoRothEA_AB,1.0,A,0.0647425425062006,0.0878562352514069,0.0690378,0.09287723,0.05117605450446416,0.9427183262274571,57
ATF6,XBP1,Activation,DoRothEA_AB,1.0,A,0.0647425425062006,0.3586252798451154,0.0690378,0.54855305,0.6136216807052078,4.592201495958303,58
ATM,BAX,Activation,TRRUST,,,0.1861196829430552,0.3966842137109219,0.22999327,0.62054837,0.7024862880941252,5.105167957134004,59
ATM,BCL2,Repression,TRRUST,,,0.1861196829430552,0.1349307194288143,0.22999327,0.15768246,0.13116585551789783,1.577198305233156,60
ATM,CFLAR,Activation,TRRUST,,,0.1861196829430552,0.2315604767955314,0.22999327,0.3248015,0.33744270624670575,2.879594868821737,61
ATM,FAS,Activation,TRRUST,,,0.1861196829430552,0.1361408604102384,0.22999327,0.1684531,0.14446017374479603,1.5935088445392116,62
ATM,MCL1,Activation,TRRUST,,,0.1861196829430552,0.2454165910328378,0.22999327,0.30060118,0.30757198776825245,3.0663505438760805,63
ATM,PCNA,Unknown,TRRUST,,,0.1861196829430552,0.0808979246082165,0.22999327,0.09172769,0.04975716476582758,0.8489327252176124,64
ATM,PMAIP1,Repression,TRRUST,,,0.1861196829430552,0.2311974345011042,0.22999327,0.36165032,0.382925605996924,2.874701707029921,65
ATM,TERF1,Repression,TRRUST,,,0.1861196829430552,0.1082471107884082,0.22999327,0.11617211,0.07992917853213624,1.2175509135345652,66
BATF,CD2,Unknown,TRRUST,,,0.3879711986446642,0.547407272947367,0.82535464,1.0549258,1.2386430796127528,7.136645627704227,67
BCL3,CTCF,Repression,TRRUST,,,0.0808374175591453,0.0899134749198284,0.09009399,0.09681015,0.056030500483619745,0.9704462430477588,68
BCL3,NFKB1,Repression,TRRUST,,,0.0808374175591453,0.1009257578507906,0.09009399,0.11804789,0.08224447421035508,1.1188721507329042,69
BCL3,RELA,Unknown,TRRUST,,,0.0808374175591453,0.1190173655230855,0.09009399,0.13057321,0.09770461306688845,1.3627147133584987,70
BDP1,MYC,Unknown,TRRUST,,,0.1300901555031177,0.285230229321708,0.14642745,0.60675657,0.6854629191836673,3.6029672870455456,71
BDP1,RB1,Unknown,TRRUST,,,0.1300901555031177,0.0703091910207529,0.14642745,0.07424133,0.028173560219570026,0.7062155062895887,72
BDP1,TP53,Unknown,TRRUST,,,0.1300901555031177,0.1242209717432105,0.14642745,0.14055775,0.11002863950442551,1.4328500323745565,73
BIN1,MYC,Unknown,TRRUST,,,0.202759121437637,0.285230229321708,0.24258013,0.60675657,0.6854629191836673,3.6029672870455456,74
BRD7,BRD2,Activation,TRRUST,,,0.1527802989048202,0.2140134325648815,0.17335519,0.24978086,0.24484391344093306,2.643092048883924,75
BRD7,BRD3,Activation,TRRUST,,,0.1527802989048202,0.0867066013190537,0.17335519,0.09317976,0.051549470577527914,0.9272233138867,76
BTF3,ATM,Activation,TRRUST,,,0.9348944151995529,0.1861196829430552,4.0225616,0.22999327,0.22041987564899237,2.2671341178793303,77
BTF3,NFKB1,Repression,TRRUST,,,0.9348944151995529,0.1009257578507906,4.0225616,0.11804789,0.08224447421035508,1.1188721507329042,78
BTF3,RRAS2,Repression,TRRUST,,,0.9348944151995529,0.0562110485871592,4.0225616,0.060930006,0.011743248067520824,0.5161977233740005,79
BTG2,HRAS,Repression,TRRUST,,,0.2218793489441383,0.1026199552247847,0.2846291,0.11544608,0.07903303179784053,1.1417069057613871,80
CBFB,RUNX1,Unknown,TRRUST,,,0.2056634597930549,0.0726084588854593,0.26381493,0.07835578,0.03325207065429455,0.7372055309711026,81
CBFB,RUNX3,Unknown,TRRUST,,,0.2056634597930549,0.2065105584800518,0.26381493,0.26786903,0.26717033862293094,2.541966705186375,82
CDC5L,PLRG1,Unknown,TRRUST,,,0.0843468264052761,0.0932413626187455,0.09057801,0.09856482,0.058196308770146025,1.015300226139423,83
CEBPB,BCL2L1,Activation,DoRothEA_AB,1.0,A,0.3387789677497505,0.0949355599927397,0.49331647,0.11435707,0.07768885489727803,1.0381349811679073,84
CEBPB,DDIT3,Unknown,TRRUST,,,0.3387789677497505,0.0657711623404114,0.49331647,0.070489965,0.023543209553755568,0.6450509838918648,85
CEBPB,FURIN,Activation,DoRothEA_AB,1.0,A,0.3387789677497505,0.0522780903975303,0.49331647,0.06740429,0.01973452730323155,0.46318847062931195,86
CEBPB,GFER,Repression,DoRothEA_AB,-1.0,A,0.3387789677497505,0.1020753917831437,0.49331647,0.11096858,0.07350640479508704,1.13436716307366,87
CEBPB,HSF1,Unknown,TRRUST,,,0.3387789677497505,0.1569552852907335,0.49331647,0.17625993,0.15409622901758352,1.8740501206033766,88
CEBPB,IRF4,Activation,TRRUST,,,0.3387789677497505,0.1371694802444489,0.49331647,0.2156511,0.20271717905489284,1.607372802949359,89
CEBPB,MAD1L1,Activation,DoRothEA_AB,0.5,B,0.3387789677497505,0.0770254734676584,0.49331647,0.082167655,0.03795710947196533,0.796738999438221,90
CEBPB,PCK2,Activation,TRRUST,,,0.3387789677497505,0.0575422036667259,0.49331647,0.06214012,0.01323690495391055,0.5341393166106644,91
CEBPB,PRDM1,Activation,TRRUST,,,0.3387789677497505,0.1087916742300492,0.49331647,0.15743995,0.13086652278435507,1.2248906562222925,92
CEBPB,SMAD3,Activation,DoRothEA_AB,0.5,B,0.3387789677497505,0.0641979790645596,0.49331647,0.069158815,0.021900156614679006,0.6238472827939859,93
CEBPB,TOP1,Activation,DoRothEA_AB,1.0,A,0.3387789677497505,0.1654262721607025,0.49331647,0.20633323,0.19121603065731682,1.9882238957457703,94
CEBPB,XBP1,Activation,DoRothEA_AB,1.0,A,0.3387789677497505,0.3586252798451154,0.49331647,0.54855305,0.6136216807052078,4.592201495958303,95
CNBP,MYC,Unknown,TRRUST,,,0.5197555515218129,0.285230229321708,0.89196014,0.60675657,0.6854629191836673,3.6029672870455456,97
COPS5,CDKN1B,Repression,TRRUST,,,0.1126036183215361,0.1297271132086905,0.12204121,0.14558037,0.11622811405865656,1.507062986217114,98
CREB1,AQP3,Activation,DoRothEA_AB,1.0,A,0.1104858716040434,0.1709324136261823,0.12131515,0.25346768,0.24939459551045656,2.062436849588326,99
CREB1,BCL2,Activation,DoRothEA_AB,1.0,A,0.1104858716040434,0.1349307194288143,0.12131515,0.15768246,0.13116585551789783,1.577198305233156,100
CREB1,CASP8,Activation,TRRUST,,,0.1104858716040434,0.1558056513583806,0.12131515,0.17607825,0.1538719794153813,1.8585551082626235,101
CREB1,CD4,Activation,DoRothEA_AB,1.0,A,0.1104858716040434,0.0900344890179708,0.12131515,0.09783875,0.057300112663414775,0.9720772969783643,103
CREB1,CD74,Activation,DoRothEA_AB,0.5,B,0.1104858716040434,0.5118896351425524,0.12131515,1.0257558,1.2026382309984998,6.65793129907126,104
CREB1,CXCR4,Activation,DoRothEA_AB,1.0,A,0.1104858716040434,0.5044472681067905,0.12131515,0.9950035,1.1646803322655517,6.557621482338969,105
CREB1,JUN,Repression,DoRothEA_AB,-1.0,A,0.1104858716040434,0.0778120651055843,0.12131515,0.09759687,0.05700155754573169,0.8073408499871605,106
CREB1,NOLC1,Activation,DoRothEA_AB,1.0,A,0.1104858716040434,0.1394687481091548,0.12131515,0.1817053,0.16081750849988022,1.6383628276308664,107
CREB1,ODC1,Activation,DoRothEA_AB,1.0,A,0.1104858716040434,0.2060870091365534,0.12131515,0.43631718,0.47508772429660306,2.536258016429256,108
CREB1,PCK2,Activation,DoRothEA_AB,1.0,A,0.1104858716040434,0.0575422036667259,0.12131515,0.06214012,0.01323690495391055,0.5341393166106644,109
CREB1,PDE4D,Activation,DoRothEA_AB,0.5,B,0.1104858716040434,0.0531251890845273,0.12131515,0.05729962,0.007262223098672547,0.47460584814355256,110
CREB1,POLD2,Activation,DoRothEA_AB,1.0,A,0.1104858716040434,0.165002722817204,0.12131515,0.21177918,0.19793802603992885,1.9825152069886498,111
CREB1,PPP2CA,Activation,DoRothEA_AB,1.0,A,0.1104858716040434,0.1819446965571419,0.12131515,0.21183977,0.1980128129366562,2.210862757273436,112
CREB1,RUNX1,Activation,DoRothEA_AB,0.5,B,0.1104858716040434,0.0726084588854593,0.12131515,0.07835578,0.03325207065429455,0.7372055309711026,113
CREB1,SLC20A1,Activation,DoRothEA_AB,1.0,A,0.1104858716040434,0.0536697525261683,0.12131515,0.05578694,0.005395105704027067,0.48194559083127964,114
CREB1,SLC39A1,Unknown,TRRUST,,,0.1104858716040434,0.1008652508017193,0.12131515,0.11163418,0.07432796212239753,1.1180566237676004,115
CREB1,STAT3,Activation,DoRothEA_AB,0.5,B,0.1104858716040434,0.2711320868881103,0.12131515,0.33920252,0.35521804203658686,3.412949504129904,116
CREB1,STMN1,Unknown,TRRUST,,,0.1104858716040434,0.2339807587583797,0.12131515,0.29727343,0.30346450970942207,2.91221594743385,117
CREB1,UXT,Activation,DoRothEA_AB,1.0,A,0.1104858716040434,0.5546681188359152,0.12131515,0.9346697,1.090209665987779,7.234508863540609,118
CREB1,XPC,Unknown,TRRUST,,,0.1104858716040434,0.0913656440975377,0.12131515,0.09838331,0.05797226900079488,0.9900188902150308,119
CREB3,CXCR4,Activation,TRRUST,,,0.0637744297210611,0.5044472681067905,0.06758564,0.9950035,1.1646803322655517,6.557621482338969,120
CREB3,HM13,Activation,DoRothEA_AB,0.5,B,0.0637744297210611,0.1724450898529624,0.06758564,0.2023398,0.1862868965263049,2.0828250237208947,121
CREB3,PRPF31,Activation,DoRothEA_AB,0.5,B,0.0637744297210611,0.1444908331820649,0.06758564,0.16288695,0.13758981419339988,1.7060515657509985,122
CREBBP,CREB1,Activation,TRRUST,,,0.0628668239849928,0.1104858716040434,0.065891474,0.12131515,0.08627728880354688,1.2477254112507765,123
CREBBP,EP300,Unknown,TRRUST,,,0.0628668239849928,0.0646215284080582,0.065891474,0.068009205,0.02048118047428026,0.6295559715511077,124
CREBBP,EZH2,Unknown,TRRUST,,,0.0628668239849928,0.0557269921945895,0.065891474,0.06401585,0.015552138916584982,0.5096735076515775,125
CREBBP,IRF1,Activation,TRRUST,,,0.0628668239849928,0.4906516609185491,0.065891474,0.9328636,1.0879803770922627,6.371681334249844,126
CREBBP,PCK2,Unknown,TRRUST,,,0.0628668239849928,0.0575422036667259,0.065891474,0.06214012,0.01323690495391055,0.5341393166106644,127
CREBBP,PSMC5,Activation,TRRUST,,,0.0628668239849928,0.3212924305681637,0.065891474,0.4270601,0.4636616096579321,4.0890213583662405,128
CREBBP,RARA,Unknown,TRRUST,,,0.0628668239849928,0.0614751618563548,0.065891474,0.065165415,0.016971059512993762,0.587148569355353,129
CREBBP,TP53,Unknown,TRRUST,,,0.0628668239849928,0.1242209717432105,0.065891474,0.14055775,0.11002863950442551,1.4328500323745565,131
CREBBP,TRIM22,Unknown,TRRUST,,,0.0628668239849928,0.1159315060204533,0.065891474,0.12930244,0.0961360878192527,1.3211228381280464,132
CREM,CD247,Repression,DoRothEA_AB,-1.0,A,0.2303503358141073,0.3540872511647728,0.362256,0.47449324,0.5222088508303242,4.531036973560564,134
CREM,CREB1,Repression,TRRUST,,,0.2303503358141073,0.1104858716040434,0.362256,0.12131515,0.08627728880354688,1.2477254112507765,135
CREM,G6PD,Repression,TRRUST,,,0.2303503358141073,0.0678889090579041,0.362256,0.07363629,0.02742675275966026,0.6735944276774691,136
CREM,GPX4,Unknown,TRRUST,,,0.2303503358141073,0.6577721304532987,0.362256,1.2525223,1.482538591069945,8.62416681241723,137
CREM,ZAP70,Unknown,TRRUST,,,0.2303503358141073,0.1317238458280403,0.362256,0.14533822,0.11592922567703362,1.5339753760721067,138
CTCF,ACTR3,Repression,DoRothEA_AB,-1.0,A,0.0899134749198284,0.405215707629966,0.09681015,0.5973146,0.6738085928048425,5.220157259241753,139
CTCF,AHCYL1,Activation,DoRothEA_AB,1.0,A,0.0899134749198284,0.0565740908815865,0.09681015,0.059961878,0.010548277135768348,0.5210908851658181,140
CTCF,ANKRD11,Activation,DoRothEA_AB,0.5,B,0.0899134749198284,0.2336177164639525,0.09681015,0.2984843,0.30495909973484336,2.9073227856420334,141
CTCF,ARHGAP15,Activation,DoRothEA_AB,0.5,B,0.0899134749198284,0.2530404792158112,0.09681015,0.31421524,0.32437597026140835,3.169106941504252,142
CTCF,ARHGEF1,Activation,DoRothEA_AB,0.5,B,0.0899134749198284,0.204816361106058,0.09681015,0.24506101,0.23901815119437897,2.519131950157896,143
CTCF,ARHGEF3,Activation,DoRothEA_AB,0.5,B,0.0899134749198284,0.0828946572275668,0.09681015,0.0894889,0.04699380189201531,0.8758451150726114,144
CTCF,ARID5B,Activation,DoRothEA_AB,0.5,B,0.0899134749198284,0.3461608277364411,0.09681015,0.570456,0.6406567303780073,4.424202941105848,145
CTCF,ARL2,Repression,DoRothEA_AB,-1.0,A,0.0899134749198284,0.2210322502571415,0.09681015,0.27047065,0.27038154651637664,2.7376931768590493,146
CTCF,ARL8B,Activation,DoRothEA_AB,0.5,B,0.0899134749198284,0.0642584861136309,0.09681015,0.06813022,0.02063055060643843,0.6246628097592901,147
CTCF,ATXN7,Activation,DoRothEA_AB,1.0,A,0.0899134749198284,0.0888848550856176,0.09681015,0.09426888,0.05289378325228813,0.9565822846376072,148
CTCF,BBC3,Activation,DoRothEA_AB,1.0,A,0.0899134749198284,0.1031040116173545,0.09681015,0.1201656,0.08485838672180143,1.1482311214838115,149
CTCF,BBX,Activation,DoRothEA_AB,0.5,B,0.0899134749198284,0.1932595147334576,0.09681015,0.22478984,0.213997225343032,2.3633662997850613,150
CTCF,BRD4,Activation,DoRothEA_AB,0.5,B,0.0899134749198284,0.1476977067828389,0.09681015,0.16718303,0.1428925125147822,1.7492744949120476,151
CTCF,CAPN2,Activation,DoRothEA_AB,0.5,B,0.0899134749198284,0.1545955103769564,0.09681015,0.17874092,0.15715854198856313,1.8422445689565667,152
CTCF,CARS2,Activation,DoRothEA_AB,0.5,B,0.0899134749198284,0.0692200641374709,0.09681015,0.07375728,0.027576092034046224,0.6915360209141342,153
CTCF,CCDC88C,Activation,DoRothEA_AB,0.5,B,0.0899134749198284,0.155624130211167,0.09681015,0.17093487,0.1475234494782686,1.8561085273667155,154
CTCF,CDC37,Activation,DoRothEA_AB,0.5,B,0.0899134749198284,0.3055000907605715,0.09681015,0.40739548,0.4393893550759363,3.87616882042211,155
CTCF,CEP135,Activation,DoRothEA_AB,1.0,A,0.0899134749198284,0.0678284020088329,0.09681015,0.07133703,0.024588751106427224,0.6727789007121665,156
CTCF,CHD2,Activation,DoRothEA_AB,0.5,B,0.0899134749198284,0.1060083499727731,0.09681015,0.11514351,0.07865956635234123,1.1873764158183553,157
CTCF,CNIH1,Activation,DoRothEA_AB,1.0,A,0.0899134749198284,0.234646336298163,0.09681015,0.28251183,0.2852441060994063,2.921186744052181,158
CTCF,COIL,Activation,DoRothEA_AB,0.5,B,0.0899134749198284,0.0701881769226105,0.09681015,0.07351525,0.027277351769729896,0.7045844523589833,159
CTCF,COMMD2,Repression,DoRothEA_AB,-1.0,A,0.0899134749198284,0.1028014763719984,0.09681015,0.10812478,0.06999627149069167,1.1441534866572964,160
CTCF,CSK,Activation,DoRothEA_AB,0.5,B,0.0899134749198284,0.2226054335329928,0.09681015,0.26696214,0.2660509544213615,2.758896877956922,161
CTCF,CYFIP2,Activation,DoRothEA_AB,0.5,B,0.0899134749198284,0.130453197797545,0.09681015,0.14570141,0.11637751504858697,1.5168493098007483,162
CTCF,DCTPP1,Activation,DoRothEA_AB,0.5,B,0.0899134749198284,0.1900526411326836,0.09681015,0.27349344,0.27411260912668445,2.320143370624012,163
CTCF,DIAPH1,Activation,DoRothEA_AB,0.5,B,0.0899134749198284,0.1061293640709155,0.09681015,0.11526452,0.07880893031294493,1.1890074697489608,164
CTCF,DLGAP4,Activation,DoRothEA_AB,0.5,B,0.0899134749198284,0.0508864282688924,0.09681015,0.053003658,0.0019596704259751017,0.44443135042734533,165
CTCF,DNAJB12,Activation,DoRothEA_AB,0.5,B,0.0899134749198284,0.0624432746414942,0.09681015,0.06534692,0.017195093110790472,0.6001970008001991,166
CTCF,EHMT1,Activation,DoRothEA_AB,0.5,B,0.0899134749198284,0.0648030495552718,0.09681015,0.06831173,0.02085459037578958,0.6320025524470159,167
CTCF,ELMO1,Activation,DoRothEA_AB,0.5,B,0.0899134749198284,0.1193804078175128,0.09681015,0.13154145,0.09889972224146043,1.3676078751503162,168
CTCF,ELP5,Activation,DoRothEA_AB,1.0,A,0.0899134749198284,0.1334785502511053,0.09681015,0.15126848,0.12324901016600043,1.557625658065888,169
CTCF,ERCC1,Activation,DoRothEA_AB,0.5,B,0.0899134749198284,0.1119380407817527,0.09681015,0.12688196,0.09314846300012937,1.2672980584180487,170
CTCF,FBXO7,Activation,DoRothEA_AB,1.0,A,0.0899134749198284,0.1614328069220028,0.09681015,0.17855944,0.15693453924853865,1.9343991160357843,171
CTCF,FOXK1,Activation,DoRothEA_AB,0.5,B,0.0899134749198284,0.0873721788588371,0.09681015,0.09209067,0.05020519493209435,0.9361941105050325,172
CTCF,FOXP1,Activation,DoRothEA_AB,0.5,B,0.0899134749198284,0.4412174018273505,0.09681015,0.64800966,0.7363820573502825,5.705395803597145,173
CTCF,FRMD4B,Activation,DoRothEA_AB,0.5,B,0.0899134749198284,0.104616687844135,0.09681015,0.13438556,0.10241023818223119,1.1686192956163861,174
CTCF,FYN,Activation,DoRothEA_AB,0.5,B,0.0899134749198284,0.2835965389967846,0.09681015,0.38210237,0.40816979400176245,3.580948058982359,175
CTCF,GALT,Activation,DoRothEA_AB,1.0,A,0.0899134749198284,0.0920917286863923,0.09681015,0.10068254,0.06081023362470127,0.999805213798666,176
CTCF,HDAC7,Activation,DoRothEA_AB,0.5,B,0.0899134749198284,0.0966297573667339,0.09681015,0.10588609,0.06723303204796824,1.0609697361963915,177
CTCF,HEBP2,Activation,DoRothEA_AB,1.0,A,0.0899134749198284,0.1578023839777304,0.09681015,0.18339995,0.16290923344688554,1.8854674981176158,178
CTCF,HM13,Activation,DoRothEA_AB,0.5,B,0.0899134749198284,0.1724450898529624,0.09681015,0.2023398,0.1862868965263049,2.0828250237208947,179
CTCF,HOOK2,Activation,DoRothEA_AB,0.5,B,0.0899134749198284,0.0740606280631686,0.09681015,0.078718804,0.03370015513024041,0.7567781781383746,180
CTCF,HSPA5,Activation,DoRothEA_AB,1.0,A,0.0899134749198284,0.2177043625582251,0.09681015,0.29557768,0.30137142702043956,2.692839193767395,181
CTCF,IL16,Activation,DoRothEA_AB,0.5,B,0.0899134749198284,0.2175833484600827,0.09681015,0.2773071,0.278819851189291,2.6912081398367897,182
CTCF,INPP4A,Activation,DoRothEA_AB,0.5,B,0.0899134749198284,0.0672233315181207,0.09681015,0.07036893,0.02339381473537962,0.6646236310591366,183
CTCF,IQGAP2,Activation,DoRothEA_AB,0.5,B,0.0899134749198284,0.078840684939795,0.09681015,0.086705625,0.04355837525413955,0.8212048083973106,184
CTCF,JADE2,Activation,DoRothEA_AB,0.5,B,0.0899134749198284,0.0879772493495493,0.09681015,0.09299824,0.05132541846506787,0.9443493801580625,185
CTCF,JARID2,Activation,DoRothEA_AB,0.5,B,0.0899134749198284,0.0764204029769462,0.09681015,0.084164396,0.040421708629554375,0.7885837297851913,186
CTCF,KANSL1,Activation,DoRothEA_AB,0.5,B,0.0899134749198284,0.0757548254371628,0.09681015,0.08071549,0.036164686400730596,0.7796129331668588,187
CTCF,KCNAB2,Activation,DoRothEA_AB,0.5,B,0.0899134749198284,0.113934773401103,0.09681015,0.12657939,0.0927749975546301,1.2942104482730474,188
CTCF,KDM2B,Activation,DoRothEA_AB,0.5,B,0.0899134749198284,0.0652265988987704,0.09681015,0.06837223,0.02092926618453701,0.6377112412041376,189
CTCF,LMNA,Activation,DoRothEA_AB,0.5,B,0.0899134749198284,0.0599624856295745,0.09681015,0.08283346,0.03877891983300793,0.5667603952227811,190
CTCF,LRRC59,Activation,DoRothEA_AB,1.0,A,0.0899134749198284,0.1112119561928981,0.09681015,0.1342041,0.10218626012842447,1.2575117348344131,191
CTCF,LRRFIP1,Activation,DoRothEA_AB,0.5,B,0.0899134749198284,0.4138682156471525,0.09681015,0.63119465,0.7156271074189435,5.336777615280107,192
CTCF,LTBP4,Activation,DoRothEA_AB,0.5,B,0.0899134749198284,0.0626853028377791,0.09681015,0.06667807,0.01883814604986703,0.6034591086614113,193
CTCF,MACF1,Activation,DoRothEA_AB,0.5,B,0.0899134749198284,0.1286379863254088,0.09681015,0.141526,0.11122376102210638,1.492383500841664,194
CTCF,MAD1L1,Activation,DoRothEA_AB,0.5,B,0.0899134749198284,0.0770254734676584,0.09681015,0.082167655,0.03795710947196533,0.796738999438221,195
CTCF,MEAF6,Activation,DoRothEA_AB,0.5,B,0.0899134749198284,0.3335148544805531,0.09681015,0.42040208,0.4554435430768327,4.253757805357484,196
CTCF,MED15,Activation,DoRothEA_AB,0.5,B,0.0899134749198284,0.0726689659345305,0.09681015,0.07654057,0.03101153718658531,0.7380210579364053,197
CTCF,MRPL17,Activation,DoRothEA_AB,1.0,A,0.0899134749198284,0.1182912809342309,0.09681015,0.13831896,0.10726527663061322,1.3529283897748632,198
CTCF,MRPS22,Activation,DoRothEA_AB,0.5,B,0.0899134749198284,0.0736370787196701,0.09681015,0.07829526,0.03317737015932937,0.7510694893812541,199
CTCF,MSI2,Activation,DoRothEA_AB,0.5,B,0.0899134749198284,0.0714588249531061,0.09681015,0.07648008,0.030936873720946775,0.7217105186303456,200
CTCF,MYC,Repression,DoRothEA_AB,-1.0,A,0.0899134749198284,0.285230229321708,0.09681015,0.60675657,0.6854629191836673,3.6029672870455456,201
CTCF,MYD88,Activation,DoRothEA_AB,1.0,A,0.0899134749198284,0.0545168512131652,0.09681015,0.056331497,0.00606725833847451,0.4933629683455191,202
CTCF,MYH9,Activation,DoRothEA_AB,0.5,B,0.0899134749198284,0.1780117383675135,0.09681015,0.20554735,0.1902460104163511,2.157853504528754,203
CTCF,NBN,Activation,DoRothEA_AB,1.0,A,0.0899134749198284,0.0576632177648684,0.09681015,0.060324915,0.01099637765775575,0.5357703705412711,204
CTCF,NCBP3,Activation,DoRothEA_AB,1.0,A,0.0899134749198284,0.0604465420221442,0.09681015,0.06341072,0.01480522036869527,0.5732846109452041,205
CTCF,NCOA7,Activation,DoRothEA_AB,0.5,B,0.0899134749198284,0.1070974768560551,0.09681015,0.12052861,0.08530645391739484,1.2020559011938097,206
CTCF,NFATC2,Activation,DoRothEA_AB,0.5,B,0.0899134749198284,0.0703091910207529,0.09681015,0.07514894,0.02929383312497909,0.7062155062895887,207
CTCF,NFE2L2,Activation,DoRothEA_AB,1.0,A,0.0899134749198284,0.2015489804562129,0.09681015,0.23628646,0.2281876285886815,2.475093494031545,208
CTCF,NT5C3A,Repression,DoRothEA_AB,-1.0,A,0.0899134749198284,0.1083076178374795,0.09681015,0.11865289,0.0829912322978293,1.2183664404998693,209
CTCF,NTMT1,Activation,DoRothEA_AB,0.5,B,0.0899134749198284,0.1146608579899576,0.09681015,0.12960505,0.09650960263718755,1.303996771856683,210
CTCF,NUP210,Activation,DoRothEA_AB,0.5,B,0.0899134749198284,0.0993525745749388,0.09681015,0.10655164,0.0680545276597343,1.0976684496350257,211
CTCF,PARP1,Activation,DoRothEA_AB,0.5,B,0.0899134749198284,0.2079022206086896,0.09681015,0.24947752,0.24446949757604974,2.56072382538834,212
CTCF,PBXIP1,Activation,DoRothEA_AB,1.0,A,0.0899134749198284,0.1800084709868633,0.09681015,0.22454697,0.21369744825756942,2.1847658943837462,213
CTCF,PDE4B,Activation,DoRothEA_AB,0.5,B,0.0899134749198284,0.0639559508682748,0.09681015,0.070853025,0.023991338464893406,0.6205851749327751,214
CTCF,PDE4D,Activation,DoRothEA_AB,0.5,B,0.0899134749198284,0.0531251890845273,0.09681015,0.05729962,0.007262223098672547,0.47460584814355256,215
CTCF,PDS5B,Activation,DoRothEA_AB,0.5,B,0.0899134749198284,0.062927331034064,0.09681015,0.0661335,0.01816597736937803,0.6067212165226237,216
CTCF,PIGC,Activation,DoRothEA_AB,0.5,B,0.0899134749198284,0.0801718400193619,0.09681015,0.08470891,0.04109380818863361,0.839146401633977,217
CTCF,PITPNC1,Activation,DoRothEA_AB,0.5,B,0.0899134749198284,0.1601016518424363,0.09681015,0.18297668,0.1623867866771579,1.9164575227991232,218
CTCF,PLEC,Activation,DoRothEA_AB,0.5,B,0.0899134749198284,0.0791432201851511,0.09681015,0.08579805,0.042438145549611596,0.8252824432238256,219
CTCF,PMPCB,Activation,DoRothEA_AB,1.0,A,0.0899134749198284,0.1392872269619411,0.09681015,0.15665409,0.12989652722960715,1.6359162467349568,220
CTCF,POU2F2,Activation,DoRothEA_AB,0.5,B,0.0899134749198284,0.2023960791432098,0.09681015,0.25528535,0.2516381653829513,2.486510871545785,221
CTCF,PRDM2,Activation,DoRothEA_AB,0.5,B,0.0899134749198284,0.101046771948933,0.09681015,0.10951644,0.07171401258162453,1.1205032046635097,222
CTCF,PRKAG2,Activation,DoRothEA_AB,0.5,B,0.0899134749198284,0.0781751074000116,0.09681015,0.082954235,0.03892799373055289,0.812234011778978,223
CTCF,PRKCB,Activation,DoRothEA_AB,0.5,B,0.0899134749198284,0.0882192775458342,0.09681015,0.09729422,0.05662799335536132,0.9476114880192746,224
CTCF,PRKCH,Activation,DoRothEA_AB,0.5,B,0.0899134749198284,0.1908392327706093,0.09681015,0.22430551,0.21339941155045947,2.3307452211729487,225
CTCF,PSMB7,Activation,DoRothEA_AB,0.5,B,0.0899134749198284,0.2580020572396524,0.09681015,0.3256487,0.3384884144313473,3.235980152659113,226
CTCF,PTMA,Activation,DoRothEA_AB,0.5,B,0.0899134749198284,0.9925576329644392,0.09681015,10.589342,13.007076809687602,13.136477511439727,227
CTCF,PTPRE,Activation,DoRothEA_AB,0.5,B,0.0899134749198284,0.0845283475524898,0.09681015,0.096628666,0.05580649280635169,0.8978643431357928,228
CTCF,PXN,Activation,DoRothEA_AB,0.5,B,0.0899134749198284,0.0534882313789546,0.09681015,0.056271,0.005992586232659754,0.4794990099353703,229
CTCF,RABGAP1L,Activation,DoRothEA_AB,0.5,B,0.0899134749198284,0.0698856416772544,0.09681015,0.076177545,0.03056345147632856,0.7005068175324684,230
CTCF,RAD21,Activation,DoRothEA_AB,1.0,A,0.0899134749198284,0.199249712591507,0.09681015,0.2372544,0.22938236746998697,2.4441034693500385,231
CTCF,RBL2,Activation,DoRothEA_AB,1.0,A,0.0899134749198284,0.1024989411266423,0.09681015,0.112299725,0.07514945156260916,1.1400758518307816,232
CTCF,RBM39,Repression,DoRothEA_AB,-1.0,A,0.0899134749198284,0.4591274883524359,0.09681015,0.6990715,0.799408242443365,5.946791785326886,233
CTCF,RBMS1,Activation,DoRothEA_AB,0.5,B,0.0899134749198284,0.1427966358080711,0.09681015,0.16203955,0.13654385914658063,1.6832168107225196,234
CTCF,RBPJ,Activation,DoRothEA_AB,0.5,B,0.0899134749198284,0.1714164700187519,0.09681015,0.21123381,0.1972648699107291,2.0689610653107473,235
CTCF,RDX,Activation,DoRothEA_AB,0.5,B,0.0899134749198284,0.0727294729836017,0.09681015,0.0813206,0.03691158026240255,0.7388365849017081,236
CTCF,RERE,Activation,DoRothEA_AB,0.5,B,0.0899134749198284,0.0556059780964471,0.09681015,0.057844155,0.007934348578280442,0.5080424537209721,237
CTCF,RNF220,Activation,DoRothEA_AB,0.5,B,0.0899134749198284,0.0653476129969128,0.09681015,0.069037795,0.021750780310966396,0.639342295134743,238
CTCF,RPP30,Activation,DoRothEA_AB,1.0,A,0.0899134749198284,0.0663762328311236,0.09681015,0.06970337,0.022572306780504675,0.6532062535448945,240
CTCF,RUNX1,Repression,DoRothEA_AB,-0.5,B,0.0899134749198284,0.0726084588854593,0.09681015,0.07835578,0.03325207065429455,0.7372055309711026,241
CTCF,SEPTIN9,Activation,DoRothEA_AB,0.5,B,0.0899134749198284,0.2915834694741876,0.09681015,0.3915392,0.4198177760226209,3.6885976184023797,242
CTCF,SERGEF,Activation,DoRothEA_AB,0.5,B,0.0899134749198284,0.0571791613722986,0.09681015,0.059356812,0.009801437583775486,0.5292461548188467,243
CTCF,SH3KBP1,Activation,DoRothEA_AB,0.5,B,0.0899134749198284,0.2110485871603923,0.09681015,0.25105074,0.24641134015187816,2.603131227584085,244
CTCF,SMARCA2,Activation,DoRothEA_AB,0.5,B,0.0899134749198284,0.0628668239849928,0.09681015,0.06625451,0.018315341329981766,0.6059056895573208,245
CTCF,SMARCC2,Activation,DoRothEA_AB,0.5,B,0.0899134749198284,0.1069764627579126,0.09681015,0.11544605,0.07903299476851386,1.2004248472632029,246
CTCF,SMG6,Activation,DoRothEA_AB,0.5,B,0.0899134749198284,0.0528226538391713,0.09681015,0.054637324,0.0039761221577629844,0.47052821331703903,247
CTCF,SMIM7,Activation,DoRothEA_AB,1.0,A,0.0899134749198284,0.1679070611726219,0.09681015,0.18672833,0.16701748912157555,2.0216605013231845,248
CTCF,SORL1,Activation,DoRothEA_AB,0.5,B,0.0899134749198284,0.1111514491438268,0.09681015,0.12936305,0.09621089940219787,1.256696207869109,249
CTCF,SRPK2,Activation,DoRothEA_AB,0.5,B,0.0899134749198284,0.1116355055363966,0.09681015,0.122101724,0.08724816565626912,1.2632204235915336,250
CTCF,ST3GAL1,Activation,DoRothEA_AB,0.5,B,0.0899134749198284,0.0940884613057426,0.09681015,0.10231622,0.06282670263684159,1.0267176036536652,251
CTCF,STAG1,Activation,DoRothEA_AB,0.5,B,0.0899134749198284,0.0671023174199782,0.09681015,0.07115553,0.024364723680184955,0.6629925771285299,252
CTCF,STK10,Activation,DoRothEA_AB,0.5,B,0.0899134749198284,0.1209535910933646,0.09681015,0.13293323,0.10061761144969991,1.388811576248195,253
CTCF,SULF2,Activation,DoRothEA_AB,0.5,B,0.0899134749198284,0.150662552187328,0.09681015,0.17704612,0.1550666318949246,1.7892353162118846,254
CTCF,SYNE1,Activation,DoRothEA_AB,0.5,B,0.0899134749198284,0.0655291341441265,0.09681015,0.070187435,0.023169793480691807,0.6417888760306526,255
CTCF,SYNE2,Activation,DoRothEA_AB,0.5,B,0.0899134749198284,0.2894657227566944,0.09681015,0.3761712,0.4008488862898872,3.6600541746167683,256
CTCF,TACC1,Activation,DoRothEA_AB,0.5,B,0.0899134749198284,0.1065529134144141,0.09681015,0.11568807,0.07933172268972133,1.1947161585060826,257
CTCF,TACC3,Activation,DoRothEA_AB,0.5,B,0.0899134749198284,0.0871906577116235,0.09681015,0.0925747,0.05080263843140038,0.9337475296091245,258
CTCF,TBC1D1,Activation,DoRothEA_AB,0.5,B,0.0899134749198284,0.0819265444424273,0.09681015,0.08664512,0.043483693273837706,0.8627966836277638,259
CTCF,TIAM1,Activation,DoRothEA_AB,0.5,B,0.0899134749198284,0.0663762328311236,0.09681015,0.07236566,0.025858400315548903,0.6532062535448945,260
CTCF,TIPRL,Activation,DoRothEA_AB,0.5,B,0.0899134749198284,0.1195014219156553,0.09681015,0.13093632,0.09815280369357071,1.369238929080923,261
CTCF,TLE3,Activation,DoRothEA_AB,0.5,B,0.0899134749198284,0.0718823742966047,0.09681015,0.077327155,0.03198242761672731,0.7274192073874673,262
CTCF,TMBIM6,Activation,DoRothEA_AB,1.0,A,0.0899134749198284,0.482120166999505,0.09681015,0.7677458,0.8841736786857308,6.2566920321420945,263
CTCF,TPD52,Activation,DoRothEA_AB,0.5,B,0.0899134749198284,0.0542748230168804,0.09681015,0.058146697,0.008307779463074863,0.4901008604843083,264
CTCF,TRAPPC6A,Activation,DoRothEA_AB,1.0,A,0.0899134749198284,0.1155079566769547,0.09681015,0.12627679,0.09240149507980414,1.3154141493709248,265
CTCF,TSFM,Activation,DoRothEA_AB,1.0,A,0.0899134749198284,0.0688570218430436,0.09681015,0.073938824,0.027800173769967587,0.6866428591223167,266
CTCF,TSPAN14,Activation,DoRothEA_AB,0.5,B,0.0899134749198284,0.0955406304834519,0.09681015,0.10364734,0.0644697185465915,1.046290250820937,267
CTCF,USP7,Activation,DoRothEA_AB,0.5,B,0.0899134749198284,0.0568766261269426,0.09681015,0.059780363,0.010324231194862754,0.525168519992333,268
CTCF,WIPF1,Activation,DoRothEA_AB,0.5,B,0.0899134749198284,0.3385369395534656,0.09681015,0.45398355,0.49689351714587915,4.321446543477648,269
CTCF,WIPF2,Activation,DoRothEA_AB,0.5,B,0.0899134749198284,0.0718218672475334,0.09681015,0.07611703,0.030488757152917816,0.7266036804221632,270
CTCF,ZBTB20,Activation,DoRothEA_AB,0.5,B,0.0899134749198284,0.0678889090579041,0.09681015,0.07236564,0.02585837562933113,0.6735944276774691,271
CTCF,ZNHIT2,Repression,DoRothEA_AB,-1.0,A,0.0899134749198284,0.0563925697343729,0.09681015,0.059235793,0.009652062514373762,0.51864430426991,272
CTNNB1,CD44,Unknown,TRRUST,,,0.1700248078901142,0.5736068251952116,0.19768049,1.0101249,1.183344840933209,7.489768803680504,273
CTNNB1,JUN,Activation,TRRUST,,,0.1700248078901142,0.0778120651055843,0.19768049,0.09759687,0.05700155754573169,0.8073408499871605,274
CTNNB1,MYC,Activation,TRRUST,,,0.1700248078901142,0.285230229321708,0.19768049,0.60675657,0.6854629191836673,3.6029672870455456,275
CTNNB1,RB1,Repression,TRRUST,,,0.1700248078901142,0.0703091910207529,0.19768049,0.07424133,0.028173560219570026,0.7062155062895887,276
CTNNB1,STARD7,Activation,TRRUST,,,0.1700248078901142,0.1154474496278835,0.19768049,0.13039164,0.09748049923888401,1.3145986224056223,277
CTNNB1,TCF7,Unknown,TRRUST,,,0.1700248078901142,0.3302474738307064,0.19768049,0.46892762,0.515339145463699,4.209719349231111,278
DDB2,BCL2,Repression,TRRUST,,,0.1587704967628697,0.1349307194288143,0.18237127,0.15768246,0.13116585551789783,1.577198305233156,280
DDB2,SOD2,Repression,TRRUST,,,0.1587704967628697,0.1158104919223108,0.18237127,0.1359588,0.10435210544427741,1.3194917841974398,281
DDB2,XPA,Unknown,TRRUST,,,0.1587704967628697,0.10982029406426,0.18237127,0.12089161,0.08575450876987939,1.238754614632444,282
DDIT3,ATF2,Repression,TRRUST,,,0.0657711623404114,0.0551219217038774,0.070489965,0.058025673,0.0081583982221187,0.5015182379985489,283
DDIT3,ATG5,Activation,TRRUST,,,0.0657711623404114,0.0869486295153386,0.070489965,0.09384535,0.05237101556172951,0.9304854217479124,284
DDIT3,MAP1LC3B,Activation,TRRUST,,,0.0657711623404114,0.2425727597264911,0.070489965,0.29400688,0.29943257147696106,3.0280207765068488,285
DDIT3,MCL1,Unknown,TRRUST,,,0.0657711623404114,0.2454165910328378,0.070489965,0.30060118,0.30757198776825245,3.0663505438760805,286
DDIT3,RTN3,Activation,TRRUST,,,0.0657711623404114,0.0878562352514069,0.070489965,0.09287723,0.05117605450446416,0.9427183262274571,287
DDIT3,SIRT2,Repression,TRRUST,,,0.0657711623404114,0.0716403461003198,0.070489965,0.075148925,0.029293814610315775,0.7241570995262552,288
DEDD,CFLAR,Unknown,TRRUST,,,0.0569371331760138,0.2315604767955314,0.058993757,0.3248015,0.33744270624670575,2.879594868821737,289
DEDD,FADD,Unknown,TRRUST,,,0.0569371331760138,0.0882797845949054,0.058993757,0.09408736,0.052669731139828084,0.9484270149845775,290
DEK,BCL2,Activation,TRRUST,,,0.3271011072790022,0.1349307194288143,0.4365576,0.15768246,0.13116585551789783,1.577198305233156,291
DEK,BIRC3,Unknown,TRRUST,,,0.3271011072790022,0.3502148000242138,0.4365576,0.5574434,0.6245951365117807,4.478843247781161,292
DEK,PRDX5,Repression,TRRUST,,,0.3271011072790022,0.3959581291220671,0.4365576,0.553875,0.6201906215376599,5.0953816335503666,293
DMAP1,ATM,Unknown,TRRUST,,,0.0814424880498575,0.1861196829430552,0.087613195,0.22999327,0.22041987564899237,2.2671341178793303,294
DMAP1,BAX,Unknown,TRRUST,,,0.0814424880498575,0.3966842137109219,0.087613195,0.62054837,0.7024862880941252,5.105167957134004,295
DMAP1,DNMT1,Unknown,TRRUST,,,0.0814424880498575,0.1480002420281949,0.087613195,0.16905911,0.14520817848626755,1.7533521297385612,296
DNMT1,BAG1,Unknown,TRRUST,,,0.1480002420281949,0.2093543897863986,0.16905911,0.26000375,0.2574621378787172,2.5802964725556077,297
DNMT1,CASP8,Repression,TRRUST,,,0.1480002420281949,0.1558056513583806,0.16905911,0.17607825,0.1538719794153813,1.8585551082626235,298
DNMT1,CXCR4,Repression,TRRUST,,,0.1480002420281949,0.5044472681067905,0.16905911,0.9950035,1.1646803322655517,6.557621482338969,299
DNMT1,HDAC1,Unknown,TRRUST,,,0.1480002420281949,0.1769831185333029,0.16905911,0.20010112,0.18352366942669035,2.1439895461186054,300
DNMT1,MGMT,Unknown,TRRUST,,,0.1480002420281949,0.1004417014582208,0.16905911,0.10667264,0.06820387927722914,1.11234793501048,302
DNMT1,RASSF1,Unknown,TRRUST,,,0.1480002420281949,0.0777515580565131,0.16905911,0.0836803,0.0398241836657297,0.8065253230218576,303
DNMT1,RB1,Repression,TRRUST,,,0.1480002420281949,0.0703091910207529,0.16905911,0.07424133,0.028173560219570026,0.7062155062895887,304
DNMT1,RGS10,Unknown,TRRUST,,,0.1480002420281949,0.5104374659648427,0.16905911,0.86992973,1.0103004161029212,6.638358651903983,305
DNMT1,RUNX3,Unknown,TRRUST,,,0.1480002420281949,0.2065105584800518,0.16905911,0.26786903,0.26717033862293094,2.541966705186375,306
DNMT1,TP53,Unknown,TRRUST,,,0.1480002420281949,0.1242209717432105,0.16905911,0.14055775,0.11002863950442551,1.4328500323745565,307
E2F4,ACTG1,Activation,DoRothEA_AB,1.0,A,0.1799479639377921,0.8443758697889859,0.22176345,3.4108784,4.146621026316772,11.139251973412238,309
E2F4,AGPAT3,Activation,DoRothEA_AB,0.5,B,0.1799479639377921,0.0500393295818954,0.22176345,0.052761644,0.0016609499106329752,0.4330139729131047,310
E2F4,AKR7A2,Activation,DoRothEA_AB,1.0,A,0.1799479639377921,0.0826526290312819,0.22176345,0.08585851,0.04251277198592348,0.8725830072113993,311
E2F4,ALDOA,Activation,DoRothEA_AB,0.5,B,0.1799479639377921,0.6981908392328834,0.22176345,1.8180721,2.1806028671351205,9.168938825239753,312
E2F4,ANAPC15,Activation,DoRothEA_AB,1.0,A,0.1799479639377921,0.1138137593029605,0.22176345,0.12343285,0.08889118897188435,1.2925793943424408,313
E2F4,ANAPC5,Activation,DoRothEA_AB,0.5,B,0.1799479639377921,0.1864222181884112,0.22176345,0.21631755,0.20353978554645843,2.271211752705844,314
E2F4,ANP32B,Activation,DoRothEA_AB,0.5,B,0.1799479639377921,0.5438978641012354,0.22176345,0.9337064,1.0890206543089955,7.089345063716642,315
E2F4,ANTKMT,Activation,DoRothEA_AB,1.0,A,0.1799479639377921,0.1061293640709155,0.22176345,0.12198074,0.0870988337877485,1.1890074697489608,316
E2F4,APRT,Activation,DoRothEA_AB,1.0,A,0.1799479639377921,0.6613420463485016,0.22176345,1.4728386,1.754477399049115,8.672282903370116,317
E2F4,ARID1A,Activation,DoRothEA_AB,0.5,B,0.1799479639377921,0.0880377563986206,0.22176345,0.093784824,0.052296307660899,0.9451649071233666,318
E2F4,BCL2L12,Activation,DoRothEA_AB,0.5,B,0.1799479639377921,0.0506444000726076,0.22176345,0.05288265,0.0018103089339931507,0.4411692425661345,319
E2F4,BHLHE40,Activation,DoRothEA_AB,0.5,B,0.1799479639377921,0.0874931929569796,0.22176345,0.10933506,0.07149013327268885,0.9378251644356395,320
E2F4,BRD2,Activation,DoRothEA_AB,0.5,B,0.1799479639377921,0.2140134325648815,0.22176345,0.24978086,0.24484391344093306,2.643092048883924,321
E2F4,BUB3,Activation,DoRothEA_AB,1.0,A,0.1799479639377921,0.2691958613178308,0.22176345,0.33266798,0.34715238816398547,3.386852641240202,322
E2F4,CALM1,Activation,DoRothEA_AB,1.0,A,0.1799479639377921,0.6527500453803863,0.22176345,1.3145506,1.5591007971480895,8.556478074297065,323
E2F4,CALR,Activation,DoRothEA_AB,1.0,A,0.1799479639377921,0.4536818539360248,0.22176345,0.78995454,0.91158616828509,5.8733943584496,324
E2F4,CAND1,Activation,DoRothEA_AB,0.5,B,0.1799479639377921,0.0973558419555885,0.22176345,0.10503899,0.06618744729441547,1.0707560597800265,325
E2F4,CBX3,Activation,DoRothEA_AB,0.5,B,0.1799479639377921,0.4401282749440683,0.22176345,0.691815,0.7904514654817836,5.690716318221688,326
E2F4,CBX5,Activation,DoRothEA_AB,1.0,A,0.1799479639377921,0.119138379621228,0.22176345,0.1311783,0.09845148224234264,1.3643457672891053,327
E2F4,CCND3,Activation,DoRothEA_AB,0.5,B,0.1799479639377921,0.3118533309130512,0.22176345,0.4842406,0.5342401234113536,3.961799151778945,328
E2F4,CCT5,Activation,DoRothEA_AB,0.5,B,0.1799479639377921,0.2020935438978537,0.22176345,0.26556778,0.2643298806910299,2.48243323671927,329
E2F4,CDC37L1,Activation,DoRothEA_AB,1.0,A,0.1799479639377921,0.0646820354571294,0.22176345,0.067283124,0.019584970790129223,0.6303714985164105,330
E2F4,CDCA4,Activation,DoRothEA_AB,1.0,A,0.1799479639377921,0.0716403461003198,0.22176345,0.07660108,0.031086225338441617,0.7241570995262552,331
E2F4,CEP57,Activation,DoRothEA_AB,0.5,B,0.1799479639377921,0.1070369698069838,0.22176345,0.11641415,0.08022793113956146,1.2012403742285056,332
E2F4,CFAP20,Activation,DoRothEA_AB,1.0,A,0.1799479639377921,0.0821685726387122,0.22176345,0.088581316,0.04587356107868934,0.8660587914889762,333
E2F4,CGGBP1,Activation,DoRothEA_AB,0.5,B,0.1799479639377921,0.1665153990439842,0.22176345,0.18739383,0.1678389230177972,2.0029033811212207,334
E2F4,CHD9,Activation,DoRothEA_AB,0.5,B,0.1799479639377921,0.062080232347067,0.22176345,0.06552845,0.01741915756635939,0.5953038390083829,335
E2F4,CKS2,Activation,DoRothEA_AB,1.0,A,0.1799479639377921,0.0989290252314403,0.22176345,0.13898471,0.108087019104557,1.0919597608779052,336
E2F4,CLK3,Activation,DoRothEA_AB,0.5,B,0.1799479639377921,0.1028619834210696,0.22176345,0.10945592,0.07163931208665933,1.1449690136225994,337
E2F4,CNOT8,Activation,DoRothEA_AB,0.5,B,0.1799479639377921,0.0784171355962965,0.22176345,0.08265169,0.038554559142825795,0.8154961196401902,338
E2F4,CNOT9,Activation,DoRothEA_AB,0.5,B,0.1799479639377921,0.1207720699461509,0.22176345,0.13825835,0.10719046504766809,1.3863649953522854,339
E2F4,COMTD1,Activation,DoRothEA_AB,0.5,B,0.1799479639377921,0.0888848550856176,0.22176345,0.09741524,0.05677736965907393,0.9565822846376072,340
E2F4,CRYBG1,Activation,DoRothEA_AB,0.5,B,0.1799479639377921,0.0592364010407199,0.22176345,0.06316871,0.014506504790596694,0.5569740716391457,341
E2F4,CSE1L,Activation,DoRothEA_AB,1.0,A,0.1799479639377921,0.0586313305500078,0.22176345,0.062321626,0.013460939786018146,0.5488188019861173,342
E2F4,CUTC,Activation,DoRothEA_AB,1.0,A,0.1799479639377921,0.0783566285472253,0.22176345,0.08119953,0.036762142243145515,0.8146805926748876,343
E2F4,DBF4,Activation,DoRothEA_AB,1.0,A,0.1799479639377921,0.0647425425062006,0.22176345,0.06927984,0.022049539089946057,0.6311870254817131,344
E2F4,DDX39A,Activation,DoRothEA_AB,0.5,B,0.1799479639377921,0.2198826163247885,0.22176345,0.286865,0.29061727122940656,2.7221981645182955,345
E2F4,DDX3X,Activation,DoRothEA_AB,0.5,B,0.1799479639377921,0.1689356810068324,0.22176345,0.19465509,0.1768015752992073,2.035524459733332,346
E2F4,DERL2,Activation,DoRothEA_AB,1.0,A,0.1799479639377921,0.1023779270284998,0.22176345,0.111815676,0.07455198461139625,1.1384447979001748,347
E2F4,DHPS,Activation,DoRothEA_AB,1.0,A,0.1799479639377921,0.1984631209535813,0.22176345,0.23011488,0.2205699801961291,2.4335016188011016,348
E2F4,DHX15,Activation,DoRothEA_AB,0.5,B,0.1799479639377921,0.105705814727417,0.22176345,0.116111636,0.0798545348154719,1.1832987809918405,349
E2F4,DUT,Activation,DoRothEA_AB,1.0,A,0.1799479639377921,0.2401524777636428,0.22176345,0.300843,0.3078704688272822,2.995399697894736,350
E2F4,EFHD2,Activation,DoRothEA_AB,0.5,B,0.1799479639377921,0.1029829975192121,0.22176345,0.11641416,0.08022794348267034,1.146600067553206,351
E2F4,EHD1,Activation,DoRothEA_AB,0.5,B,0.1799479639377921,0.0929388273733894,0.22176345,0.09959343,0.05946593329304993,1.0112225913129083,352
E2F4,EIF2B2,Activation,DoRothEA_AB,1.0,A,0.1799479639377921,0.0554849639983047,0.22176345,0.058025677,0.00815840315936225,0.5064113997903666,353
E2F4,EIF4H,Activation,DoRothEA_AB,1.0,A,0.1799479639377921,0.275428087372168,0.22176345,0.36340582,0.3850924387614876,3.47085191866643,354
E2F4,ELF2,Activation,DoRothEA_AB,0.5,B,0.1799479639377921,0.0821685726387122,0.22176345,0.08604003,0.04273682409838352,0.8660587914889762,355
E2F4,ELP5,Activation,DoRothEA_AB,0.5,B,0.1799479639377921,0.1334785502511053,0.22176345,0.15126848,0.12324901016600043,1.557625658065888,356
E2F4,EMC3,Activation,DoRothEA_AB,0.5,B,0.1799479639377921,0.1044956737459926,0.22176345,0.11187617,0.07462665301427833,1.1669882416857806,357
E2F4,EML2,Activation,DoRothEA_AB,0.5,B,0.1799479639377921,0.0546378653113077,0.22176345,0.058388732,0.008606525898945649,0.4949940222761259,358
E2F4,ESYT1,Activation,DoRothEA_AB,0.5,B,0.1799479639377921,0.1218611968294329,0.22176345,0.13632192,0.10480030841406857,1.4010444807277398,359
E2F4,EXOSC8,Activation,DoRothEA_AB,0.5,B,0.1799479639377921,0.1582259333212289,0.22176345,0.1855179,0.16552344219294512,1.8911761868747363,360
E2F4,EXOSC9,Activation,DoRothEA_AB,1.0,A,0.1799479639377921,0.0506444000726076,0.22176345,0.052943155,0.0018849909142950095,0.4411692425661345,361
E2F4,FBXL5,Activation,DoRothEA_AB,0.5,B,0.1799479639377921,0.0624432746414942,0.22176345,0.06564946,0.017568521526963126,0.6001970008001991,362
E2F4,FDFT1,Activation,DoRothEA_AB,1.0,A,0.1799479639377921,0.1596781024989378,0.22176345,0.18400507,0.16365613965166637,1.910748834042003,363
E2F4,FKBP5,Activation,DoRothEA_AB,0.5,B,0.1799479639377921,0.1136322381557469,0.22176345,0.12567167,0.09165458887502331,1.2901328134465326,364
E2F4,FLAD1,Activation,DoRothEA_AB,0.5,B,0.1799479639377921,0.0790222060870087,0.22176345,0.08555599,0.0421393682559686,0.8236513892932201,365
E2F4,GNAS,Activation,DoRothEA_AB,1.0,A,0.1799479639377921,0.2630241423125649,0.22176345,0.32377425,0.33617476038661,3.303668890779277,366
E2F4,GPANK1,Activation,DoRothEA_AB,1.0,A,0.1799479639377921,0.0910631088521816,0.22176345,0.09802027,0.05752416477587481,0.985941255388516,367
E2F4,GPR137,Activation,DoRothEA_AB,0.5,B,0.1799479639377921,0.0919102075391787,0.22176345,0.10152964,0.061855818378254025,0.9973586329027578,368
E2F4,GTPBP3,Activation,DoRothEA_AB,0.5,B,0.1799479639377921,0.0514914987596046,0.22176345,0.054032266,0.003229292480257233,0.45258662008037526,369
E2F4,HCFC1,Activation,DoRothEA_AB,1.0,A,0.1799479639377921,0.0508864282688924,0.22176345,0.053185172,0.0021837151325698077,0.44443135042734533,370
E2F4,HMGB1,Activation,DoRothEA_AB,1.0,A,0.1799479639377921,0.6471228898167615,0.22176345,1.220091,1.4425082843553945,8.48063406652387,371
E2F4,HMGB2,Activation,DoRothEA_AB,0.5,B,0.1799479639377921,0.2040297694681324,0.22176345,0.2607906,0.2584333554012446,2.508530099608961,372
E2F4,HMGN2,Activation,DoRothEA_AB,1.0,A,0.1799479639377921,0.4499909239426795,0.22176345,0.69931453,0.7997082170185698,5.8236472135661055,373
E2F4,HNRNPA0,Activation,DoRothEA_AB,0.5,B,0.1799479639377921,0.5101349307194866,0.22176345,0.82498163,0.9548204868606067,6.634281017077468,374
E2F4,HNRNPAB,Activation,DoRothEA_AB,0.5,B,0.1799479639377921,0.1722635687057488,0.22176345,0.23755586,0.22975446283040016,2.0803784428249865,375
E2F4,HNRNPD,Activation,DoRothEA_AB,1.0,A,0.1799479639377921,0.2619350154292827,0.22176345,0.33654034,0.35193208427574035,3.2889894054038207,376
E2F4,HNRNPF,Activation,DoRothEA_AB,0.5,B,0.1799479639377921,0.4828462515883598,0.22176345,0.77536887,0.8935829169896682,6.266478355725733,377
E2F4,HNRNPL,Activation,DoRothEA_AB,0.5,B,0.1799479639377921,0.179040358201724,0.22176345,0.20324755,0.18740734223523836,2.1717174629389016,378
E2F4,HNRNPUL1,Activation,DoRothEA_AB,0.5,B,0.1799479639377921,0.1772251467295878,0.22176345,0.20094846,0.18456955041485634,2.1472516539798177,379
E2F4,ID3,Activation,DoRothEA_AB,1.0,A,0.1799479639377921,0.1262177043625605,0.22176345,0.16482274,0.13997918086803085,1.4597624222295513,380
E2F4,IER5,Activation,DoRothEA_AB,0.5,B,0.1799479639377921,0.0821685726387122,0.22176345,0.090880565,0.04871154915450261,0.8660587914889762,381
E2F4,IFNAR2,Activation,DoRothEA_AB,1.0,A,0.1799479639377921,0.1053427724329897,0.22176345,0.115930095,0.0796304567824832,1.1784056192000227,382
E2F4,ING2,Activation,DoRothEA_AB,0.5,B,0.1799479639377921,0.060386034973073,0.22176345,0.064015806,0.015552084606905886,0.5724690839799015,383
E2F4,INSIG1,Activation,DoRothEA_AB,1.0,A,0.1799479639377921,0.0861015308283415,0.22176345,0.10612825,0.06753193277270006,0.9190680442336703,384
E2F4,IRF2BP2,Activation,DoRothEA_AB,0.5,B,0.1799479639377921,0.1000181521147222,0.22176345,0.108608864,0.07059378164278567,1.1066392462533583,385
E2F4,ITGB3BP,Activation,DoRothEA_AB,1.0,A,0.1799479639377921,0.059841471531432,0.22176345,0.063652754,0.015103965570255168,0.5651293412921744,386
E2F4,JADE1,Activation,DoRothEA_AB,0.5,B,0.1799479639377921,0.0821685726387122,0.22176345,0.087734215,0.04482797509082571,0.8660587914889762,387
E2F4,JADE2,Activation,DoRothEA_AB,0.5,B,0.1799479639377921,0.0879772493495493,0.22176345,0.09299824,0.05132541846506787,0.9443493801580625,388
E2F4,JUN,Activation,DoRothEA_AB,1.0,A,0.1799479639377921,0.0778120651055843,0.22176345,0.09759687,0.05700155754573169,0.8073408499871605,389
E2F4,KCNAB2,Activation,DoRothEA_AB,0.5,B,0.1799479639377921,0.113934773401103,0.22176345,0.12657939,0.0927749975546301,1.2942104482730474,390
E2F4,KHDRBS1,Activation,DoRothEA_AB,1.0,A,0.1799479639377921,0.3369637562776135,0.22176345,0.42935663,0.46649624164243986,4.300242842379765,391
E2F4,KPNB1,Activation,DoRothEA_AB,0.5,B,0.1799479639377921,0.2828704544079298,0.22176345,0.37568864,0.4002532572275871,3.5711617353987206,392
E2F4,LGALS1,Activation,DoRothEA_AB,1.0,A,0.1799479639377921,0.2383372662915066,0.22176345,0.5627724,0.6311727792359957,2.970933888935652,393
E2F4,LTBP4,Activation,DoRothEA_AB,0.5,B,0.1799479639377921,0.0626853028377791,0.22176345,0.06667807,0.01883814604986703,0.6034591086614113,394
E2F4,LUC7L,Repression,DoRothEA_AB,-1.0,A,0.1799479639377921,0.0648030495552718,0.22176345,0.069219336,0.021974858343955097,0.6320025524470159,395
E2F4,MAD2L2,Activation,DoRothEA_AB,0.5,B,0.1799479639377921,0.1157499848732396,0.22176345,0.12609528,0.09217745531045299,1.318676257232137,396
E2F4,MAEA,Activation,DoRothEA_AB,0.5,B,0.1799479639377921,0.0568161190778714,0.22176345,0.058691233,0.008979906176993655,0.5243529930270304,397
E2F4,MAPRE1,Activation,DoRothEA_AB,1.0,A,0.1799479639377921,0.1567132570944487,0.22176345,0.18128225,0.16029533327854806,1.8707880127421657,398
E2F4,MBP,Activation,DoRothEA_AB,1.0,A,0.1799479639377921,0.163248018394139,0.22176345,0.19247696,0.1741130857238846,1.9588649249948684,399
E2F4,MCM3,Activation,DoRothEA_AB,1.0,A,0.1799479639377921,0.0728504870817442,0.22176345,0.078476764,0.033401402522815184,0.7404676388323148,400
E2F4,MCM7,Activation,DoRothEA_AB,1.0,A,0.1799479639377921,0.0563320626853017,0.22176345,0.06171659,0.012714137263351941,0.5178287773046073,401
E2F4,MED15,Activation,DoRothEA_AB,0.5,B,0.1799479639377921,0.0726689659345305,0.22176345,0.07654057,0.03101153718658531,0.7380210579364053,402
E2F4,MFAP1,Activation,DoRothEA_AB,1.0,A,0.1799479639377921,0.0625037816905655,0.22176345,0.06595199,0.017941937600026884,0.6010125277655033,403
E2F4,MGRN1,Activation,DoRothEA_AB,0.5,B,0.1799479639377921,0.0825316149331395,0.22176345,0.08749219,0.0445292409980638,0.8709519532807938,404
E2F4,MIDN,Activation,DoRothEA_AB,0.5,B,0.1799479639377921,0.0678889090579041,0.22176345,0.073333755,0.027053330515042065,0.6735944276774691,405
E2F4,MXI1,Activation,DoRothEA_AB,0.5,B,0.1799479639377921,0.0945120106492412,0.22176345,0.103828885,0.06469380151682373,1.0324262924107868,406
E2F4,MYC,Repression,DoRothEA_AB,-1.0,A,0.1799479639377921,0.285230229321708,0.22176345,0.60675657,0.6854629191836673,3.6029672870455456,407
E2F4,MYO9B,Activation,DoRothEA_AB,0.5,B,0.1799479639377921,0.0688570218430436,0.22176345,0.073515266,0.0272773715187041,0.6866428591223167,408
E2F4,NAP1L4,Activation,DoRothEA_AB,1.0,A,0.1799479639377921,0.2749440309795981,0.22176345,0.345194,0.3626133910381407,3.464327702944004,409
E2F4,NASP,Activation,DoRothEA_AB,1.0,A,0.1799479639377921,0.1683911175651916,0.22176345,0.19895074,0.18210374286690753,2.0281847170456073,410
E2F4,NCL,Activation,DoRothEA_AB,1.0,A,0.1799479639377921,0.4531977975434549,0.22176345,0.9744363,1.1392940133619154,5.8668701427271746,411
E2F4,NFATC2IP,Activation,DoRothEA_AB,0.5,B,0.1799479639377921,0.1240394505959968,0.22176345,0.13565633,0.10397876342986694,1.430403451478647,412
E2F4,NFIC,Activation,DoRothEA_AB,0.5,B,0.1799479639377921,0.0736975857687413,0.22176345,0.07926337,0.034372318873485845,0.7518850163465569,413
E2F4,NFKB2,Activation,DoRothEA_AB,1.0,A,0.1799479639377921,0.2034852060264915,0.22176345,0.25389338,0.24992004165564302,2.501190356921235,414
E2F4,NOLC1,Activation,DoRothEA_AB,0.5,B,0.1799479639377921,0.1394687481091548,0.22176345,0.1817053,0.16081750849988022,1.6383628276308664,415
E2F4,NPAT,Activation,DoRothEA_AB,1.0,A,0.1799479639377921,0.0673443456162631,0.22176345,0.071458034,0.02473810766116563,0.666254684989742,416
E2F4,NR3C1,Activation,DoRothEA_AB,0.5,B,0.1799479639377921,0.1855146124523431,0.22176345,0.2315664,0.22236160713684086,2.2589788482263016,417
E2F4,NUDT2,Activation,DoRothEA_AB,0.5,B,0.1799479639377921,0.0669207962727646,0.22176345,0.07109502,0.024290035528328646,0.6605459962326217,418
E2F4,NXT1,Activation,DoRothEA_AB,1.0,A,0.1799479639377921,0.2162521933805161,0.22176345,0.26496512,0.26358601089103456,2.673266546600127,419
E2F4,OGFR,Activation,DoRothEA_AB,1.0,A,0.1799479639377921,0.1637925818357799,0.22176345,0.18225041,0.16149034370824897,1.9662046676825944,420
E2F4,PARK7,Activation,DoRothEA_AB,1.0,A,0.1799479639377921,0.485206026502138,0.22176345,0.85469055,0.9914905302988296,6.298283907372558,421
E2F4,PAXX,Activation,DoRothEA_AB,0.5,B,0.1799479639377921,0.2380952380952218,0.22176345,0.2943086,0.29980498775820513,2.967671781074441,422
E2F4,PCNA,Activation,DoRothEA_AB,1.0,A,0.1799479639377921,0.0808979246082165,0.22176345,0.09172769,0.04975716476582758,0.8489327252176124,423
E2F4,PDXK,Activation,DoRothEA_AB,1.0,A,0.1799479639377921,0.0776305439583706,0.22176345,0.085374504,0.04191535811007877,0.804894269091251,424
E2F4,PIM2,Activation,DoRothEA_AB,1.0,A,0.1799479639377921,0.3818599866884695,0.22176345,0.6613891,0.7528964458228049,4.905363850634725,425
E2F4,PKM,Activation,DoRothEA_AB,0.5,B,0.1799479639377921,0.6205602952744895,0.22176345,1.616421,1.9317027187498743,8.122617728755772,426
E2F4,PLEC,Activation,DoRothEA_AB,0.5,B,0.1799479639377921,0.0791432201851511,0.22176345,0.08579805,0.042438145549611596,0.8252824432238256,427
E2F4,PNKP,Activation,DoRothEA_AB,0.5,B,0.1799479639377921,0.134265141889031,0.22176345,0.1475168,0.11861827069225611,1.5682275086148245,428
E2F4,PNPLA8,Activation,DoRothEA_AB,0.5,B,0.1799479639377921,0.0618987111998533,0.22176345,0.06564947,0.017568533870072,0.5928572581124734,429
E2F4,POLD2,Activation,DoRothEA_AB,1.0,A,0.1799479639377921,0.165002722817204,0.22176345,0.21177918,0.19793802603992885,1.9825152069886498,430
E2F4,PPIA,Activation,DoRothEA_AB,1.0,A,0.1799479639377921,0.7970593574152806,0.22176345,2.426599,2.9317142456816,10.50150988654515,431
E2F4,PRKCSH,Activation,DoRothEA_AB,1.0,A,0.1799479639377921,0.1574998487323744,0.22176345,0.1765021,0.1543951420854242,1.8813898632911026,432
E2F4,PRKDC,Activation,DoRothEA_AB,0.5,B,0.1799479639377921,0.094754038845526,0.22176345,0.104070924,0.06499255288993808,1.0356884002719977,433
E2F4,PRPSAP1,Activation,DoRothEA_AB,1.0,A,0.1799479639377921,0.0820475585405697,0.22176345,0.08694763,0.04385708466068369,0.8644277375583694,434
E2F4,PSMG3,Activation,DoRothEA_AB,0.5,B,0.1799479639377921,0.1147213650390289,0.22176345,0.12881838,0.09553860729062004,1.3048122988219868,435
E2F4,PTBP1,Activation,DoRothEA_AB,0.5,B,0.1799479639377921,0.1719610334603928,0.22176345,0.20143212,0.18516653721913365,2.076300807998473,436
E2F4,PTMA,Activation,DoRothEA_AB,0.5,B,0.1799479639377921,0.9925576329644392,0.22176345,10.589342,13.007076809687602,13.136477511439727,437
E2F4,RAB35,Activation,DoRothEA_AB,0.5,B,0.1799479639377921,0.064016457917346,0.22176345,0.06631503,0.01839004182494695,0.621400701898078,438
E2F4,RABIF,Activation,DoRothEA_AB,1.0,A,0.1799479639377921,0.0913656440975377,0.22176345,0.09753623,0.05692670893345989,0.9900188902150308,439
E2F4,RAD21,Activation,DoRothEA_AB,0.5,B,0.1799479639377921,0.199249712591507,0.22176345,0.2372544,0.22938236746998697,2.4441034693500385,440
E2F4,RAD9A,Activation,DoRothEA_AB,0.5,B,0.1799479639377921,0.0819870514914985,0.22176345,0.085919015,0.04258745396622535,0.8636122105930667,441
E2F4,RALGDS,Activation,DoRothEA_AB,0.5,B,0.1799479639377921,0.0653476129969128,0.22176345,0.068372235,0.020929272356091447,0.639342295134743,442
E2F4,RASSF1,Activation,DoRothEA_AB,0.5,B,0.1799479639377921,0.0777515580565131,0.22176345,0.0836803,0.0398241836657297,0.8065253230218576,443
E2F4,RB1,Repression,DoRothEA_AB,-1.0,A,0.1799479639377921,0.0703091910207529,0.22176345,0.07424133,0.028173560219570026,0.7062155062895887,444
E2F4,RBBP5,Activation,DoRothEA_AB,1.0,A,0.1799479639377921,0.0641374720154884,0.22176345,0.066980585,0.01921154360826746,0.6230317558286833,445
E2F4,RECQL,Activation,DoRothEA_AB,1.0,A,0.1799479639377921,0.0827131360803531,0.22176345,0.090335995,0.04803938047401363,0.873398534176702,446
E2F4,REL,Activation,DoRothEA_AB,1.0,A,0.1799479639377921,0.0812609669026439,0.22176345,0.09596319,0.05498508853359137,0.8538258870094313,447
E2F4,RHOF,Activation,DoRothEA_AB,0.5,B,0.1799479639377921,0.2412416046469245,0.22176345,0.2992099,0.3058547157154571,3.0100791832701868,448
E2F4,RPA3,Activation,DoRothEA_AB,1.0,A,0.1799479639377921,0.1933805288316,0.22176345,0.22999293,0.22041945598329032,2.3649973537156668,449
E2F4,RPS4X,Activation,DoRothEA_AB,1.0,A,0.1799479639377921,0.9967326193503544,0.22176345,14.840935,18.2548643425782,13.192748872045646,452
E2F4,SAE1,Activation,DoRothEA_AB,0.5,B,0.1799479639377921,0.0997761239184374,0.22176345,0.110303044,0.07268492646367342,1.1033771383921473,455
E2F4,SAYSD1,Activation,DoRothEA_AB,1.0,A,0.1799479639377921,0.0525806256428864,0.22176345,0.055544917,0.005096374079886942,0.4672661054558269,456
E2F4,SEPTIN9,Activation,DoRothEA_AB,0.5,B,0.1799479639377921,0.2915834694741876,0.22176345,0.3915392,0.4198177760226209,3.6885976184023797,457
E2F4,SERBP1,Activation,DoRothEA_AB,0.5,B,0.1799479639377921,0.5148544805470429,0.22176345,1.067341,1.2539672961542572,6.697892120371115,458
E2F4,SETD5,Activation,DoRothEA_AB,0.5,B,0.1799479639377921,0.143038664004356,0.22176345,0.16016383,0.13422863752701508,1.6864789185837317,459
E2F4,SFPQ,Activation,DoRothEA_AB,1.0,A,0.1799479639377921,0.3307315302232763,0.22176345,0.49168247,0.5434257045823153,4.216243564953537,460
E2F4,SKP1,Activation,DoRothEA_AB,1.0,A,0.1799479639377921,0.6076722938223166,0.22176345,1.0981395,1.2919822200502489,7.948910485146195,461
E2F4,SLC38A1,Activation,DoRothEA_AB,0.5,B,0.1799479639377921,0.2667755793549815,0.22176345,0.3271632,0.34035777827180963,3.354231562628075,462
E2F4,SLC3A2,Activation,DoRothEA_AB,0.5,B,0.1799479639377921,0.33091305137049,0.22176345,0.5067497,0.5620233506291488,4.218690145849446,463
E2F4,SMARCA2,Activation,DoRothEA_AB,0.5,B,0.1799479639377921,0.0628668239849928,0.22176345,0.06625451,0.018315341329981766,0.6059056895573208,464
E2F4,SMARCA4,Activation,DoRothEA_AB,1.0,A,0.1799479639377921,0.1032855327645682,0.22176345,0.113570355,0.07671780400672053,1.150677702379721,465
E2F4,SMARCA5,Activation,DoRothEA_AB,1.0,A,0.1799479639377921,0.1146003509408864,0.22176345,0.12579268,0.091803952835627,1.3031812448913802,466
E2F4,SMC1A,Activation,DoRothEA_AB,0.5,B,0.1799479639377921,0.0740001210140974,0.22176345,0.07877931,0.03377483834485316,0.7559626511730719,467
E2F4,SMC4,Activation,DoRothEA_AB,1.0,A,0.1799479639377921,0.055000907605735,0.22176345,0.05893329,0.00927867976770398,0.49988718406794347,468
E2F4,SNRNP25,Activation,DoRothEA_AB,0.5,B,0.1799479639377921,0.0666787680764797,0.22176345,0.07393883,0.027800181175832914,0.6572838883714095,469
E2F4,SOD2,Activation,DoRothEA_AB,0.5,B,0.1799479639377921,0.1158104919223108,0.22176345,0.1359588,0.10435210544427741,1.3194917841974398,470
E2F4,SQSTM1,Activation,DoRothEA_AB,0.5,B,0.1799479639377921,0.284201609487497,0.22176345,0.3697598,0.3929352254600818,3.5891033286353915,471
E2F4,SRPRA,Activation,DoRothEA_AB,1.0,A,0.1799479639377921,0.1082471107884082,0.22176345,0.118955396,0.08336461874743176,1.2175509135345652,472
E2F4,SRRM2,Activation,DoRothEA_AB,1.0,A,0.1799479639377921,0.3713317601500747,0.22176345,0.50831777,0.5639588365039021,4.763462158671972,473
E2F4,SRSF8,Activation,DoRothEA_AB,1.0,A,0.1799479639377921,0.2330731530223116,0.22176345,0.27857882,0.28038954903227076,2.899983042954308,474
E2F4,SSBP4,Activation,DoRothEA_AB,0.5,B,0.1799479639377921,0.1530828341501763,0.22176345,0.17722782,0.15529090618334454,1.8218563948239972,475
E2F4,STAT1,Activation,DoRothEA_AB,0.5,B,0.1799479639377921,0.3569915895201921,0.22176345,0.62375486,0.7064440936146298,4.570182267895118,476
E2F4,STMN1,Activation,DoRothEA_AB,1.0,A,0.1799479639377921,0.2339807587583797,0.22176345,0.29727343,0.30346450970942207,2.91221594743385,477
E2F4,SUZ12,Activation,DoRothEA_AB,1.0,A,0.1799479639377921,0.0979609124463007,0.22176345,0.10745924,0.06917478822203448,1.0789113294330566,478
E2F4,TFAM,Activation,DoRothEA_AB,1.0,A,0.1799479639377921,0.1231318448599285,0.22176345,0.14388615,0.1141369198653333,1.418170546999102,479
E2F4,TFAP4,Activation,DoRothEA_AB,0.5,B,0.1799479639377921,0.0577842318630108,0.22176345,0.06171656,0.012714100234025284,0.5374014244718764,480
E2F4,TFRC,Activation,DoRothEA_AB,1.0,A,0.1799479639377921,0.0755733042899491,0.22176345,0.08954951,0.047068613474960455,0.7771663522709492,481
E2F4,TIAL1,Activation,DoRothEA_AB,0.5,B,0.1799479639377921,0.183154837538566,0.22176345,0.21026666,0.19607110613502549,2.2271732965794917,482
E2F4,TLE4,Activation,DoRothEA_AB,0.5,B,0.1799479639377921,0.0975978701518734,0.22176345,0.10727771,0.06895072376646555,1.0740181676412388,483
E2F4,TMPO,Activation,DoRothEA_AB,1.0,A,0.1799479639377921,0.1094572517698327,0.22176345,0.11998401,0.08463424820757923,1.2338614528406264,484
E2F4,TNPO1,Activation,DoRothEA_AB,0.5,B,0.1799479639377921,0.071700853149391,0.22176345,0.07678261,0.031310289794010536,0.7249726264915578,485
E2F4,TOP1,Activation,DoRothEA_AB,1.0,A,0.1799479639377921,0.1654262721607025,0.22176345,0.20633323,0.19121603065731682,1.9882238957457703,486
E2F4,TPD52L2,Activation,DoRothEA_AB,0.5,B,0.1799479639377921,0.062080232347067,0.22176345,0.06516541,0.016971053341439307,0.5953038390083829,487
E2F4,TPRA1,Activation,DoRothEA_AB,0.5,B,0.1799479639377921,0.0556059780964471,0.22176345,0.057481106,0.0074862332445623705,0.5080424537209721,488
E2F4,TRAF3,Activation,DoRothEA_AB,0.5,B,0.1799479639377921,0.0828946572275668,0.22176345,0.090638526,0.048412797781388274,0.8758451150726114,489
E2F4,TRIM28,Activation,DoRothEA_AB,0.5,B,0.1799479639377921,0.083499727718279,0.22176345,0.091727644,0.049757107987526715,0.8840003847256414,490
E2F4,TSNAX,Activation,DoRothEA_AB,1.0,A,0.1799479639377921,0.0821685726387122,0.22176345,0.08706864,0.04400644862128743,0.8660587914889762,491
E2F4,UBE2M,Activation,DoRothEA_AB,0.5,B,0.1799479639377921,0.0632903733284913,0.22176345,0.07266825,0.026231890447265975,0.6116143783144412,492
E2F4,UIMC1,Activation,DoRothEA_AB,0.5,B,0.1799479639377921,0.054456344164094,0.22176345,0.05711809,0.007038158643103628,0.49254744138021633,493
E2F4,UMPS,Activation,DoRothEA_AB,1.0,A,0.1799479639377921,0.0597204574332896,0.22176345,0.06347125,0.014879933206769348,0.5634982873615689,494
E2F4,USP5,Activation,DoRothEA_AB,0.5,B,0.1799479639377921,0.0661342046348387,0.22176345,0.06964287,0.022497630971757245,0.6499441456836823,495
E2F4,UXT,Activation,DoRothEA_AB,1.0,A,0.1799479639377921,0.5546681188359152,0.22176345,0.9346697,1.090209665987779,7.234508863540609,496
E2F4,VCP,Activation,DoRothEA_AB,1.0,A,0.1799479639377921,0.1961033460398043,0.22176345,0.23840299,0.23080008461327958,2.401696067154293,497
E2F4,VHL,Activation,DoRothEA_AB,1.0,A,0.1799479639377921,0.0606280631693578,0.22176345,0.06280566,0.014058388222567735,0.5757311918411123,498
E2F4,VPS4A,Activation,DoRothEA_AB,1.0,A,0.1799479639377921,0.1329339868094644,0.22176345,0.14800094,0.11921584996575986,1.550285915378162,499
E2F4,WDR18,Activation,DoRothEA_AB,0.5,B,0.1799479639377921,0.1046771948932062,0.22176345,0.12192027,0.08702419500832773,1.1694348225816888,500
E2F4,XPO1,Activation,DoRothEA_AB,0.5,B,0.1799479639377921,0.0732135293761715,0.22176345,0.07956591,0.0347457472896585,0.7453608006241325,501
E2F4,YBX3,Activation,DoRothEA_AB,1.0,A,0.1799479639377921,0.0773280087130145,0.22176345,0.13396233,0.10188784078493911,0.8008166342647359,502
E2F4,YWHAH,Activation,DoRothEA_AB,1.0,A,0.1799479639377921,0.235251406788875,0.22176345,0.30937353,0.3183997948899954,2.929342013705208,503
E2F4,ZFP36L1,Activation,DoRothEA_AB,1.0,A,0.1799479639377921,0.2643552973921321,0.22176345,0.35414845,0.373665966172659,3.321610484015948,504
E2F4,ZNF131,Activation,DoRothEA_AB,0.5,B,0.1799479639377921,0.1188963514249431,0.22176345,0.12990758,0.0968830187102513,1.3610836594278932,505
E2F4,ZNF267,Activation,DoRothEA_AB,1.0,A,0.1799479639377921,0.1498759605494023,0.22176345,0.17746964,0.15558938724237434,1.778633465662948,506
EHMT2,RUNX3,Activation,TRRUST,,,0.067041810370907,0.2065105584800518,0.07073198,0.26786903,0.26717033862293094,2.541966705186375,507
EIF2AK2,CD4,Unknown,TRRUST,,,0.0660736975857675,0.0900344890179708,0.07073199,0.09783875,0.057300112663414775,0.9720772969783643,508
ELF1,FLI1,Activation,TRRUST,,,0.217099292067513,0.0678284020088329,0.25794813,0.07127652,0.024514062954570915,0.6727789007121665,509
ELF2,VCP,Activation,DoRothEA_AB,1.0,A,0.0821685726387122,0.1961033460398043,0.08604003,0.23840299,0.23080008461327958,2.401696067154293,510
ELK1,ACTG1,Activation,DoRothEA_AB,0.5,B,0.0573001754704411,0.8443758697889859,0.061172,3.4108784,4.146621026316772,11.139251973412238,511
ELK1,ARHGAP1,Activation,DoRothEA_AB,0.5,B,0.0573001754704411,0.055000907605735,0.061172,0.056876052,0.0067394085043001786,0.49988718406794347,512
ELK1,CDKN1B,Activation,DoRothEA_AB,1.0,A,0.0573001754704411,0.1297271132086905,0.061172,0.14558037,0.11622811405865656,1.507062986217114,513
ELK1,CHERP,Activation,DoRothEA_AB,0.5,B,0.0573001754704411,0.0576027107157971,0.061172,0.059477814,0.009950791669892102,0.534954843575967,514
ELK1,CITED2,Activation,DoRothEA_AB,1.0,A,0.0573001754704411,0.1376535366370186,0.061172,0.15955848,0.1334814474307299,1.6138970186717823,515
ELK1,DAP3,Unknown,TRRUST,,,0.0573001754704411,0.2051188963514141,0.061172,0.23900984,0.2315491261758973,2.523209584984411,516
ELK1,DDIT4,Activation,DoRothEA_AB,1.0,A,0.0573001754704411,0.2307738851576057,0.061172,0.42887402,0.46590055086459536,2.8689930182728003,517
ELK1,EIF2AK1,Activation,TRRUST,,,0.0573001754704411,0.0983239547407281,0.061172,0.10679367,0.06835326792405064,1.0838044912248754,518
ELK1,EZH2,Activation,TRRUST,,,0.0573001754704411,0.0557269921945895,0.061172,0.06401585,0.015552138916584982,0.5096735076515775,519
ELK1,IER2,Activation,DoRothEA_AB,1.0,A,0.0573001754704411,0.3243177830217255,0.061172,0.43861282,0.4779212577444201,4.1297977066314004,520
ELK1,JUNB,Activation,DoRothEA_AB,1.0,A,0.0573001754704411,0.4286319356205337,0.061172,0.76545453,0.8813455391764958,5.535766194814083,521
ELK1,LY96,Activation,DoRothEA_AB,1.0,A,0.0573001754704411,0.1208930840442934,0.061172,0.1407391,0.11025248178403452,1.3879960492828922,522
ELK1,MCL1,Activation,DoRothEA_AB,1.0,A,0.0573001754704411,0.2454165910328378,0.061172,0.30060118,0.30757198776825245,3.0663505438760805,523
ELK1,MDM4,Activation,DoRothEA_AB,1.0,A,0.0573001754704411,0.2403339989108564,0.061172,0.2954593,0.30122530929747227,2.9978462787906444,524
ELK1,NR1H2,Activation,DoRothEA_AB,1.0,A,0.0573001754704411,0.2138319114176678,0.061172,0.25099024,0.2463366643431307,2.6406454679880142,525
ELK1,PRKCA,Activation,DoRothEA_AB,1.0,A,0.0573001754704411,0.1628244690506406,0.061172,0.18696989,0.16731564925977435,1.9531562362377495,526
ELK1,PSMD12,Activation,DoRothEA_AB,0.5,B,0.0573001754704411,0.1523567495613218,0.061172,0.17541245,0.15305017522589315,1.8120700712403637,527
ELK1,SLU7,Activation,DoRothEA_AB,1.0,A,0.0573001754704411,0.1107278998003283,0.061172,0.12034704,0.0850823400893904,1.2509875191119888,528
ELK1,SOD1,Activation,DoRothEA_AB,1.0,A,0.0573001754704411,0.6184425485569963,0.061172,1.1746998,1.3864814319584355,8.09407428497016,529
ELK1,ZFP36,Unknown,TRRUST,,,0.0573001754704411,0.3185696133599582,0.061172,0.43389544,0.47209854424576037,4.052322644927598,530
ELK4,MCL1,Unknown,TRRUST,,,0.0902160101651845,0.2454165910328378,0.096205086,0.30060118,0.30757198776825245,3.0663505438760805,531
ENO1,MYC,Repression,TRRUST,,,0.7668058328796633,0.285230229321708,3.0057914,0.60675657,0.6854629191836673,3.6029672870455456,532
EP300,CREBBP,Unknown,TRRUST,,,0.0646215284080582,0.0628668239849928,0.068009205,0.065891474,0.01786724204230525,0.6059056895573208,533
EP300,DNMT1,Activation,TRRUST,,,0.0646215284080582,0.1480002420281949,0.068009205,0.16905911,0.14520817848626755,1.7533521297385612,534
EP300,EIF2AK1,Activation,TRRUST,,,0.0646215284080582,0.0983239547407281,0.068009205,0.10679367,0.06835326792405064,1.0838044912248754,535
EP300,EZH2,Unknown,TRRUST,,,0.0646215284080582,0.0557269921945895,0.068009205,0.06401585,0.015552138916584982,0.5096735076515775,536
EP300,MGMT,Unknown,TRRUST,,,0.0646215284080582,0.1004417014582208,0.068009205,0.10667264,0.06820387927722914,1.11234793501048,537
EP300,MYC,Repression,TRRUST,,,0.0646215284080582,0.285230229321708,0.068009205,0.60675657,0.6854629191836673,3.6029672870455456,538
EP300,NFKB1,Unknown,TRRUST,,,0.0646215284080582,0.1009257578507906,0.068009205,0.11804789,0.08224447421035508,1.1188721507329042,539
EP300,PARP1,Unknown,TRRUST,,,0.0646215284080582,0.2079022206086896,0.068009205,0.24947752,0.24446949757604974,2.56072382538834,540
EP300,PCNA,Repression,TRRUST,,,0.0646215284080582,0.0808979246082165,0.068009205,0.09172769,0.04975716476582758,0.8489327252176124,541
EP300,RELA,Unknown,TRRUST,,,0.0646215284080582,0.1190173655230855,0.068009205,0.13057321,0.09770461306688845,1.3627147133584987,542
EP300,TRIM22,Activation,TRRUST,,,0.0646215284080582,0.1159315060204533,0.068009205,0.12930244,0.0961360878192527,1.3211228381280464,544
EP300,YY1,Unknown,TRRUST,,,0.0646215284080582,0.2130453197797422,0.068009205,0.2520799,0.2476816435457707,2.630043617439079,545
EP300,ZEB1,Unknown,TRRUST,,,0.0646215284080582,0.0646215284080582,0.068009205,0.06861427,0.021228018791962233,0.6295559715511077,546
ESRRA,AHR,Unknown,TRRUST,,,0.0776305439583706,0.0503418648272515,0.08561651,0.054092813,0.0033040263016164027,0.4370916077396197,547
ESRRA,DAP3,Unknown,TRRUST,,,0.0776305439583706,0.2051188963514141,0.08561651,0.23900984,0.2315491261758973,2.523209584984411,548
ESRRA,PNRC1,Unknown,TRRUST,,,0.0776305439583706,0.5099534095722729,0.08561651,0.81003445,0.936371019835924,6.631834436181558,549
ETS1,ACLY,Activation,DoRothEA_AB,0.5,B,0.2819023416227901,0.0608095843165715,0.35590377,0.064076304,0.015626757947031538,0.5781777727370216,550
ETS1,ACTG1,Activation,DoRothEA_AB,0.5,B,0.2819023416227901,0.8443758697889859,0.35590377,3.4108784,4.146621026316772,11.139251973412238,552
ETS1,ACTN1,Activation,DoRothEA_AB,0.5,B,0.2819023416227901,0.08652508017184,0.35590377,0.09838333,0.05797229368701265,0.9247767329907907,553
ETS1,ACTN4,Activation,DoRothEA_AB,0.5,B,0.2819023416227901,0.0889453621346889,0.35590377,0.096749656,0.05595583208073766,0.9573978116029114,554
ETS1,ADAM10,Activation,DoRothEA_AB,0.5,B,0.2819023416227901,0.0531251890845273,0.35590377,0.055847455,0.005469800027437812,0.47460584814355256,555
ETS1,AHNAK,Activation,DoRothEA_AB,0.5,B,0.2819023416227901,0.0890058691837601,0.35590377,0.100561574,0.06066092397377663,0.9582133385682141,556
ETS1,ALDOA,Activation,DoRothEA_AB,0.5,B,0.2819023416227901,0.6981908392328834,0.35590377,1.8180721,2.1806028671351205,9.168938825239753,557
ETS1,ANKRD11,Activation,DoRothEA_AB,0.5,B,0.2819023416227901,0.2336177164639525,0.35590377,0.2984843,0.30495909973484336,2.9073227856420334,558
ETS1,ARHGDIA,Activation,DoRothEA_AB,0.5,B,0.2819023416227901,0.4308706964361694,0.35590377,0.67596704,0.7708901558950595,5.565940692530301,559
ETS1,ARHGEF2,Activation,DoRothEA_AB,0.5,B,0.2819023416227901,0.0914866581956801,0.35590377,0.09693115,0.056179852101114584,0.9916499441456361,560
ETS1,ARHGEF3,Activation,DoRothEA_AB,0.5,B,0.2819023416227901,0.0828946572275668,0.35590377,0.0894889,0.04699380189201531,0.8758451150726114,561
ETS1,ARID1A,Activation,DoRothEA_AB,0.5,B,0.2819023416227901,0.0880377563986206,0.35590377,0.093784824,0.052296307660899,0.9451649071233666,562
ETS1,ARPC5L,Activation,DoRothEA_AB,0.5,B,0.2819023416227901,0.2739759181944584,0.35590377,0.4050952,0.4365500944255971,3.451279271499154,563
ETS1,ATP5F1B,Activation,DoRothEA_AB,1.0,A,0.2819023416227901,0.3908755370000834,0.35590377,0.58848274,0.6629073318421315,5.026877368464898,564
ETS1,ATXN2,Activation,DoRothEA_AB,1.0,A,0.2819023416227901,0.0718823742966047,0.35590377,0.07714564,0.03175838167582172,0.7274192073874673,565
ETS1,B3GAT3,Activation,DoRothEA_AB,1.0,A,0.2819023416227901,0.1285774792763376,0.35590377,0.14049728,0.10995400072500473,1.4915679738763612,566
ETS1,BAX,Repression,DoRothEA_AB,-1.0,A,0.2819023416227901,0.3966842137109219,0.35590377,0.62054837,0.7024862880941252,5.105167957134004,567
ETS1,BAZ2A,Activation,DoRothEA_AB,0.5,B,0.2819023416227901,0.1330550009076068,0.35590377,0.14503574,0.11555587131951428,1.5519169693087678,568
ETS1,BBC3,Activation,DoRothEA_AB,0.5,B,0.2819023416227901,0.1031040116173545,0.35590377,0.1201656,0.08485838672180143,1.1482311214838115,569
ETS1,BCL2,Activation,DoRothEA_AB,1.0,A,0.2819023416227901,0.1349307194288143,0.35590377,0.15768246,0.13116585551789783,1.577198305233156,570
ETS1,BCL3,Activation,DoRothEA_AB,0.5,B,0.2819023416227901,0.0808374175591453,0.35590377,0.09009399,0.047740671067469494,0.8481171982523096,571
ETS1,BHLHE40,Activation,DoRothEA_AB,0.5,B,0.2819023416227901,0.0874931929569796,0.35590377,0.10933506,0.07149013327268885,0.9378251644356395,572
ETS1,BID,Activation,DoRothEA_AB,1.0,A,0.2819023416227901,0.1019543776850013,0.35590377,0.11290482,0.07589632690961778,1.1327361091430546,573
ETS1,BIRC2,Activation,DoRothEA_AB,1.0,A,0.2819023416227901,0.0942094754038851,0.35590377,0.10328432,0.0640216390078892,1.028348657584272,574
ETS1,CASP1,Activation,TRRUST,,,0.2819023416227901,0.0819870514914985,0.35590377,0.088641815,0.045948235653125884,0.8636122105930667,575
ETS1,CASP8,Activation,DoRothEA_AB,1.0,A,0.2819023416227901,0.1558056513583806,0.35590377,0.17607825,0.1538719794153813,1.8585551082626235,576
ETS1,CCDC12,Activation,DoRothEA_AB,0.5,B,0.2819023416227901,0.2721607067223213,0.35590377,0.33030897,0.3442406364351713,3.426813462540058,577
ETS1,CCDC88C,Activation,DoRothEA_AB,0.5,B,0.2819023416227901,0.155624130211167,0.35590377,0.17093487,0.1475234494782686,1.8561085273667155,578
ETS1,CCDC97,Activation,DoRothEA_AB,0.5,B,0.2819023416227901,0.0563925697343729,0.35590377,0.058691233,0.008979906176993655,0.51864430426991,579
ETS1,CCND3,Repression,DoRothEA_AB,-0.5,B,0.2819023416227901,0.3118533309130512,0.35590377,0.4842406,0.5342401234113536,3.961799151778945,580
ETS1,CD3D,Activation,DoRothEA_AB,1.0,A,0.2819023416227901,0.7606341138743974,0.35590377,1.9210985,2.3077694744464505,10.010562653432636,581
ETS1,CD4,Activation,DoRothEA_AB,1.0,A,0.2819023416227901,0.0900344890179708,0.35590377,0.09783875,0.057300112663414775,0.9720772969783643,582
ETS1,CD5,Activation,DoRothEA_AB,1.0,A,0.2819023416227901,0.1284564651781951,0.35590377,0.14824295,0.11951456554385846,1.4899369199457544,583
ETS1,CD53,Activation,DoRothEA_AB,1.0,A,0.2819023416227901,0.3646759847522389,0.35590377,0.49494496,0.5474526315125695,4.673754192488622,584
ETS1,CD6,Activation,DoRothEA_AB,1.0,A,0.2819023416227901,0.2909783989834753,0.35590377,0.38924196,0.41698226767738245,3.680442348749348,585
ETS1,CD8A,Activation,DoRothEA_AB,1.0,A,0.2819023416227901,0.0560900344890168,0.35590377,0.08749249,0.044529611291330325,0.5145666694433951,586
ETS1,CDC37,Activation,DoRothEA_AB,1.0,A,0.2819023416227901,0.3055000907605715,0.35590377,0.40739548,0.4393893550759363,3.87616882042211,587
ETS1,CDC42EP3,Activation,DoRothEA_AB,0.5,B,0.2819023416227901,0.1060083499727731,0.35590377,0.12113367,0.0860532860635224,1.1873764158183553,588
ETS1,CDK4,Activation,DoRothEA_AB,1.0,A,0.2819023416227901,0.193985599322312,0.35590377,0.2672014,0.26634627564451696,2.3731526233686937,589
ETS1,CDK6,Activation,DoRothEA_AB,0.5,B,0.2819023416227901,0.0611121195619275,0.35590377,0.072728746,0.026306561318769836,0.5822554075635353,590
ETS1,CDKN1B,Activation,DoRothEA_AB,1.0,A,0.2819023416227901,0.1297271132086905,0.35590377,0.14558037,0.11622811405865656,1.507062986217114,591
ETS1,CFLAR,Activation,DoRothEA_AB,0.5,B,0.2819023416227901,0.2315604767955314,0.35590377,0.3248015,0.33744270624670575,2.879594868821737,592
ETS1,CHD2,Activation,DoRothEA_AB,0.5,B,0.2819023416227901,0.1060083499727731,0.35590377,0.11514351,0.07865956635234123,1.1873764158183553,593
ETS1,CHD9,Activation,DoRothEA_AB,0.5,B,0.2819023416227901,0.062080232347067,0.35590377,0.06552845,0.01741915756635939,0.5953038390083829,594
ETS1,CIRBP,Activation,DoRothEA_AB,0.5,B,0.2819023416227901,0.6036183215345439,0.35590377,1.0553404,1.2391548249070783,7.894270178470882,595
ETS1,CITED2,Activation,DoRothEA_AB,0.5,B,0.2819023416227901,0.1376535366370186,0.35590377,0.15955848,0.1334814474307299,1.6138970186717823,596
ETS1,CNOT1,Activation,DoRothEA_AB,0.5,B,0.2819023416227901,0.0807164034610029,0.35590377,0.08585853,0.04251279667214125,0.8464861443217042,597
ETS1,COA1,Activation,DoRothEA_AB,0.5,B,0.2819023416227901,0.1125431112724649,0.35590377,0.12210171,0.0872481483759167,1.2754533280710783,598
ETS1,COPS2,Activation,DoRothEA_AB,1.0,A,0.2819023416227901,0.0847703757487746,0.35590377,0.09075953,0.048562154336126685,0.9011264509970038,599
ETS1,COX4I1,Activation,DoRothEA_AB,1.0,A,0.2819023416227901,0.91172021540527,0.35590377,3.2437956,3.9403889070145595,12.04693348579468,600
ETS1,CSGALNACT2,Activation,DoRothEA_AB,0.5,B,0.2819023416227901,0.0523991044956728,0.35590377,0.05433479,0.003602701147455666,0.46481952455991865,601
ETS1,CSNK2A1,Activation,DoRothEA_AB,1.0,A,0.2819023416227901,0.0935438978641016,0.35590377,0.10352637,0.06432040395842331,1.0193778609659379,602
ETS1,CSNK2B,Activation,DoRothEA_AB,1.0,A,0.2819023416227901,0.3277666848187858,0.35590377,0.43420044,0.4724750090667184,4.1762827436536805,603
ETS1,CTDSP1,Activation,DoRothEA_AB,0.5,B,0.2819023416227901,0.1297876202577617,0.35590377,0.14388606,0.11413680877735335,1.5078785131824168,604
ETS1,CTSB,Activation,DoRothEA_AB,1.0,A,0.2819023416227901,0.1236159012524983,0.35590377,0.13759273,0.10636888303413983,1.4246947627215265,605
ETS1,CXCR4,Activation,DoRothEA_AB,1.0,A,0.2819023416227901,0.5044472681067905,0.35590377,0.9950035,1.1646803322655517,6.557621482338969,606
ETS1,DAD1,Activation,DoRothEA_AB,1.0,A,0.2819023416227901,0.4476916560779726,0.35590377,0.6537605,0.7434803817796547,5.7926571888845855,607
ETS1,DALRD3,Activation,DoRothEA_AB,0.5,B,0.2819023416227901,0.1340231136927462,0.35590377,0.15296276,0.125340278417977,1.5649654007536138,608
ETS1,DDIT4,Activation,DoRothEA_AB,0.5,B,0.2819023416227901,0.2307738851576057,0.35590377,0.42887402,0.46590055086459536,2.8689930182728003,609
ETS1,DHX9,Activation,DoRothEA_AB,0.5,B,0.2819023416227901,0.1247050281357803,0.35590377,0.1380162,0.10689157666604515,1.439374248096981,610
ETS1,DNAJB12,Activation,DoRothEA_AB,0.5,B,0.2819023416227901,0.0624432746414942,0.35590377,0.06534692,0.017195093110790472,0.6001970008001991,611
ETS1,DNAJB6,Activation,DoRothEA_AB,0.5,B,0.2819023416227901,0.2930961457009685,0.35590377,0.37750408,0.40249407458680064,3.708985792534959,612
ETS1,DNM2,Activation,DoRothEA_AB,0.5,B,0.2819023416227901,0.1014703212924315,0.35590377,0.109395415,0.07156463010635747,1.12621189342063,613
ETS1,DNMT1,Activation,DoRothEA_AB,0.5,B,0.2819023416227901,0.1480002420281949,0.35590377,0.16905911,0.14520817848626755,1.7533521297385612,614
ETS1,DUSP5,Activation,DoRothEA_AB,0.5,B,0.2819023416227901,0.1052217583348472,0.35590377,0.13493024,0.10308254263691793,1.1767745652694162,615
ETS1,DYNC1H1,Activation,DoRothEA_AB,0.5,B,0.2819023416227901,0.0683124584014026,0.35590377,0.07194209,0.025335583252554757,0.6793031164345895,616
ETS1,EEF2,Activation,DoRothEA_AB,0.5,B,0.2819023416227901,0.9229745265325195,0.35590377,4.167028,5.079944710846362,12.19862150134107,618
ETS1,EHD1,Activation,DoRothEA_AB,0.5,B,0.2819023416227901,0.0929388273733894,0.35590377,0.09959343,0.05946593329304993,1.0112225913129083,619
ETS1,EIF4G2,Activation,DoRothEA_AB,0.5,B,0.2819023416227901,0.4249410056271884,0.35590377,0.6766318,0.7717106764012238,5.486019049930589,620
ETS1,ELK3,Activation,DoRothEA_AB,0.5,B,0.2819023416227901,0.1052217583348472,0.35590377,0.11738229,0.08142291688304461,1.1767745652694162,621
ETS1,EMP3,Activation,DoRothEA_AB,0.5,B,0.2819023416227901,0.7040600229927931,0.35590377,1.739338,2.0834205102177576,9.248044940874163,622
ETS1,ERCC1,Activation,DoRothEA_AB,0.5,B,0.2819023416227901,0.1119380407817527,0.35590377,0.12688196,0.09314846300012937,1.2672980584180487,623
ETS1,ETS2,Activation,DoRothEA_AB,1.0,A,0.2819023416227901,0.0502208507291091,0.35590377,0.053790268,0.002930591713889319,0.43546055380901405,624
ETS1,ETV6,Activation,DoRothEA_AB,0.5,B,0.2819023416227901,0.1393477340110124,0.35590377,0.17026885,0.146701373740385,1.6367317737002607,625
ETS1,FAAP20,Activation,DoRothEA_AB,0.5,B,0.2819023416227901,0.2144974889574511,0.35590377,0.24941789,0.2443958956177752,2.6496162646063457,626
ETS1,FAS,Activation,DoRothEA_AB,1.0,A,0.2819023416227901,0.1361408604102384,0.35590377,0.1684531,0.14446017374479603,1.5935088445392116,627
ETS1,FKBP1A,Activation,DoRothEA_AB,0.5,B,0.2819023416227901,0.3955345797785685,0.35590377,0.63560903,0.721075824718422,5.089672944793244,628
ETS1,FLI1,Activation,DoRothEA_AB,1.0,A,0.2819023416227901,0.0678284020088329,0.35590377,0.07127652,0.024514062954570915,0.6727789007121665,629
ETS1,FLNA,Activation,DoRothEA_AB,0.5,B,0.2819023416227901,0.1411629454831486,0.35590377,0.16337064,0.13818683802700388,1.661197582659345,630
ETS1,FOXK1,Activation,DoRothEA_AB,0.5,B,0.2819023416227901,0.0873721788588371,0.35590377,0.09209067,0.05020519493209435,0.9361941105050325,631
ETS1,FOXP1,Activation,DoRothEA_AB,0.5,B,0.2819023416227901,0.4412174018273505,0.35590377,0.64800966,0.7363820573502825,5.705395803597145,632
ETS1,FYN,Activation,DoRothEA_AB,0.5,B,0.2819023416227901,0.2835965389967846,0.35590377,0.38210237,0.40816979400176245,3.580948058982359,633
ETS1,G3BP2,Activation,DoRothEA_AB,0.5,B,0.2819023416227901,0.1539299328371732,0.35590377,0.17468639,0.15215399146227077,1.833273772338237,634
ETS1,GADD45B,Activation,DoRothEA_AB,0.5,B,0.2819023416227901,0.1198644642100826,0.35590377,0.14945275,0.1210078348566292,1.3741320908727406,635
ETS1,GATA3,Activation,DoRothEA_AB,0.5,B,0.2819023416227901,0.1487263266170494,0.35590377,0.18696932,0.16731494570256797,1.7631384533221952,636
ETS1,GATAD2A,Activation,DoRothEA_AB,0.5,B,0.2819023416227901,0.065952683487625,0.35590377,0.068977304,0.021676115611016972,0.6474975647877728,637
ETS1,GPAA1,Activation,DoRothEA_AB,0.5,B,0.2819023416227901,0.1178072245416611,0.35590377,0.13178349,0.09919847484888566,1.346404174052439,638
ETS1,GPR137,Activation,DoRothEA_AB,0.5,B,0.2819023416227901,0.0919102075391787,0.35590377,0.10152964,0.061855818378254025,0.9973586329027578,639
ETS1,GRAMD1A,Activation,DoRothEA_AB,0.5,B,0.2819023416227901,0.1671809765837675,0.35590377,0.1944733,0.17657718992280738,2.0118741777395517,640
ETS1,HDAC7,Activation,DoRothEA_AB,0.5,B,0.2819023416227901,0.0966297573667339,0.35590377,0.10588609,0.06723303204796824,1.0609697361963915,642
ETS1,HDGF,Activation,DoRothEA_AB,0.5,B,0.2819023416227901,0.1190173655230855,0.35590377,0.13614045,0.10457631801715293,1.3627147133584987,643
ETS1,HIVEP2,Activation,DoRothEA_AB,0.5,B,0.2819023416227901,0.0614751618563548,0.35590377,0.06480237,0.01652294911651924,0.587148569355353,644
ETS1,HK1,Activation,DoRothEA_AB,0.5,B,0.2819023416227901,0.106794941610699,0.35590377,0.11683768,0.08075069883012008,1.1979782663672947,645
ETS1,HNRNPF,Activation,DoRothEA_AB,0.5,B,0.2819023416227901,0.4828462515883598,0.35590377,0.77536887,0.8935829169896682,6.266478355725733,646
ETS1,HNRNPL,Activation,DoRothEA_AB,0.5,B,0.2819023416227901,0.179040358201724,0.35590377,0.20324755,0.18740734223523836,2.1717174629389016,647
ETS1,HNRNPUL1,Activation,DoRothEA_AB,0.5,B,0.2819023416227901,0.1772251467295878,0.35590377,0.20094846,0.18456955041485634,2.1472516539798177,648
ETS1,HOOK2,Activation,DoRothEA_AB,0.5,B,0.2819023416227901,0.0740606280631686,0.35590377,0.078718804,0.03370015513024041,0.7567781781383746,649
ETS1,HPCAL1,Activation,DoRothEA_AB,0.5,B,0.2819023416227901,0.1747443577176683,0.35590377,0.20052433,0.1840460421377647,2.113815048402402,650
ETS1,ID3,Activation,DoRothEA_AB,0.5,B,0.2819023416227901,0.1262177043625605,0.35590377,0.16482274,0.13997918086803085,1.4597624222295513,651
ETS1,IER5,Activation,DoRothEA_AB,1.0,A,0.2819023416227901,0.0821685726387122,0.35590377,0.090880565,0.04871154915450261,0.8660587914889762,652
ETS1,IL2RB,Activation,DoRothEA_AB,1.0,A,0.2819023416227901,0.1126641253706074,0.35590377,0.13650344,0.1050243605265286,1.277084382001685,653
ETS1,IRF2BP2,Activation,DoRothEA_AB,0.5,B,0.2819023416227901,0.1000181521147222,0.35590377,0.108608864,0.07059378164278567,1.1066392462533583,654
ETS1,ITGA4,Activation,DoRothEA_AB,1.0,A,0.2819023416227901,0.0580262600592956,0.35590377,0.06383432,0.015328074461016063,0.5406635323330874,655
ETS1,ITGB1,Activation,DoRothEA_AB,0.5,B,0.2819023416227901,0.1781327524656559,0.35590377,0.24639054,0.24065920454981635,2.1594845584593596,656
ETS1,JADE2,Activation,DoRothEA_AB,0.5,B,0.2819023416227901,0.0879772493495493,0.35590377,0.09299824,0.05132541846506787,0.9443493801580625,657
ETS1,JAK1,Activation,DoRothEA_AB,0.5,B,0.2819023416227901,0.2661100018151979,0.35590377,0.33218482,0.34655601851515233,3.34526076600974,658
ETS1,JAK3,Activation,DoRothEA_AB,1.0,A,0.2819023416227901,0.1278513946874831,0.35590377,0.1426757,0.11264284825048505,1.4817816502927275,659
ETS1,JMJD1C,Activation,DoRothEA_AB,0.5,B,0.2819023416227901,0.139529255158226,0.35590377,0.15556476,0.12855195534956038,1.6391783545961691,660
ETS1,JUN,Activation,DoRothEA_AB,0.5,B,0.2819023416227901,0.0778120651055843,0.35590377,0.09759687,0.05700155754573169,0.8073408499871605,661
ETS1,KCNAB2,Activation,DoRothEA_AB,0.5,B,0.2819023416227901,0.113934773401103,0.35590377,0.12657939,0.0927749975546301,1.2942104482730474,662
ETS1,KDM2B,Activation,DoRothEA_AB,0.5,B,0.2819023416227901,0.0652265988987704,0.35590377,0.06837223,0.02092926618453701,0.6377112412041376,663
ETS1,KDM6B,Activation,DoRothEA_AB,0.5,B,0.2819023416227901,0.0909420947540392,0.35590377,0.10340537,0.06417105234092844,0.9843102014579103,664
ETS1,KLC1,Activation,DoRothEA_AB,0.5,B,0.2819023416227901,0.0651055848006279,0.35590377,0.068069704,0.020555855048716782,0.6360801872735309,665
ETS1,KLF6,Activation,DoRothEA_AB,0.5,B,0.2819023416227901,0.5057179161372864,0.35590377,0.89432156,1.0404075174596097,6.574747548610335,666
ETS1,KMT2A,Activation,DoRothEA_AB,0.5,B,0.2819023416227901,0.1584679615175137,0.35590377,0.17904316,0.15753160011146927,1.894438294735947,667
ETS1,KPNB1,Activation,DoRothEA_AB,0.5,B,0.2819023416227901,0.2828704544079298,0.35590377,0.37568864,0.4002532572275871,3.5711617353987206,668
ETS1,LASP1,Activation,DoRothEA_AB,0.5,B,0.2819023416227901,0.0931203485206031,0.35590377,0.098625325,0.05827099075044789,1.0136691722088176,669
ETS1,LCK,Activation,DoRothEA_AB,1.0,A,0.2819023416227901,0.4855085617474942,0.35590377,0.77657735,0.8950745570120664,6.3023615421990735,670
ETS1,LCP1,Activation,DoRothEA_AB,1.0,A,0.2819023416227901,0.23700611121194,0.35590377,0.29261526,0.29771487975846367,2.95299229569899,671
ETS1,LEMD2,Activation,DoRothEA_AB,0.5,B,0.2819023416227901,0.0671628244690494,0.35590377,0.06946134,0.022273566516188326,0.6638081040938326,672
ETS1,LMNA,Activation,DoRothEA_AB,0.5,B,0.2819023416227901,0.0599624856295745,0.35590377,0.08283346,0.03877891983300793,0.5667603952227811,673
ETS1,LRRFIP1,Activation,DoRothEA_AB,0.5,B,0.2819023416227901,0.4138682156471525,0.35590377,0.63119465,0.7156271074189435,5.336777615280107,674
ETS1,LTB,Activation,DoRothEA_AB,1.0,A,0.2819023416227901,0.8429842076603475,0.35590377,4.0331492,4.914696650282156,11.120494853210264,675
ETS1,LTBP4,Activation,DoRothEA_AB,0.5,B,0.2819023416227901,0.0626853028377791,0.35590377,0.06667807,0.01883814604986703,0.6034591086614113,676
ETS1,MACF1,Activation,DoRothEA_AB,0.5,B,0.2819023416227901,0.1286379863254088,0.35590377,0.141526,0.11122376102210638,1.492383500841664,677
ETS1,MAD1L1,Activation,DoRothEA_AB,0.5,B,0.2819023416227901,0.0770254734676584,0.35590377,0.082167655,0.03795710947196533,0.796738999438221,678
ETS1,MAP3K11,Activation,DoRothEA_AB,0.5,B,0.2819023416227901,0.0761783747806613,0.35590377,0.08023144,0.035567218215206794,0.7853216219239791,679
ETS1,MAT2A,Activation,DoRothEA_AB,0.5,B,0.2819023416227901,0.1522962425122506,0.35590377,0.1819474,0.16111633516595877,1.8112545442750607,680
ETS1,MCL1,Activation,DoRothEA_AB,1.0,A,0.2819023416227901,0.2454165910328378,0.35590377,0.30060118,0.30757198776825245,3.0663505438760805,681
ETS1,MED15,Activation,DoRothEA_AB,0.5,B,0.2819023416227901,0.0726689659345305,0.35590377,0.07654057,0.03101153718658531,0.7380210579364053,682
ETS1,MGAT1,Activation,DoRothEA_AB,0.5,B,0.2819023416227901,0.160888243480362,0.35590377,0.1801931,0.1589509835744612,1.9270593733480597,683
ETS1,MIDN,Activation,DoRothEA_AB,0.5,B,0.2819023416227901,0.0678889090579041,0.35590377,0.073333755,0.027053330515042065,0.6735944276774691,684
ETS1,MKNK2,Activation,DoRothEA_AB,0.5,B,0.2819023416227901,0.0812609669026439,0.35590377,0.087068655,0.044006467135950744,0.8538258870094313,685
ETS1,MRPL36,Activation,DoRothEA_AB,0.5,B,0.2819023416227901,0.1977370363647269,0.35590377,0.24397023,0.23767178956354407,2.423715295217469,686
ETS1,MUS81,Activation,DoRothEA_AB,0.5,B,0.2819023416227901,0.0733950505233852,0.35590377,0.0770246,0.03160898068589134,0.747807381520042,687
ETS1,MYC,Activation,DoRothEA_AB,0.5,B,0.2819023416227901,0.285230229321708,0.35590377,0.60675657,0.6854629191836673,3.6029672870455456,688
ETS1,MYH9,Activation,DoRothEA_AB,0.5,B,0.2819023416227901,0.1780117383675135,0.35590377,0.20554735,0.1902460104163511,2.157853504528754,689
ETS1,NARF,Activation,DoRothEA_AB,0.5,B,0.2819023416227901,0.1687541598596188,0.35590377,0.20294446,0.18703323494807708,2.0330778788374237,690
ETS1,NDUFV3,Activation,DoRothEA_AB,0.5,B,0.2819023416227901,0.0918497004901075,0.35590377,0.09935142,0.059167217714951356,0.9965431059374552,691
ETS1,NFATC1,Activation,DoRothEA_AB,0.5,B,0.2819023416227901,0.0784171355962965,0.35590377,0.08610057,0.04281154927956648,0.8154961196401902,692
ETS1,NFE2L2,Activation,DoRothEA_AB,0.5,B,0.2819023416227901,0.2015489804562129,0.35590377,0.23628646,0.2281876285886815,2.475093494031545,693
ETS1,NFIC,Activation,DoRothEA_AB,0.5,B,0.2819023416227901,0.0736975857687413,0.35590377,0.07926337,0.034372318873485845,0.7518850163465569,694
ETS1,NFKB1,Activation,DoRothEA_AB,1.0,A,0.2819023416227901,0.1009257578507906,0.35590377,0.11804789,0.08224447421035508,1.1188721507329042,695
ETS1,NTMT1,Activation,DoRothEA_AB,0.5,B,0.2819023416227901,0.1146608579899576,0.35590377,0.12960505,0.09650960263718755,1.303996771856683,696
ETS1,NUCB1,Activation,DoRothEA_AB,0.5,B,0.2819023416227901,0.2023960791432098,0.35590377,0.23616582,0.22803872132310649,2.486510871545785,697
ETS1,PARP1,Activation,DoRothEA_AB,1.0,A,0.2819023416227901,0.2079022206086896,0.35590377,0.24947752,0.24446949757604974,2.56072382538834,698
ETS1,PCBP1,Activation,DoRothEA_AB,0.5,B,0.2819023416227901,0.5636231620984579,0.35590377,0.9504044,1.109631177523284,7.35520685440548,699
ETS1,PDE4B,Activation,DoRothEA_AB,0.5,B,0.2819023416227901,0.0639559508682748,0.35590377,0.070853025,0.023991338464893406,0.6205851749327751,700
ETS1,PDE4D,Activation,DoRothEA_AB,0.5,B,0.2819023416227901,0.0531251890845273,0.35590377,0.05729962,0.007262223098672547,0.47460584814355256,701
ETS1,PFKP,Activation,DoRothEA_AB,0.5,B,0.2819023416227901,0.0996551098202949,0.35590377,0.11393344,0.07716596377563058,1.1017460844615405,702
ETS1,PFN1,Activation,DoRothEA_AB,0.5,B,0.2819023416227901,0.9387668663401116,0.35590377,6.0429473,7.395412328571965,12.4114740392852,703
ETS1,PGS1,Activation,DoRothEA_AB,0.5,B,0.2819023416227901,0.0654686270950553,0.35590377,0.06813021,0.02063053826332954,0.6409733490653498,704
ETS1,PHF12,Activation,DoRothEA_AB,0.5,B,0.2819023416227901,0.0519150481031031,0.35590377,0.054758355,0.004125512038895371,0.45829530883749564,705
ETS1,PHF19,Activation,DoRothEA_AB,0.5,B,0.2819023416227901,0.1015308283415028,0.35590377,0.11248126,0.07537352218973252,1.1270274203859343,706
ETS1,PKM,Activation,DoRothEA_AB,0.5,B,0.2819023416227901,0.6205602952744895,0.35590377,1.616421,1.9317027187498743,8.122617728755772,707
ETS1,PLEC,Activation,DoRothEA_AB,0.5,B,0.2819023416227901,0.0791432201851511,0.35590377,0.08579805,0.042438145549611596,0.8252824432238256,708
ETS1,PLEKHO1,Activation,DoRothEA_AB,0.5,B,0.2819023416227901,0.0853149391904156,0.35590377,0.091606624,0.049607731683814105,0.9084661936847309,709
ETS1,PRKAG2,Activation,DoRothEA_AB,0.5,B,0.2819023416227901,0.0781751074000116,0.35590377,0.082954235,0.03892799373055289,0.812234011778978,710
ETS1,PRKCH,Activation,DoRothEA_AB,0.5,B,0.2819023416227901,0.1908392327706093,0.35590377,0.22430551,0.21339941155045947,2.3307452211729487,711
ETS1,PRPF31,Activation,DoRothEA_AB,0.5,B,0.2819023416227901,0.1444908331820649,0.35590377,0.16288695,0.13758981419339988,1.7060515657509985,712
ETS1,PTBP1,Activation,DoRothEA_AB,0.5,B,0.2819023416227901,0.1719610334603928,0.35590377,0.20143212,0.18516653721913365,2.076300807998473,713
ETS1,PTMA,Activation,DoRothEA_AB,0.5,B,0.2819023416227901,0.9925576329644392,0.35590377,10.589342,13.007076809687602,13.136477511439727,714
ETS1,PTPRE,Activation,DoRothEA_AB,0.5,B,0.2819023416227901,0.0845283475524898,0.35590377,0.096628666,0.05580649280635169,0.8978643431357928,715
ETS1,PXN,Activation,DoRothEA_AB,0.5,B,0.2819023416227901,0.0534882313789546,0.35590377,0.056271,0.005992586232659754,0.4794990099353703,716
ETS1,RALGDS,Activation,DoRothEA_AB,0.5,B,0.2819023416227901,0.0653476129969128,0.35590377,0.068372235,0.020929272356091447,0.639342295134743,717
ETS1,RARA,Activation,DoRothEA_AB,0.5,B,0.2819023416227901,0.0614751618563548,0.35590377,0.065165415,0.016971059512993762,0.587148569355353,718
ETS1,RASA3,Activation,DoRothEA_AB,0.5,B,0.2819023416227901,0.0501603436800379,0.35590377,0.052398607,0.0012128493886455643,0.4346450268437114,719
ETS1,RBM39,Activation,DoRothEA_AB,0.5,B,0.2819023416227901,0.4591274883524359,0.35590377,0.6990715,0.799408242443365,5.946791785326886,720
ETS1,RERE,Activation,DoRothEA_AB,0.5,B,0.2819023416227901,0.0556059780964471,0.35590377,0.057844155,0.007934348578280442,0.5080424537209721,721
ETS1,RHOF,Activation,DoRothEA_AB,0.5,B,0.2819023416227901,0.2412416046469245,0.35590377,0.2992099,0.3058547157154571,3.0100791832701868,722
ETS1,RNF213,Activation,DoRothEA_AB,0.5,B,0.2819023416227901,0.3689114781872253,0.35590377,0.5547827,0.6213110055310489,4.730841080059845,723
ETS1,RNF220,Activation,DoRothEA_AB,0.5,B,0.2819023416227901,0.0653476129969128,0.35590377,0.069037795,0.021750780310966396,0.639342295134743,724
ETS1,RSRC2,Activation,DoRothEA_AB,0.5,B,0.2819023416227901,0.238155745144293,0.35590377,0.2987864,0.30533198505422515,2.968487308039744,726
ETS1,RUNX1,Activation,DoRothEA_AB,1.0,A,0.2819023416227901,0.0726084588854593,0.35590377,0.07835578,0.03325207065429455,0.7372055309711026,727
ETS1,SAP30BP,Activation,DoRothEA_AB,0.5,B,0.2819023416227901,0.1104253645549722,0.35590377,0.11871336,0.08306587107725008,1.246909884285474,728
ETS1,SEPTIN9,Activation,DoRothEA_AB,0.5,B,0.2819023416227901,0.2915834694741876,0.35590377,0.3915392,0.4198177760226209,3.6885976184023797,729
ETS1,SETD5,Activation,DoRothEA_AB,0.5,B,0.2819023416227901,0.143038664004356,0.35590377,0.16016383,0.13422863752701508,1.6864789185837317,730
ETS1,SGK1,Activation,DoRothEA_AB,0.5,B,0.2819023416227901,0.0723664306891744,0.35590377,0.09051765,0.0482635992184436,0.7339434231098904,731
ETS1,SH3GL1,Activation,DoRothEA_AB,0.5,B,0.2819023416227901,0.0511284564651773,0.35590377,0.053185176,0.0021837200698133588,0.44769345828855767,732
ETS1,SIN3A,Activation,DoRothEA_AB,0.5,B,0.2819023416227901,0.0770254734676584,0.35590377,0.08156258,0.03721025881117446,0.796738999438221,733
ETS1,SLC25A37,Activation,DoRothEA_AB,0.5,B,0.2819023416227901,0.0723664306891744,0.35590377,0.07750868,0.03220648590074179,0.7339434231098904,734
ETS1,SLC38A2,Activation,DoRothEA_AB,0.5,B,0.2819023416227901,0.2236340533672033,0.35590377,0.26853612,0.2679937350734651,2.7727608363670693,735
ETS1,SLC3A2,Activation,DoRothEA_AB,0.5,B,0.2819023416227901,0.33091305137049,0.35590377,0.5067497,0.5620233506291488,4.218690145849446,736
ETS1,SMAD3,Activation,DoRothEA_AB,0.5,B,0.2819023416227901,0.0641979790645596,0.35590377,0.069158815,0.021900156614679006,0.6238472827939859,737
ETS1,SMG6,Activation,DoRothEA_AB,0.5,B,0.2819023416227901,0.0528226538391713,0.35590377,0.054637324,0.0039761221577629844,0.47052821331703903,738
ETS1,SOCS1,Repression,DoRothEA_AB,-1.0,A,0.2819023416227901,0.3517274762509947,0.35590377,0.792205,0.9143639355669698,4.499231421913741,739
ETS1,SPTAN1,Activation,DoRothEA_AB,0.5,B,0.2819023416227901,0.0908815877049679,0.35590377,0.09699164,0.056254515566753135,0.9834946744926064,740
ETS1,SQSTM1,Activation,DoRothEA_AB,0.5,B,0.2819023416227901,0.284201609487497,0.35590377,0.3697598,0.3929352254600818,3.5891033286353915,741
ETS1,SSBP4,Activation,DoRothEA_AB,0.5,B,0.2819023416227901,0.1530828341501763,0.35590377,0.17722782,0.15529090618334454,1.8218563948239972,742
ETS1,ST3GAL1,Activation,DoRothEA_AB,0.5,B,0.2819023416227901,0.0940884613057426,0.35590377,0.10231622,0.06282670263684159,1.0267176036536652,743
ETS1,ST3GAL2,Activation,DoRothEA_AB,0.5,B,0.2819023416227901,0.0587523446481502,0.35590377,0.06062743,0.011369775216156194,0.5504498559167227,744
ETS1,STAT3,Activation,DoRothEA_AB,0.5,B,0.2819023416227901,0.2711320868881103,0.35590377,0.33920252,0.35521804203658686,3.412949504129904,745
ETS1,STK10,Activation,DoRothEA_AB,0.5,B,0.2819023416227901,0.1209535910933646,0.35590377,0.13293323,0.10061761144969991,1.388811576248195,746
ETS1,STK40,Activation,DoRothEA_AB,0.5,B,0.2819023416227901,0.0735765716705988,0.35590377,0.07817424,0.03302799385561675,0.7502539624159502,747
ETS1,SURF1,Activation,DoRothEA_AB,1.0,A,0.2819023416227901,0.1550795667695261,0.35590377,0.17287132,0.1499136307980859,1.84876878467899,748
ETS1,TACC1,Activation,DoRothEA_AB,0.5,B,0.2819023416227901,0.1065529134144141,0.35590377,0.11568807,0.07933172268972133,1.1947161585060826,749
ETS1,TAF12,Activation,DoRothEA_AB,1.0,A,0.2819023416227901,0.1138742663520318,0.35590377,0.123856395,0.08941397517710628,1.2933949213077447,750
ETS1,TFAP4,Activation,DoRothEA_AB,0.5,B,0.2819023416227901,0.0577842318630108,0.35590377,0.06171656,0.012714100234025284,0.5374014244718764,751
ETS1,TFRC,Repression,DoRothEA_AB,-1.0,A,0.2819023416227901,0.0755733042899491,0.35590377,0.08954951,0.047068613474960455,0.7771663522709492,752
ETS1,TGFBR2,Activation,DoRothEA_AB,1.0,A,0.2819023416227901,0.0818660373933561,0.35590377,0.08821829,0.04542547413412172,0.8619811566624612,753
ETS1,TGIF1,Activation,DoRothEA_AB,0.5,B,0.2819023416227901,0.0942699824529563,0.35590377,0.10927448,0.07141535871907036,1.0291641845495747,754
ETS1,TGIF2,Activation,DoRothEA_AB,0.5,B,0.2819023416227901,0.0639559508682748,0.35590377,0.06806971,0.020555862454582127,0.6205851749327751,755
ETS1,THOC6,Activation,DoRothEA_AB,0.5,B,0.2819023416227901,0.1147213650390289,0.35590377,0.1299076,0.0968830433964691,1.3048122988219868,756
ETS1,TIMP1,Activation,DoRothEA_AB,1.0,A,0.2819023416227901,0.1207115628970797,0.35590377,0.16573028,0.14109936737167775,1.3855494683869827,757
ETS1,TLE3,Activation,DoRothEA_AB,0.5,B,0.2819023416227901,0.0718823742966047,0.35590377,0.077327155,0.03198242761672731,0.7274192073874673,758
ETS1,TLN1,Activation,DoRothEA_AB,0.5,B,0.2819023416227901,0.1392267199128699,0.35590377,0.1561095,0.12922433386290041,1.635100719769654,759
ETS1,TNFRSF1A,Activation,DoRothEA_AB,0.5,B,0.2819023416227901,0.0647425425062006,0.35590377,0.06782768,0.020257122190265778,0.6311870254817131,761
ETS1,TNFSF14,Activation,DoRothEA_AB,1.0,A,0.2819023416227901,0.0634113874266338,0.35590377,0.086887375,0.04378271125810393,0.613245432245048,762
ETS1,TP53,Activation,DoRothEA_AB,1.0,A,0.2819023416227901,0.1242209717432105,0.35590377,0.14055775,0.11002863950442551,1.4328500323745565,763
ETS1,TPM4,Activation,DoRothEA_AB,0.5,B,0.2819023416227901,0.2302898287650361,0.35590377,0.33496603,0.34998889630104363,2.8624688025503784,764
ETS1,TPR,Activation,DoRothEA_AB,0.5,B,0.2819023416227901,0.2441459430023424,0.35590377,0.31627223,0.3269149354157118,3.049224477604721,765
ETS1,TSPAN14,Activation,DoRothEA_AB,0.5,B,0.2819023416227901,0.0955406304834519,0.35590377,0.10364734,0.0644697185465915,1.046290250820937,766
ETS1,TUBA1C,Activation,DoRothEA_AB,0.5,B,0.2819023416227901,0.2240576027107018,0.35590377,0.29388377,0.29928061546349166,2.7784695251241893,767
ETS1,TUBB4B,Activation,DoRothEA_AB,0.5,B,0.2819023416227901,0.3761118170267022,0.35590377,0.5564784,0.6234040265044871,4.827888788930923,768
ETS1,TXNRD1,Activation,DoRothEA_AB,0.5,B,0.2819023416227901,0.078840684939795,0.35590377,0.087915786,0.045052090153141044,0.8212048083973106,769
ETS1,UBAC1,Activation,DoRothEA_AB,0.5,B,0.2819023416227901,0.055000907605735,0.35590377,0.05766263,0.007710290294265962,0.49988718406794347,770
ETS1,UBAP2L,Activation,DoRothEA_AB,0.5,B,0.2819023416227901,0.0675258667634768,0.35590377,0.07224465,0.025709036354945168,0.6687012658856516,771
ETS1,UBC,Activation,DoRothEA_AB,0.5,B,0.2819023416227901,0.6040418708780425,0.35590377,1.2222003,1.4451118163122694,7.899978867228004,772
ETS1,UBE2D3,Activation,DoRothEA_AB,0.5,B,0.2819023416227901,0.6340533672173748,0.35590377,1.3250837,1.5721019171665602,8.304480242018382,773
ETS1,USP39,Activation,DoRothEA_AB,0.5,B,0.2819023416227901,0.0591153869425775,0.35590377,0.06226111,0.013386244228296514,0.5553430177085403,774
ETS1,VASP,Activation,DoRothEA_AB,0.5,B,0.2819023416227901,0.1951957403037362,0.35590377,0.2328977,0.22400484522255068,2.389463162674751,775
ETS1,VRK3,Activation,DoRothEA_AB,0.5,B,0.2819023416227901,0.0954196163853095,0.35590377,0.101227075,0.061482359104309166,1.0446591968903316,776
ETS1,WAS,Activation,DoRothEA_AB,1.0,A,0.2819023416227901,0.1630059901978542,0.35590377,0.18454987,0.1643285922236597,1.9556028171336577,777
ETS1,WDR1,Activation,DoRothEA_AB,0.5,B,0.2819023416227901,0.2917044835723301,0.35590377,0.36715752,0.3897232029214497,3.690228672332986,778
ETS1,WNK1,Activation,DoRothEA_AB,0.5,B,0.2819023416227901,0.1286379863254088,0.35590377,0.14418854,0.1145101631348727,1.492383500841664,779
ETS1,YY1,Activation,DoRothEA_AB,0.5,B,0.2819023416227901,0.2130453197797422,0.35590377,0.2520799,0.2476816435457707,2.630043617439079,780
ETS1,ZBTB38,Activation,DoRothEA_AB,0.5,B,0.2819023416227901,0.060386034973073,0.35590377,0.066254556,0.018315398108282636,0.5724690839799015,781
ETS1,ZFP36,Activation,DoRothEA_AB,0.5,B,0.2819023416227901,0.3185696133599582,0.35590377,0.43389544,0.47209854424576037,4.052322644927598,782
ETS1,ZFP36L1,Activation,DoRothEA_AB,0.5,B,0.2819023416227901,0.2643552973921321,0.35590377,0.35414845,0.373665966172659,3.321610484015948,783
ETS1,ZFP36L2,Activation,DoRothEA_AB,0.5,B,0.2819023416227901,0.438494584619145,0.35590377,0.8221399,0.9513129085797504,5.668697090158503,784
ETS1,ZNF131,Activation,DoRothEA_AB,0.5,B,0.2819023416227901,0.1188963514249431,0.35590377,0.12990758,0.0968830187102513,1.3610836594278932,785
ETS2,FLI1,Activation,DoRothEA_AB,1.0,A,0.0502208507291091,0.0678284020088329,0.053790268,0.07127652,0.024514062954570915,0.6727789007121665,786
ETS2,JAK3,Activation,DoRothEA_AB,1.0,A,0.0502208507291091,0.1278513946874831,0.053790268,0.1426757,0.11264284825048505,1.4817816502927275,787
ETS2,LCK,Activation,TRRUST,,,0.0502208507291091,0.4855085617474942,0.053790268,0.77657735,0.8950745570120664,6.3023615421990735,788
ETS2,MYC,Activation,DoRothEA_AB,1.0,A,0.0502208507291091,0.285230229321708,0.053790268,0.60675657,0.6854629191836673,3.6029672870455456,789
ETS2,PDE7A,Activation,DoRothEA_AB,1.0,A,0.0502208507291091,0.0756943183880916,0.053790268,0.08065498,0.03608999824887429,0.7787974062015559,790
ETS2,TP53,Activation,DoRothEA_AB,1.0,A,0.0502208507291091,0.1242209717432105,0.053790268,0.14055775,0.11002863950442551,1.4328500323745565,791
ETV6,BBC3,Activation,TRRUST,,,0.1393477340110124,0.1031040116173545,0.17026885,0.1201656,0.08485838672180143,1.1482311214838115,792
EWSR1,ATF1,Unknown,TRRUST,,,0.2345253222000206,0.1066134204634853,0.29219013,0.11586958,0.07955576245907248,1.1955316854713853,793
EWSR1,TGFBR2,Repression,TRRUST,,,0.2345253222000206,0.0818660373933561,0.29219013,0.08821829,0.04542547413412172,0.8619811566624612,794
EZH2,HDAC1,Repression,TRRUST,,,0.0557269921945895,0.1769831185333029,0.06401585,0.20010112,0.18352366942669035,2.1439895461186054,795
EZH2,KPNB1,Activation,TRRUST,,,0.0557269921945895,0.2828704544079298,0.06401585,0.37568864,0.4002532572275871,3.5711617353987206,796
EZH2,MYC,Repression,TRRUST,,,0.0557269921945895,0.285230229321708,0.06401585,0.60675657,0.6854629191836673,3.6029672870455456,797
EZH2,PCNA,Activation,TRRUST,,,0.0557269921945895,0.0808979246082165,0.06401585,0.09172769,0.04975716476582758,0.8489327252176124,798
EZH2,PEBP1,Repression,TRRUST,,,0.0557269921945895,0.4378895141284326,0.06401585,0.66676813,0.7595358411207661,5.66054182050547,799
EZH2,POLR3D,Unknown,TRRUST,,,0.0557269921945895,0.0610516125128563,0.06401585,0.06570996,0.017643197335710535,0.5814398805982326,800
EZH2,PTEN,Unknown,TRRUST,,,0.0557269921945895,0.1135717311066757,0.06401585,0.12258577,0.08784562890454936,1.28931728648123,801
EZH2,RPLP0,Activation,TRRUST,,,0.0557269921945895,0.9901978580506612,0.06401585,10.796741,13.26307165362821,13.104671959792904,802
EZH2,RUNX3,Repression,TRRUST,,,0.0557269921945895,0.2065105584800518,0.06401585,0.26786903,0.26717033862293094,2.541966705186375,803
EZH2,SATB1,Repression,TRRUST,,,0.0557269921945895,0.2590911841229347,0.06401585,0.36818552,0.39099207451471163,3.250659638034571,804
EZH2,TP53,Repression,TRRUST,,,0.0557269921945895,0.1242209717432105,0.06401585,0.14055775,0.11002863950442551,1.4328500323745565,805
FLI1,CCND3,Activation,DoRothEA_AB,0.5,B,0.0678284020088329,0.3118533309130512,0.07127652,0.4842406,0.5342401234113536,3.961799151778945,806
FLI1,EP300,Unknown,TRRUST,,,0.0678284020088329,0.0646215284080582,0.07127652,0.068009205,0.02048118047428026,0.6295559715511077,807
FLI1,FLI1,Activation,TRRUST,,,0.0678284020088329,0.0678284020088329,0.07127652,0.07127652,0.024514062954570915,0.6727789007121665,808
FLI1,HDAC1,Unknown,TRRUST,,,0.0678284020088329,0.1769831185333029,0.07127652,0.20010112,0.18352366942669035,2.1439895461186054,809
FLI1,ID2,Activation,DoRothEA_AB,1.0,A,0.0678284020088329,0.2402734918617852,0.07127652,0.5340345,0.5957012763566145,2.9970307518253416,810
FLI1,TGFBR2,Activation,DoRothEA_AB,1.0,A,0.0678284020088329,0.0818660373933561,0.07127652,0.08821829,0.04542547413412172,0.8619811566624612,811
FOSL2,TGFB1,Unknown,TRRUST,,,0.0617171900526397,0.239910449567358,0.07817438,0.3166334,0.32736073147927064,2.992137590033525,812
FOSL2,TGIF1,Activation,DoRothEA_AB,0.5,B,0.0617171900526397,0.0942699824529563,0.07817438,0.10927448,0.07141535871907036,1.0291641845495747,813
FOSL2,TIMP1,Repression,TRRUST,,,0.0617171900526397,0.1207115628970797,0.07817438,0.16573028,0.14109936737167775,1.3855494683869827,814
FOXO1,ADIPOR1,Activation,TRRUST,,,0.0503418648272515,0.1513281297271113,0.05245911,0.171419,0.14812101640866346,1.7982061128302158,815
FOXO1,CCND2,Repression,DoRothEA_AB,-1.0,A,0.0503418648272515,0.202759121437637,0.05245911,0.30689156,0.31533627229434513,2.4914040333376013,816
FOXO1,CDKN1B,Activation,DoRothEA_AB,1.0,A,0.0503418648272515,0.1297271132086905,0.05245911,0.14558037,0.11622811405865656,1.507062986217114,817
FOXO1,CDKN2D,Activation,DoRothEA_AB,1.0,A,0.0503418648272515,0.11230108307618,0.05245911,0.13493022,0.10308251795070014,1.2721912202098662,818
FOXO1,CNOT8,Activation,DoRothEA_AB,1.0,A,0.0503418648272515,0.0784171355962965,0.05245911,0.08265169,0.038554559142825795,0.8154961196401902,819
FOXO1,CXCR4,Activation,TRRUST,,,0.0503418648272515,0.5044472681067905,0.05245911,0.9950035,1.1646803322655517,6.557621482338969,820
FOXO1,EIF4EBP1,Activation,DoRothEA_AB,1.0,A,0.0503418648272515,0.1587704967628697,0.05245911,0.30199036,0.30928666776818203,1.8985159295624607,821
FOXO1,FYN,Activation,DoRothEA_AB,0.5,B,0.0503418648272515,0.2835965389967846,0.05245911,0.38210237,0.40816979400176245,3.580948058982359,822
FOXO1,KLF2,Activation,DoRothEA_AB,1.0,A,0.0503418648272515,0.1671204695346962,0.05245911,0.26835078,0.2677649678934114,2.0110586507742476,823
FOXO1,OSBPL9,Activation,DoRothEA_AB,0.5,B,0.0503418648272515,0.0646820354571294,0.05245911,0.06770667,0.020107758229662043,0.6303714985164105,824
FOXO1,PCK2,Activation,DoRothEA_AB,1.0,A,0.0503418648272515,0.0575422036667259,0.05245911,0.06214012,0.01323690495391055,0.5341393166106644,825
FOXO1,PIP4K2A,Activation,DoRothEA_AB,0.5,B,0.0503418648272515,0.1343256489381022,0.05245911,0.15042129,0.12220331432446772,1.5690430355801275,826
FOXO1,RPS6KA3,Activation,DoRothEA_AB,1.0,A,0.0503418648272515,0.0801718400193619,0.05245911,0.08537449,0.04191534082972633,0.839146401633977,827
FOXO1,SCP2,Activation,DoRothEA_AB,1.0,A,0.0503418648272515,0.1855751195014143,0.05245911,0.20935975,0.19495169724723832,2.2597943751916043,828
FOXO1,SELL,Activation,DoRothEA_AB,1.0,A,0.0503418648272515,0.4285714285714625,0.05245911,0.7781593,0.8970271751219504,5.534950667848781,829
FOXO1,TNFSF10,Activation,DoRothEA_AB,1.0,A,0.0503418648272515,0.0998971380165798,0.05245911,0.120589145,0.08538117292702337,1.1050081923227528,830
FOXO1,TXNIP,Activation,DoRothEA_AB,1.0,A,0.0503418648272515,0.2143764748593087,0.05245911,0.28353858,0.2865114348040578,2.64798521067574,831
FOXP1,ACTR3,Activation,DoRothEA_AB,0.5,B,0.4412174018273505,0.405215707629966,0.64800966,0.5973146,0.6738085928048425,5.220157259241753,832
FOXP1,ARID1A,Activation,DoRothEA_AB,0.5,B,0.4412174018273505,0.0880377563986206,0.64800966,0.093784824,0.052296307660899,0.9451649071233666,833
FOXP1,ARID5B,Activation,DoRothEA_AB,0.5,B,0.4412174018273505,0.3461608277364411,0.64800966,0.570456,0.6406567303780073,4.424202941105848,834
FOXP1,AZIN1,Activation,DoRothEA_AB,0.5,B,0.4412174018273505,0.1070369698069838,0.64800966,0.11695871,0.08090008747694157,1.2012403742285056,835
FOXP1,BBC3,Activation,DoRothEA_AB,0.5,B,0.4412174018273505,0.1031040116173545,0.64800966,0.1201656,0.08485838672180143,1.1482311214838115,836
FOXP1,BIRC6,Activation,DoRothEA_AB,0.5,B,0.4412174018273505,0.0992315604767964,0.64800966,0.10612809,0.06753173528295792,1.0960373957044203,837
FOXP1,CAB39,Activation,DoRothEA_AB,0.5,B,0.4412174018273505,0.1133297029103908,0.64800966,0.12688196,0.09314846300012937,1.2860551786200176,838
FOXP1,CAMK2D,Activation,DoRothEA_AB,0.5,B,0.4412174018273505,0.100502208507292,0.64800966,0.114417486,0.07776342702391081,1.1131634619757826,839
FOXP1,CDK6,Activation,DoRothEA_AB,0.5,B,0.4412174018273505,0.0611121195619275,0.64800966,0.072728746,0.026306561318769836,0.5822554075635353,840
FOXP1,CHD2,Activation,DoRothEA_AB,0.5,B,0.4412174018273505,0.1060083499727731,0.64800966,0.11514351,0.07865956635234123,1.1873764158183553,841
FOXP1,CHD9,Activation,DoRothEA_AB,0.5,B,0.4412174018273505,0.062080232347067,0.64800966,0.06552845,0.01741915756635939,0.5953038390083829,842
FOXP1,CRYBG1,Activation,DoRothEA_AB,0.5,B,0.4412174018273505,0.0592364010407199,0.64800966,0.06316871,0.014506504790596694,0.5569740716391457,843
FOXP1,CUL3,Activation,DoRothEA_AB,0.5,B,0.4412174018273505,0.084588854601561,0.64800966,0.09100156,0.04886089460044302,0.8986798701010956,844
FOXP1,EIF3H,Activation,DoRothEA_AB,0.5,B,0.4412174018273505,0.620681309372632,0.64800966,1.1029752,1.2979509772132225,8.12424878268638,845
FOXP1,ELF2,Activation,DoRothEA_AB,0.5,B,0.4412174018273505,0.0821685726387122,0.64800966,0.08604003,0.04273682409838352,0.8660587914889762,846
FOXP1,FOXN3,Activation,DoRothEA_AB,0.5,B,0.4412174018273505,0.171719005264108,0.64800966,0.19532104,0.17762356463532872,2.0730387001372623,847
FOXP1,GPBP1L1,Activation,DoRothEA_AB,0.5,B,0.4412174018273505,0.1297271132086905,0.64800966,0.14297828,0.11301632603909327,1.507062986217114,848
FOXP1,HECTD1,Activation,DoRothEA_AB,0.5,B,0.4412174018273505,0.1129666606159635,0.64800966,0.12125463,0.08620258830858171,1.2811620168282,849
FOXP1,HIVEP2,Activation,DoRothEA_AB,0.5,B,0.4412174018273505,0.0614751618563548,0.64800966,0.06480237,0.01652294911651924,0.587148569355353,850
FOXP1,ITGA4,Activation,DoRothEA_AB,0.5,B,0.4412174018273505,0.0580262600592956,0.64800966,0.06383432,0.015328074461016063,0.5406635323330874,851
FOXP1,JADE2,Activation,DoRothEA_AB,0.5,B,0.4412174018273505,0.0879772493495493,0.64800966,0.09299824,0.05132541846506787,0.9443493801580625,852
FOXP1,LIMS1,Activation,DoRothEA_AB,0.5,B,0.4412174018273505,0.1224662673201451,0.64800966,0.15163174,0.12369738593931592,1.4091997503807694,853
FOXP1,MAD1L1,Activation,DoRothEA_AB,0.5,B,0.4412174018273505,0.0770254734676584,0.64800966,0.082167655,0.03795710947196533,0.796738999438221,854
FOXP1,MSI2,Activation,DoRothEA_AB,0.5,B,0.4412174018273505,0.0714588249531061,0.64800966,0.07648008,0.030936873720946775,0.7217105186303456,855
FOXP1,NUP98,Activation,DoRothEA_AB,0.5,B,0.4412174018273505,0.0580262600592956,0.64800966,0.061232496,0.012116614768149047,0.5406635323330874,856
FOXP1,PACS1,Activation,DoRothEA_AB,0.5,B,0.4412174018273505,0.0815029950989287,0.64800966,0.08743168,0.044454552846207494,0.8570879948706421,857
FOXP1,PARP1,Activation,DoRothEA_AB,0.5,B,0.4412174018273505,0.2079022206086896,0.64800966,0.24947752,0.24446949757604974,2.56072382538834,858
FOXP1,PDE4B,Activation,DoRothEA_AB,0.5,B,0.4412174018273505,0.0639559508682748,0.64800966,0.070853025,0.023991338464893406,0.6205851749327751,859
FOXP1,PDS5B,Activation,DoRothEA_AB,0.5,B,0.4412174018273505,0.062927331034064,0.64800966,0.0661335,0.01816597736937803,0.6067212165226237,860
FOXP1,PIK3R1,Activation,DoRothEA_AB,0.5,B,0.4412174018273505,0.0697646275791119,0.64800966,0.07466488,0.028696352596346415,0.6988757636018615,861
FOXP1,PIP4K2A,Activation,DoRothEA_AB,0.5,B,0.4412174018273505,0.1343256489381022,0.64800966,0.15042129,0.12220331432446772,1.5690430355801275,862
FOXP1,PMAIP1,Activation,DoRothEA_AB,0.5,B,0.4412174018273505,0.2311974345011042,0.64800966,0.36165032,0.382925605996924,2.874701707029921,863
FOXP1,PPP1R12A,Activation,DoRothEA_AB,0.5,B,0.4412174018273505,0.1610697646275756,0.64800966,0.1837027,0.16328292106834474,1.929505954243968,864
FOXP1,PRKCB,Activation,DoRothEA_AB,0.5,B,0.4412174018273505,0.0882192775458342,0.64800966,0.09729422,0.05662799335536132,0.9476114880192746,865
FOXP1,PRPF31,Activation,DoRothEA_AB,0.5,B,0.4412174018273505,0.1444908331820649,0.64800966,0.16288695,0.13758981419339988,1.7060515657509985,866
FOXP1,RABGAP1L,Activation,DoRothEA_AB,0.5,B,0.4412174018273505,0.0698856416772544,0.64800966,0.076177545,0.03056345147632856,0.7005068175324684,867
FOXP1,RBPJ,Activation,DoRothEA_AB,0.5,B,0.4412174018273505,0.1714164700187519,0.64800966,0.21123381,0.1972648699107291,2.0689610653107473,868
FOXP1,RERE,Activation,DoRothEA_AB,0.5,B,0.4412174018273505,0.0556059780964471,0.64800966,0.057844155,0.007934348578280442,0.5080424537209721,869
FOXP1,RFTN1,Activation,DoRothEA_AB,0.5,B,0.4412174018273505,0.101046771948933,0.64800966,0.11157366,0.07425326162743234,1.1205032046635097,870
FOXP1,ROCK1,Activation,DoRothEA_AB,0.5,B,0.4412174018273505,0.1857566406486279,0.64800966,0.21250603,0.19883518490915306,2.2622409560875125,871
FOXP1,RUNX1,Activation,DoRothEA_AB,0.5,B,0.4412174018273505,0.0726084588854593,0.64800966,0.07835578,0.03325207065429455,0.7372055309711026,872
FOXP1,SEPTIN9,Activation,DoRothEA_AB,0.5,B,0.4412174018273505,0.2915834694741876,0.64800966,0.3915392,0.4198177760226209,3.6885976184023797,873
FOXP1,SMARCC1,Activation,DoRothEA_AB,0.5,B,0.4412174018273505,0.1006232226054344,0.64800966,0.10939544,0.07156466096412968,1.114794515906388,874
FOXP1,SND1,Activation,DoRothEA_AB,0.5,B,0.4412174018273505,0.0943909965510987,0.64800966,0.10334481,0.06409630247352772,1.03079523848018,875
FOXP1,SORL1,Activation,DoRothEA_AB,0.5,B,0.4412174018273505,0.1111514491438268,0.64800966,0.12936305,0.09621089940219787,1.256696207869109,876
FOXP1,STAG1,Activation,DoRothEA_AB,0.5,B,0.4412174018273505,0.0671023174199782,0.64800966,0.07115553,0.024364723680184955,0.6629925771285299,877
FOXP1,STAG2,Activation,DoRothEA_AB,0.5,B,0.4412174018273505,0.1404368608942941,0.64800966,0.15834829,0.13198769673671265,1.6514112590757113,878
FOXP1,STAT3,Activation,DoRothEA_AB,0.5,B,0.4412174018273505,0.2711320868881103,0.64800966,0.33920252,0.35521804203658686,3.412949504129904,879
FOXP1,STIM2,Activation,DoRothEA_AB,0.5,B,0.4412174018273505,0.0638349367701323,0.64800966,0.067404136,0.019734337219354733,0.6189541210021684,880
FOXP1,TPD52,Activation,DoRothEA_AB,0.5,B,0.4412174018273505,0.0542748230168804,0.64800966,0.058146697,0.008307779463074863,0.4901008604843083,881
FOXP1,TPP2,Activation,DoRothEA_AB,0.5,B,0.4412174018273505,0.0678284020088329,0.64800966,0.07224463,0.02570901166872741,0.6727789007121665,882
FOXP1,TXNRD1,Activation,DoRothEA_AB,0.5,B,0.4412174018273505,0.078840684939795,0.64800966,0.087915786,0.045052090153141044,0.8212048083973106,883
FOXP1,U2SURP,Activation,DoRothEA_AB,0.5,B,0.4412174018273505,0.1984631209535813,0.64800966,0.24566506,0.23976373668650922,2.4335016188011016,884
FOXP1,UBE3C,Activation,DoRothEA_AB,0.5,B,0.4412174018273505,0.0512494705633197,0.64800966,0.053911265,0.0030799396284514964,0.4493245122191631,885
FOXP1,VPS13A,Activation,DoRothEA_AB,0.5,B,0.4412174018273505,0.0528226538391713,0.64800966,0.05518188,0.0046482735578995404,0.47052821331703903,886
FOXP1,VPS13C,Activation,DoRothEA_AB,0.5,B,0.4412174018273505,0.0873721788588371,0.64800966,0.09366382,0.05214695110616059,0.9361941105050325,887
FOXP1,WNK1,Activation,DoRothEA_AB,0.5,B,0.4412174018273505,0.1286379863254088,0.64800966,0.14418854,0.1145101631348727,1.492383500841664,888
FOXP1,YPEL3,Activation,DoRothEA_AB,0.5,B,0.4412174018273505,0.3022327101107249,0.64800966,0.42705765,0.46365858559625556,3.832130364295739,889
FOXP1,ZFP36L1,Activation,DoRothEA_AB,0.5,B,0.4412174018273505,0.2643552973921321,0.64800966,0.35414845,0.373665966172659,3.321610484015948,890
FOXP1,ZMYM2,Activation,DoRothEA_AB,0.5,B,0.4412174018273505,0.1352332546741703,0.64800966,0.14685114,0.1177966393062923,1.5812759400596694,891
FUBP1,MYC,Unknown,TRRUST,,,0.1533248623464611,0.285230229321708,0.17601776,0.60675657,0.6854629191836673,3.6029672870455456,892
FUS,DDIT3,Activation,TRRUST,,,0.4589459672052222,0.0657711623404114,0.6763236,0.070489965,0.023543209553755568,0.6450509838918648,893
GATA3,ABLIM1,Activation,DoRothEA_AB,0.5,B,0.1487263266170494,0.0765414170750886,0.18696932,0.08416436,0.04042166419436238,0.7902147837157967,894
GATA3,AHNAK,Activation,DoRothEA_AB,0.5,B,0.1487263266170494,0.0890058691837601,0.18696932,0.100561574,0.06066092397377663,0.9582133385682141,895
GATA3,ANKRD44,Activation,DoRothEA_AB,0.5,B,0.1487263266170494,0.1713559629696807,0.18696932,0.19538133,0.17769798123878958,2.0681455383454446,896
GATA3,ARHGAP15,Activation,DoRothEA_AB,0.5,B,0.1487263266170494,0.2530404792158112,0.18696932,0.31421524,0.32437597026140835,3.169106941504252,897
GATA3,ARHGAP25,Activation,DoRothEA_AB,0.5,B,0.1487263266170494,0.130755733042901,0.18696932,0.14588267,0.116601246240216,1.5209269446272617,898
GATA3,ARHGEF3,Activation,DoRothEA_AB,0.5,B,0.1487263266170494,0.0828946572275668,0.18696932,0.0894889,0.04699380189201531,0.8758451150726114,899
GATA3,ARID5B,Activation,DoRothEA_AB,0.5,B,0.1487263266170494,0.3461608277364411,0.18696932,0.570456,0.6406567303780073,4.424202941105848,900
GATA3,ATP2B1,Activation,DoRothEA_AB,1.0,A,0.1487263266170494,0.0617171900526397,0.18696932,0.06613352,0.018166002055595803,0.5904106772165653,901
GATA3,ATXN10,Activation,DoRothEA_AB,1.0,A,0.1487263266170494,0.0937859260603865,0.18696932,0.10019849,0.06021276543917747,1.0226399688271504,902
GATA3,ATXN7,Activation,DoRothEA_AB,0.5,B,0.1487263266170494,0.0888848550856176,0.18696932,0.09426888,0.05289378325228813,0.9565822846376072,903
GATA3,BLCAP,Activation,DoRothEA_AB,1.0,A,0.1487263266170494,0.0703696980698241,0.18696932,0.07321273,0.026903948039775014,0.7070310332548914,904
GATA3,CAMK2D,Activation,DoRothEA_AB,0.5,B,0.1487263266170494,0.100502208507292,0.18696932,0.114417486,0.07776342702391081,1.1131634619757826,905
GATA3,CAPN2,Activation,DoRothEA_AB,0.5,B,0.1487263266170494,0.1545955103769564,0.18696932,0.17874092,0.15715854198856313,1.8422445689565667,906
GATA3,CAST,Activation,DoRothEA_AB,0.5,B,0.1487263266170494,0.2532220003630249,0.18696932,0.30973783,0.3188494543466348,3.1715535224001616,907
GATA3,CBLB,Activation,DoRothEA_AB,0.5,B,0.1487263266170494,0.0773280087130145,0.18696932,0.08597957,0.04266219766207164,0.8008166342647359,908
GATA3,CCDC12,Activation,DoRothEA_AB,0.5,B,0.1487263266170494,0.2721607067223213,0.18696932,0.33030897,0.3442406364351713,3.426813462540058,909
GATA3,CCDC88C,Activation,DoRothEA_AB,0.5,B,0.1487263266170494,0.155624130211167,0.18696932,0.17093487,0.1475234494782686,1.8561085273667155,910
GATA3,CCDC91,Activation,DoRothEA_AB,0.5,B,0.1487263266170494,0.1209535910933646,0.18696932,0.13244908,0.10002001983308725,1.388811576248195,911
GATA3,CD40LG,Activation,DoRothEA_AB,1.0,A,0.1487263266170494,0.1263992255097741,0.18696932,0.20118779,0.18486495803977404,1.4622090031254593,912
GATA3,CD8A,Activation,DoRothEA_AB,1.0,A,0.1487263266170494,0.0560900344890168,0.18696932,0.08749249,0.044529611291330325,0.5145666694433951,913
GATA3,CD8B,Activation,DoRothEA_AB,1.0,A,0.1487263266170494,0.0787801778907238,0.18696932,0.15538223,0.12832665658310308,0.8203892814320078,914
GATA3,CDC42EP3,Activation,DoRothEA_AB,0.5,B,0.1487263266170494,0.1060083499727731,0.18696932,0.12113367,0.0860532860635224,1.1873764158183553,915
GATA3,CDK6,Activation,DoRothEA_AB,0.5,B,0.1487263266170494,0.0611121195619275,0.18696932,0.072728746,0.026306561318769836,0.5822554075635353,916
GATA3,CEMIP2,Activation,DoRothEA_AB,0.5,B,0.1487263266170494,0.0690385429902573,0.18696932,0.07490694,0.02899512988998941,0.6890894400182263,917
GATA3,DLG1,Activation,DoRothEA_AB,0.5,B,0.1487263266170494,0.0747867126520232,0.18696932,0.080715515,0.0361647172585028,0.7665645017220099,918
GATA3,DOCK10,Activation,DoRothEA_AB,0.5,B,0.1487263266170494,0.0705512192170378,0.18696932,0.07581451,0.030115353422962933,0.7094776141508009,919
GATA3,ELMO1,Activation,DoRothEA_AB,0.5,B,0.1487263266170494,0.1193804078175128,0.18696932,0.13154145,0.09889972224146043,1.3676078751503162,920
GATA3,EML4,Activation,DoRothEA_AB,0.5,B,0.1487263266170494,0.1818236824589995,0.18696932,0.214261,0.20100136348894584,2.2092317033428306,921
GATA3,ETS1,Activation,DoRothEA_AB,0.5,B,0.1487263266170494,0.2819023416227901,0.18696932,0.35590377,0.3758325767612628,3.5581133039538706,922
GATA3,ETV6,Activation,DoRothEA_AB,0.5,B,0.1487263266170494,0.1393477340110124,0.18696932,0.17026885,0.146701373740385,1.6367317737002607,923
GATA3,EVL,Activation,DoRothEA_AB,0.5,B,0.1487263266170494,0.5015429297513713,0.18696932,0.83393115,0.9658669768424453,6.518476188004416,924
GATA3,FBXO11,Activation,DoRothEA_AB,1.0,A,0.1487263266170494,0.0573606825195123,0.18696932,0.05978036,0.010324227491930084,0.5316927357147561,925
GATA3,FOXP1,Activation,DoRothEA_AB,0.5,B,0.1487263266170494,0.4412174018273505,0.18696932,0.64800966,0.7363820573502825,5.705395803597145,926
GATA3,FRMD4B,Activation,DoRothEA_AB,0.5,B,0.1487263266170494,0.104616687844135,0.18696932,0.13438556,0.10241023818223119,1.1686192956163861,927
GATA3,FYB1,Activation,DoRothEA_AB,0.5,B,0.1487263266170494,0.388697283233519,0.18696932,0.60929316,0.6885938598400413,4.997518397713985,928
GATA3,FYN,Activation,DoRothEA_AB,0.5,B,0.1487263266170494,0.2835965389967846,0.18696932,0.38210237,0.40816979400176245,3.580948058982359,929
GATA3,GATA3,Unknown,TRRUST,,,0.1487263266170494,0.1487263266170494,0.18696932,0.18696932,0.16731494570256797,1.7631384533221952,930
GATA3,HIVEP2,Activation,DoRothEA_AB,0.5,B,0.1487263266170494,0.0614751618563548,0.18696932,0.06480237,0.01652294911651924,0.587148569355353,931
GATA3,IER5,Activation,DoRothEA_AB,0.5,B,0.1487263266170494,0.0821685726387122,0.18696932,0.090880565,0.04871154915450261,0.8660587914889762,932
GATA3,IL4R,Activation,DoRothEA_AB,1.0,A,0.1487263266170494,0.2117141647001756,0.18696932,0.2985456,0.3050347629923016,2.6121020242024167,933
GATA3,INPP4B,Activation,DoRothEA_AB,0.5,B,0.1487263266170494,0.1397712833545108,0.18696932,0.16427836,0.13930724670661068,1.64244046245738,934
GATA3,JARID2,Activation,DoRothEA_AB,0.5,B,0.1487263266170494,0.0764204029769462,0.18696932,0.084164396,0.040421708629554375,0.7885837297851913,935
GATA3,KMT2E,Activation,DoRothEA_AB,1.0,A,0.1487263266170494,0.3769589157136995,0.18696932,0.49712315,0.5501411951465456,4.8393061664451675,936
GATA3,LPP,Activation,DoRothEA_AB,0.5,B,0.1487263266170494,0.0523385974466016,0.18696932,0.055786952,0.005395120515757729,0.46400399759461586,937
GATA3,LRBA,Activation,DoRothEA_AB,0.5,B,0.1487263266170494,0.0859805167301991,0.18696932,0.090880536,0.048711513359486855,0.9174369903030648,938
GATA3,MAF,Activation,DoRothEA_AB,1.0,A,0.1487263266170494,0.1121195619289664,0.18696932,0.17916313,0.15767968038874908,1.269744639313958,939
GATA3,MAML2,Activation,DoRothEA_AB,0.5,B,0.1487263266170494,0.0582077812065093,0.18696932,0.06177706,0.012788776042772712,0.5431101132289969,940
GATA3,MAPKAP1,Activation,DoRothEA_AB,0.5,B,0.1487263266170494,0.0673443456162631,0.18696932,0.07188161,0.0252609321300251,0.666254684989742,941
GATA3,MBNL1,Activation,DoRothEA_AB,0.5,B,0.1487263266170494,0.2852907363707792,0.18696932,0.35844523,0.3789695285116632,3.603782814010848,942
GATA3,MLLT3,Activation,DoRothEA_AB,0.5,B,0.1487263266170494,0.0777515580565131,0.18696932,0.08331728,0.03937610412702739,0.8065253230218576,943
GATA3,MSI2,Activation,DoRothEA_AB,0.5,B,0.1487263266170494,0.0714588249531061,0.18696932,0.07648008,0.030936873720946775,0.7217105186303456,944
GATA3,MYC,Activation,DoRothEA_AB,1.0,A,0.1487263266170494,0.285230229321708,0.18696932,0.60675657,0.6854629191836673,3.6029672870455456,945
GATA3,NCOA3,Activation,DoRothEA_AB,1.0,A,0.1487263266170494,0.143038664004356,0.18696932,0.16458091,0.13968068746589218,1.6864789185837317,946
GATA3,NEK7,Activation,DoRothEA_AB,0.5,B,0.1487263266170494,0.0701881769226105,0.18696932,0.07412034,0.02802422094518408,0.7045844523589833,947
GATA3,NFKB1,Activation,DoRothEA_AB,1.0,A,0.1487263266170494,0.1009257578507906,0.18696932,0.11804789,0.08224447421035508,1.1188721507329042,948
GATA3,OSBPL9,Activation,DoRothEA_AB,0.5,B,0.1487263266170494,0.0646820354571294,0.18696932,0.06770667,0.020107758229662043,0.6303714985164105,949
GATA3,PACS1,Activation,DoRothEA_AB,0.5,B,0.1487263266170494,0.0815029950989287,0.18696932,0.08743168,0.044454552846207494,0.8570879948706421,950
GATA3,PDE4B,Activation,DoRothEA_AB,0.5,B,0.1487263266170494,0.0639559508682748,0.18696932,0.070853025,0.023991338464893406,0.6205851749327751,951
GATA3,PDE4D,Activation,DoRothEA_AB,0.5,B,0.1487263266170494,0.0531251890845273,0.18696932,0.05729962,0.007262223098672547,0.47460584814355256,952
GATA3,PIK3R1,Activation,DoRothEA_AB,0.5,B,0.1487263266170494,0.0697646275791119,0.18696932,0.07466488,0.028696352596346415,0.6988757636018615,953
GATA3,PIP4K2A,Activation,DoRothEA_AB,0.5,B,0.1487263266170494,0.1343256489381022,0.18696932,0.15042129,0.12220331432446772,1.5690430355801275,954
GATA3,PPP3CA,Activation,DoRothEA_AB,0.5,B,0.1487263266170494,0.0658316693894826,0.18696932,0.07206314,0.02548499658559402,0.6458665108571674,955
GATA3,PRKAG2,Activation,DoRothEA_AB,0.5,B,0.1487263266170494,0.0781751074000116,0.18696932,0.082954235,0.03892799373055289,0.812234011778978,956
GATA3,PRKCH,Activation,DoRothEA_AB,0.5,B,0.1487263266170494,0.1908392327706093,0.18696932,0.22430551,0.21339941155045947,2.3307452211729487,957
GATA3,PRKCQ,Activation,DoRothEA_AB,0.5,B,0.1487263266170494,0.1297271132086905,0.18696932,0.14364375,0.11383772290598823,1.507062986217114,958
GATA3,PTPN7,Activation,DoRothEA_AB,0.5,B,0.1487263266170494,0.281357778181149,0.18696932,0.38246426,0.40861647876916085,3.550773561266142,959
GATA3,RAD23B,Activation,DoRothEA_AB,0.5,B,0.1487263266170494,0.1683911175651916,0.18696932,0.19544198,0.17777284219417025,2.0281847170456073,960
GATA3,RARA,Activation,DoRothEA_AB,0.5,B,0.1487263266170494,0.0614751618563548,0.18696932,0.065165415,0.016971059512993762,0.587148569355353,961
GATA3,RBMS1,Activation,DoRothEA_AB,1.0,A,0.1487263266170494,0.1427966358080711,0.18696932,0.16203955,0.13654385914658063,1.6832168107225196,962
GATA3,RBPJ,Activation,DoRothEA_AB,0.5,B,0.1487263266170494,0.1714164700187519,0.18696932,0.21123381,0.1972648699107291,2.0689610653107473,963
GATA3,RCAN3,Activation,DoRothEA_AB,0.5,B,0.1487263266170494,0.2072366430689063,0.18696932,0.24669482,0.24103478066693482,2.5517530287700088,964
GATA3,RELA,Unknown,TRRUST,,,0.1487263266170494,0.1190173655230855,0.18696932,0.13057321,0.09770461306688845,1.3627147133584987,965
GATA3,RERE,Activation,DoRothEA_AB,0.5,B,0.1487263266170494,0.0556059780964471,0.18696932,0.057844155,0.007934348578280442,0.5080424537209721,966
GATA3,RFTN1,Activation,DoRothEA_AB,0.5,B,0.1487263266170494,0.101046771948933,0.18696932,0.11157366,0.07425326162743234,1.1205032046635097,967
GATA3,RHOH,Activation,DoRothEA_AB,1.0,A,0.1487263266170494,0.3911780722454396,0.18696932,0.54273915,0.6064455206312137,5.030955003291415,968
GATA3,RTN4,Activation,DoRothEA_AB,0.5,B,0.1487263266170494,0.1922914019483182,0.18696932,0.22073567,0.20899311916865945,2.3503178683402153,969
GATA3,RUNX1,Activation,DoRothEA_AB,0.5,B,0.1487263266170494,0.0726084588854593,0.18696932,0.07835578,0.03325207065429455,0.7372055309711026,970
GATA3,SATB1,Activation,DoRothEA_AB,0.5,B,0.1487263266170494,0.2590911841229347,0.18696932,0.36818552,0.39099207451471163,3.250659638034571,971
GATA3,SCAPER,Activation,DoRothEA_AB,0.5,B,0.1487263266170494,0.0631693592303489,0.18696932,0.06589148,0.01786724944817058,0.6099833243838358,972
GATA3,SEPTIN7,Activation,DoRothEA_AB,1.0,A,0.1487263266170494,0.4004961578024097,0.18696932,0.56767064,0.6372187302019293,5.156546155948105,973
GATA3,SEPTIN9,Activation,DoRothEA_AB,0.5,B,0.1487263266170494,0.2915834694741876,0.18696932,0.3915392,0.4198177760226209,3.6885976184023797,974
GATA3,SH3KBP1,Activation,DoRothEA_AB,1.0,A,0.1487263266170494,0.2110485871603923,0.18696932,0.25105074,0.24641134015187816,2.603131227584085,975
GATA3,SLC38A1,Activation,DoRothEA_AB,0.5,B,0.1487263266170494,0.2667755793549815,0.18696932,0.3271632,0.34035777827180963,3.354231562628075,976
GATA3,SMAD3,Activation,DoRothEA_AB,0.5,B,0.1487263266170494,0.0641979790645596,0.18696932,0.069158815,0.021900156614679006,0.6238472827939859,977
GATA3,SND1,Activation,DoRothEA_AB,0.5,B,0.1487263266170494,0.0943909965510987,0.18696932,0.10334481,0.06409630247352772,1.03079523848018,978
GATA3,ST3GAL1,Activation,DoRothEA_AB,0.5,B,0.1487263266170494,0.0940884613057426,0.18696932,0.10231622,0.06282670263684159,1.0267176036536652,979
GATA3,ST6GAL1,Activation,DoRothEA_AB,0.5,B,0.1487263266170494,0.0837417559145639,0.18696932,0.09100155,0.048860882257334134,0.8872624925868535,980
GATA3,STAT4,Repression,TRRUST,,,0.1487263266170494,0.1003811944091496,0.18696932,0.10800379,0.06984693221630571,1.1115324080451772,981
GATA3,SYNE1,Activation,DoRothEA_AB,0.5,B,0.1487263266170494,0.0655291341441265,0.18696932,0.070187435,0.023169793480691807,0.6417888760306526,982
GATA3,SYNE2,Activation,DoRothEA_AB,0.5,B,0.1487263266170494,0.2894657227566944,0.18696932,0.3761712,0.4008488862898872,3.6600541746167683,983
GATA3,TACC1,Activation,DoRothEA_AB,0.5,B,0.1487263266170494,0.1065529134144141,0.18696932,0.11568807,0.07933172268972133,1.1947161585060826,984
GATA3,TAOK3,Activation,DoRothEA_AB,0.5,B,0.1487263266170494,0.1700248078901142,0.18696932,0.19350556,0.1753826979036796,2.0502039451087835,985
GATA3,TBC1D1,Activation,DoRothEA_AB,0.5,B,0.1487263266170494,0.0819265444424273,0.18696932,0.08664512,0.043483693273837706,0.8627966836277638,986
GATA3,TBL1XR1,Activation,DoRothEA_AB,0.5,B,0.1487263266170494,0.1016518424396452,0.18696932,0.109818965,0.07208742248313385,1.1286584743165395,987
GATA3,TIAM1,Activation,DoRothEA_AB,0.5,B,0.1487263266170494,0.0663762328311236,0.18696932,0.07236566,0.025858400315548903,0.6532062535448945,988
GATA3,TLE3,Activation,DoRothEA_AB,0.5,B,0.1487263266170494,0.0718823742966047,0.18696932,0.077327155,0.03198242761672731,0.7274192073874673,989
GATA3,TLE4,Activation,DoRothEA_AB,0.5,B,0.1487263266170494,0.0975978701518734,0.18696932,0.10727771,0.06895072376646555,1.0740181676412388,990
GATA3,TLK1,Activation,DoRothEA_AB,0.5,B,0.1487263266170494,0.1286379863254088,0.18696932,0.14412794,0.11443536389503645,1.492383500841664,991
GATA3,TPD52,Activation,DoRothEA_AB,0.5,B,0.1487263266170494,0.0542748230168804,0.18696932,0.058146697,0.008307779463074863,0.4901008604843083,993
GATA3,TXNRD1,Activation,DoRothEA_AB,0.5,B,0.1487263266170494,0.078840684939795,0.18696932,0.087915786,0.045052090153141044,0.8212048083973106,994
GATA3,VAPB,Activation,DoRothEA_AB,1.0,A,0.1487263266170494,0.0581472741574381,0.18696932,0.06074846,0.011519163862977683,0.5422945862636943,995
GATA3,VMP1,Activation,DoRothEA_AB,0.5,B,0.1487263266170494,0.2668360864040527,0.18696932,0.338841,0.35477181396421714,3.3550470895933784,996
GATA3,ZEB1,Activation,DoRothEA_AB,1.0,A,0.1487263266170494,0.0646215284080582,0.18696932,0.06861427,0.021228018791962233,0.6295559715511077,997
GTF3A,FUS,Unknown,TRRUST,,,0.5601137532523263,0.4589459672052222,0.98767316,0.6763236,0.771330261785423,5.944345204430976,998
GTF3A,STAT1,Unknown,TRRUST,,,0.5601137532523263,0.3569915895201921,0.98767316,0.62375486,0.7064440936146298,4.570182267895118,999
HBP1,DNMT1,Repression,TRRUST,,,0.091728686391965,0.1480002420281949,0.09795976,0.16905911,0.14520817848626755,1.7533521297385612,1000
HBP1,MIF,Repression,DoRothEA_AB,-1.0,A,0.091728686391965,0.5573304289950495,0.09795976,1.2856312,1.5234052668424662,7.270392050013949,1001
HBP1,RUNX1,Activation,DoRothEA_AB,1.0,A,0.091728686391965,0.0726084588854593,0.09795976,0.07835578,0.03325207065429455,0.7372055309711026,1002
HCFC1,E2F4,Repression,TRRUST,,,0.0508864282688924,0.1799479639377921,0.053185172,0.22176345,0.21026171921352602,2.183950367418444,1003
HDAC1,BCL2A1,Activation,TRRUST,,,0.1769831185333029,0.1249470563320651,0.20010112,0.18085776,0.1597713806495366,1.4426363559581916,1004
HDAC1,BIRC3,Activation,TRRUST,,,0.1769831185333029,0.3502148000242138,0.20010112,0.5574434,0.6245951365117807,4.478843247781161,1005
HDAC1,CCND2,Repression,TRRUST,,,0.1769831185333029,0.202759121437637,0.20010112,0.30689156,0.31533627229434513,2.4914040333376013,1006
HDAC1,CD44,Repression,TRRUST,,,0.1769831185333029,0.5736068251952116,0.20010112,1.0101249,1.183344840933209,7.489768803680504,1007
HDAC1,CD82,Repression,TRRUST,,,0.1769831185333029,0.0923942639317484,0.20010112,0.11441758,0.07776354304913433,1.003882848625181,1008
HDAC1,DNMT1,Unknown,TRRUST,,,0.1769831185333029,0.1480002420281949,0.20010112,0.16905911,0.14520817848626755,1.7533521297385612,1009
HDAC1,EIF2AK1,Repression,TRRUST,,,0.1769831185333029,0.0983239547407281,0.20010112,0.10679367,0.06835326792405064,1.0838044912248754,1010
HDAC1,HMGCS1,Unknown,TRRUST,,,0.1769831185333029,0.0526411326919576,0.20010112,0.059477855,0.009950842276638535,0.4680816324211295,1011
HDAC1,HSPA5,Repression,TRRUST,,,0.1769831185333029,0.2177043625582251,0.20010112,0.29557768,0.30137142702043956,2.692839193767395,1012
HDAC1,MGMT,Unknown,TRRUST,,,0.1769831185333029,0.1004417014582208,0.20010112,0.10667264,0.06820387927722914,1.11234793501048,1013
HDAC1,NFKB1,Unknown,TRRUST,,,0.1769831185333029,0.1009257578507906,0.20010112,0.11804789,0.08224447421035508,1.1188721507329042,1014
HDAC1,PCNA,Repression,TRRUST,,,0.1769831185333029,0.0808979246082165,0.20010112,0.09172769,0.04975716476582758,0.8489327252176124,1015
HDAC1,PSIP1,Unknown,TRRUST,,,0.1769831185333029,0.2612089308404279,0.20010112,0.31996265,0.33147006100443355,3.2792030818201825,1016
HDAC1,RGS10,Unknown,TRRUST,,,0.1769831185333029,0.5104374659648427,0.20010112,0.86992973,1.0103004161029212,6.638358651903983,1017
HDAC1,RUNX3,Activation,TRRUST,,,0.1769831185333029,0.2065105584800518,0.20010112,0.26786903,0.26717033862293094,2.541966705186375,1018
HDAC1,STAT3,Unknown,TRRUST,,,0.1769831185333029,0.2711320868881103,0.20010112,0.33920252,0.35521804203658686,3.412949504129904,1019
HDAC1,TP53,Repression,TRRUST,,,0.1769831185333029,0.1242209717432105,0.20010112,0.14055775,0.11002863950442551,1.4328500323745565,1020
HDAC1,TXNIP,Repression,TRRUST,,,0.1769831185333029,0.2143764748593087,0.20010112,0.28353858,0.2865114348040578,2.64798521067574,1021
HDAC2,DNMT1,Repression,TRRUST,,,0.1480002420281949,0.1480002420281949,0.17172153,0.16905911,0.14520817848626755,1.7533521297385612,1022
HDAC2,MYC,Unknown,TRRUST,,,0.1480002420281949,0.285230229321708,0.17172153,0.60675657,0.6854629191836673,3.6029672870455456,1023
HDAC2,TGFBR2,Repression,TRRUST,,,0.1480002420281949,0.0818660373933561,0.17172153,0.08821829,0.04542547413412172,0.8619811566624612,1024
HDAC2,TNFSF10,Repression,TRRUST,,,0.1480002420281949,0.0998971380165798,0.17172153,0.120589145,0.08538117292702337,1.1050081923227528,1025
HDAC3,CXCR4,Repression,TRRUST,,,0.1089126883281917,0.5044472681067905,0.11744274,0.9950035,1.1646803322655517,6.557621482338969,1026
HDAC3,JUN,Repression,TRRUST,,,0.1089126883281917,0.0778120651055843,0.11744274,0.09759687,0.05700155754573169,0.8073408499871605,1027
HDAC3,MBD1,Unknown,TRRUST,,,0.1089126883281917,0.0595994433351472,0.11744274,0.061474524,0.012415352563843619,0.5618672334309633,1028
HDAC3,MYC,Repression,TRRUST,,,0.1089126883281917,0.285230229321708,0.11744274,0.60675657,0.6854629191836673,3.6029672870455456,1029
HDAC3,PCK2,Unknown,TRRUST,,,0.1089126883281917,0.0575422036667259,0.11744274,0.06214012,0.01323690495391055,0.5341393166106644,1030
HDAC5,YY1,Activation,TRRUST,,,0.0516730199068182,0.2130453197797422,0.05385075,0.2520799,0.2476816435457707,2.630043617439079,1031
HDAC7,ACTN4,Repression,TRRUST,,,0.0966297573667339,0.0889453621346889,0.10588609,0.096749656,0.05595583208073766,0.9573978116029114,1032
HDAC7,HIF1A,Activation,TRRUST,,,0.0966297573667339,0.2056634597930549,0.10588609,0.2684732,0.2679160722323678,2.5305493276721354,1033
HDGF,FAS,Activation,TRRUST,,,0.1190173655230855,0.1361408604102384,0.13614045,0.1684531,0.14446017374479603,1.5935088445392116,1034
HIF1A,ADAM17,Activation,DoRothEA_AB,1.0,A,0.2056634597930549,0.1032855327645682,0.2684732,0.11605116,0.0797798886301858,1.150677702379721,1036
HIF1A,AGPAT5,Activation,DoRothEA_AB,0.5,B,0.2056634597930549,0.0510074423670348,0.2684732,0.05475837,0.004125530553558695,0.44606240435795075,1037
HIF1A,ALDOA,Activation,DoRothEA_AB,1.0,A,0.2056634597930549,0.6981908392328834,0.2684732,1.8180721,2.1806028671351205,9.168938825239753,1038
HIF1A,ALOX5AP,Unknown,TRRUST,,,0.2056634597930549,0.2416046469413517,0.2684732,0.3474934,0.36545156549489816,3.0149723450620027,1039
HIF1A,APEX1,Repression,TRRUST,,,0.2056634597930549,0.2256912930356244,0.2684732,0.2778519,0.2794923037612843,2.8004887531873655,1040
HIF1A,APH1A,Activation,DoRothEA_AB,1.0,A,0.2056634597930549,0.2280510679494014,0.2684732,0.27125746,0.2713527146664686,2.832294304834174,1041
HIF1A,BAX,Activation,DoRothEA_AB,1.0,A,0.2056634597930549,0.3966842137109219,0.2684732,0.62054837,0.7024862880941252,5.105167957134004,1042
HIF1A,BCL2L1,Activation,DoRothEA_AB,1.0,A,0.2056634597930549,0.0949355599927397,0.2684732,0.11435707,0.07768885489727803,1.0381349811679073,1043
HIF1A,BHLHE40,Activation,DoRothEA_AB,1.0,A,0.2056634597930549,0.0874931929569796,0.2684732,0.10933506,0.07149013327268885,0.9378251644356395,1044
HIF1A,BID,Repression,TRRUST,,,0.2056634597930549,0.1019543776850013,0.2684732,0.11290482,0.07589632690961778,1.1327361091430546,1045
HIF1A,BNIP3,Activation,DoRothEA_AB,1.0,A,0.2056634597930549,0.172021540509464,0.2684732,0.22805555,0.2180281267543468,2.0771163349637756,1046
HIF1A,BNIP3L,Activation,DoRothEA_AB,1.0,A,0.2056634597930549,0.1392267199128699,0.2684732,0.15756138,0.13101640515553192,1.635100719769654,1047
HIF1A,CCR7,Activation,TRRUST,,,0.2056634597930549,0.3879106915955929,0.2684732,0.64021057,0.7267555556437711,4.986916547165042,1048
HIF1A,CDKN1B,Activation,DoRothEA_AB,1.0,A,0.2056634597930549,0.1297271132086905,0.2684732,0.14558037,0.11622811405865656,1.507062986217114,1049
HIF1A,CITED2,Activation,DoRothEA_AB,1.0,A,0.2056634597930549,0.1376535366370186,0.2684732,0.15955848,0.1334814474307299,1.6138970186717823,1050
HIF1A,COX4I1,Activation,DoRothEA_AB,1.0,A,0.2056634597930549,0.91172021540527,0.2684732,3.2437956,3.9403889070145595,12.04693348579468,1051
HIF1A,CREBBP,Activation,DoRothEA_AB,0.5,B,0.2056634597930549,0.0628668239849928,0.2684732,0.065891474,0.01786724204230525,0.6059056895573208,1052
HIF1A,CXCR4,Activation,DoRothEA_AB,1.0,A,0.2056634597930549,0.5044472681067905,0.2684732,0.9950035,1.1646803322655517,6.557621482338969,1053
HIF1A,DDIT4,Activation,DoRothEA_AB,1.0,A,0.2056634597930549,0.2307738851576057,0.2684732,0.42887402,0.46590055086459536,2.8689930182728003,1054
HIF1A,DDX18,Activation,DoRothEA_AB,0.5,B,0.2056634597930549,0.4020693410782618,0.2684732,0.6060264,0.6845616624022935,5.1777498570459874,1055
HIF1A,DLGAP4,Activation,DoRothEA_AB,0.5,B,0.2056634597930549,0.0508864282688924,0.2684732,0.053003658,0.0019596704259751017,0.44443135042734533,1056
HIF1A,EGLN1,Activation,DoRothEA_AB,1.0,A,0.2056634597930549,0.0761783747806613,0.2684732,0.08065499,0.03609001059198316,0.7853216219239791,1057
HIF1A,ETS1,Activation,DoRothEA_AB,1.0,A,0.2056634597930549,0.2819023416227901,0.2684732,0.35590377,0.3758325767612628,3.5581133039538706,1059
HIF1A,FAM162A,Activation,DoRothEA_AB,1.0,A,0.2056634597930549,0.2105645307678227,0.2684732,0.26357278,0.2618674304686976,2.5966070118616638,1060
HIF1A,FAM210A,Activation,DoRothEA_AB,0.5,B,0.2056634597930549,0.0560295274399456,0.2684732,0.06129304,0.012191344886575563,0.5137511424780925,1061
HIF1A,FURIN,Activation,DoRothEA_AB,1.0,A,0.2056634597930549,0.0522780903975303,0.2684732,0.06740429,0.01973452730323155,0.46318847062931195,1062
HIF1A,HIF1A,Repression,TRRUST,,,0.2056634597930549,0.2056634597930549,0.2684732,0.2684732,0.2679160722323678,2.5305493276721354,1064
HIF1A,HK1,Activation,DoRothEA_AB,1.0,A,0.2056634597930549,0.106794941610699,0.2684732,0.11683768,0.08075069883012008,1.1979782663672947,1065
HIF1A,HSP90B1,Activation,DoRothEA_AB,1.0,A,0.2056634597930549,0.3081018938706346,0.2684732,0.43093297,0.4684419352682401,3.911236479930147,1066
HIF1A,ID2,Activation,DoRothEA_AB,1.0,A,0.2056634597930549,0.2402734918617852,0.2684732,0.5340345,0.5957012763566145,2.9970307518253416,1067
HIF1A,ILK,Activation,DoRothEA_AB,1.0,A,0.2056634597930549,0.1508440733345416,0.2684732,0.17002705,0.146402917367573,1.791681897107793,1068
HIF1A,ITGB1,Activation,DoRothEA_AB,1.0,A,0.2056634597930549,0.1781327524656559,0.2684732,0.24639054,0.24065920454981635,2.1594845584593596,1069
HIF1A,ITGB2,Activation,DoRothEA_AB,1.0,A,0.2056634597930549,0.1800689780359345,0.2684732,0.21897991,0.20682596548326485,2.185581421349049,1070
HIF1A,LDHA,Activation,DoRothEA_AB,1.0,A,0.2056634597930549,0.6299388878805309,0.2684732,1.7660505,2.1163920398237996,8.249024408377766,1071
HIF1A,LGALS1,Repression,DoRothEA_AB,-1.0,A,0.2056634597930549,0.2383372662915066,0.2684732,0.5627724,0.6311727792359957,2.970933888935652,1072
HIF1A,MCL1,Activation,DoRothEA_AB,1.0,A,0.2056634597930549,0.2454165910328378,0.2684732,0.30060118,0.30757198776825245,3.0663505438760805,1073
HIF1A,MIF,Activation,DoRothEA_AB,1.0,A,0.2056634597930549,0.5573304289950495,0.2684732,1.2856312,1.5234052668424662,7.270392050013949,1074
HIF1A,MSI2,Activation,DoRothEA_AB,0.5,B,0.2056634597930549,0.0714588249531061,0.2684732,0.07648008,0.030936873720946775,0.7217105186303456,1075
HIF1A,NAMPT,Activation,DoRothEA_AB,1.0,A,0.2056634597930549,0.1320263810733963,0.2684732,0.21286759,0.19928146235395827,1.5380530108986201,1076
HIF1A,NEK7,Activation,DoRothEA_AB,0.5,B,0.2056634597930549,0.0701881769226105,0.2684732,0.07412034,0.02802422094518408,0.7045844523589833,1077
HIF1A,NPM1,Activation,DoRothEA_AB,1.0,A,0.2056634597930549,0.9216433714529524,0.2684732,4.2644897,5.200242748357084,12.1806799081044,1078
HIF1A,NR3C1,Activation,DoRothEA_AB,1.0,A,0.2056634597930549,0.1855146124523431,0.2684732,0.2315664,0.22236160713684086,2.2589788482263016,1079
HIF1A,PDE4D,Activation,DoRothEA_AB,0.5,B,0.2056634597930549,0.0531251890845273,0.2684732,0.05729962,0.007262223098672547,0.47460584814355256,1080
HIF1A,PFKL,Activation,DoRothEA_AB,1.0,A,0.2056634597930549,0.0921522357354636,0.2684732,0.099774964,0.0596900026858624,1.0006207407639702,1081
HIF1A,PFKP,Activation,DoRothEA_AB,1.0,A,0.2056634597930549,0.0996551098202949,0.2684732,0.11393344,0.07716596377563058,1.1017460844615405,1082
HIF1A,PGAM1,Activation,DoRothEA_AB,1.0,A,0.2056634597930549,0.3773219580081269,0.2684732,0.78790593,0.9090575466560312,4.844199328236987,1083
HIF1A,PGK1,Activation,DoRothEA_AB,1.0,A,0.2056634597930549,0.4303866400435995,0.2684732,0.7488768,0.8608834665327536,5.5594164768078755,1084
HIF1A,PKM,Activation,DoRothEA_AB,1.0,A,0.2056634597930549,0.6205602952744895,0.2684732,1.616421,1.9317027187498743,8.122617728755772,1085
HIF1A,PMAIP1,Activation,DoRothEA_AB,1.0,A,0.2056634597930549,0.2311974345011042,0.2684732,0.36165032,0.382925605996924,2.874701707029921,1086
HIF1A,PPIA,Activation,DoRothEA_AB,1.0,A,0.2056634597930549,0.7970593574152806,0.2684732,2.426599,2.9317142456816,10.50150988654515,1087
HIF1A,PPP1R10,Activation,DoRothEA_AB,1.0,A,0.2056634597930549,0.0750287408483081,0.2684732,0.07938435,0.03452164580476293,0.769826609583222,1088
HIF1A,PRKCH,Activation,DoRothEA_AB,0.5,B,0.2056634597930549,0.1908392327706093,0.2684732,0.22430551,0.21339941155045947,2.3307452211729487,1089
HIF1A,RAD23B,Activation,DoRothEA_AB,0.5,B,0.2056634597930549,0.1683911175651916,0.2684732,0.19544198,0.17777284219417025,2.0281847170456073,1090
HIF1A,RERE,Activation,DoRothEA_AB,0.5,B,0.2056634597930549,0.0556059780964471,0.2684732,0.057844155,0.007934348578280442,0.5080424537209721,1091
HIF1A,RNF7,Activation,DoRothEA_AB,1.0,A,0.2056634597930549,0.224118109759773,0.2684732,0.26157823,0.259405535686265,2.7792850520894925,1092
HIF1A,RORA,Activation,DoRothEA_AB,1.0,A,0.2056634597930549,0.1950747262055938,0.2684732,0.24590701,0.24006237820595452,2.3878321087441456,1093
HIF1A,RUNX1,Activation,DoRothEA_AB,0.5,B,0.2056634597930549,0.0726084588854593,0.2684732,0.07835578,0.03325207065429455,0.7372055309711026,1094
HIF1A,SDHB,Repression,TRRUST,,,0.2056634597930549,0.1473346644884116,0.2684732,0.1670016,0.14266857149030207,1.74438133312023,1095
HIF1A,SEPTIN9,Activation,DoRothEA_AB,0.5,B,0.2056634597930549,0.2915834694741876,0.2684732,0.3915392,0.4198177760226209,3.6885976184023797,1096
HIF1A,SOCS1,Activation,DoRothEA_AB,1.0,A,0.2056634597930549,0.3517274762509947,0.2684732,0.792205,0.9143639355669698,4.499231421913741,1097
HIF1A,STAT3,Unknown,TRRUST,,,0.2056634597930549,0.2711320868881103,0.2684732,0.33920252,0.35521804203658686,3.412949504129904,1098
HIF1A,TFRC,Activation,DoRothEA_AB,1.0,A,0.2056634597930549,0.0755733042899491,0.2684732,0.08954951,0.047068613474960455,0.7771663522709492,1099
HIF1A,TIMP1,Activation,DoRothEA_AB,1.0,A,0.2056634597930549,0.1207115628970797,0.2684732,0.16573028,0.14109936737167775,1.3855494683869827,1100
HIF1A,TP53,Activation,DoRothEA_AB,1.0,A,0.2056634597930549,0.1242209717432105,0.2684732,0.14055775,0.11002863950442551,1.4328500323745565,1101
HIF1A,VHL,Activation,DoRothEA_AB,1.0,A,0.2056634597930549,0.0606280631693578,0.2684732,0.06280566,0.014058388222567735,0.5757311918411123,1102
HIF1A,XPC,Activation,TRRUST,,,0.2056634597930549,0.0913656440975377,0.2684732,0.09838331,0.05797226900079488,0.9900188902150308,1104
HIVEP2,HLA-A,Unknown,TRRUST,,,0.0614751618563548,0.9671446723545208,0.06480237,7.371811,9.035643262664403,12.793956186012393,1105
HIVEP2,HLA-B,Unknown,TRRUST,,,0.0614751618563548,0.9751921098809948,0.06480237,7.687275,9.425023912758567,12.902421272397714,1106
HIVEP2,HLA-C,Unknown,TRRUST,,,0.0614751618563548,0.9257578507897964,0.06480237,4.116142,5.017135566979893,12.236135741745018,1107
HIVEP2,HLA-E,Unknown,TRRUST,,,0.0614751618563548,0.7481696617657231,0.06480237,1.8404909,2.2082746360796945,9.84256409858018,1108
HIVEP2,HLA-F,Unknown,TRRUST,,,0.0614751618563548,0.2895867368548369,0.06480237,0.36909392,0.39211332252572256,3.6616852285473747,1109
HMBOX1,NCOA4,Activation,DoRothEA_AB,0.5,B,0.0529436679373137,0.1017728565377876,0.054939855,0.10957695,0.07178870073348084,1.130289528247145,1110
HMGA1,CD44,Activation,TRRUST,,,0.3353905730017614,0.5736068251952116,0.5222917,1.0101249,1.183344840933209,7.489768803680504,1111
HMGA1,SLC2A3,Activation,TRRUST,,,0.3353905730017614,0.1034065468627106,0.5222917,0.11822936,0.08246846460727073,1.1523087563103265,1112
HMGA1,TP53,Unknown,TRRUST,,,0.3353905730017614,0.1242209717432105,0.5222917,0.14055775,0.11002863950442551,1.4328500323745565,1113
HMGA1,XPA,Repression,TRRUST,,,0.3353905730017614,0.10982029406426,0.5222917,0.12089161,0.08575450876987939,1.238754614632444,1114
HMGN1,PCNA,Unknown,TRRUST,,,0.5870393900890256,0.0808979246082165,1.1227765,0.09172769,0.04975716476582758,0.8489327252176124,1115
HNRNPD,KLF2,Unknown,TRRUST,,,0.2619350154292827,0.1671204695346962,0.33654034,0.26835078,0.2677649678934114,2.0110586507742476,1116
HSF1,FKBP4,Unknown,TRRUST,,,0.1569552852907335,0.13220790222061,0.17625993,0.17414154,0.15148147717473306,1.5404995917945297,1117
HSF1,HOPX,Unknown,TRRUST,,,0.1569552852907335,0.0512494705633197,0.17625993,0.08888427,0.04624750049956979,0.4493245122191631,1118
HSF1,HPCAL1,Activation,DoRothEA_AB,0.5,B,0.1569552852907335,0.1747443577176683,0.17625993,0.20052433,0.1840460421377647,2.113815048402402,1119
HSF1,HSPA4,Activation,DoRothEA_AB,1.0,A,0.1569552852907335,0.0772069946148721,0.17625993,0.08404339,0.04027234960619419,0.7991855803341306,1120
HSF1,JUN,Unknown,TRRUST,,,0.1569552852907335,0.0778120651055843,0.17625993,0.09759687,0.05700155754573169,0.8073408499871605,1121
HSF1,LDHA,Activation,TRRUST,,,0.1569552852907335,0.6299388878805309,0.17625993,1.7660505,2.1163920398237996,8.249024408377766,1122
HSF1,MKNK2,Activation,DoRothEA_AB,0.5,B,0.1569552852907335,0.0812609669026439,0.17625993,0.087068655,0.044006467135950744,0.8538258870094313,1123
HSF1,NADK,Activation,DoRothEA_AB,0.5,B,0.1569552852907335,0.0538512736733819,0.17625993,0.057057597,0.006963491474532422,0.4843921717271879,1124
HSF1,NFKB1,Unknown,TRRUST,,,0.1569552852907335,0.1009257578507906,0.17625993,0.11804789,0.08224447421035508,1.1188721507329042,1125
HSF1,POLK,Activation,TRRUST,,,0.1569552852907335,0.0667392751255509,0.17625993,0.07036894,0.023393827078488517,0.6580994153367122,1126
HSF1,RELA,Unknown,TRRUST,,,0.1569552852907335,0.1190173655230855,0.17625993,0.13057321,0.09770461306688845,1.3627147133584987,1127
HSF1,SESN3,Unknown,TRRUST,,,0.1569552852907335,0.1450353966237058,0.17625993,0.1756542,0.15334856988316076,1.713391308438724,1128
HSF1,STIP1,Activation,DoRothEA_AB,0.5,B,0.1569552852907335,0.1689356810068324,0.17625993,0.20935892,0.19495067276920094,2.035524459733332,1129
HSF1,UBB,Activation,DoRothEA_AB,0.5,B,0.1569552852907335,0.6398620439282133,0.17625993,1.4161407,1.684494563730429,8.382770830687488,1130
IFI16,MYC,Repression,TRRUST,,,0.3147576692684704,0.285230229321708,0.4160467,0.60675657,0.6854629191836673,3.6029672870455456,1131
IFI16,TP53,Unknown,TRRUST,,,0.3147576692684704,0.1242209717432105,0.4160467,0.14055775,0.11002863950442551,1.4328500323745565,1132
IKBKB,CD44,Repression,TRRUST,,,0.0660736975857675,0.5736068251952116,0.06921932,1.0101249,1.183344840933209,7.489768803680504,1133
IKBKB,TP53,Unknown,TRRUST,,,0.0660736975857675,0.1242209717432105,0.06921932,0.14055775,0.11002863950442551,1.4328500323745565,1134
ILF2,ILF3,Unknown,TRRUST,,,0.2629031282144224,0.2161311792823737,0.3605595,0.26732504,0.2664988858427572,2.6716354926695214,1135
ING2,BCL2,Repression,TRRUST,,,0.060386034973073,0.1349307194288143,0.064015806,0.15768246,0.13116585551789783,1.577198305233156,1136
ING4,ARL6IP5,Activation,TRRUST,,,0.0819265444424273,0.3924487202759355,0.0866451,0.5545399,0.6210113148473485,5.048081069562782,1137
ING4,BAX,Activation,TRRUST,,,0.0819265444424273,0.3966842137109219,0.0866451,0.62054837,0.7024862880941252,5.105167957134004,1138
ING4,BCL2,Repression,TRRUST,,,0.0819265444424273,0.1349307194288143,0.0866451,0.15768246,0.13116585551789783,1.577198305233156,1139
ING4,CASP3,Activation,TRRUST,,,0.0819265444424273,0.0510679494161061,0.0866451,0.054516327,0.0038267742432008074,0.4468779313232549,1140
ING4,CDKN1B,Activation,TRRUST,,,0.0819265444424273,0.1297271132086905,0.0866451,0.14558037,0.11622811405865656,1.507062986217114,1141
ING4,TP53,Activation,TRRUST,,,0.0819265444424273,0.1242209717432105,0.0866451,0.14055775,0.11002863950442551,1.4328500323745565,1142
IRF1,APOL2,Activation,DoRothEA_AB,0.5,B,0.4906516609185491,0.1700853149391854,0.9328636,0.21922126,0.20712386641617708,2.051019472074086,1143
IRF1,BBC3,Activation,DoRothEA_AB,0.5,B,0.4906516609185491,0.1031040116173545,0.9328636,0.1201656,0.08485838672180143,1.1482311214838115,1144
IRF1,BCL2,Repression,TRRUST,,,0.4906516609185491,0.1349307194288143,0.9328636,0.15768246,0.13116585551789783,1.577198305233156,1145
IRF1,CDK4,Repression,TRRUST,,,0.4906516609185491,0.193985599322312,0.9328636,0.2672014,0.26634627564451696,2.3731526233686937,1147
IRF1,EIF2AK2,Activation,DoRothEA_AB,1.0,A,0.4906516609185491,0.0660736975857675,0.9328636,0.07073199,0.02384194364651746,0.6491286187183797,1148
IRF1,ERAP2,Activation,DoRothEA_AB,0.5,B,0.4906516609185491,0.1518726931687521,0.9328636,0.17226607,0.1491665641328896,1.8055458555179404,1149
IRF1,ETV6,Activation,DoRothEA_AB,0.5,B,0.4906516609185491,0.1393477340110124,0.9328636,0.17026885,0.146701373740385,1.6367317737002607,1150
IRF1,HLA-A,Activation,DoRothEA_AB,1.0,A,0.4906516609185491,0.9671446723545208,0.9328636,7.371811,9.035643262664403,12.793956186012393,1151
IRF1,IRF2,Activation,DoRothEA_AB,1.0,A,0.4906516609185491,0.1452774248199906,0.9328636,0.1626445,0.1372905555185104,1.716653416299935,1152
IRF1,PLAAT4,Activation,DoRothEA_AB,0.5,B,0.4906516609185491,0.3278271918678571,0.9328636,0.461547,0.5062291658346509,4.177098270618985,1153
IRF1,PSMB9,Activation,DoRothEA_AB,1.0,A,0.4906516609185491,0.4965813517275301,0.9328636,0.82540476,0.9553427608268099,6.451602976849556,1154
IRF1,SOCS1,Activation,DoRothEA_AB,1.0,A,0.4906516609185491,0.3517274762509947,0.9328636,0.792205,0.9143639355669698,4.499231421913741,1155
IRF1,STAT1,Activation,DoRothEA_AB,0.5,B,0.4906516609185491,0.3569915895201921,0.9328636,0.62375486,0.7064440936146298,4.570182267895118,1156
IRF1,TAP1,Activation,DoRothEA_AB,1.0,A,0.4906516609185491,0.3601984631209675,0.9328636,0.6138982,0.6942779108534995,4.613405197056186,1157
IRF1,TAP2,Activation,DoRothEA_AB,1.0,A,0.4906516609185491,0.1098808011133312,0.9328636,0.12567173,0.0916546629336766,1.2395701415977467,1158
IRF1,TAPBP,Unknown,TRRUST,,,0.4906516609185491,0.4312337387305968,0.9328636,0.65103877,0.7401209208054048,5.57083385432212,1159
IRF1,TNFSF10,Activation,DoRothEA_AB,1.0,A,0.4906516609185491,0.0998971380165798,0.9328636,0.120589145,0.08538117292702337,1.1050081923227528,1160
IRF1,TP53,Activation,DoRothEA_AB,1.0,A,0.4906516609185491,0.1242209717432105,0.9328636,0.14055775,0.11002863950442551,1.4328500323745565,1161
IRF1,TRIM22,Unknown,TRRUST,,,0.4906516609185491,0.1159315060204533,0.9328636,0.12930244,0.0961360878192527,1.3211228381280464,1162
IRF1,ZNFX1,Activation,DoRothEA_AB,0.5,B,0.4906516609185491,0.0756943183880916,0.9328636,0.080231436,0.03556721327796324,0.7787974062015559,1163
IRF2,ADAR,Activation,DoRothEA_AB,0.5,B,0.1452774248199906,0.2808132147395079,0.1626445,0.34525424,0.3626877459260571,3.5434338185784133,1164
IRF2,APOL3,Activation,DoRothEA_AB,0.5,B,0.1452774248199906,0.0923337568826772,0.1626445,0.10056152,0.06066085732098866,1.0030673216598782,1165
IRF2,CASP8,Activation,DoRothEA_AB,0.5,B,0.1452774248199906,0.1558056513583806,0.1626445,0.17607825,0.1538719794153813,1.8585551082626235,1166
IRF2,CXCR4,Repression,TRRUST,,,0.1452774248199906,0.5044472681067905,0.1626445,0.9950035,1.1646803322655517,6.557621482338969,1167
IRF2,ERAP2,Unknown,TRRUST,,,0.1452774248199906,0.1518726931687521,0.1626445,0.17226607,0.1491665641328896,1.8055458555179404,1168
IRF2,IFNGR1,Repression,TRRUST,,,0.1452774248199906,0.0660131905366963,0.1626445,0.068735264,0.02137736300359175,0.6483130917530769,1169
IRF2,NMI,Activation,DoRothEA_AB,0.5,B,0.1452774248199906,0.1390451987656563,0.1626445,0.15532264,0.12825310399726408,1.6326541388737459,1170
IRF2,NR3C1,Activation,DoRothEA_AB,0.5,B,0.1452774248199906,0.1855146124523431,0.1626445,0.2315664,0.22236160713684086,2.2589788482263016,1171
IRF2,TAP1,Activation,DoRothEA_AB,1.0,A,0.1452774248199906,0.3601984631209675,0.1626445,0.6138982,0.6942779108534995,4.613405197056186,1172
IRF3,IRF7,Activation,DoRothEA_AB,1.0,A,0.2005808676710736,0.1204695347007948,0.2368319,0.13408288,0.10203663696253418,1.3822873605257704,1174
IRF3,MAVS,Activation,TRRUST,,,0.2005808676710736,0.0692200641374709,0.2368319,0.07266817,0.026231791702394907,0.6915360209141342,1175
IRF3,PURA,Repression,DoRothEA_AB,-1.0,A,0.2005808676710736,0.0920917286863923,0.2368319,0.09910937,0.05886845276441725,0.999805213798666,1176
IRF3,TNPO1,Unknown,TRRUST,,,0.2005808676710736,0.071700853149391,0.2368319,0.07678261,0.031310289794010536,0.7249726264915578,1177
IRF4,CFLAR,Activation,DoRothEA_AB,0.5,B,0.1371694802444489,0.2315604767955314,0.2156511,0.3248015,0.33744270624670575,2.879594868821737,1178
IRF4,IRF3,Repression,TRRUST,,,0.1371694802444489,0.2005808676710736,0.2156511,0.2368319,0.2288608711196434,2.462045062586701,1179
IRF4,ITGB7,Activation,DoRothEA_AB,0.5,B,0.1371694802444489,0.1184728020814445,0.2156511,0.13952914,0.10875901498152159,1.3553749706707716,1180
IRF7,ATF4,Activation,TRRUST,,,0.1204695347007948,0.3981363828886315,0.13408288,0.6284688,0.7122625610838335,5.12474060430128,1181
IRF9,ADAR,Activation,DoRothEA_AB,0.5,B,0.1447328613783498,0.2808132147395079,0.16403659,0.34525424,0.3626877459260571,3.5434338185784133,1183
IRF9,CCND2,Repression,TRRUST,,,0.1447328613783498,0.202759121437637,0.16403659,0.30689156,0.31533627229434513,2.4914040333376013,1184
IRF9,CDKN1B,Activation,TRRUST,,,0.1447328613783498,0.1297271132086905,0.16403659,0.14558037,0.11622811405865656,1.507062986217114,1185
IRF9,IRF7,Activation,DoRothEA_AB,1.0,A,0.1447328613783498,0.1204695347007948,0.16403659,0.13408288,0.10203663696253418,1.3822873605257704,1186
IRF9,ISG15,Activation,DoRothEA_AB,0.5,B,0.1447328613783498,0.3081624009197058,0.16403659,0.43825355,0.4774778068715492,3.91205200689545,1187
IRF9,MX1,Activation,DoRothEA_AB,0.5,B,0.1447328613783498,0.0781146003509404,0.16403659,0.08476943,0.04116850868359881,0.8114184848136753,1188
IRF9,PML,Activation,DoRothEA_AB,1.0,A,0.1447328613783498,0.0500998366309666,0.16403659,0.05209606,0.0008394123322966966,0.43382949987840735,1189
IRF9,SAMD9L,Activation,DoRothEA_AB,0.5,B,0.1447328613783498,0.0859805167301991,0.16403659,0.09832285,0.057897642564482994,0.9174369903030648,1190
IRF9,SP100,Activation,TRRUST,,,0.1447328613783498,0.1971319658740148,0.16403659,0.22938839,0.21967326567882475,2.4155600255644405,1191
JUN,BATF3,Activation,DoRothEA_AB,1.0,A,0.0778120651055843,0.1168996188055928,0.09759687,0.23961097,0.2322911074802335,1.334171269572894,1192
JUN,BCL2L1,Unknown,TRRUST,,,0.0778120651055843,0.0949355599927397,0.09759687,0.11435707,0.07768885489727803,1.0381349811679073,1193
JUN,BECN1,Activation,TRRUST,,,0.0778120651055843,0.1201669994554387,0.09759687,0.13281219,0.10046821045976952,1.3782097256992556,1194
JUN,BEX2,Activation,TRRUST,,,0.0778120651055843,0.1791613722998664,0.09759687,0.20857307,0.1939806895575619,2.173348516869507,1195
JUN,CCND2,Activation,DoRothEA_AB,1.0,A,0.0778120651055843,0.202759121437637,0.09759687,0.30689156,0.31533627229434513,2.4914040333376013,1198
JUN,CD44,Activation,DoRothEA_AB,1.0,A,0.0778120651055843,0.5736068251952116,0.09759687,1.0101249,1.183344840933209,7.489768803680504,1199
JUN,CD82,Activation,DoRothEA_AB,1.0,A,0.0778120651055843,0.0923942639317484,0.09759687,0.11441758,0.07776354304913433,1.003882848625181,1200
JUN,CREM,Activation,DoRothEA_AB,1.0,A,0.0778120651055843,0.2303503358141073,0.09759687,0.362256,0.3836732034158023,2.8632843295156816,1201
JUN,DDIT3,Activation,DoRothEA_AB,1.0,A,0.0778120651055843,0.0657711623404114,0.09759687,0.070489965,0.023543209553755568,0.6450509838918648,1202
JUN,DDX21,Unknown,TRRUST,,,0.0778120651055843,0.386640043565097,0.09759687,0.90600884,1.0548332544192391,4.969790480893677,1203
JUN,ERCC1,Activation,DoRothEA_AB,0.5,B,0.0778120651055843,0.1119380407817527,0.09759687,0.12688196,0.09314846300012937,1.2672980584180487,1204
JUN,ETS1,Activation,DoRothEA_AB,1.0,A,0.0778120651055843,0.2819023416227901,0.09759687,0.35590377,0.3758325767612628,3.5581133039538706,1205
JUN,ETS2,Activation,DoRothEA_AB,1.0,A,0.0778120651055843,0.0502208507291091,0.09759687,0.053790268,0.002930591713889319,0.43546055380901405,1206
JUN,EZH2,Unknown,TRRUST,,,0.0778120651055843,0.0557269921945895,0.09759687,0.06401585,0.015552138916584982,0.5096735076515775,1207
JUN,EZR,Activation,DoRothEA_AB,1.0,A,0.0778120651055843,0.3491256731409316,0.09759687,0.49827242,0.5515597516212422,4.464163762405704,1208
JUN,FAS,Activation,DoRothEA_AB,1.0,A,0.0778120651055843,0.1361408604102384,0.09759687,0.1684531,0.14446017374479603,1.5935088445392116,1209
JUN,GSTP1,Unknown,TRRUST,,,0.0778120651055843,0.4951291825498204,0.09759687,0.86685115,1.0065004912881503,6.432030329682279,1210
JUN,IER5,Activation,DoRothEA_AB,1.0,A,0.0778120651055843,0.0821685726387122,0.09759687,0.090880565,0.04871154915450261,0.8660587914889762,1211
JUN,JUN,Activation,TRRUST,,,0.0778120651055843,0.0778120651055843,0.09759687,0.09759687,0.05700155754573169,0.8073408499871605,1212
JUN,LDHA,Activation,TRRUST,,,0.0778120651055843,0.6299388878805309,0.09759687,1.7660505,2.1163920398237996,8.249024408377766,1213
JUN,LGALS3,Activation,TRRUST,,,0.0778120651055843,0.1173836751981626,0.09759687,0.21274453,0.19912956805603335,1.3406954852953186,1214
JUN,MAT2A,Activation,DoRothEA_AB,1.0,A,0.0778120651055843,0.1522962425122506,0.09759687,0.1819474,0.16111633516595877,1.8112545442750607,1215
JUN,MGMT,Unknown,TRRUST,,,0.0778120651055843,0.1004417014582208,0.09759687,0.10667264,0.06820387927722914,1.11234793501048,1216
JUN,MYC,Activation,DoRothEA_AB,1.0,A,0.0778120651055843,0.285230229321708,0.09759687,0.60675657,0.6854629191836673,3.6029672870455456,1217
JUN,NAMPT,Activation,TRRUST,,,0.0778120651055843,0.1320263810733963,0.09759687,0.21286759,0.19928146235395827,1.5380530108986201,1218
JUN,NFKB2,Activation,DoRothEA_AB,1.0,A,0.0778120651055843,0.2034852060264915,0.09759687,0.25389338,0.24992004165564302,2.501190356921235,1219
JUN,NR3C1,Repression,DoRothEA_AB,-1.0,A,0.0778120651055843,0.1855146124523431,0.09759687,0.2315664,0.22236160713684086,2.2589788482263016,1220
JUN,PCK2,Unknown,TRRUST,,,0.0778120651055843,0.0575422036667259,0.09759687,0.06214012,0.01323690495391055,0.5341393166106644,1221
JUN,PDHA1,Activation,DoRothEA_AB,1.0,A,0.0778120651055843,0.0790222060870087,0.09759687,0.08573752,0.042363432711537516,0.8236513892932201,1222
JUN,PDK1,Unknown,TRRUST,,,0.0778120651055843,0.0621407393961382,0.09759687,0.06661757,0.018763470241119604,0.5961193659736855,1223
JUN,POLD2,Activation,DoRothEA_AB,1.0,A,0.0778120651055843,0.165002722817204,0.09759687,0.21177918,0.19793802603992885,1.9825152069886498,1224
JUN,RARA,Repression,TRRUST,,,0.0778120651055843,0.0614751618563548,0.09759687,0.065165415,0.016971059512993762,0.587148569355353,1225
JUN,RELB,Activation,DoRothEA_AB,1.0,A,0.0778120651055843,0.2558843105221592,0.09759687,0.3494284,0.36783995706392725,3.2074367088735016,1226
JUN,SOD2,Unknown,TRRUST,,,0.0778120651055843,0.1158104919223108,0.09759687,0.1359588,0.10435210544427741,1.3194917841974398,1227
JUN,STMN1,Activation,DoRothEA_AB,1.0,A,0.0778120651055843,0.2339807587583797,0.09759687,0.29727343,0.30346450970942207,2.91221594743385,1228
JUN,TGFB1,Activation,DoRothEA_AB,1.0,A,0.0778120651055843,0.239910449567358,0.09759687,0.3166334,0.32736073147927064,2.992137590033525,1229
JUN,TNFRSF1B,Activation,TRRUST,,,0.0778120651055843,0.1288195074726224,0.09759687,0.1663958,0.14192082595411715,1.4948300817375724,1230
JUN,TP53,Repression,DoRothEA_AB,-1.0,A,0.0778120651055843,0.1242209717432105,0.09759687,0.14055775,0.11002863950442551,1.4328500323745565,1231
JUN,TXN,Activation,DoRothEA_AB,1.0,A,0.0778120651055843,0.474375264718387,0.09759687,1.4307916,1.7025783291251004,6.152304580583288,1232
JUNB,CD82,Activation,TRRUST,,,0.4286319356205337,0.0923942639317484,0.76545453,0.11441758,0.07776354304913433,1.003882848625181,1234
JUNB,PIM1,Activation,DoRothEA_AB,0.5,B,0.4286319356205337,0.3393235311913916,0.76545453,0.48768744,0.538494595553882,4.332048394026589,1235
JUND,CD40LG,Activation,DoRothEA_AB,1.0,A,0.1087916742300492,0.1263992255097741,0.12095214,0.20118779,0.18486495803977404,1.4622090031254593,1237
JUND,LMNA,Activation,DoRothEA_AB,0.5,B,0.1087916742300492,0.0599624856295745,0.12095214,0.08283346,0.03877891983300793,0.5667603952227811,1238
JUND,NQO2,Activation,DoRothEA_AB,1.0,A,0.1087916742300492,0.0585708235009366,0.12095214,0.06189809,0.012938164689594212,0.5480032750208145,1239
JUND,TGFB1,Activation,DoRothEA_AB,1.0,A,0.1087916742300492,0.239910449567358,0.12095214,0.3166334,0.32736073147927064,2.992137590033525,1240
JUND,TIMP1,Unknown,TRRUST,,,0.1087916742300492,0.1207115628970797,0.12095214,0.16573028,0.14109936737167775,1.3855494683869827,1241
KAT5,ERCC1,Activation,TRRUST,,,0.0839837841108488,0.1119380407817527,0.0887023,0.12688196,0.09314846300012937,1.2672980584180487,1242
KAT5,GMPS,Repression,TRRUST,,,0.0839837841108488,0.0684334724995451,0.0887023,0.07170006,0.02503684298823841,0.6809341703651963,1243
KAT5,STAT3,Repression,TRRUST,,,0.0839837841108488,0.2711320868881103,0.0887023,0.33920252,0.35521804203658686,3.412949504129904,1244
KLF2,CCR7,Unknown,TRRUST,,,0.1671204695346962,0.3879106915955929,0.26835078,0.64021057,0.7267555556437711,4.986916547165042,1247
KLF2,CXCR4,Repression,TRRUST,,,0.1671204695346962,0.5044472681067905,0.26835078,0.9950035,1.1646803322655517,6.557621482338969,1248
KLF2,FABP5,Repression,TRRUST,,,0.1671204695346962,0.1464270587523435,0.26835078,0.31227532,0.3219815058828084,1.7321484286406879,1249
KLF2,SELL,Unknown,TRRUST,,,0.1671204695346962,0.4285714285714625,0.26835078,0.7781593,0.8970271751219504,5.534950667848781,1250
KLF6,ASAH1,Unknown,TRRUST,,,0.5057179161372864,0.0749682337992369,0.89432156,0.078537256,0.03347606845707549,0.7690110826179192,1251
KLF6,CERS2,Activation,TRRUST,,,0.5057179161372864,0.1153869425788123,0.89432156,0.1266399,0.09284968570648638,1.3137830954403193,1252
KLF6,PMAIP1,Activation,TRRUST,,,0.5057179161372864,0.2311974345011042,0.89432156,0.36165032,0.382925605996924,2.874701707029921,1253
KLF6,TXNIP,Unknown,TRRUST,,,0.5057179161372864,0.2143764748593087,0.89432156,0.28353858,0.2865114348040578,2.64798521067574,1254
KMT2A,CDKN1B,Activation,DoRothEA_AB,1.0,A,0.1584679615175137,0.1297271132086905,0.17904316,0.14558037,0.11622811405865656,1.507062986217114,1255
LEF1,CTNNB1,Activation,DoRothEA_AB,1.0,A,0.3056816119077852,0.1700248078901142,0.40497273,0.19768049,0.18053585946093376,2.0502039451087835,1256
LEF1,CYLD,Repression,TRRUST,,,0.3056816119077852,0.2922490470139712,0.40497273,0.38688275,0.41407026908639055,3.6975684150207146,1257
LEF1,MYC,Activation,DoRothEA_AB,1.0,A,0.3056816119077852,0.285230229321708,0.40497273,0.60675657,0.6854629191836673,3.6029672870455456,1258
LEF1,MYCBP,Activation,DoRothEA_AB,1.0,A,0.3056816119077852,0.0657106552913402,0.40497273,0.069461346,0.022273573922053654,0.6442354569265619,1259
LMO4,MTA1,Unknown,TRRUST,,,0.0672838385671919,0.0684939795486163,0.0772062,0.07303122,0.02667990827042385,0.6817496973304991,1260
MAF,CCND2,Unknown,TRRUST,,,0.1121195619289664,0.202759121437637,0.17916313,0.30689156,0.31533627229434513,2.4914040333376013,1261
MAF,FRMD4B,Activation,DoRothEA_AB,0.5,B,0.1121195619289664,0.104616687844135,0.17916313,0.13438556,0.10241023818223119,1.1686192956163861,1262
MAF,IL4R,Activation,DoRothEA_AB,0.5,B,0.1121195619289664,0.2117141647001756,0.17916313,0.2985456,0.3050347629923016,2.6121020242024167,1263
MAF,ITGB7,Activation,DoRothEA_AB,1.0,A,0.1121195619289664,0.1184728020814445,0.17916313,0.13952914,0.10875901498152159,1.3553749706707716,1264
MAX,BRD7,Unknown,TRRUST,,,0.2335572094148812,0.1527802989048202,0.27525088,0.17335519,0.1505108768076498,1.8177787599974826,1265
MAX,CDK6,Activation,DoRothEA_AB,0.5,B,0.2335572094148812,0.0611121195619275,0.27525088,0.072728746,0.026306561318769836,0.5822554075635353,1266
MAX,MYC,Unknown,TRRUST,,,0.2335572094148812,0.285230229321708,0.27525088,0.60675657,0.6854629191836673,3.6029672870455456,1267
MAX,NPRL3,Repression,DoRothEA_AB,-1.0,A,0.2335572094148812,0.0660736975857675,0.27525088,0.07018743,0.023169787309137352,0.6491286187183797,1268
MAX,ODC1,Activation,DoRothEA_AB,1.0,A,0.2335572094148812,0.2060870091365534,0.27525088,0.43631718,0.47508772429660306,2.536258016429256,1269
MAX,SERF2,Activation,DoRothEA_AB,1.0,A,0.2335572094148812,0.9082713136082096,0.27525088,3.271388,3.9744465067712933,12.000448448772397,1270
MAZ,CD4,Unknown,TRRUST,,,0.1332970291038917,0.0900344890179708,0.15157114,0.09783875,0.057300112663414775,0.9720772969783643,1271
MAZ,CTDSP1,Activation,DoRothEA_AB,0.5,B,0.1332970291038917,0.1297876202577617,0.15157114,0.14388606,0.11413680877735335,1.5078785131824168,1272
MAZ,HRAS,Activation,TRRUST,,,0.1332970291038917,0.1026199552247847,0.15157114,0.11544608,0.07903303179784053,1.1417069057613871,1273
MAZ,MYC,Activation,DoRothEA_AB,1.0,A,0.1332970291038917,0.285230229321708,0.15157114,0.60675657,0.6854629191836673,3.6029672870455456,1274
MAZ,RNF220,Activation,DoRothEA_AB,0.5,B,0.1332970291038917,0.0653476129969128,0.15157114,0.069037795,0.021750780310966396,0.639342295134743,1275
MAZ,TSG101,Activation,TRRUST,,,0.1332970291038917,0.1212561263387207,0.15157114,0.13051268,0.09762990022881438,1.3928892110747098,1276
MBD1,MGMT,Repression,TRRUST,,,0.0595994433351472,0.1004417014582208,0.061474524,0.10667264,0.06820387927722914,1.11234793501048,1277
MDM4,TP53,Unknown,TRRUST,,,0.2403339989108564,0.1242209717432105,0.2954593,0.14055775,0.11002863950442551,1.4328500323745565,1278
MECP2,MGMT,Unknown,TRRUST,,,0.1654262721607025,0.1004417014582208,0.18896706,0.10667264,0.06820387927722914,1.11234793501048,1279
MLLT10,BAX,Repression,TRRUST,,,0.0574816966176547,0.3966842137109219,0.060022388,0.62054837,0.7024862880941252,5.105167957134004,1280
MLLT3,BAX,Repression,TRRUST,,,0.0777515580565131,0.3966842137109219,0.08331728,0.62054837,0.7024862880941252,5.105167957134004,1281
MLX,ODC1,Unknown,TRRUST,,,0.1388636776184427,0.2060870091365534,0.15429424,0.43631718,0.47508772429660306,2.536258016429256,1282
MTA1,BCL2L1,Activation,TRRUST,,,0.0684939795486163,0.0949355599927397,0.07303122,0.11435707,0.07768885489727803,1.0381349811679073,1283
MTA1,HDAC1,Unknown,TRRUST,,,0.0684939795486163,0.1769831185333029,0.07303122,0.20010112,0.18352366942669035,2.1439895461186054,1284
MTA1,ITGB3BP,Unknown,TRRUST,,,0.0684939795486163,0.059841471531432,0.07303122,0.063652754,0.015103965570255168,0.5651293412921744,1285
MTA1,MYC,Unknown,TRRUST,,,0.0684939795486163,0.285230229321708,0.07303122,0.60675657,0.6854629191836673,3.6029672870455456,1286
MTA1,PTEN,Repression,TRRUST,,,0.0684939795486163,0.1135717311066757,0.07303122,0.12258577,0.08784562890454936,1.28931728648123,1287
MTA1,SUMO2,Activation,TRRUST,,,0.0684939795486163,0.7428450414474544,0.07303122,1.6899798,2.022497146526567,9.7707977256335,1288
MXI1,CAST,Activation,DoRothEA_AB,0.5,B,0.0945120106492412,0.2532220003630249,0.103828885,0.30973783,0.3188494543466348,3.1715535224001616,1289
MXI1,MYC,Repression,TRRUST,,,0.0945120106492412,0.285230229321708,0.103828885,0.60675657,0.6854629191836673,3.6029672870455456,1290
MYC,ACADM,Activation,DoRothEA_AB,1.0,A,0.285230229321708,0.0996551098202949,0.60675657,0.1081248,0.06999629617690942,1.1017460844615405,1291
MYC,ACO2,Activation,DoRothEA_AB,1.0,A,0.285230229321708,0.1204695347007948,0.60675657,0.13432507,0.10233557471659266,1.3822873605257704,1292
MYC,ACTG1,Activation,DoRothEA_AB,1.0,A,0.285230229321708,0.8443758697889859,0.60675657,3.4108784,4.146621026316772,11.139251973412238,1293
MYC,ACYP2,Activation,DoRothEA_AB,1.0,A,0.285230229321708,0.0545773582622365,0.60675657,0.05826772,0.008457159469720147,0.49417849531082325,1294
MYC,AIMP2,Activation,DoRothEA_AB,1.0,A,0.285230229321708,0.055303442851091,0.60675657,0.061474588,0.012415431559740469,0.5039648188944571,1295
MYC,AKR1A1,Activation,DoRothEA_AB,1.0,A,0.285230229321708,0.1985841350517238,0.60675657,0.2374354,0.22960577774078503,2.4351326727317084,1296
MYC,ALDH9A1,Repression,DoRothEA_AB,-1.0,A,0.285230229321708,0.0632903733284913,0.60675657,0.066012494,0.018016618346017865,0.6116143783144412,1297
MYC,ALG5,Activation,DoRothEA_AB,1.0,A,0.285230229321708,0.1096387729170463,0.60675657,0.12179921,0.08687476933217958,1.2363080337365344,1298
MYC,AMD1,Activation,DoRothEA_AB,1.0,A,0.285230229321708,0.2657469595207705,0.60675657,0.36612764,0.3884520108237175,3.340367604217921,1299
MYC,APEX1,Activation,DoRothEA_AB,1.0,A,0.285230229321708,0.2256912930356244,0.60675657,0.2778519,0.2794923037612843,2.8004887531873655,1300
MYC,AQR,Activation,DoRothEA_AB,1.0,A,0.285230229321708,0.055303442851091,0.60675657,0.058207203,0.008382462677687618,0.5039648188944571,1301
MYC,ARF1,Activation,DoRothEA_AB,1.0,A,0.285230229321708,0.3998910873116973,0.60675657,0.587151,0.6612635506596308,5.148390886295072,1302
MYC,ARF4,Activation,DoRothEA_AB,1.0,A,0.285230229321708,0.1505415380891856,0.60675657,0.17565481,0.15334932281280267,1.7876042622812793,1303
MYC,ARFGAP2,Activation,DoRothEA_AB,1.0,A,0.285230229321708,0.1268832819023438,0.60675657,0.13656393,0.10509902399216713,1.4687332188478825,1304
MYC,ATAD3B,Activation,DoRothEA_AB,1.0,A,0.285230229321708,0.0672233315181207,0.60675657,0.08089712,0.03638887428738836,0.6646236310591366,1305
MYC,ATF4,Activation,DoRothEA_AB,1.0,A,0.285230229321708,0.3981363828886315,0.60675657,0.6284688,0.7122625610838335,5.12474060430128,1306
MYC,BAX,Activation,DoRothEA_AB,1.0,A,0.285230229321708,0.3966842137109219,0.60675657,0.62054837,0.7024862880941252,5.105167957134004,1307
MYC,BBC3,Activation,DoRothEA_AB,1.0,A,0.285230229321708,0.1031040116173545,0.60675657,0.1201656,0.08485838672180143,1.1482311214838115,1308
MYC,BCL2,Activation,DoRothEA_AB,1.0,A,0.285230229321708,0.1349307194288143,0.60675657,0.15768246,0.13116585551789783,1.577198305233156,1309
MYC,BCL2L12,Activation,DoRothEA_AB,1.0,A,0.285230229321708,0.0506444000726076,0.60675657,0.05288265,0.0018103089339931507,0.4411692425661345,1310
MYC,BCL3,Activation,DoRothEA_AB,1.0,A,0.285230229321708,0.0808374175591453,0.60675657,0.09009399,0.047740671067469494,0.8481171982523096,1311
MYC,BMI1,Activation,TRRUST,,,0.285230229321708,0.0634113874266338,0.60675657,0.066436045,0.018539411957105123,0.613245432245048,1312
MYC,BRD7,Repression,DoRothEA_AB,-1.0,A,0.285230229321708,0.1527802989048202,0.60675657,0.17335519,0.1505108768076498,1.8177787599974826,1313
MYC,BSG,Activation,DoRothEA_AB,1.0,A,0.285230229321708,0.2595752405155045,0.60675657,0.32141384,0.3332612806225521,3.2571838537569957,1314
MYC,CASP8,Repression,DoRothEA_AB,-1.0,A,0.285230229321708,0.1558056513583806,0.60675657,0.17607825,0.1538719794153813,1.8585551082626235,1315
MYC,CBFB,Unknown,TRRUST,,,0.285230229321708,0.2056634597930549,0.60675657,0.26381493,0.26216631885032055,2.5305493276721354,1316
MYC,CBX3,Activation,DoRothEA_AB,1.0,A,0.285230229321708,0.4401282749440683,0.60675657,0.691815,0.7904514654817836,5.690716318221688,1317
MYC,CBX5,Activation,DoRothEA_AB,1.0,A,0.285230229321708,0.119138379621228,0.60675657,0.1311783,0.09845148224234264,1.3643457672891053,1318
MYC,CCND2,Activation,DoRothEA_AB,1.0,A,0.285230229321708,0.202759121437637,0.60675657,0.30689156,0.31533627229434513,2.4914040333376013,1319
MYC,CCT5,Activation,DoRothEA_AB,1.0,A,0.285230229321708,0.2020935438978537,0.60675657,0.26556778,0.2643298806910299,2.48243323671927,1320
MYC,CD63,Activation,DoRothEA_AB,1.0,A,0.285230229321708,0.2873479760392012,0.60675657,0.4121138,0.4452132288268312,3.631510730831157,1321
MYC,CDK4,Activation,DoRothEA_AB,1.0,A,0.285230229321708,0.193985599322312,0.60675657,0.2672014,0.26634627564451696,2.3731526233686937,1322
MYC,CDK6,Activation,DoRothEA_AB,1.0,A,0.285230229321708,0.0611121195619275,0.60675657,0.072728746,0.026306561318769836,0.5822554075635353,1323
MYC,CFLAR,Repression,DoRothEA_AB,-1.0,A,0.285230229321708,0.2315604767955314,0.60675657,0.3248015,0.33744270624670575,2.879594868821737,1324
MYC,CKS2,Activation,DoRothEA_AB,1.0,A,0.285230229321708,0.0989290252314403,0.60675657,0.13898471,0.108087019104557,1.0919597608779052,1325
MYC,CLINT1,Activation,DoRothEA_AB,1.0,A,0.285230229321708,0.0889453621346889,0.60675657,0.097354725,0.056702675335663186,0.9573978116029114,1326
MYC,CMAS,Activation,DoRothEA_AB,1.0,A,0.285230229321708,0.074726205602952,0.60675657,0.079081826,0.03414823713756448,0.7657489747567071,1327
MYC,COX7A2L,Activation,DoRothEA_AB,1.0,A,0.285230229321708,0.4208870333394157,0.60675657,0.59035486,0.6652181099424989,5.431378743255276,1328
MYC,CREBBP,Unknown,TRRUST,,,0.285230229321708,0.0628668239849928,0.60675657,0.065891474,0.01786724204230525,0.6059056895573208,1329
MYC,CRIPT,Activation,DoRothEA_AB,1.0,A,0.285230229321708,0.0933018696678168,0.60675657,0.10134812,0.06163176626579399,1.0161157531047271,1330
MYC,CSDE1,Repression,DoRothEA_AB,-1.0,A,0.285230229321708,0.3992255097719138,0.60675657,0.54613054,0.6106315502349812,5.139420089676738,1331
MYC,CSTB,Activation,DoRothEA_AB,1.0,A,0.285230229321708,0.4492648393538247,0.60675657,0.7086965,0.8112884847440913,5.813860889982468,1332
MYC,CXCR4,Activation,DoRothEA_AB,1.0,A,0.285230229321708,0.5044472681067905,0.60675657,0.9950035,1.1646803322655517,6.557621482338969,1333
MYC,CXXC1,Activation,DoRothEA_AB,1.0,A,0.285230229321708,0.0882797845949054,0.60675657,0.093119256,0.051474789831536936,0.9484270149845775,1334
MYC,DCK,Activation,DoRothEA_AB,1.0,A,0.285230229321708,0.2181279119017235,0.60675657,0.25522527,0.25156400798477696,2.698547882524514,1335
MYC,DDX18,Activation,DoRothEA_AB,1.0,A,0.285230229321708,0.4020693410782618,0.60675657,0.6060264,0.6845616624022935,5.1777498570459874,1336
MYC,DDX5,Activation,DoRothEA_AB,1.0,A,0.285230229321708,0.7758213831912772,0.60675657,1.9796096,2.3799903622679603,10.215259921723733,1337
MYC,DFFA,Activation,DoRothEA_AB,1.0,A,0.285230229321708,0.0791432201851511,0.60675657,0.08737122,0.04437992640989561,0.8252824432238256,1338
MYC,DKC1,Activation,DoRothEA_AB,1.0,A,0.285230229321708,0.1657893144551297,0.60675657,0.21776903,0.2053313631147346,1.9931170575375867,1339
MYC,DMAC2L,Activation,DoRothEA_AB,1.0,A,0.285230229321708,0.076359895927875,0.60675657,0.08119956,0.03676217927247217,0.7877682028198885,1340
MYC,DNPH1,Activation,DoRothEA_AB,1.0,A,0.285230229321708,0.2544926483935208,0.60675657,0.3174217,0.3283337387525862,3.1886795886715285,1341
MYC,DPY30,Activation,DoRothEA_AB,1.0,A,0.285230229321708,0.2085677981484729,0.60675657,0.24052294,0.23341676198111588,2.569694622006671,1342
MYC,EBNA1BP2,Activation,TRRUST,,,0.285230229321708,0.1645791734737056,0.60675657,0.24390878,0.23759594115945265,1.9768065182315309,1343
MYC,EIF4A1,Activation,DoRothEA_AB,1.0,A,0.285230229321708,0.0965692503176627,0.60675657,0.10546255,0.06671025201430074,1.0601542092310885,1344
MYC,EIF4B,Activation,DoRothEA_AB,1.0,A,0.285230229321708,0.491135717311119,0.60675657,0.757217,0.8711778662040801,6.37820554997227,1345
MYC,EIF4E,Activation,DoRothEA_AB,1.0,A,0.285230229321708,0.2315604767955314,0.60675657,0.2943077,0.29980387687840565,2.879594868821737,1346
MYC,EIF4EBP2,Activation,DoRothEA_AB,1.0,A,0.285230229321708,0.0810794457554302,0.60675657,0.08579802,0.04243810852028495,0.851379306113522,1347
MYC,ELK1,Activation,DoRothEA_AB,1.0,A,0.285230229321708,0.0573001754704411,0.60675657,0.061172,0.012041943896645178,0.5308772087494534,1348
MYC,EP300,Unknown,TRRUST,,,0.285230229321708,0.0646215284080582,0.60675657,0.068009205,0.02048118047428026,0.6295559715511077,1350
MYC,ESD,Activation,DoRothEA_AB,1.0,A,0.285230229321708,0.2545531554425921,0.60675657,0.31258124,0.3223591062697837,3.1894951156368325,1351
MYC,ETS2,Activation,DoRothEA_AB,1.0,A,0.285230229321708,0.0502208507291091,0.60675657,0.053790268,0.002930591713889319,0.43546055380901405,1352
MYC,EXOSC8,Activation,DoRothEA_AB,1.0,A,0.285230229321708,0.1582259333212289,0.60675657,0.1855179,0.16552344219294512,1.8911761868747363,1353
MYC,FPGS,Activation,DoRothEA_AB,1.0,A,0.285230229321708,0.0841047982089912,0.60675657,0.08942838,0.04691910139705013,0.8921556543786711,1354
MYC,FXN,Activation,DoRothEA_AB,1.0,A,0.285230229321708,0.0692200641374709,0.60675657,0.07514895,0.029293845468087987,0.6915360209141342,1355
MYC,FXR1,Activation,DoRothEA_AB,1.0,A,0.285230229321708,0.1366854238518793,0.60675657,0.15084493,0.12272621778922403,1.6008485872269373,1356
MYC,GALT,Activation,DoRothEA_AB,1.0,A,0.285230229321708,0.0920917286863923,0.60675657,0.10068254,0.06081023362470127,0.999805213798666,1357
MYC,GNL3,Activation,DoRothEA_AB,1.0,A,0.285230229321708,0.1901131481817548,0.60675657,0.2521378,0.24775311014620832,2.3209588975893145,1359
MYC,GOLPH3,Activation,DoRothEA_AB,1.0,A,0.285230229321708,0.0736370787196701,0.60675657,0.07720613,0.03183304514146026,0.7510694893812541,1360
MYC,GSTP1,Activation,DoRothEA_AB,1.0,A,0.285230229321708,0.4951291825498204,0.60675657,0.86685115,1.0065004912881503,6.432030329682279,1361
MYC,GTF2H2,Repression,DoRothEA_AB,-1.0,A,0.285230229321708,0.0542143159678092,0.60675657,0.05729961,0.00726221075556366,0.4892853335190055,1362
MYC,HBP1,Activation,DoRothEA_AB,1.0,A,0.285230229321708,0.091728686391965,0.60675657,0.09795976,0.05744947662401851,0.9949120520068485,1363
MYC,HDAC2,Activation,DoRothEA_AB,1.0,A,0.285230229321708,0.1480002420281949,0.60675657,0.17172153,0.14849443248172725,1.7533521297385612,1364
MYC,HDAC3,Activation,DoRothEA_AB,1.0,A,0.285230229321708,0.1089126883281917,0.60675657,0.11744274,0.0814975309762476,1.2265217101528993,1365
MYC,HERPUD1,Activation,DoRothEA_AB,1.0,A,0.285230229321708,0.3343014461184792,0.60675657,0.52489924,0.584425525470367,4.264359655906425,1366
MYC,HIF1A,Repression,DoRothEA_AB,-1.0,A,0.285230229321708,0.2056634597930549,0.60675657,0.2684732,0.2679160722323678,2.5305493276721354,1367
MYC,HINT1,Activation,DoRothEA_AB,1.0,A,0.285230229321708,0.8755975071097429,0.60675657,2.8921046,3.506292876366794,11.56006388750868,1368
MYC,HLA-A,Activation,TRRUST,,,0.285230229321708,0.9671446723545208,0.60675657,7.371811,9.035643262664403,12.793956186012393,1369
MYC,HLA-B,Activation,TRRUST,,,0.285230229321708,0.9751921098809948,0.60675657,7.687275,9.425023912758567,12.902421272397714,1370
MYC,HLA-C,Activation,TRRUST,,,0.285230229321708,0.9257578507897964,0.60675657,4.116142,5.017135566979893,12.236135741745018,1371
MYC,HLA-E,Activation,TRRUST,,,0.285230229321708,0.7481696617657231,0.60675657,1.8404909,2.2082746360796945,9.84256409858018,1372
MYC,HLA-F,Activation,DoRothEA_AB,1.0,A,0.285230229321708,0.2895867368548369,0.60675657,0.36909392,0.39211332252572256,3.6616852285473747,1373
MYC,HMGN2,Activation,DoRothEA_AB,1.0,A,0.285230229321708,0.4499909239426795,0.60675657,0.69931453,0.7997082170185698,5.8236472135661055,1374
MYC,HNRNPA1,Activation,DoRothEA_AB,1.0,A,0.285230229321708,0.92152235735481,0.60675657,4.3363776,5.28897476607037,12.179048854173795,1375
MYC,HNRNPA2B1,Activation,DoRothEA_AB,1.0,A,0.285230229321708,0.5760876142071322,0.60675657,1.0637047,1.2494789714708148,7.523205409257935,1376
MYC,HNRNPDL,Activation,DoRothEA_AB,1.0,A,0.285230229321708,0.5910933623767983,0.60675657,1.1825174,1.3961307807594912,7.725456096653123,1377
MYC,HSPA4,Activation,DoRothEA_AB,1.0,A,0.285230229321708,0.0772069946148721,0.60675657,0.08404339,0.04027234960619419,0.7991855803341306,1378
MYC,HSPA8,Activation,DoRothEA_AB,1.0,A,0.285230229321708,0.6942578810432531,0.60675657,1.8292655,2.194419002633193,9.115929572495046,1379
MYC,HSPA9,Activation,DoRothEA_AB,1.0,A,0.285230229321708,0.2104435166696803,0.60675657,0.27488577,0.27583117720591255,2.5949759579310583,1380
MYC,HSPD1,Activation,DoRothEA_AB,1.0,A,0.285230229321708,0.3015671325709413,0.60675657,0.5141904,0.5712074876563712,3.823159567677404,1381
MYC,HSPE1,Activation,DoRothEA_AB,1.0,A,0.285230229321708,0.450111938040822,0.60675657,1.0398049,1.2199791881005397,5.825278267496713,1382
MYC,ID2,Activation,DoRothEA_AB,1.0,A,0.285230229321708,0.2402734918617852,0.60675657,0.5340345,0.5957012763566145,2.9970307518253416,1383
MYC,ID3,Activation,DoRothEA_AB,1.0,A,0.285230229321708,0.1262177043625605,0.60675657,0.16482274,0.13997918086803085,1.4597624222295513,1384
MYC,IER2,Activation,DoRothEA_AB,0.5,B,0.285230229321708,0.3243177830217255,0.60675657,0.43861282,0.4779212577444201,4.1297977066314004,1385
MYC,IER3,Repression,DoRothEA_AB,-1.0,A,0.285230229321708,0.0825316149331395,0.60675657,0.16046594,0.1346015351895057,0.8709519532807938,1386
MYC,IPO7,Activation,TRRUST,,,0.285230229321708,0.0666787680764797,0.60675657,0.07291021,0.02653054430982013,0.6572838883714095,1387
MYC,IRF2,Activation,DoRothEA_AB,1.0,A,0.285230229321708,0.1452774248199906,0.60675657,0.1626445,0.1372905555185104,1.716653416299935,1388
MYC,IRF3,Activation,DoRothEA_AB,1.0,A,0.285230229321708,0.2005808676710736,0.60675657,0.2368319,0.2288608711196434,2.462045062586701,1389
MYC,ISG20,Activation,DoRothEA_AB,1.0,A,0.285230229321708,0.4372844436377203,0.60675657,0.7021058,0.8031535119719981,5.652386550852439,1390
MYC,ITGB1,Repression,DoRothEA_AB,-1.0,A,0.285230229321708,0.1781327524656559,0.60675657,0.24639054,0.24065920454981635,2.1594845584593596,1391
MYC,JUN,Activation,DoRothEA_AB,1.0,A,0.285230229321708,0.0778120651055843,0.60675657,0.09759687,0.05700155754573169,0.8073408499871605,1392
MYC,JUNB,Repression,DoRothEA_AB,-1.0,A,0.285230229321708,0.4286319356205337,0.60675657,0.76545453,0.8813455391764958,5.535766194814083,1393
MYC,KRAS,Activation,TRRUST,,,0.285230229321708,0.1978580504628693,0.60675657,0.22696826,0.21668607286851235,2.4253463491480747,1394
MYC,LAMP1,Repression,DoRothEA_AB,-1.0,A,0.285230229321708,0.1827312881950676,0.60675657,0.20687872,0.19188933490382312,2.2214646078223725,1395
MYC,LBR,Activation,DoRothEA_AB,1.0,A,0.285230229321708,0.1435227203969256,0.60675657,0.16040584,0.13452735310511363,1.6930031343061536,1396
MYC,LDHA,Activation,DoRothEA_AB,1.0,A,0.285230229321708,0.6299388878805309,0.60675657,1.7660505,2.1163920398237996,8.249024408377766,1397
MYC,LDHB,Activation,DoRothEA_AB,1.0,A,0.285230229321708,0.7689840866462277,0.60675657,2.2109284,2.6655096757966095,10.123105374644474,1398
MYC,LMNA,Activation,DoRothEA_AB,1.0,A,0.285230229321708,0.0599624856295745,0.60675657,0.08283346,0.03877891983300793,0.5667603952227811,1399
MYC,LTA4H,Activation,DoRothEA_AB,1.0,A,0.285230229321708,0.1626429479034269,0.60675657,0.1826134,0.16193838621762463,1.95070965534184,1400
MYC,LTB,Activation,DoRothEA_AB,1.0,A,0.285230229321708,0.8429842076603475,0.60675657,4.0331492,4.914696650282156,11.120494853210264,1401
MYC,MAPK1,Unknown,TRRUST,,,0.285230229321708,0.0937859260603865,0.60675657,0.10183216,0.06222922210820891,1.0226399688271504,1402
MYC,MBD1,Activation,DoRothEA_AB,1.0,A,0.285230229321708,0.0595994433351472,0.60675657,0.061474524,0.012415352563843619,0.5618672334309633,1403
MYC,MCM7,Activation,DoRothEA_AB,1.0,A,0.285230229321708,0.0563320626853017,0.60675657,0.06171659,0.012714137263351941,0.5178287773046073,1404
MYC,MFAP1,Activation,DoRothEA_AB,1.0,A,0.285230229321708,0.0625037816905655,0.60675657,0.06595199,0.017941937600026884,0.6010125277655033,1405
MYC,MSN,Repression,DoRothEA_AB,-1.0,A,0.285230229321708,0.1908997398196805,0.60675657,0.22430527,0.21339911531584624,2.3315607481382514,1406
MYC,MTDH,Unknown,TRRUST,,,0.285230229321708,0.4134446663036539,0.60675657,0.6409971,0.7277263781868142,5.331068926522986,1407
MYC,NAP1L1,Activation,DoRothEA_AB,1.0,A,0.285230229321708,0.8364494463606542,0.60675657,2.3862388,2.881897211364117,11.03241794095752,1408
MYC,NCL,Activation,DoRothEA_AB,1.0,A,0.285230229321708,0.4531977975434549,0.60675657,0.9744363,1.1392940133619154,5.8668701427271746,1409
MYC,NME1,Activation,DoRothEA_AB,1.0,A,0.285230229321708,0.2530404792158112,0.60675657,0.5667047,0.6360264599424005,3.169106941504252,1410
MYC,NME2,Activation,DoRothEA_AB,1.0,A,0.285230229321708,0.0864040660736976,0.60675657,0.09795987,0.05744961239821623,0.9231456790601852,1411
MYC,NOL7,Activation,DoRothEA_AB,1.0,A,0.285230229321708,0.3376898408664683,0.60675657,0.4919856,0.5437998612419122,4.310029165963403,1412
MYC,NOP56,Activation,DoRothEA_AB,1.0,A,0.285230229321708,0.2320445331881011,0.60675657,0.31143034,0.32093853786833904,2.88611908454416,1413
MYC,NPM1,Activation,DoRothEA_AB,1.0,A,0.285230229321708,0.9216433714529524,0.60675657,4.2644897,5.200242748357084,12.1806799081044,1414
MYC,NRAS,Activation,DoRothEA_AB,1.0,A,0.285230229321708,0.0609305984147139,0.60675657,0.065770485,0.017717904002230177,0.5798088266676271,1415
MYC,NXT1,Activation,DoRothEA_AB,1.0,A,0.285230229321708,0.2162521933805161,0.60675657,0.26496512,0.26358601089103456,2.673266546600127,1416
MYC,ODC1,Activation,DoRothEA_AB,1.0,A,0.285230229321708,0.2060870091365534,0.60675657,0.43631718,0.47508772429660306,2.536258016429256,1417
MYC,PAICS,Activation,DoRothEA_AB,1.0,A,0.285230229321708,0.1234343801052846,0.60675657,0.15096578,0.12287538426008562,1.422248181825617,1418
MYC,PARP1,Activation,DoRothEA_AB,1.0,A,0.285230229321708,0.2079022206086896,0.60675657,0.24947752,0.24446949757604974,2.56072382538834,1419
MYC,PCNA,Activation,DoRothEA_AB,1.0,A,0.285230229321708,0.0808979246082165,0.60675657,0.09172769,0.04975716476582758,0.8489327252176124,1420
MYC,PDHA1,Activation,DoRothEA_AB,1.0,A,0.285230229321708,0.0790222060870087,0.60675657,0.08573752,0.042363432711537516,0.8236513892932201,1421
MYC,PFDN6,Activation,DoRothEA_AB,1.0,A,0.285230229321708,0.1626429479034269,0.60675657,0.1938681,0.17583018497315547,1.95070965534184,1422
MYC,PGK1,Unknown,TRRUST,,,0.285230229321708,0.4303866400435995,0.60675657,0.7488768,0.8608834665327536,5.5594164768078755,1423
MYC,PKM,Activation,DoRothEA_AB,1.0,A,0.285230229321708,0.6205602952744895,0.60675657,1.616421,1.9317027187498743,8.122617728755772,1424
MYC,PMAIP1,Activation,DoRothEA_AB,1.0,A,0.285230229321708,0.2311974345011042,0.60675657,0.36165032,0.382925605996924,2.874701707029921,1425
MYC,POLD2,Activation,DoRothEA_AB,1.0,A,0.285230229321708,0.165002722817204,0.60675657,0.21177918,0.19793802603992885,1.9825152069886498,1426
MYC,POLE3,Activation,DoRothEA_AB,1.0,A,0.285230229321708,0.1596175954498666,0.60675657,0.18999556,0.1710502666854407,1.9099333070767,1427
MYC,PPID,Activation,DoRothEA_AB,1.0,A,0.285230229321708,0.1032855327645682,0.60675657,0.11254175,0.07544818565537105,1.150677702379721,1428
MYC,PPIF,Activation,DoRothEA_AB,1.0,A,0.285230229321708,0.0599624856295745,0.60675657,0.066375546,0.018464737382668583,0.5667603952227811,1429
MYC,PPP1R7,Activation,DoRothEA_AB,1.0,A,0.285230229321708,0.1367459309009505,0.60675657,0.15120792,0.1231742602985997,1.60166411419224,1430
MYC,PQBP1,Activation,DoRothEA_AB,1.0,A,0.285230229321708,0.1787983300054391,0.60675657,0.20500234,0.18957329863907124,2.1684553550776893,1431
MYC,PRDX3,Activation,DoRothEA_AB,1.0,A,0.285230229321708,0.1925334301446031,0.60675657,0.2353174,0.22699150727918105,2.3535799762014276,1432
MYC,PRKDC,Activation,DoRothEA_AB,1.0,A,0.285230229321708,0.094754038845526,0.60675657,0.104070924,0.06499255288993808,1.0356884002719977,1433
MYC,PSMB1,Activation,DoRothEA_AB,1.0,A,0.285230229321708,0.4469655714891178,0.60675657,0.7171668,0.821743468261997,5.782870865300947,1434
MYC,PSMG1,Activation,DoRothEA_AB,1.0,A,0.285230229321708,0.0740001210140974,0.60675657,0.07992894,0.03519383917146968,0.7559626511730719,1435
MYC,PTBP1,Activation,TRRUST,,,0.285230229321708,0.1719610334603928,0.60675657,0.20143212,0.18516653721913365,2.076300807998473,1436
MYC,PTEN,Activation,DoRothEA_AB,1.0,A,0.285230229321708,0.1135717311066757,0.60675657,0.12258577,0.08784562890454936,1.28931728648123,1437
MYC,PTGER2,Activation,DoRothEA_AB,1.0,A,0.285230229321708,0.0775095298602282,0.60675657,0.09777835,0.057225560285756184,0.8032632151606455,1438
MYC,PTMA,Activation,DoRothEA_AB,1.0,A,0.285230229321708,0.9925576329644392,0.60675657,10.589342,13.007076809687602,13.136477511439727,1439
MYC,QDPR,Activation,DoRothEA_AB,1.0,A,0.285230229321708,0.0734555575724564,0.60675657,0.08077605,0.03623943626813132,0.7486229084853447,1440
MYC,RAB11A,Activation,DoRothEA_AB,0.5,B,0.285230229321708,0.1747443577176683,0.60675657,0.19834612,0.1813574538175709,2.113815048402402,1441
MYC,RARA,Activation,DoRothEA_AB,1.0,A,0.285230229321708,0.0614751618563548,0.60675657,0.065165415,0.016971059512993762,0.587148569355353,1442
MYC,RBBP4,Activation,DoRothEA_AB,1.0,A,0.285230229321708,0.1832758516367084,0.60675657,0.2105088,0.19636998217353954,2.228804350510097,1443
MYC,RBM39,Activation,DoRothEA_AB,1.0,A,0.285230229321708,0.4591274883524359,0.60675657,0.6990715,0.799408242443365,5.946791785326886,1444
MYC,RBM8A,Activation,DoRothEA_AB,1.0,A,0.285230229321708,0.3896653960186587,0.60675657,0.6797798,0.7755962870778667,5.010566829158835,1445
MYC,RHOG,Activation,DoRothEA_AB,1.0,A,0.285230229321708,0.2933986809463246,0.60675657,0.38004586,0.40563142131668534,3.713063427361474,1446
MYC,RPL19,Activation,DoRothEA_AB,1.0,A,0.285230229321708,0.9992739154113462,0.60675657,18.301725,22.526555121999568,13.22700100458838,1449
MYC,RPL22,Activation,DoRothEA_AB,1.0,A,0.285230229321708,0.9821504205241868,0.60675657,7.0552197,8.64487117390576,12.996206873407578,1450
MYC,RPL23,Activation,DoRothEA_AB,1.0,A,0.285230229321708,0.9493555999275778,0.60675657,5.0206585,6.13359013165573,12.554191258213256,1451
MYC,RPL26,Activation,DoRothEA_AB,1.0,A,0.285230229321708,0.99897138016599,0.60675657,16.266724,20.014731229820825,13.222923369761864,1452
MYC,RPL27,Activation,DoRothEA_AB,1.0,A,0.285230229321708,0.9955829854180008,0.60675657,10.647241,13.078542175814329,13.177253859704885,1453
MYC,RPL6,Activation,DoRothEA_AB,1.0,A,0.285230229321708,0.98426816724168,0.60675657,8.144763,9.989706332465026,13.02475031719319,1457
MYC,RPS16,Activation,DoRothEA_AB,1.0,A,0.285230229321708,0.9978217462336366,0.60675657,13.094225,16.098881170723477,13.207428357421104,1460
MYC,RPS20,Activation,DoRothEA_AB,1.0,A,0.285230229321708,0.9959460277124284,0.60675657,10.931576,13.42949996226389,13.182147021496705,1462
MYC,SEC23B,Activation,DoRothEA_AB,1.0,A,0.285230229321708,0.0538512736733819,0.60675657,0.056694537,0.006515362563394585,0.4843921717271879,1464
MYC,SFMBT1,Activation,DoRothEA_AB,1.0,A,0.285230229321708,0.0505838930235364,0.60675657,0.053064167,0.00203435734352052,0.44035371560083186,1465
MYC,SLA,Activation,DoRothEA_AB,1.0,A,0.285230229321708,0.1444303261329937,0.60675657,0.17365742,0.15088392258744707,1.7052360387856955,1466
MYC,SLBP,Activation,DoRothEA_AB,1.0,A,0.285230229321708,0.1703273431354702,0.60675657,0.19955622,0.18285109342360822,2.054281579935297,1467
MYC,SLC1A5,Activation,DoRothEA_AB,0.5,B,0.285230229321708,0.1400738185998668,0.60675657,0.2044567,0.18889980924593167,1.6465180972838938,1468
MYC,SLC25A3,Activation,DoRothEA_AB,1.0,A,0.285230229321708,0.5349428208386927,0.60675657,0.90757054,1.0567608777336333,6.9686470728517715,1469
MYC,SMAD3,Activation,DoRothEA_AB,0.5,B,0.285230229321708,0.0641979790645596,0.60675657,0.069158815,0.021900156614679006,0.6238472827939859,1470
MYC,SNRPB,Activation,DoRothEA_AB,1.0,A,0.285230229321708,0.4239728928420487,0.60675657,0.7225509,0.8283891215161623,5.472970618485739,1471
MYC,SNRPB2,Activation,DoRothEA_AB,1.0,A,0.285230229321708,0.3971077630544206,0.60675657,0.6239352,0.7066666892402415,5.110876645891127,1472
MYC,SNRPD3,Activation,DoRothEA_AB,1.0,A,0.285230229321708,0.2053004174986277,0.60675657,0.25304645,0.24887466673494124,2.5256561658803194,1473
MYC,SQSTM1,Activation,DoRothEA_AB,1.0,A,0.285230229321708,0.284201609487497,0.60675657,0.3697598,0.3929352254600818,3.5891033286353915,1474
MYC,SRM,Activation,DoRothEA_AB,1.0,A,0.285230229321708,0.3537242088703454,0.60675657,0.77797776,0.8968030983232725,4.526143811768745,1475
MYC,SRSF1,Activation,DoRothEA_AB,1.0,A,0.285230229321708,0.1887214860531171,0.60675657,0.22811669,0.21810359252206282,2.3022017773873507,1476
MYC,ST3GAL1,Activation,DoRothEA_AB,1.0,A,0.285230229321708,0.0940884613057426,0.60675657,0.10231622,0.06282670263684159,1.0267176036536652,1477
MYC,STAT6,Activation,DoRothEA_AB,1.0,A,0.285230229321708,0.1250680704302076,0.60675657,0.13862143,0.10763861864502368,1.4442674098887984,1478
MYC,STMN1,Activation,DoRothEA_AB,1.0,A,0.285230229321708,0.2339807587583797,0.60675657,0.29727343,0.30346450970942207,2.91221594743385,1479
MYC,SURF1,Activation,TRRUST,,,0.285230229321708,0.1550795667695261,0.60675657,0.17287132,0.1499136307980859,1.84876878467899,1480
MYC,SURF2,Activation,TRRUST,,,0.285230229321708,0.1276093664911982,0.60675657,0.14207056,0.11189591735948648,1.4785195424315152,1481
MYC,SURF6,Activation,DoRothEA_AB,1.0,A,0.285230229321708,0.0909420947540392,0.60675657,0.09977496,0.05968999774861885,0.9843102014579103,1482
MYC,SYNGR2,Activation,DoRothEA_AB,1.0,A,0.285230229321708,0.1788588370545104,0.60675657,0.21934322,0.2072744029721248,2.1692708820429933,1483
MYC,TFAM,Unknown,TRRUST,,,0.285230229321708,0.1231318448599285,0.60675657,0.14388615,0.1141369198653333,1.418170546999102,1484
MYC,TFAP4,Activation,DoRothEA_AB,1.0,A,0.285230229321708,0.0577842318630108,0.60675657,0.06171656,0.012714100234025284,0.5374014244718764,1485
MYC,TFRC,Activation,DoRothEA_AB,1.0,A,0.285230229321708,0.0755733042899491,0.60675657,0.08954951,0.047068613474960455,0.7771663522709492,1486
MYC,TGFB1,Activation,DoRothEA_AB,1.0,A,0.285230229321708,0.239910449567358,0.60675657,0.3166334,0.32736073147927064,2.992137590033525,1487
MYC,THRAP3,Activation,DoRothEA_AB,1.0,A,0.285230229321708,0.2726447631148912,0.60675657,0.34247005,0.35925118989371857,3.433337678262484,1488
MYC,TOMM20,Activation,DoRothEA_AB,1.0,A,0.285230229321708,0.3767168875174145,0.60675657,0.50335443,0.5578325318991346,4.836044058583954,1489
MYC,TOP1,Activation,DoRothEA_AB,1.0,A,0.285230229321708,0.1654262721607025,0.60675657,0.20633323,0.19121603065731682,1.9882238957457703,1490
MYC,TOP1MT,Unknown,TRRUST,,,0.285230229321708,0.0736975857687413,0.60675657,0.07926337,0.034372318873485845,0.7518850163465569,1491
MYC,TP53,Activation,DoRothEA_AB,1.0,A,0.285230229321708,0.1242209717432105,0.60675657,0.14055775,0.11002863950442551,1.4328500323745565,1492
MYC,TRAP1,Activation,DoRothEA_AB,1.0,A,0.285230229321708,0.0894899255763299,0.60675657,0.10273985,0.06334959375848903,0.9647375542906385,1493
MYC,TSC2,Activation,DoRothEA_AB,1.0,A,0.285230229321708,0.0535487384280258,0.60675657,0.055363394,0.004872318264494246,0.48031453690067294,1494
MYC,TXN,Activation,DoRothEA_AB,1.0,A,0.285230229321708,0.474375264718387,0.60675657,1.4307916,1.7025783291251004,6.152304580583288,1495
MYC,UBA52,Activation,DoRothEA_AB,1.0,A,0.285230229321708,0.9848127306833212,0.60675657,7.2495565,8.884743202160076,13.03209005988092,1496
MYC,UBE2D3,Activation,DoRothEA_AB,0.5,B,0.285230229321708,0.6340533672173748,0.60675657,1.3250837,1.5721019171665602,8.304480242018382,1497
MYC,UROD,Activation,DoRothEA_AB,1.0,A,0.285230229321708,0.0713378108549637,0.60675657,0.07472539,0.02877104074820272,0.7200794646997402,1498
MYC,UXT,Activation,DoRothEA_AB,1.0,A,0.285230229321708,0.5546681188359152,0.60675657,0.9346697,1.090209665987779,7.234508863540609,1499
MYC,VAMP2,Activation,DoRothEA_AB,1.0,A,0.285230229321708,0.4664488412900553,0.60675657,0.6659183,0.7584868866984881,6.045470548128572,1500
MYC,VHL,Activation,DoRothEA_AB,1.0,A,0.285230229321708,0.0606280631693578,0.60675657,0.06280566,0.014058388222567735,0.5757311918411123,1501
MYC,WDR36,Activation,DoRothEA_AB,1.0,A,0.285230229321708,0.0551219217038774,0.60675657,0.0592358,0.009652071154549977,0.5015182379985489,1502
MYC,XPO1,Activation,TRRUST,,,0.285230229321708,0.0732135293761715,0.60675657,0.07956591,0.0347457472896585,0.7453608006241325,1503
MYC,YBX3,Activation,DoRothEA_AB,1.0,A,0.285230229321708,0.0773280087130145,0.60675657,0.13396233,0.10188784078493911,0.8008166342647359,1504
MYC,ZFP36L1,Repression,DoRothEA_AB,-1.0,A,0.285230229321708,0.2643552973921321,0.60675657,0.35414845,0.373665966172659,3.321610484015948,1505
MYC,ZFP36L2,Activation,DoRothEA_AB,0.5,B,0.285230229321708,0.438494584619145,0.60675657,0.8221399,0.9513129085797504,5.668697090158503,1506
MYC,ZNF146,Activation,DoRothEA_AB,1.0,A,0.285230229321708,0.1115144914382542,0.60675657,0.12083112,0.08567984530424086,1.2615893696609282,1507
MYC,ZNF451,Activation,DoRothEA_AB,1.0,A,0.285230229321708,0.0613541477582124,0.60675657,0.06449983,0.016149520700346587,0.5855175154247475,1508
NCOA3,BCL2,Activation,DoRothEA_AB,1.0,A,0.143038664004356,0.1349307194288143,0.16458091,0.15768246,0.13116585551789783,1.577198305233156,1509
NELFCD,CTNNB1,Repression,TRRUST,,,0.1144188297936728,0.1700248078901142,0.123856395,0.19768049,0.18053585946093376,2.0502039451087835,1510
NFAT5,LTB,Unknown,TRRUST,,,0.0536697525261683,0.8429842076603475,0.057239108,4.0331492,4.914696650282156,11.120494853210264,1511
NFATC1,CD3G,Activation,TRRUST,,,0.0784171355962965,0.3326072487444846,0.08610057,0.47255883,0.5198211875047192,4.241524900877936,1513
NFATC1,FYN,Activation,DoRothEA_AB,0.5,B,0.0784171355962965,0.2835965389967846,0.08610057,0.38210237,0.40816979400176245,3.580948058982359,1514
NFATC2,CD3G,Repression,TRRUST,,,0.0703091910207529,0.3326072487444846,0.07514894,0.47255883,0.5198211875047192,4.241524900877936,1515
NFATC2,CD40LG,Activation,DoRothEA_AB,1.0,A,0.0703091910207529,0.1263992255097741,0.07514894,0.20118779,0.18486495803977404,1.4622090031254593,1516
NFATC2,CDK4,Repression,DoRothEA_AB,-1.0,A,0.0703091910207529,0.193985599322312,0.07514894,0.2672014,0.26634627564451696,2.3731526233686937,1517
NFATC3,CTSD,Activation,TRRUST,,,0.0508864282688924,0.0858595026320566,0.05276164,0.09172763,0.04975709070717429,0.9158059363724581,1518
NFE2L2,CAT,Activation,TRRUST,,,0.2015489804562129,0.0673443456162631,0.23628646,0.07115552,0.024364711337076076,0.666254684989742,1519
NFE2L2,GSS,Unknown,TRRUST,,,0.2015489804562129,0.0515520058086758,0.23628646,0.053427204,0.0024824578655079223,0.4534021470456779,1520
NFE2L2,NQO2,Activation,DoRothEA_AB,0.5,B,0.2015489804562129,0.0585708235009366,0.23628646,0.06189809,0.012938164689594212,0.5480032750208145,1521
NFE2L2,SDHB,Unknown,TRRUST,,,0.2015489804562129,0.1473346644884116,0.23628646,0.1670016,0.14266857149030207,1.74438133312023,1522
NFE2L2,SOD1,Activation,TRRUST,,,0.2015489804562129,0.6184425485569963,0.23628646,1.1746998,1.3864814319584355,8.09407428497016,1523
NFE2L2,SOD2,Activation,TRRUST,,,0.2015489804562129,0.1158104919223108,0.23628646,0.1359588,0.10435210544427741,1.3194917841974398,1524
NFE2L2,SQSTM1,Activation,DoRothEA_AB,1.0,A,0.2015489804562129,0.284201609487497,0.23628646,0.3697598,0.3929352254600818,3.5891033286353915,1525
NFE2L2,TGIF1,Activation,DoRothEA_AB,0.5,B,0.2015489804562129,0.0942699824529563,0.23628646,0.10927448,0.07141535871907036,1.0291641845495747,1526
NFE2L2,TXN,Activation,DoRothEA_AB,1.0,A,0.2015489804562129,0.474375264718387,0.23628646,1.4307916,1.7025783291251004,6.152304580583288,1527
NFE2L2,TXNRD1,Activation,DoRothEA_AB,1.0,A,0.2015489804562129,0.078840684939795,0.23628646,0.087915786,0.045052090153141044,0.8212048083973106,1528
NFIC,ARID1A,Activation,DoRothEA_AB,0.5,B,0.0736975857687413,0.0880377563986206,0.07926337,0.093784824,0.052296307660899,0.9451649071233666,1529
NFIC,HMGB1,Activation,DoRothEA_AB,1.0,A,0.0736975857687413,0.6471228898167615,0.07926337,1.220091,1.4425082843553945,8.48063406652387,1530
NFIC,JUN,Activation,DoRothEA_AB,1.0,A,0.0736975857687413,0.0778120651055843,0.07926337,0.09759687,0.05700155754573169,0.8073408499871605,1531
NFIC,MBP,Activation,DoRothEA_AB,0.5,B,0.0736975857687413,0.163248018394139,0.07926337,0.19247696,0.1741130857238846,1.9588649249948684,1532
NFIC,MYC,Activation,DoRothEA_AB,1.0,A,0.0736975857687413,0.285230229321708,0.07926337,0.60675657,0.6854629191836673,3.6029672870455456,1533
NFIC,POLD2,Activation,DoRothEA_AB,1.0,A,0.0736975857687413,0.165002722817204,0.07926337,0.21177918,0.19793802603992885,1.9825152069886498,1534
NFIC,TP53,Activation,DoRothEA_AB,1.0,A,0.0736975857687413,0.1242209717432105,0.07926337,0.14055775,0.11002863950442551,1.4328500323745565,1535
NFKB1,AKT2,Repression,TRRUST,,,0.1009257578507906,0.0874931929569796,0.11804789,0.09154608,0.0495330015653876,0.9378251644356395,1536
NFKB1,ALOX5AP,Activation,DoRothEA_AB,1.0,A,0.1009257578507906,0.2416046469413517,0.11804789,0.3474934,0.36545156549489816,3.0149723450620027,1537
NFKB1,ARID1A,Activation,DoRothEA_AB,0.5,B,0.1009257578507906,0.0880377563986206,0.11804789,0.093784824,0.052296307660899,0.9451649071233666,1538
NFKB1,BAX,Repression,TRRUST,,,0.1009257578507906,0.3966842137109219,0.11804789,0.62054837,0.7024862880941252,5.105167957134004,1540
NFKB1,BCL2,Activation,DoRothEA_AB,1.0,A,0.1009257578507906,0.1349307194288143,0.11804789,0.15768246,0.13116585551789783,1.577198305233156,1541
NFKB1,BCL2A1,Activation,DoRothEA_AB,1.0,A,0.1009257578507906,0.1249470563320651,0.11804789,0.18085776,0.1597713806495366,1.4426363559581916,1542
NFKB1,BCL2L1,Activation,DoRothEA_AB,1.0,A,0.1009257578507906,0.0949355599927397,0.11804789,0.11435707,0.07768885489727803,1.0381349811679073,1543
NFKB1,BCL3,Activation,DoRothEA_AB,1.0,A,0.1009257578507906,0.0808374175591453,0.11804789,0.09009399,0.047740671067469494,0.8481171982523096,1544
NFKB1,BIRC2,Activation,DoRothEA_AB,1.0,A,0.1009257578507906,0.0942094754038851,0.11804789,0.10328432,0.0640216390078892,1.028348657584272,1545
NFKB1,BIRC3,Activation,DoRothEA_AB,1.0,A,0.1009257578507906,0.3502148000242138,0.11804789,0.5574434,0.6245951365117807,4.478843247781161,1546
NFKB1,BTG2,Unknown,TRRUST,,,0.1009257578507906,0.2218793489441383,0.11804789,0.2846291,0.28785747551406177,2.7491105543732877,1547
NFKB1,CARD8,Unknown,TRRUST,,,0.1009257578507906,0.1247655351848515,0.11804789,0.13946857,0.10868425277101197,1.4401897750622836,1548
NFKB1,CASP3,Unknown,TRRUST,,,0.1009257578507906,0.0510679494161061,0.11804789,0.054516327,0.0038267742432008074,0.4468779313232549,1549
NFKB1,CCND2,Activation,DoRothEA_AB,1.0,A,0.1009257578507906,0.202759121437637,0.11804789,0.30689156,0.31533627229434513,2.4914040333376013,1552
NFKB1,CCR7,Activation,DoRothEA_AB,1.0,A,0.1009257578507906,0.3879106915955929,0.11804789,0.64021057,0.7267555556437711,4.986916547165042,1553
NFKB1,CD28,Unknown,TRRUST,,,0.1009257578507906,0.1265202396079165,0.11804789,0.14666952,0.11757246376274344,1.463840057056065,1554
NFKB1,CD3G,Activation,TRRUST,,,0.1009257578507906,0.3326072487444846,0.11804789,0.47255883,0.5198211875047192,4.241524900877936,1555
NFKB1,CD40LG,Activation,DoRothEA_AB,1.0,A,0.1009257578507906,0.1263992255097741,0.11804789,0.20118779,0.18486495803977404,1.4622090031254593,1556
NFKB1,CD44,Activation,DoRothEA_AB,0.5,B,0.1009257578507906,0.5736068251952116,0.11804789,1.0101249,1.183344840933209,7.489768803680504,1557
NFKB1,CD58,Activation,DoRothEA_AB,1.0,A,0.1009257578507906,0.0527621467901,0.11804789,0.056210507,0.005917919064088548,0.46971268635173496,1558
NFKB1,CD69,Activation,DoRothEA_AB,1.0,A,0.1009257578507906,0.3293398680946379,0.11804789,0.8637791,1.0027086265234806,4.197486444751563,1559
NFKB1,CD74,Activation,DoRothEA_AB,1.0,A,0.1009257578507906,0.5118896351425524,0.11804789,1.0257558,1.2026382309984998,6.65793129907126,1560
NFKB1,CDK4,Activation,DoRothEA_AB,1.0,A,0.1009257578507906,0.193985599322312,0.11804789,0.2672014,0.26634627564451696,2.3731526233686937,1561
NFKB1,CFLAR,Activation,DoRothEA_AB,1.0,A,0.1009257578507906,0.2315604767955314,0.11804789,0.3248015,0.33744270624670575,2.879594868821737,1562
NFKB1,CREB3,Unknown,TRRUST,,,0.1009257578507906,0.0637744297210611,0.11804789,0.06758564,0.019958369582840554,0.6181385940368656,1563
NFKB1,CSNK2A1,Activation,DoRothEA_AB,1.0,A,0.1009257578507906,0.0935438978641016,0.11804789,0.10352637,0.06432040395842331,1.0193778609659379,1564
NFKB1,CTCF,Repression,DoRothEA_AB,-1.0,A,0.1009257578507906,0.0899134749198284,0.11804789,0.09681015,0.056030500483619745,0.9704462430477588,1565
NFKB1,CTSB,Activation,DoRothEA_AB,1.0,A,0.1009257578507906,0.1236159012524983,0.11804789,0.13759273,0.10636888303413983,1.4246947627215265,1566
NFKB1,CXCR4,Activation,TRRUST,,,0.1009257578507906,0.5044472681067905,0.11804789,0.9950035,1.1646803322655517,6.557621482338969,1567
NFKB1,ERAP2,Unknown,TRRUST,,,0.1009257578507906,0.1518726931687521,0.11804789,0.17226607,0.1491665641328896,1.8055458555179404,1568
NFKB1,ETS1,Activation,DoRothEA_AB,0.5,B,0.1009257578507906,0.2819023416227901,0.11804789,0.35590377,0.3758325767612628,3.5581133039538706,1569
NFKB1,FAS,Activation,DoRothEA_AB,1.0,A,0.1009257578507906,0.1361408604102384,0.11804789,0.1684531,0.14446017374479603,1.5935088445392116,1570
NFKB1,FCGRT,Activation,DoRothEA_AB,1.0,A,0.1009257578507906,0.0554244569492334,0.11804789,0.058267698,0.0084571323148806,0.5055958728250626,1571
NFKB1,GATA3,Activation,DoRothEA_AB,1.0,A,0.1009257578507906,0.1487263266170494,0.11804789,0.18696932,0.16731494570256797,1.7631384533221952,1572
NFKB1,GATAD2A,Activation,DoRothEA_AB,0.5,B,0.1009257578507906,0.065952683487625,0.11804789,0.068977304,0.021676115611016972,0.6474975647877728,1573
NFKB1,GSTP1,Activation,DoRothEA_AB,1.0,A,0.1009257578507906,0.4951291825498204,0.11804789,0.86685115,1.0065004912881503,6.432030329682279,1574
NFKB1,HAX1,Unknown,TRRUST,,,0.1009257578507906,0.3364191928359724,0.11804789,0.49307364,0.5451428408609128,4.292903099692037,1575
NFKB1,HDAC1,Unknown,TRRUST,,,0.1009257578507906,0.1769831185333029,0.11804789,0.20010112,0.18352366942669035,2.1439895461186054,1576
NFKB1,HDAC7,Activation,DoRothEA_AB,0.5,B,0.1009257578507906,0.0966297573667339,0.11804789,0.10588609,0.06723303204796824,1.0609697361963915,1577
NFKB1,HIF1A,Activation,DoRothEA_AB,1.0,A,0.1009257578507906,0.2056634597930549,0.11804789,0.2684732,0.2679160722323678,2.5305493276721354,1578
NFKB1,HLA-F,Activation,DoRothEA_AB,1.0,A,0.1009257578507906,0.2895867368548369,0.11804789,0.36909392,0.39211332252572256,3.6616852285473747,1579
NFKB1,HNRNPL,Activation,DoRothEA_AB,0.5,B,0.1009257578507906,0.179040358201724,0.11804789,0.20324755,0.18740734223523836,2.1717174629389016,1580
NFKB1,IER3,Activation,DoRothEA_AB,1.0,A,0.1009257578507906,0.0825316149331395,0.11804789,0.16046594,0.1346015351895057,0.8709519532807938,1581
NFKB1,IL15RA,Activation,DoRothEA_AB,0.5,B,0.1009257578507906,0.0510679494161061,0.11804789,0.05596851,0.005619219532031521,0.4468779313232549,1582
NFKB1,IL4R,Activation,DoRothEA_AB,0.5,B,0.1009257578507906,0.2117141647001756,0.11804789,0.2985456,0.3050347629923016,2.6121020242024167,1583
NFKB1,IRF1,Activation,DoRothEA_AB,1.0,A,0.1009257578507906,0.4906516609185491,0.11804789,0.9328636,1.0879803770922627,6.371681334249844,1584
NFKB1,IRF4,Activation,DoRothEA_AB,1.0,A,0.1009257578507906,0.1371694802444489,0.11804789,0.2156511,0.20271717905489284,1.607372802949359,1585
NFKB1,IRF7,Activation,DoRothEA_AB,1.0,A,0.1009257578507906,0.1204695347007948,0.11804789,0.13408288,0.10203663696253418,1.3822873605257704,1586
NFKB1,JUNB,Activation,DoRothEA_AB,1.0,A,0.1009257578507906,0.4286319356205337,0.11804789,0.76545453,0.8813455391764958,5.535766194814083,1587
NFKB1,KDM2A,Activation,DoRothEA_AB,0.5,B,0.1009257578507906,0.1043746596478501,0.11804789,0.112481244,0.0753735024407583,1.165357187755174,1588
NFKB1,MAT2A,Activation,DoRothEA_AB,1.0,A,0.1009257578507906,0.1522962425122506,0.11804789,0.1819474,0.16111633516595877,1.8112545442750607,1589
NFKB1,MCL1,Activation,TRRUST,,,0.1009257578507906,0.2454165910328378,0.11804789,0.30060118,0.30757198776825245,3.0663505438760805,1590
NFKB1,MGMT,Unknown,TRRUST,,,0.1009257578507906,0.1004417014582208,0.11804789,0.10667264,0.06820387927722914,1.11234793501048,1591
NFKB1,MIF,Unknown,TRRUST,,,0.1009257578507906,0.5573304289950495,0.11804789,1.2856312,1.5234052668424662,7.270392050013949,1592
NFKB1,MYC,Activation,DoRothEA_AB,1.0,A,0.1009257578507906,0.285230229321708,0.11804789,0.60675657,0.6854629191836673,3.6029672870455456,1593
NFKB1,NAMPT,Activation,TRRUST,,,0.1009257578507906,0.1320263810733963,0.11804789,0.21286759,0.19928146235395827,1.5380530108986201,1594
NFKB1,NCOR1,Unknown,TRRUST,,,0.1009257578507906,0.2779693834331598,0.11804789,0.33829626,0.35409943545087713,3.505104051209163,1595
NFKB1,NFKB1,Unknown,TRRUST,,,0.1009257578507906,0.1009257578507906,0.11804789,0.11804789,0.08224447421035508,1.1188721507329042,1596
NFKB1,NFKB2,Activation,DoRothEA_AB,0.5,B,0.1009257578507906,0.2034852060264915,0.11804789,0.25389338,0.24992004165564302,2.501190356921235,1597
NFKB1,NFKBIA,Activation,DoRothEA_AB,1.0,A,0.1009257578507906,0.4717129545592527,0.11804789,1.2340603,1.4597507434485413,6.116421394109948,1598
NFKB1,NFKBIZ,Unknown,TRRUST,,,0.1009257578507906,0.089247897380045,0.11804789,0.0990489,0.058793813984996474,0.9614754464294263,1599
NFKB1,NOLC1,Activation,DoRothEA_AB,1.0,A,0.1009257578507906,0.1394687481091548,0.11804789,0.1817053,0.16081750849988022,1.6383628276308664,1600
NFKB1,OPTN,Activation,TRRUST,,,0.1009257578507906,0.1823077388515691,0.11804789,0.21831447,0.2060046056456965,2.215755919065252,1601
NFKB1,PCYT2,Unknown,TRRUST,,,0.1009257578507906,0.057844738912082,0.11804789,0.05996187,0.010548267261281238,0.5382169514371793,1602
NFKB1,PDE7A,Activation,DoRothEA_AB,1.0,A,0.1009257578507906,0.0756943183880916,0.11804789,0.08065498,0.03608999824887429,0.7787974062015559,1603
NFKB1,POU2F2,Unknown,TRRUST,,,0.1009257578507906,0.2023960791432098,0.11804789,0.25528535,0.2516381653829513,2.486510871545785,1604
NFKB1,PPIG,Unknown,TRRUST,,,0.1009257578507906,0.2956979488110315,0.11804789,0.37084836,0.3942788469207445,3.744053452042995,1605
NFKB1,PSMB9,Unknown,TRRUST,,,0.1009257578507906,0.4965813517275301,0.11804789,0.82540476,0.9553427608268099,6.451602976849556,1606
NFKB1,PTEN,Activation,TRRUST,,,0.1009257578507906,0.1135717311066757,0.11804789,0.12258577,0.08784562890454936,1.28931728648123,1607
NFKB1,PTGER4,Unknown,TRRUST,,,0.1009257578507906,0.1179887456888748,0.11804789,0.14612475,0.11690004822007677,1.3488507549483484,1608
NFKB1,PTPN6,Unknown,TRRUST,,,0.1009257578507906,0.2216373207478535,0.11804789,0.27857774,0.2803882159765113,2.7458484465120767,1609
NFKB1,S100A6,Activation,TRRUST,,,0.1009257578507906,0.8535124341987423,0.11804789,3.8940048,4.742949202304058,11.262396545173019,1610
NFKB1,SERPINB1,Activation,DoRothEA_AB,1.0,A,0.1009257578507906,0.224420645005129,0.11804789,0.2678096,0.26709698352683403,2.7833626869160057,1611
NFKB1,SOCS3,Activation,DoRothEA_AB,1.0,A,0.1009257578507906,0.3508198705149262,0.11804789,0.55423695,0.6206373803637116,4.486998517434193,1612
NFKB1,SOD2,Activation,DoRothEA_AB,1.0,A,0.1009257578507906,0.1158104919223108,0.11804789,0.1359588,0.10435210544427741,1.3194917841974398,1613
NFKB1,SQSTM1,Activation,DoRothEA_AB,0.5,B,0.1009257578507906,0.284201609487497,0.11804789,0.3697598,0.3929352254600818,3.5891033286353915,1614
NFKB1,STAT4,Unknown,TRRUST,,,0.1009257578507906,0.1003811944091496,0.11804789,0.10800379,0.06984693221630571,1.1115324080451772,1615
NFKB1,TAP1,Unknown,TRRUST,,,0.1009257578507906,0.3601984631209675,0.11804789,0.6138982,0.6942779108534995,4.613405197056186,1616
NFKB1,TAP2,Unknown,TRRUST,,,0.1009257578507906,0.1098808011133312,0.11804789,0.12567173,0.0916546629336766,1.2395701415977467,1617
NFKB1,TAPBP,Unknown,TRRUST,,,0.1009257578507906,0.4312337387305968,0.11804789,0.65103877,0.7401209208054048,5.57083385432212,1618
NFKB1,TBX21,Activation,DoRothEA_AB,1.0,A,0.1009257578507906,0.0528226538391713,0.11804789,0.061293088,0.012191404133498208,0.47052821331703903,1619
NFKB1,TGFB1,Unknown,TRRUST,,,0.1009257578507906,0.239910449567358,0.11804789,0.3166334,0.32736073147927064,2.992137590033525,1620
NFKB1,TIMP1,Repression,DoRothEA_AB,-1.0,A,0.1009257578507906,0.1207115628970797,0.11804789,0.16573028,0.14109936737167775,1.3855494683869827,1621
NFKB1,TNFAIP3,Activation,DoRothEA_AB,1.0,A,0.1009257578507906,0.0979609124463007,0.11804789,0.115627624,0.07925711353376186,1.0789113294330566,1622
NFKB1,TNFSF10,Activation,DoRothEA_AB,1.0,A,0.1009257578507906,0.0998971380165798,0.11804789,0.120589145,0.08538117292702337,1.1050081923227528,1623
NFKB1,TNFSF14,Unknown,TRRUST,,,0.1009257578507906,0.0634113874266338,0.11804789,0.086887375,0.04378271125810393,0.613245432245048,1624
NFKB1,TP53,Activation,DoRothEA_AB,1.0,A,0.1009257578507906,0.1242209717432105,0.11804789,0.14055775,0.11002863950442551,1.4328500323745565,1625
NFKB1,UPP1,Activation,TRRUST,,,0.1009257578507906,0.1460640164579163,0.11804789,0.16899851,0.14513337924643124,1.7272552668488717,1626
NFKB1,XIAP,Activation,DoRothEA_AB,1.0,A,0.1009257578507906,0.0588128516972214,0.11804789,0.06153503,0.012490035778456365,0.5512653828820253,1628
NFKB1,YY1,Repression,TRRUST,,,0.1009257578507906,0.2130453197797422,0.11804789,0.2520799,0.2476816435457707,2.630043617439079,1629
NFKB2,BCL2,Activation,DoRothEA_AB,1.0,A,0.2034852060264915,0.1349307194288143,0.25389338,0.15768246,0.13116585551789783,1.577198305233156,1630
NFKB2,BCL2L1,Activation,DoRothEA_AB,1.0,A,0.2034852060264915,0.0949355599927397,0.25389338,0.11435707,0.07768885489727803,1.0381349811679073,1631
NFKB2,BCL3,Activation,DoRothEA_AB,0.5,B,0.2034852060264915,0.0808374175591453,0.25389338,0.09009399,0.047740671067469494,0.8481171982523096,1632
NFKB2,CCND2,Activation,DoRothEA_AB,1.0,A,0.2034852060264915,0.202759121437637,0.25389338,0.30689156,0.31533627229434513,2.4914040333376013,1633
NFKB2,CD44,Activation,DoRothEA_AB,0.5,B,0.2034852060264915,0.5736068251952116,0.25389338,1.0101249,1.183344840933209,7.489768803680504,1634
NFKB2,CD58,Activation,DoRothEA_AB,0.5,B,0.2034852060264915,0.0527621467901,0.25389338,0.056210507,0.005917919064088548,0.46971268635173496,1635
NFKB2,CDK6,Activation,DoRothEA_AB,1.0,A,0.2034852060264915,0.0611121195619275,0.25389338,0.072728746,0.026306561318769836,0.5822554075635353,1636
NFKB2,HIF1A,Repression,TRRUST,,,0.2034852060264915,0.2056634597930549,0.25389338,0.2684732,0.2679160722323678,2.5305493276721354,1637
NFKB2,RARA,Activation,DoRothEA_AB,0.5,B,0.2034852060264915,0.0614751618563548,0.25389338,0.065165415,0.016971059512993762,0.587148569355353,1638
NFKB2,SND1,Activation,DoRothEA_AB,1.0,A,0.2034852060264915,0.0943909965510987,0.25389338,0.10334481,0.06409630247352772,1.03079523848018,1639
NFKB2,TNFAIP3,Activation,DoRothEA_AB,0.5,B,0.2034852060264915,0.0979609124463007,0.25389338,0.115627624,0.07925711353376186,1.0789113294330566,1640
NFKB2,TNIP1,Activation,DoRothEA_AB,0.5,B,0.2034852060264915,0.2270224481151909,0.25389338,0.2793648,0.2813596927043253,2.8184303464240266,1641
NFKBIA,CD58,Repression,TRRUST,,,0.4717129545592527,0.0527621467901,1.2340603,0.056210507,0.005917919064088548,0.46971268635173496,1643
NFKBIA,FAS,Repression,TRRUST,,,0.4717129545592527,0.1361408604102384,1.2340603,0.1684531,0.14446017374479603,1.5935088445392116,1644
NFKBIA,NFKB1,Activation,TRRUST,,,0.4717129545592527,0.1009257578507906,1.2340603,0.11804789,0.08224447421035508,1.1188721507329042,1645
NFKBIA,RELA,Activation,TRRUST,,,0.4717129545592527,0.1190173655230855,1.2340603,0.13057321,0.09770461306688845,1.3627147133584987,1646
NFKBIA,S100A6,Repression,TRRUST,,,0.4717129545592527,0.8535124341987423,1.2340603,3.8940048,4.742949202304058,11.262396545173019,1647
NFKBIA,TNFSF10,Repression,TRRUST,,,0.4717129545592527,0.0998971380165798,1.2340603,0.120589145,0.08538117292702337,1.1050081923227528,1648
NFRKB,JUN,Activation,TRRUST,,,0.0519150481031031,0.0778120651055843,0.05421378,0.09759687,0.05700155754573169,0.8073408499871605,1649
NFYB,CCND2,Activation,TRRUST,,,0.0753312760936642,0.202759121437637,0.08023146,0.30689156,0.31533627229434513,2.4914040333376013,1651
NFYB,CD74,Activation,DoRothEA_AB,0.5,B,0.0753312760936642,0.5118896351425524,0.08023146,1.0257558,1.2026382309984998,6.65793129907126,1652
NFYB,CDKN1B,Activation,TRRUST,,,0.0753312760936642,0.1297271132086905,0.08023146,0.14558037,0.11622811405865656,1.507062986217114,1653
NFYB,CREBRF,Activation,DoRothEA_AB,0.5,B,0.0753312760936642,0.0953591093362383,0.08023146,0.10376836,0.0646190948503041,1.0438436699250289,1654
NFYB,CRYZL1,Activation,DoRothEA_AB,0.5,B,0.0753312760936642,0.1008047437526481,0.08023146,0.10836681,0.07029501175500799,1.1172410968022974,1655
NFYB,FAS,Unknown,TRRUST,,,0.0753312760936642,0.1361408604102384,0.08023146,0.1684531,0.14446017374479603,1.5935088445392116,1656
NFYB,LPIN1,Unknown,TRRUST,,,0.0753312760936642,0.1032250257154969,0.08023146,0.11399391,0.07724060255505136,1.149862175414417,1657
NFYB,PCNA,Activation,DoRothEA_AB,0.5,B,0.0753312760936642,0.0808979246082165,0.08023146,0.09172769,0.04975716476582758,0.8489327252176124,1658
NFYC,CCND2,Activation,TRRUST,,,0.0718823742966047,0.202759121437637,0.07641956,0.30689156,0.31533627229434513,2.4914040333376013,1659
NFYC,CDKN1B,Activation,TRRUST,,,0.0718823742966047,0.1297271132086905,0.07641956,0.14558037,0.11622811405865656,1.507062986217114,1660
NFYC,FAS,Unknown,TRRUST,,,0.0718823742966047,0.1361408604102384,0.07641956,0.1684531,0.14446017374479603,1.5935088445392116,1661
NFYC,FDPS,Unknown,TRRUST,,,0.0718823742966047,0.184909541961631,0.07641956,0.21777,0.20533256039629633,2.2508235785732733,1662
NFYC,LPIN1,Unknown,TRRUST,,,0.0718823742966047,0.1032250257154969,0.07641956,0.11399391,0.07724060255505136,1.149862175414417,1663
NME2,MYC,Activation,DoRothEA_AB,1.0,A,0.0864040660736976,0.285230229321708,0.09795987,0.60675657,0.6854629191836673,3.6029672870455456,1664
NPM1,BRD4,Unknown,TRRUST,,,0.9216433714529524,0.1476977067828389,4.2644897,0.16718303,0.1428925125147822,1.7492744949120476,1665
NPM1,DNMT1,Unknown,TRRUST,,,0.9216433714529524,0.1480002420281949,4.2644897,0.16905911,0.14520817848626755,1.7533521297385612,1666
NPM1,PTPN6,Activation,TRRUST,,,0.9216433714529524,0.2216373207478535,4.2644897,0.27857774,0.2803882159765113,2.7458484465120767,1667
NPM1,USP7,Unknown,TRRUST,,,0.9216433714529524,0.0568766261269426,4.2644897,0.059780363,0.010324231194862754,0.525168519992333,1669
NR1H2,BHLHE40,Activation,DoRothEA_AB,1.0,A,0.2138319114176678,0.0874931929569796,0.25099024,0.10933506,0.07149013327268885,0.9378251644356395,1670
NR3C1,ATF2,Repression,DoRothEA_AB,-1.0,A,0.1855146124523431,0.0551219217038774,0.2315664,0.058025673,0.0081583982221187,0.5015182379985489,1671
NR3C1,BAD,Activation,TRRUST,,,0.1855146124523431,0.0951775881890246,0.2315664,0.101771645,0.06215452778479815,1.0413970890291193,1672
NR3C1,BAX,Activation,TRRUST,,,0.1855146124523431,0.3966842137109219,0.2315664,0.62054837,0.7024862880941252,5.105167957134004,1673
NR3C1,CCND3,Repression,TRRUST,,,0.1855146124523431,0.3118533309130512,0.2315664,0.4842406,0.5342401234113536,3.961799151778945,1674
NR3C1,CDK4,Repression,TRRUST,,,0.1855146124523431,0.193985599322312,0.2315664,0.2672014,0.26634627564451696,2.3731526233686937,1675
NR3C1,CDK6,Repression,DoRothEA_AB,-1.0,A,0.1855146124523431,0.0611121195619275,0.2315664,0.072728746,0.026306561318769836,0.5822554075635353,1676
NR3C1,ELK1,Repression,TRRUST,,,0.1855146124523431,0.0573001754704411,0.2315664,0.061172,0.012041943896645178,0.5308772087494534,1677
NR3C1,ETS1,Repression,DoRothEA_AB,-1.0,A,0.1855146124523431,0.2819023416227901,0.2315664,0.35590377,0.3758325767612628,3.5581133039538706,1678
NR3C1,NFKB1,Repression,TRRUST,,,0.1855146124523431,0.1009257578507906,0.2315664,0.11804789,0.08224447421035508,1.1188721507329042,1679
NR3C1,NR3C1,Unknown,TRRUST,,,0.1855146124523431,0.1855146124523431,0.2315664,0.2315664,0.22236160713684086,2.2589788482263016,1680
NR3C1,PNRC1,Unknown,TRRUST,,,0.1855146124523431,0.5099534095722729,0.2315664,0.81003445,0.936371019835924,6.631834436181558,1681
NR3C1,PPIG,Unknown,TRRUST,,,0.1855146124523431,0.2956979488110315,0.2315664,0.37084836,0.3942788469207445,3.744053452042995,1682
NR3C1,RPS6KA3,Activation,TRRUST,,,0.1855146124523431,0.0801718400193619,0.2315664,0.08537449,0.04191534082972633,0.839146401633977,1683
NR3C1,STAT1,Repression,TRRUST,,,0.1855146124523431,0.3569915895201921,0.2315664,0.62375486,0.7064440936146298,4.570182267895118,1684
NR3C1,TP53,Repression,TRRUST,,,0.1855146124523431,0.1242209717432105,0.2315664,0.14055775,0.11002863950442551,1.4328500323745565,1685
NR3C1,ZBTB38,Activation,DoRothEA_AB,0.5,B,0.1855146124523431,0.060386034973073,0.2315664,0.066254556,0.018315398108282636,0.5724690839799015,1686
PARP1,BCL2,Repression,TRRUST,,,0.2079022206086896,0.1349307194288143,0.24947752,0.15768246,0.13116585551789783,1.577198305233156,1687
PARP1,FOXO1,Repression,TRRUST,,,0.2079022206086896,0.0503418648272515,0.24947752,0.05245911,0.0012875289003256565,0.4370916077396197,1688
PARP1,IFNAR1,Unknown,TRRUST,,,0.2079022206086896,0.0821685726387122,0.24947752,0.08676612,0.043633044891332545,0.8660587914889762,1689
PARP1,JUN,Unknown,TRRUST,,,0.2079022206086896,0.0778120651055843,0.24947752,0.09759687,0.05700155754573169,0.8073408499871605,1690
PARP1,NFKB1,Unknown,TRRUST,,,0.2079022206086896,0.1009257578507906,0.24947752,0.11804789,0.08224447421035508,1.1188721507329042,1691
PARP1,RELA,Unknown,TRRUST,,,0.2079022206086896,0.1190173655230855,0.24947752,0.13057321,0.09770461306688845,1.3627147133584987,1692
PARP1,SMARCB1,Unknown,TRRUST,,,0.2079022206086896,0.1443093120348513,0.24947752,0.16270535,0.13736566333606878,1.7036049848550903,1693
PBX2,VCP,Unknown,TRRUST,,,0.0635929085738474,0.1961033460398043,0.06685958,0.23840299,0.23080008461327958,2.401696067154293,1695
PHB2,BTG2,Repression,TRRUST,,,0.2658679736189129,0.2218793489441383,0.3578388,0.2846291,0.28785747551406177,2.7491105543732877,1696
PIAS1,PRMT1,Repression,TRRUST,,,0.0970533067102324,0.3022327101107249,0.10346581,0.5067467,0.5620196476964837,3.832130364295739,1697
PIAS1,STAT1,Unknown,TRRUST,,,0.0970533067102324,0.3569915895201921,0.10346581,0.62375486,0.7064440936146298,4.570182267895118,1698
PML,BAX,Activation,TRRUST,,,0.0500998366309666,0.3966842137109219,0.05209606,0.62054837,0.7024862880941252,5.105167957134004,1699
PML,CASP3,Activation,TRRUST,,,0.0500998366309666,0.0510679494161061,0.05209606,0.054516327,0.0038267742432008074,0.4468779313232549,1700
PML,EP300,Activation,TRRUST,,,0.0500998366309666,0.0646215284080582,0.05209606,0.068009205,0.02048118047428026,0.6295559715511077,1701
PML,PML,Activation,TRRUST,,,0.0500998366309666,0.0500998366309666,0.05209606,0.05209606,0.0008394123322966966,0.43382949987840735,1702
PML,TNFAIP3,Repression,TRRUST,,,0.0500998366309666,0.0979609124463007,0.05209606,0.115627624,0.07925711353376186,1.0789113294330566,1703
PML,TNFSF10,Activation,TRRUST,,,0.0500998366309666,0.0998971380165798,0.05209606,0.120589145,0.08538117292702337,1.1050081923227528,1704
PML,TP53,Unknown,TRRUST,,,0.0500998366309666,0.1242209717432105,0.05209606,0.14055775,0.11002863950442551,1.4328500323745565,1705
POU2F2,ID2,Unknown,TRRUST,,,0.2023960791432098,0.2402734918617852,0.25528535,0.5340345,0.5957012763566145,2.9970307518253416,1706
POU2F2,STK10,Activation,DoRothEA_AB,0.5,B,0.2023960791432098,0.1209535910933646,0.25528535,0.13293323,0.10061761144969991,1.388811576248195,1707
PRDM1,MYC,Repression,DoRothEA_AB,-1.0,A,0.1087916742300492,0.285230229321708,0.15743995,0.60675657,0.6854629191836673,3.6029672870455456,1708
PRDM1,PCNA,Unknown,TRRUST,,,0.1087916742300492,0.0808979246082165,0.15743995,0.09172769,0.04975716476582758,0.8489327252176124,1709
PURA,FAS,Repression,TRRUST,,,0.0920917286863923,0.1361408604102384,0.09910937,0.1684531,0.14446017374479603,1.5935088445392116,1710
PURA,PCNA,Repression,TRRUST,,,0.0920917286863923,0.0808979246082165,0.09910937,0.09172769,0.04975716476582758,0.8489327252176124,1711
RARA,BTG2,Activation,DoRothEA_AB,1.0,A,0.0614751618563548,0.2218793489441383,0.065165415,0.2846291,0.28785747551406177,2.7491105543732877,1712
RARA,ETS1,Activation,DoRothEA_AB,1.0,A,0.0614751618563548,0.2819023416227901,0.065165415,0.35590377,0.3758325767612628,3.5581133039538706,1713
RARA,HDAC7,Activation,DoRothEA_AB,0.5,B,0.0614751618563548,0.0966297573667339,0.065165415,0.10588609,0.06723303204796824,1.0609697361963915,1714
RARA,IER3,Activation,DoRothEA_AB,1.0,A,0.0614751618563548,0.0825316149331395,0.065165415,0.16046594,0.1346015351895057,0.8709519532807938,1715
RARA,KHSRP,Activation,DoRothEA_AB,0.5,B,0.0614751618563548,0.0661947116839099,0.065165415,0.07151858,0.024812840248213914,0.6507596726489852,1716
RARA,LMNA,Activation,DoRothEA_AB,0.5,B,0.0614751618563548,0.0599624856295745,0.065165415,0.08283346,0.03877891983300793,0.5667603952227811,1717
RARA,MYC,Activation,DoRothEA_AB,1.0,A,0.0614751618563548,0.285230229321708,0.065165415,0.60675657,0.6854629191836673,3.6029672870455456,1718
RARA,PLAAT4,Activation,DoRothEA_AB,1.0,A,0.0614751618563548,0.3278271918678571,0.065165415,0.461547,0.5062291658346509,4.177098270618985,1719
RARA,PNRC1,Activation,DoRothEA_AB,0.5,B,0.0614751618563548,0.5099534095722729,0.065165415,0.81003445,0.936371019835924,6.631834436181558,1720
RARA,PRKCA,Activation,DoRothEA_AB,1.0,A,0.0614751618563548,0.1628244690506406,0.065165415,0.18696989,0.16731564925977435,1.9531562362377495,1721
RARA,SEPTIN9,Activation,DoRothEA_AB,0.5,B,0.0614751618563548,0.2915834694741876,0.065165415,0.3915392,0.4198177760226209,3.6885976184023797,1722
RARA,SLC16A3,Activation,DoRothEA_AB,0.5,B,0.0614751618563548,0.0529436679373137,0.065165415,0.061958697,0.013012972569606688,0.4721592672476445,1723
RARA,SMAD3,Activation,DoRothEA_AB,0.5,B,0.0614751618563548,0.0641979790645596,0.065165415,0.069158815,0.021900156614679006,0.6238472827939859,1724
RARA,SMARCA2,Activation,DoRothEA_AB,0.5,B,0.0614751618563548,0.0628668239849928,0.065165415,0.06625451,0.018315341329981766,0.6059056895573208,1725
RB1,ATF2,Unknown,TRRUST,,,0.0703091910207529,0.0551219217038774,0.07424133,0.058025673,0.0081583982221187,0.5015182379985489,1726
RB1,DDIT3,Unknown,TRRUST,,,0.0703091910207529,0.0657711623404114,0.07424133,0.070489965,0.023543209553755568,0.6450509838918648,1727
RB1,DNMT3A,Repression,TRRUST,,,0.0703091910207529,0.0971138137593037,0.07424133,0.10727774,0.06895076079579221,1.0674939519188156,1728
RB1,EBNA1BP2,Activation,TRRUST,,,0.0703091910207529,0.1645791734737056,0.07424133,0.24390878,0.23759594115945265,1.9768065182315309,1729
RB1,ELF1,Unknown,TRRUST,,,0.0703091910207529,0.217099292067513,0.07424133,0.25794813,0.2549248637303308,2.6846839241143665,1730
RB1,HBP1,Unknown,TRRUST,,,0.0703091910207529,0.091728686391965,0.07424133,0.09795976,0.05744947662401851,0.9949120520068485,1731
RB1,MYC,Repression,TRRUST,,,0.0703091910207529,0.285230229321708,0.07424133,0.60675657,0.6854629191836673,3.6029672870455456,1732
RB1,PCNA,Repression,TRRUST,,,0.0703091910207529,0.0808979246082165,0.07424133,0.09172769,0.04975716476582758,0.8489327252176124,1733
RB1,RB1,Repression,TRRUST,,,0.0703091910207529,0.0703091910207529,0.07424133,0.07424133,0.028173560219570026,0.7062155062895887,1734
RB1,TFDP1,Repression,TRRUST,,,0.0703091910207529,0.1026199552247847,0.07424133,0.12512715,0.09098248191007871,1.1417069057613871,1735
RB1CC1,RB1,Activation,TRRUST,,,0.0803533611665755,0.0703091910207529,0.08561649,0.07424133,0.028173560219570026,0.7062155062895887,1736
RBL2,E2F4,Unknown,TRRUST,,,0.1024989411266423,0.1799479639377921,0.112299725,0.22176345,0.21026171921352602,2.183950367418444,1737
RBMX,JUNB,Repression,TRRUST,,,0.4829672656865023,0.4286319356205337,0.8373264,0.76545453,0.8813455391764958,5.535766194814083,1738
RBMX,JUND,Repression,TRRUST,,,0.4829672656865023,0.1087916742300492,0.8373264,0.12095214,0.08582922160795346,1.2248906562222925,1739
RBMX,TXNIP,Activation,TRRUST,,,0.4829672656865023,0.2143764748593087,0.8373264,0.28353858,0.2865114348040578,2.64798521067574,1740
RBPJ,NFKB1,Activation,DoRothEA_AB,1.0,A,0.1714164700187519,0.1009257578507906,0.21123381,0.11804789,0.08224447421035508,1.1188721507329042,1741
RBPJ,PTEN,Repression,DoRothEA_AB,-1.0,A,0.1714164700187519,0.1135717311066757,0.21123381,0.12258577,0.08784562890454936,1.28931728648123,1742
RBPJ,WIPF1,Activation,DoRothEA_AB,0.5,B,0.1714164700187519,0.3385369395534656,0.21123381,0.45398355,0.49689351714587915,4.321446543477648,1743
REL,BCL2A1,Activation,TRRUST,,,0.0812609669026439,0.1249470563320651,0.09596319,0.18085776,0.1597713806495366,1.4426363559581916,1744
REL,BIRC3,Activation,DoRothEA_AB,1.0,A,0.0812609669026439,0.3502148000242138,0.09596319,0.5574434,0.6245951365117807,4.478843247781161,1745
REL,CD40LG,Activation,DoRothEA_AB,1.0,A,0.0812609669026439,0.1263992255097741,0.09596319,0.20118779,0.18486495803977404,1.4622090031254593,1747
REL,IER3,Activation,DoRothEA_AB,1.0,A,0.0812609669026439,0.0825316149331395,0.09596319,0.16046594,0.1346015351895057,0.8709519532807938,1748
REL,NFKBIA,Activation,DoRothEA_AB,1.0,A,0.0812609669026439,0.4717129545592527,0.09596319,1.2340603,1.4597507434485413,6.116421394109948,1749
REL,SOD2,Activation,TRRUST,,,0.0812609669026439,0.1158104919223108,0.09596319,0.1359588,0.10435210544427741,1.3194917841974398,1750
REL,TNFAIP3,Activation,DoRothEA_AB,1.0,A,0.0812609669026439,0.0979609124463007,0.09596319,0.115627624,0.07925711353376186,1.0789113294330566,1751
RELA,AKT2,Repression,TRRUST,,,0.1190173655230855,0.0874931929569796,0.13057321,0.09154608,0.0495330015653876,0.9378251644356395,1752
RELA,ALOX5AP,Unknown,TRRUST,,,0.1190173655230855,0.2416046469413517,0.13057321,0.3474934,0.36545156549489816,3.0149723450620027,1753
RELA,BAD,Activation,TRRUST,,,0.1190173655230855,0.0951775881890246,0.13057321,0.101771645,0.06215452778479815,1.0413970890291193,1754
RELA,BAX,Repression,DoRothEA_AB,-1.0,A,0.1190173655230855,0.3966842137109219,0.13057321,0.62054837,0.7024862880941252,5.105167957134004,1755
RELA,BCL2,Activation,DoRothEA_AB,1.0,A,0.1190173655230855,0.1349307194288143,0.13057321,0.15768246,0.13116585551789783,1.577198305233156,1756
RELA,BCL2A1,Activation,DoRothEA_AB,1.0,A,0.1190173655230855,0.1249470563320651,0.13057321,0.18085776,0.1597713806495366,1.4426363559581916,1757
RELA,BCL2L1,Activation,DoRothEA_AB,1.0,A,0.1190173655230855,0.0949355599927397,0.13057321,0.11435707,0.07768885489727803,1.0381349811679073,1758
RELA,BCL3,Activation,DoRothEA_AB,1.0,A,0.1190173655230855,0.0808374175591453,0.13057321,0.09009399,0.047740671067469494,0.8481171982523096,1759
RELA,BHLHE40,Activation,DoRothEA_AB,0.5,B,0.1190173655230855,0.0874931929569796,0.13057321,0.10933506,0.07149013327268885,0.9378251644356395,1760
RELA,BIRC2,Activation,DoRothEA_AB,1.0,A,0.1190173655230855,0.0942094754038851,0.13057321,0.10328432,0.0640216390078892,1.028348657584272,1761
RELA,BIRC3,Activation,DoRothEA_AB,1.0,A,0.1190173655230855,0.3502148000242138,0.13057321,0.5574434,0.6245951365117807,4.478843247781161,1762
RELA,BNIP3,Repression,DoRothEA_AB,-1.0,A,0.1190173655230855,0.172021540509464,0.13057321,0.22805555,0.2180281267543468,2.0771163349637756,1763
RELA,BTG2,Unknown,TRRUST,,,0.1190173655230855,0.2218793489441383,0.13057321,0.2846291,0.28785747551406177,2.7491105543732877,1764
RELA,CARD8,Unknown,TRRUST,,,0.1190173655230855,0.1247655351848515,0.13057321,0.13946857,0.10868425277101197,1.4401897750622836,1765
RELA,CASP3,Unknown,TRRUST,,,0.1190173655230855,0.0510679494161061,0.13057321,0.054516327,0.0038267742432008074,0.4468779313232549,1766
RELA,CCND2,Activation,TRRUST,,,0.1190173655230855,0.202759121437637,0.13057321,0.30689156,0.31533627229434513,2.4914040333376013,1769
RELA,CCR7,Activation,TRRUST,,,0.1190173655230855,0.3879106915955929,0.13057321,0.64021057,0.7267555556437711,4.986916547165042,1770
RELA,CD28,Unknown,TRRUST,,,0.1190173655230855,0.1265202396079165,0.13057321,0.14666952,0.11757246376274344,1.463840057056065,1771
RELA,CD40LG,Activation,DoRothEA_AB,1.0,A,0.1190173655230855,0.1263992255097741,0.13057321,0.20118779,0.18486495803977404,1.4622090031254593,1772
RELA,CD44,Activation,DoRothEA_AB,0.5,B,0.1190173655230855,0.5736068251952116,0.13057321,1.0101249,1.183344840933209,7.489768803680504,1773
RELA,CD58,Activation,DoRothEA_AB,1.0,A,0.1190173655230855,0.0527621467901,0.13057321,0.056210507,0.005917919064088548,0.46971268635173496,1774
RELA,CD69,Activation,DoRothEA_AB,1.0,A,0.1190173655230855,0.3293398680946379,0.13057321,0.8637791,1.0027086265234806,4.197486444751563,1775
RELA,CD74,Activation,DoRothEA_AB,1.0,A,0.1190173655230855,0.5118896351425524,0.13057321,1.0257558,1.2026382309984998,6.65793129907126,1776
RELA,CDK4,Activation,DoRothEA_AB,1.0,A,0.1190173655230855,0.193985599322312,0.13057321,0.2672014,0.26634627564451696,2.3731526233686937,1777
RELA,CDK6,Activation,DoRothEA_AB,1.0,A,0.1190173655230855,0.0611121195619275,0.13057321,0.072728746,0.026306561318769836,0.5822554075635353,1778
RELA,CFLAR,Activation,DoRothEA_AB,1.0,A,0.1190173655230855,0.2315604767955314,0.13057321,0.3248015,0.33744270624670575,2.879594868821737,1779
RELA,CREB3,Unknown,TRRUST,,,0.1190173655230855,0.0637744297210611,0.13057321,0.06758564,0.019958369582840554,0.6181385940368656,1780
RELA,CSNK2A1,Unknown,TRRUST,,,0.1190173655230855,0.0935438978641016,0.13057321,0.10352637,0.06432040395842331,1.0193778609659379,1781
RELA,CTSB,Activation,DoRothEA_AB,1.0,A,0.1190173655230855,0.1236159012524983,0.13057321,0.13759273,0.10636888303413983,1.4246947627215265,1782
RELA,CXCR4,Activation,DoRothEA_AB,1.0,A,0.1190173655230855,0.5044472681067905,0.13057321,0.9950035,1.1646803322655517,6.557621482338969,1783
RELA,DUSP22,Activation,DoRothEA_AB,0.5,B,0.1190173655230855,0.0608095843165715,0.13057321,0.0649839,0.01674701357208816,0.5781777727370216,1784
RELA,ERAP2,Unknown,TRRUST,,,0.1190173655230855,0.1518726931687521,0.13057321,0.17226607,0.1491665641328896,1.8055458555179404,1785
RELA,ETV6,Activation,DoRothEA_AB,0.5,B,0.1190173655230855,0.1393477340110124,0.13057321,0.17026885,0.146701373740385,1.6367317737002607,1786
RELA,FAS,Activation,TRRUST,,,0.1190173655230855,0.1361408604102384,0.13057321,0.1684531,0.14446017374479603,1.5935088445392116,1787
RELA,FCGRT,Activation,DoRothEA_AB,1.0,A,0.1190173655230855,0.0554244569492334,0.13057321,0.058267698,0.0084571323148806,0.5055958728250626,1788
RELA,GADD45B,Activation,DoRothEA_AB,0.5,B,0.1190173655230855,0.1198644642100826,0.13057321,0.14945275,0.1210078348566292,1.3741320908727406,1789
RELA,GATA3,Activation,DoRothEA_AB,1.0,A,0.1190173655230855,0.1487263266170494,0.13057321,0.18696932,0.16731494570256797,1.7631384533221952,1790
RELA,GSTP1,Activation,DoRothEA_AB,1.0,A,0.1190173655230855,0.4951291825498204,0.13057321,0.86685115,1.0065004912881503,6.432030329682279,1791
RELA,GTF2B,Activation,TRRUST,,,0.1190173655230855,0.0993525745749388,0.13057321,0.10661213,0.06812919112537284,1.0976684496350257,1792
RELA,HDAC1,Activation,DoRothEA_AB,1.0,A,0.1190173655230855,0.1769831185333029,0.13057321,0.20010112,0.18352366942669035,2.1439895461186054,1793
RELA,HDAC7,Unknown,TRRUST,,,0.1190173655230855,0.0966297573667339,0.13057321,0.10588609,0.06723303204796824,1.0609697361963915,1794
RELA,HIF1A,Activation,DoRothEA_AB,1.0,A,0.1190173655230855,0.2056634597930549,0.13057321,0.2684732,0.2679160722323678,2.5305493276721354,1795
RELA,HIVEP2,Activation,DoRothEA_AB,0.5,B,0.1190173655230855,0.0614751618563548,0.13057321,0.06480237,0.01652294911651924,0.587148569355353,1796
RELA,HLA-A,Activation,TRRUST,,,0.1190173655230855,0.9671446723545208,0.13057321,7.371811,9.035643262664403,12.793956186012393,1797
RELA,HLA-F,Unknown,TRRUST,,,0.1190173655230855,0.2895867368548369,0.13057321,0.36909392,0.39211332252572256,3.6616852285473747,1798
RELA,IER3,Activation,DoRothEA_AB,1.0,A,0.1190173655230855,0.0825316149331395,0.13057321,0.16046594,0.1346015351895057,0.8709519532807938,1799
RELA,IRF1,Activation,DoRothEA_AB,1.0,A,0.1190173655230855,0.4906516609185491,0.13057321,0.9328636,1.0879803770922627,6.371681334249844,1800
RELA,IRF4,Activation,DoRothEA_AB,1.0,A,0.1190173655230855,0.1371694802444489,0.13057321,0.2156511,0.20271717905489284,1.607372802949359,1801
RELA,IRF7,Activation,DoRothEA_AB,1.0,A,0.1190173655230855,0.1204695347007948,0.13057321,0.13408288,0.10203663696253418,1.3822873605257704,1802
RELA,JUNB,Activation,TRRUST,,,0.1190173655230855,0.4286319356205337,0.13057321,0.76545453,0.8813455391764958,5.535766194814083,1803
RELA,KDM2A,Activation,DoRothEA_AB,0.5,B,0.1190173655230855,0.1043746596478501,0.13057321,0.112481244,0.0753735024407583,1.165357187755174,1804
RELA,MAT2A,Activation,DoRothEA_AB,1.0,A,0.1190173655230855,0.1522962425122506,0.13057321,0.1819474,0.16111633516595877,1.8112545442750607,1805
RELA,MCL1,Activation,DoRothEA_AB,1.0,A,0.1190173655230855,0.2454165910328378,0.13057321,0.30060118,0.30757198776825245,3.0663505438760805,1806
RELA,MGMT,Unknown,TRRUST,,,0.1190173655230855,0.1004417014582208,0.13057321,0.10667264,0.06820387927722914,1.11234793501048,1807
RELA,MIF,Unknown,TRRUST,,,0.1190173655230855,0.5573304289950495,0.13057321,1.2856312,1.5234052668424662,7.270392050013949,1808
RELA,MYC,Activation,DoRothEA_AB,1.0,A,0.1190173655230855,0.285230229321708,0.13057321,0.60675657,0.6854629191836673,3.6029672870455456,1809
RELA,NAMPT,Activation,TRRUST,,,0.1190173655230855,0.1320263810733963,0.13057321,0.21286759,0.19928146235395827,1.5380530108986201,1810
RELA,NCOR1,Unknown,TRRUST,,,0.1190173655230855,0.2779693834331598,0.13057321,0.33829626,0.35409943545087713,3.505104051209163,1811
RELA,NFATC1,Activation,DoRothEA_AB,0.5,B,0.1190173655230855,0.0784171355962965,0.13057321,0.08610057,0.04281154927956648,0.8154961196401902,1812
RELA,NFKB1,Activation,DoRothEA_AB,1.0,A,0.1190173655230855,0.1009257578507906,0.13057321,0.11804789,0.08224447421035508,1.1188721507329042,1813
RELA,NFKB2,Activation,DoRothEA_AB,1.0,A,0.1190173655230855,0.2034852060264915,0.13057321,0.25389338,0.24992004165564302,2.501190356921235,1814
RELA,NFKBIA,Activation,DoRothEA_AB,1.0,A,0.1190173655230855,0.4717129545592527,0.13057321,1.2340603,1.4597507434485413,6.116421394109948,1815
RELA,NFKBIZ,Activation,DoRothEA_AB,0.5,B,0.1190173655230855,0.089247897380045,0.13057321,0.0990489,0.058793813984996474,0.9614754464294263,1816
RELA,NOLC1,Activation,DoRothEA_AB,1.0,A,0.1190173655230855,0.1394687481091548,0.13057321,0.1817053,0.16081750849988022,1.6383628276308664,1817
RELA,OPTN,Activation,DoRothEA_AB,1.0,A,0.1190173655230855,0.1823077388515691,0.13057321,0.21831447,0.2060046056456965,2.215755919065252,1818
RELA,PCK2,Repression,DoRothEA_AB,-1.0,A,0.1190173655230855,0.0575422036667259,0.13057321,0.06214012,0.01323690495391055,0.5341393166106644,1819
RELA,PCYT2,Unknown,TRRUST,,,0.1190173655230855,0.057844738912082,0.13057321,0.05996187,0.010548267261281238,0.5382169514371793,1820
RELA,POU2F2,Activation,DoRothEA_AB,0.5,B,0.1190173655230855,0.2023960791432098,0.13057321,0.25528535,0.2516381653829513,2.486510871545785,1821
RELA,PPIG,Unknown,TRRUST,,,0.1190173655230855,0.2956979488110315,0.13057321,0.37084836,0.3942788469207445,3.744053452042995,1822
RELA,PSMB9,Unknown,TRRUST,,,0.1190173655230855,0.4965813517275301,0.13057321,0.82540476,0.9553427608268099,6.451602976849556,1823
RELA,PTEN,Activation,TRRUST,,,0.1190173655230855,0.1135717311066757,0.13057321,0.12258577,0.08784562890454936,1.28931728648123,1824
RELA,PTGER4,Unknown,TRRUST,,,0.1190173655230855,0.1179887456888748,0.13057321,0.14612475,0.11690004822007677,1.3488507549483484,1825
RELA,PTPN6,Unknown,TRRUST,,,0.1190173655230855,0.2216373207478535,0.13057321,0.27857774,0.2803882159765113,2.7458484465120767,1826
RELA,S100A6,Activation,DoRothEA_AB,1.0,A,0.1190173655230855,0.8535124341987423,0.13057321,3.8940048,4.742949202304058,11.262396545173019,1827
RELA,SERPINB1,Activation,TRRUST,,,0.1190173655230855,0.224420645005129,0.13057321,0.2678096,0.26709698352683403,2.7833626869160057,1828
RELA,SMAD3,Activation,DoRothEA_AB,0.5,B,0.1190173655230855,0.0641979790645596,0.13057321,0.069158815,0.021900156614679006,0.6238472827939859,1829
RELA,SOCS3,Activation,DoRothEA_AB,1.0,A,0.1190173655230855,0.3508198705149262,0.13057321,0.55423695,0.6206373803637116,4.486998517434193,1830
RELA,SOD2,Activation,DoRothEA_AB,1.0,A,0.1190173655230855,0.1158104919223108,0.13057321,0.1359588,0.10435210544427741,1.3194917841974398,1831
RELA,STAT1,Activation,DoRothEA_AB,0.5,B,0.1190173655230855,0.3569915895201921,0.13057321,0.62375486,0.7064440936146298,4.570182267895118,1832
RELA,STAT3,Activation,DoRothEA_AB,0.5,B,0.1190173655230855,0.2711320868881103,0.13057321,0.33920252,0.35521804203658686,3.412949504129904,1833
RELA,STAT4,Unknown,TRRUST,,,0.1190173655230855,0.1003811944091496,0.13057321,0.10800379,0.06984693221630571,1.1115324080451772,1834
RELA,TAP1,Unknown,TRRUST,,,0.1190173655230855,0.3601984631209675,0.13057321,0.6138982,0.6942779108534995,4.613405197056186,1835
RELA,TAP2,Unknown,TRRUST,,,0.1190173655230855,0.1098808011133312,0.13057321,0.12567173,0.0916546629336766,1.2395701415977467,1836
RELA,TAPBP,Unknown,TRRUST,,,0.1190173655230855,0.4312337387305968,0.13057321,0.65103877,0.7401209208054048,5.57083385432212,1837
RELA,TBX21,Activation,DoRothEA_AB,1.0,A,0.1190173655230855,0.0528226538391713,0.13057321,0.061293088,0.012191404133498208,0.47052821331703903,1838
RELA,TIMP1,Repression,DoRothEA_AB,-1.0,A,0.1190173655230855,0.1207115628970797,0.13057321,0.16573028,0.14109936737167775,1.3855494683869827,1839
RELA,TNFAIP3,Activation,DoRothEA_AB,1.0,A,0.1190173655230855,0.0979609124463007,0.13057321,0.115627624,0.07925711353376186,1.0789113294330566,1840
RELA,TNFSF10,Activation,TRRUST,,,0.1190173655230855,0.0998971380165798,0.13057321,0.120589145,0.08538117292702337,1.1050081923227528,1841
RELA,TNFSF14,Unknown,TRRUST,,,0.1190173655230855,0.0634113874266338,0.13057321,0.086887375,0.04378271125810393,0.613245432245048,1842
RELA,TNIP1,Activation,DoRothEA_AB,0.5,B,0.1190173655230855,0.2270224481151909,0.13057321,0.2793648,0.2813596927043253,2.8184303464240266,1843
RELA,TP53,Activation,DoRothEA_AB,1.0,A,0.1190173655230855,0.1242209717432105,0.13057321,0.14055775,0.11002863950442551,1.4328500323745565,1844
RELA,TRAF3,Activation,DoRothEA_AB,0.5,B,0.1190173655230855,0.0828946572275668,0.13057321,0.090638526,0.048412797781388274,0.8758451150726114,1845
RELA,UPP1,Activation,TRRUST,,,0.1190173655230855,0.1460640164579163,0.13057321,0.16899851,0.14513337924643124,1.7272552668488717,1846
RELA,XIAP,Activation,DoRothEA_AB,1.0,A,0.1190173655230855,0.0588128516972214,0.13057321,0.06153503,0.012490035778456365,0.5512653828820253,1847
RELA,YY1,Repression,TRRUST,,,0.1190173655230855,0.2130453197797422,0.13057321,0.2520799,0.2476816435457707,2.630043617439079,1848
RELB,BCL2,Activation,DoRothEA_AB,0.5,B,0.2558843105221592,0.1349307194288143,0.3494284,0.15768246,0.13116585551789783,1.577198305233156,1849
RELB,CD44,Activation,DoRothEA_AB,0.5,B,0.2558843105221592,0.5736068251952116,0.3494284,1.0101249,1.183344840933209,7.489768803680504,1850
RELB,IRF1,Activation,DoRothEA_AB,0.5,B,0.2558843105221592,0.4906516609185491,0.3494284,0.9328636,1.0879803770922627,6.371681334249844,1851
RELB,TNFAIP3,Activation,DoRothEA_AB,1.0,A,0.2558843105221592,0.0979609124463007,0.3494284,0.115627624,0.07925711353376186,1.0789113294330566,1852
RELB,TNIP1,Activation,DoRothEA_AB,0.5,B,0.2558843105221592,0.2270224481151909,0.3494284,0.2793648,0.2813596927043253,2.8184303464240266,1853
RELB,TRAF3,Activation,DoRothEA_AB,0.5,B,0.2558843105221592,0.0828946572275668,0.3494284,0.090638526,0.048412797781388274,0.8758451150726114,1854
REST,CD59,Repression,TRRUST,,,0.1125431112724649,0.1299691414049753,0.122464746,0.1514499,0.12347293884737162,1.5103250940783253,1855
REST,KCNN4,Repression,TRRUST,,,0.1125431112724649,0.0547588794094501,0.122464746,0.061232567,0.012116702404222128,0.4966250762067313,1856
REST,STAT1,Repression,TRRUST,,,0.1125431112724649,0.3569915895201921,0.122464746,0.62375486,0.7064440936146298,4.570182267895118,1857
RFX5,BTN3A2,Activation,DoRothEA_AB,0.5,B,0.0500393295818954,0.1871483027772657,0.051672522,0.22031231,0.2084705613109519,2.2809980762894777,1858
RFX5,CD74,Activation,DoRothEA_AB,1.0,A,0.0500393295818954,0.5118896351425524,0.051672522,1.0257558,1.2026382309984998,6.65793129907126,1859
RFX5,HDAC2,Unknown,TRRUST,,,0.0500393295818954,0.1480002420281949,0.051672522,0.17172153,0.14849443248172725,1.7533521297385612,1860
RFX5,HLA-DPA1,Activation,DoRothEA_AB,1.0,A,0.0500393295818954,0.0540933018696667,0.051672522,0.06304775,0.01435720254553738,0.48765427958839874,1861
RFX5,HLA-DPB1,Activation,DoRothEA_AB,1.0,A,0.0500393295818954,0.0543958371150228,0.051672522,0.06401589,0.015552188289020524,0.4917319144149137,1862
RFX5,PSMB8,Activation,DoRothEA_AB,0.5,B,0.0500393295818954,0.4388576269135724,0.051672522,0.69114906,0.789629488488771,5.673590251950321,1863
RFX5,TSPAN3,Activation,DoRothEA_AB,0.5,B,0.0500393295818954,0.0516730199068182,0.051672522,0.05427429,0.0035280253387082456,0.4550332009762833,1864
RFXANK,HLA-DPA1,Unknown,TRRUST,,,0.1041326314515652,0.0540933018696667,0.11145263,0.06304775,0.01435720254553738,0.48765427958839874,1865
RFXANK,HLA-DPB1,Unknown,TRRUST,,,0.1041326314515652,0.0543958371150228,0.11145263,0.06401589,0.015552188289020524,0.4917319144149137,1866
RORA,TUBA1B,Activation,DoRothEA_AB,1.0,A,0.1950747262055938,0.7582743389606192,0.24590701,2.3575716,2.8465129742645447,9.978757101785812,1867
RUNX1,ABLIM1,Activation,DoRothEA_AB,0.5,B,0.0726084588854593,0.0765414170750886,0.07835578,0.08416436,0.04042166419436238,0.7902147837157967,1868
RUNX1,ADD3,Activation,DoRothEA_AB,0.5,B,0.0726084588854593,0.1404973679433653,0.07835578,0.15974033,0.13370590686578313,1.6522267860410138,1869
RUNX1,AGPAT3,Activation,DoRothEA_AB,0.5,B,0.0726084588854593,0.0500393295818954,0.07835578,0.052761644,0.0016609499106329752,0.4330139729131047,1870
RUNX1,AKAP13,Activation,DoRothEA_AB,0.5,B,0.0726084588854593,0.1996127548859343,0.07835578,0.23695222,0.22900938340573412,2.448996631141856,1871
RUNX1,AKNA,Activation,DoRothEA_AB,0.5,B,0.0726084588854593,0.157378834634232,0.07835578,0.17771225,0.1558888434070059,1.8797588093604969,1872
RUNX1,ARHGAP25,Activation,DoRothEA_AB,0.5,B,0.0726084588854593,0.130755733042901,0.07835578,0.14588267,0.116601246240216,1.5209269446272617,1873
RUNX1,ARHGEF3,Activation,DoRothEA_AB,0.5,B,0.0726084588854593,0.0828946572275668,0.07835578,0.0894889,0.04699380189201531,0.8758451150726114,1874
RUNX1,ARID5B,Activation,DoRothEA_AB,0.5,B,0.0726084588854593,0.3461608277364411,0.07835578,0.570456,0.6406567303780073,4.424202941105848,1875
RUNX1,ARL4C,Activation,DoRothEA_AB,0.5,B,0.0726084588854593,0.2503176620076057,0.07835578,0.32274488,0.33490419778743097,3.13240822806561,1876
RUNX1,CCDC88C,Activation,DoRothEA_AB,0.5,B,0.0726084588854593,0.155624130211167,0.07835578,0.17093487,0.1475234494782686,1.8561085273667155,1877
RUNX1,CCND2,Unknown,TRRUST,,,0.0726084588854593,0.202759121437637,0.07835578,0.30689156,0.31533627229434513,2.4914040333376013,1878
RUNX1,CCND3,Activation,DoRothEA_AB,0.5,B,0.0726084588854593,0.3118533309130512,0.07835578,0.4842406,0.5342401234113536,3.961799151778945,1879
RUNX1,CD226,Activation,DoRothEA_AB,0.5,B,0.0726084588854593,0.054153808918738,0.07835578,0.059840906,0.010398960078978373,0.48846980655370287,1880
RUNX1,CD44,Activation,DoRothEA_AB,0.5,B,0.0726084588854593,0.5736068251952116,0.07835578,1.0101249,1.183344840933209,7.489768803680504,1881
RUNX1,CD6,Unknown,TRRUST,,,0.0726084588854593,0.2909783989834753,0.07835578,0.38924196,0.41698226767738245,3.680442348749348,1882
RUNX1,CD82,Activation,DoRothEA_AB,0.5,B,0.0726084588854593,0.0923942639317484,0.07835578,0.11441758,0.07776354304913433,1.003882848625181,1883
RUNX1,CDK6,Activation,DoRothEA_AB,0.5,B,0.0726084588854593,0.0611121195619275,0.07835578,0.072728746,0.026306561318769836,0.5822554075635353,1884
RUNX1,CYTH1,Activation,DoRothEA_AB,0.5,B,0.0726084588854593,0.2201246445210734,0.07835578,0.26454234,0.2630641689336422,2.7254602723795074,1885
RUNX1,CYTH4,Activation,DoRothEA_AB,0.5,B,0.0726084588854593,0.1018938706359301,0.07835578,0.111029096,0.07358110035280867,1.1319205821777518,1886
RUNX1,DNAJB12,Activation,DoRothEA_AB,0.5,B,0.0726084588854593,0.0624432746414942,0.07835578,0.06534692,0.017195093110790472,0.6001970008001991,1887
RUNX1,DNAJB6,Activation,DoRothEA_AB,0.5,B,0.0726084588854593,0.2930961457009685,0.07835578,0.37750408,0.40249407458680064,3.708985792534959,1888
RUNX1,ELMO1,Activation,DoRothEA_AB,0.5,B,0.0726084588854593,0.1193804078175128,0.07835578,0.13154145,0.09889972224146043,1.3676078751503162,1889
RUNX1,ETV6,Activation,DoRothEA_AB,0.5,B,0.0726084588854593,0.1393477340110124,0.07835578,0.17026885,0.146701373740385,1.6367317737002607,1890
RUNX1,EVL,Activation,DoRothEA_AB,0.5,B,0.0726084588854593,0.5015429297513713,0.07835578,0.83393115,0.9658669768424453,6.518476188004416,1891
RUNX1,FAM107B,Activation,DoRothEA_AB,0.5,B,0.0726084588854593,0.3383554184062519,0.07835578,0.4694738,0.5160133013847182,4.318999962581739,1892
RUNX1,FCMR,Activation,DoRothEA_AB,0.5,B,0.0726084588854593,0.1630664972469254,0.07835578,0.20118988,0.18486753774953074,1.9564183440989604,1893
RUNX1,FHIT,Activation,DoRothEA_AB,0.5,B,0.0726084588854593,0.0854359532885581,0.07835578,0.095116,0.05393939269205866,0.9100972476153377,1894
RUNX1,FKBP5,Activation,DoRothEA_AB,0.5,B,0.0726084588854593,0.1136322381557469,0.07835578,0.12567167,0.09165458887502331,1.2901328134465326,1895
RUNX1,FOXN3,Activation,DoRothEA_AB,0.5,B,0.0726084588854593,0.171719005264108,0.07835578,0.19532104,0.17762356463532872,2.0730387001372623,1896
RUNX1,FOXP1,Activation,DoRothEA_AB,0.5,B,0.0726084588854593,0.4412174018273505,0.07835578,0.64800966,0.7363820573502825,5.705395803597145,1897
RUNX1,FRYL,Activation,DoRothEA_AB,0.5,B,0.0726084588854593,0.0653476129969128,0.07835578,0.06861426,0.02122800644885334,0.639342295134743,1898
RUNX1,FYB1,Activation,DoRothEA_AB,1.0,A,0.0726084588854593,0.388697283233519,0.07835578,0.60929316,0.6885938598400413,4.997518397713985,1899
RUNX1,GATAD2A,Activation,DoRothEA_AB,0.5,B,0.0726084588854593,0.065952683487625,0.07835578,0.068977304,0.021676115611016972,0.6474975647877728,1900
RUNX1,HBS1L,Activation,DoRothEA_AB,0.5,B,0.0726084588854593,0.0824711078840683,0.07835578,0.08797624,0.0451267091835876,0.8701364263154912,1901
RUNX1,IKZF1,Activation,DoRothEA_AB,0.5,B,0.0726084588854593,0.3392025170932491,0.07835578,0.4566469,0.5001809190504651,4.330417340095982,1902
RUNX1,IL6R,Activation,DoRothEA_AB,0.5,B,0.0726084588854593,0.0631088521812777,0.07835578,0.06764618,0.02003309476402351,0.609167797418533,1903
RUNX1,INPP4B,Activation,DoRothEA_AB,0.5,B,0.0726084588854593,0.1397712833545108,0.07835578,0.16427836,0.13930724670661068,1.64244046245738,1904
RUNX1,IQGAP2,Activation,DoRothEA_AB,0.5,B,0.0726084588854593,0.078840684939795,0.07835578,0.086705625,0.04355837525413955,0.8212048083973106,1905
RUNX1,ITGAE,Activation,DoRothEA_AB,0.5,B,0.0726084588854593,0.1058268288255594,0.07835578,0.11599062,0.07970516344900284,1.1849298349224457,1906
RUNX1,ITGB2,Activation,DoRothEA_AB,1.0,A,0.0726084588854593,0.1800689780359345,0.07835578,0.21897991,0.20682596548326485,2.185581421349049,1907
RUNX1,JMJD1C,Activation,DoRothEA_AB,0.5,B,0.0726084588854593,0.139529255158226,0.07835578,0.15556476,0.12855195534956038,1.6391783545961691,1908
RUNX1,JUN,Activation,TRRUST,,,0.0726084588854593,0.0778120651055843,0.07835578,0.09759687,0.05700155754573169,0.8073408499871605,1909
RUNX1,LCP2,Activation,DoRothEA_AB,1.0,A,0.0726084588854593,0.1444303261329937,0.07835578,0.16627531,0.14177210383517538,1.7052360387856955,1910
RUNX1,LGALS3,Activation,DoRothEA_AB,1.0,A,0.0726084588854593,0.1173836751981626,0.07835578,0.21274453,0.19912956805603335,1.3406954852953186,1911
RUNX1,LPP,Activation,DoRothEA_AB,0.5,B,0.0726084588854593,0.0523385974466016,0.07835578,0.055786952,0.005395120515757729,0.46400399759461586,1912
RUNX1,MACF1,Activation,DoRothEA_AB,0.5,B,0.0726084588854593,0.1286379863254088,0.07835578,0.141526,0.11122376102210638,1.492383500841664,1913
RUNX1,MAD1L1,Activation,DoRothEA_AB,0.5,B,0.0726084588854593,0.0770254734676584,0.07835578,0.082167655,0.03795710947196533,0.796738999438221,1914
RUNX1,MBNL1,Activation,DoRothEA_AB,0.5,B,0.0726084588854593,0.2852907363707792,0.07835578,0.35844523,0.3789695285116632,3.603782814010848,1915
RUNX1,MBP,Activation,DoRothEA_AB,0.5,B,0.0726084588854593,0.163248018394139,0.07835578,0.19247696,0.1741130857238846,1.9588649249948684,1916
RUNX1,MGRN1,Activation,DoRothEA_AB,0.5,B,0.0726084588854593,0.0825316149331395,0.07835578,0.08749219,0.0445292409980638,0.8709519532807938,1917
RUNX1,MSI2,Activation,DoRothEA_AB,0.5,B,0.0726084588854593,0.0714588249531061,0.07835578,0.07648008,0.030936873720946775,0.7217105186303456,1918
RUNX1,NCK2,Activation,DoRothEA_AB,0.5,B,0.0726084588854593,0.0908210806558967,0.07835578,0.09693117,0.056179876787332356,0.9826791475273036,1919
RUNX1,NEK7,Activation,DoRothEA_AB,0.5,B,0.0726084588854593,0.0701881769226105,0.07835578,0.07412034,0.02802422094518408,0.7045844523589833,1920
RUNX1,NFKB1,Activation,DoRothEA_AB,1.0,A,0.0726084588854593,0.1009257578507906,0.07835578,0.11804789,0.08224447421035508,1.1188721507329042,1921
RUNX1,NUP210,Activation,DoRothEA_AB,0.5,B,0.0726084588854593,0.0993525745749388,0.07835578,0.10655164,0.0680545276597343,1.0976684496350257,1922
RUNX1,PAG1,Activation,DoRothEA_AB,0.5,B,0.0726084588854593,0.1061293640709155,0.07835578,0.117079735,0.08104946995220862,1.1890074697489608,1923
RUNX1,PIK3CD,Activation,DoRothEA_AB,1.0,A,0.0726084588854593,0.0770859805167296,0.07835578,0.08077599,0.03623936220947802,0.7975545264035239,1924
RUNX1,PIK3R1,Activation,DoRothEA_AB,0.5,B,0.0726084588854593,0.0697646275791119,0.07835578,0.07466488,0.028696352596346415,0.6988757636018615,1925
RUNX1,PIP4K2A,Activation,DoRothEA_AB,0.5,B,0.0726084588854593,0.1343256489381022,0.07835578,0.15042129,0.12220331432446772,1.5690430355801275,1926
RUNX1,PLEC,Activation,DoRothEA_AB,0.5,B,0.0726084588854593,0.0791432201851511,0.07835578,0.08579805,0.042438145549611596,0.8252824432238256,1927
RUNX1,PRKCB,Activation,DoRothEA_AB,1.0,A,0.0726084588854593,0.0882192775458342,0.07835578,0.09729422,0.05662799335536132,0.9476114880192746,1928
RUNX1,PRKCH,Activation,DoRothEA_AB,0.5,B,0.0726084588854593,0.1908392327706093,0.07835578,0.22430551,0.21339941155045947,2.3307452211729487,1929
RUNX1,PRKCQ,Activation,DoRothEA_AB,1.0,A,0.0726084588854593,0.1297271132086905,0.07835578,0.14364375,0.11383772290598823,1.507062986217114,1930
RUNX1,PSMA1,Activation,DoRothEA_AB,0.5,B,0.0726084588854593,0.3784110848914091,0.07835578,0.5927185,0.6681355765307263,4.858878813612444,1931
RUNX1,PTP4A2,Activation,DoRothEA_AB,0.5,B,0.0726084588854593,0.5892176438555901,0.07835578,1.0152671,1.1896919143834734,7.700174760728725,1932
RUNX1,PTPRE,Activation,DoRothEA_AB,0.5,B,0.0726084588854593,0.0845283475524898,0.07835578,0.096628666,0.05580649280635169,0.8978643431357928,1933
RUNX1,RABGAP1L,Activation,DoRothEA_AB,0.5,B,0.0726084588854593,0.0698856416772544,0.07835578,0.076177545,0.03056345147632856,0.7005068175324684,1934
RUNX1,RARA,Activation,DoRothEA_AB,0.5,B,0.0726084588854593,0.0614751618563548,0.07835578,0.065165415,0.016971059512993762,0.587148569355353,1935
RUNX1,RASSF5,Activation,DoRothEA_AB,0.5,B,0.0726084588854593,0.2488654928298966,0.07835578,0.30610752,0.3143685231854141,3.1128355808983406,1936
RUNX1,RELA,Unknown,TRRUST,,,0.0726084588854593,0.1190173655230855,0.07835578,0.13057321,0.09770461306688845,1.3627147133584987,1937
RUNX1,RERE,Activation,DoRothEA_AB,0.5,B,0.0726084588854593,0.0556059780964471,0.07835578,0.057844155,0.007934348578280442,0.5080424537209721,1938
RUNX1,RNASEH2B,Activation,DoRothEA_AB,0.5,B,0.0726084588854593,0.172021540509464,0.07835578,0.19507883,0.17732460219505247,2.0771163349637756,1939
RUNX1,SEMA4D,Activation,DoRothEA_AB,0.5,B,0.0726084588854593,0.1352332546741703,0.07835578,0.15175253,0.12384647835152422,1.5812759400596694,1940
RUNX1,SEPTIN9,Activation,DoRothEA_AB,0.5,B,0.0726084588854593,0.2915834694741876,0.07835578,0.3915392,0.4198177760226209,3.6885976184023797,1941
RUNX1,SERINC5,Activation,DoRothEA_AB,0.5,B,0.0726084588854593,0.1292430568161208,0.07835578,0.14666936,0.1175722662730013,1.5005387704946913,1942
RUNX1,SH3BP5,Activation,DoRothEA_AB,0.5,B,0.0726084588854593,0.0500393295818954,0.07835578,0.053245693,0.002258416861845879,0.4330139729131047,1943
RUNX1,SH3KBP1,Activation,DoRothEA_AB,0.5,B,0.0726084588854593,0.2110485871603923,0.07835578,0.25105074,0.24641134015187816,2.603131227584085,1944
RUNX1,SLA,Activation,DoRothEA_AB,0.5,B,0.0726084588854593,0.1444303261329937,0.07835578,0.17365742,0.15088392258744707,1.7052360387856955,1945
RUNX1,SLC38A1,Activation,DoRothEA_AB,0.5,B,0.0726084588854593,0.2667755793549815,0.07835578,0.3271632,0.34035777827180963,3.354231562628075,1946
RUNX1,SMAD3,Activation,DoRothEA_AB,1.0,A,0.0726084588854593,0.0641979790645596,0.07835578,0.069158815,0.021900156614679006,0.6238472827939859,1947
RUNX1,SMARCA2,Activation,DoRothEA_AB,0.5,B,0.0726084588854593,0.0628668239849928,0.07835578,0.06625451,0.018315341329981766,0.6059056895573208,1948
RUNX1,SMG6,Activation,DoRothEA_AB,0.5,B,0.0726084588854593,0.0528226538391713,0.07835578,0.054637324,0.0039761221577629844,0.47052821331703903,1949
RUNX1,SND1,Activation,DoRothEA_AB,0.5,B,0.0726084588854593,0.0943909965510987,0.07835578,0.10334481,0.06409630247352772,1.03079523848018,1950
RUNX1,SRSF5,Activation,DoRothEA_AB,0.5,B,0.0726084588854593,0.6251588310039033,0.07835578,1.1125965,1.3098266525636617,8.184597778118814,1951
RUNX1,STIM2,Activation,DoRothEA_AB,0.5,B,0.0726084588854593,0.0638349367701323,0.07835578,0.067404136,0.019734337219354733,0.6189541210021684,1952
RUNX1,SYMPK,Repression,TRRUST,,,0.0726084588854593,0.0849518968959883,0.07835578,0.09033597,0.04803934961624142,0.9035730318929132,1953
RUNX1,TBC1D1,Activation,DoRothEA_AB,0.5,B,0.0726084588854593,0.0819265444424273,0.07835578,0.08664512,0.043483693273837706,0.8627966836277638,1954
RUNX1,TIAM1,Activation,DoRothEA_AB,0.5,B,0.0726084588854593,0.0663762328311236,0.07835578,0.07236566,0.025858400315548903,0.6532062535448945,1955
RUNX1,TIMP1,Activation,DoRothEA_AB,0.5,B,0.0726084588854593,0.1207115628970797,0.07835578,0.16573028,0.14109936737167775,1.3855494683869827,1956
RUNX1,TLE3,Activation,DoRothEA_AB,0.5,B,0.0726084588854593,0.0718823742966047,0.07835578,0.077327155,0.03198242761672731,0.7274192073874673,1957
RUNX1,TLE4,Activation,DoRothEA_AB,0.5,B,0.0726084588854593,0.0975978701518734,0.07835578,0.10727771,0.06895072376646555,1.0740181676412388,1958
RUNX1,TLK1,Activation,DoRothEA_AB,0.5,B,0.0726084588854593,0.1286379863254088,0.07835578,0.14412794,0.11443536389503645,1.492383500841664,1959
RUNX3,CASP2,Activation,TRRUST,,,0.2065105584800518,0.072789980032673,0.26786903,0.07648007,0.030936861377837882,0.739652111867012,1960
RUNX3,CASP3,Activation,TRRUST,,,0.2065105584800518,0.0510679494161061,0.26786903,0.054516327,0.0038267742432008074,0.4468779313232549,1961
RUNX3,CASP8,Activation,DoRothEA_AB,1.0,A,0.2065105584800518,0.1558056513583806,0.26786903,0.17607825,0.1538719794153813,1.8585551082626235,1962
RUNX3,CD6,Unknown,TRRUST,,,0.2065105584800518,0.2909783989834753,0.26786903,0.38924196,0.41698226767738245,3.680442348749348,1963
RUNX3,CFLAR,Repression,DoRothEA_AB,-1.0,A,0.2065105584800518,0.2315604767955314,0.26786903,0.3248015,0.33744270624670575,2.879594868821737,1964
RUNX3,CYTIP,Activation,DoRothEA_AB,0.5,B,0.2065105584800518,0.5607793307921098,0.26786903,1.1463187,1.351450331204031,7.31687708703623,1965
RUNX3,DNASE1,Activation,TRRUST,,,0.2065105584800518,0.0585103164518653,0.26786903,0.061232504,0.012116624642636157,0.5471877480555105,1966
RUNX3,DOCK2,Activation,DoRothEA_AB,0.5,B,0.2065105584800518,0.056150541538088,0.26786903,0.059114795,0.009502713365500688,0.5153821964086979,1967
RUNX3,FADD,Activation,TRRUST,,,0.2065105584800518,0.0882797845949054,0.26786903,0.09408736,0.052669731139828084,0.9484270149845775,1968
RUNX3,FYN,Activation,DoRothEA_AB,0.5,B,0.2065105584800518,0.2835965389967846,0.26786903,0.38210237,0.40816979400176245,3.580948058982359,1969
RUNX3,HSPD1,Repression,TRRUST,,,0.2065105584800518,0.3015671325709413,0.26786903,0.5141904,0.5712074876563712,3.823159567677404,1970
RUNX3,ICAM3,Repression,DoRothEA_AB,-1.0,A,0.2065105584800518,0.2415441398922805,0.26786903,0.29412773,0.29958173794782256,3.0141568180967,1971
RUNX3,ING4,Activation,TRRUST,,,0.2065105584800518,0.0819265444424273,0.26786903,0.0866451,0.043483668587619935,0.8627966836277638,1972
RUNX3,MYC,Repression,TRRUST,,,0.2065105584800518,0.285230229321708,0.26786903,0.60675657,0.6854629191836673,3.6029672870455456,1973
RUNX3,RUNX1,Repression,DoRothEA_AB,-1.0,A,0.2065105584800518,0.0726084588854593,0.26786903,0.07835578,0.03325207065429455,0.7372055309711026,1974
RUNX3,TCF7,Activation,DoRothEA_AB,0.5,B,0.2065105584800518,0.3302474738307064,0.26786903,0.46892762,0.515339145463699,4.209719349231111,1975
RUNX3,TIAL1,Repression,TRRUST,,,0.2065105584800518,0.183154837538566,0.26786903,0.21026666,0.19607110613502549,2.2271732965794917,1976
RUNX3,TIMP1,Activation,TRRUST,,,0.2065105584800518,0.1207115628970797,0.26786903,0.16573028,0.14109936737167775,1.3855494683869827,1977
RUNX3,TXN2,Repression,TRRUST,,,0.2065105584800518,0.1912627821141077,0.26786903,0.22412391,0.21317526069312837,2.3364539099300674,1978
RUVBL1,TP53,Repression,TRRUST,,,0.0771464875658008,0.1242209717432105,0.08737124,0.14055775,0.11002863950442551,1.4328500323745565,1979
SATB1,BCL2,Activation,TRRUST,,,0.2590911841229347,0.1349307194288143,0.36818552,0.15768246,0.13116585551789783,1.577198305233156,1980
SATB1,CD8B,Activation,DoRothEA_AB,1.0,A,0.2590911841229347,0.0787801778907238,0.36818552,0.15538223,0.12832665658310308,0.8203892814320078,1981
SATB1,CDK4,Activation,TRRUST,,,0.2590911841229347,0.193985599322312,0.36818552,0.2672014,0.26634627564451696,2.3731526233686937,1982
SATB1,GATA3,Activation,TRRUST,,,0.2590911841229347,0.1487263266170494,0.36818552,0.18696932,0.16731494570256797,1.7631384533221952,1983
SATB1,HDAC1,Unknown,TRRUST,,,0.2590911841229347,0.1769831185333029,0.36818552,0.20010112,0.18352366942669035,2.1439895461186054,1984
SERTAD1,SET,Activation,TRRUST,,,0.0615961759544972,0.6155987172506483,0.064862885,1.4391329,1.712874086538404,8.055744517600912,1985
SF1,SF3B1,Unknown,TRRUST,,,0.4240939069401911,0.1872693168754081,0.5887824,0.21577373,0.20286854259913573,2.282629130220083,1986
SF1,TCERG1,Repression,TRRUST,,,0.4240939069401911,0.0991710534277252,0.5887824,0.11054508,0.07298367413385509,1.0952218687391175,1987
SF1,U2AF2,Unknown,TRRUST,,,0.4240939069401911,0.1053427724329897,0.5887824,0.11641415,0.08022793113956146,1.1784056192000227,1988
SFPQ,NEAT1,Unknown,TRRUST,,,0.3307315302232763,0.6099110546379523,0.49168247,1.4921639,1.7783308272604632,7.979084982862412,1989
SFPQ,STAT6,Repression,TRRUST,,,0.3307315302232763,0.1250680704302076,0.49168247,0.13862143,0.10763861864502368,1.4442674098887984,1990
SLA2,CD69,Unknown,TRRUST,,,0.0508864282688924,0.3293398680946379,0.053669218,0.8637791,1.0027086265234806,4.197486444751563,1991
SMAD2,AHR,Unknown,TRRUST,,,0.139529255158226,0.0503418648272515,0.15701711,0.054092813,0.0033040263016164027,0.4370916077396197,1992
SMAD2,BCL2,Unknown,TRRUST,,,0.139529255158226,0.1349307194288143,0.15701711,0.15768246,0.13116585551789783,1.577198305233156,1993
SMAD3,AHR,Activation,DoRothEA_AB,1.0,A,0.0641979790645596,0.0503418648272515,0.069158815,0.054092813,0.0033040263016164027,0.4370916077396197,1994
SMAD3,CCND2,Activation,DoRothEA_AB,1.0,A,0.0641979790645596,0.202759121437637,0.069158815,0.30689156,0.31533627229434513,2.4914040333376013,1995
SMAD3,JUN,Activation,DoRothEA_AB,1.0,A,0.0641979790645596,0.0778120651055843,0.069158815,0.09759687,0.05700155754573169,0.8073408499871605,1996
SMAD3,LTBP4,Unknown,TRRUST,,,0.0641979790645596,0.0626853028377791,0.069158815,0.06667807,0.01883814604986703,0.6034591086614113,1997
SMAD3,MYC,Repression,DoRothEA_AB,-1.0,A,0.0641979790645596,0.285230229321708,0.069158815,0.60675657,0.6854629191836673,3.6029672870455456,1998
SMAD3,TGFB1,Activation,DoRothEA_AB,1.0,A,0.0641979790645596,0.239910449567358,0.069158815,0.3166334,0.32736073147927064,2.992137590033525,1999
SMAD3,TIMP1,Activation,DoRothEA_AB,1.0,A,0.0641979790645596,0.1207115628970797,0.069158815,0.16573028,0.14109936737167775,1.3855494683869827,2000
SMAD3,ZFP36,Activation,DoRothEA_AB,1.0,A,0.0641979790645596,0.3185696133599582,0.069158815,0.43389544,0.47209854424576037,4.052322644927598,2001
SMARCA4,CD44,Repression,TRRUST,,,0.1032855327645682,0.5736068251952116,0.113570355,1.0101249,1.183344840933209,7.489768803680504,2002
SMARCB1,CD44,Repression,TRRUST,,,0.1443093120348513,0.5736068251952116,0.16270535,1.0101249,1.183344840933209,7.489768803680504,2003
SP100,ETS1,Repression,DoRothEA_AB,-1.0,A,0.1971319658740148,0.2819023416227901,0.22938839,0.35590377,0.3758325767612628,3.5581133039538706,2004
SP3,ADGRE5,Activation,DoRothEA_AB,1.0,A,0.0787801778907238,0.1784957947600831,0.083256744,0.21583346,0.2029422679884991,2.1643777202511756,2005
SP3,BSG,Activation,TRRUST,,,0.0787801778907238,0.2595752405155045,0.083256744,0.32141384,0.3332612806225521,3.2571838537569957,2006
SP3,CDKN2D,Activation,DoRothEA_AB,1.0,A,0.0787801778907238,0.11230108307618,0.083256744,0.13493022,0.10308251795070014,1.2721912202098662,2007
SP3,CTSB,Activation,DoRothEA_AB,1.0,A,0.0787801778907238,0.1236159012524983,0.083256744,0.13759273,0.10636888303413983,1.4246947627215265,2008
SP3,DNASE2,Activation,DoRothEA_AB,1.0,A,0.0787801778907238,0.064561021358987,0.083256744,0.06734363,0.01965965400474198,0.628740444585805,2009
SP3,DNMT3A,Unknown,TRRUST,,,0.0787801778907238,0.0971138137593037,0.083256744,0.10727774,0.06895076079579221,1.0674939519188156,2010
SP3,EAPP,Repression,DoRothEA_AB,-1.0,A,0.0787801778907238,0.2166152356749434,0.083256744,0.2536528,0.24962309114211484,2.6781597083919446,2011
SP3,ETF1,Repression,DoRothEA_AB,-1.0,A,0.0787801778907238,0.1224662673201451,0.083256744,0.15544373,0.1284025667027389,1.4091997503807694,2012
SP3,MAT2A,Unknown,TRRUST,,,0.0787801778907238,0.1522962425122506,0.083256744,0.1819474,0.16111633516595877,1.8112545442750607,2013
SP3,MYC,Activation,DoRothEA_AB,1.0,A,0.0787801778907238,0.285230229321708,0.083256744,0.60675657,0.6854629191836673,3.6029672870455456,2014
SP3,NFKB1,Activation,TRRUST,,,0.0787801778907238,0.1009257578507906,0.083256744,0.11804789,0.08224447421035508,1.1188721507329042,2015
SP3,RASSF1,Activation,TRRUST,,,0.0787801778907238,0.0777515580565131,0.083256744,0.0836803,0.0398241836657297,0.8065253230218576,2016
SP3,RELA,Activation,TRRUST,,,0.0787801778907238,0.1190173655230855,0.083256744,0.13057321,0.09770461306688845,1.3627147133584987,2017
SP3,RORA,Activation,DoRothEA_AB,1.0,A,0.0787801778907238,0.1950747262055938,0.083256744,0.24590701,0.24006237820595452,2.3878321087441456,2018
SP3,SOCS3,Unknown,TRRUST,,,0.0787801778907238,0.3508198705149262,0.083256744,0.55423695,0.6206373803637116,4.486998517434193,2019
SP3,TIMP1,Activation,DoRothEA_AB,1.0,A,0.0787801778907238,0.1207115628970797,0.083256744,0.16573028,0.14109936737167775,1.3855494683869827,2020
SP3,TYMP,Unknown,TRRUST,,,0.0787801778907238,0.2483814364373269,0.083256744,0.399587,0.4297512631901831,3.1063113651759178,2021
SP3,UBC,Activation,DoRothEA_AB,1.0,A,0.0787801778907238,0.6040418708780425,0.083256744,1.2222003,1.4451118163122694,7.899978867228004,2022
SP3,YY1,Activation,TRRUST,,,0.0787801778907238,0.2130453197797422,0.083256744,0.2520799,0.2476816435457707,2.630043617439079,2023
SREBF2,ACLY,Activation,DoRothEA_AB,1.0,A,0.0832576995219941,0.0608095843165715,0.09203018,0.064076304,0.015626757947031538,0.5781777727370216,2024
SREBF2,DNM2,Activation,DoRothEA_AB,0.5,B,0.0832576995219941,0.1014703212924315,0.09203018,0.109395415,0.07156463010635747,1.12621189342063,2025
SREBF2,EBP,Activation,DoRothEA_AB,1.0,A,0.0832576995219941,0.1075210261995536,0.09203018,0.1159906,0.0797051387627851,1.20776458995093,2026
SREBF2,FAS,Unknown,TRRUST,,,0.0832576995219941,0.1361408604102384,0.09203018,0.1684531,0.14446017374479603,1.5935088445392116,2027
SREBF2,FDFT1,Activation,DoRothEA_AB,1.0,A,0.0832576995219941,0.1596781024989378,0.09203018,0.18400507,0.16365613965166637,1.910748834042003,2028
SREBF2,FDPS,Activation,DoRothEA_AB,0.5,B,0.0832576995219941,0.184909541961631,0.09203018,0.21777,0.20533256039629633,2.2508235785732733,2029
SREBF2,INSIG1,Activation,DoRothEA_AB,1.0,A,0.0832576995219941,0.0861015308283415,0.09203018,0.10612825,0.06753193277270006,0.9190680442336703,2030
SREBF2,PCYT2,Activation,DoRothEA_AB,1.0,A,0.0832576995219941,0.057844738912082,0.09203018,0.05996187,0.010548267261281238,0.5382169514371793,2031
SREBF2,SQLE,Activation,DoRothEA_AB,1.0,A,0.0832576995219941,0.0589338657953638,0.09203018,0.06546794,0.017344469414503082,0.5528964368126308,2032
SREBF2,TKT,Activation,DoRothEA_AB,0.5,B,0.0832576995219941,0.2155866158407328,0.09203018,0.26157746,0.2594045852668809,2.664295749981796,2033
SRSF1,MYC,Unknown,TRRUST,,,0.1887214860531171,0.285230229321708,0.22811669,0.60675657,0.6854629191836673,3.6029672870455456,2034
SRSF1,NFKB1,Repression,TRRUST,,,0.1887214860531171,0.1009257578507906,0.22811669,0.11804789,0.08224447421035508,1.1188721507329042,2035
SSB,XIAP,Unknown,TRRUST,,,0.3176015005748184,0.0588128516972214,0.4430958,0.06153503,0.012490035778456365,0.5512653828820253,2036
STAT1,AAK1,Activation,DoRothEA_AB,0.5,B,0.3569915895201921,0.3096145700974155,0.62375486,0.39262772,0.4211613481108481,3.9316246540627273,2037
STAT1,ACAT1,Unknown,TRRUST,,,0.3569915895201921,0.1844859926181326,0.62375486,0.2111145,0.19711760427863567,2.245114889816154,2038
STAT1,ACSL5,Activation,DoRothEA_AB,0.5,B,0.3569915895201921,0.0509469353179636,0.62375486,0.053608734,0.0027065223210768407,0.4452468773926481,2039
STAT1,ADAR,Activation,DoRothEA_AB,1.0,A,0.3569915895201921,0.2808132147395079,0.62375486,0.34525424,0.3626877459260571,3.5434338185784133,2041
STAT1,AHNAK,Activation,DoRothEA_AB,0.5,B,0.3569915895201921,0.0890058691837601,0.62375486,0.100561574,0.06066092397377663,0.9582133385682141,2042
STAT1,AK2,Activation,DoRothEA_AB,0.5,B,0.3569915895201921,0.133962606643675,0.62375486,0.1650653,0.14027857531711804,1.564149873788311,2043
STAT1,AKAP13,Activation,DoRothEA_AB,0.5,B,0.3569915895201921,0.1996127548859343,0.62375486,0.23695222,0.22900938340573412,2.448996631141856,2044
STAT1,ANKRD44,Activation,DoRothEA_AB,0.5,B,0.3569915895201921,0.1713559629696807,0.62375486,0.19538133,0.17769798123878958,2.0681455383454446,2045
STAT1,ANXA1,Activation,DoRothEA_AB,0.5,B,0.3569915895201921,0.4988201125431658,0.62375486,1.1585969,1.3666054471538263,6.4817774745657735,2046
STAT1,AP3D1,Activation,DoRothEA_AB,0.5,B,0.3569915895201921,0.1078235614449097,0.62375486,0.118229344,0.08246844485829648,1.211842224777445,2047
STAT1,APOL6,Activation,DoRothEA_AB,0.5,B,0.3569915895201921,0.1783142736128695,0.62375486,0.21244512,0.19876000303294136,2.161931139355268,2048
STAT1,ARHGAP15,Activation,DoRothEA_AB,0.5,B,0.3569915895201921,0.2530404792158112,0.62375486,0.31421524,0.32437597026140835,3.169106941504252,2049
STAT1,ARHGAP25,Activation,DoRothEA_AB,0.5,B,0.3569915895201921,0.130755733042901,0.62375486,0.14588267,0.116601246240216,1.5209269446272617,2050
STAT1,ARHGEF2,Activation,DoRothEA_AB,0.5,B,0.3569915895201921,0.0914866581956801,0.62375486,0.09693115,0.056179852101114584,0.9916499441456361,2051
STAT1,ARHGEF3,Activation,DoRothEA_AB,0.5,B,0.3569915895201921,0.0828946572275668,0.62375486,0.0894889,0.04699380189201531,0.8758451150726114,2052
STAT1,ARID1A,Activation,DoRothEA_AB,0.5,B,0.3569915895201921,0.0880377563986206,0.62375486,0.093784824,0.052296307660899,0.9451649071233666,2053
STAT1,ARID5B,Activation,DoRothEA_AB,0.5,B,0.3569915895201921,0.3461608277364411,0.62375486,0.570456,0.6406567303780073,4.424202941105848,2054
STAT1,ATXN1,Activation,DoRothEA_AB,0.5,B,0.3569915895201921,0.0911236159012528,0.62375486,0.10219521,0.06267733867623786,0.9867567823538186,2055
STAT1,B3GAT3,Activation,DoRothEA_AB,1.0,A,0.3569915895201921,0.1285774792763376,0.62375486,0.14049728,0.10995400072500473,1.4915679738763612,2056
STAT1,BAX,Activation,DoRothEA_AB,1.0,A,0.3569915895201921,0.3966842137109219,0.62375486,0.62054837,0.7024862880941252,5.105167957134004,2057
STAT1,BCL2,Activation,DoRothEA_AB,1.0,A,0.3569915895201921,0.1349307194288143,0.62375486,0.15768246,0.13116585551789783,1.577198305233156,2058
STAT1,BCL3,Activation,DoRothEA_AB,0.5,B,0.3569915895201921,0.0808374175591453,0.62375486,0.09009399,0.047740671067469494,0.8481171982523096,2059
STAT1,BHLHE40,Activation,DoRothEA_AB,0.5,B,0.3569915895201921,0.0874931929569796,0.62375486,0.10933506,0.07149013327268885,0.9378251644356395,2060
STAT1,BIN1,Activation,DoRothEA_AB,0.5,B,0.3569915895201921,0.202759121437637,0.62375486,0.24258013,0.23595597399759707,2.4914040333376013,2061
STAT1,BLVRA,Activation,DoRothEA_AB,0.5,B,0.3569915895201921,0.0611726266109987,0.62375486,0.065407455,0.01726981212041899,0.583070934528838,2062
STAT1,BST2,Activation,DoRothEA_AB,1.0,A,0.3569915895201921,0.2336177164639525,0.62375486,0.29830176,0.3047337886252773,2.9073227856420334,2063
STAT1,CASP4,Activation,DoRothEA_AB,1.0,A,0.3569915895201921,0.1721425546076064,0.62375486,0.2037922,0.18807960966059842,2.0787473888943815,2064
STAT1,CASP8,Activation,DoRothEA_AB,0.5,B,0.3569915895201921,0.1558056513583806,0.62375486,0.17607825,0.1538719794153813,1.8585551082626235,2065
STAT1,CAST,Activation,DoRothEA_AB,0.5,B,0.3569915895201921,0.2532220003630249,0.62375486,0.30973783,0.3188494543466348,3.1715535224001616,2066
STAT1,CCDC12,Activation,DoRothEA_AB,0.5,B,0.3569915895201921,0.2721607067223213,0.62375486,0.33030897,0.3442406364351713,3.426813462540058,2067
STAT1,CCDC88C,Activation,DoRothEA_AB,0.5,B,0.3569915895201921,0.155624130211167,0.62375486,0.17093487,0.1475234494782686,1.8561085273667155,2068
STAT1,CCND2,Activation,DoRothEA_AB,1.0,A,0.3569915895201921,0.202759121437637,0.62375486,0.30689156,0.31533627229434513,2.4914040333376013,2069
STAT1,CCND3,Activation,DoRothEA_AB,1.0,A,0.3569915895201921,0.3118533309130512,0.62375486,0.4842406,0.5342401234113536,3.961799151778945,2070
STAT1,CD40LG,Activation,TRRUST,,,0.3569915895201921,0.1263992255097741,0.62375486,0.20118779,0.18486495803977404,1.4622090031254593,2071
STAT1,CD44,Activation,DoRothEA_AB,0.5,B,0.3569915895201921,0.5736068251952116,0.62375486,1.0101249,1.183344840933209,7.489768803680504,2072
STAT1,CD82,Activation,DoRothEA_AB,0.5,B,0.3569915895201921,0.0923942639317484,0.62375486,0.11441758,0.07776354304913433,1.003882848625181,2073
STAT1,CDC42EP3,Activation,DoRothEA_AB,0.5,B,0.3569915895201921,0.1060083499727731,0.62375486,0.12113367,0.0860532860635224,1.1873764158183553,2074
STAT1,CDC42SE2,Activation,DoRothEA_AB,0.5,B,0.3569915895201921,0.4804864766745817,0.62375486,0.7109932,0.81412332656145,6.23467280407891,2075
STAT1,CDK6,Activation,DoRothEA_AB,0.5,B,0.3569915895201921,0.0611121195619275,0.62375486,0.072728746,0.026306561318769836,0.5822554075635353,2076
STAT1,CELF1,Activation,DoRothEA_AB,0.5,B,0.3569915895201921,0.1846675137653462,0.62375486,0.21153826,0.1976406558606986,2.2475614707120624,2077
STAT1,CEMIP2,Activation,DoRothEA_AB,0.5,B,0.3569915895201921,0.0690385429902573,0.62375486,0.07490694,0.02899512988998941,0.6890894400182263,2078
STAT1,CFLAR,Activation,DoRothEA_AB,0.5,B,0.3569915895201921,0.2315604767955314,0.62375486,0.3248015,0.33744270624670575,2.879594868821737,2079
STAT1,CHD9,Activation,DoRothEA_AB,0.5,B,0.3569915895201921,0.062080232347067,0.62375486,0.06552845,0.01741915756635939,0.5953038390083829,2080
STAT1,CISH,Activation,DoRothEA_AB,1.0,A,0.3569915895201921,0.2477763659466148,0.62375486,0.3615295,0.38277647655538904,3.0981560955228895,2081
STAT1,CMTM7,Activation,DoRothEA_AB,0.5,B,0.3569915895201921,0.1525987777576066,0.62375486,0.174868,0.15237815466271076,1.8153321791015744,2082
STAT1,CREM,Activation,DoRothEA_AB,1.0,A,0.3569915895201921,0.2303503358141073,0.62375486,0.362256,0.3836732034158023,2.8632843295156816,2083
STAT1,CRYBG1,Activation,DoRothEA_AB,0.5,B,0.3569915895201921,0.0592364010407199,0.62375486,0.06316871,0.014506504790596694,0.5569740716391457,2084
STAT1,CTSB,Activation,DoRothEA_AB,1.0,A,0.3569915895201921,0.1236159012524983,0.62375486,0.13759273,0.10636888303413983,1.4246947627215265,2085
STAT1,CYTH1,Activation,DoRothEA_AB,0.5,B,0.3569915895201921,0.2201246445210734,0.62375486,0.26454234,0.2630641689336422,2.7254602723795074,2086
STAT1,CYTH4,Activation,DoRothEA_AB,0.5,B,0.3569915895201921,0.1018938706359301,0.62375486,0.111029096,0.07358110035280867,1.1319205821777518,2087
STAT1,DCLRE1C,Activation,DoRothEA_AB,1.0,A,0.3569915895201921,0.0698856416772544,0.62375486,0.07321272,0.026903935696666118,0.7005068175324684,2088
STAT1,DDX50,Activation,DoRothEA_AB,1.0,A,0.3569915895201921,0.1225872814182875,0.62375486,0.13341735,0.10121516603698588,1.4108308043113749,2089
STAT1,DIAPH1,Activation,DoRothEA_AB,0.5,B,0.3569915895201921,0.1061293640709155,0.62375486,0.11526452,0.07880893031294493,1.1890074697489608,2090
STAT1,DIMT1,Activation,DoRothEA_AB,1.0,A,0.3569915895201921,0.1181702668360884,0.62375486,0.13577738,0.10412817676290623,1.3512973358442566,2091
STAT1,DNAJB12,Activation,DoRothEA_AB,0.5,B,0.3569915895201921,0.0624432746414942,0.62375486,0.06534692,0.017195093110790472,0.6001970008001991,2092
STAT1,DNM2,Activation,DoRothEA_AB,0.5,B,0.3569915895201921,0.1014703212924315,0.62375486,0.109395415,0.07156463010635747,1.12621189342063,2093
STAT1,DNMT1,Activation,DoRothEA_AB,0.5,B,0.3569915895201921,0.1480002420281949,0.62375486,0.16905911,0.14520817848626755,1.7533521297385612,2094
STAT1,DOCK10,Activation,DoRothEA_AB,0.5,B,0.3569915895201921,0.0705512192170378,0.62375486,0.07581451,0.030115353422962933,0.7094776141508009,2095
STAT1,DOCK8,Activation,DoRothEA_AB,0.5,B,0.3569915895201921,0.1445513402311361,0.62375486,0.16034546,0.13445282541367282,1.7068670927163012,2096
STAT1,DTNBP1,Activation,DoRothEA_AB,0.5,B,0.3569915895201921,0.1097597870151888,0.62375486,0.11937894,0.0838874037183428,1.2379390876671414,2097
STAT1,DUSP22,Activation,DoRothEA_AB,0.5,B,0.3569915895201921,0.0608095843165715,0.62375486,0.0649839,0.01674701357208816,0.5781777727370216,2098
STAT1,EHD1,Activation,DoRothEA_AB,0.5,B,0.3569915895201921,0.0929388273733894,0.62375486,0.09959343,0.05946593329304993,1.0112225913129083,2099
STAT1,EIF2AK1,Activation,DoRothEA_AB,1.0,A,0.3569915895201921,0.0983239547407281,0.62375486,0.10679367,0.06835326792405064,1.0838044912248754,2100
STAT1,EIF2AK2,Activation,DoRothEA_AB,1.0,A,0.3569915895201921,0.0660736975857675,0.62375486,0.07073199,0.02384194364651746,0.6491286187183797,2101
STAT1,EIF4E,Activation,DoRothEA_AB,0.5,B,0.3569915895201921,0.2315604767955314,0.62375486,0.2943077,0.29980387687840565,2.879594868821737,2102
STAT1,ELF1,Activation,DoRothEA_AB,0.5,B,0.3569915895201921,0.217099292067513,0.62375486,0.25794813,0.2549248637303308,2.6846839241143665,2103
STAT1,ELMO1,Activation,DoRothEA_AB,0.5,B,0.3569915895201921,0.1193804078175128,0.62375486,0.13154145,0.09889972224146043,1.3676078751503162,2104
STAT1,EMC2,Activation,DoRothEA_AB,0.5,B,0.3569915895201921,0.0614751618563548,0.62375486,0.06389477,0.01540268855421907,0.587148569355353,2105
STAT1,ERCC1,Activation,DoRothEA_AB,0.5,B,0.3569915895201921,0.1119380407817527,0.62375486,0.12688196,0.09314846300012937,1.2672980584180487,2106
STAT1,ETV6,Activation,DoRothEA_AB,0.5,B,0.3569915895201921,0.1393477340110124,0.62375486,0.17026885,0.146701373740385,1.6367317737002607,2107
STAT1,FAS,Activation,DoRothEA_AB,1.0,A,0.3569915895201921,0.1361408604102384,0.62375486,0.1684531,0.14446017374479603,1.5935088445392116,2108
STAT1,FCGRT,Repression,DoRothEA_AB,-1.0,A,0.3569915895201921,0.0554244569492334,0.62375486,0.058267698,0.0084571323148806,0.5055958728250626,2109
STAT1,FKBP5,Activation,DoRothEA_AB,0.5,B,0.3569915895201921,0.1136322381557469,0.62375486,0.12567167,0.09165458887502331,1.2901328134465326,2110
STAT1,FNBP1,Activation,DoRothEA_AB,0.5,B,0.3569915895201921,0.3293398680946379,0.62375486,0.45368207,0.4965213970992482,4.197486444751563,2111
STAT1,FOXK1,Activation,DoRothEA_AB,0.5,B,0.3569915895201921,0.0873721788588371,0.62375486,0.09209067,0.05020519493209435,0.9361941105050325,2112
STAT1,FOXN3,Activation,DoRothEA_AB,0.5,B,0.3569915895201921,0.171719005264108,0.62375486,0.19532104,0.17762356463532872,2.0730387001372623,2113
STAT1,FOXP1,Activation,DoRothEA_AB,0.5,B,0.3569915895201921,0.4412174018273505,0.62375486,0.64800966,0.7363820573502825,5.705395803597145,2114
STAT1,FRMD4B,Activation,DoRothEA_AB,0.5,B,0.3569915895201921,0.104616687844135,0.62375486,0.13438556,0.10241023818223119,1.1686192956163861,2115
STAT1,FYB1,Activation,DoRothEA_AB,0.5,B,0.3569915895201921,0.388697283233519,0.62375486,0.60929316,0.6885938598400413,4.997518397713985,2116
STAT1,FYN,Activation,DoRothEA_AB,0.5,B,0.3569915895201921,0.2835965389967846,0.62375486,0.38210237,0.40816979400176245,3.580948058982359,2117
STAT1,GATA3,Activation,DoRothEA_AB,1.0,A,0.3569915895201921,0.1487263266170494,0.62375486,0.18696932,0.16731494570256797,1.7631384533221952,2118
STAT1,GBP1,Activation,DoRothEA_AB,1.0,A,0.3569915895201921,0.2019120227506401,0.62375486,0.2796663,0.28173183743717395,2.479986655823362,2119
STAT1,GLIPR2,Activation,DoRothEA_AB,0.5,B,0.3569915895201921,0.0694620923337558,0.62375486,0.07502792,0.029144456821266478,0.6947981287753466,2120
STAT1,GLS,Activation,DoRothEA_AB,1.0,A,0.3569915895201921,0.11230108307618,0.62375486,0.12458251,0.09031022682782752,1.2721912202098662,2121
STAT1,GNAI2,Activation,DoRothEA_AB,0.5,B,0.3569915895201921,0.2109275730622499,0.62375486,0.2483288,0.24305161997234162,2.60150017365348,2122
STAT1,GRAMD1A,Activation,DoRothEA_AB,0.5,B,0.3569915895201921,0.1671809765837675,0.62375486,0.1944733,0.17657718992280738,2.0118741777395517,2123
STAT1,GRB2,Activation,DoRothEA_AB,0.5,B,0.3569915895201921,0.1824892599987828,0.62375486,0.21014583,0.19592196435038167,2.2182024999611616,2124
STAT1,GRK2,Activation,DoRothEA_AB,0.5,B,0.3569915895201921,0.0684334724995451,0.62375486,0.072426155,0.025933069952741892,0.6809341703651963,2125
STAT1,GSTK1,Activation,DoRothEA_AB,1.0,A,0.3569915895201921,0.424819991529046,0.62375486,0.63531053,0.7207073829182385,5.484387995999984,2126
STAT1,HCFC1,Repression,DoRothEA_AB,-1.0,A,0.3569915895201921,0.0508864282688924,0.62375486,0.053185172,0.0021837151325698077,0.44443135042734533,2127
STAT1,HDAC7,Activation,DoRothEA_AB,1.0,A,0.3569915895201921,0.0966297573667339,0.62375486,0.10588609,0.06723303204796824,1.0609697361963915,2128
STAT1,HIVEP2,Activation,DoRothEA_AB,0.5,B,0.3569915895201921,0.0614751618563548,0.62375486,0.06480237,0.01652294911651924,0.587148569355353,2129
STAT1,HK1,Activation,DoRothEA_AB,0.5,B,0.3569915895201921,0.106794941610699,0.62375486,0.11683768,0.08075069883012008,1.1979782663672947,2130
STAT1,HLA-E,Activation,DoRothEA_AB,1.0,A,0.3569915895201921,0.7481696617657231,0.62375486,1.8404909,2.2082746360796945,9.84256409858018,2131
STAT1,HM13,Activation,DoRothEA_AB,0.5,B,0.3569915895201921,0.1724450898529624,0.62375486,0.2023398,0.1862868965263049,2.0828250237208947,2132
STAT1,HNRNPR,Activation,DoRothEA_AB,0.5,B,0.3569915895201921,0.2242391238579154,0.62375486,0.27688324,0.27829667617613923,2.7809161060200975,2133
STAT1,HOOK2,Activation,DoRothEA_AB,0.5,B,0.3569915895201921,0.0740606280631686,0.62375486,0.078718804,0.03370015513024041,0.7567781781383746,2134
STAT1,HPCAL1,Activation,DoRothEA_AB,0.5,B,0.3569915895201921,0.1747443577176683,0.62375486,0.20052433,0.1840460421377647,2.113815048402402,2135
STAT1,HSP90AA1,Repression,DoRothEA_AB,-1.0,A,0.3569915895201921,0.5691293035639402,0.62375486,1.3283565,1.5761415698420735,7.429419808248069,2136
STAT1,HSPB1,Activation,DoRothEA_AB,1.0,A,0.3569915895201921,0.2281115749984726,0.62375486,0.30320242,0.31078272662356055,2.8331098317994767,2137
STAT1,IER5,Activation,DoRothEA_AB,0.5,B,0.3569915895201921,0.0821685726387122,0.62375486,0.090880565,0.04871154915450261,0.8660587914889762,2138
STAT1,IFI35,Activation,DoRothEA_AB,1.0,A,0.3569915895201921,0.1279119017365543,0.62375486,0.14606428,0.11682540944065599,1.4825971772580302,2139
STAT1,IFI6,Activation,DoRothEA_AB,1.0,A,0.3569915895201921,0.1479397349791237,0.62375486,0.18230976,0.16156360005947473,1.7525366027732583,2140
STAT1,IFITM1,Activation,DoRothEA_AB,1.0,A,0.3569915895201921,0.2142554607611663,0.62375486,0.26339293,0.2616454396554212,2.6463541567451347,2141
STAT1,IFITM3,Activation,DoRothEA_AB,1.0,A,0.3569915895201921,0.2451140557874817,0.62375486,0.3176042,0.32855900048971687,3.0622729090495655,2142
STAT1,IFNGR1,Activation,DoRothEA_AB,0.5,B,0.3569915895201921,0.0660131905366963,0.62375486,0.068735264,0.02137736300359175,0.6483130917530769,2143
STAT1,IFNGR2,Activation,DoRothEA_AB,0.5,B,0.3569915895201921,0.1271858171476998,0.62375486,0.14630635,0.11712419907740788,1.4728108536743962,2144
STAT1,IL12RB1,Activation,DoRothEA_AB,1.0,A,0.3569915895201921,0.0520360622012455,0.62375486,0.054032266,0.003229292480257233,0.45992636276810106,2145
STAT1,IL16,Activation,DoRothEA_AB,0.5,B,0.3569915895201921,0.2175833484600827,0.62375486,0.2773071,0.278819851189291,2.6912081398367897,2146
STAT1,IL21R,Activation,DoRothEA_AB,0.5,B,0.3569915895201921,0.0534882313789546,0.62375486,0.060930032,0.011743280159603922,0.4794990099353703,2147
STAT1,IL4R,Activation,DoRothEA_AB,0.5,B,0.3569915895201921,0.2117141647001756,0.62375486,0.2985456,0.3050347629923016,2.6121020242024167,2148
STAT1,IL6R,Activation,DoRothEA_AB,0.5,B,0.3569915895201921,0.0631088521812777,0.62375486,0.06764618,0.02003309476402351,0.609167797418533,2149
STAT1,IL6ST,Activation,DoRothEA_AB,1.0,A,0.3569915895201921,0.0986264899860842,0.62375486,0.10836684,0.07029504878433467,1.0878821260513902,2150
STAT1,IL7R,Activation,DoRothEA_AB,0.5,B,0.3569915895201921,0.3491256731409316,0.62375486,0.6738524,0.7682800327180406,4.464163762405704,2151
STAT1,INPP4A,Activation,DoRothEA_AB,0.5,B,0.3569915895201921,0.0672233315181207,0.62375486,0.07036893,0.02339381473537962,0.6646236310591366,2152
STAT1,INPP5D,Activation,DoRothEA_AB,0.5,B,0.3569915895201921,0.083499727718279,0.62375486,0.089488894,0.04699379448614998,0.8840003847256414,2153
STAT1,IPCEF1,Activation,DoRothEA_AB,0.5,B,0.3569915895201921,0.0653476129969128,0.62375486,0.06976388,0.02264699493236098,0.639342295134743,2154
STAT1,IQGAP2,Activation,DoRothEA_AB,0.5,B,0.3569915895201921,0.078840684939795,0.62375486,0.086705625,0.04355837525413955,0.8212048083973106,2155
STAT1,IRF1,Activation,DoRothEA_AB,1.0,A,0.3569915895201921,0.4906516609185491,0.62375486,0.9328636,1.0879803770922627,6.371681334249844,2156
STAT1,IRF2,Activation,DoRothEA_AB,1.0,A,0.3569915895201921,0.1452774248199906,0.62375486,0.1626445,0.1372905555185104,1.716653416299935,2157
STAT1,IRF7,Activation,DoRothEA_AB,1.0,A,0.3569915895201921,0.1204695347007948,0.62375486,0.13408288,0.10203663696253418,1.3822873605257704,2158
STAT1,IRF9,Activation,DoRothEA_AB,1.0,A,0.3569915895201921,0.1447328613783498,0.62375486,0.16403659,0.1390088273631253,1.7093136736122103,2159
STAT1,ISG15,Activation,DoRothEA_AB,1.0,A,0.3569915895201921,0.3081624009197058,0.62375486,0.43825355,0.4774778068715492,3.91205200689545,2160
STAT1,ISG20,Activation,DoRothEA_AB,1.0,A,0.3569915895201921,0.4372844436377203,0.62375486,0.7021058,0.8031535119719981,5.652386550852439,2161
STAT1,ITGB2,Activation,DoRothEA_AB,0.5,B,0.3569915895201921,0.1800689780359345,0.62375486,0.21897991,0.20682596548326485,2.185581421349049,2162
STAT1,JADE2,Activation,DoRothEA_AB,0.5,B,0.3569915895201921,0.0879772493495493,0.62375486,0.09299824,0.05132541846506787,0.9443493801580625,2163
STAT1,JMJD1C,Activation,DoRothEA_AB,0.5,B,0.3569915895201921,0.139529255158226,0.62375486,0.15556476,0.12855195534956038,1.6391783545961691,2164
STAT1,JUN,Activation,DoRothEA_AB,1.0,A,0.3569915895201921,0.0778120651055843,0.62375486,0.09759687,0.05700155754573169,0.8073408499871605,2165
STAT1,JUNB,Activation,DoRothEA_AB,1.0,A,0.3569915895201921,0.4286319356205337,0.62375486,0.76545453,0.8813455391764958,5.535766194814083,2166
STAT1,KDM6B,Activation,DoRothEA_AB,0.5,B,0.3569915895201921,0.0909420947540392,0.62375486,0.10340537,0.06417105234092844,0.9843102014579103,2167
STAT1,KIF2A,Activation,DoRothEA_AB,1.0,A,0.3569915895201921,0.1385006353240155,0.62375486,0.15780368,0.13131547868378812,1.6253143961860215,2168
STAT1,KLF6,Activation,DoRothEA_AB,0.5,B,0.3569915895201921,0.5057179161372864,0.62375486,0.89432156,1.0404075174596097,6.574747548610335,2169
STAT1,LAP3,Activation,DoRothEA_AB,1.0,A,0.3569915895201921,0.0685544865976875,0.62375486,0.07381781,0.027650804872120304,0.6825652242958017,2170
STAT1,LAPTM5,Activation,DoRothEA_AB,0.5,B,0.3569915895201921,0.4761299691414528,0.62375486,0.80162066,0.9259857872263211,6.17595486257708,2171
STAT1,LCP2,Activation,DoRothEA_AB,0.5,B,0.3569915895201921,0.1444303261329937,0.62375486,0.16627531,0.14177210383517538,1.7052360387856955,2172
STAT1,LGALS3,Activation,DoRothEA_AB,0.5,B,0.3569915895201921,0.1173836751981626,0.62375486,0.21274453,0.19912956805603335,1.3406954852953186,2173
STAT1,LIMS1,Activation,DoRothEA_AB,0.5,B,0.3569915895201921,0.1224662673201451,0.62375486,0.15163174,0.12369738593931592,1.4091997503807694,2174
STAT1,LIPA,Activation,DoRothEA_AB,0.5,B,0.3569915895201921,0.0546983723603789,0.62375486,0.056513004,0.006291294404892994,0.49580954924142867,2175
STAT1,LITAF,Activation,DoRothEA_AB,0.5,B,0.3569915895201921,0.258909662975721,0.62375486,0.3244395,0.3369958857051096,3.2482130571386616,2176
STAT1,LMNA,Activation,DoRothEA_AB,0.5,B,0.3569915895201921,0.0599624856295745,0.62375486,0.08283346,0.03877891983300793,0.5667603952227811,2177
STAT1,LPP,Activation,DoRothEA_AB,0.5,B,0.3569915895201921,0.0523385974466016,0.62375486,0.055786952,0.005395120515757729,0.46400399759461586,2178
STAT1,LRRFIP1,Activation,DoRothEA_AB,0.5,B,0.3569915895201921,0.4138682156471525,0.62375486,0.63119465,0.7156271074189435,5.336777615280107,2179
STAT1,LY96,Activation,DoRothEA_AB,1.0,A,0.3569915895201921,0.1208930840442934,0.62375486,0.1407391,0.11025248178403452,1.3879960492828922,2180
STAT1,MACF1,Activation,DoRothEA_AB,0.5,B,0.3569915895201921,0.1286379863254088,0.62375486,0.141526,0.11122376102210638,1.492383500841664,2181
STAT1,MAD1L1,Activation,DoRothEA_AB,0.5,B,0.3569915895201921,0.0770254734676584,0.62375486,0.082167655,0.03795710947196533,0.796738999438221,2182
STAT1,MAPKAPK3,Activation,DoRothEA_AB,0.5,B,0.3569915895201921,0.1149633932353137,0.62375486,0.13692717,0.10554737507926486,1.3080744066831977,2183
STAT1,MARK3,Activation,DoRothEA_AB,0.5,B,0.3569915895201921,0.1440067767894953,0.62375486,0.1594981,0.1334069197392891,1.6995273500285766,2184
STAT1,MAT2A,Activation,DoRothEA_AB,1.0,A,0.3569915895201921,0.1522962425122506,0.62375486,0.1819474,0.16111633516595877,1.8112545442750607,2185
STAT1,MBNL1,Activation,DoRothEA_AB,0.5,B,0.3569915895201921,0.2852907363707792,0.62375486,0.35844523,0.3789695285116632,3.603782814010848,2186
STAT1,MBP,Activation,DoRothEA_AB,0.5,B,0.3569915895201921,0.163248018394139,0.62375486,0.19247696,0.1741130857238846,1.9588649249948684,2187
STAT1,MCL1,Activation,DoRothEA_AB,1.0,A,0.3569915895201921,0.2454165910328378,0.62375486,0.30060118,0.30757198776825245,3.0663505438760805,2188
STAT1,MED15,Activation,DoRothEA_AB,0.5,B,0.3569915895201921,0.0726689659345305,0.62375486,0.07654057,0.03101153718658531,0.7380210579364053,2189
STAT1,MED16,Activation,DoRothEA_AB,1.0,A,0.3569915895201921,0.0515520058086758,0.62375486,0.053185176,0.0021837200698133588,0.4534021470456779,2190
STAT1,METTL9,Activation,DoRothEA_AB,0.5,B,0.3569915895201921,0.2509832395473892,0.62375486,0.29987594,0.3066768161395585,3.141379024683944,2191
STAT1,MGAT1,Activation,DoRothEA_AB,0.5,B,0.3569915895201921,0.160888243480362,0.62375486,0.1801931,0.1589509835744612,1.9270593733480597,2192
STAT1,MGRN1,Activation,DoRothEA_AB,0.5,B,0.3569915895201921,0.0825316149331395,0.62375486,0.08749219,0.0445292409980638,0.8709519532807938,2193
STAT1,MSN,Activation,DoRothEA_AB,0.5,B,0.3569915895201921,0.1908997398196805,0.62375486,0.22430527,0.21339911531584624,2.3315607481382514,2194
STAT1,MTMR9,Activation,DoRothEA_AB,1.0,A,0.3569915895201921,0.0576027107157971,0.62375486,0.05984086,0.010398903300677512,0.534954843575967,2195
STAT1,MVP,Activation,DoRothEA_AB,1.0,A,0.3569915895201921,0.1789798511526528,0.62375486,0.20476024,0.18927447197299274,2.170901935973599,2196
STAT1,MX1,Activation,DoRothEA_AB,1.0,A,0.3569915895201921,0.0781146003509404,0.62375486,0.08476943,0.04116850868359881,0.8114184848136753,2197
STAT1,MYC,Activation,DoRothEA_AB,1.0,A,0.3569915895201921,0.285230229321708,0.62375486,0.60675657,0.6854629191836673,3.6029672870455456,2198
STAT1,MYD88,Activation,DoRothEA_AB,1.0,A,0.3569915895201921,0.0545168512131652,0.62375486,0.056331497,0.00606725833847451,0.4933629683455191,2199
STAT1,MYH9,Activation,DoRothEA_AB,0.5,B,0.3569915895201921,0.1780117383675135,0.62375486,0.20554735,0.1902460104163511,2.157853504528754,2200
STAT1,MYO9B,Activation,DoRothEA_AB,0.5,B,0.3569915895201921,0.0688570218430436,0.62375486,0.073515266,0.0272773715187041,0.6866428591223167,2201
STAT1,NABP1,Activation,DoRothEA_AB,0.5,B,0.3569915895201921,0.1423730864645727,0.62375486,0.16494378,0.14012858185796126,1.6775081219654007,2202
STAT1,NCOA7,Activation,DoRothEA_AB,0.5,B,0.3569915895201921,0.1070974768560551,0.62375486,0.12052861,0.08530645391739484,1.2020559011938097,2203
STAT1,NFE2L2,Activation,DoRothEA_AB,0.5,B,0.3569915895201921,0.2015489804562129,0.62375486,0.23628646,0.2281876285886815,2.475093494031545,2204
STAT1,NFKB1,Activation,DoRothEA_AB,0.5,B,0.3569915895201921,0.1009257578507906,0.62375486,0.11804789,0.08224447421035508,1.1188721507329042,2205
STAT1,NFKBIZ,Activation,DoRothEA_AB,0.5,B,0.3569915895201921,0.089247897380045,0.62375486,0.0990489,0.058793813984996474,0.9614754464294263,2206
STAT1,NLRC5,Activation,DoRothEA_AB,0.5,B,0.3569915895201921,0.0957826586797368,0.62375486,0.10292127,0.06357352243986022,1.0495523586821494,2207
STAT1,NMI,Activation,DoRothEA_AB,1.0,A,0.3569915895201921,0.1390451987656563,0.62375486,0.15532264,0.12825310399726408,1.6326541388737459,2208
STAT1,NR3C1,Activation,DoRothEA_AB,0.5,B,0.3569915895201921,0.1855146124523431,0.62375486,0.2315664,0.22236160713684086,2.2589788482263016,2209
STAT1,PARP14,Activation,DoRothEA_AB,1.0,A,0.3569915895201921,0.106250378169058,0.62375486,0.117019214,0.08097476822293254,1.1906385236795676,2210
STAT1,PDE4B,Activation,DoRothEA_AB,0.5,B,0.3569915895201921,0.0639559508682748,0.62375486,0.070853025,0.023991338464893406,0.6205851749327751,2211
STAT1,PDE4D,Activation,DoRothEA_AB,0.5,B,0.3569915895201921,0.0531251890845273,0.62375486,0.05729962,0.007262223098672547,0.47460584814355256,2212
STAT1,PGS1,Activation,DoRothEA_AB,0.5,B,0.3569915895201921,0.0654686270950553,0.62375486,0.06813021,0.02063053826332954,0.6409733490653498,2213
STAT1,PHACTR2,Activation,DoRothEA_AB,0.5,B,0.3569915895201921,0.0677678949597617,0.62375486,0.07490694,0.02899512988998941,0.6719633737468638,2214
STAT1,PIM1,Activation,DoRothEA_AB,1.0,A,0.3569915895201921,0.3393235311913916,0.62375486,0.48768744,0.538494595553882,4.332048394026589,2215
STAT1,PIP4K2A,Activation,DoRothEA_AB,0.5,B,0.3569915895201921,0.1343256489381022,0.62375486,0.15042129,0.12220331432446772,1.5690430355801275,2216
STAT1,PLAC8,Activation,DoRothEA_AB,0.5,B,0.3569915895201921,0.2347068433472342,0.62375486,0.31954095,0.3309495521028007,2.922002271017484,2217
STAT1,PLEC,Activation,DoRothEA_AB,0.5,B,0.3569915895201921,0.0791432201851511,0.62375486,0.08579805,0.042438145549611596,0.8252824432238256,2218
STAT1,PLEKHO1,Activation,DoRothEA_AB,0.5,B,0.3569915895201921,0.0853149391904156,0.62375486,0.091606624,0.049607731683814105,0.9084661936847309,2219
STAT1,PMAIP1,Activation,DoRothEA_AB,0.5,B,0.3569915895201921,0.2311974345011042,0.62375486,0.36165032,0.382925605996924,2.874701707029921,2220
STAT1,PML,Activation,DoRothEA_AB,1.0,A,0.3569915895201921,0.0500998366309666,0.62375486,0.05209606,0.0008394123322966966,0.43382949987840735,2221
STAT1,POU2F2,Activation,DoRothEA_AB,0.5,B,0.3569915895201921,0.2023960791432098,0.62375486,0.25528535,0.2516381653829513,2.486510871545785,2222
STAT1,PRKAG2,Activation,DoRothEA_AB,0.5,B,0.3569915895201921,0.0781751074000116,0.62375486,0.082954235,0.03892799373055289,0.812234011778978,2223
STAT1,PRKCB,Activation,DoRothEA_AB,0.5,B,0.3569915895201921,0.0882192775458342,0.62375486,0.09729422,0.05662799335536132,0.9476114880192746,2224
STAT1,PRKCH,Activation,DoRothEA_AB,0.5,B,0.3569915895201921,0.1908392327706093,0.62375486,0.22430551,0.21339941155045947,2.3307452211729487,2225
STAT1,PRPF31,Activation,DoRothEA_AB,0.5,B,0.3569915895201921,0.1444908331820649,0.62375486,0.16288695,0.13758981419339988,1.7060515657509985,2226
STAT1,PSMB9,Activation,DoRothEA_AB,1.0,A,0.3569915895201921,0.4965813517275301,0.62375486,0.82540476,0.9553427608268099,6.451602976849556,2227
STAT1,PSMD1,Activation,DoRothEA_AB,0.5,B,0.3569915895201921,0.0922127427845348,0.62375486,0.104433954,0.06544064477174925,1.0014362677292727,2228
STAT1,PTP4A2,Activation,DoRothEA_AB,0.5,B,0.3569915895201921,0.5892176438555901,0.62375486,1.0152671,1.1896919143834734,7.700174760728725,2229
STAT1,PTPN2,Activation,DoRothEA_AB,0.5,B,0.3569915895201921,0.1927149512918167,0.62375486,0.22248982,0.2111582856135238,2.3560265570973358,2230
STAT1,PTPRE,Activation,DoRothEA_AB,0.5,B,0.3569915895201921,0.0845283475524898,0.62375486,0.096628666,0.05580649280635169,0.8978643431357928,2231
STAT1,PTTG1IP,Activation,DoRothEA_AB,1.0,A,0.3569915895201921,0.0773885157620857,0.62375486,0.081683576,0.03735960549142575,0.8016321612300388,2232
STAT1,RAB3GAP2,Activation,DoRothEA_AB,0.5,B,0.3569915895201921,0.055000907605735,0.62375486,0.057662636,0.007710297700131297,0.49988718406794347,2233
STAT1,RALGDS,Activation,DoRothEA_AB,0.5,B,0.3569915895201921,0.0653476129969128,0.62375486,0.068372235,0.020929272356091447,0.639342295134743,2234
STAT1,RARA,Activation,DoRothEA_AB,0.5,B,0.3569915895201921,0.0614751618563548,0.62375486,0.065165415,0.016971059512993762,0.587148569355353,2235
STAT1,RASA3,Activation,DoRothEA_AB,0.5,B,0.3569915895201921,0.0501603436800379,0.62375486,0.052398607,0.0012128493886455643,0.4346450268437114,2236
STAT1,RASSF5,Activation,DoRothEA_AB,0.5,B,0.3569915895201921,0.2488654928298966,0.62375486,0.30610752,0.3143685231854141,3.1128355808983406,2237
STAT1,RBMS1,Activation,DoRothEA_AB,0.5,B,0.3569915895201921,0.1427966358080711,0.62375486,0.16203955,0.13654385914658063,1.6832168107225196,2238
STAT1,RBPJ,Activation,DoRothEA_AB,0.5,B,0.3569915895201921,0.1714164700187519,0.62375486,0.21123381,0.1972648699107291,2.0689610653107473,2239
STAT1,RCN1,Activation,DoRothEA_AB,0.5,B,0.3569915895201921,0.0520965692503167,0.62375486,0.056755073,0.006590082807333989,0.4607418897334037,2240
STAT1,RERE,Activation,DoRothEA_AB,0.5,B,0.3569915895201921,0.0556059780964471,0.62375486,0.057844155,0.007934348578280442,0.5080424537209721,2241
STAT1,REV3L,Activation,DoRothEA_AB,1.0,A,0.3569915895201921,0.0625037816905655,0.62375486,0.06577046,0.017717873144457965,0.6010125277655033,2242
STAT1,RFTN1,Activation,DoRothEA_AB,0.5,B,0.3569915895201921,0.101046771948933,0.62375486,0.11157366,0.07425326162743234,1.1205032046635097,2243
STAT1,RHBDD2,Activation,DoRothEA_AB,0.5,B,0.3569915895201921,0.1181097597870172,0.62375486,0.13220699,0.09972120551011761,1.3504818088789536,2244
STAT1,RHOF,Activation,DoRothEA_AB,0.5,B,0.3569915895201921,0.2412416046469245,0.62375486,0.2992099,0.3058547157154571,3.0100791832701868,2245
STAT1,RIPOR2,Activation,DoRothEA_AB,0.5,B,0.3569915895201921,0.1861196829430552,0.62375486,0.22255068,0.21123340577419103,2.2671341178793303,2246
STAT1,RNF213,Activation,DoRothEA_AB,1.0,A,0.3569915895201921,0.3689114781872253,0.62375486,0.5547827,0.6213110055310489,4.730841080059845,2247
STAT1,RPS24,Repression,DoRothEA_AB,-1.0,A,0.3569915895201921,0.98916923821645,0.62375486,8.569473,10.513930509871935,13.090808001382747,2248
STAT1,RTN4,Activation,DoRothEA_AB,0.5,B,0.3569915895201921,0.1922914019483182,0.62375486,0.22073567,0.20899311916865945,2.3503178683402153,2249
STAT1,RUNX1,Activation,DoRothEA_AB,0.5,B,0.3569915895201921,0.0726084588854593,0.62375486,0.07835578,0.03325207065429455,0.7372055309711026,2250
STAT1,RXYLT1,Activation,DoRothEA_AB,0.5,B,0.3569915895201921,0.0537302595752395,0.62375486,0.05790467,0.008009042901691188,0.4827611177965825,2251
STAT1,S100A10,Activation,DoRothEA_AB,1.0,A,0.3569915895201921,0.5810491922309734,0.62375486,1.1754304,1.3873832194934912,7.590078620412795,2252
STAT1,S100A11,Activation,DoRothEA_AB,0.5,B,0.3569915895201921,0.5186664246385306,0.62375486,1.1062559,1.3020003809447545,6.749270319185216,2253
STAT1,SAMSN1,Activation,DoRothEA_AB,0.5,B,0.3569915895201921,0.2769407635989488,0.62375486,0.3730269,0.39696784256353146,3.491240092799009,2254
STAT1,SBNO2,Activation,DoRothEA_AB,1.0,A,0.3569915895201921,0.0532462031826698,0.62375486,0.05627101,0.005992598575768639,0.4762369020741595,2255
STAT1,SEMA4D,Activation,DoRothEA_AB,0.5,B,0.3569915895201921,0.1352332546741703,0.62375486,0.15175253,0.12384647835152422,1.5812759400596694,2256
STAT1,SEPTIN9,Activation,DoRothEA_AB,0.5,B,0.3569915895201921,0.2915834694741876,0.62375486,0.3915392,0.4198177760226209,3.6885976184023797,2257
STAT1,SGK1,Activation,DoRothEA_AB,0.5,B,0.3569915895201921,0.0723664306891744,0.62375486,0.09051765,0.0482635992184436,0.7339434231098904,2258
STAT1,SH3BP5,Activation,DoRothEA_AB,0.5,B,0.3569915895201921,0.0500393295818954,0.62375486,0.053245693,0.002258416861845879,0.4330139729131047,2259
STAT1,SH3KBP1,Activation,DoRothEA_AB,0.5,B,0.3569915895201921,0.2110485871603923,0.62375486,0.25105074,0.24641134015187816,2.603131227584085,2260
STAT1,SLA,Activation,DoRothEA_AB,0.5,B,0.3569915895201921,0.1444303261329937,0.62375486,0.17365742,0.15088392258744707,1.7052360387856955,2261
STAT1,SLC25A37,Activation,DoRothEA_AB,0.5,B,0.3569915895201921,0.0723664306891744,0.62375486,0.07750868,0.03220648590074179,0.7339434231098904,2262
STAT1,SMAD3,Activation,DoRothEA_AB,0.5,B,0.3569915895201921,0.0641979790645596,0.62375486,0.069158815,0.021900156614679006,0.6238472827939859,2263
STAT1,SMARCA4,Activation,DoRothEA_AB,1.0,A,0.3569915895201921,0.1032855327645682,0.62375486,0.113570355,0.07671780400672053,1.150677702379721,2264
STAT1,SMG6,Activation,DoRothEA_AB,0.5,B,0.3569915895201921,0.0528226538391713,0.62375486,0.054637324,0.0039761221577629844,0.47052821331703903,2265
STAT1,SNRNP27,Activation,DoRothEA_AB,1.0,A,0.3569915895201921,0.1645186664246344,0.62375486,0.1924766,0.17411264137196478,1.9759909912662281,2266
STAT1,SNX10,Activation,DoRothEA_AB,0.5,B,0.3569915895201921,0.0965087432685914,0.62375486,0.11641424,0.08022804222754143,1.0593386822657844,2267
STAT1,SOCS1,Activation,DoRothEA_AB,1.0,A,0.3569915895201921,0.3517274762509947,0.62375486,0.792205,0.9143639355669698,4.499231421913741,2268
STAT1,SOCS3,Activation,DoRothEA_AB,1.0,A,0.3569915895201921,0.3508198705149262,0.62375486,0.55423695,0.6206373803637116,4.486998517434193,2269
STAT1,SOD2,Activation,DoRothEA_AB,0.5,B,0.3569915895201921,0.1158104919223108,0.62375486,0.1359588,0.10435210544427741,1.3194917841974398,2270
STAT1,SP110,Activation,DoRothEA_AB,0.5,B,0.3569915895201921,0.1452774248199906,0.62375486,0.16191855,0.13639450752908577,1.716653416299935,2271
STAT1,SQOR,Activation,DoRothEA_AB,0.5,B,0.3569915895201921,0.1116960125854678,0.62375486,0.12331185,0.08874183735438954,1.2640359505568362,2272
STAT1,SRGN,Activation,DoRothEA_AB,0.5,B,0.3569915895201921,0.5919404610637956,0.62375486,1.4796704,1.7629099641763983,7.736873474167368,2273
STAT1,ST3GAL1,Activation,DoRothEA_AB,0.5,B,0.3569915895201921,0.0940884613057426,0.62375486,0.10231622,0.06282670263684159,1.0267176036536652,2274
STAT1,ST3GAL2,Activation,DoRothEA_AB,0.5,B,0.3569915895201921,0.0587523446481502,0.62375486,0.06062743,0.011369775216156194,0.5504498559167227,2275
STAT1,ST6GAL1,Activation,DoRothEA_AB,0.5,B,0.3569915895201921,0.0837417559145639,0.62375486,0.09100155,0.048860882257334134,0.8872624925868535,2276
STAT1,STAG1,Activation,DoRothEA_AB,0.5,B,0.3569915895201921,0.0671023174199782,0.62375486,0.07115553,0.024364723680184955,0.6629925771285299,2277
STAT1,STAT2,Activation,DoRothEA_AB,1.0,A,0.3569915895201921,0.0560295274399456,0.62375486,0.058328204,0.008531815529493355,0.5137511424780925,2278
STAT1,STAT3,Activation,DoRothEA_AB,1.0,A,0.3569915895201921,0.2711320868881103,0.62375486,0.33920252,0.35521804203658686,3.412949504129904,2279
STAT1,STK10,Activation,DoRothEA_AB,0.5,B,0.3569915895201921,0.1209535910933646,0.62375486,0.13293323,0.10061761144969991,1.388811576248195,2280
STAT1,STK40,Activation,DoRothEA_AB,0.5,B,0.3569915895201921,0.0735765716705988,0.62375486,0.07817424,0.03302799385561675,0.7502539624159502,2281
STAT1,SUB1,Activation,DoRothEA_AB,0.5,B,0.3569915895201921,0.7575482543717644,0.62375486,2.1446042,2.5836449935730426,9.968970778202173,2282
STAT1,SUSD6,Activation,DoRothEA_AB,0.5,B,0.3569915895201921,0.0505838930235364,0.62375486,0.05409279,0.0033039979124659764,0.44035371560083186,2283
STAT1,TACC1,Activation,DoRothEA_AB,0.5,B,0.3569915895201921,0.1065529134144141,0.62375486,0.11568807,0.07933172268972133,1.1947161585060826,2284
STAT1,TAOK3,Activation,DoRothEA_AB,0.5,B,0.3569915895201921,0.1700248078901142,0.62375486,0.19350556,0.1753826979036796,2.0502039451087835,2285
STAT1,TAP1,Activation,DoRothEA_AB,1.0,A,0.3569915895201921,0.3601984631209675,0.62375486,0.6138982,0.6942779108534995,4.613405197056186,2286
STAT1,TBC1D1,Activation,DoRothEA_AB,0.5,B,0.3569915895201921,0.0819265444424273,0.62375486,0.08664512,0.043483693273837706,0.8627966836277638,2287
STAT1,TBX21,Activation,DoRothEA_AB,1.0,A,0.3569915895201921,0.0528226538391713,0.62375486,0.061293088,0.012191404133498208,0.47052821331703903,2288
STAT1,TIAM1,Activation,DoRothEA_AB,0.5,B,0.3569915895201921,0.0663762328311236,0.62375486,0.07236566,0.025858400315548903,0.6532062535448945,2289
STAT1,TIMP1,Activation,DoRothEA_AB,1.0,A,0.3569915895201921,0.1207115628970797,0.62375486,0.16573028,0.14109936737167775,1.3855494683869827,2290
STAT1,TLE4,Activation,DoRothEA_AB,0.5,B,0.3569915895201921,0.0975978701518734,0.62375486,0.10727771,0.06895072376646555,1.0740181676412388,2291
STAT1,TNFAIP3,Activation,DoRothEA_AB,0.5,B,0.3569915895201921,0.0979609124463007,0.62375486,0.115627624,0.07925711353376186,1.0789113294330566,2292
STAT1,TNFAIP8,Activation,DoRothEA_AB,0.5,B,0.3569915895201921,0.326254008592005,0.62375486,0.5417198,0.6051873258271363,4.155894569521102,2293
STAT1,TNFRSF1A,Activation,DoRothEA_AB,0.5,B,0.3569915895201921,0.0647425425062006,0.62375486,0.06782768,0.020257122190265778,0.6311870254817131,2294
STAT1,TNIP1,Activation,DoRothEA_AB,0.5,B,0.3569915895201921,0.2270224481151909,0.62375486,0.2793648,0.2813596927043253,2.8184303464240266,2295
STAT1,TP53,Activation,DoRothEA_AB,1.0,A,0.3569915895201921,0.1242209717432105,0.62375486,0.14055775,0.11002863950442551,1.4328500323745565,2296
STAT1,TRIM69,Activation,DoRothEA_AB,0.5,B,0.3569915895201921,0.0929993344224607,0.62375486,0.10140862,0.061706442074541415,1.012038118278212,2297
STAT1,TSPAN14,Activation,DoRothEA_AB,0.5,B,0.3569915895201921,0.0955406304834519,0.62375486,0.10364734,0.0644697185465915,1.046290250820937,2298
STAT1,TUBA1C,Activation,DoRothEA_AB,0.5,B,0.3569915895201921,0.2240576027107018,0.62375486,0.29388377,0.29928061546349166,2.7784695251241893,2299
STAT1,UBC,Activation,DoRothEA_AB,0.5,B,0.3569915895201921,0.6040418708780425,0.62375486,1.2222003,1.4451118163122694,7.899978867228004,2300
STAT1,UPP1,Activation,DoRothEA_AB,1.0,A,0.3569915895201921,0.1460640164579163,0.62375486,0.16899851,0.14513337924643124,1.7272552668488717,2301
STAT1,USP10,Activation,DoRothEA_AB,0.5,B,0.3569915895201921,0.0819870514914985,0.62375486,0.08864183,0.045948254167789214,0.8636122105930667,2302
STAT1,UTP14A,Activation,DoRothEA_AB,0.5,B,0.3569915895201921,0.0551824287529486,0.62375486,0.058993775,0.009353337061788076,0.5023337649638517,2303
STAT1,VMP1,Activation,DoRothEA_AB,0.5,B,0.3569915895201921,0.2668360864040527,0.62375486,0.338841,0.35477181396421714,3.3550470895933784,2304
STAT1,VOPP1,Activation,DoRothEA_AB,0.5,B,0.3569915895201921,0.1207115628970797,0.62375486,0.13468817,0.10278375300016604,1.3855494683869827,2305
STAT1,VPS53,Activation,DoRothEA_AB,0.5,B,0.3569915895201921,0.0643795002117733,0.62375486,0.06921934,0.021974863281198645,0.6262938636898955,2306
STAT1,VSIR,Activation,DoRothEA_AB,0.5,B,0.3569915895201921,0.1256126338718484,0.62375486,0.17020762,0.14662579688468907,1.4516071525765228,2307
STAT1,WIPF1,Activation,DoRothEA_AB,0.5,B,0.3569915895201921,0.3385369395534656,0.62375486,0.45398355,0.49689351714587915,4.321446543477648,2308
STAT1,XAF1,Unknown,TRRUST,,,0.3569915895201921,0.0723059236401032,0.62375486,0.08047352,0.035866020195067565,0.7331278961445877,2309
STAT1,ZC3HAV1,Activation,DoRothEA_AB,1.0,A,0.3569915895201921,0.2067525866763367,0.62375486,0.24554506,0.2396156193799028,2.5452288130475873,2310
STAT1,ZFP36L1,Activation,DoRothEA_AB,0.5,B,0.3569915895201921,0.2643552973921321,0.62375486,0.35414845,0.373665966172659,3.321610484015948,2311
STAT1,ZNF267,Activation,DoRothEA_AB,1.0,A,0.3569915895201921,0.1498759605494023,0.62375486,0.17746964,0.15558938724237434,1.778633465662948,2312
STAT1,ZNF302,Activation,DoRothEA_AB,1.0,A,0.3569915895201921,0.1006232226054344,0.62375486,0.1072777,0.06895071142335668,1.114794515906388,2313
STAT1,ZNF655,Activation,DoRothEA_AB,1.0,A,0.3569915895201921,0.1673019906819099,0.62375486,0.18999591,0.17105069869425163,2.013505231670157,2314
STAT1,ZNF721,Activation,DoRothEA_AB,1.0,A,0.3569915895201921,0.0729109941308154,0.62375486,0.07654057,0.03101153718658531,0.7412831657976177,2315
STAT2,ADAR,Activation,DoRothEA_AB,0.5,B,0.0560295274399456,0.2808132147395079,0.058328204,0.34525424,0.3626877459260571,3.5434338185784133,2316
STAT2,BST2,Activation,DoRothEA_AB,1.0,A,0.0560295274399456,0.2336177164639525,0.058328204,0.29830176,0.3047337886252773,2.9073227856420334,2317
STAT2,DTX3L,Activation,DoRothEA_AB,0.5,B,0.0560295274399456,0.0574816966176547,0.058328204,0.06056694,0.011295111750517652,0.5333237896453615,2318
STAT2,EIF2AK2,Activation,DoRothEA_AB,0.5,B,0.0560295274399456,0.0660736975857675,0.058328204,0.07073199,0.02384194364651746,0.6491286187183797,2319
STAT2,EPSTI1,Activation,DoRothEA_AB,0.5,B,0.0560295274399456,0.1815816542627147,0.058328204,0.22303367,0.21182956559017313,2.2059695954816196,2320
STAT2,IFI35,Activation,DoRothEA_AB,0.5,B,0.0560295274399456,0.1279119017365543,0.058328204,0.14606428,0.11682540944065599,1.4825971772580302,2321
STAT2,IRF1,Activation,DoRothEA_AB,1.0,A,0.0560295274399456,0.4906516609185491,0.058328204,0.9328636,1.0879803770922627,6.371681334249844,2322
STAT2,IRF7,Activation,DoRothEA_AB,1.0,A,0.0560295274399456,0.1204695347007948,0.058328204,0.13408288,0.10203663696253418,1.3822873605257704,2323
STAT2,ISG15,Activation,DoRothEA_AB,0.5,B,0.0560295274399456,0.3081624009197058,0.058328204,0.43825355,0.4774778068715492,3.91205200689545,2324
STAT2,MX1,Activation,DoRothEA_AB,1.0,A,0.0560295274399456,0.0781146003509404,0.058328204,0.08476943,0.04116850868359881,0.8114184848136753,2325
STAT2,MYD88,Activation,DoRothEA_AB,0.5,B,0.0560295274399456,0.0545168512131652,0.058328204,0.056331497,0.00606725833847451,0.4933629683455191,2326
STAT2,PARP14,Activation,DoRothEA_AB,0.5,B,0.0560295274399456,0.106250378169058,0.058328204,0.117019214,0.08097476822293254,1.1906385236795676,2327
STAT2,PARP9,Activation,DoRothEA_AB,0.5,B,0.0560295274399456,0.087069643613481,0.058328204,0.09535801,0.05423810827015724,0.9321164756785177,2328
STAT2,PIM1,Activation,DoRothEA_AB,0.5,B,0.0560295274399456,0.3393235311913916,0.058328204,0.48768744,0.538494595553882,4.332048394026589,2329
STAT2,PML,Activation,DoRothEA_AB,1.0,A,0.0560295274399456,0.0500998366309666,0.058328204,0.05209606,0.0008394123322966966,0.43382949987840735,2330
STAT2,PSMB8,Activation,DoRothEA_AB,0.5,B,0.0560295274399456,0.4388576269135724,0.058328204,0.69114906,0.789629488488771,5.673590251950321,2331
STAT2,SAMD9,Activation,DoRothEA_AB,0.5,B,0.0560295274399456,0.089792460821686,0.058328204,0.09614459,0.055208992528744796,0.9688151891171535,2332
STAT2,SOCS1,Activation,DoRothEA_AB,0.5,B,0.0560295274399456,0.3517274762509947,0.058328204,0.792205,0.9143639355669698,4.499231421913741,2333
STAT2,SP110,Activation,DoRothEA_AB,0.5,B,0.0560295274399456,0.1452774248199906,0.058328204,0.16191855,0.13639450752908577,1.716653416299935,2334
STAT2,SP140L,Activation,DoRothEA_AB,0.5,B,0.0560295274399456,0.0724874447873169,0.058328204,0.07750868,0.03220648590074179,0.7355744770404973,2335
STAT2,STAT1,Activation,DoRothEA_AB,0.5,B,0.0560295274399456,0.3569915895201921,0.058328204,0.62375486,0.7064440936146298,4.570182267895118,2336
STAT2,TAP2,Activation,DoRothEA_AB,0.5,B,0.0560295274399456,0.1098808011133312,0.058328204,0.12567173,0.0916546629336766,1.2395701415977467,2337
STAT2,TRIM56,Activation,DoRothEA_AB,0.5,B,0.0560295274399456,0.1841229503237053,0.058328204,0.21468468,0.20152431632613768,2.2402217280243364,2338
STAT2,XAF1,Activation,DoRothEA_AB,0.5,B,0.0560295274399456,0.0723059236401032,0.058328204,0.08047352,0.035866020195067565,0.7331278961445877,2339
STAT3,AKAP13,Activation,DoRothEA_AB,0.5,B,0.2711320868881103,0.1996127548859343,0.33920252,0.23695222,0.22900938340573412,2.448996631141856,2340
STAT3,BCL2,Activation,DoRothEA_AB,1.0,A,0.2711320868881103,0.1349307194288143,0.33920252,0.15768246,0.13116585551789783,1.577198305233156,2341
STAT3,BCL2L1,Activation,DoRothEA_AB,1.0,A,0.2711320868881103,0.0949355599927397,0.33920252,0.11435707,0.07768885489727803,1.0381349811679073,2342
STAT3,BHLHE40,Activation,DoRothEA_AB,0.5,B,0.2711320868881103,0.0874931929569796,0.33920252,0.10933506,0.07149013327268885,0.9378251644356395,2343
STAT3,BIRC3,Activation,DoRothEA_AB,1.0,A,0.2711320868881103,0.3502148000242138,0.33920252,0.5574434,0.6245951365117807,4.478843247781161,2344
STAT3,CCND2,Activation,DoRothEA_AB,1.0,A,0.2711320868881103,0.202759121437637,0.33920252,0.30689156,0.31533627229434513,2.4914040333376013,2345
STAT3,CCND3,Activation,DoRothEA_AB,1.0,A,0.2711320868881103,0.3118533309130512,0.33920252,0.4842406,0.5342401234113536,3.961799151778945,2346
STAT3,CD46,Activation,TRRUST,,,0.2711320868881103,0.1011072789980042,0.33920252,0.10993997,0.07223678027218314,1.1213187316288125,2347
STAT3,CDK4,Activation,DoRothEA_AB,1.0,A,0.2711320868881103,0.193985599322312,0.33920252,0.2672014,0.26634627564451696,2.3731526233686937,2348
STAT3,CDKN1B,Unknown,TRRUST,,,0.2711320868881103,0.1297271132086905,0.33920252,0.14558037,0.11622811405865656,1.507062986217114,2349
STAT3,CFLAR,Unknown,TRRUST,,,0.2711320868881103,0.2315604767955314,0.33920252,0.3248015,0.33744270624670575,2.879594868821737,2350
STAT3,CISH,Activation,DoRothEA_AB,1.0,A,0.2711320868881103,0.2477763659466148,0.33920252,0.3615295,0.38277647655538904,3.0981560955228895,2351
STAT3,COPS5,Activation,DoRothEA_AB,1.0,A,0.2711320868881103,0.1126036183215361,0.33920252,0.12204121,0.08717347256716926,1.2762688550363812,2352
STAT3,DDIT3,Repression,TRRUST,,,0.2711320868881103,0.0657711623404114,0.33920252,0.070489965,0.023543209553755568,0.6450509838918648,2353
STAT3,DNMT1,Activation,TRRUST,,,0.2711320868881103,0.1480002420281949,0.33920252,0.16905911,0.14520817848626755,1.7533521297385612,2354
STAT3,DUSP22,Activation,DoRothEA_AB,0.5,B,0.2711320868881103,0.0608095843165715,0.33920252,0.0649839,0.01674701357208816,0.5781777727370216,2355
STAT3,ETV6,Activation,DoRothEA_AB,1.0,A,0.2711320868881103,0.1393477340110124,0.33920252,0.17026885,0.146701373740385,1.6367317737002607,2356
STAT3,FAS,Repression,DoRothEA_AB,-1.0,A,0.2711320868881103,0.1361408604102384,0.33920252,0.1684531,0.14446017374479603,1.5935088445392116,2357
STAT3,HIF1A,Activation,DoRothEA_AB,1.0,A,0.2711320868881103,0.2056634597930549,0.33920252,0.2684732,0.2679160722323678,2.5305493276721354,2358
STAT3,HSPA4,Activation,TRRUST,,,0.2711320868881103,0.0772069946148721,0.33920252,0.08404339,0.04027234960619419,0.7991855803341306,2359
STAT3,HSPB1,Activation,DoRothEA_AB,1.0,A,0.2711320868881103,0.2281115749984726,0.33920252,0.30320242,0.31078272662356055,2.8331098317994767,2360
STAT3,IFNAR1,Activation,DoRothEA_AB,1.0,A,0.2711320868881103,0.0821685726387122,0.33920252,0.08676612,0.043633044891332545,0.8660587914889762,2361
STAT3,IKBKE,Activation,TRRUST,,,0.2711320868881103,0.056150541538088,0.33920252,0.05935682,0.009801447458262589,0.5153821964086979,2362
STAT3,IL6ST,Activation,DoRothEA_AB,1.0,A,0.2711320868881103,0.0986264899860842,0.33920252,0.10836684,0.07029504878433467,1.0878821260513902,2363
STAT3,IRF1,Activation,DoRothEA_AB,1.0,A,0.2711320868881103,0.4906516609185491,0.33920252,0.9328636,1.0879803770922627,6.371681334249844,2364
STAT3,JUNB,Activation,DoRothEA_AB,1.0,A,0.2711320868881103,0.4286319356205337,0.33920252,0.76545453,0.8813455391764958,5.535766194814083,2365
STAT3,LGALS3BP,Repression,TRRUST,,,0.2711320868881103,0.059841471531432,0.33920252,0.06516542,0.016971065684548203,0.5651293412921744,2366
STAT3,MCL1,Activation,DoRothEA_AB,1.0,A,0.2711320868881103,0.2454165910328378,0.33920252,0.30060118,0.30757198776825245,3.0663505438760805,2367
STAT3,MYC,Activation,DoRothEA_AB,1.0,A,0.2711320868881103,0.285230229321708,0.33920252,0.60675657,0.6854629191836673,3.6029672870455456,2368
STAT3,MYD88,Activation,DoRothEA_AB,1.0,A,0.2711320868881103,0.0545168512131652,0.33920252,0.056331497,0.00606725833847451,0.4933629683455191,2369
STAT3,MYH9,Activation,DoRothEA_AB,0.5,B,0.2711320868881103,0.1780117383675135,0.33920252,0.20554735,0.1902460104163511,2.157853504528754,2370
STAT3,NME1,Activation,TRRUST,,,0.2711320868881103,0.2530404792158112,0.33920252,0.5667047,0.6360264599424005,3.169106941504252,2371
STAT3,PIM1,Activation,DoRothEA_AB,1.0,A,0.2711320868881103,0.3393235311913916,0.33920252,0.48768744,0.538494595553882,4.332048394026589,2372
STAT3,PRDM1,Activation,TRRUST,,,0.2711320868881103,0.1087916742300492,0.33920252,0.15743995,0.13086652278435507,1.2248906562222925,2373
STAT3,PSMB5,Activation,TRRUST,,,0.2711320868881103,0.1905972045743245,0.33920252,0.23852418,0.2309496707498432,2.3274831133117377,2374
STAT3,PTEN,Activation,TRRUST,,,0.2711320868881103,0.1135717311066757,0.33920252,0.12258577,0.08784562890454936,1.28931728648123,2375
STAT3,PTPN6,Repression,TRRUST,,,0.2711320868881103,0.2216373207478535,0.33920252,0.27857774,0.2803882159765113,2.7458484465120767,2376
STAT3,PTTG1IP,Activation,DoRothEA_AB,0.5,B,0.2711320868881103,0.0773885157620857,0.33920252,0.081683576,0.03735960549142575,0.8016321612300388,2377
STAT3,RORA,Activation,DoRothEA_AB,1.0,A,0.2711320868881103,0.1950747262055938,0.33920252,0.24590701,0.24006237820595452,2.3878321087441456,2378
STAT3,S100A11,Activation,DoRothEA_AB,1.0,A,0.2711320868881103,0.5186664246385306,0.33920252,1.1062559,1.3020003809447545,6.749270319185216,2379
STAT3,S1PR1,Activation,TRRUST,,,0.2711320868881103,0.1390451987656563,0.33920252,0.16191833,0.13639423598069034,1.6326541388737459,2380
STAT3,SOCS1,Activation,DoRothEA_AB,1.0,A,0.2711320868881103,0.3517274762509947,0.33920252,0.792205,0.9143639355669698,4.499231421913741,2381
STAT3,SOCS3,Activation,DoRothEA_AB,1.0,A,0.2711320868881103,0.3508198705149262,0.33920252,0.55423695,0.6206373803637116,4.486998517434193,2382
STAT3,STAT1,Activation,DoRothEA_AB,1.0,A,0.2711320868881103,0.3569915895201921,0.33920252,0.62375486,0.7064440936146298,4.570182267895118,2383
STAT3,TGFB1,Activation,TRRUST,,,0.2711320868881103,0.239910449567358,0.33920252,0.3166334,0.32736073147927064,2.992137590033525,2384
STAT3,TIMP1,Activation,DoRothEA_AB,1.0,A,0.2711320868881103,0.1207115628970797,0.33920252,0.16573028,0.14109936737167775,1.3855494683869827,2385
STAT3,TP53,Repression,DoRothEA_AB,-1.0,A,0.2711320868881103,0.1242209717432105,0.33920252,0.14055775,0.11002863950442551,1.4328500323745565,2386
STAT3,UCP2,Repression,TRRUST,,,0.2711320868881103,0.2034246989774203,0.33920252,0.26375526,0.26209266751961047,2.5003748299559323,2387
STAT3,USP7,Repression,DoRothEA_AB,-1.0,A,0.2711320868881103,0.0568766261269426,0.33920252,0.059780363,0.010324231194862754,0.525168519992333,2388
STAT3,ZFP36,Activation,DoRothEA_AB,1.0,A,0.2711320868881103,0.3185696133599582,0.33920252,0.43389544,0.47209854424576037,4.052322644927598,2389
STAT4,CCND2,Activation,DoRothEA_AB,0.5,B,0.1003811944091496,0.202759121437637,0.10800379,0.30689156,0.31533627229434513,2.4914040333376013,2390
STAT4,IRF1,Activation,DoRothEA_AB,1.0,A,0.1003811944091496,0.4906516609185491,0.10800379,0.9328636,1.0879803770922627,6.371681334249844,2391
STAT4,MYC,Activation,DoRothEA_AB,1.0,A,0.1003811944091496,0.285230229321708,0.10800379,0.60675657,0.6854629191836673,3.6029672870455456,2392
STAT4,PIM1,Activation,DoRothEA_AB,1.0,A,0.1003811944091496,0.3393235311913916,0.10800379,0.48768744,0.538494595553882,4.332048394026589,2393
STAT4,SOCS3,Repression,DoRothEA_AB,-1.0,A,0.1003811944091496,0.3508198705149262,0.10800379,0.55423695,0.6206373803637116,4.486998517434193,2395
STAT4,TBX21,Activation,DoRothEA_AB,1.0,A,0.1003811944091496,0.0528226538391713,0.10800379,0.061293088,0.012191404133498208,0.47052821331703903,2396
STAT5A,BCL2,Activation,DoRothEA_AB,1.0,A,0.1129061535668922,0.1349307194288143,0.12833427,0.15768246,0.13116585551789783,1.577198305233156,2397
STAT5A,BCL2L1,Activation,DoRothEA_AB,1.0,A,0.1129061535668922,0.0949355599927397,0.12833427,0.11435707,0.07768885489727803,1.0381349811679073,2398
STAT5A,CCND2,Activation,DoRothEA_AB,1.0,A,0.1129061535668922,0.202759121437637,0.12833427,0.30689156,0.31533627229434513,2.4914040333376013,2399
STAT5A,CCND3,Activation,DoRothEA_AB,1.0,A,0.1129061535668922,0.3118533309130512,0.12833427,0.4842406,0.5342401234113536,3.961799151778945,2400
STAT5A,ETV6,Activation,DoRothEA_AB,0.5,B,0.1129061535668922,0.1393477340110124,0.12833427,0.17026885,0.146701373740385,1.6367317737002607,2401
STAT5A,IL6ST,Activation,DoRothEA_AB,1.0,A,0.1129061535668922,0.0986264899860842,0.12833427,0.10836684,0.07029504878433467,1.0878821260513902,2402
STAT5A,IRF1,Repression,DoRothEA_AB,-1.0,A,0.1129061535668922,0.4906516609185491,0.12833427,0.9328636,1.0879803770922627,6.371681334249844,2403
STAT5A,LONP1,Activation,DoRothEA_AB,1.0,A,0.1129061535668922,0.0813819810007863,0.12833427,0.09227225,0.05042932110320769,0.8554569409400368,2404
STAT5A,MYD88,Activation,DoRothEA_AB,1.0,A,0.1129061535668922,0.0545168512131652,0.12833427,0.056331497,0.00606725833847451,0.4933629683455191,2405
STAT5A,PIM1,Activation,DoRothEA_AB,1.0,A,0.1129061535668922,0.3393235311913916,0.12833427,0.48768744,0.538494595553882,4.332048394026589,2406
STAT5A,RERE,Activation,DoRothEA_AB,0.5,B,0.1129061535668922,0.0556059780964471,0.12833427,0.057844155,0.007934348578280442,0.5080424537209721,2407
STAT5A,SUMO1,Repression,TRRUST,,,0.1129061535668922,0.4355902462637257,0.12833427,0.637606,0.7235407065332046,5.62955179582395,2408
STAT5B,BCL2,Activation,DoRothEA_AB,0.5,B,0.0931203485206031,0.1349307194288143,0.09953291,0.15768246,0.13116585551789783,1.577198305233156,2409
STAT5B,BCL2L1,Activation,DoRothEA_AB,1.0,A,0.0931203485206031,0.0949355599927397,0.09953291,0.11435707,0.07768885489727803,1.0381349811679073,2410
STAT5B,CCND3,Activation,DoRothEA_AB,1.0,A,0.0931203485206031,0.3118533309130512,0.09953291,0.4842406,0.5342401234113536,3.961799151778945,2411
STAT5B,IL4R,Activation,DoRothEA_AB,0.5,B,0.0931203485206031,0.2117141647001756,0.09953291,0.2985456,0.3050347629923016,2.6121020242024167,2412
STAT5B,IL6ST,Activation,DoRothEA_AB,1.0,A,0.0931203485206031,0.0986264899860842,0.09953291,0.10836684,0.07029504878433467,1.0878821260513902,2413
STAT5B,PIM1,Activation,DoRothEA_AB,1.0,A,0.0931203485206031,0.3393235311913916,0.09953291,0.48768744,0.538494595553882,4.332048394026589,2414
STAT5B,RARA,Activation,DoRothEA_AB,0.5,B,0.0931203485206031,0.0614751618563548,0.09953291,0.065165415,0.016971059512993762,0.587148569355353,2415
STAT5B,WIPF1,Activation,DoRothEA_AB,0.5,B,0.0931203485206031,0.3385369395534656,0.09953291,0.45398355,0.49689351714587915,4.321446543477648,2416
STAT6,BCL2L1,Activation,DoRothEA_AB,1.0,A,0.1250680704302076,0.0949355599927397,0.13862143,0.11435707,0.07768885489727803,1.0381349811679073,2417
STAT6,CISH,Activation,DoRothEA_AB,1.0,A,0.1250680704302076,0.2477763659466148,0.13862143,0.3615295,0.38277647655538904,3.0981560955228895,2418
STAT6,CYSLTR1,Unknown,TRRUST,,,0.1250680704302076,0.1489683548133342,0.13862143,0.19005556,0.17112432533874394,1.7664005611834062,2419
STAT6,IRF1,Activation,DoRothEA_AB,1.0,A,0.1250680704302076,0.4906516609185491,0.13862143,0.9328636,1.0879803770922627,6.371681334249844,2420
STAT6,IRF4,Unknown,TRRUST,,,0.1250680704302076,0.1371694802444489,0.13862143,0.2156511,0.20271717905489284,1.607372802949359,2421
STAT6,ORMDL3,Unknown,TRRUST,,,0.1250680704302076,0.1045561807950638,0.13862143,0.11363086,0.07679248598702239,1.1678037686510836,2422
STAT6,RHOA,Activation,DoRothEA_AB,1.0,A,0.1250680704302076,0.4683850668603348,0.13862143,0.7401554,0.8501185475507739,6.071567411018274,2423
STAT6,SOCS1,Activation,DoRothEA_AB,1.0,A,0.1250680704302076,0.3517274762509947,0.13862143,0.792205,0.9143639355669698,4.499231421913741,2424
STAT6,STAT1,Repression,TRRUST,,,0.1250680704302076,0.3569915895201921,0.13862143,0.62375486,0.7064440936146298,4.570182267895118,2425
TBL1X,MYC,Unknown,TRRUST,,,0.0528831608882425,0.285230229321708,0.05572644,0.60675657,0.6854629191836673,3.6029672870455456,2426
TBX21,AKNA,Activation,DoRothEA_AB,0.5,B,0.0528226538391713,0.157378834634232,0.061293088,0.17771225,0.1558888434070059,1.8797588093604969,2427
TBX21,GATA3,Activation,DoRothEA_AB,1.0,A,0.0528226538391713,0.1487263266170494,0.061293088,0.18696932,0.16731494570256797,1.7631384533221952,2428
TBX21,IL21R,Activation,DoRothEA_AB,0.5,B,0.0528226538391713,0.0534882313789546,0.061293088,0.060930032,0.011743280159603922,0.4794990099353703,2429
TBX21,NELFCD,Unknown,TRRUST,,,0.0528226538391713,0.1144188297936728,0.061293088,0.123856395,0.08941397517710628,1.3007346639954718,2430
TBX21,SEMA4D,Activation,DoRothEA_AB,0.5,B,0.0528226538391713,0.1352332546741703,0.061293088,0.15175253,0.12384647835152422,1.5812759400596694,2431
TBX21,YY1,Unknown,TRRUST,,,0.0528226538391713,0.2130453197797422,0.061293088,0.2520799,0.2476816435457707,2.630043617439079,2432
TCF7,BCL2,Activation,DoRothEA_AB,1.0,A,0.3302474738307064,0.1349307194288143,0.46892762,0.15768246,0.13116585551789783,1.577198305233156,2433
TCF7,CCND2,Activation,DoRothEA_AB,0.5,B,0.3302474738307064,0.202759121437637,0.46892762,0.30689156,0.31533627229434513,2.4914040333376013,2434
TCF7,LEF1,Activation,DoRothEA_AB,1.0,A,0.3302474738307064,0.3056816119077852,0.46892762,0.40497273,0.4363989283710964,3.8786154013180196,2435
TFDP1,HNRNPUL1,Activation,DoRothEA_AB,0.5,B,0.1026199552247847,0.1772251467295878,0.12512715,0.20094846,0.18456955041485634,2.1472516539798177,2436
TFDP1,PCNA,Activation,DoRothEA_AB,1.0,A,0.1026199552247847,0.0808979246082165,0.12512715,0.09172769,0.04975716476582758,0.8489327252176124,2437
TFDP1,PTMA,Activation,DoRothEA_AB,0.5,B,0.1026199552247847,0.9925576329644392,0.12512715,10.589342,13.007076809687602,13.136477511439727,2438
TFDP1,TP53,Repression,TRRUST,,,0.1026199552247847,0.1242209717432105,0.12512715,0.14055775,0.11002863950442551,1.4328500323745565,2439
THAP11,CNIH4,Activation,DoRothEA_AB,0.5,B,0.18285230229321,0.1135112240576044,0.20718113,0.1248245,0.09060891771970836,1.2885017595159258,2440
THAP11,LSM10,Activation,DoRothEA_AB,0.5,B,0.18285230229321,0.2604223392025018,0.20718113,0.31566754,0.326168559964613,3.2686012312712402,2441
THAP11,PRPF31,Activation,DoRothEA_AB,0.5,B,0.18285230229321,0.1444908331820649,0.20718113,0.16288695,0.13758981419339988,1.7060515657509985,2442
THAP11,SNX17,Activation,DoRothEA_AB,0.5,B,0.18285230229321,0.2192775458340765,0.20718113,0.25437856,0.25051890461247067,2.714042894865268,2443
TLE3,RUNX1,Repression,TRRUST,,,0.0718823742966047,0.0726084588854593,0.077327155,0.07835578,0.03325207065429455,0.7372055309711026,2444
TNFAIP3,IRF7,Repression,TRRUST,,,0.0979609124463007,0.1204695347007948,0.115627624,0.13408288,0.10203663696253418,1.3822873605257704,2445
TNFAIP3,JUN,Repression,TRRUST,,,0.0979609124463007,0.0778120651055843,0.115627624,0.09759687,0.05700155754573169,0.8073408499871605,2446
TNFAIP3,NFKB1,Repression,TRRUST,,,0.0979609124463007,0.1009257578507906,0.115627624,0.11804789,0.08224447421035508,1.1188721507329042,2447
TNFAIP3,RELA,Repression,TRRUST,,,0.0979609124463007,0.1190173655230855,0.115627624,0.13057321,0.09770461306688845,1.3627147133584987,2448
TNFAIP3,SATB1,Unknown,TRRUST,,,0.0979609124463007,0.2590911841229347,0.115627624,0.36818552,0.39099207451471163,3.250659638034571,2449
TOP2B,RUNX1,Activation,TRRUST,,,0.0716403461003198,0.0726084588854593,0.076117046,0.07835578,0.03325207065429455,0.7372055309711026,2450
TP53,AEN,Activation,DoRothEA_AB,0.5,B,0.1242209717432105,0.0597204574332896,0.14055775,0.063592255,0.015029290995818626,0.5634982873615689,2452
TP53,ALKBH2,Unknown,TRRUST,,,0.1242209717432105,0.0608095843165715,0.14055775,0.06625455,0.018315390702417292,0.5781777727370216,2453
TP53,ANKRD11,Activation,DoRothEA_AB,0.5,B,0.1242209717432105,0.2336177164639525,0.14055775,0.2984843,0.30495909973484336,2.9073227856420334,2454
TP53,ANXA2,Activation,DoRothEA_AB,0.5,B,0.1242209717432105,0.238760815635005,0.14055775,0.36939448,0.39248430700633624,2.976642577692771,2455
TP53,AQP3,Unknown,TRRUST,,,0.1242209717432105,0.1709324136261823,0.14055775,0.25346768,0.24939459551045656,2.062436849588326,2456
TP53,ARHGEF3,Activation,DoRothEA_AB,0.5,B,0.1242209717432105,0.0828946572275668,0.14055775,0.0894889,0.04699380189201531,0.8758451150726114,2457
TP53,ASCC3,Activation,DoRothEA_AB,1.0,A,0.1242209717432105,0.064561021358987,0.14055775,0.06788818,0.020331797999013208,0.628740444585805,2458
TP53,BAK1,Activation,DoRothEA_AB,1.0,A,0.1242209717432105,0.070067162824468,0.14055775,0.07321272,0.026903935696666118,0.7029533984283763,2459
TP53,BAX,Activation,DoRothEA_AB,1.0,A,0.1242209717432105,0.3966842137109219,0.14055775,0.62054837,0.7024862880941252,5.105167957134004,2460
TP53,BBC3,Activation,DoRothEA_AB,1.0,A,0.1242209717432105,0.1031040116173545,0.14055775,0.1201656,0.08485838672180143,1.1482311214838115,2461
TP53,BCL2,Repression,DoRothEA_AB,-1.0,A,0.1242209717432105,0.1349307194288143,0.14055775,0.15768246,0.13116585551789783,1.577198305233156,2462
TP53,BCL2L1,Repression,DoRothEA_AB,-1.0,A,0.1242209717432105,0.0949355599927397,0.14055775,0.11435707,0.07768885489727803,1.0381349811679073,2463
TP53,BCL3,Repression,DoRothEA_AB,-1.0,A,0.1242209717432105,0.0808374175591453,0.14055775,0.09009399,0.047740671067469494,0.8481171982523096,2464
TP53,BHLHE40,Activation,DoRothEA_AB,0.5,B,0.1242209717432105,0.0874931929569796,0.14055775,0.10933506,0.07149013327268885,0.9378251644356395,2465
TP53,BID,Activation,DoRothEA_AB,1.0,A,0.1242209717432105,0.1019543776850013,0.14055775,0.11290482,0.07589632690961778,1.1327361091430546,2466
TP53,BNIP3L,Activation,DoRothEA_AB,1.0,A,0.1242209717432105,0.1392267199128699,0.14055775,0.15756138,0.13101640515553192,1.635100719769654,2467
TP53,BTG1,Activation,DoRothEA_AB,1.0,A,0.1242209717432105,0.8581109699281562,0.14055775,3.118656,3.7859277361661468,11.32437659453606,2468
TP53,BTG2,Activation,DoRothEA_AB,1.0,A,0.1242209717432105,0.2218793489441383,0.14055775,0.2846291,0.28785747551406177,2.7491105543732877,2469
TP53,BTG3,Activation,DoRothEA_AB,1.0,A,0.1242209717432105,0.0827131360803531,0.14055775,0.09172766,0.049757127736500935,0.873398534176702,2470
TP53,CAB39,Activation,DoRothEA_AB,0.5,B,0.1242209717432105,0.1133297029103908,0.14055775,0.12688196,0.09314846300012937,1.2860551786200176,2471
TP53,CAMK2D,Activation,DoRothEA_AB,0.5,B,0.1242209717432105,0.100502208507292,0.14055775,0.114417486,0.07776342702391081,1.1131634619757826,2472
TP53,CAMK4,Activation,DoRothEA_AB,0.5,B,0.1242209717432105,0.1880559085133338,0.14055775,0.22249034,0.21115892745518577,2.29323098076902,2473
TP53,CAPN2,Activation,DoRothEA_AB,0.5,B,0.1242209717432105,0.1545955103769564,0.14055775,0.17874092,0.15715854198856313,1.8422445689565667,2474
TP53,CASP1,Activation,DoRothEA_AB,1.0,A,0.1242209717432105,0.0819870514914985,0.14055775,0.088641815,0.045948235653125884,0.8636122105930667,2475
TP53,CASP3,Activation,DoRothEA_AB,1.0,A,0.1242209717432105,0.0510679494161061,0.14055775,0.054516327,0.0038267742432008074,0.4468779313232549,2476
TP53,CCDC57,Activation,DoRothEA_AB,0.5,B,0.1242209717432105,0.0772069946148721,0.14055775,0.082107134,0.03788240774268924,0.7991855803341306,2477
TP53,CCNG1,Activation,DoRothEA_AB,1.0,A,0.1242209717432105,0.2802686512978667,0.14055775,0.36031926,0.38128266414582734,3.536094075890684,2478
TP53,CCNK,Activation,DoRothEA_AB,1.0,A,0.1242209717432105,0.0542748230168804,0.14055775,0.056210488,0.005917895612181672,0.4901008604843083,2479
TP53,CD82,Activation,DoRothEA_AB,1.0,A,0.1242209717432105,0.0923942639317484,0.14055775,0.11441758,0.07776354304913433,1.003882848625181,2480
TP53,CDC42EP3,Activation,DoRothEA_AB,0.5,B,0.1242209717432105,0.1060083499727731,0.14055775,0.12113367,0.0860532860635224,1.1873764158183553,2481
TP53,CDK4,Unknown,TRRUST,,,0.1242209717432105,0.193985599322312,0.14055775,0.2672014,0.26634627564451696,2.3731526233686937,2482
TP53,CDKN1B,Activation,DoRothEA_AB,1.0,A,0.1242209717432105,0.1297271132086905,0.14055775,0.14558037,0.11622811405865656,1.507062986217114,2483
TP53,CEP85L,Activation,DoRothEA_AB,0.5,B,0.1242209717432105,0.06123313366007,0.14055775,0.063834265,0.015328006573917202,0.5838864614941421,2484
TP53,CHD2,Activation,DoRothEA_AB,0.5,B,0.1242209717432105,0.1060083499727731,0.14055775,0.11514351,0.07865956635234123,1.1873764158183553,2485
TP53,CHD9,Activation,DoRothEA_AB,0.5,B,0.1242209717432105,0.062080232347067,0.14055775,0.06552845,0.01741915756635939,0.5953038390083829,2486
TP53,COP1,Activation,DoRothEA_AB,1.0,A,0.1242209717432105,0.0564530767834441,0.14055775,0.058630727,0.0089052229623809,0.5194598312352127,2487
TP53,CTBS,Activation,DoRothEA_AB,0.5,B,0.1242209717432105,0.0507049071216788,0.14055775,0.052882653,0.0018103126369258139,0.4419847695314373,2488
TP53,CTNNB1,Repression,DoRothEA_AB,-1.0,A,0.1242209717432105,0.1700248078901142,0.14055775,0.19768049,0.18053585946093376,2.0502039451087835,2489
TP53,CTSD,Activation,DoRothEA_AB,1.0,A,0.1242209717432105,0.0858595026320566,0.14055775,0.09172763,0.04975709070717429,0.9158059363724581,2490
TP53,CYFIP2,Unknown,TRRUST,,,0.1242209717432105,0.130453197797545,0.14055775,0.14570141,0.11637751504858697,1.5168493098007483,2491
TP53,DDB1,Activation,DoRothEA_AB,1.0,A,0.1242209717432105,0.1086706601319068,0.14055775,0.11986302,0.08448490893319326,1.2232596022916868,2492
TP53,DDB2,Activation,DoRothEA_AB,1.0,A,0.1242209717432105,0.1587704967628697,0.14055775,0.18237127,0.16163952252221944,1.8985159295624607,2493
TP53,DDIT4,Activation,DoRothEA_AB,1.0,A,0.1242209717432105,0.2307738851576057,0.14055775,0.42887402,0.46590055086459536,2.8689930182728003,2494
TP53,DHRS3,Activation,DoRothEA_AB,0.5,B,0.1242209717432105,0.0927573062261758,0.14055775,0.10159013,0.06193048184389256,1.0087760104169998,2495
TP53,DNMT1,Repression,DoRothEA_AB,-1.0,A,0.1242209717432105,0.1480002420281949,0.14055775,0.16905911,0.14520817848626755,1.7533521297385612,2496
TP53,DTWD1,Activation,DoRothEA_AB,0.5,B,0.1242209717432105,0.0543958371150228,0.14055775,0.056755047,0.006590050715250891,0.4917319144149137,2497
TP53,DUSP11,Activation,DoRothEA_AB,1.0,A,0.1242209717432105,0.1203485206026524,0.14055775,0.12803169,0.09456758725783475,1.3806563065951651,2498
TP53,DUSP5,Activation,DoRothEA_AB,1.0,A,0.1242209717432105,0.1052217583348472,0.14055775,0.13493024,0.10308254263691793,1.1767745652694162,2499
TP53,EI24,Activation,DoRothEA_AB,1.0,A,0.1242209717432105,0.1279724087856255,0.14055775,0.14346242,0.11361390531259702,1.4834127042233327,2501
TP53,EML2,Activation,DoRothEA_AB,0.5,B,0.1242209717432105,0.0546378653113077,0.14055775,0.058388732,0.008606525898945649,0.4949940222761259,2502
TP53,ETV6,Activation,DoRothEA_AB,0.5,B,0.1242209717432105,0.1393477340110124,0.14055775,0.17026885,0.146701373740385,1.6367317737002607,2503
TP53,EZH2,Repression,DoRothEA_AB,-1.0,A,0.1242209717432105,0.0557269921945895,0.14055775,0.06401585,0.015552138916584982,0.5096735076515775,2504
TP53,FAS,Activation,DoRothEA_AB,1.0,A,0.1242209717432105,0.1361408604102384,0.14055775,0.1684531,0.14446017374479603,1.5935088445392116,2505
TP53,FBXW7,Activation,DoRothEA_AB,0.5,B,0.1242209717432105,0.0582077812065093,0.14055775,0.061958592,0.013012842966963407,0.5431101132289969,2506
TP53,FOXK1,Activation,DoRothEA_AB,0.5,B,0.1242209717432105,0.0873721788588371,0.14055775,0.09209067,0.05020519493209435,0.9361941105050325,2507
TP53,FOXN3,Activation,DoRothEA_AB,0.5,B,0.1242209717432105,0.171719005264108,0.14055775,0.19532104,0.17762356463532872,2.0730387001372623,2508
TP53,FOXP1,Activation,DoRothEA_AB,0.5,B,0.1242209717432105,0.4412174018273505,0.14055775,0.64800966,0.7363820573502825,5.705395803597145,2509
TP53,FUS,Unknown,TRRUST,,,0.1242209717432105,0.4589459672052222,0.14055775,0.6763236,0.771330261785423,5.944345204430976,2510
TP53,GSTP1,Activation,DoRothEA_AB,1.0,A,0.1242209717432105,0.4951291825498204,0.14055775,0.86685115,1.0065004912881503,6.432030329682279,2511
TP53,HNRNPUL1,Activation,DoRothEA_AB,1.0,A,0.1242209717432105,0.1772251467295878,0.14055775,0.20094846,0.18456955041485634,2.1472516539798177,2512
TP53,HRAS,Activation,DoRothEA_AB,1.0,A,0.1242209717432105,0.1026199552247847,0.14055775,0.11544608,0.07903303179784053,1.1417069057613871,2513
TP53,HSF1,Unknown,TRRUST,,,0.1242209717432105,0.1569552852907335,0.14055775,0.17625993,0.15409622901758352,1.8740501206033766,2514
TP53,HSP90AB1,Repression,DoRothEA_AB,-1.0,A,0.1242209717432105,0.6267925213288267,0.14055775,1.6422527,1.9635870673254248,8.206617006182,2515
TP53,ID2,Unknown,TRRUST,,,0.1242209717432105,0.2402734918617852,0.14055775,0.5340345,0.5957012763566145,2.9970307518253416,2516
TP53,IER3,Activation,DoRothEA_AB,1.0,A,0.1242209717432105,0.0825316149331395,0.14055775,0.16046594,0.1346015351895057,0.8709519532807938,2517
TP53,IER5,Activation,DoRothEA_AB,0.5,B,0.1242209717432105,0.0821685726387122,0.14055775,0.090880565,0.04871154915450261,0.8660587914889762,2518
TP53,IFI16,Activation,DoRothEA_AB,1.0,A,0.1242209717432105,0.3147576692684704,0.14055775,0.4160467,0.450067650119769,4.000944446113497,2519
TP53,IPO7,Repression,TRRUST,,,0.1242209717432105,0.0666787680764797,0.14055775,0.07291021,0.02653054430982013,0.6572838883714095,2520
TP53,IRF2BP2,Activation,DoRothEA_AB,0.5,B,0.1242209717432105,0.1000181521147222,0.14055775,0.108608864,0.07059378164278567,1.1066392462533583,2521
TP53,KLF2,Repression,TRRUST,,,0.1242209717432105,0.1671204695346962,0.14055775,0.26835078,0.2677649678934114,2.0110586507742476,2522
TP53,KMT5B,Activation,DoRothEA_AB,0.5,B,0.1242209717432105,0.0674653597144055,0.14055775,0.07061096,0.02369255499969597,0.6678857389203474,2523
TP53,LITAF,Activation,DoRothEA_AB,1.0,A,0.1242209717432105,0.258909662975721,0.14055775,0.3244395,0.3369958857051096,3.2482130571386616,2524
TP53,LMNA,Activation,DoRothEA_AB,0.5,B,0.1242209717432105,0.0599624856295745,0.14055775,0.08283346,0.03877891983300793,0.5667603952227811,2525
TP53,MACF1,Activation,DoRothEA_AB,0.5,B,0.1242209717432105,0.1286379863254088,0.14055775,0.141526,0.11122376102210638,1.492383500841664,2526
TP53,MAD1L1,Repression,DoRothEA_AB,-1.0,A,0.1242209717432105,0.0770254734676584,0.14055775,0.082167655,0.03795710947196533,0.796738999438221,2527
TP53,MAP4,Repression,DoRothEA_AB,-1.0,A,0.1242209717432105,0.0924547709808197,0.14055775,0.10267929,0.06327484389108833,1.004698375590485,2528
TP53,MCL1,Repression,TRRUST,,,0.1242209717432105,0.2454165910328378,0.14055775,0.30060118,0.30757198776825245,3.0663505438760805,2529
TP53,MCM7,Repression,DoRothEA_AB,-1.0,A,0.1242209717432105,0.0563320626853017,0.14055775,0.06171659,0.012714137263351941,0.5178287773046073,2530
TP53,MDM4,Activation,DoRothEA_AB,1.0,A,0.1242209717432105,0.2403339989108564,0.14055775,0.2954593,0.30122530929747227,2.9978462787906444,2531
TP53,MED4,Activation,DoRothEA_AB,0.5,B,0.1242209717432105,0.2211532643552839,0.14055775,0.25480247,0.25104214134116687,2.7393242307896553,2532
TP53,METTL8,Activation,DoRothEA_AB,0.5,B,0.1242209717432105,0.0551219217038774,0.14055775,0.060203917,0.010847028508882686,0.5015182379985489,2533
TP53,MGMT,Repression,DoRothEA_AB,-1.0,A,0.1242209717432105,0.1004417014582208,0.14055775,0.10667264,0.06820387927722914,1.11234793501048,2534
TP53,MGRN1,Activation,DoRothEA_AB,0.5,B,0.1242209717432105,0.0825316149331395,0.14055775,0.08749219,0.0445292409980638,0.8709519532807938,2535
TP53,MRPL27,Activation,DoRothEA_AB,1.0,A,0.1242209717432105,0.1384401282749442,0.14055775,0.15834841,0.13198784485401927,1.6244988692207176,2536
TP53,MSI2,Activation,DoRothEA_AB,0.5,B,0.1242209717432105,0.0714588249531061,0.14055775,0.07648008,0.030936873720946775,0.7217105186303456,2537
TP53,MYC,Repression,DoRothEA_AB,-1.0,A,0.1242209717432105,0.285230229321708,0.14055775,0.60675657,0.6854629191836673,3.6029672870455456,2538
TP53,NFIC,Activation,DoRothEA_AB,0.5,B,0.1242209717432105,0.0736975857687413,0.14055775,0.07926337,0.034372318873485845,0.7518850163465569,2539
TP53,NFKB1,Unknown,TRRUST,,,0.1242209717432105,0.1009257578507906,0.14055775,0.11804789,0.08224447421035508,1.1188721507329042,2540
TP53,NFYC,Activation,DoRothEA_AB,0.5,B,0.1242209717432105,0.0718823742966047,0.14055775,0.07641956,0.030862173225981573,0.7274192073874673,2541
TP53,NINJ1,Activation,DoRothEA_AB,1.0,A,0.1242209717432105,0.1462455376051299,0.14055775,0.18206853,0.1612658472438691,1.7297018477447799,2542
TP53,NME1,Activation,DoRothEA_AB,1.0,A,0.1242209717432105,0.2530404792158112,0.14055775,0.5667047,0.6360264599424005,3.169106941504252,2543
TP53,PANK2,Activation,DoRothEA_AB,0.5,B,0.1242209717432105,0.0867066013190537,0.14055775,0.09203014,0.050130482094020275,0.9272233138867,2544
TP53,PCNA,Activation,DoRothEA_AB,1.0,A,0.1242209717432105,0.0808979246082165,0.14055775,0.09172769,0.04975716476582758,0.8489327252176124,2545
TP53,PCNX1,Activation,DoRothEA_AB,0.5,B,0.1242209717432105,0.0680099231560465,0.14055775,0.07139755,0.024663451601392425,0.6752254816080746,2546
TP53,PDE4D,Activation,DoRothEA_AB,0.5,B,0.1242209717432105,0.0531251890845273,0.14055775,0.05729962,0.007262223098672547,0.47460584814355256,2547
TP53,PHACTR4,Activation,DoRothEA_AB,0.5,B,0.1242209717432105,0.062080232347067,0.14055775,0.06570996,0.017643197335710535,0.5953038390083829,2548
TP53,PLAC8,Activation,DoRothEA_AB,0.5,B,0.1242209717432105,0.2347068433472342,0.14055775,0.31954095,0.3309495521028007,2.922002271017484,2549
TP53,PLK3,Activation,DoRothEA_AB,1.0,A,0.1242209717432105,0.1196224360137977,0.14055775,0.14721434,0.11824494102095454,1.3708699830115283,2550
TP53,PMAIP1,Activation,DoRothEA_AB,1.0,A,0.1242209717432105,0.2311974345011042,0.14055775,0.36165032,0.382925605996924,2.874701707029921,2551
TP53,PML,Activation,DoRothEA_AB,1.0,A,0.1242209717432105,0.0500998366309666,0.14055775,0.05209606,0.0008394123322966966,0.43382949987840735,2552
TP53,PPP4R3A,Activation,DoRothEA_AB,0.5,B,0.1242209717432105,0.1478187208809813,0.14055775,0.16391562,0.13885951277495712,1.750905548842653,2553
TP53,PRDM1,Activation,DoRothEA_AB,1.0,A,0.1242209717432105,0.1087916742300492,0.14055775,0.15743995,0.13086652278435507,1.2248906562222925,2554
TP53,PRKAG2,Activation,DoRothEA_AB,0.5,B,0.1242209717432105,0.0781751074000116,0.14055775,0.082954235,0.03892799373055289,0.812234011778978,2555
TP53,PRKCH,Activation,DoRothEA_AB,0.5,B,0.1242209717432105,0.1908392327706093,0.14055775,0.22430551,0.21339941155045947,2.3307452211729487,2556
TP53,PRPF40A,Activation,DoRothEA_AB,0.5,B,0.1242209717432105,0.2126822774853149,0.14055775,0.25667652,0.25335530166154885,2.6251504556472613,2557
TP53,PTEN,Activation,DoRothEA_AB,1.0,A,0.1242209717432105,0.1135717311066757,0.14055775,0.12258577,0.08784562890454936,1.28931728648123,2558
TP53,PYCARD,Activation,DoRothEA_AB,1.0,A,0.1242209717432105,0.1022569129303574,0.14055775,0.1128443,0.07582162641465258,1.1368137439695694,2559
TP53,RASA3,Activation,DoRothEA_AB,0.5,B,0.1242209717432105,0.0501603436800379,0.14055775,0.052398607,0.0012128493886455643,0.4346450268437114,2560
TP53,RASSF1,Repression,DoRothEA_AB,-1.0,A,0.1242209717432105,0.0777515580565131,0.14055775,0.0836803,0.0398241836657297,0.8065253230218576,2561
TP53,RB1,Repression,DoRothEA_AB,-1.0,A,0.1242209717432105,0.0703091910207529,0.14055775,0.07424133,0.028173560219570026,0.7062155062895887,2562
TP53,RBMS1,Activation,DoRothEA_AB,0.5,B,0.1242209717432105,0.1427966358080711,0.14055775,0.16203955,0.13654385914658063,1.6832168107225196,2563
TP53,RBPJ,Activation,DoRothEA_AB,0.5,B,0.1242209717432105,0.1714164700187519,0.14055775,0.21123381,0.1972648699107291,2.0689610653107473,2564
TP53,RCC2,Activation,DoRothEA_AB,0.5,B,0.1242209717432105,0.0540327948205955,0.14055775,0.057299595,0.007262192240900336,0.4868387526230961,2565
TP53,RCHY1,Activation,DoRothEA_AB,1.0,A,0.1242209717432105,0.0672233315181207,0.14055775,0.07170009,0.02503688001756506,0.6646236310591366,2566
TP53,REEP5,Repression,TRRUST,,,0.1242209717432105,0.2325285895806707,0.14055775,0.2875325,0.291441173747405,2.892643300266582,2567
TP53,RELA,Activation,DoRothEA_AB,1.0,A,0.1242209717432105,0.1190173655230855,0.14055775,0.13057321,0.09770461306688845,1.3627147133584987,2568
TP53,REV3L,Activation,DoRothEA_AB,0.5,B,0.1242209717432105,0.0625037816905655,0.14055775,0.06577046,0.017717873144457965,0.6010125277655033,2569
TP53,RHOA,Activation,DoRothEA_AB,1.0,A,0.1242209717432105,0.4683850668603348,0.14055775,0.7401554,0.8501185475507739,6.071567411018274,2570
TP53,RNF216,Activation,DoRothEA_AB,0.5,B,0.1242209717432105,0.0967507714648763,0.14055775,0.10298176,0.06364818590549878,1.0626007901269967,2571
TP53,RPS27L,Activation,DoRothEA_AB,1.0,A,0.1242209717432105,0.5545471047377727,0.14055775,1.0782235,1.2673996843971302,7.232877809610002,2573
TP53,RTN4,Activation,DoRothEA_AB,0.5,B,0.1242209717432105,0.1922914019483182,0.14055775,0.22073567,0.20899311916865945,2.3503178683402153,2574
TP53,RUNX1,Activation,DoRothEA_AB,0.5,B,0.1242209717432105,0.0726084588854593,0.14055775,0.07835578,0.03325207065429455,0.7372055309711026,2575
TP53,SERTAD1,Activation,DoRothEA_AB,1.0,A,0.1242209717432105,0.0615961759544972,0.14055775,0.064862885,0.016597643439929987,0.5887796232859583,2576
TP53,SFSWAP,Activation,DoRothEA_AB,0.5,B,0.1242209717432105,0.065952683487625,0.14055775,0.07042947,0.023468539916562576,0.6474975647877728,2577
TP53,SH2D1A,Activation,DoRothEA_AB,1.0,A,0.1242209717432105,0.18636171113934,0.14055775,0.23858416,0.23102370471692865,2.270396225740541,2578
TP53,SIVA1,Activation,DoRothEA_AB,1.0,A,0.1242209717432105,0.291946511768615,0.14055775,0.35916963,0.37986366331921084,3.6934907801941987,2579
TP53,SMAD3,Activation,DoRothEA_AB,0.5,B,0.1242209717432105,0.0641979790645596,0.14055775,0.069158815,0.021900156614679006,0.6238472827939859,2580
TP53,SNAP47,Activation,DoRothEA_AB,0.5,B,0.1242209717432105,0.0900344890179708,0.14055775,0.09693115,0.056179852101114584,0.9720772969783643,2581
TP53,STAT1,Activation,DoRothEA_AB,1.0,A,0.1242209717432105,0.3569915895201921,0.14055775,0.62375486,0.7064440936146298,4.570182267895118,2582
TP53,STAT3,Repression,DoRothEA_AB,-1.0,A,0.1242209717432105,0.2711320868881103,0.14055775,0.33920252,0.35521804203658686,3.412949504129904,2583
TP53,STAT6,Activation,DoRothEA_AB,0.5,B,0.1242209717432105,0.1250680704302076,0.14055775,0.13862143,0.10763861864502368,1.4442674098887984,2584
TP53,STK17A,Activation,DoRothEA_AB,0.5,B,0.1242209717432105,0.3001149633932317,0.14055775,0.39372018,0.4225097833839755,3.803586920510128,2585
TP53,SULF2,Activation,DoRothEA_AB,0.5,B,0.1242209717432105,0.150662552187328,0.14055775,0.17704612,0.1550666318949246,1.7892353162118846,2586
TP53,SYNE1,Activation,DoRothEA_AB,0.5,B,0.1242209717432105,0.0655291341441265,0.14055775,0.070187435,0.023169793480691807,0.6417888760306526,2587
TP53,SYNE2,Activation,DoRothEA_AB,0.5,B,0.1242209717432105,0.2894657227566944,0.14055775,0.3761712,0.4008488862898872,3.6600541746167683,2588
TP53,TAB2,Activation,DoRothEA_AB,0.5,B,0.1242209717432105,0.1005627155563632,0.14055775,0.11205772,0.07485074215606502,1.1139789889410854,2589
TP53,TAP1,Activation,DoRothEA_AB,1.0,A,0.1242209717432105,0.3601984631209675,0.14055775,0.6138982,0.6942779108534995,4.613405197056186,2590
TP53,TBCA,Activation,DoRothEA_AB,0.5,B,0.1242209717432105,0.56519634537431,0.14055775,1.0106128,1.1839470612156533,7.376410555503362,2591
TP53,TGFB1,Activation,DoRothEA_AB,1.0,A,0.1242209717432105,0.239910449567358,0.14055775,0.3166334,0.32736073147927064,2.992137590033525,2592
TP53,TMEM30A,Activation,DoRothEA_AB,0.5,B,0.1242209717432105,0.078296121498154,0.14055775,0.08343827,0.039525443401413354,0.8138650657095835,2593
TP53,TNFAIP8,Activation,DoRothEA_AB,0.5,B,0.1242209717432105,0.326254008592005,0.14055775,0.5417198,0.6051873258271363,4.155894569521102,2594
TP53,TP53,Activation,TRRUST,,,0.1242209717432105,0.1242209717432105,0.14055775,0.14055775,0.11002863950442551,1.4328500323745565,2595
TP53,TPD52,Activation,DoRothEA_AB,0.5,B,0.1242209717432105,0.0542748230168804,0.14055775,0.058146697,0.008307779463074863,0.4901008604843083,2596
TP53,TRIAP1,Activation,DoRothEA_AB,1.0,A,0.1242209717432105,0.129001028619836,0.14055775,0.14848496,0.11981328112195702,1.4972766626334804,2597
TP53,TRIM22,Activation,DoRothEA_AB,1.0,A,0.1242209717432105,0.1159315060204533,0.14055775,0.12930244,0.0961360878192527,1.3211228381280464,2598
TP53,TSC2,Activation,DoRothEA_AB,1.0,A,0.1242209717432105,0.0535487384280258,0.14055775,0.055363394,0.004872318264494246,0.48031453690067294,2599
TP53,TSPAN14,Activation,DoRothEA_AB,0.5,B,0.1242209717432105,0.0955406304834519,0.14055775,0.10364734,0.0644697185465915,1.046290250820937,2600
TP53,UBE2F,Activation,DoRothEA_AB,0.5,B,0.1242209717432105,0.1267622678042013,0.14055775,0.14957426,0.12115781597267712,1.4671021649172757,2601
TP53,UBE2L3,Activation,DoRothEA_AB,1.0,A,0.1242209717432105,0.306649724692925,0.14055775,0.41011876,0.4427507292320633,3.8916638327628714,2602
TP53,USP34,Activation,DoRothEA_AB,0.5,B,0.1242209717432105,0.0960851939250929,0.14055775,0.10267923,0.063274769832435,1.0536299935086642,2603
TP53,VMP1,Activation,DoRothEA_AB,0.5,B,0.1242209717432105,0.2668360864040527,0.14055775,0.338841,0.35477181396421714,3.3550470895933784,2604
TP53,XPC,Activation,DoRothEA_AB,1.0,A,0.1242209717432105,0.0913656440975377,0.14055775,0.09838331,0.05797226900079488,0.9900188902150308,2605
TP53,XPO1,Repression,TRRUST,,,0.1242209717432105,0.0732135293761715,0.14055775,0.07956591,0.0347457472896585,0.7453608006241325,2606
TP53,YBX3,Activation,DoRothEA_AB,0.5,B,0.1242209717432105,0.0773280087130145,0.14055775,0.13396233,0.10188784078493911,0.8008166342647359,2607
TRIM22,NFKB1,Unknown,TRRUST,,,0.1159315060204533,0.1009257578507906,0.12930244,0.11804789,0.08224447421035508,1.1188721507329042,2608
TRIM22,RELA,Unknown,TRRUST,,,0.1159315060204533,0.1190173655230855,0.12930244,0.13057321,0.09770461306688845,1.3627147133584987,2609
TRIM28,E2F4,Repression,TRRUST,,,0.083499727718279,0.1799479639377921,0.091727644,0.22176345,0.21026171921352602,2.183950367418444,2610
TRIM28,ZNF274,Unknown,TRRUST,,,0.083499727718279,0.0844073334543473,0.091727644,0.08930738,0.04676974977955528,0.8962332892051861,2611
TSC22D3,FOXO1,Repression,TRRUST,,,0.16881466690869,0.0503418648272515,0.22448581,0.05245911,0.0012875289003256565,0.4370916077396197,2612
USF2,ASPSCR1,Activation,DoRothEA_AB,0.5,B,0.1578023839777304,0.0614146548072836,0.18122166,0.06383426,0.015328000402362764,0.5863330423900504,2613
USF2,ATP5F1A,Activation,DoRothEA_AB,1.0,A,0.1578023839777304,0.4373449506867915,0.18122166,0.6534012,0.7430368938774573,5.653202077817742,2614
USF2,CD2,Activation,DoRothEA_AB,1.0,A,0.1578023839777304,0.547407272947367,0.18122166,1.0549258,1.2386430796127528,7.136645627704227,2616
USF2,CTSB,Activation,DoRothEA_AB,1.0,A,0.1578023839777304,0.1236159012524983,0.18122166,0.13759273,0.10636888303413983,1.4246947627215265,2617
USF2,CTSD,Activation,DoRothEA_AB,1.0,A,0.1578023839777304,0.0858595026320566,0.18122166,0.09172763,0.04975709070717429,0.9158059363724581,2618
USF2,CXCR4,Activation,DoRothEA_AB,1.0,A,0.1578023839777304,0.5044472681067905,0.18122166,0.9950035,1.1646803322655517,6.557621482338969,2619
USF2,HIF1A,Unknown,TRRUST,,,0.1578023839777304,0.2056634597930549,0.18122166,0.2684732,0.2679160722323678,2.5305493276721354,2620
USF2,MYH9,Activation,DoRothEA_AB,1.0,A,0.1578023839777304,0.1780117383675135,0.18122166,0.20554735,0.1902460104163511,2.157853504528754,2621
USF2,PTPN6,Activation,DoRothEA_AB,1.0,A,0.1578023839777304,0.2216373207478535,0.18122166,0.27857774,0.2803882159765113,2.7458484465120767,2622
USF2,SF1,Activation,DoRothEA_AB,1.0,A,0.1578023839777304,0.4240939069401911,0.18122166,0.5887824,0.6632772054429457,5.474601672416345,2623
USF2,TGFB1,Activation,DoRothEA_AB,1.0,A,0.1578023839777304,0.239910449567358,0.18122166,0.3166334,0.32736073147927064,2.992137590033525,2624
VHL,BHLHE40,Unknown,TRRUST,,,0.0606280631693578,0.0874931929569796,0.06280566,0.10933506,0.07149013327268885,0.9378251644356395,2625
VHL,CDKN1B,Activation,TRRUST,,,0.0606280631693578,0.1297271132086905,0.06280566,0.14558037,0.11622811405865656,1.507062986217114,2626
VHL,CXCR4,Repression,TRRUST,,,0.0606280631693578,0.5044472681067905,0.06280566,0.9950035,1.1646803322655517,6.557621482338969,2627
VHL,HIF1A,Repression,TRRUST,,,0.0606280631693578,0.2056634597930549,0.06280566,0.2684732,0.2679160722323678,2.5305493276721354,2628
VHL,TFRC,Repression,TRRUST,,,0.0606280631693578,0.0755733042899491,0.06280566,0.08954951,0.047068613474960455,0.7771663522709492,2629
VHL,TP53,Unknown,TRRUST,,,0.0606280631693578,0.1242209717432105,0.06280566,0.14055775,0.11002863950442551,1.4328500323745565,2630
WWP1,SPART,Unknown,TRRUST,,,0.0625037816905655,0.092273249833606,0.06570996,0.10007748,0.06006340147857373,1.0022517946945757,2631
XBP1,DDIT3,Unknown,TRRUST,,,0.3586252798451154,0.0657711623404114,0.54855305,0.070489965,0.023543209553755568,0.6450509838918648,2632
XBP1,ERP29,Repression,TRRUST,,,0.3586252798451154,0.5181823682459608,0.54855305,0.80531317,0.9305434925247996,6.742746103462791,2633
XBP1,HSPA5,Activation,TRRUST,,,0.3586252798451154,0.2177043625582251,0.54855305,0.29557768,0.30137142702043956,2.692839193767395,2634
XBP1,PRNP,Unknown,TRRUST,,,0.3586252798451154,0.1934410358806712,0.54855305,0.25909498,0.2563404331726776,2.3658128806809695,2635
XBP1,PTGER4,Unknown,TRRUST,,,0.3586252798451154,0.1179887456888748,0.54855305,0.14612475,0.11690004822007677,1.3488507549483484,2636
XBP1,SOD2,Unknown,TRRUST,,,0.3586252798451154,0.1158104919223108,0.54855305,0.1359588,0.10435210544427741,1.3194917841974398,2637
XPC,CASP2,Repression,TRRUST,,,0.0913656440975377,0.072789980032673,0.09838331,0.07648007,0.030936861377837882,0.739652111867012,2638
XPC,KIN,Activation,TRRUST,,,0.0913656440975377,0.0611121195619275,0.09838331,0.06395528,0.015477376706075376,0.5822554075635353,2639
XRCC5,ETS1,Repression,TRRUST,,,0.3117928238639799,0.2819023416227901,0.4179828,0.35590377,0.3758325767612628,3.5581133039538706,2640
YBX1,CCNC,Repression,TRRUST,,,0.8466751376536928,0.164700187571848,3.6513522,0.19156878,0.17299210926126912,1.9784375721621366,2641
YBX1,CKS2,Repression,TRRUST,,,0.8466751376536928,0.0989290252314403,3.6513522,0.13898471,0.108087019104557,1.0919597608779052,2642
YBX1,CXCR4,Activation,TRRUST,,,0.8466751376536928,0.5044472681067905,3.6513522,0.9950035,1.1646803322655517,6.557621482338969,2643
YBX1,FAS,Repression,TRRUST,,,0.8466751376536928,0.1361408604102384,3.6513522,0.1684531,0.14446017374479603,1.5935088445392116,2644
YBX1,KPNA2,Repression,DoRothEA_AB,-1.0,A,0.8466751376536928,0.0771464875658008,3.6513522,0.09184877,0.04990661512819349,0.7983700533688265,2645
YBX1,RAD9A,Activation,TRRUST,,,0.8466751376536928,0.0819870514914985,3.6513522,0.085919015,0.04258745396622535,0.8636122105930667,2646
YBX1,SUMO1,Repression,DoRothEA_AB,-1.0,A,0.8466751376536928,0.4355902462637257,3.6513522,0.637606,0.7235407065332046,5.62955179582395,2647
YEATS4,TP53,Repression,TRRUST,,,0.106794941610699,0.1242209717432105,0.11568808,0.14055775,0.11002863950442551,1.4328500323745565,2648
YY1,APH1A,Activation,DoRothEA_AB,1.0,A,0.2130453197797422,0.2280510679494014,0.2520799,0.27125746,0.2713527146664686,2.832294304834174,2649
YY1,ATXN10,Activation,DoRothEA_AB,1.0,A,0.2130453197797422,0.0937859260603865,0.2520799,0.10019849,0.06021276543917747,1.0226399688271504,2650
YY1,CBX5,Unknown,TRRUST,,,0.2130453197797422,0.119138379621228,0.2520799,0.1311783,0.09845148224234264,1.3643457672891053,2651
YY1,CELF1,Activation,DoRothEA_AB,0.5,B,0.2130453197797422,0.1846675137653462,0.2520799,0.21153826,0.1976406558606986,2.2475614707120624,2652
YY1,COX6A1,Unknown,TRRUST,,,0.2130453197797422,0.5711260361832909,0.2520799,1.0680635,1.2548590857711168,7.456332198103074,2653
YY1,COX7C,Activation,TRRUST,,,0.2130453197797422,0.9162582440856124,0.2520799,3.542154,4.308655928776329,12.108098008192416,2654
YY1,CREBBP,Repression,DoRothEA_AB,-1.0,A,0.2130453197797422,0.0628668239849928,0.2520799,0.065891474,0.01786724204230525,0.6059056895573208,2655
YY1,CTCF,Activation,DoRothEA_AB,1.0,A,0.2130453197797422,0.0899134749198284,0.2520799,0.09681015,0.056030500483619745,0.9704462430477588,2656
YY1,CXCR4,Repression,DoRothEA_AB,-1.0,A,0.2130453197797422,0.5044472681067905,0.2520799,0.9950035,1.1646803322655517,6.557621482338969,2657
YY1,DEK,Activation,DoRothEA_AB,1.0,A,0.2130453197797422,0.3271011072790022,0.2520799,0.4365576,0.4753844773203891,4.167311947035346,2658
YY1,DLG1,Activation,DoRothEA_AB,1.0,A,0.2130453197797422,0.0747867126520232,0.2520799,0.080715515,0.0361647172585028,0.7665645017220099,2659
YY1,DNAJA3,Repression,DoRothEA_AB,-1.0,A,0.2130453197797422,0.1104858716040434,0.2520799,0.12040755,0.08515702824124673,1.2477254112507765,2660
YY1,EP300,Activation,DoRothEA_AB,1.0,A,0.2130453197797422,0.0646215284080582,0.2520799,0.068009205,0.02048118047428026,0.6295559715511077,2661
YY1,FAS,Repression,DoRothEA_AB,-1.0,A,0.2130453197797422,0.1361408604102384,0.2520799,0.1684531,0.14446017374479603,1.5935088445392116,2662
YY1,FDPS,Repression,DoRothEA_AB,-1.0,A,0.2130453197797422,0.184909541961631,0.2520799,0.21777,0.20533256039629633,2.2508235785732733,2663
YY1,GBP1,Unknown,TRRUST,,,0.2130453197797422,0.2019120227506401,0.2520799,0.2796663,0.28173183743717395,2.479986655823362,2664
YY1,GNAS,Activation,DoRothEA_AB,0.5,B,0.2130453197797422,0.2630241423125649,0.2520799,0.32377425,0.33617476038661,3.303668890779277,2665
YY1,HCFC1,Activation,DoRothEA_AB,1.0,A,0.2130453197797422,0.0508864282688924,0.2520799,0.053185172,0.0021837151325698077,0.44443135042734533,2666
YY1,HDAC1,Unknown,TRRUST,,,0.2130453197797422,0.1769831185333029,0.2520799,0.20010112,0.18352366942669035,2.1439895461186054,2667
YY1,HDAC2,Unknown,TRRUST,,,0.2130453197797422,0.1480002420281949,0.2520799,0.17172153,0.14849443248172725,1.7533521297385612,2668
YY1,HDAC3,Unknown,TRRUST,,,0.2130453197797422,0.1089126883281917,0.2520799,0.11744274,0.0814975309762476,1.2265217101528993,2669
YY1,HIF1A,Unknown,TRRUST,,,0.2130453197797422,0.2056634597930549,0.2520799,0.2684732,0.2679160722323678,2.5305493276721354,2670
YY1,HNRNPL,Repression,DoRothEA_AB,-1.0,A,0.2130453197797422,0.179040358201724,0.2520799,0.20324755,0.18740734223523836,2.1717174629389016,2671
YY1,HSF1,Activation,DoRothEA_AB,1.0,A,0.2130453197797422,0.1569552852907335,0.2520799,0.17625993,0.15409622901758352,1.8740501206033766,2672
YY1,HSPA5,Activation,DoRothEA_AB,1.0,A,0.2130453197797422,0.2177043625582251,0.2520799,0.29557768,0.30137142702043956,2.692839193767395,2673
YY1,IRAK1,Repression,DoRothEA_AB,-1.0,A,0.2130453197797422,0.0549404005566637,0.2520799,0.061051022,0.011892619433989884,0.4990716571026395,2674
YY1,IRF7,Unknown,TRRUST,,,0.2130453197797422,0.1204695347007948,0.2520799,0.13408288,0.10203663696253418,1.3822873605257704,2675
YY1,KAT6A,Repression,DoRothEA_AB,-1.0,A,0.2130453197797422,0.0846493616506322,0.2520799,0.09118306,0.04908492202668528,0.8994953970663983,2676
YY1,KDM2A,Activation,DoRothEA_AB,0.5,B,0.2130453197797422,0.1043746596478501,0.2520799,0.112481244,0.0753735024407583,1.165357187755174,2677
YY1,MANF,Activation,DoRothEA_AB,1.0,A,0.2130453197797422,0.2541296060990934,0.2520799,0.3639496,0.38576363233637473,3.1837864268797094,2678
YY1,MICU2,Repression,DoRothEA_AB,-1.0,A,0.2130453197797422,0.0945120106492412,0.2520799,0.101106055,0.061332982800596555,1.0324262924107868,2679
YY1,MRPL46,Activation,DoRothEA_AB,1.0,A,0.2130453197797422,0.0795062624795785,0.2520799,0.08404335,0.04027230023375866,0.8301756050156445,2680
YY1,MRPS10,Repression,DoRothEA_AB,-1.0,A,0.2130453197797422,0.1432806922006408,0.2520799,0.16482307,0.139979588190624,1.6897410264449426,2681
YY1,MRPS18B,Repression,DoRothEA_AB,-1.0,A,0.2130453197797422,0.1798874568887209,0.2520799,0.20554724,0.1902458746421534,2.183134840453141,2682
YY1,MYC,Repression,DoRothEA_AB,-1.0,A,0.2130453197797422,0.285230229321708,0.2520799,0.60675657,0.6854629191836673,3.6029672870455456,2683
YY1,NR3C1,Activation,DoRothEA_AB,1.0,A,0.2130453197797422,0.1855146124523431,0.2520799,0.2315664,0.22236160713684086,2.2589788482263016,2684
YY1,PARP1,Unknown,TRRUST,,,0.2130453197797422,0.2079022206086896,0.2520799,0.24947752,0.24446949757604974,2.56072382538834,2685
YY1,PBDC1,Repression,DoRothEA_AB,-1.0,A,0.2130453197797422,0.1147818720881001,0.2520799,0.1289999,0.09576265940308007,1.3056278257872895,2686
YY1,PCNA,Activation,TRRUST,,,0.2130453197797422,0.0808979246082165,0.2520799,0.09172769,0.04975716476582758,0.8489327252176124,2687
YY1,PDIA6,Repression,TRRUST,,,0.2130453197797422,0.2411205905487821,0.2520799,0.33042917,0.34438900060395544,3.008448129339581,2688
YY1,PPP2R1A,Repression,DoRothEA_AB,-1.0,A,0.2130453197797422,0.1661523567495569,0.2520799,0.18848293,0.16918321100633965,1.9980102193294027,2689
YY1,PRDM2,Activation,DoRothEA_AB,1.0,A,0.2130453197797422,0.101046771948933,0.2520799,0.10951644,0.07171401258162453,1.1205032046635097,2690
YY1,PSMD8,Repression,DoRothEA_AB,-1.0,A,0.2130453197797422,0.3381738972590382,0.2520799,0.47661662,0.5248297618845077,4.316553381685829,2691
YY1,RAB3GAP1,Activation,DoRothEA_AB,1.0,A,0.2130453197797422,0.0523385974466016,0.2520799,0.055060886,0.004498929346270026,0.46400399759461586,2692
YY1,RPRD2,Repression,DoRothEA_AB,-1.0,A,0.2130453197797422,0.0743631633085247,0.2520799,0.07805321,0.03287860520879524,0.7608558129648895,2693
YY1,SNRPN,Unknown,TRRUST,,,0.2130453197797422,0.2920675258667575,0.2520799,0.3582013,0.3786684430566589,3.695121834124805,2694
YY1,SRP68,Repression,DoRothEA_AB,-1.0,A,0.2130453197797422,0.087069643613481,0.2520799,0.092453696,0.05065328187666199,0.9321164756785177,2695
YY1,SURF1,Activation,TRRUST,,,0.2130453197797422,0.1550795667695261,0.2520799,0.17287132,0.1499136307980859,1.84876878467899,2696
YY1,SURF2,Activation,TRRUST,,,0.2130453197797422,0.1276093664911982,0.2520799,0.14207056,0.11189591735948648,1.4785195424315152,2697
YY1,TFRC,Unknown,TRRUST,,,0.2130453197797422,0.0755733042899491,0.2520799,0.08954951,0.047068613474960455,0.7771663522709492,2698
YY1,TP53,Activation,DoRothEA_AB,1.0,A,0.2130453197797422,0.1242209717432105,0.2520799,0.14055775,0.11002863950442551,1.4328500323745565,2699
YY1,TTC17,Repression,DoRothEA_AB,-1.0,A,0.2130453197797422,0.0953591093362383,0.2520799,0.102195196,0.06267732139588543,1.0438436699250289,2700
YY1,USP7,Activation,DoRothEA_AB,0.5,B,0.2130453197797422,0.0568766261269426,0.2520799,0.059780363,0.010324231194862754,0.525168519992333,2701
YY1,WDR82,Activation,DoRothEA_AB,1.0,A,0.2130453197797422,0.1330550009076068,0.2520799,0.14921108,0.12070953894423268,1.5519169693087678,2702
ZBTB2,ARF1,Repression,TRRUST,,,0.0505233859744651,0.3998910873116973,0.052640613,0.587151,0.6612635506596308,5.148390886295072,2703
ZBTB2,TP53,Repression,TRRUST,,,0.0505233859744651,0.1242209717432105,0.052640613,0.14055775,0.11002863950442551,1.4328500323745565,2704
ZBTB7A,MYC,Repression,TRRUST,,,0.1349307194288143,0.285230229321708,0.15163147,0.60675657,0.6854629191836673,3.6029672870455456,2705
ZBTB7A,PFKP,Repression,DoRothEA_AB,-1.0,A,0.1349307194288143,0.0996551098202949,0.15163147,0.11393344,0.07716596377563058,1.1017460844615405,2706
ZBTB7A,PKM,Repression,TRRUST,,,0.1349307194288143,0.6205602952744895,0.15163147,1.616421,1.9317027187498743,8.122617728755772,2707
ZBTB7A,SEPTIN9,Activation,DoRothEA_AB,0.5,B,0.1349307194288143,0.2915834694741876,0.15163147,0.3915392,0.4198177760226209,3.6885976184023797,2708
ZBTB7A,SLC2A3,Repression,TRRUST,,,0.1349307194288143,0.1034065468627106,0.15163147,0.11822936,0.08246846460727073,1.1523087563103265,2709
ZEB1,FLNA,Activation,DoRothEA_AB,0.5,B,0.0646215284080582,0.1411629454831486,0.06861427,0.16337064,0.13818683802700388,1.661197582659345,2710
ZEB1,ITGB1,Activation,DoRothEA_AB,0.5,B,0.0646215284080582,0.1781327524656559,0.06861427,0.24639054,0.24065920454981635,2.1594845584593596,2711
ZEB1,PXN,Activation,DoRothEA_AB,0.5,B,0.0646215284080582,0.0534882313789546,0.06861427,0.056271,0.005992586232659754,0.4794990099353703,2712
ZEB1,TECR,Activation,DoRothEA_AB,0.5,B,0.0646215284080582,0.1967689235795875,0.06861427,0.2309015,0.22154091382715224,2.4106668637726227,2713
ZFP36,ELAVL1,Activation,TRRUST,,,0.3185696133599582,0.1870877957281945,0.43389544,0.221945,0.21048580835531272,2.280182549324175,2714
ZFP36,HIF1A,Activation,TRRUST,,,0.3185696133599582,0.2056634597930549,0.43389544,0.2684732,0.2679160722323678,2.5305493276721354,2715
ZNF143,PCYT1A,Activation,TRRUST,,,0.0513099776123909,0.0624432746414942,0.0534272,0.06589148,0.01786724944817058,0.6001970008001991,2716
ZNF143,TALDO1,Unknown,TRRUST,,,0.0513099776123909,0.2606643673987868,0.0534272,0.32673952,0.3398348254346178,3.271863339132454,2717
ZNF148,ODC1,Unknown,TRRUST,,,0.099957645065651,0.2060870091365534,0.10679366,0.43631718,0.47508772429660306,2.536258016429256,2718
ZNF224,ALDOA,Repression,DoRothEA_AB,-1.0,A,0.0806558964119316,0.6981908392328834,0.08452737,1.8180721,2.1806028671351205,9.168938825239753,2720
ZNF24,CTNNB1,Activation,TRRUST,,,0.1318448599261827,0.1700248078901142,0.14328091,0.19768049,0.18053585946093376,2.0502039451087835,2721
