dataset,condition,edge_set,score_definition,metric,repeat,n_positive,n_negative,random_auprc_baseline,auroc,auprc,enrichment_at_5pct,positive_median,negative_median,median_difference,cliffs_delta
GSE126030_T_cells,blood,trrust,formal_abs,pearson,0,1292,1292,0.5,0.503357168189094,0.5167015753732296,1.0923076923076922,0.016371263191103935,0.016551464796066284,-0.00018020160496234894,0.006714336378188301
GSE126030_T_cells,blood,trrust,formal_abs,spearman,0,1292,1292,0.5,0.48850391549808775,0.5028872067105113,1.0307692307692307,0.03200832009315491,0.03394483029842377,-0.0019365102052688599,-0.022992169003824392
GSE126030_T_cells,blood,trrust,formal_abs,mutual_information,0,1292,1292,0.5,0.4884754598433801,0.49113283514863726,0.8923076923076924,0.007612430024892092,0.007464887574315071,0.00014754245057702065,-0.023049080313239823
GSE126030_T_cells,blood,trrust,formal_abs,coexpression_probability,0,1292,1292,0.5,0.5008024494627572,0.5021700648745939,1.0153846153846153,0.04229787178337574,0.04187234118580818,0.0004255305975675583,0.0016048989255144086
GSE126030_T_cells,blood,trrust,formal_abs,codetection_odds_ratio,0,1292,1292,0.5,0.478995832894018,0.49507102453185237,1.0153846153846153,1.4389618635177612,1.4780715703964233,-0.03910970687866211,-0.04200833421196404
GSE126030_T_cells,blood,trrust,formal_abs,pearson,1,1292,1292,0.5,0.511995705891938,0.5245135548175713,1.1384615384615384,0.016371263191103935,0.016207569278776646,0.00016369391232728958,0.023991411783875982
GSE126030_T_cells,blood,trrust,formal_abs,spearman,1,1292,1292,0.5,0.49430826999204436,0.508036557601792,1.0769230769230769,0.03200832009315491,0.03335640951991081,-0.0013480894267559052,-0.011383460015911173
GSE126030_T_cells,blood,trrust,formal_abs,mutual_information,1,1292,1292,0.5,0.488597968925227,0.4898662141828065,0.8769230769230769,0.007612430024892092,0.007421623915433884,0.00019080610945820808,-0.02280406214954611
GSE126030_T_cells,blood,trrust,formal_abs,coexpression_probability,1,1292,1292,0.5,0.5015743465383546,0.5017418572888328,1.0153846153846153,0.04229787178337574,0.041645389050245285,0.000652482733130455,0.0031486930767092858
GSE126030_T_cells,blood,trrust,formal_abs,codetection_odds_ratio,1,1292,1292,0.5,0.480962268400924,0.49637920338216124,1.0153846153846153,1.4389618635177612,1.471050202846527,-0.03208833932876587,-0.038075463198152026
GSE126030_T_cells,blood,trrust,formal_abs,pearson,2,1292,1292,0.5,0.5106385209289842,0.5247784031048951,1.0923076923076922,0.016371263191103935,0.015986927784979343,0.00038433540612459183,0.021277041857968637
GSE126030_T_cells,blood,trrust,formal_abs,spearman,2,1292,1292,0.5,0.49707206289718103,0.509015902746168,1.0461538461538462,0.03200832009315491,0.033282170072197914,-0.001273849979043007,-0.005855874205637934
GSE126030_T_cells,blood,trrust,formal_abs,mutual_information,2,1292,1292,0.5,0.4902630740254388,0.4939524039585151,0.8923076923076924,0.007612430024892092,0.007282675243914127,0.0003297547809779644,-0.019473851949122434
GSE126030_T_cells,blood,trrust,formal_abs,coexpression_probability,2,1292,1292,0.5,0.5010831120781374,0.5027473183460663,1.0,0.04229787178337574,0.04221276566386223,8.510611951351166e-05,0.0021662241562747653
GSE126030_T_cells,blood,trrust,formal_abs,codetection_odds_ratio,2,1292,1292,0.5,0.4819633083802203,0.49540672925128093,0.9692307692307692,1.4389618635177612,1.470250427722931,-0.03128856420516968,-0.03607338323955944
GSE126030_T_cells,blood,trrust,formal_abs,pearson,3,1292,1292,0.5,0.5197721870237422,0.5267716530262376,1.0923076923076922,0.016371263191103935,0.015551086515188217,0.0008201766759157181,0.03954437404748434
GSE126030_T_cells,blood,trrust,formal_abs,spearman,3,1292,1292,0.5,0.5036662864591821,0.5115688409420018,1.0769230769230769,0.03200832009315491,0.03220357559621334,-0.00019525550305843353,0.007332572918363978
GSE126030_T_cells,blood,trrust,formal_abs,mutual_information,3,1292,1292,0.5,0.49106851882027047,0.49326040874225535,0.9384615384615385,0.007612430024892092,0.007468587718904018,0.00014384230598807335,-0.017862962359459056
GSE126030_T_cells,blood,trrust,formal_abs,coexpression_probability,3,1292,1292,0.5,0.5021419619664714,0.5030824346749498,1.0153846153846153,0.04229787178337574,0.04190070927143097,0.0003971625119447708,0.004283923932942857
GSE126030_T_cells,blood,trrust,formal_abs,codetection_odds_ratio,3,1292,1292,0.5,0.4912811873975596,0.5014355470779479,0.9846153846153847,1.4389618635177612,1.4499598741531372,-0.010998010635375977,-0.01743762520488068
GSE126030_T_cells,blood,trrust,formal_abs,pearson,4,1292,1292,0.5,0.5196379961468047,0.5289055995460024,1.1076923076923078,0.016371263191103935,0.01617160253226757,0.00019966065883636475,0.039275992293609674
GSE126030_T_cells,blood,trrust,formal_abs,spearman,4,1292,1292,0.5,0.5036513097988096,0.5131520166695231,1.0923076923076922,0.03200832009315491,0.032025400549173355,-1.7080456018447876e-05,0.007302619597619131
GSE126030_T_cells,blood,trrust,formal_abs,mutual_information,4,1292,1292,0.5,0.48952921766718743,0.4912051415254794,0.9076923076923077,0.007612430024892092,0.007216276600956917,0.00039615342393517494,-0.020941564665625134
GSE126030_T_cells,blood,trrust,formal_abs,coexpression_probability,4,1292,1292,0.5,0.5018490184895857,0.5023007985782331,1.0153846153846153,0.04229787178337574,0.04207092151045799,0.0002269502729177475,0.003698036979171704
GSE126030_T_cells,blood,trrust,formal_abs,codetection_odds_ratio,4,1292,1292,0.5,0.4833561377948604,0.49867506573570275,1.0,1.4389618635177612,1.4637950658798218,-0.024833202362060547,-0.03328772441027905
GSE126030_T_cells,blood,trrust,formal_abs,pearson,5,1292,1292,0.5,0.5111857680989945,0.5267245239112665,1.1538461538461537,0.016371263191103935,0.015844127163290977,0.0005271360278129578,0.02237153619798904
GSE126030_T_cells,blood,trrust,formal_abs,spearman,5,1292,1292,0.5,0.49788948902031077,0.5116939711223507,1.1384615384615384,0.03200832009315491,0.03246302902698517,-0.00045470893383026123,-0.004221021959378457
GSE126030_T_cells,blood,trrust,formal_abs,mutual_information,5,1292,1292,0.5,0.4926009307095822,0.4938061062324679,0.8923076923076924,0.007612430024892092,0.007509888615459204,0.00010254140943288803,-0.014798138580835674
GSE126030_T_cells,blood,trrust,formal_abs,coexpression_probability,5,1292,1292,0.5,0.5017513706639573,0.5029869232654713,1.0153846153846153,0.04229787178337574,0.04192907735705376,0.00036879442632198334,0.0035027413279145048
GSE126030_T_cells,blood,trrust,formal_abs,codetection_odds_ratio,5,1292,1292,0.5,0.4895948154396189,0.5010964019722604,1.0153846153846153,1.4389618635177612,1.4715465903282166,-0.03258472681045532,-0.020810369120762173
GSE126030_T_cells,blood,trrust,formal_abs,pearson,6,1292,1292,0.5,0.5106172540712554,0.5229289864646469,1.123076923076923,0.016371263191103935,0.016165537759661674,0.00020572543144226074,0.02123450814251071
GSE126030_T_cells,blood,trrust,formal_abs,spearman,6,1292,1292,0.5,0.49979152488761514,0.5086764485664884,1.0615384615384615,0.03200832009315491,0.03277743235230446,-0.0007691122591495514,-0.00041695022476972987
GSE126030_T_cells,blood,trrust,formal_abs,mutual_information,6,1292,1292,0.5,0.490528460447239,0.49304416900582293,0.8615384615384616,0.007612430024892092,0.007442053407430649,0.00017037661746144295,-0.018943079105521954
GSE126030_T_cells,blood,trrust,formal_abs,coexpression_probability,6,1292,1292,0.5,0.502082354858189,0.5027691809395674,1.0,0.04229787178337574,0.04218439757823944,0.00011347420513629913,0.004164709716377946
GSE126030_T_cells,blood,trrust,formal_abs,codetection_odds_ratio,6,1292,1292,0.5,0.48947140775814973,0.498794343019778,0.9846153846153847,1.4389618635177612,1.4592193961143494,-0.020257532596588135,-0.02105718448370064
GSE126030_T_cells,blood,trrust,formal_abs,pearson,7,1292,1292,0.5,0.5176317227233079,0.5274170734317105,1.1076923076923078,0.016371263191103935,0.01518108882009983,0.0011901743710041046,0.03526344544661608
GSE126030_T_cells,blood,trrust,formal_abs,spearman,7,1292,1292,0.5,0.5010849092773821,0.5101594827990982,1.0307692307692307,0.03200832009315491,0.03279092535376549,-0.0007826052606105804,0.00216981855476428
GSE126030_T_cells,blood,trrust,formal_abs,mutual_information,7,1292,1292,0.5,0.49152350976238623,0.4924877613578879,0.8923076923076924,0.007612430024892092,0.007421653717756271,0.0001907763071358204,-0.01695298047522742
GSE126030_T_cells,blood,trrust,formal_abs,coexpression_probability,7,1292,1292,0.5,0.5009486216679926,0.5023278383694811,1.0153846153846153,0.04229787178337574,0.04195744730532169,0.00034042447805404663,0.001897243335985177
GSE126030_T_cells,blood,trrust,formal_abs,codetection_odds_ratio,7,1292,1292,0.5,0.48678759021940204,0.4968206622269229,0.9384615384615385,1.4389618635177612,1.4551729559898376,-0.016211092472076416,-0.0264248195611958
GSE126030_T_cells,blood,trrust,formal_abs,pearson,8,1292,1292,0.5,0.5099855385367443,0.5252327666845731,1.1076923076923078,0.016371263191103935,0.016165537759661674,0.00020572543144226074,0.019971077073488663
GSE126030_T_cells,blood,trrust,formal_abs,spearman,8,1292,1292,0.5,0.5080241950943649,0.5130849479000146,1.0769230769230769,0.03200832009315491,0.03221995383501053,-0.00021163374185562134,0.016048390188729833
GSE126030_T_cells,blood,trrust,formal_abs,mutual_information,8,1292,1292,0.5,0.4912203821564474,0.494220122906038,0.9538461538461539,0.007612430024892092,0.0073487414047122,0.0002636886201798916,-0.017559235687105268
GSE126030_T_cells,blood,trrust,formal_abs,coexpression_probability,8,1292,1292,0.5,0.5026643478802635,0.5028253653690522,1.0153846153846153,0.04229787178337574,0.04087943211197853,0.0014184396713972092,0.005328695760526747
GSE126030_T_cells,blood,trrust,formal_abs,codetection_odds_ratio,8,1292,1292,0.5,0.4915927019333071,0.5008002115014768,0.9846153846153847,1.4389618635177612,1.462218165397644,-0.023256301879882812,-0.016814596133385762
GSE126030_T_cells,blood,trrust,formal_abs,pearson,9,1292,1292,0.5,0.503464401077361,0.5212518627406888,1.1384615384615384,0.016371263191103935,0.01674545742571354,-0.0003741942346096039,0.006928802154722025
GSE126030_T_cells,blood,trrust,formal_abs,spearman,9,1292,1292,0.5,0.4892910887672651,0.5057064278049865,1.0769230769230769,0.03200832009315491,0.03412245213985443,-0.002114132046699524,-0.02141782246546986
GSE126030_T_cells,blood,trrust,formal_abs,mutual_information,9,1292,1292,0.5,0.487449858141073,0.49123680131187675,0.8923076923076924,0.007612430024892092,0.007025863043963909,0.0005865669809281826,-0.02510028371785411
GSE126030_T_cells,blood,trrust,formal_abs,coexpression_probability,9,1292,1292,0.5,0.5005089069194567,0.5020449870804095,1.0153846153846153,0.04229787178337574,0.042156027629971504,0.00014184415340423584,0.0010178138389134173
GSE126030_T_cells,blood,trrust,formal_abs,codetection_odds_ratio,9,1292,1292,0.5,0.47901799835136927,0.49305096016990446,0.9538461538461539,1.4389618635177612,1.4765061140060425,-0.03754425048828125,-0.041964003297261576
GSE126030_T_cells,blood,dorothea_ab,formal_abs,pearson,0,2550,2550,0.5,0.5340540561322569,0.5409903639560574,1.2470588235294118,0.016082136891782284,0.0144240353256464,0.0016581015661358833,0.06810811226451374
GSE126030_T_cells,blood,dorothea_ab,formal_abs,spearman,0,2550,2550,0.5,0.520677201076509,0.5224009336687477,1.1607843137254903,0.03170469030737877,0.030584451742470264,0.0011202385649085045,0.04135440215301811
GSE126030_T_cells,blood,dorothea_ab,formal_abs,mutual_information,0,2550,2550,0.5,0.49086359092656673,0.4869663314949748,0.8862745098039215,0.00524874497205019,0.005708347540348768,-0.00045960256829857826,-0.018272818146866543
GSE126030_T_cells,blood,dorothea_ab,formal_abs,coexpression_probability,0,2550,2550,0.5,0.4997510957324106,0.5005038454798908,0.996078431372549,0.042751774191856384,0.04246808588504791,0.0002836883068084717,-0.0004978085351787787
GSE126030_T_cells,blood,dorothea_ab,formal_abs,codetection_odds_ratio,0,2550,2550,0.5,0.494480430603614,0.5039351869655908,1.0509803921568628,1.4327405095100403,1.4512042999267578,-0.01846379041671753,-0.011039138792771963
GSE126030_T_cells,blood,dorothea_ab,formal_abs,pearson,1,2550,2550,0.5,0.535881814686659,0.5472596344744303,1.2941176470588236,0.016082136891782284,0.014365178067237139,0.001716958824545145,0.07176362937331793
GSE126030_T_cells,blood,dorothea_ab,formal_abs,spearman,1,2550,2550,0.5,0.5269629373317954,0.5287916614563546,1.1529411764705881,0.03170469030737877,0.02986153494566679,0.001843155361711979,0.05392587466359089
GSE126030_T_cells,blood,dorothea_ab,formal_abs,mutual_information,1,2550,2550,0.5,0.49267958477508655,0.48892372720116184,0.8862745098039215,0.00524874497205019,0.005449957214295864,-0.00020121224224567413,-0.014640830449827003
GSE126030_T_cells,blood,dorothea_ab,formal_abs,coexpression_probability,1,2550,2550,0.5,0.5006020761245675,0.5008942567196982,1.003921568627451,0.042751774191856384,0.042553192004561424,0.00019858218729496002,0.0012041522491348378
GSE126030_T_cells,blood,dorothea_ab,formal_abs,codetection_odds_ratio,1,2550,2550,0.5,0.4984436755094194,0.5069811750927531,1.1215686274509804,1.4327405095100403,1.4391436576843262,-0.006403148174285889,-0.003112648981161037
GSE126030_T_cells,blood,dorothea_ab,formal_abs,pearson,2,2550,2550,0.5,0.5345410995770857,0.5414930388838861,1.2705882352941176,0.016082136891782284,0.014440017752349377,0.001642119139432907,0.06908219915417146
GSE126030_T_cells,blood,dorothea_ab,formal_abs,spearman,2,2550,2550,0.5,0.527115724721261,0.5240901992676006,1.1450980392156862,0.03170469030737877,0.029614497907459736,0.002090192399919033,0.054231449442522006
GSE126030_T_cells,blood,dorothea_ab,formal_abs,mutual_information,2,2550,2550,0.5,0.49057347174163785,0.4849834415929112,0.8470588235294118,0.00524874497205019,0.005506422370672226,-0.000257677398622036,-0.01885305651672431
GSE126030_T_cells,blood,dorothea_ab,formal_abs,coexpression_probability,2,2550,2550,0.5,0.4997158785082661,0.5000818240963267,0.9882352941176471,0.042751774191856384,0.04272340424358845,2.8369948267936707e-05,-0.0005682429834679148
GSE126030_T_cells,blood,dorothea_ab,formal_abs,codetection_odds_ratio,2,2550,2550,0.5,0.49483860053825457,0.5017067638103201,1.035294117647059,1.4327405095100403,1.447920799255371,-0.01518028974533081,-0.010322798923490972
GSE126030_T_cells,blood,dorothea_ab,formal_abs,pearson,3,2550,2550,0.5,0.5398861207227988,0.5456133908546151,1.223529411764706,0.016082136891782284,0.013952992390841246,0.002129144500941038,0.07977224144559791
GSE126030_T_cells,blood,dorothea_ab,formal_abs,spearman,3,2550,2550,0.5,0.5286251441753171,0.5263776743344195,1.1450980392156862,0.03170469030737877,0.029385249130427837,0.0023194411769509315,0.05725028835063428
GSE126030_T_cells,blood,dorothea_ab,formal_abs,mutual_information,3,2550,2550,0.5,0.4924955017301038,0.4872545162500981,0.8784313725490196,0.00524874497205019,0.005396903958171606,-0.0001481589861214161,-0.015008996539792374
GSE126030_T_cells,blood,dorothea_ab,formal_abs,coexpression_probability,3,2550,2550,0.5,0.5000826605151865,0.5005668087949979,0.996078431372549,0.042751774191856384,0.04246808588504791,0.0002836883068084717,0.00016532103037292245
GSE126030_T_cells,blood,dorothea_ab,formal_abs,codetection_odds_ratio,3,2550,2550,0.5,0.4973923106497501,0.5029102491182139,1.0745098039215686,1.4327405095100403,1.4421746134757996,-0.009434103965759277,-0.0052153787004998176
GSE126030_T_cells,blood,dorothea_ab,formal_abs,pearson,4,2550,2550,0.5,0.5316435217224145,0.5421081583975038,1.2705882352941176,0.016082136891782284,0.014605297707021236,0.0014768391847610474,0.06328704344482894
GSE126030_T_cells,blood,dorothea_ab,formal_abs,spearman,4,2550,2550,0.5,0.519511880046136,0.5231673234039932,1.1607843137254903,0.03170469030737877,0.030216646380722523,0.0014880439266562462,0.039023760092272264
GSE126030_T_cells,blood,dorothea_ab,formal_abs,mutual_information,4,2550,2550,0.5,0.48904359861591695,0.4863004566838643,0.8549019607843137,0.00524874497205019,0.0056755077093839645,-0.00042676273733377457,-0.021912802768166095
GSE126030_T_cells,blood,dorothea_ab,formal_abs,coexpression_probability,4,2550,2550,0.5,0.49935578623606314,0.5007286932605075,0.9882352941176471,0.042751774191856384,0.042354609817266464,0.00039716437458992004,-0.0012884275278739477
GSE126030_T_cells,blood,dorothea_ab,formal_abs,codetection_odds_ratio,4,2550,2550,0.5,0.4908680507497116,0.5009372530441907,1.0901960784313725,1.4327405095100403,1.443964660167694,-0.011224150657653809,-0.018263898500576747
GSE126030_T_cells,blood,dorothea_ab,formal_abs,pearson,5,2550,2550,0.5,0.5305563244905805,0.5439658387390254,1.3019607843137255,0.016082136891782284,0.014562376774847507,0.0015197601169347763,0.06111264898116109
GSE126030_T_cells,blood,dorothea_ab,formal_abs,spearman,5,2550,2550,0.5,0.5205700884275278,0.5243988435888638,1.1607843137254903,0.03170469030737877,0.03062035422772169,0.0010843360796570778,0.041140176855055666
GSE126030_T_cells,blood,dorothea_ab,formal_abs,mutual_information,5,2550,2550,0.5,0.48902022299115727,0.4848016010275247,0.8470588235294118,0.00524874497205019,0.0054638744331896305,-0.00021512946113944054,-0.021959554017685456
GSE126030_T_cells,blood,dorothea_ab,formal_abs,coexpression_probability,5,2550,2550,0.5,0.49882860438292964,0.50009011236488,0.996078431372549,0.042751774191856384,0.04312056675553322,-0.0003687925636768341,-0.0023427912341407175
GSE126030_T_cells,blood,dorothea_ab,formal_abs,codetection_odds_ratio,5,2550,2550,0.5,0.4895160322952711,0.5007590107635733,1.0431372549019609,1.4327405095100403,1.4468647837638855,-0.014124274253845215,-0.02096793540945785
GSE126030_T_cells,blood,dorothea_ab,formal_abs,pearson,6,2550,2550,0.5,0.5347883121876202,0.5476143239673079,1.3019607843137255,0.016082136891782284,0.01438593352213502,0.0016962033696472645,0.06957662437524026
GSE126030_T_cells,blood,dorothea_ab,formal_abs,spearman,6,2550,2550,0.5,0.5233508650519031,0.5269710409716966,1.184313725490196,0.03170469030737877,0.0302046500146389,0.0015000402927398682,0.04670173010380618
GSE126030_T_cells,blood,dorothea_ab,formal_abs,mutual_information,6,2550,2550,0.5,0.49093210303729334,0.4860928951357918,0.8470588235294118,0.00524874497205019,0.005549514200538397,-0.00030076922848820686,-0.018135793925413313
GSE126030_T_cells,blood,dorothea_ab,formal_abs,coexpression_probability,6,2550,2550,0.5,0.500039600153787,0.5006095265129781,0.996078431372549,0.042751774191856384,0.04229787178337574,0.0004539024084806442,7.92003075740233e-05
GSE126030_T_cells,blood,dorothea_ab,formal_abs,codetection_odds_ratio,6,2550,2550,0.5,0.4965727797001154,0.5070583292487412,1.0980392156862746,1.4327405095100403,1.4446263313293457,-0.01188582181930542,-0.0068544405997693625
GSE126030_T_cells,blood,dorothea_ab,formal_abs,pearson,7,2550,2550,0.5,0.5379627835447904,0.5460247325432546,1.2470588235294118,0.016082136891782284,0.013930252753198147,0.002151884138584137,0.07592556708958087
GSE126030_T_cells,blood,dorothea_ab,formal_abs,spearman,7,2550,2550,0.5,0.5275449442522107,0.5272233580665978,1.1529411764705881,0.03170469030737877,0.029708370566368103,0.001996319741010666,0.055089888504421314
GSE126030_T_cells,blood,dorothea_ab,formal_abs,mutual_information,7,2550,2550,0.5,0.49097908496732023,0.48653176281369853,0.8862745098039215,0.00524874497205019,0.0054821232333779335,-0.00023337826132774353,-0.018041830065359532
GSE126030_T_cells,blood,dorothea_ab,formal_abs,coexpression_probability,7,2550,2550,0.5,0.5002216839677047,0.5007582675019,1.0196078431372548,0.042751774191856384,0.042354609817266464,0.00039716437458992004,0.0004433679354094444
GSE126030_T_cells,blood,dorothea_ab,formal_abs,codetection_odds_ratio,7,2550,2550,0.5,0.49889703960015375,0.5070931769456188,1.0980392156862746,1.4327405095100403,1.4393305778503418,-0.006590068340301514,-0.0022059207996923957
GSE126030_T_cells,blood,dorothea_ab,formal_abs,pearson,8,2550,2550,0.5,0.535355786236063,0.5433683654718016,1.2862745098039217,0.016082136891782284,0.014414372853934765,0.001667764037847519,0.07071157247212612
GSE126030_T_cells,blood,dorothea_ab,formal_abs,spearman,8,2550,2550,0.5,0.5257968473663975,0.5256939143976491,1.1450980392156862,0.03170469030737877,0.029873264022171497,0.0018314262852072716,0.05159369473279507
GSE126030_T_cells,blood,dorothea_ab,formal_abs,mutual_information,8,2550,2550,0.5,0.49164621299500194,0.48780507568638404,0.9333333333333333,0.00524874497205019,0.005453369580209255,-0.00020462460815906525,-0.016707574009996118
GSE126030_T_cells,blood,dorothea_ab,formal_abs,coexpression_probability,8,2550,2550,0.5,0.5003392541330258,0.5006382098690972,0.996078431372549,0.042751774191856384,0.04241134785115719,0.00034042634069919586,0.0006785082660514252
GSE126030_T_cells,blood,dorothea_ab,formal_abs,codetection_odds_ratio,8,2550,2550,0.5,0.4980282968089196,0.5043993498312338,1.0901960784313725,1.4327405095100403,1.443684995174408,-0.010944485664367676,-0.00394340638216073
GSE126030_T_cells,blood,dorothea_ab,formal_abs,pearson,9,2550,2550,0.5,0.5342811226451365,0.5447418975419103,1.3019607843137255,0.016082136891782284,0.014371745754033327,0.0017103911377489567,0.068562245290273
GSE126030_T_cells,blood,dorothea_ab,formal_abs,spearman,9,2550,2550,0.5,0.5259224913494809,0.5268356585393746,1.1686274509803922,0.03170469030737877,0.029916096478700638,0.001788593828678131,0.05184498269896198
GSE126030_T_cells,blood,dorothea_ab,formal_abs,mutual_information,9,2550,2550,0.5,0.48958446751249524,0.4859300093741384,0.8862745098039215,0.00524874497205019,0.005658944137394428,-0.0004101991653442383,-0.02083106497500964
GSE126030_T_cells,blood,dorothea_ab,formal_abs,coexpression_probability,9,2550,2550,0.5,0.49982599000384464,0.5005095663871828,0.996078431372549,0.042751774191856384,0.04221276566386223,0.0005390085279941559,-0.00034801999231059977
GSE126030_T_cells,blood,dorothea_ab,formal_abs,codetection_odds_ratio,9,2550,2550,0.5,0.4944549788542868,0.5015619123270918,1.0274509803921568,1.4327405095100403,1.4375442266464233,-0.004803717136383057,-0.011090042291426405
GSE126030_T_cells,blood,trrust_dorothea_intersection,formal_abs,pearson,0,529,529,0.5,0.5188875111223874,0.5290640038114993,1.2452830188679245,0.018688496202230453,0.018337469547986984,0.00035102665424346924,0.0377750222447748
GSE126030_T_cells,blood,trrust_dorothea_intersection,formal_abs,spearman,0,529,529,0.5,0.5031678703263639,0.5091293082541373,1.2452830188679245,0.03484321013092995,0.035062458366155624,-0.0002192482352256775,0.006335740652727795
GSE126030_T_cells,blood,trrust_dorothea_intersection,formal_abs,mutual_information,0,529,529,0.5,0.4814037256870866,0.4780153661287555,0.7547169811320755,0.008880261331796646,0.009546278975903988,-0.0006660176441073418,-0.03719254862582677
GSE126030_T_cells,blood,trrust_dorothea_intersection,formal_abs,coexpression_probability,0,529,529,0.5,0.49789165990687567,0.5007338633831192,1.0188679245283019,0.044765956699848175,0.04550354555249214,-0.0007375888526439667,-0.004216680186248656
GSE126030_T_cells,blood,trrust_dorothea_intersection,formal_abs,codetection_odds_ratio,0,529,529,0.5,0.48215415182192745,0.49236433614872444,0.9811320754716981,1.466232419013977,1.5033032894134521,-0.0370708703994751,-0.03569169635614511
GSE126030_T_cells,blood,trrust_dorothea_intersection,formal_abs,pearson,1,529,529,0.5,0.5194342501634857,0.5307439864890097,1.2075471698113207,0.018688496202230453,0.017854804173111916,0.0008336920291185379,0.03886850032697131
GSE126030_T_cells,blood,trrust_dorothea_intersection,formal_abs,spearman,1,529,529,0.5,0.5046044003559164,0.5101452592758116,1.0566037735849056,0.03484321013092995,0.03608300909399986,-0.0012397989630699158,0.00920880071183272
GSE126030_T_cells,blood,trrust_dorothea_intersection,formal_abs,mutual_information,1,529,529,0.5,0.4860581544519924,0.48089890289498405,0.8301886792452831,0.008880261331796646,0.009475856088101864,-0.0005955947563052177,-0.027883691096015184
GSE126030_T_cells,blood,trrust_dorothea_intersection,formal_abs,coexpression_probability,1,529,529,0.5,0.49856168324155503,0.5030981869773508,1.0188679245283019,0.044765956699848175,0.0449361689388752,-0.00017021223902702332,-0.002876633516889937
GSE126030_T_cells,blood,trrust_dorothea_intersection,formal_abs,codetection_odds_ratio,1,529,529,0.5,0.4905482041587902,0.49634737349912356,0.9811320754716981,1.466232419013977,1.5010002851486206,-0.034767866134643555,-0.018903591682419618
GSE126030_T_cells,blood,trrust_dorothea_intersection,formal_abs,pearson,2,529,529,0.5,0.5251946641128356,0.5379268310079977,1.2830188679245282,0.018688496202230453,0.01803836040198803,0.000650135800242424,0.050389328225671104
GSE126030_T_cells,blood,trrust_dorothea_intersection,formal_abs,spearman,2,529,529,0.5,0.5110795058622575,0.5149660928004853,1.2075471698113207,0.03484321013092995,0.035218849778175354,-0.0003756396472454071,0.022159011724514954
GSE126030_T_cells,blood,trrust_dorothea_intersection,formal_abs,mutual_information,2,529,529,0.5,0.4853970647617754,0.4809729439796022,0.8679245283018868,0.008880261331796646,0.009743628092110157,-0.0008633667603135109,-0.02920587047644918
GSE126030_T_cells,blood,trrust_dorothea_intersection,formal_abs,coexpression_probability,2,529,529,0.5,0.49875286323305024,0.5022245051709944,1.0188679245283019,0.044765956699848175,0.045673757791519165,-0.00090780109167099,-0.002494273533899638
GSE126030_T_cells,blood,trrust_dorothea_intersection,formal_abs,codetection_odds_ratio,2,529,529,0.5,0.49587622971616024,0.5029529369200255,1.0566037735849056,1.466232419013977,1.494900107383728,-0.028667688369750977,-0.008247540567679512
GSE126030_T_cells,blood,trrust_dorothea_intersection,formal_abs,pearson,3,529,529,0.5,0.5182978905878696,0.5343456926015344,1.2452830188679245,0.018688496202230453,0.018305525183677673,0.00038297101855278015,0.03659578117573914
GSE126030_T_cells,blood,trrust_dorothea_intersection,formal_abs,spearman,3,529,529,0.5,0.504479329333443,0.5140217497622934,1.2452830188679245,0.03484321013092995,0.03589528426527977,-0.001052074134349823,0.008958658666885944
GSE126030_T_cells,blood,trrust_dorothea_intersection,formal_abs,mutual_information,3,529,529,0.5,0.48204158790170126,0.48351528388532117,0.9056603773584906,0.008880261331796646,0.00976577214896679,-0.0008855108171701431,-0.03591682419659736
GSE126030_T_cells,blood,trrust_dorothea_intersection,formal_abs,coexpression_probability,3,529,529,0.5,0.49823649858312397,0.5010823267639788,1.0188679245283019,0.044765956699848175,0.046468086540699005,-0.00170212984085083,-0.0035270028337520687
GSE126030_T_cells,blood,trrust_dorothea_intersection,formal_abs,codetection_odds_ratio,3,529,529,0.5,0.49061788658559685,0.4998463954214659,1.0188679245283019,1.466232419013977,1.5005724430084229,-0.0343400239944458,-0.018764226828806407
GSE126030_T_cells,blood,trrust_dorothea_intersection,formal_abs,pearson,4,529,529,0.5,0.5215854717500295,0.5296037114801043,1.169811320754717,0.018688496202230453,0.017725517973303795,0.0009629782289266586,0.0431709435000589
GSE126030_T_cells,blood,trrust_dorothea_intersection,formal_abs,spearman,4,529,529,0.5,0.5132843293155757,0.512215502772403,1.1320754716981132,0.03484321013092995,0.034594837576150894,0.00024837255477905273,0.02656865863115132
GSE126030_T_cells,blood,trrust_dorothea_intersection,formal_abs,mutual_information,4,529,529,0.5,0.4837389803495556,0.48105819375640624,0.9056603773584906,0.008880261331796646,0.009678646922111511,-0.0007983855903148651,-0.032522039300888705
GSE126030_T_cells,blood,trrust_dorothea_intersection,formal_abs,coexpression_probability,4,529,529,0.5,0.49885649350881395,0.5011822674220383,1.0188679245283019,0.044765956699848175,0.046468086540699005,-0.00170212984085083,-0.0022870129823721053
GSE126030_T_cells,blood,trrust_dorothea_intersection,formal_abs,codetection_odds_ratio,4,529,529,0.5,0.49352668122255144,0.49508503781502655,0.8679245283018868,1.466232419013977,1.5005438327789307,-0.03431141376495361,-0.012946637554897222
GSE126030_T_cells,blood,trrust_dorothea_intersection,formal_abs,pearson,5,529,529,0.5,0.5214210926919215,0.5343126076542779,1.169811320754717,0.018688496202230453,0.018018512055277824,0.0006699841469526291,0.04284218538384299
GSE126030_T_cells,blood,trrust_dorothea_intersection,formal_abs,spearman,5,529,529,0.5,0.5172615878302321,0.5142326428546976,1.0566037735849056,0.03484321013092995,0.03485343977808952,-1.0229647159576416e-05,0.034523175660464256
GSE126030_T_cells,blood,trrust_dorothea_intersection,formal_abs,mutual_information,5,529,529,0.5,0.4806014844143639,0.4766408750020842,0.8679245283018868,0.008880261331796646,0.010242333635687828,-0.001362072303891182,-0.03879703117127231
GSE126030_T_cells,blood,trrust_dorothea_intersection,formal_abs,coexpression_probability,5,529,529,0.5,0.4975414610439499,0.5016056053517336,1.0188679245283019,0.044765956699848175,0.04618439823389053,-0.0014184415340423584,-0.004917077912100054
GSE126030_T_cells,blood,trrust_dorothea_intersection,formal_abs,codetection_odds_ratio,5,529,529,0.5,0.4872105945876408,0.49179088212009225,0.8679245283018868,1.466232419013977,1.4968202114105225,-0.03058779239654541,-0.025578810824718357
GSE126030_T_cells,blood,trrust_dorothea_intersection,formal_abs,pearson,6,529,529,0.5,0.5257485500695038,0.5413058478612353,1.169811320754717,0.018688496202230453,0.016794715076684952,0.0018937811255455017,0.051497100139007435
GSE126030_T_cells,blood,trrust_dorothea_intersection,formal_abs,spearman,6,529,529,0.5,0.5116012306988611,0.5164559768962034,1.2075471698113207,0.03484321013092995,0.03422071784734726,0.0006224922835826874,0.023202461397722196
GSE126030_T_cells,blood,trrust_dorothea_intersection,formal_abs,mutual_information,6,529,529,0.5,0.4837675680118353,0.4796920346940282,0.8301886792452831,0.008880261331796646,0.009656952694058418,-0.0007766913622617722,-0.03246486397632942
GSE126030_T_cells,blood,trrust_dorothea_intersection,formal_abs,coexpression_probability,6,529,529,0.5,0.4985866974460498,0.5011044638763323,1.0188679245283019,0.044765956699848175,0.04618439823389053,-0.0014184415340423584,-0.0028266051079005594
GSE126030_T_cells,blood,trrust_dorothea_intersection,formal_abs,codetection_odds_ratio,6,529,529,0.5,0.4945594105224038,0.49826191545958576,0.9811320754716981,1.466232419013977,1.498942255973816,-0.03270983695983887,-0.010881178955192361
GSE126030_T_cells,blood,trrust_dorothea_intersection,formal_abs,pearson,7,529,529,0.5,0.5241762286441229,0.5380315135211888,1.2452830188679245,0.018688496202230453,0.017497312277555466,0.0011911839246749878,0.04835245728824589
GSE126030_T_cells,blood,trrust_dorothea_intersection,formal_abs,spearman,7,529,529,0.5,0.5121765574022391,0.5163100709810564,1.1320754716981132,0.03484321013092995,0.034269534051418304,0.0005736760795116425,0.024353114804478215
GSE126030_T_cells,blood,trrust_dorothea_intersection,formal_abs,mutual_information,7,529,529,0.5,0.4809820576684617,0.4804319718942019,0.8301886792452831,0.008880261331796646,0.009656952694058418,-0.0007766913622617722,-0.0380358846630765
GSE126030_T_cells,blood,trrust_dorothea_intersection,formal_abs,coexpression_probability,7,529,529,0.5,0.49863315239725414,0.5025758581258636,1.0188679245283019,0.044765956699848175,0.04590070992708206,-0.0011347532272338867,-0.002733695205491715
GSE126030_T_cells,blood,trrust_dorothea_intersection,formal_abs,codetection_odds_ratio,7,529,529,0.5,0.493024610403765,0.49661375264547,0.9433962264150944,1.466232419013977,1.4923738241195679,-0.02614140510559082,-0.013950779192470009
GSE126030_T_cells,blood,trrust_dorothea_intersection,formal_abs,pearson,8,529,529,0.5,0.5197558613641318,0.5408580243074644,1.3584905660377358,0.018688496202230453,0.01819721609354019,0.0004912801086902618,0.03951172272826353
GSE126030_T_cells,blood,trrust_dorothea_intersection,formal_abs,spearman,8,529,529,0.5,0.5043185237331198,0.5166533188064935,1.2452830188679245,0.03484321013092995,0.03598031774163246,-0.0011371076107025146,0.008637047466239833
GSE126030_T_cells,blood,trrust_dorothea_intersection,formal_abs,mutual_information,8,529,529,0.5,0.48504507916995726,0.4859960845304011,0.9433962264150944,0.008880261331796646,0.009554357267916203,-0.0006740959361195564,-0.02990984166008559
GSE126030_T_cells,blood,trrust_dorothea_intersection,formal_abs,coexpression_probability,8,529,529,0.5,0.49859563109051214,0.502344298983565,1.0188679245283019,0.044765956699848175,0.04550354555249214,-0.0007375888526439667,-0.002808737818975726
GSE126030_T_cells,blood,trrust_dorothea_intersection,formal_abs,codetection_odds_ratio,8,529,529,0.5,0.4901783512780472,0.5004789548252968,0.9811320754716981,1.466232419013977,1.4940481185913086,-0.027815699577331543,-0.019643297443905694
GSE126030_T_cells,blood,trrust_dorothea_intersection,formal_abs,pearson,9,529,529,0.5,0.5269921133786686,0.5407363839656751,1.2075471698113207,0.018688496202230453,0.01744290255010128,0.0012455936521291733,0.05398422675733716
GSE126030_T_cells,blood,trrust_dorothea_intersection,formal_abs,spearman,9,529,529,0.5,0.5189482599047316,0.5201586979857162,1.2452830188679245,0.03484321013092995,0.0349578931927681,-0.00011468306183815002,0.03789651980946318
GSE126030_T_cells,blood,trrust_dorothea_intersection,formal_abs,mutual_information,9,529,529,0.5,0.48443759134651465,0.4797601881218534,0.8679245283018868,0.008880261331796646,0.009526606649160385,-0.000646345317363739,-0.031124817306970698
GSE126030_T_cells,blood,trrust_dorothea_intersection,formal_abs,coexpression_probability,9,529,529,0.5,0.49876358360640505,0.501824587834456,1.0188679245283019,0.044765956699848175,0.04499290883541107,-0.00022695213556289673,-0.0024728327871899047
GSE126030_T_cells,blood,trrust_dorothea_intersection,formal_abs,codetection_odds_ratio,9,529,529,0.5,0.4916381087832019,0.5040879403086772,1.0566037735849056,1.466232419013977,1.5005724430084229,-0.0343400239944458,-0.01672378243359618
GSE126030_T_cells,blood,trrust_dorothea_union,formal_abs,pearson,0,3313,3313,0.5,0.5318054378615683,0.5418554669538242,1.1987951807228916,0.015842650085687637,0.014310046099126339,0.0015326039865612984,0.06361087572313662
GSE126030_T_cells,blood,trrust_dorothea_union,formal_abs,spearman,0,3313,3313,0.5,0.522189931476665,0.5261847917806538,1.1385542168674698,0.03139243274927139,0.029708661139011383,0.0016837716102600098,0.044379862953330074
GSE126030_T_cells,blood,trrust_dorothea_union,formal_abs,mutual_information,0,3313,3313,0.5,0.4943710209094067,0.4946461287359962,0.9879518072289156,0.005563701037317514,0.00570847699418664,-0.00014477595686912537,-0.011257958181186578
GSE126030_T_cells,blood,trrust_dorothea_union,formal_abs,coexpression_probability,0,3313,3313,0.5,0.5012820735918624,0.5016301823227876,1.0,0.04221276566386223,0.04221276566386223,0.0,0.0025641471837247742
GSE126030_T_cells,blood,trrust_dorothea_union,formal_abs,codetection_odds_ratio,0,3313,3313,0.5,0.4986932816592321,0.5082021728975574,1.0843373493975903,1.4296156167984009,1.439094066619873,-0.009478449821472168,-0.0026134366815357968
GSE126030_T_cells,blood,trrust_dorothea_union,formal_abs,pearson,1,3313,3313,0.5,0.5310745684504029,0.5373680924896913,1.2409638554216869,0.015842650085687637,0.014085435308516026,0.0017572147771716118,0.06214913690080581
GSE126030_T_cells,blood,trrust_dorothea_union,formal_abs,spearman,1,3313,3313,0.5,0.5196197256023591,0.5226518765932768,1.1385542168674698,0.03139243274927139,0.02979693002998829,0.001595502719283104,0.03923945120471828
GSE126030_T_cells,blood,trrust_dorothea_union,formal_abs,mutual_information,1,3313,3313,0.5,0.4926612402057622,0.4919887877424536,0.927710843373494,0.005563701037317514,0.005767600145190954,-0.0002038991078734398,-0.014677519588475518
GSE126030_T_cells,blood,trrust_dorothea_union,formal_abs,coexpression_probability,1,3313,3313,0.5,0.5016624500306077,0.5017738764768196,1.0060240963855422,0.04221276566386223,0.041645389050245285,0.0005673766136169434,0.003324900061215441
GSE126030_T_cells,blood,trrust_dorothea_union,formal_abs,codetection_odds_ratio,1,3313,3313,0.5,0.4982929525402267,0.5056435212966364,1.0421686746987953,1.4296156167984009,1.433919072151184,-0.004303455352783203,-0.003414094919546473
GSE126030_T_cells,blood,trrust_dorothea_union,formal_abs,pearson,2,3313,3313,0.5,0.534833598746498,0.5401187406971903,1.2409638554216869,0.015842650085687637,0.013749196194112301,0.0020934538915753365,0.06966719749299588
GSE126030_T_cells,blood,trrust_dorothea_union,formal_abs,spearman,2,3313,3313,0.5,0.5225685768609587,0.523580331423217,1.1325301204819278,0.03139243274927139,0.02958221361041069,0.0018102191388607025,0.0451371537219174
GSE126030_T_cells,blood,trrust_dorothea_union,formal_abs,mutual_information,2,3313,3313,0.5,0.493139512329162,0.49139637766691974,0.8975903614457831,0.005563701037317514,0.005930843763053417,-0.0003671427257359028,-0.013720975341675934
GSE126030_T_cells,blood,trrust_dorothea_union,formal_abs,coexpression_probability,2,3313,3313,0.5,0.501235654000116,0.5017185320506781,0.9939759036144579,0.04221276566386223,0.042042553424835205,0.00017021223902702332,0.0024713080002320975
GSE126030_T_cells,blood,trrust_dorothea_union,formal_abs,codetection_odds_ratio,2,3313,3313,0.5,0.5003743177481642,0.5081672952287875,1.0963855421686748,1.4296156167984009,1.4328597784042358,-0.003244161605834961,0.0007486354963284203
GSE126030_T_cells,blood,trrust_dorothea_union,formal_abs,pearson,3,3313,3313,0.5,0.5313189204524904,0.5406352357247168,1.2048192771084338,0.015842650085687637,0.014365382492542267,0.0014772675931453705,0.06263784090498059
GSE126030_T_cells,blood,trrust_dorothea_union,formal_abs,spearman,3,3313,3313,0.5,0.5192627639527772,0.5219313134235892,1.1144578313253013,0.03139243274927139,0.02988317795097828,0.0015092547982931137,0.0385255279055543
GSE126030_T_cells,blood,trrust_dorothea_union,formal_abs,mutual_information,3,3313,3313,0.5,0.4901018306447476,0.49075057696904195,0.9337349397590361,0.005563701037317514,0.0057564377784729,-0.00019273674115538597,-0.01979633871050479
GSE126030_T_cells,blood,trrust_dorothea_union,formal_abs,coexpression_probability,3,3313,3313,0.5,0.5002766498338325,0.50066339604216,0.9879518072289156,0.04221276566386223,0.04175886511802673,0.000453900545835495,0.0005532996676649304
GSE126030_T_cells,blood,trrust_dorothea_union,formal_abs,codetection_odds_ratio,3,3313,3313,0.5,0.48947377675720477,0.501713646487406,1.0542168674698795,1.4296156167984009,1.4474331140518188,-0.01781749725341797,-0.02105244648559046
GSE126030_T_cells,blood,trrust_dorothea_union,formal_abs,pearson,4,3313,3313,0.5,0.5246893918887708,0.5329463143316451,1.1566265060240963,0.015842650085687637,0.01467172522097826,0.0011709248647093773,0.04937878377754168
GSE126030_T_cells,blood,trrust_dorothea_union,formal_abs,spearman,4,3313,3313,0.5,0.515832406232197,0.5183757152201478,1.072289156626506,0.03139243274927139,0.030245061963796616,0.0011473707854747772,0.0316648124643939
GSE126030_T_cells,blood,trrust_dorothea_union,formal_abs,mutual_information,4,3313,3313,0.5,0.49036358429948185,0.49033914042198645,0.9337349397590361,0.005563701037317514,0.005692573729902506,-0.00012887269258499146,-0.019272831401036195
GSE126030_T_cells,blood,trrust_dorothea_union,formal_abs,coexpression_probability,4,3313,3313,0.5,0.5008992827876975,0.5011843022586552,0.9879518072289156,0.04221276566386223,0.04198581725358963,0.00022694841027259827,0.001798565575394706
GSE126030_T_cells,blood,trrust_dorothea_union,formal_abs,codetection_odds_ratio,4,3313,3313,0.5,0.4927776308406119,0.5038154929500707,1.0843373493975903,1.4296156167984009,1.4372363090515137,-0.007620692253112793,-0.01444473831877624
GSE126030_T_cells,blood,trrust_dorothea_union,formal_abs,pearson,5,3313,3313,0.5,0.5254411250614865,0.535562555513174,1.1987951807228916,0.015842650085687637,0.014388669282197952,0.001453980803489685,0.050882250122973094
GSE126030_T_cells,blood,trrust_dorothea_union,formal_abs,spearman,5,3313,3313,0.5,0.5136483621628305,0.5196566938382529,1.1385542168674698,0.03139243274927139,0.030507005751132965,0.0008854269981384277,0.027296724325660993
GSE126030_T_cells,blood,trrust_dorothea_union,formal_abs,mutual_information,5,3313,3313,0.5,0.4912884684714397,0.49169652504194516,0.9337349397590361,0.005563701037317514,0.005831193644553423,-0.0002674926072359085,-0.01742306305712049
GSE126030_T_cells,blood,trrust_dorothea_union,formal_abs,coexpression_probability,5,3313,3313,0.5,0.501126142029009,0.5011479185929864,1.0,0.04221276566386223,0.042042553424835205,0.00017021223902702332,0.002252284058017917
GSE126030_T_cells,blood,trrust_dorothea_union,formal_abs,codetection_odds_ratio,5,3313,3313,0.5,0.4926476650945351,0.5030825280328908,1.0662650602409638,1.4296156167984009,1.4450045824050903,-0.015388965606689453,-0.01470466981092966
GSE126030_T_cells,blood,trrust_dorothea_union,formal_abs,pearson,6,3313,3313,0.5,0.5277947669130625,0.5345700686896758,1.180722891566265,0.015842650085687637,0.014434943906962872,0.0014077061787247658,0.05558953382612497
GSE126030_T_cells,blood,trrust_dorothea_union,formal_abs,spearman,6,3313,3313,0.5,0.5190202341132706,0.5202675303880421,1.0903614457831325,0.03139243274927139,0.030106166377663612,0.0012862663716077805,0.03804046822654117
GSE126030_T_cells,blood,trrust_dorothea_union,formal_abs,mutual_information,6,3313,3313,0.5,0.4925783773623996,0.4910972884371994,0.891566265060241,0.005563701037317514,0.005763201508671045,-0.00019950047135353088,-0.014843245275200756
GSE126030_T_cells,blood,trrust_dorothea_union,formal_abs,coexpression_probability,6,3313,3313,0.5,0.5013154191670913,0.5015446144765547,0.9819277108433735,0.04221276566386223,0.04181560128927231,0.00039716437458992004,0.0026308383341826502
GSE126030_T_cells,blood,trrust_dorothea_union,formal_abs,codetection_odds_ratio,6,3313,3313,0.5,0.4979099339657392,0.5052175472808097,1.0120481927710843,1.4296156167984009,1.437018871307373,-0.007403254508972168,-0.004180132068521747
GSE126030_T_cells,blood,trrust_dorothea_union,formal_abs,pearson,7,3313,3313,0.5,0.5308576399951567,0.5379628448992606,1.2349397590361446,0.015842650085687637,0.01437414065003395,0.0014685094356536865,0.06171527999031334
GSE126030_T_cells,blood,trrust_dorothea_union,formal_abs,spearman,7,3313,3313,0.5,0.5177490934968931,0.5213286582750092,1.1204819277108433,0.03139243274927139,0.030376730486750603,0.00101570226252079,0.03549818699378626
GSE126030_T_cells,blood,trrust_dorothea_union,formal_abs,mutual_information,7,3313,3313,0.5,0.49125954164046925,0.490726588274975,0.8975903614457831,0.005563701037317514,0.005802644416689873,-0.00023894337937235832,-0.01748091671906138
GSE126030_T_cells,blood,trrust_dorothea_union,formal_abs,coexpression_probability,7,3313,3313,0.5,0.5006429956207055,0.5008593870384543,1.0,0.04221276566386223,0.04192907735705376,0.0002836883068084717,0.0012859912414111552
GSE126030_T_cells,blood,trrust_dorothea_union,formal_abs,codetection_odds_ratio,7,3313,3313,0.5,0.49306425701457424,0.5038166228940636,1.072289156626506,1.4296156167984009,1.4408204555511475,-0.011204838752746582,-0.013871485970851416
GSE126030_T_cells,blood,trrust_dorothea_union,formal_abs,pearson,8,3313,3313,0.5,0.5317159241247857,0.5428179629611303,1.216867469879518,0.015842650085687637,0.014208046719431877,0.0016346033662557602,0.06343184824957149
GSE126030_T_cells,blood,trrust_dorothea_union,formal_abs,spearman,8,3313,3313,0.5,0.5163790550064418,0.5240527698439187,1.1506024096385543,0.03139243274927139,0.030106166377663612,0.0012862663716077805,0.032758110012883535
GSE126030_T_cells,blood,trrust_dorothea_union,formal_abs,mutual_information,8,3313,3313,0.5,0.48943118370687816,0.4913416000693316,0.9337349397590361,0.005563701037317514,0.00574182253330946,-0.00017812149599194527,-0.021137632586243682
GSE126030_T_cells,blood,trrust_dorothea_union,formal_abs,coexpression_probability,8,3313,3313,0.5,0.5005088844547575,0.5009486672485213,1.0060240963855422,0.04221276566386223,0.04181560128927231,0.00039716437458992004,0.0010177689095149933
GSE126030_T_cells,blood,trrust_dorothea_union,formal_abs,codetection_odds_ratio,8,3313,3313,0.5,0.48944812981887975,0.5047072737654249,1.1144578313253013,1.4296156167984009,1.4441139698028564,-0.014498353004455566,-0.021103740362240497
GSE126030_T_cells,blood,trrust_dorothea_union,formal_abs,pearson,9,3313,3313,0.5,0.5334962680743722,0.5397421596010472,1.1987951807228916,0.015842650085687637,0.014389866031706333,0.0014527840539813042,0.06699253614874467
GSE126030_T_cells,blood,trrust_dorothea_union,formal_abs,spearman,9,3313,3313,0.5,0.5232182689291488,0.5234749786384212,1.1144578313253013,0.03139243274927139,0.029404815286397934,0.001987617462873459,0.0464365378582976
GSE126030_T_cells,blood,trrust_dorothea_union,formal_abs,mutual_information,9,3313,3313,0.5,0.49382500989206507,0.4922882062861943,0.9156626506024096,0.005563701037317514,0.005865938030183315,-0.00030223699286580086,-0.01234998021586975
GSE126030_T_cells,blood,trrust_dorothea_union,formal_abs,coexpression_probability,9,3313,3313,0.5,0.5010387237791943,0.5013933161785925,1.0,0.04221276566386223,0.04181560128927231,0.00039716437458992004,0.0020774475583886787
GSE126030_T_cells,blood,trrust_dorothea_union,formal_abs,codetection_odds_ratio,9,3313,3313,0.5,0.4981647634026663,0.505772255197813,1.036144578313253,1.4296156167984009,1.432390570640564,-0.002774953842163086,-0.0036704731946674007
GSE126030_T_cells,lung,trrust,formal_abs,pearson,0,1137,1137,0.5,0.5302938885446665,0.5416673045936512,1.263157894736842,0.01563713513314724,0.014346746727824211,0.0012903884053230286,0.06058777708933305
GSE126030_T_cells,lung,trrust,formal_abs,spearman,0,1137,1137,0.5,0.5145973487916248,0.5322554134856317,1.2982456140350878,0.034710660576820374,0.03320368379354477,0.0015069767832756042,0.02919469758324955
GSE126030_T_cells,lung,trrust,formal_abs,mutual_information,0,1137,1137,0.5,0.503700197018957,0.5059663491476623,0.9824561403508771,0.003521726233884692,0.0035406879615038633,-1.8961727619171143e-05,0.007400394037913927
GSE126030_T_cells,lung,trrust,formal_abs,coexpression_probability,0,1137,1137,0.5,0.5053768306634828,0.5057931577261428,1.0175438596491229,0.02776019461452961,0.026946378871798515,0.0008138157427310944,0.010753661326965647
GSE126030_T_cells,lung,trrust,formal_abs,codetection_odds_ratio,0,1137,1137,0.5,0.5105753618782629,0.5193633770050827,1.1228070175438596,1.5045245885849,1.498146414756775,0.006378173828125,0.021150723756525824
GSE126030_T_cells,lung,trrust,formal_abs,pearson,1,1137,1137,0.5,0.5254097986569913,0.538600798284278,1.3157894736842106,0.01563713513314724,0.015019516460597515,0.0006176186725497246,0.05081959731398267
GSE126030_T_cells,lung,trrust,formal_abs,spearman,1,1137,1137,0.5,0.5108673707367674,0.5257608743211626,1.2105263157894737,0.034710660576820374,0.03370659053325653,0.0010040700435638428,0.021734741473534713
GSE126030_T_cells,lung,trrust,formal_abs,mutual_information,1,1137,1137,0.5,0.500976199150815,0.5048260339439743,0.9824561403508771,0.003521726233884692,0.0036865861620754004,-0.00016485992819070816,0.001952398301630076
GSE126030_T_cells,lung,trrust,formal_abs,coexpression_probability,1,1137,1137,0.5,0.5030376656618467,0.5053992448366306,1.0526315789473684,0.02776019461452961,0.026946378871798515,0.0008138157427310944,0.006075331323693645
GSE126030_T_cells,lung,trrust,formal_abs,codetection_odds_ratio,1,1137,1137,0.5,0.50389628773586,0.5112693117528148,1.087719298245614,1.5045245885849,1.50753653049469,-0.003011941909790039,0.007792575471720076
GSE126030_T_cells,lung,trrust,formal_abs,pearson,2,1137,1137,0.5,0.522017467931239,0.5396770376435277,1.3508771929824561,0.01563713513314724,0.014638579450547695,0.0009985556825995445,0.044034935862478086
GSE126030_T_cells,lung,trrust,formal_abs,spearman,2,1137,1137,0.5,0.5060440032209931,0.5306674461569625,1.263157894736842,0.034710660576820374,0.035486314445734024,-0.0007756538689136505,0.012088006441986154
GSE126030_T_cells,lung,trrust,formal_abs,mutual_information,2,1137,1137,0.5,0.5006926991597107,0.5063555730164213,1.0175438596491229,0.003521726233884692,0.003548337146639824,-2.661091275513172e-05,0.0013853983194214159
GSE126030_T_cells,lung,trrust,formal_abs,coexpression_probability,2,1137,1137,0.5,0.503372605624052,0.5050171899444764,1.0350877192982457,0.02776019461452961,0.026946378871798515,0.0008138157427310944,0.0067452112481038995
GSE126030_T_cells,lung,trrust,formal_abs,codetection_odds_ratio,2,1137,1137,0.5,0.49896269171058405,0.5168658706543188,1.1754385964912282,1.5045245885849,1.518571138381958,-0.014046549797058105,-0.0020746165788319004
GSE126030_T_cells,lung,trrust,formal_abs,pearson,3,1137,1137,0.5,0.5256453395772949,0.5374713282068722,1.2280701754385965,0.01563713513314724,0.014309292659163475,0.0013278424739837646,0.05129067915458996
GSE126030_T_cells,lung,trrust,formal_abs,spearman,3,1137,1137,0.5,0.503180382574149,0.5248105757251482,1.2105263157894737,0.034710660576820374,0.03575688228011131,-0.0010462217032909393,0.0063607651482979755
GSE126030_T_cells,lung,trrust,formal_abs,mutual_information,3,1137,1137,0.5,0.4973684393731595,0.5058410217115434,0.9824561403508771,0.003521726233884692,0.0037222967948764563,-0.00020057056099176407,-0.005263121253681002
GSE126030_T_cells,lung,trrust,formal_abs,coexpression_probability,3,1137,1137,0.5,0.5032728198154505,0.5048817331604426,1.0175438596491229,0.02776019461452961,0.02703680284321308,0.0007233917713165283,0.0065456396309007125
GSE126030_T_cells,lung,trrust,formal_abs,codetection_odds_ratio,3,1137,1137,0.5,0.4976430437301637,0.5116619186931425,1.087719298245614,1.5045245885849,1.5227737426757812,-0.018249154090881348,-0.004713912539672571
GSE126030_T_cells,lung,trrust,formal_abs,pearson,4,1137,1137,0.5,0.5177050192261726,0.5327071078764206,1.263157894736842,0.01563713513314724,0.015298614278435707,0.0003385208547115326,0.03541003845234525
GSE126030_T_cells,lung,trrust,formal_abs,spearman,4,1137,1137,0.5,0.5042091819961648,0.5258820840062055,1.263157894736842,0.034710660576820374,0.035389650613069534,-0.0006789900362491608,0.008418363992329647
GSE126030_T_cells,lung,trrust,formal_abs,mutual_information,4,1137,1137,0.5,0.5005994883850092,0.5067984813868261,1.0,0.003521726233884692,0.003663720330223441,-0.00014199409633874893,0.0011989767700184562
GSE126030_T_cells,lung,trrust,formal_abs,coexpression_probability,4,1137,1137,0.5,0.5043507386083671,0.505440945412071,1.0175438596491229,0.02776019461452961,0.026675106957554817,0.0010850876569747925,0.008701477216733977
GSE126030_T_cells,lung,trrust,formal_abs,codetection_odds_ratio,4,1137,1137,0.5,0.5001137094098018,0.515463580966632,1.1403508771929824,1.5045245885849,1.5188630819320679,-0.014338493347167969,0.00022741881960341992
GSE126030_T_cells,lung,trrust,formal_abs,pearson,5,1137,1137,0.5,0.5187632129173889,0.5354898967308579,1.280701754385965,0.01563713513314724,0.015346991829574108,0.00029014330357313156,0.03752642583477783
GSE126030_T_cells,lung,trrust,formal_abs,spearman,5,1137,1137,0.5,0.5056750277891874,0.52687863126974,1.2456140350877194,0.034710660576820374,0.035226624459028244,-0.0005159638822078705,0.011350055578374763
GSE126030_T_cells,lung,trrust,formal_abs,mutual_information,5,1137,1137,0.5,0.5000471855374007,0.5065422015038964,0.9824561403508771,0.003521726233884692,0.0036451707128435373,-0.00012344447895884514,9.43710748013693e-05
GSE126030_T_cells,lung,trrust,formal_abs,coexpression_probability,5,1137,1137,0.5,0.5037090926530571,0.5052212113913097,1.0350877192982457,0.02776019461452961,0.02685595490038395,0.0009042397141456604,0.007418185306114156
GSE126030_T_cells,lung,trrust,formal_abs,codetection_odds_ratio,5,1137,1137,0.5,0.5002007319173031,0.5133096450383698,1.087719298245614,1.5045245885849,1.5095813274383545,-0.00505673885345459,0.00040146383460615276
GSE126030_T_cells,lung,trrust,formal_abs,pearson,6,1137,1137,0.5,0.5164368112168531,0.5326760335983229,1.3157894736842106,0.01563713513314724,0.015443324111402035,0.00019381102174520493,0.032873622433706284
GSE126030_T_cells,lung,trrust,formal_abs,spearman,6,1137,1137,0.5,0.5019609071690302,0.5211318684665376,1.2456140350877194,0.034710660576820374,0.03586989641189575,-0.0011592358350753784,0.003921814338060381
GSE126030_T_cells,lung,trrust,formal_abs,mutual_information,6,1137,1137,0.5,0.49750226065136155,0.5044666528689405,1.0175438596491229,0.003521726233884692,0.0037373616360127926,-0.0002156354021281004,-0.0049954786972769005
GSE126030_T_cells,lung,trrust,formal_abs,coexpression_probability,6,1137,1137,0.5,0.5026729446637411,0.5045667999211689,1.0350877192982457,0.02776019461452961,0.027127226814627647,0.0006329677999019623,0.005345889327482256
GSE126030_T_cells,lung,trrust,formal_abs,codetection_odds_ratio,6,1137,1137,0.5,0.4946347723375174,0.5067353067110139,1.087719298245614,1.5045245885849,1.5193370580673218,-0.014812469482421875,-0.010730455324965305
GSE126030_T_cells,lung,trrust,formal_abs,pearson,7,1137,1137,0.5,0.5274639166007229,0.5434303546660526,1.3508771929824561,0.01563713513314724,0.01493957731872797,0.0006975578144192696,0.054927833201445786
GSE126030_T_cells,lung,trrust,formal_abs,spearman,7,1137,1137,0.5,0.5110286524506699,0.5341739158710894,1.3157894736842106,0.034710660576820374,0.03458728268742561,0.00012337788939476013,0.022057304901339725
GSE126030_T_cells,lung,trrust,formal_abs,mutual_information,7,1137,1137,0.5,0.5002494645215039,0.5059843132318178,0.9473684210526315,0.003521726233884692,0.0036248054821044207,-0.00010307924821972847,0.0004989290430077453
GSE126030_T_cells,lung,trrust,formal_abs,coexpression_probability,7,1137,1137,0.5,0.5045197556562696,0.5062669362064238,1.0175438596491229,0.02776019461452961,0.026675106957554817,0.0010850876569747925,0.009039511312539217
GSE126030_T_cells,lung,trrust,formal_abs,codetection_odds_ratio,7,1137,1137,0.5,0.5076301334577176,0.5208523869760471,1.1754385964912282,1.5045245885849,1.5010517835617065,0.0034728050231933594,0.015260266915434917
GSE126030_T_cells,lung,trrust,formal_abs,pearson,8,1137,1137,0.5,0.5320676006308939,0.5444078898120455,1.3157894736842106,0.01563713513314724,0.01485735084861517,0.0007797842845320702,0.06413520126178773
GSE126030_T_cells,lung,trrust,formal_abs,spearman,8,1137,1137,0.5,0.5123571960651903,0.5338399228807158,1.263157894736842,0.034710660576820374,0.03418968990445137,0.0005209706723690033,0.024714392130380514
GSE126030_T_cells,lung,trrust,formal_abs,mutual_information,8,1137,1137,0.5,0.5027317332021422,0.5080741103155584,1.0,0.003521726233884692,0.003634622786194086,-0.00011289655230939388,0.005463466404284079
GSE126030_T_cells,lung,trrust,formal_abs,coexpression_probability,8,1137,1137,0.5,0.5055764022806858,0.50613969766842,1.0526315789473684,0.02776019461452961,0.026675106957554817,0.0010850876569747925,0.011152804561371799
GSE126030_T_cells,lung,trrust,formal_abs,codetection_odds_ratio,8,1137,1137,0.5,0.5062362262708959,0.5211299114524606,1.1403508771929824,1.5045245885849,1.5110894441604614,-0.0065648555755615234,0.012472452541792078
GSE126030_T_cells,lung,trrust,formal_abs,pearson,9,1137,1137,0.5,0.5277485768919274,0.5388560303952916,1.2105263157894737,0.01563713513314724,0.014638579450547695,0.0009985556825995445,0.05549715378385467
GSE126030_T_cells,lung,trrust,formal_abs,spearman,9,1137,1137,0.5,0.5113806101476752,0.5273047044567749,1.2456140350877194,0.034710660576820374,0.033986736088991165,0.0007239244878292084,0.022761220295350437
GSE126030_T_cells,lung,trrust,formal_abs,mutual_information,9,1137,1137,0.5,0.5032430387795499,0.5079527574534162,1.0350877192982457,0.003521726233884692,0.003650038270279765,-0.00012831203639507294,0.006486077559099801
GSE126030_T_cells,lung,trrust,formal_abs,coexpression_probability,9,1137,1137,0.5,0.5045820250949706,0.5053852015009971,1.0,0.02776019461452961,0.02703680284321308,0.0007233917713165283,0.009164050189941042
GSE126030_T_cells,lung,trrust,formal_abs,codetection_odds_ratio,9,1137,1137,0.5,0.5052290857840805,0.5153679672493043,1.105263157894737,1.5045245885849,1.5050290822982788,-0.0005044937133789062,0.01045817156816109
GSE126030_T_cells,lung,dorothea_ab,formal_abs,pearson,0,2102,2102,0.5,0.5240088955197397,0.5392577430020018,1.2606635071090047,0.01598256081342697,0.014976830687373877,0.0010057301260530949,0.04801779103947945
GSE126030_T_cells,lung,dorothea_ab,formal_abs,spearman,0,2102,2102,0.5,0.5142786852447173,0.528407983630989,1.2037914691943128,0.036235511302948,0.035941025242209435,0.00029448606073856354,0.02855737048943463
GSE126030_T_cells,lung,dorothea_ab,formal_abs,mutual_information,0,2102,2102,0.5,0.49659096361491617,0.4937589032174613,0.8815165876777251,0.00405365414917469,0.004116646945476532,-6.299279630184174e-05,-0.00681807277016766
GSE126030_T_cells,lung,dorothea_ab,formal_abs,coexpression_probability,0,2102,2102,0.5,0.5030929720324353,0.502621344354633,1.014218009478673,0.02776019461452961,0.02730807475745678,0.0004521198570728302,0.006185944064870386
GSE126030_T_cells,lung,dorothea_ab,formal_abs,codetection_odds_ratio,0,2102,2102,0.5,0.5069612240075828,0.5185954763094601,1.1753554502369667,1.5230831503868103,1.5362858772277832,-0.0132027268409729,0.013922448015165623
GSE126030_T_cells,lung,dorothea_ab,formal_abs,pearson,1,2102,2102,0.5,0.5246636568317429,0.5402346985380604,1.2985781990521328,0.01598256081342697,0.01486870925873518,0.0011138515546917915,0.04932731366348575
GSE126030_T_cells,lung,dorothea_ab,formal_abs,spearman,1,2102,2102,0.5,0.510211379493591,0.5292122363186194,1.2132701421800949,0.036235511302948,0.03605266660451889,0.00018284469842910767,0.02042275898718171
GSE126030_T_cells,lung,dorothea_ab,formal_abs,mutual_information,1,2102,2102,0.5,0.49675753960027197,0.4951453914765087,0.8815165876777251,0.00405365414917469,0.0040780361741781235,-2.4382025003433228e-05,-0.006484920799456062
GSE126030_T_cells,lung,dorothea_ab,formal_abs,coexpression_probability,1,2102,2102,0.5,0.5023406641855295,0.5028809395981333,1.042654028436019,0.02776019461452961,0.027217650786042213,0.0005425438284873962,0.004681328371058946
GSE126030_T_cells,lung,dorothea_ab,formal_abs,codetection_odds_ratio,1,2102,2102,0.5,0.5075261338709633,0.5200867665224241,1.1753554502369667,1.5230831503868103,1.5218610167503357,0.0012221336364746094,0.015052267741926695
GSE126030_T_cells,lung,dorothea_ab,formal_abs,pearson,2,2102,2102,0.5,0.5254375788180529,0.5385748510455703,1.2511848341232228,0.01598256081342697,0.014879646711051464,0.0011029141023755074,0.05087515763610573
GSE126030_T_cells,lung,dorothea_ab,formal_abs,spearman,2,2102,2102,0.5,0.509034597107915,0.5245570355291067,1.1943127962085307,0.036235511302948,0.03603474982082844,0.00020076148211956024,0.018069194215829976
GSE126030_T_cells,lung,dorothea_ab,formal_abs,mutual_information,2,2102,2102,0.5,0.4928892876251244,0.4935795218541741,0.9383886255924171,0.00405365414917469,0.004187027458101511,-0.00013337330892682076,-0.014221424749751299
GSE126030_T_cells,lung,dorothea_ab,formal_abs,coexpression_probability,2,2102,2102,0.5,0.501546146527117,0.5019660036728663,1.033175355450237,0.02776019461452961,0.027805406600236893,-4.521198570728302e-05,0.0030922930542340854
GSE126030_T_cells,lung,dorothea_ab,formal_abs,codetection_odds_ratio,2,2102,2102,0.5,0.4993436544055274,0.513361567435299,1.146919431279621,1.5230831503868103,1.5278453826904297,-0.004762232303619385,-0.0013126911889451698
GSE126030_T_cells,lung,dorothea_ab,formal_abs,pearson,3,2102,2102,0.5,0.5246824418953088,0.540683679144551,1.2701421800947867,0.01598256081342697,0.01461686147376895,0.001365699339658022,0.04936488379061754
GSE126030_T_cells,lung,dorothea_ab,formal_abs,spearman,3,2102,2102,0.5,0.5113405202421508,0.5272075285626626,1.1753554502369667,0.036235511302948,0.036050036549568176,0.00018547475337982178,0.02268104048430164
GSE126030_T_cells,lung,dorothea_ab,formal_abs,mutual_information,3,2102,2102,0.5,0.4937068905423768,0.49267680808925185,0.9478672985781991,0.00405365414917469,0.004095076583325863,-4.142243415117264e-05,-0.012586218915246361
GSE126030_T_cells,lung,dorothea_ab,formal_abs,coexpression_probability,3,2102,2102,0.5,0.5022202587178538,0.5023108246261777,1.014218009478673,0.02776019461452961,0.02762455865740776,0.00013563595712184906,0.004440517435707614
GSE126030_T_cells,lung,dorothea_ab,formal_abs,codetection_odds_ratio,3,2102,2102,0.5,0.5024509981432209,0.514998782088921,1.146919431279621,1.5230831503868103,1.5288463234901428,-0.0057631731033325195,0.004901996286441834
GSE126030_T_cells,lung,dorothea_ab,formal_abs,pearson,4,2102,2102,0.5,0.5291375573623417,0.5450704783434042,1.2796208530805686,0.01598256081342697,0.014737671241164207,0.001244889572262764,0.058275114724683386
GSE126030_T_cells,lung,dorothea_ab,formal_abs,spearman,4,2102,2102,0.5,0.5182125717793121,0.5313147827929992,1.2037914691943128,0.036235511302948,0.035938140004873276,0.0002973712980747223,0.03642514355862425
GSE126030_T_cells,lung,dorothea_ab,formal_abs,mutual_information,4,2102,2102,0.5,0.49612031855846594,0.49284417492032195,0.8909952606635071,0.00405365414917469,0.004110650159418583,-5.699601024389267e-05,-0.0077593628830682215
GSE126030_T_cells,lung,dorothea_ab,formal_abs,coexpression_probability,4,2102,2102,0.5,0.5028407316306974,0.5024921255373886,1.0236966824644549,0.02776019461452961,0.027398498728871346,0.00036169588565826416,0.005681463261394848
GSE126030_T_cells,lung,dorothea_ab,formal_abs,codetection_odds_ratio,4,2102,2102,0.5,0.5061486002638057,0.5196821686560964,1.1753554502369667,1.5230831503868103,1.529974102973938,-0.0068909525871276855,0.012297200527611407
GSE126030_T_cells,lung,dorothea_ab,formal_abs,pearson,5,2102,2102,0.5,0.5307585046546219,0.5418842786189635,1.2701421800947867,0.01598256081342697,0.014471463393419981,0.0015110974200069904,0.061517009309243864
GSE126030_T_cells,lung,dorothea_ab,formal_abs,spearman,5,2102,2102,0.5,0.5203282678541845,0.5307328998096625,1.2037914691943128,0.036235511302948,0.03517778962850571,0.0010577216744422913,0.0406565357083688
GSE126030_T_cells,lung,dorothea_ab,formal_abs,mutual_information,5,2102,2102,0.5,0.498402816944761,0.494439705639218,0.8909952606635071,0.00405365414917469,0.00403858907520771,1.506507396697998e-05,-0.003194366110477853
GSE126030_T_cells,lung,dorothea_ab,formal_abs,coexpression_probability,5,2102,2102,0.5,0.5035544508831696,0.5031977179915272,1.033175355450237,0.02776019461452961,0.027127226814627647,0.0006329677999019623,0.007108901766339049
GSE126030_T_cells,lung,dorothea_ab,formal_abs,codetection_odds_ratio,5,2102,2102,0.5,0.5125403878866668,0.5201325289984474,1.1374407582938388,1.5230831503868103,1.521096646785736,0.0019865036010742188,0.025080775773333563
GSE126030_T_cells,lung,dorothea_ab,formal_abs,pearson,6,2102,2102,0.5,0.529165169142523,0.543590032673819,1.2890995260663507,0.01598256081342697,0.014621267560869455,0.001361293252557516,0.05833033828504597
GSE126030_T_cells,lung,dorothea_ab,formal_abs,spearman,6,2102,2102,0.5,0.5184391241724386,0.5312122556723194,1.2037914691943128,0.036235511302948,0.03560112603008747,0.000634385272860527,0.03687824834487752
GSE126030_T_cells,lung,dorothea_ab,formal_abs,mutual_information,6,2102,2102,0.5,0.4982524232732001,0.49522576061849044,0.919431279620853,0.00405365414917469,0.004110998474061489,-5.734432488679886e-05,-0.003495153453599964
GSE126030_T_cells,lung,dorothea_ab,formal_abs,coexpression_probability,6,2102,2102,0.5,0.5025293069624235,0.5021902779617166,1.033175355450237,0.02776019461452961,0.027353286743164062,0.0004069078713655472,0.005058613924846966
GSE126030_T_cells,lung,dorothea_ab,formal_abs,codetection_odds_ratio,6,2102,2102,0.5,0.5061489397529062,0.5179159568923934,1.1753554502369667,1.5230831503868103,1.5239420533180237,-0.0008589029312133789,0.012297879505812404
GSE126030_T_cells,lung,dorothea_ab,formal_abs,pearson,7,2102,2102,0.5,0.5233433837195511,0.5398109992723295,1.2701421800947867,0.01598256081342697,0.01501531945541501,0.000967241358011961,0.046686767439102494
GSE126030_T_cells,lung,dorothea_ab,formal_abs,spearman,7,2102,2102,0.5,0.510044350856101,0.5263772191462659,1.1943127962085307,0.036235511302948,0.03596130385994911,0.0002742074429988861,0.020088701712202006
GSE126030_T_cells,lung,dorothea_ab,formal_abs,mutual_information,7,2102,2102,0.5,0.4939353667070734,0.4908866780624147,0.909952606635071,0.00405365414917469,0.004138531628996134,-8.487747982144356e-05,-0.012129266585853227
GSE126030_T_cells,lung,dorothea_ab,formal_abs,coexpression_probability,7,2102,2102,0.5,0.5021010980435469,0.5021168138904498,0.995260663507109,0.02776019461452961,0.02730807475745678,0.0004521198570728302,0.0042021960870939346
GSE126030_T_cells,lung,dorothea_ab,formal_abs,codetection_odds_ratio,7,2102,2102,0.5,0.5025264778865852,0.5154189520234636,1.1374407582938388,1.5230831503868103,1.528138518333435,-0.005055367946624756,0.005052955773170664
GSE126030_T_cells,lung,dorothea_ab,formal_abs,pearson,8,2102,2102,0.5,0.5278641337460314,0.5421865362877589,1.2796208530805686,0.01598256081342697,0.01495111919939518,0.0010314416140317917,0.05572826749206272
GSE126030_T_cells,lung,dorothea_ab,formal_abs,spearman,8,2102,2102,0.5,0.5116598663227718,0.5270664791203974,1.2037914691943128,0.036235511302948,0.035923225805163383,0.00031228549778461456,0.023319732645543434
GSE126030_T_cells,lung,dorothea_ab,formal_abs,mutual_information,8,2102,2102,0.5,0.4955936578004184,0.49321252601703036,0.9478672985781991,0.00405365414917469,0.004154416732490063,-0.00010076258331537247,-0.008812684399163162
GSE126030_T_cells,lung,dorothea_ab,formal_abs,coexpression_probability,8,2102,2102,0.5,0.5017068380347293,0.5019430954011501,1.0236966824644549,0.02776019461452961,0.027127226814627647,0.0006329677999019623,0.0034136760694585266
GSE126030_T_cells,lung,dorothea_ab,formal_abs,codetection_odds_ratio,8,2102,2102,0.5,0.500734201761541,0.5132563720384142,1.1374407582938388,1.5230831503868103,1.5268130898475647,-0.0037299394607543945,0.0014684035230820847
GSE126030_T_cells,lung,dorothea_ab,formal_abs,pearson,9,2102,2102,0.5,0.5287568769175477,0.5409072808486097,1.2701421800947867,0.01598256081342697,0.014538886956870556,0.0014436738565564156,0.05751375383509516
GSE126030_T_cells,lung,dorothea_ab,formal_abs,spearman,9,2102,2102,0.5,0.5107988088006439,0.5263696941735048,1.2037914691943128,0.036235511302948,0.03599632531404495,0.00023918598890304565,0.021597617601287755
GSE126030_T_cells,lung,dorothea_ab,formal_abs,mutual_information,9,2102,2102,0.5,0.4947087228782158,0.4920119273007677,0.8909952606635071,0.00405365414917469,0.004105379804968834,-5.172565579414368e-05,-0.010582554243568465
GSE126030_T_cells,lung,dorothea_ab,formal_abs,coexpression_probability,9,2102,2102,0.5,0.5024929816286605,0.5019915593249339,1.014218009478673,0.02776019461452961,0.027579346671700478,0.00018084794282913208,0.0049859632573210355
GSE126030_T_cells,lung,dorothea_ab,formal_abs,codetection_odds_ratio,9,2102,2102,0.5,0.5018083452758055,0.5142378921946322,1.1658767772511849,1.5230831503868103,1.5286067724227905,-0.005523622035980225,0.003616690551610846
GSE126030_T_cells,lung,trrust_dorothea_intersection,formal_abs,pearson,0,466,466,0.5,0.5458242001142036,0.5606950011639031,1.2765957446808511,0.02034317422658205,0.017617598176002502,0.002725576050579548,0.09164840022840726
GSE126030_T_cells,lung,trrust_dorothea_intersection,formal_abs,spearman,0,466,466,0.5,0.5392851222162869,0.5432746983069269,1.3191489361702127,0.04052765294909477,0.03713691234588623,0.003390740603208542,0.07857024443257377
GSE126030_T_cells,lung,trrust_dorothea_intersection,formal_abs,mutual_information,0,466,466,0.5,0.5096152075005986,0.503739013282466,1.0212765957446808,0.00473157549276948,0.00450178561732173,0.0002297898754477501,0.019230415001197265
GSE126030_T_cells,lung,trrust_dorothea_intersection,formal_abs,coexpression_probability,0,466,466,0.5,0.506428558271473,0.5067159930453189,1.1063829787234043,0.0292521920055151,0.02929740399122238,-4.521198570728302e-05,0.012857116542946079
GSE126030_T_cells,lung,trrust_dorothea_intersection,formal_abs,codetection_odds_ratio,0,466,466,0.5,0.5274042623735933,0.5256550185862857,1.148936170212766,1.5672008395195007,1.5248461961746216,0.04235464334487915,0.05480852474718634
GSE126030_T_cells,lung,trrust_dorothea_intersection,formal_abs,pearson,1,466,466,0.5,0.5444450072758753,0.5510571437907199,1.2340425531914894,0.02034317422658205,0.01734867040067911,0.002994503825902939,0.08889001455175083
GSE126030_T_cells,lung,trrust_dorothea_intersection,formal_abs,spearman,1,466,466,0.5,0.5277289137762715,0.537574316647166,1.3191489361702127,0.04052765294909477,0.04020826704800129,0.00031938590109348297,0.055457827552542804
GSE126030_T_cells,lung,trrust_dorothea_intersection,formal_abs,mutual_information,1,466,466,0.5,0.5062973162150712,0.49924406121463283,0.851063829787234,0.00473157549276948,0.004420215729624033,0.0003113597631454468,0.012594632430142472
GSE126030_T_cells,lung,trrust_dorothea_intersection,formal_abs,coexpression_probability,1,466,466,0.5,0.50588056512369,0.5060988926573813,1.0638297872340425,0.0292521920055151,0.02807668037712574,0.0011755116283893585,0.01176113024737968
GSE126030_T_cells,lung,trrust_dorothea_intersection,formal_abs,codetection_odds_ratio,1,466,466,0.5,0.5180607489546685,0.5279603768264225,1.0638297872340425,1.5672008395195007,1.554628610610962,0.012572228908538818,0.036121497909337164
GSE126030_T_cells,lung,trrust_dorothea_intersection,formal_abs,pearson,2,466,466,0.5,0.5408830518152848,0.558001411356768,1.2765957446808511,0.02034317422658205,0.017862570472061634,0.0024806037545204163,0.08176610363056969
GSE126030_T_cells,lung,trrust_dorothea_intersection,formal_abs,spearman,2,466,466,0.5,0.5332571975906721,0.5396905408874109,1.2765957446808511,0.04052765294909477,0.03805449791252613,0.0024731550365686417,0.06651439518134428
GSE126030_T_cells,lung,trrust_dorothea_intersection,formal_abs,mutual_information,2,466,466,0.5,0.5066035476800088,0.5015415098567817,0.9361702127659575,0.00473157549276948,0.004572182893753052,0.000159392599016428,0.013207095360017629
GSE126030_T_cells,lung,trrust_dorothea_intersection,formal_abs,coexpression_probability,2,466,466,0.5,0.5053072445615133,0.5070512870122895,1.1063829787234043,0.0292521920055151,0.028709648177027702,0.0005425438284873962,0.010614489123026871
GSE126030_T_cells,lung,trrust_dorothea_intersection,formal_abs,codetection_odds_ratio,2,466,466,0.5,0.5298909539685756,0.5245482428322099,1.1063829787234043,1.5672008395195007,1.5290481448173523,0.03815269470214844,0.0597819079371511
GSE126030_T_cells,lung,trrust_dorothea_intersection,formal_abs,pearson,3,466,466,0.5,0.5408185820331928,0.5478058981749774,1.2340425531914894,0.02034317422658205,0.01760210283100605,0.002741071395576,0.08163716406638555
GSE126030_T_cells,lung,trrust_dorothea_intersection,formal_abs,spearman,3,466,466,0.5,0.539980474865995,0.5403519363020906,1.2765957446808511,0.04052765294909477,0.03679348714649677,0.0037341658025979996,0.07996094973198997
GSE126030_T_cells,lung,trrust_dorothea_intersection,formal_abs,mutual_information,3,466,466,0.5,0.5121341339866272,0.5020429015133323,0.9361702127659575,0.00473157549276948,0.004119779448956251,0.0006117960438132286,0.02426826797325421
GSE126030_T_cells,lung,trrust_dorothea_intersection,formal_abs,coexpression_probability,3,466,466,0.5,0.5081646374035256,0.5084292444087731,1.0638297872340425,0.0292521920055151,0.027805407531559467,0.0014467844739556313,0.016329274807051153
GSE126030_T_cells,lung,trrust_dorothea_intersection,formal_abs,codetection_odds_ratio,3,466,466,0.5,0.541366575180976,0.5295112552199938,1.0638297872340425,1.5672008395195007,1.5094832181930542,0.05771762132644653,0.08273315036195172
GSE126030_T_cells,lung,trrust_dorothea_intersection,formal_abs,pearson,4,466,466,0.5,0.5489279596234964,0.5557885248348299,1.2340425531914894,0.02034317422658205,0.01718326099216938,0.00315991323441267,0.097855919246993
GSE126030_T_cells,lung,trrust_dorothea_intersection,formal_abs,spearman,4,466,466,0.5,0.5410718561771262,0.5398315397148741,1.2765957446808511,0.04052765294909477,0.03734012134373188,0.003187531605362892,0.08214371235425233
GSE126030_T_cells,lung,trrust_dorothea_intersection,formal_abs,mutual_information,4,466,466,0.5,0.5087149330435263,0.5017172673988489,0.9361702127659575,0.00473157549276948,0.00451610516756773,0.0002154703252017498,0.01742986608705266
GSE126030_T_cells,lung,trrust_dorothea_intersection,formal_abs,coexpression_probability,4,466,466,0.5,0.5069581314815157,0.5064078020014666,1.0638297872340425,0.0292521920055151,0.029071344062685966,0.00018084794282913208,0.013916262963031167
GSE126030_T_cells,lung,trrust_dorothea_intersection,formal_abs,codetection_odds_ratio,4,466,466,0.5,0.52678028698263,0.5257044525207679,1.0212765957446808,1.5672008395195007,1.5565119981765747,0.010688841342926025,0.05356057396526004
GSE126030_T_cells,lung,trrust_dorothea_intersection,formal_abs,pearson,5,466,466,0.5,0.5433190885814806,0.5607226352083468,1.3617021276595744,0.02034317422658205,0.018239805474877357,0.002103368751704693,0.08663817716296118
GSE126030_T_cells,lung,trrust_dorothea_intersection,formal_abs,spearman,5,466,466,0.5,0.5334966567813001,0.5434532090874745,1.2765957446808511,0.04052765294909477,0.037889981642365456,0.0026376713067293167,0.06699331356260019
GSE126030_T_cells,lung,trrust_dorothea_intersection,formal_abs,mutual_information,5,466,466,0.5,0.5090510969072924,0.5025144462319853,0.9361702127659575,0.00473157549276948,0.004405117593705654,0.0003264578990638256,0.018102193814584888
GSE126030_T_cells,lung,trrust_dorothea_intersection,formal_abs,coexpression_probability,5,466,466,0.5,0.505961152351305,0.5076989875135525,1.0638297872340425,0.0292521920055151,0.029026132076978683,0.0002260599285364151,0.01192230470261002
GSE126030_T_cells,lung,trrust_dorothea_intersection,formal_abs,codetection_odds_ratio,5,466,466,0.5,0.5264395181344287,0.5269264286281821,1.1063829787234043,1.5672008395195007,1.5294752717018127,0.03772556781768799,0.05287903626885737
GSE126030_T_cells,lung,trrust_dorothea_intersection,formal_abs,pearson,6,466,466,0.5,0.5501759104054228,0.569392084167488,1.4893617021276595,0.02034317422658205,0.016868497245013714,0.0034746769815683365,0.1003518208108456
GSE126030_T_cells,lung,trrust_dorothea_intersection,formal_abs,spearman,6,466,466,0.5,0.5327598592716756,0.5502667662652934,1.446808510638298,0.04052765294909477,0.03816128149628639,0.00236637145280838,0.06551971854335137
GSE126030_T_cells,lung,trrust_dorothea_intersection,formal_abs,mutual_information,6,466,466,0.5,0.5039625891064489,0.5017450242005627,0.9787234042553191,0.00473157549276948,0.004575185477733612,0.0001563900150358677,0.007925178212897732
GSE126030_T_cells,lung,trrust_dorothea_intersection,formal_abs,coexpression_probability,6,466,466,0.5,0.5059795722890457,0.5067852333906083,1.0638297872340425,0.0292521920055151,0.028121892362833023,0.0011302996426820755,0.01195914457809133
GSE126030_T_cells,lung,trrust_dorothea_intersection,formal_abs,codetection_odds_ratio,6,466,466,0.5,0.5241163034868942,0.5322946074588186,1.1914893617021276,1.5672008395195007,1.5365231037139893,0.030677735805511475,0.048232606973788394
GSE126030_T_cells,lung,trrust_dorothea_intersection,formal_abs,pearson,7,466,466,0.5,0.5456768406122787,0.5522477580109355,1.1063829787234043,0.02034317422658205,0.017850455828011036,0.0024927183985710144,0.09135368122455745
GSE126030_T_cells,lung,trrust_dorothea_intersection,formal_abs,spearman,7,466,466,0.5,0.5357208642634788,0.537763705774149,1.2765957446808511,0.04052765294909477,0.037576593458652496,0.002951059490442276,0.07144172852695752
GSE126030_T_cells,lung,trrust_dorothea_intersection,formal_abs,mutual_information,7,466,466,0.5,0.5093296984656192,0.504407113090134,0.9361702127659575,0.00473157549276948,0.00419561006128788,0.0005359654314815998,0.018659396931238303
GSE126030_T_cells,lung,trrust_dorothea_intersection,formal_abs,coexpression_probability,7,466,466,0.5,0.5051207426918897,0.5061694315317298,1.0638297872340425,0.0292521920055151,0.029161768034100533,9.042397141456604e-05,0.010241485383779336
GSE126030_T_cells,lung,trrust_dorothea_intersection,formal_abs,codetection_odds_ratio,7,466,466,0.5,0.5264303081655584,0.5224037077448576,1.1063829787234043,1.5672008395195007,1.5294965505599976,0.037704288959503174,0.05286061633111672
GSE126030_T_cells,lung,trrust_dorothea_intersection,formal_abs,pearson,8,466,466,0.5,0.5276805614397024,0.542204258682016,1.2340425531914894,0.02034317422658205,0.018721492029726505,0.001621682196855545,0.055361122879404645
GSE126030_T_cells,lung,trrust_dorothea_intersection,formal_abs,spearman,8,466,466,0.5,0.5169325277680562,0.5253975052275708,1.2765957446808511,0.04052765294909477,0.04079608991742134,-0.0002684369683265686,0.03386505553611219
GSE126030_T_cells,lung,trrust_dorothea_intersection,formal_abs,mutual_information,8,466,466,0.5,0.49748567849840664,0.4925540420491055,0.8936170212765957,0.00473157549276948,0.004570029675960541,0.00016154581680893898,-0.005028643003186617
GSE126030_T_cells,lung,trrust_dorothea_intersection,formal_abs,coexpression_probability,8,466,466,0.5,0.5024199193206726,0.5043577602636099,1.0638297872340425,0.0292521920055151,0.029071344062685966,0.00018084794282913208,0.004839838641345295
GSE126030_T_cells,lung,trrust_dorothea_intersection,formal_abs,codetection_odds_ratio,8,466,466,0.5,0.5072850853764115,0.5119857718694413,1.1063829787234043,1.5672008395195007,1.5652438402175903,0.0019569993019104004,0.014570170752822964
GSE126030_T_cells,lung,trrust_dorothea_intersection,formal_abs,pearson,9,466,466,0.5,0.545174897308847,0.55052876094719,1.148936170212766,0.02034317422658205,0.016856723465025425,0.0034864507615566254,0.0903497946176941
GSE126030_T_cells,lung,trrust_dorothea_intersection,formal_abs,spearman,9,466,466,0.5,0.5405008381071672,0.5416736681371709,1.3617021276595744,0.04052765294909477,0.03665114939212799,0.0038765035569667816,0.0810016762143344
GSE126030_T_cells,lung,trrust_dorothea_intersection,formal_abs,mutual_information,9,466,466,0.5,0.5107940835159978,0.49746513764858635,0.8936170212765957,0.00473157549276948,0.0044509293511509895,0.0002806461416184902,0.02158816703199551
GSE126030_T_cells,lung,trrust_dorothea_intersection,formal_abs,coexpression_probability,9,466,466,0.5,0.5066657149698834,0.5068588798071764,1.0638297872340425,0.0292521920055151,0.028935708105564117,0.00031648389995098114,0.013331429939766881
GSE126030_T_cells,lung,trrust_dorothea_intersection,formal_abs,codetection_odds_ratio,9,466,466,0.5,0.5310583175228868,0.5296805299920424,1.2340425531914894,1.5672008395195007,1.516488790512085,0.05071204900741577,0.06211663504577358
GSE126030_T_cells,lung,trrust_dorothea_union,formal_abs,pearson,0,2773,2773,0.5,0.5210294414651404,0.5363488777256007,1.330935251798561,0.015430574305355549,0.014572445303201675,0.0008581290021538734,0.042058882930280816
GSE126030_T_cells,lung,trrust_dorothea_union,formal_abs,spearman,0,2773,2773,0.5,0.5029101262248962,0.5210760369988782,1.1942446043165467,0.035097818821668625,0.035504765808582306,-0.00040694698691368103,0.00582025244979234
GSE126030_T_cells,lung,trrust_dorothea_union,formal_abs,mutual_information,0,2773,2773,0.5,0.4916739373763985,0.49475783461093903,0.920863309352518,0.0037711092736572027,0.003962059039622545,-0.00019094976596534252,-0.016652125247203053
GSE126030_T_cells,lung,trrust_dorothea_union,formal_abs,coexpression_probability,0,2773,2773,0.5,0.5008369823431319,0.5024361371778042,1.0503597122302157,0.027579346671700478,0.02730807475745678,0.0002712719142436981,0.0016739646862635738
GSE126030_T_cells,lung,trrust_dorothea_union,formal_abs,codetection_odds_ratio,0,2773,2773,0.5,0.4961917693528433,0.5082879142325781,1.0863309352517985,1.5104223489761353,1.5179214477539062,-0.007499098777770996,-0.00761646129431337
GSE126030_T_cells,lung,trrust_dorothea_union,formal_abs,pearson,1,2773,2773,0.5,0.5181894105607768,0.533711522205632,1.2446043165467626,0.015430574305355549,0.014668417163193226,0.000762157142162323,0.03637882112155366
GSE126030_T_cells,lung,trrust_dorothea_union,formal_abs,spearman,1,2773,2773,0.5,0.5017616163486736,0.5211719793616751,1.1870503597122302,0.035097818821668625,0.0357159785926342,-0.0006181597709655762,0.003523232697347334
GSE126030_T_cells,lung,trrust_dorothea_union,formal_abs,mutual_information,1,2773,2773,0.5,0.49384754254779456,0.4981296542537571,0.920863309352518,0.0037711092736572027,0.003896476235240698,-0.00012536696158349514,-0.01230491490441088
GSE126030_T_cells,lung,trrust_dorothea_union,formal_abs,coexpression_probability,1,2773,2773,0.5,0.501694512108609,0.5028358268696443,1.0287769784172662,0.027579346671700478,0.02703680284321308,0.0005425438284873962,0.003389024217218095
GSE126030_T_cells,lung,trrust_dorothea_union,formal_abs,codetection_odds_ratio,1,2773,2773,0.5,0.49532097479572545,0.5101557251630418,1.0935251798561152,1.5104223489761353,1.5269191265106201,-0.016496777534484863,-0.00935805040854909
GSE126030_T_cells,lung,trrust_dorothea_union,formal_abs,pearson,2,2773,2773,0.5,0.5225744645738379,0.5384695118221392,1.2805755395683454,0.015430574305355549,0.01443436462432146,0.0009962096810340881,0.0451489291476761
GSE126030_T_cells,lung,trrust_dorothea_union,formal_abs,spearman,2,2773,2773,0.5,0.5050106449952916,0.523952005129965,1.2014388489208634,0.035097818821668625,0.03569608926773071,-0.000598270446062088,0.010021289990583382
GSE126030_T_cells,lung,trrust_dorothea_union,formal_abs,mutual_information,2,2773,2773,0.5,0.49212539545660083,0.4964833936395643,0.9496402877697842,0.0037711092736572027,0.003950572572648525,-0.00017946329899132252,-0.015749209086798444
GSE126030_T_cells,lung,trrust_dorothea_union,formal_abs,coexpression_probability,2,2773,2773,0.5,0.5011850530767229,0.5022829167410976,1.0431654676258992,0.027579346671700478,0.02703680284321308,0.0005425438284873962,0.0023701061534457946
GSE126030_T_cells,lung,trrust_dorothea_union,formal_abs,codetection_odds_ratio,2,2773,2773,0.5,0.49419788910348084,0.5096023125164386,1.129496402877698,1.5104223489761353,1.5293619632720947,-0.018939614295959473,-0.011604221793038327
GSE126030_T_cells,lung,trrust_dorothea_union,formal_abs,pearson,3,2773,2773,0.5,0.5164139442090666,0.5335699104926259,1.2589928057553956,0.015430574305355549,0.014750590547919273,0.0006799837574362755,0.03282788841813322
GSE126030_T_cells,lung,trrust_dorothea_union,formal_abs,spearman,3,2773,2773,0.5,0.5031602715849046,0.5216895137590474,1.2014388489208634,0.035097818821668625,0.03550641983747482,-0.0004086010158061981,0.006320543169809234
GSE126030_T_cells,lung,trrust_dorothea_union,formal_abs,mutual_information,3,2773,2773,0.5,0.4947022112797806,0.4969412050717506,0.9640287769784173,0.0037711092736572027,0.003964203875511885,-0.00019309460185468197,-0.01059557744043882
GSE126030_T_cells,lung,trrust_dorothea_union,formal_abs,coexpression_probability,3,2773,2773,0.5,0.5016030240603814,0.5027561065380375,1.0359712230215827,0.027579346671700478,0.02730807475745678,0.0002712719142436981,0.00320604812076275
GSE126030_T_cells,lung,trrust_dorothea_union,formal_abs,codetection_odds_ratio,3,2773,2773,0.5,0.4981507319889164,0.5098992443283006,1.1079136690647482,1.5104223489761353,1.52444326877594,-0.014020919799804688,-0.003698536022167298
GSE126030_T_cells,lung,trrust_dorothea_union,formal_abs,pearson,4,2773,2773,0.5,0.5204124986068718,0.5377709839863323,1.2949640287769784,0.015430574305355549,0.014763500541448593,0.0006670737639069557,0.04082499721374355
GSE126030_T_cells,lung,trrust_dorothea_union,formal_abs,spearman,4,2773,2773,0.5,0.5033508554295067,0.5231914785473697,1.1870503597122302,0.035097818821668625,0.0356135368347168,-0.000515718013048172,0.006701710859013499
GSE126030_T_cells,lung,trrust_dorothea_union,formal_abs,mutual_information,4,2773,2773,0.5,0.4924053215743123,0.4958111800370846,0.9640287769784173,0.0037711092736572027,0.0039788782596588135,-0.00020776898600161076,-0.015189356851375457
GSE126030_T_cells,lung,trrust_dorothea_union,formal_abs,coexpression_probability,4,2773,2773,0.5,0.5012567739844664,0.5023285945095869,1.0575539568345325,0.027579346671700478,0.02748892270028591,9.042397141456604e-05,0.0025135479689328832
GSE126030_T_cells,lung,trrust_dorothea_union,formal_abs,codetection_odds_ratio,4,2773,2773,0.5,0.49383707376615654,0.5080879078972121,1.1079136690647482,1.5104223489761353,1.5290268659591675,-0.018604516983032227,-0.012325852467686915
GSE126030_T_cells,lung,trrust_dorothea_union,formal_abs,pearson,5,2773,2773,0.5,0.5202652204055671,0.533794612903468,1.2589928057553956,0.015430574305355549,0.014369041658937931,0.0010615326464176178,0.040530440811134216
GSE126030_T_cells,lung,trrust_dorothea_union,formal_abs,spearman,5,2773,2773,0.5,0.5039193557888917,0.5215397452878967,1.1726618705035972,0.035097818821668625,0.03564752638339996,-0.0005497075617313385,0.007838711577783153
GSE126030_T_cells,lung,trrust_dorothea_union,formal_abs,mutual_information,5,2773,2773,0.5,0.49234361428378776,0.4959263889812789,0.920863309352518,0.0037711092736572027,0.0039032590575516224,-0.00013214978389441967,-0.015312771432424488
GSE126030_T_cells,lung,trrust_dorothea_union,formal_abs,coexpression_probability,5,2773,2773,0.5,0.5021426539909011,0.5024638728178482,1.0359712230215827,0.027579346671700478,0.02685595490038395,0.0007233917713165283,0.0042853079818021556
GSE126030_T_cells,lung,trrust_dorothea_union,formal_abs,codetection_odds_ratio,5,2773,2773,0.5,0.49557209550806036,0.5090078978874759,1.1366906474820144,1.5104223489761353,1.5279669761657715,-0.01754462718963623,-0.008855808983879276
GSE126030_T_cells,lung,trrust_dorothea_union,formal_abs,pearson,6,2773,2773,0.5,0.5213196412940246,0.5325165742891088,1.2302158273381294,0.015430574305355549,0.01432222593575716,0.0011083483695983887,0.042639282588049277
GSE126030_T_cells,lung,trrust_dorothea_union,formal_abs,spearman,6,2773,2773,0.5,0.49938091136661295,0.5184234450789746,1.158273381294964,0.035097818821668625,0.035885877907276154,-0.0007880590856075287,-0.0012381772667741098
GSE126030_T_cells,lung,trrust_dorothea_union,formal_abs,mutual_information,6,2773,2773,0.5,0.4920700604679429,0.49764266484298936,0.9424460431654677,0.0037711092736572027,0.003929759841412306,-0.0001586505677551031,-0.015859879064114346
GSE126030_T_cells,lung,trrust_dorothea_union,formal_abs,coexpression_probability,6,2773,2773,0.5,0.5014894930495744,0.5024152727788846,1.0287769784172662,0.027579346671700478,0.02703680284321308,0.0005425438284873962,0.002978986099148706
GSE126030_T_cells,lung,trrust_dorothea_union,formal_abs,codetection_odds_ratio,6,2773,2773,0.5,0.4913513558502738,0.5078329718826408,1.1223021582733812,1.5104223489761353,1.5299500226974487,-0.019527673721313477,-0.01729728829945243
GSE126030_T_cells,lung,trrust_dorothea_union,formal_abs,pearson,7,2773,2773,0.5,0.5151054765512947,0.5356430647180054,1.2589928057553956,0.015430574305355549,0.015071232803165913,0.00035934150218963623,0.030210953102589144
GSE126030_T_cells,lung,trrust_dorothea_union,formal_abs,spearman,7,2773,2773,0.5,0.5025757104238764,0.5244817899171811,1.1942446043165467,0.035097818821668625,0.035973165184259415,-0.0008753463625907898,0.0051514208477527745
GSE126030_T_cells,lung,trrust_dorothea_union,formal_abs,mutual_information,7,2773,2773,0.5,0.49360006315081195,0.4977811580990843,0.9496402877697842,0.0037711092736572027,0.003966086078435183,-0.00019497680477797985,-0.012799873698376096
GSE126030_T_cells,lung,trrust_dorothea_union,formal_abs,coexpression_probability,7,2773,2773,0.5,0.5023088540273403,0.5029927775596646,1.0287769784172662,0.027579346671700478,0.026946378871798515,0.0006329677999019623,0.004617708054680536
GSE126030_T_cells,lung,trrust_dorothea_union,formal_abs,codetection_odds_ratio,7,2773,2773,0.5,0.49419665365720056,0.5112022646786585,1.1654676258992807,1.5104223489761353,1.5300776958465576,-0.019655346870422363,-0.011606692685598774
GSE126030_T_cells,lung,trrust_dorothea_union,formal_abs,pearson,8,2773,2773,0.5,0.519997908844612,0.539757371921787,1.2949640287769784,0.015430574305355549,0.014697161503136158,0.0007334128022193909,0.03999581768922389
GSE126030_T_cells,lung,trrust_dorothea_union,formal_abs,spearman,8,2773,2773,0.5,0.5031401793269783,0.5259097593262773,1.1942446043165467,0.035097818821668625,0.03529044985771179,-0.00019263103604316711,0.006280358653956597
GSE126030_T_cells,lung,trrust_dorothea_union,formal_abs,mutual_information,8,2773,2773,0.5,0.49472171832631107,0.49752595532051247,0.920863309352518,0.0037711092736572027,0.003886176273226738,-0.00011506699956953526,-0.010556563347377979
GSE126030_T_cells,lung,trrust_dorothea_union,formal_abs,coexpression_probability,8,2773,2773,0.5,0.5016922362865138,0.5027932754554183,1.0071942446043165,0.027579346671700478,0.02730807475745678,0.0002712719142436981,0.0033844725730276526
GSE126030_T_cells,lung,trrust_dorothea_union,formal_abs,codetection_odds_ratio,8,2773,2773,0.5,0.4944488797688389,0.5119006568208182,1.129496402877698,1.5104223489761353,1.530131459236145,-0.019709110260009766,-0.011102240462322222
GSE126030_T_cells,lung,trrust_dorothea_union,formal_abs,pearson,9,2773,2773,0.5,0.5229023130025259,0.5382518457360961,1.3093525179856116,0.015430574305355549,0.014376082457602024,0.0010544918477535248,0.04580462600505175
GSE126030_T_cells,lung,trrust_dorothea_union,formal_abs,spearman,9,2773,2773,0.5,0.5047868991715877,0.5249619476624348,1.223021582733813,0.035097818821668625,0.035390455275774,-0.0002926364541053772,0.0095737983431754
GSE126030_T_cells,lung,trrust_dorothea_union,formal_abs,mutual_information,9,2773,2773,0.5,0.49392953716671073,0.497630551594426,0.935251798561151,0.0037711092736572027,0.0039038662798702717,-0.00013275700621306896,-0.01214092566657854
GSE126030_T_cells,lung,trrust_dorothea_union,formal_abs,coexpression_probability,9,2773,2773,0.5,0.5025992489266898,0.5029200458180807,1.0431654676258992,0.027579346671700478,0.02703680284321308,0.0005425438284873962,0.005198497853379669
GSE126030_T_cells,lung,trrust_dorothea_union,formal_abs,codetection_odds_ratio,9,2773,2773,0.5,0.4973361827492945,0.5122975263740157,1.1151079136690647,1.5104223489761353,1.520583987236023,-0.010161638259887695,-0.005327634501410938
GSE126030_T_cells,lymph_node,trrust,formal_abs,pearson,0,1071,1071,0.5,0.5122118564201279,0.5371669781736369,1.3148148148148149,0.014606102369725704,0.01494733989238739,-0.00034123752266168594,0.024423712840256018
GSE126030_T_cells,lymph_node,trrust,formal_abs,spearman,0,1071,1071,0.5,0.4999463837822711,0.5272263265713307,1.3333333333333333,0.027326738461852074,0.027845250442624092,-0.0005185119807720184,-0.00010723243545784911
GSE126030_T_cells,lymph_node,trrust,formal_abs,mutual_information,0,1071,1071,0.5,0.5021071609471676,0.5113593029036476,1.0185185185185186,0.0022019529715180397,0.0021461835131049156,5.5769458413124084e-05,0.004214321894335127
GSE126030_T_cells,lymph_node,trrust,formal_abs,coexpression_probability,0,1071,1071,0.5,0.5030905608430736,0.5041813849025356,1.037037037037037,0.0256549883633852,0.025715496391057968,-6.050802767276764e-05,0.006181121686147151
GSE126030_T_cells,lymph_node,trrust,formal_abs,codetection_odds_ratio,0,1071,1071,0.5,0.4954330316004398,0.5189895976357699,1.1851851851851851,1.376344919204712,1.3744332790374756,0.0019116401672363281,-0.009133936799120557
GSE126030_T_cells,lymph_node,trrust,formal_abs,pearson,1,1071,1071,0.5,0.5251351085096347,0.5420116409506017,1.2962962962962963,0.014606102369725704,0.013554099947214127,0.0010520024225115776,0.05027021701926948
GSE126030_T_cells,lymph_node,trrust,formal_abs,spearman,1,1071,1071,0.5,0.5105767797315005,0.5323877397992377,1.2962962962962963,0.027326738461852074,0.026504239067435265,0.0008224993944168091,0.021153559463000793
GSE126030_T_cells,lymph_node,trrust,formal_abs,mutual_information,1,1071,1071,0.5,0.504825459595603,0.5123239736484022,0.9629629629629629,0.0022019529715180397,0.002214574720710516,-1.2621749192476273e-05,0.009650919191205976
GSE126030_T_cells,lymph_node,trrust,formal_abs,coexpression_probability,1,1071,1071,0.5,0.5045721992500705,0.5049333073835681,1.0555555555555556,0.0256549883633852,0.025533974170684814,0.00012101419270038605,0.009144398500140705
GSE126030_T_cells,lymph_node,trrust,formal_abs,codetection_odds_ratio,1,1071,1071,0.5,0.5029240454351676,0.5256920791586535,1.2222222222222223,1.376344919204712,1.3728952407836914,0.003449678421020508,0.00584809087033511
GSE126030_T_cells,lymph_node,trrust,formal_abs,pearson,2,1071,1071,0.5,0.5200685938863563,0.535626045657853,1.3148148148148149,0.014606102369725704,0.01363231148570776,0.0009737908840179443,0.04013718777271258
GSE126030_T_cells,lymph_node,trrust,formal_abs,spearman,2,1071,1071,0.5,0.5030927403641194,0.5267854482470625,1.2592592592592593,0.027326738461852074,0.027219945564866066,0.00010679289698600769,0.006185480728239101
GSE126030_T_cells,lymph_node,trrust,formal_abs,mutual_information,2,1071,1071,0.5,0.5024393199545614,0.5116527263313826,1.0185185185185186,0.0022019529715180397,0.0020779105834662914,0.00012404238805174828,0.0048786399091227395
GSE126030_T_cells,lymph_node,trrust,formal_abs,coexpression_probability,2,1071,1071,0.5,0.5040090110118122,0.5046038207655781,1.0555555555555556,0.0256549883633852,0.02535245381295681,0.0003025345504283905,0.008018022023624338
GSE126030_T_cells,lymph_node,trrust,formal_abs,codetection_odds_ratio,2,1071,1071,0.5,0.5002502090160683,0.5202839053837411,1.1481481481481481,1.376344919204712,1.3722643852233887,0.004080533981323242,0.0005004180321366292
GSE126030_T_cells,lymph_node,trrust,formal_abs,pearson,3,1071,1071,0.5,0.5238491910925591,0.5419942716974845,1.3148148148148149,0.014606102369725704,0.013852917589247227,0.0007531847804784775,0.047698382185118016
GSE126030_T_cells,lymph_node,trrust,formal_abs,spearman,3,1071,1071,0.5,0.5110527871279231,0.5331079121724065,1.3333333333333333,0.027326738461852074,0.026562096551060677,0.0007646419107913971,0.022105574255846028
GSE126030_T_cells,lymph_node,trrust,formal_abs,mutual_information,3,1071,1071,0.5,0.5036925445559487,0.5118441955841493,1.0185185185185186,0.0022019529715180397,0.0022007387597113848,1.2142118066549301e-06,0.007385089111897392
GSE126030_T_cells,lymph_node,trrust,formal_abs,coexpression_probability,3,1071,1071,0.5,0.5052613638047811,0.5057802348286443,1.0555555555555556,0.0256549883633852,0.02541295997798443,0.0002420283854007721,0.010522727609562299
GSE126030_T_cells,lymph_node,trrust,formal_abs,codetection_odds_ratio,3,1071,1071,0.5,0.5032753842277652,0.5227787564848899,1.1851851851851851,1.376344919204712,1.3741542100906372,0.002190709114074707,0.006550768455530376
GSE126030_T_cells,lymph_node,trrust,formal_abs,pearson,4,1071,1071,0.5,0.5226460954752272,0.5434567832885548,1.3148148148148149,0.014606102369725704,0.014079407788813114,0.00052669458091259,0.045292190950454225
GSE126030_T_cells,lymph_node,trrust,formal_abs,spearman,4,1071,1071,0.5,0.5089438825639189,0.5331263112740073,1.3148148148148149,0.027326738461852074,0.02668312005698681,0.0006436184048652649,0.017887765127837518
GSE126030_T_cells,lymph_node,trrust,formal_abs,mutual_information,4,1071,1071,0.5,0.5075463736692934,0.5143470761343898,1.037037037037037,0.0022019529715180397,0.0020727829542011023,0.00012917001731693745,0.015092747338586898
GSE126030_T_cells,lymph_node,trrust,formal_abs,coexpression_probability,4,1071,1071,0.5,0.5037413658273766,0.5045166311331803,1.037037037037037,0.0256549883633852,0.025533974170684814,0.00012101419270038605,0.007482731654753438
GSE126030_T_cells,lymph_node,trrust,formal_abs,codetection_odds_ratio,4,1071,1071,0.5,0.4999211013381387,0.5218551558344909,1.2407407407407407,1.376344919204712,1.3743740320205688,0.0019708871841430664,-0.00015779732372256383
GSE126030_T_cells,lymph_node,trrust,formal_abs,pearson,5,1071,1071,0.5,0.5175198619752912,0.5404071772901569,1.3518518518518519,0.014606102369725704,0.014832945540547371,-0.00022684317082166672,0.03503972395058241
GSE126030_T_cells,lymph_node,trrust,formal_abs,spearman,5,1071,1071,0.5,0.5095271223957992,0.5332509797565949,1.3703703703703705,0.027326738461852074,0.026724664494395256,0.0006020739674568176,0.01905424479159845
GSE126030_T_cells,lymph_node,trrust,formal_abs,mutual_information,5,1071,1071,0.5,0.5051327720630736,0.514211039296204,1.037037037037037,0.0022019529715180397,0.002169128740206361,3.2824231311678886e-05,0.010265544126147219
GSE126030_T_cells,lymph_node,trrust,formal_abs,coexpression_probability,5,1071,1071,0.5,0.5052129784375623,0.5055608748015619,1.0925925925925926,0.0256549883633852,0.02541295997798443,0.0002420283854007721,0.01042595687512482
GSE126030_T_cells,lymph_node,trrust,formal_abs,codetection_odds_ratio,5,1071,1071,0.5,0.5051528236566959,0.5228783661593279,1.1851851851851851,1.376344919204712,1.3680615425109863,0.008283376693725586,0.010305647313391564
GSE126030_T_cells,lymph_node,trrust,formal_abs,pearson,6,1071,1071,0.5,0.5289762964009133,0.5450471108669503,1.3148148148148149,0.014606102369725704,0.013393568806350231,0.001212533563375473,0.05795259280182652
GSE126030_T_cells,lymph_node,trrust,formal_abs,spearman,6,1071,1071,0.5,0.5090973208455496,0.5330488381485726,1.2592592592592593,0.027326738461852074,0.02710602805018425,0.0002207104116678238,0.01819464169109919
GSE126030_T_cells,lymph_node,trrust,formal_abs,mutual_information,6,1071,1071,0.5,0.5041240897230352,0.5141846529432265,1.037037037037037,0.0022019529715180397,0.002262104069814086,-6.015109829604626e-05,0.008248179446070258
GSE126030_T_cells,lymph_node,trrust,formal_abs,coexpression_probability,6,1071,1071,0.5,0.504512480373413,0.5053251276276778,1.0740740740740742,0.0256549883633852,0.025473468005657196,0.00018152035772800446,0.009024960746826016
GSE126030_T_cells,lymph_node,trrust,formal_abs,codetection_odds_ratio,6,1071,1071,0.5,0.502585347864636,0.523129204371912,1.1111111111111112,1.376344919204712,1.3720121383666992,0.004332780838012695,0.00517069572927209
GSE126030_T_cells,lymph_node,trrust,formal_abs,pearson,7,1071,1071,0.5,0.5197394862084267,0.5411823014953963,1.3518518518518519,0.014606102369725704,0.014408543705940247,0.0001975586637854576,0.039478972416853386
GSE126030_T_cells,lymph_node,trrust,formal_abs,spearman,7,1071,1071,0.5,0.510069387232017,0.5341789248984651,1.3518518518518519,0.027326738461852074,0.02705012448132038,0.0002766139805316925,0.020138774464034004
GSE126030_T_cells,lymph_node,trrust,formal_abs,mutual_information,7,1071,1071,0.5,0.5046245077551718,0.5149479025675099,1.0925925925925926,0.0022019529715180397,0.002158957067877054,4.299590364098549e-05,0.009249015510343517
GSE126030_T_cells,lymph_node,trrust,formal_abs,coexpression_probability,7,1071,1071,0.5,0.5053768784202134,0.5055446425199499,1.0740740740740742,0.0256549883633852,0.02541295997798443,0.0002420283854007721,0.010753756840426787
GSE126030_T_cells,lymph_node,trrust,formal_abs,codetection_odds_ratio,7,1071,1071,0.5,0.504947948678382,0.5262326766041022,1.2592592592592593,1.376344919204712,1.3711421489715576,0.005202770233154297,0.009895897356763994
GSE126030_T_cells,lymph_node,trrust,formal_abs,pearson,8,1071,1071,0.5,0.5106426012670864,0.5349980405760486,1.2777777777777777,0.014606102369725704,0.01472817175090313,-0.00012206938117742538,0.021285202534172765
GSE126030_T_cells,lymph_node,trrust,formal_abs,spearman,8,1071,1071,0.5,0.4996691487052337,0.5255798119385023,1.2407407407407407,0.027326738461852074,0.02780410461127758,-0.0004773661494255066,-0.0006617025895325757
GSE126030_T_cells,lymph_node,trrust,formal_abs,mutual_information,8,1071,1071,0.5,0.4995928654686276,0.5112195856638699,1.0185185185185186,0.0022019529715180397,0.0022024016361683607,-4.486646503210068e-07,-0.0008142690627449545
GSE126030_T_cells,lymph_node,trrust,formal_abs,coexpression_probability,8,1071,1071,0.5,0.5036079791393682,0.5047671763594355,1.037037037037037,0.0256549883633852,0.025897016748785973,-0.0002420283854007721,0.007215958278736334
GSE126030_T_cells,lymph_node,trrust,formal_abs,codetection_odds_ratio,8,1071,1071,0.5,0.4932600491176863,0.5169442428462832,1.1481481481481481,1.376344919204712,1.3885316848754883,-0.012186765670776367,-0.013479901764627433
GSE126030_T_cells,lymph_node,trrust,formal_abs,pearson,9,1071,1071,0.5,0.5160656855334727,0.5365842424851386,1.2777777777777777,0.014606102369725704,0.014420242980122566,0.00018585938960313797,0.0321313710669453
GSE126030_T_cells,lymph_node,trrust,formal_abs,spearman,9,1071,1071,0.5,0.5070468274455752,0.5276650135151227,1.1851851851851851,0.027326738461852074,0.02709963731467724,0.0002271011471748352,0.014093654891150331
GSE126030_T_cells,lymph_node,trrust,formal_abs,mutual_information,9,1071,1071,0.5,0.5022762917803287,0.5110530776569896,0.9629629629629629,0.0022019529715180397,0.0022024016361683607,-4.486646503210068e-07,0.004552583560657464
GSE126030_T_cells,lymph_node,trrust,formal_abs,coexpression_probability,9,1071,1071,0.5,0.503372590866412,0.5049220477553613,1.037037037037037,0.0256549883633852,0.025533974170684814,0.00012101419270038605,0.006745181732823902
GSE126030_T_cells,lymph_node,trrust,formal_abs,codetection_odds_ratio,9,1071,1071,0.5,0.5010505291441194,0.5167422710686003,1.0740740740740742,1.376344919204712,1.3726627826690674,0.0036821365356445312,0.0021010582882390327
GSE126030_T_cells,lymph_node,dorothea_ab,formal_abs,pearson,0,2029,2029,0.5,0.5370315491902651,0.550301582161806,1.3300492610837438,0.014606102369725704,0.012965105473995209,0.0016409968957304955,0.07406309838053016
GSE126030_T_cells,lymph_node,dorothea_ab,formal_abs,spearman,0,2029,2029,0.5,0.518063607508767,0.538227451912274,1.3004926108374384,0.0264043640345335,0.0251757875084877,0.0012285765260457993,0.03612721501753402
GSE126030_T_cells,lymph_node,dorothea_ab,formal_abs,mutual_information,0,2029,2029,0.5,0.5008341347164003,0.5013208381427532,0.9359605911330049,0.0025163711979985237,0.0024751315359026194,4.123966209590435e-05,0.0016682694328005176
GSE126030_T_cells,lymph_node,dorothea_ab,formal_abs,coexpression_probability,0,2029,2029,0.5,0.5024541875676034,0.5022447079051853,1.0147783251231528,0.028861861675977707,0.02874084748327732,0.00012101419270038605,0.004908375135206811
GSE126030_T_cells,lymph_node,dorothea_ab,formal_abs,codetection_odds_ratio,0,2029,2029,0.5,0.5077463521180439,0.5254206501256036,1.3103448275862069,1.3589097261428833,1.352036952972412,0.006872773170471191,0.015492704236087729
GSE126030_T_cells,lymph_node,dorothea_ab,formal_abs,pearson,1,2029,2029,0.5,0.5431719369293107,0.5553115627799962,1.3004926108374384,0.014606102369725704,0.012368022464215755,0.0022380799055099487,0.0863438738586213
GSE126030_T_cells,lymph_node,dorothea_ab,formal_abs,spearman,1,2029,2029,0.5,0.5283418766962338,0.5449786686835332,1.2807881773399015,0.0264043640345335,0.024461530148983,0.001942833885550499,0.05668375339246756
GSE126030_T_cells,lymph_node,dorothea_ab,formal_abs,mutual_information,1,2029,2029,0.5,0.5042299423271387,0.5041881981449526,1.0049261083743843,0.0025163711979985237,0.0024150374811142683,0.00010133371688425541,0.008459884654277383
GSE126030_T_cells,lymph_node,dorothea_ab,formal_abs,coexpression_probability,1,2029,2029,0.5,0.503988495062112,0.503188913712544,0.9852216748768473,0.028861861675977707,0.028014764189720154,0.0008470974862575531,0.007976990124223926
GSE126030_T_cells,lymph_node,dorothea_ab,formal_abs,codetection_odds_ratio,1,2029,2029,0.5,0.5171263597501095,0.5320716383498727,1.29064039408867,1.3589097261428833,1.3463447093963623,0.012565016746520996,0.03425271950021869
GSE126030_T_cells,lymph_node,dorothea_ab,formal_abs,pearson,2,2029,2029,0.5,0.5279884503676484,0.5429550825631605,1.3004926108374384,0.014606102369725704,0.013559143990278244,0.0010469583794474602,0.05597690073529682
GSE126030_T_cells,lymph_node,dorothea_ab,formal_abs,spearman,2,2029,2029,0.5,0.5131316706183212,0.5332031118871502,1.2610837438423645,0.0264043640345335,0.02580513060092926,0.0005992334336042404,0.026263341236642423
GSE126030_T_cells,lymph_node,dorothea_ab,formal_abs,mutual_information,2,2029,2029,0.5,0.5008540529012415,0.5027943954049764,0.9753694581280788,0.0025163711979985237,0.0024806889705359936,3.5682227462530136e-05,0.0017081058024830398
GSE126030_T_cells,lymph_node,dorothea_ab,formal_abs,coexpression_probability,2,2029,2029,0.5,0.5018871265613609,0.502147180867391,1.0147783251231528,0.028861861675977707,0.02874084748327732,0.00012101419270038605,0.00377425312272206
GSE126030_T_cells,lymph_node,dorothea_ab,formal_abs,codetection_odds_ratio,2,2029,2029,0.5,0.5046342571889465,0.5227260824830438,1.29064039408867,1.3589097261428833,1.3527711629867554,0.00613856315612793,0.009268514377893222
GSE126030_T_cells,lymph_node,dorothea_ab,formal_abs,pearson,3,2029,2029,0.5,0.5402489433038584,0.549507476921494,1.29064039408867,0.014606102369725704,0.012692720629274845,0.001913381740450859,0.08049788660771684
GSE126030_T_cells,lymph_node,dorothea_ab,formal_abs,spearman,3,2029,2029,0.5,0.5225569799756657,0.5379611266874318,1.2315270935960592,0.0264043640345335,0.025008685886859894,0.0013956781476736069,0.04511395995133172
GSE126030_T_cells,lymph_node,dorothea_ab,formal_abs,mutual_information,3,2029,2029,0.5,0.5016528449847832,0.5006125915464463,0.9359605911330049,0.0025163711979985237,0.0024982106406241655,1.8160557374358177e-05,0.003305689969566483
GSE126030_T_cells,lymph_node,dorothea_ab,formal_abs,coexpression_probability,3,2029,2029,0.5,0.5022573133137762,0.5021385732444751,1.0049261083743843,0.028861861675977707,0.028619833290576935,0.0002420283854007721,0.0045146266275526425
GSE126030_T_cells,lymph_node,dorothea_ab,formal_abs,codetection_odds_ratio,3,2029,2029,0.5,0.5092858820634559,0.5262429305219227,1.270935960591133,1.3589097261428833,1.3503371477127075,0.008572578430175781,0.01857176412691186
GSE126030_T_cells,lymph_node,dorothea_ab,formal_abs,pearson,4,2029,2029,0.5,0.534343322950777,0.5477998619328888,1.3399014778325122,0.014606102369725704,0.013119109906256199,0.0014869924634695053,0.06868664590155404
GSE126030_T_cells,lymph_node,dorothea_ab,formal_abs,spearman,4,2029,2029,0.5,0.5204873105373756,0.5376096576644036,1.29064039408867,0.0264043640345335,0.025050576776266098,0.0013537872582674026,0.04097462107475125
GSE126030_T_cells,lymph_node,dorothea_ab,formal_abs,mutual_information,4,2029,2029,0.5,0.5002639159491464,0.5017347323716194,0.9655172413793104,0.0025163711979985237,0.0024763434194028378,4.002777859568596e-05,0.0005278318982928631
GSE126030_T_cells,lymph_node,dorothea_ab,formal_abs,coexpression_probability,4,2029,2029,0.5,0.5023038295625213,0.5024612974733954,1.0246305418719213,0.028861861675977707,0.028317298740148544,0.0005445629358291626,0.004607659125042796
GSE126030_T_cells,lymph_node,dorothea_ab,formal_abs,codetection_odds_ratio,4,2029,2029,0.5,0.5098743186826987,0.5242501156942979,1.270935960591133,1.3589097261428833,1.351462483406067,0.007447242736816406,0.019748637365397448
GSE126030_T_cells,lymph_node,dorothea_ab,formal_abs,pearson,5,2029,2029,0.5,0.5336720558311578,0.5476169613851383,1.3004926108374384,0.014606102369725704,0.012984087690711021,0.0016220146790146828,0.06734411166231591
GSE126030_T_cells,lymph_node,dorothea_ab,formal_abs,spearman,5,2029,2029,0.5,0.5192124252551896,0.53744411068632,1.2610837438423645,0.0264043640345335,0.025137145072221756,0.0012672189623117447,0.03842485051037925
GSE126030_T_cells,lymph_node,dorothea_ab,formal_abs,mutual_information,5,2029,2029,0.5,0.5007544619770353,0.5045485741139472,0.9753694581280788,0.0025163711979985237,0.0024982106406241655,1.8160557374358177e-05,0.0015089239540706512
GSE126030_T_cells,lymph_node,dorothea_ab,formal_abs,coexpression_probability,5,2029,2029,0.5,0.5022183271105201,0.5019567496006898,1.0049261083743843,0.028861861675977707,0.028075270354747772,0.0007865913212299347,0.004436654221039893
GSE126030_T_cells,lymph_node,dorothea_ab,formal_abs,codetection_odds_ratio,5,2029,2029,0.5,0.5063569372730207,0.5221881460911202,1.2807881773399015,1.3589097261428833,1.3537964820861816,0.00511324405670166,0.01271387454604156
GSE126030_T_cells,lymph_node,dorothea_ab,formal_abs,pearson,6,2029,2029,0.5,0.5354860680798699,0.547859413322703,1.29064039408867,0.014606102369725704,0.013119109906256199,0.0014869924634695053,0.07097213615973996
GSE126030_T_cells,lymph_node,dorothea_ab,formal_abs,spearman,6,2029,2029,0.5,0.5214709530924317,0.5370725574789125,1.2315270935960592,0.0264043640345335,0.025243932381272316,0.0011604316532611847,0.04294190618486349
GSE126030_T_cells,lymph_node,dorothea_ab,formal_abs,mutual_information,6,2029,2029,0.5,0.497964580123449,0.5013983208929502,0.9458128078817734,0.0025163711979985237,0.0025381515733897686,-2.1780375391244888e-05,-0.0040708397531019624
GSE126030_T_cells,lymph_node,dorothea_ab,formal_abs,coexpression_probability,6,2029,2029,0.5,0.502172053766468,0.5019474231951824,0.9950738916256158,0.028861861675977707,0.028619833290576935,0.0002420283854007721,0.004344107532936015
GSE126030_T_cells,lymph_node,dorothea_ab,formal_abs,codetection_odds_ratio,6,2029,2029,0.5,0.5081433798390562,0.5236716482913577,1.3103448275862069,1.3589097261428833,1.3505433797836304,0.00836634635925293,0.01628675967811244
GSE126030_T_cells,lymph_node,dorothea_ab,formal_abs,pearson,7,2029,2029,0.5,0.5413168737874502,0.54717544347326,1.29064039408867,0.014606102369725704,0.012873808853328228,0.0017322935163974762,0.08263374757490016
GSE126030_T_cells,lymph_node,dorothea_ab,formal_abs,spearman,7,2029,2029,0.5,0.5232576385631604,0.5362980557575014,1.2118226600985222,0.0264043640345335,0.024548916146159172,0.0018554478883743286,0.046515277126320864
GSE126030_T_cells,lymph_node,dorothea_ab,formal_abs,mutual_information,7,2029,2029,0.5,0.5030257423106697,0.5024238574849149,0.9852216748768473,0.0025163711979985237,0.002461416181176901,5.495501682162285e-05,0.006051484621339531
GSE126030_T_cells,lymph_node,dorothea_ab,formal_abs,coexpression_probability,7,2029,2029,0.5,0.5027233259676533,0.5023214875836993,0.9950738916256158,0.028861861675977707,0.02880135551095009,6.050616502761841e-05,0.00544665193530669
GSE126030_T_cells,lymph_node,dorothea_ab,formal_abs,codetection_odds_ratio,7,2029,2029,0.5,0.5115988205519717,0.5263826658962503,1.3103448275862069,1.3589097261428833,1.3426977396011353,0.016211986541748047,0.023197641103943623
GSE126030_T_cells,lymph_node,dorothea_ab,formal_abs,pearson,8,2029,2029,0.5,0.5363157090594463,0.5507818584150548,1.3300492610837438,0.014606102369725704,0.013035017065703869,0.0015710853040218353,0.07263141811889251
GSE126030_T_cells,lymph_node,dorothea_ab,formal_abs,spearman,8,2029,2029,0.5,0.5211910054335351,0.5399626728143658,1.3399014778325122,0.0264043640345335,0.024587346240878105,0.0018170177936553955,0.042382010867070274
GSE126030_T_cells,lymph_node,dorothea_ab,formal_abs,mutual_information,8,2029,2029,0.5,0.5005291678741054,0.501621520776552,0.9458128078817734,0.0025163711979985237,0.0025359245482832193,-1.9553350284695625e-05,0.0010583357482107925
GSE126030_T_cells,lymph_node,dorothea_ab,formal_abs,coexpression_probability,8,2029,2029,0.5,0.5024533374011773,0.5026820809805883,0.9950738916256158,0.028861861675977707,0.028559327125549316,0.0003025345504283905,0.004906674802354516
GSE126030_T_cells,lymph_node,dorothea_ab,formal_abs,codetection_odds_ratio,8,2029,2029,0.5,0.5081618405957384,0.5275517497339919,1.3300492610837438,1.3589097261428833,1.3511548042297363,0.007754921913146973,0.016323681191476647
GSE126030_T_cells,lymph_node,dorothea_ab,formal_abs,pearson,9,2029,2029,0.5,0.5357486480532039,0.5492442002872172,1.3004926108374384,0.014606102369725704,0.013035017065703869,0.0015710853040218353,0.07149729610640776
GSE126030_T_cells,lymph_node,dorothea_ab,formal_abs,spearman,9,2029,2029,0.5,0.5198060843253358,0.5372456931066234,1.270935960591133,0.0264043640345335,0.025175048038363457,0.001229315996170044,0.03961216865067163
GSE126030_T_cells,lymph_node,dorothea_ab,formal_abs,mutual_information,9,2029,2029,0.5,0.4976851182739387,0.5019083407777352,0.9655172413793104,0.0025163711979985237,0.0025773528032004833,-6.098160520195961e-05,-0.004629763452122626
GSE126030_T_cells,lymph_node,dorothea_ab,formal_abs,coexpression_probability,9,2029,2029,0.5,0.5013057341782206,0.5022189481875312,1.0049261083743843,0.028861861675977707,0.02874084748327732,0.00012101419270038605,0.0026114683564413266
GSE126030_T_cells,lymph_node,dorothea_ab,formal_abs,codetection_odds_ratio,9,2029,2029,0.5,0.5075350250349722,0.5232362386991543,1.3103448275862069,1.3589097261428833,1.351776123046875,0.007133603096008301,0.01507005006994433
GSE126030_T_cells,lymph_node,trrust_dorothea_intersection,formal_abs,pearson,0,441,441,0.5,0.543348707585831,0.5649678921891104,1.3777777777777778,0.017547840252518654,0.016336578875780106,0.0012112613767385483,0.08669741517166196
GSE126030_T_cells,lymph_node,trrust_dorothea_intersection,formal_abs,spearman,0,441,441,0.5,0.5193463628837778,0.5510017885651017,1.4666666666666666,0.03132418543100357,0.029257573187351227,0.0020666122436523438,0.03869272576755578
GSE126030_T_cells,lymph_node,trrust_dorothea_intersection,formal_abs,mutual_information,0,441,441,0.5,0.5010309490387236,0.5098661888987814,1.0222222222222221,0.002531067468225956,0.0023764544166624546,0.00015461305156350136,0.0020618980774471662
GSE126030_T_cells,lymph_node,trrust_dorothea_intersection,formal_abs,coexpression_probability,0,441,441,0.5,0.5021621649415624,0.5046873567706266,0.9333333333333333,0.027833241969347,0.02656259387731552,0.0012706480920314789,0.004324329883124811
GSE126030_T_cells,lymph_node,trrust_dorothea_intersection,formal_abs,codetection_odds_ratio,0,441,441,0.5,0.5104920274988303,0.5364418513698241,1.3777777777777778,1.4219475984573364,1.396972417831421,0.024975180625915527,0.02098405499766054
GSE126030_T_cells,lymph_node,trrust_dorothea_intersection,formal_abs,pearson,1,441,441,0.5,0.5445827612980189,0.5584504471531518,1.3777777777777778,0.017547840252518654,0.015285701490938663,0.0022621387615799904,0.08916552259603772
GSE126030_T_cells,lymph_node,trrust_dorothea_intersection,formal_abs,spearman,1,441,441,0.5,0.514518127734843,0.5429000592722881,1.3333333333333333,0.03132418543100357,0.02764422819018364,0.003679957240819931,0.029036255469685912
GSE126030_T_cells,lymph_node,trrust_dorothea_intersection,formal_abs,mutual_information,1,441,441,0.5,0.49827232480293704,0.507799991130656,1.0222222222222221,0.002531067468225956,0.002429165178909898,0.00010190228931605816,-0.0034553503941259223
GSE126030_T_cells,lymph_node,trrust_dorothea_intersection,formal_abs,coexpression_probability,1,441,441,0.5,0.5019179251443585,0.5055659844622618,0.9777777777777777,0.027833241969347,0.02656259387731552,0.0012706480920314789,0.0038358502887172463
GSE126030_T_cells,lymph_node,trrust_dorothea_intersection,formal_abs,codetection_odds_ratio,1,441,441,0.5,0.5153639687167385,0.5268456027810198,1.1555555555555554,1.4219475984573364,1.3917878866195679,0.030159711837768555,0.030727937433476793
GSE126030_T_cells,lymph_node,trrust_dorothea_intersection,formal_abs,pearson,2,441,441,0.5,0.5361809122742067,0.5556241115842715,1.3333333333333333,0.017547840252518654,0.016877127811312675,0.0006707124412059784,0.07236182454841344
GSE126030_T_cells,lymph_node,trrust_dorothea_intersection,formal_abs,spearman,2,441,441,0.5,0.5196291668594876,0.5424212972644764,1.288888888888889,0.03132418543100357,0.027584770694375038,0.0037394147366285324,0.039258333718975136
GSE126030_T_cells,lymph_node,trrust_dorothea_intersection,formal_abs,mutual_information,2,441,441,0.5,0.5008741213794663,0.513228321873,1.0666666666666667,0.002531067468225956,0.002261501271277666,0.00026956619694828987,0.0017482427589328164
GSE126030_T_cells,lymph_node,trrust_dorothea_intersection,formal_abs,coexpression_probability,2,441,441,0.5,0.5009975267506851,0.5056657358429841,1.0666666666666667,0.027833241969347,0.026502087712287903,0.0013311542570590973,0.001995053501370414
GSE126030_T_cells,lymph_node,trrust_dorothea_intersection,formal_abs,codetection_odds_ratio,2,441,441,0.5,0.5188141772203969,0.5286899407060941,1.2,1.4219475984573364,1.378846287727356,0.04310131072998047,0.0376283544407936
GSE126030_T_cells,lymph_node,trrust_dorothea_intersection,formal_abs,pearson,3,441,441,0.5,0.546989166036785,0.5687592974513208,1.5555555555555556,0.017547840252518654,0.01494733989238739,0.0026005003601312637,0.09397833207357009
GSE126030_T_cells,lymph_node,trrust_dorothea_intersection,formal_abs,spearman,3,441,441,0.5,0.5136851414791161,0.5468769626819443,1.4666666666666666,0.03132418543100357,0.02912578172981739,0.00219840370118618,0.027370282958232517
GSE126030_T_cells,lymph_node,trrust_dorothea_intersection,formal_abs,mutual_information,3,441,441,0.5,0.49245684668425194,0.5060865367256406,1.0222222222222221,0.002531067468225956,0.0024982106406241655,3.285682760179043e-05,-0.015086306631496127
GSE126030_T_cells,lymph_node,trrust_dorothea_intersection,formal_abs,coexpression_probability,3,441,441,0.5,0.49923642926558376,0.5042612872470209,1.0222222222222221,0.027833241969347,0.027349187061190605,0.00048405490815639496,-0.0015271414688324825
GSE126030_T_cells,lymph_node,trrust_dorothea_intersection,formal_abs,codetection_odds_ratio,3,441,441,0.5,0.49969148657195306,0.5230269470357058,1.1555555555555554,1.4219475984573364,1.3995546102523804,0.022392988204956055,-0.000617026856093883
GSE126030_T_cells,lymph_node,trrust_dorothea_intersection,formal_abs,pearson,4,441,441,0.5,0.5386387359176475,0.5658596824920114,1.511111111111111,0.017547840252518654,0.01685113087296486,0.0006967093795537949,0.07727747183529488
GSE126030_T_cells,lymph_node,trrust_dorothea_intersection,formal_abs,spearman,4,441,441,0.5,0.516384633974527,0.5522956867410292,1.4666666666666666,0.03132418543100357,0.02989364042878151,0.0014305450022220612,0.032769267949054104
GSE126030_T_cells,lymph_node,trrust_dorothea_intersection,formal_abs,mutual_information,4,441,441,0.5,0.49589162951650806,0.511219150316039,1.0222222222222221,0.002531067468225956,0.00250760349445045,2.346397377550602e-05,-0.008216740966983882
GSE126030_T_cells,lymph_node,trrust_dorothea_intersection,formal_abs,coexpression_probability,4,441,441,0.5,0.5020773237488495,0.5053613769377643,0.9777777777777777,0.027833241969347,0.026804622262716293,0.0010286197066307068,0.004154647497699004
GSE126030_T_cells,lymph_node,trrust_dorothea_intersection,formal_abs,codetection_odds_ratio,4,441,441,0.5,0.5154616646356199,0.5398314210575621,1.2444444444444445,1.4219475984573364,1.3946367502212524,0.027310848236083984,0.030923329271239863
GSE126030_T_cells,lymph_node,trrust_dorothea_intersection,formal_abs,pearson,5,441,441,0.5,0.5293884749667062,0.5561446434734418,1.4222222222222223,0.017547840252518654,0.01716568134725094,0.00038215890526771545,0.05877694993341254
GSE126030_T_cells,lymph_node,trrust_dorothea_intersection,formal_abs,spearman,5,441,441,0.5,0.5145335534062453,0.5438443918149521,1.4222222222222223,0.03132418543100357,0.028512362390756607,0.0028118230402469635,0.029067106812490584
GSE126030_T_cells,lymph_node,trrust_dorothea_intersection,formal_abs,mutual_information,5,441,441,0.5,0.5024038337935326,0.5084273201419451,1.0222222222222221,0.002531067468225956,0.0023705330677330494,0.00016053440049290657,0.004807667587064968
GSE126030_T_cells,lymph_node,trrust_dorothea_intersection,formal_abs,coexpression_probability,5,441,441,0.5,0.5022007291200683,0.503855123502205,0.9777777777777777,0.027833241969347,0.02632056549191475,0.001512676477432251,0.004401458240136602
GSE126030_T_cells,lymph_node,trrust_dorothea_intersection,formal_abs,codetection_odds_ratio,5,441,441,0.5,0.5118494865822368,0.5294941468028512,1.2444444444444445,1.4219475984573364,1.3871557712554932,0.03479182720184326,0.02369897316447367
GSE126030_T_cells,lymph_node,trrust_dorothea_intersection,formal_abs,pearson,6,441,441,0.5,0.535301649004273,0.5589671778805313,1.3777777777777778,0.017547840252518654,0.016316639259457588,0.0012312009930610657,0.07060329800854581
GSE126030_T_cells,lymph_node,trrust_dorothea_intersection,formal_abs,spearman,6,441,441,0.5,0.5315069338392954,0.5498961562707325,1.3777777777777778,0.03132418543100357,0.02760561741888523,0.0037185680121183395,0.06301386767859074
GSE126030_T_cells,lymph_node,trrust_dorothea_intersection,formal_abs,mutual_information,6,441,441,0.5,0.503725299643667,0.5089770550471115,1.0222222222222221,0.002531067468225956,0.0022925804369151592,0.00023848703131079674,0.007450599287333937
GSE126030_T_cells,lymph_node,trrust_dorothea_intersection,formal_abs,coexpression_probability,6,441,441,0.5,0.5025683742884909,0.5054437374743923,1.0222222222222221,0.027833241969347,0.027046650648117065,0.0007865913212299347,0.0051367485769817645
GSE126030_T_cells,lymph_node,trrust_dorothea_intersection,formal_abs,codetection_odds_ratio,6,441,441,0.5,0.5238866521665356,0.5334210485999866,1.2,1.4219475984573364,1.37962007522583,0.04232752323150635,0.04777330433307103
GSE126030_T_cells,lymph_node,trrust_dorothea_intersection,formal_abs,pearson,7,441,441,0.5,0.5420066741738268,0.5583692585257851,1.3777777777777778,0.017547840252518654,0.015351793728768826,0.0021960465237498283,0.0840133483476535
GSE126030_T_cells,lymph_node,trrust_dorothea_intersection,formal_abs,spearman,7,441,441,0.5,0.5221846864218098,0.5459546711708777,1.4222222222222223,0.03132418543100357,0.027845250442624092,0.0034789349883794785,0.04436937284361964
GSE126030_T_cells,lymph_node,trrust_dorothea_intersection,formal_abs,mutual_information,7,441,441,0.5,0.5044965832137844,0.5119107824071263,1.0222222222222221,0.002531067468225956,0.002326403511688113,0.00020466395653784275,0.008993166427568866
GSE126030_T_cells,lymph_node,trrust_dorothea_intersection,formal_abs,coexpression_probability,7,441,441,0.5,0.502987438361588,0.505178887403756,0.9777777777777777,0.027833241969347,0.026502087712287903,0.0013311542570590973,0.005974876723175981
GSE126030_T_cells,lymph_node,trrust_dorothea_intersection,formal_abs,codetection_odds_ratio,7,441,441,0.5,0.5158653030373147,0.536382386655705,1.2444444444444445,1.4219475984573364,1.392067790031433,0.02987980842590332,0.03173060607462941
GSE126030_T_cells,lymph_node,trrust_dorothea_intersection,formal_abs,pearson,8,441,441,0.5,0.5422894781495364,0.5602164811947669,1.3333333333333333,0.017547840252518654,0.015652406960725784,0.0018954332917928696,0.08457895629907286
GSE126030_T_cells,lymph_node,trrust_dorothea_intersection,formal_abs,spearman,8,441,441,0.5,0.5181894375286018,0.5462905869954277,1.3333333333333333,0.03132418543100357,0.028149377554655075,0.0031748078763484955,0.03637887505720361
GSE126030_T_cells,lymph_node,trrust_dorothea_intersection,formal_abs,mutual_information,8,441,441,0.5,0.5024295432458697,0.5085357308912325,1.0222222222222221,0.002531067468225956,0.002376140095293522,0.00015492737293243408,0.004859086491739495
GSE126030_T_cells,lymph_node,trrust_dorothea_intersection,formal_abs,coexpression_probability,8,441,441,0.5,0.502128742653524,0.5049511784160297,0.9777777777777777,0.027833241969347,0.027349187061190605,0.00048405490815639496,0.004257485307048059
GSE126030_T_cells,lymph_node,trrust_dorothea_intersection,formal_abs,codetection_odds_ratio,8,441,441,0.5,0.5140090805785655,0.5357637040318016,1.2,1.4219475984573364,1.4010838270187378,0.020863771438598633,0.028018161157131072
GSE126030_T_cells,lymph_node,trrust_dorothea_intersection,formal_abs,pearson,9,441,441,0.5,0.5261490839722132,0.5540742471571695,1.3777777777777778,0.017547840252518654,0.017785660922527313,-0.00023782067000865936,0.052298167944426543
GSE126030_T_cells,lymph_node,trrust_dorothea_intersection,formal_abs,spearman,9,441,441,0.5,0.5138548238645421,0.5452282470893947,1.4666666666666666,0.03132418543100357,0.02989364042878151,0.0014305450022220612,0.02770964772908413
GSE126030_T_cells,lymph_node,trrust_dorothea_intersection,formal_abs,mutual_information,9,441,441,0.5,0.5014114489333148,0.5108363020135073,1.0222222222222221,0.002531067468225956,0.0024982106406241655,3.285682760179043e-05,0.0028228978666295923
GSE126030_T_cells,lymph_node,trrust_dorothea_intersection,formal_abs,coexpression_probability,9,441,441,0.5,0.5021107460368879,0.5047899127209488,1.0222222222222221,0.027833241969347,0.027470199391245842,0.00036304257810115814,0.004221492073775757
GSE126030_T_cells,lymph_node,trrust_dorothea_intersection,formal_abs,codetection_odds_ratio,9,441,441,0.5,0.5130166957183477,0.5402981929417069,1.2444444444444445,1.4219475984573364,1.396972417831421,0.024975180625915527,0.026033391436695696
GSE126030_T_cells,lymph_node,trrust_dorothea_union,formal_abs,pearson,0,2659,2659,0.5,0.5253337172878985,0.538684913396569,1.2255639097744362,0.014243424870073795,0.013019339181482792,0.0012240856885910034,0.05066743457579692
GSE126030_T_cells,lymph_node,trrust_dorothea_union,formal_abs,spearman,0,2659,2659,0.5,0.5160005663141253,0.5315102667615275,1.2255639097744362,0.02600819244980812,0.02522045187652111,0.0007877405732870102,0.03200113262825055
GSE126030_T_cells,lymph_node,trrust_dorothea_union,formal_abs,mutual_information,0,2659,2659,0.5,0.5022770664984886,0.5053984907583855,0.9924812030075187,0.0024116854183375835,0.0023845580872148275,2.7127331122756004e-05,0.004554132996977156
GSE126030_T_cells,lymph_node,trrust_dorothea_union,formal_abs,coexpression_probability,0,2659,2659,0.5,0.5032680454991817,0.5030806806364212,1.0150375939849625,0.027833241969347,0.027349187061190605,0.00048405490815639496,0.006536090998363386
GSE126030_T_cells,lymph_node,trrust_dorothea_union,formal_abs,codetection_odds_ratio,0,2659,2659,0.5,0.5068971091813748,0.5224703526896148,1.263157894736842,1.3582276105880737,1.352028489112854,0.0061991214752197266,0.013794218362749744
GSE126030_T_cells,lymph_node,trrust_dorothea_union,formal_abs,pearson,1,2659,2659,0.5,0.5262401169062446,0.5385247951243429,1.2255639097744362,0.014243424870073795,0.012991302646696568,0.0012521222233772278,0.05248023381248923
GSE126030_T_cells,lymph_node,trrust_dorothea_union,formal_abs,spearman,1,2659,2659,0.5,0.5151655924283632,0.531737065960471,1.2330827067669172,0.02600819244980812,0.025120124220848083,0.0008880682289600372,0.030331184856726257
GSE126030_T_cells,lymph_node,trrust_dorothea_union,formal_abs,mutual_information,1,2659,2659,0.5,0.5040736711878919,0.5060237865064896,0.9398496240601504,0.0024116854183375835,0.0023653176613152027,4.636775702238083e-05,0.00814734237578385
GSE126030_T_cells,lymph_node,trrust_dorothea_union,formal_abs,coexpression_probability,1,2659,2659,0.5,0.5040371096990346,0.5034275519170648,1.0075187969924813,0.027833241969347,0.027591213583946228,0.0002420283854007721,0.008074219398069182
GSE126030_T_cells,lymph_node,trrust_dorothea_union,formal_abs,codetection_odds_ratio,1,2659,2659,0.5,0.5088648527547914,0.5227676885992827,1.2330827067669172,1.3582276105880737,1.3533413410186768,0.004886269569396973,0.017729705509583082
GSE126030_T_cells,lymph_node,trrust_dorothea_union,formal_abs,pearson,2,2659,2659,0.5,0.5331032104664581,0.5445171632350017,1.2406015037593985,0.014243424870073795,0.012738227844238281,0.001505197025835514,0.06620642093291629
GSE126030_T_cells,lymph_node,trrust_dorothea_union,formal_abs,spearman,2,2659,2659,0.5,0.5228903207666004,0.5361569231517327,1.2706766917293233,0.02600819244980812,0.02456393651664257,0.0014442559331655502,0.04578064153320072
GSE126030_T_cells,lymph_node,trrust_dorothea_union,formal_abs,mutual_information,2,2659,2659,0.5,0.5043370977758875,0.506234535936876,0.9849624060150376,0.0024116854183375835,0.0023502730764448643,6.141234189271927e-05,0.008674195551775066
GSE126030_T_cells,lymph_node,trrust_dorothea_union,formal_abs,coexpression_probability,2,2659,2659,0.5,0.5031474703763542,0.5028680791810201,1.0300751879699248,0.027833241969347,0.02777273580431938,6.050616502761841e-05,0.006294940752708422
GSE126030_T_cells,lymph_node,trrust_dorothea_union,formal_abs,codetection_odds_ratio,2,2659,2659,0.5,0.5082767573170006,0.5236794625664491,1.2481203007518797,1.3582276105880737,1.350441575050354,0.0077860355377197266,0.01655351463400101
GSE126030_T_cells,lymph_node,trrust_dorothea_union,formal_abs,pearson,3,2659,2659,0.5,0.530108562870415,0.5473930443657937,1.2932330827067668,0.014243424870073795,0.013070477172732353,0.001172947697341442,0.06021712574082971
GSE126030_T_cells,lymph_node,trrust_dorothea_union,formal_abs,spearman,3,2659,2659,0.5,0.5156775947094606,0.5362802966206739,1.300751879699248,0.02600819244980812,0.025129765272140503,0.0008784271776676178,0.03135518941892124
GSE126030_T_cells,lymph_node,trrust_dorothea_union,formal_abs,mutual_information,3,2659,2659,0.5,0.49906616158537404,0.5053410215183217,0.9774436090225563,0.0024116854183375835,0.0024137559812515974,-2.0705629140138626e-06,-0.0018676768292519297
GSE126030_T_cells,lymph_node,trrust_dorothea_union,formal_abs,coexpression_probability,3,2659,2659,0.5,0.5025433925469158,0.50313740769055,1.0225563909774436,0.027833241969347,0.027712227776646614,0.00012101419270038605,0.005086785093831425
GSE126030_T_cells,lymph_node,trrust_dorothea_union,formal_abs,codetection_odds_ratio,3,2659,2659,0.5,0.5038410071678905,0.5230069208466894,1.263157894736842,1.3582276105880737,1.352966547012329,0.005261063575744629,0.007682014335780973
GSE126030_T_cells,lymph_node,trrust_dorothea_union,formal_abs,pearson,4,2659,2659,0.5,0.5243906854621478,0.5419190091468402,1.2481203007518797,0.014243424870073795,0.013574248179793358,0.0006691766902804375,0.048781370924295686
GSE126030_T_cells,lymph_node,trrust_dorothea_union,formal_abs,spearman,4,2659,2659,0.5,0.516146882988102,0.5360552459195362,1.2857142857142858,0.02600819244980812,0.025192050263285637,0.0008161421865224838,0.0322937659762037
GSE126030_T_cells,lymph_node,trrust_dorothea_union,formal_abs,mutual_information,4,2659,2659,0.5,0.502960702693429,0.5066811463336951,1.0075187969924813,0.0024116854183375835,0.0023563785944133997,5.5306823924183846e-05,0.005921405386857925
GSE126030_T_cells,lymph_node,trrust_dorothea_union,formal_abs,coexpression_probability,4,2659,2659,0.5,0.5039591071415691,0.5034723740901181,1.037593984962406,0.027833241969347,0.027651721611618996,0.00018152035772800446,0.007918214283138214
GSE126030_T_cells,lymph_node,trrust_dorothea_union,formal_abs,codetection_odds_ratio,4,2659,2659,0.5,0.5063931688146482,0.5244747463316137,1.300751879699248,1.3582276105880737,1.3548502922058105,0.0033773183822631836,0.012786337629296485
GSE126030_T_cells,lymph_node,trrust_dorothea_union,formal_abs,pearson,5,2659,2659,0.5,0.5277979757805948,0.543750421503479,1.2857142857142858,0.014243424870073795,0.012892144732177258,0.0013512801378965378,0.05559595156118968
GSE126030_T_cells,lymph_node,trrust_dorothea_union,formal_abs,spearman,5,2659,2659,0.5,0.5134126918010755,0.5335639897968851,1.3082706766917294,0.02600819244980812,0.025178181007504463,0.0008300114423036575,0.02682538360215103
GSE126030_T_cells,lymph_node,trrust_dorothea_union,formal_abs,mutual_information,5,2659,2659,0.5,0.5007873803035552,0.5058952328681532,0.9924812030075187,0.0024116854183375835,0.0024323221296072006,-2.063671126961708e-05,0.0015747606071101483
GSE126030_T_cells,lymph_node,trrust_dorothea_union,formal_abs,coexpression_probability,5,2659,2659,0.5,0.5027624786058715,0.5030789254182988,1.0075187969924813,0.027833241969347,0.027712227776646614,0.00012101419270038605,0.0055249572117430645
GSE126030_T_cells,lymph_node,trrust_dorothea_union,formal_abs,codetection_odds_ratio,5,2659,2659,0.5,0.5026403476750075,0.5206786253343526,1.2406015037593985,1.3582276105880737,1.3537964820861816,0.00443112850189209,0.005280695350015074
GSE126030_T_cells,lymph_node,trrust_dorothea_union,formal_abs,pearson,6,2659,2659,0.5,0.5221676479336536,0.539166175665174,1.263157894736842,0.014243424870073795,0.01343229878693819,0.0008111260831356049,0.04433529586730711
GSE126030_T_cells,lymph_node,trrust_dorothea_union,formal_abs,spearman,6,2659,2659,0.5,0.5112511086900224,0.5319175811861074,1.2481203007518797,0.02600819244980812,0.02548225037753582,0.0005259420722723007,0.022502217380044653
GSE126030_T_cells,lymph_node,trrust_dorothea_union,formal_abs,mutual_information,6,2659,2659,0.5,0.5024725325627086,0.5072898946015378,0.9774436090225563,0.0024116854183375835,0.002345613669604063,6.607174873352051e-05,0.004945065125417258
GSE126030_T_cells,lymph_node,trrust_dorothea_union,formal_abs,coexpression_probability,6,2659,2659,0.5,0.5029495291629852,0.5029115045660598,1.0300751879699248,0.027833241969347,0.027893749997019768,-6.050802767276764e-05,0.005899058325970374
GSE126030_T_cells,lymph_node,trrust_dorothea_union,formal_abs,codetection_odds_ratio,6,2659,2659,0.5,0.5043465740612006,0.5225518756785807,1.2481203007518797,1.3582276105880737,1.3537546396255493,0.004472970962524414,0.008693148122401295
GSE126030_T_cells,lymph_node,trrust_dorothea_union,formal_abs,pearson,7,2659,2659,0.5,0.5290365404147304,0.5451589002009223,1.3157894736842106,0.014243424870073795,0.013158603571355343,0.0010848212987184525,0.05807308082946072
GSE126030_T_cells,lymph_node,trrust_dorothea_union,formal_abs,spearman,7,2659,2659,0.5,0.5162953212184919,0.5357334093789812,1.300751879699248,0.02600819244980812,0.025002479553222656,0.0010057128965854645,0.03259064243698373
GSE126030_T_cells,lymph_node,trrust_dorothea_union,formal_abs,mutual_information,7,2659,2659,0.5,0.5036109597341323,0.5059610395059686,1.0,0.0024116854183375835,0.002346587833017111,6.509758532047272e-05,0.007221919468264337
GSE126030_T_cells,lymph_node,trrust_dorothea_union,formal_abs,coexpression_probability,7,2659,2659,0.5,0.5030754788953933,0.502356112752092,1.0225563909774436,0.027833241969347,0.02777273580431938,6.050616502761841e-05,0.00615095779078656
GSE126030_T_cells,lymph_node,trrust_dorothea_union,formal_abs,codetection_odds_ratio,7,2659,2659,0.5,0.5047435879846925,0.5245636986880584,1.2932330827067668,1.3582276105880737,1.351907730102539,0.006319880485534668,0.009487175969385087
GSE126030_T_cells,lymph_node,trrust_dorothea_union,formal_abs,pearson,8,2659,2659,0.5,0.5283775142741851,0.5423460390164538,1.2857142857142858,0.014243424870073795,0.012897541746497154,0.001345883123576641,0.05675502854837022
GSE126030_T_cells,lymph_node,trrust_dorothea_union,formal_abs,spearman,8,2659,2659,0.5,0.516078003123214,0.5331774350744112,1.2406015037593985,0.02600819244980812,0.02511727064847946,0.0008909218013286591,0.03215600624642789
GSE126030_T_cells,lymph_node,trrust_dorothea_union,formal_abs,mutual_information,8,2659,2659,0.5,0.5020444731970342,0.5048526721603445,0.9323308270676691,0.0024116854183375835,0.002348307054489851,6.337836384773254e-05,0.004088946394068316
GSE126030_T_cells,lymph_node,trrust_dorothea_union,formal_abs,coexpression_probability,8,2659,2659,0.5,0.5029235047376476,0.5026608294325092,1.0150375939849625,0.027833241969347,0.027591213583946228,0.0002420283854007721,0.005847009475295151
GSE126030_T_cells,lymph_node,trrust_dorothea_union,formal_abs,codetection_odds_ratio,8,2659,2659,0.5,0.5042856146735895,0.5204812461752883,1.255639097744361,1.3582276105880737,1.3525422811508179,0.005685329437255859,0.008571229347178688
GSE126030_T_cells,lymph_node,trrust_dorothea_union,formal_abs,pearson,9,2659,2659,0.5,0.5299172692004745,0.5444613054982401,1.2706766917293233,0.014243424870073795,0.013119109906256199,0.0011243149638175964,0.05983453840094888
GSE126030_T_cells,lymph_node,trrust_dorothea_union,formal_abs,spearman,9,2659,2659,0.5,0.5147809542506161,0.535271174301615,1.2932330827067668,0.02600819244980812,0.025272274389863014,0.0007359180599451065,0.029561908501232192
GSE126030_T_cells,lymph_node,trrust_dorothea_union,formal_abs,mutual_information,9,2659,2659,0.5,0.5021683720915759,0.5062275689648138,1.0,0.0024116854183375835,0.002385929925367236,2.5755492970347404e-05,0.004336744183151886
GSE126030_T_cells,lymph_node,trrust_dorothea_union,formal_abs,coexpression_probability,9,2659,2659,0.5,0.5030798634453142,0.5030926770237607,1.0300751879699248,0.027833241969347,0.027651721611618996,0.00018152035772800446,0.006159726890628603
GSE126030_T_cells,lymph_node,trrust_dorothea_union,formal_abs,codetection_odds_ratio,9,2659,2659,0.5,0.5028428148753918,0.5238806797074094,1.2781954887218046,1.3582276105880737,1.35629403591156,0.0019335746765136719,0.005685629750783683
GSE126030_T_cells,bone_marrow,trrust,formal_abs,pearson,0,1209,1209,0.5,0.5261158214412037,0.5470262980989474,1.3057851239669422,0.01527609582990408,0.013690568506717682,0.0015855273231863976,0.052231642882407225
GSE126030_T_cells,bone_marrow,trrust,formal_abs,spearman,0,1209,1209,0.5,0.5195644603713122,0.5393465767842384,1.256198347107438,0.02701437659561634,0.025750722736120224,0.0012636538594961166,0.03912892074262442
GSE126030_T_cells,bone_marrow,trrust,formal_abs,mutual_information,0,1209,1209,0.5,0.5067131610796063,0.5175762269584105,1.0413223140495869,0.0017262528417631984,0.001641234033741057,8.501880802214146e-05,0.013426322159212578
GSE126030_T_cells,bone_marrow,trrust,formal_abs,coexpression_probability,0,1209,1209,0.5,0.5056438443134993,0.5067492985637904,1.024793388429752,0.021905476227402687,0.020855214446783066,0.0010502617806196213,0.011287688626998582
GSE126030_T_cells,bone_marrow,trrust,formal_abs,codetection_odds_ratio,0,1209,1209,0.5,0.513638748810445,0.5288264883372482,1.1735537190082646,1.3787344694137573,1.3589332103729248,0.01980125904083252,0.027277497620889823
GSE126030_T_cells,bone_marrow,trrust,formal_abs,pearson,1,1209,1209,0.5,0.5220434554461609,0.5419868900942697,1.2396694214876034,0.01527609582990408,0.013856702484190464,0.0014193933457136154,0.04408691089232186
GSE126030_T_cells,bone_marrow,trrust,formal_abs,spearman,1,1209,1209,0.5,0.5127685178913868,0.5337327348408856,1.1735537190082646,0.02701437659561634,0.026112385094165802,0.0009019915014505386,0.025537035782773332
GSE126030_T_cells,bone_marrow,trrust,formal_abs,mutual_information,1,1209,1209,0.5,0.5022474123970962,0.514687290284507,1.0909090909090908,0.0017262528417631984,0.001695558545179665,3.069429658353329e-05,0.004494824794192498
GSE126030_T_cells,bone_marrow,trrust,formal_abs,coexpression_probability,1,1209,1209,0.5,0.5058860312202184,0.5064339868569029,1.024793388429752,0.021905476227402687,0.021305326372385025,0.000600149855017662,0.011772062440436715
GSE126030_T_cells,bone_marrow,trrust,formal_abs,codetection_odds_ratio,1,1209,1209,0.5,0.5105768632143401,0.5246021207831773,1.1900826446280992,1.3787344694137573,1.366370677947998,0.012363791465759277,0.021153726428680297
GSE126030_T_cells,bone_marrow,trrust,formal_abs,pearson,2,1209,1209,0.5,0.5238266762720457,0.5436474679452088,1.2727272727272727,0.01527609582990408,0.01380166132003069,0.0014744345098733902,0.04765335254409142
GSE126030_T_cells,bone_marrow,trrust,formal_abs,spearman,2,1209,1209,0.5,0.5152345142339539,0.5353224064237052,1.2066115702479339,0.02701437659561634,0.025936271995306015,0.0010781046003103256,0.030469028467907888
GSE126030_T_cells,bone_marrow,trrust,formal_abs,mutual_information,2,1209,1209,0.5,0.503165533382455,0.5157736317805712,1.1074380165289257,0.0017262528417631984,0.0017062326660379767,2.0020175725221634e-05,0.0063310667649096874
GSE126030_T_cells,bone_marrow,trrust,formal_abs,coexpression_probability,2,1209,1209,0.5,0.5066166968032012,0.5064026117246168,1.024793388429752,0.021905476227402687,0.02100525051355362,0.0009002257138490677,0.01323339360640241
GSE126030_T_cells,bone_marrow,trrust,formal_abs,codetection_odds_ratio,2,1209,1209,0.5,0.5118763943705912,0.5243250479514587,1.1900826446280992,1.3787344694137573,1.3613601922988892,0.017374277114868164,0.02375278874118214
GSE126030_T_cells,bone_marrow,trrust,formal_abs,pearson,3,1209,1209,0.5,0.509741865701203,0.5404573506000767,1.3057851239669422,0.01527609582990408,0.014894228428602219,0.0003818674013018608,0.01948373140240589
GSE126030_T_cells,bone_marrow,trrust,formal_abs,spearman,3,1209,1209,0.5,0.5124674946174986,0.5361995372165148,1.3057851239669422,0.02701437659561634,0.027006836608052254,7.539987564086914e-06,0.024934989234997262
GSE126030_T_cells,bone_marrow,trrust,formal_abs,mutual_information,3,1209,1209,0.5,0.503656748633936,0.51605551978925,1.1074380165289257,0.0017262528417631984,0.001740675768814981,-1.4422927051782608e-05,0.007313497267871671
GSE126030_T_cells,bone_marrow,trrust,formal_abs,coexpression_probability,3,1209,1209,0.5,0.5058740587036432,0.5069542234050437,1.0413223140495869,0.021905476227402687,0.021305326372385025,0.000600149855017662,0.011748117407286651
GSE126030_T_cells,bone_marrow,trrust,formal_abs,codetection_odds_ratio,3,1209,1209,0.5,0.5112746898947171,0.5247989665637514,1.140495867768595,1.3787344694137573,1.3702373504638672,0.008497118949890137,0.022549379789434276
GSE126030_T_cells,bone_marrow,trrust,formal_abs,pearson,4,1209,1209,0.5,0.5106976145957975,0.5383350029022909,1.322314049586777,0.01527609582990408,0.014947830699384212,0.00032826513051986694,0.02139522919159509
GSE126030_T_cells,bone_marrow,trrust,formal_abs,spearman,4,1209,1209,0.5,0.4988797145204733,0.5283293611151462,1.322314049586777,0.02701437659561634,0.02828347682952881,-0.001269100233912468,-0.0022405709590532785
GSE126030_T_cells,bone_marrow,trrust,formal_abs,mutual_information,4,1209,1209,0.5,0.4993322756470119,0.5149331146142467,1.0909090909090908,0.0017262528417631984,0.0017193349776789546,6.917864084243774e-06,-0.0013354487059762388
GSE126030_T_cells,bone_marrow,trrust,formal_abs,coexpression_probability,4,1209,1209,0.5,0.5026226652737499,0.5055687585818123,1.0743801652892562,0.021905476227402687,0.021755438297986984,0.00015003792941570282,0.00524533054749976
GSE126030_T_cells,bone_marrow,trrust,formal_abs,codetection_odds_ratio,4,1209,1209,0.5,0.4988780041609626,0.5168400576941774,1.1570247933884297,1.3787344694137573,1.389885663986206,-0.01115119457244873,-0.0022439916780747637
GSE126030_T_cells,bone_marrow,trrust,formal_abs,pearson,5,1209,1209,0.5,0.5093426677913991,0.5330073963874655,1.2066115702479339,0.01527609582990408,0.014891978353261948,0.0003841174766421318,0.018685335582798057
GSE126030_T_cells,bone_marrow,trrust,formal_abs,spearman,5,1209,1209,0.5,0.5038934623902206,0.5258616620375989,1.1570247933884297,0.02701437659561634,0.02749616838991642,-0.00048179179430007935,0.0077869247804411845
GSE126030_T_cells,bone_marrow,trrust,formal_abs,mutual_information,5,1209,1209,0.5,0.5007416118838515,0.5130825140669265,1.0909090909090908,0.0017262528417631984,0.0017335867742076516,-7.3339324444532394e-06,0.0014832237677031568
GSE126030_T_cells,bone_marrow,trrust,formal_abs,coexpression_probability,5,1209,1209,0.5,0.5042307452857361,0.505146001468597,1.024793388429752,0.021905476227402687,0.021305326372385025,0.000600149855017662,0.008461490571472163
GSE126030_T_cells,bone_marrow,trrust,formal_abs,codetection_odds_ratio,5,1209,1209,0.5,0.5027423904395008,0.5176288006025331,1.1570247933884297,1.3787344694137573,1.38991117477417,-0.011176705360412598,0.005484780879001727
GSE126030_T_cells,bone_marrow,trrust,formal_abs,pearson,6,1209,1209,0.5,0.516868249638601,0.5416432058534614,1.2892561983471074,0.01527609582990408,0.013904842548072338,0.0013712532818317413,0.033736499277202014
GSE126030_T_cells,bone_marrow,trrust,formal_abs,spearman,6,1209,1209,0.5,0.5094158711784582,0.5340899391125853,1.2892561983471074,0.02701437659561634,0.026236573234200478,0.000777803361415863,0.018831742356916426
GSE126030_T_cells,bone_marrow,trrust,formal_abs,mutual_information,6,1209,1209,0.5,0.5002531332075877,0.5148962760053561,1.0909090909090908,0.0017262528417631984,0.0017615972319617867,-3.534439019858837e-05,0.0005062664151753715
GSE126030_T_cells,bone_marrow,trrust,formal_abs,coexpression_probability,6,1209,1209,0.5,0.5045375837819607,0.5059950747546993,1.024793388429752,0.021905476227402687,0.02160540223121643,0.0003000739961862564,0.00907516756392135
GSE126030_T_cells,bone_marrow,trrust,formal_abs,codetection_odds_ratio,6,1209,1209,0.5,0.5052744066591821,0.523314378713775,1.2396694214876034,1.3787344694137573,1.3731111288070679,0.005623340606689453,0.010548813318364214
GSE126030_T_cells,bone_marrow,trrust,formal_abs,pearson,7,1209,1209,0.5,0.5112757161104236,0.5362040054800361,1.256198347107438,0.01527609582990408,0.0146707221865654,0.0006053736433386803,0.0225514322208471
GSE126030_T_cells,bone_marrow,trrust,formal_abs,spearman,7,1209,1209,0.5,0.5071859044483714,0.5303568525814623,1.2231404958677685,0.02701437659561634,0.02737695723772049,-0.00036258064210414886,0.014371808896742833
GSE126030_T_cells,bone_marrow,trrust,formal_abs,mutual_information,7,1209,1209,0.5,0.5027536788122717,0.5147407985032975,1.0909090909090908,0.0017262528417631984,0.0017264045309275389,-1.5168916434049606e-07,0.005507357624543241
GSE126030_T_cells,bone_marrow,trrust,formal_abs,coexpression_probability,7,1209,1209,0.5,0.5060878536424842,0.5058535507404602,1.0082644628099173,0.021905476227402687,0.020855214446783066,0.0010502617806196213,0.012175707284968418
GSE126030_T_cells,bone_marrow,trrust,formal_abs,codetection_odds_ratio,7,1209,1209,0.5,0.503819232787455,0.5192929472104322,1.1735537190082646,1.3787344694137573,1.3810245990753174,-0.0022901296615600586,0.007638465574909992
GSE126030_T_cells,bone_marrow,trrust,formal_abs,pearson,8,1209,1209,0.5,0.5125523284492308,0.5385843112766056,1.2892561983471074,0.01527609582990408,0.014404607936739922,0.0008714878931641579,0.02510465689846142
GSE126030_T_cells,bone_marrow,trrust,formal_abs,spearman,8,1209,1209,0.5,0.5107106133280792,0.5335345243702553,1.256198347107438,0.02701437659561634,0.02703118324279785,-1.6806647181510925e-05,0.0214212266561582
GSE126030_T_cells,bone_marrow,trrust,formal_abs,mutual_information,8,1209,1209,0.5,0.5027399959361858,0.5140920973035923,1.0909090909090908,0.0017262528417631984,0.0017831590957939625,-5.69062540307641e-05,0.005479991872371581
GSE126030_T_cells,bone_marrow,trrust,formal_abs,coexpression_probability,8,1209,1209,0.5,0.5058596916837532,0.5066110865105345,1.0413223140495869,0.021905476227402687,0.021155288442969322,0.0007501877844333649,0.01171938336750622
GSE126030_T_cells,bone_marrow,trrust,formal_abs,codetection_odds_ratio,8,1209,1209,0.5,0.5133924570409002,0.5268665677691727,1.2396694214876034,1.3787344694137573,1.3616029024124146,0.017131567001342773,0.026784914081800393
GSE126030_T_cells,bone_marrow,trrust,formal_abs,pearson,9,1209,1209,0.5,0.5176669875301109,0.5423371082007129,1.2892561983471074,0.01527609582990408,0.014495139941573143,0.0007809558883309364,0.035333975060221734
GSE126030_T_cells,bone_marrow,trrust,formal_abs,spearman,9,1209,1209,0.5,0.5047448793546608,0.5318301473187165,1.2066115702479339,0.02701437659561634,0.027472486719489098,-0.00045811012387275696,0.009489758709321672
GSE126030_T_cells,bone_marrow,trrust,formal_abs,mutual_information,9,1209,1209,0.5,0.5000725192432549,0.5134451283823734,1.0413223140495869,0.0017262528417631984,0.0016798990545794368,4.63537871837616e-05,0.00014503848650981865
GSE126030_T_cells,bone_marrow,trrust,formal_abs,coexpression_probability,9,1209,1209,0.5,0.50462994319554,0.5059789362176228,1.0413223140495869,0.021905476227402687,0.021305326372385025,0.000600149855017662,0.009259886391079775
GSE126030_T_cells,bone_marrow,trrust,formal_abs,codetection_odds_ratio,9,1209,1209,0.5,0.5031901625594093,0.5220970944975811,1.1900826446280992,1.3787344694137573,1.379181981086731,-0.0004475116729736328,0.006380325118818586
GSE126030_T_cells,bone_marrow,dorothea_ab,formal_abs,pearson,0,2223,2223,0.5,0.5389465913650869,0.5507986851653515,1.336322869955157,0.01718316227197647,0.014809359796345234,0.002373802475631237,0.0778931827301741
GSE126030_T_cells,bone_marrow,dorothea_ab,formal_abs,spearman,0,2223,2223,0.5,0.5194657578349602,0.5383395271011807,1.2645739910313902,0.02827494777739048,0.027025070041418076,0.0012498777359724045,0.03893151566992037
GSE126030_T_cells,bone_marrow,dorothea_ab,formal_abs,mutual_information,0,2223,2223,0.5,0.4929607633279769,0.5030558113688994,0.9775784753363229,0.001900930656120181,0.002035436686128378,-0.00013450603000819683,-0.014078473344046216
GSE126030_T_cells,bone_marrow,dorothea_ab,formal_abs,coexpression_probability,0,2223,2223,0.5,0.5005897733364173,0.5020016779636223,1.0044843049327354,0.025206301361322403,0.024456113576889038,0.0007501877844333649,0.0011795466728345971
GSE126030_T_cells,bone_marrow,dorothea_ab,formal_abs,codetection_odds_ratio,0,2223,2223,0.5,0.5002358486270696,0.5219010997667278,1.2376681614349776,1.3905372619628906,1.3908482789993286,-0.0003110170364379883,0.0004716972541392028
GSE126030_T_cells,bone_marrow,dorothea_ab,formal_abs,pearson,1,2223,2223,0.5,0.5352938212516308,0.5517431065695344,1.3632286995515694,0.01718316227197647,0.015268448740243912,0.0019147135317325592,0.07058764250326144
GSE126030_T_cells,bone_marrow,dorothea_ab,formal_abs,spearman,1,2223,2223,0.5,0.5192160476626703,0.5410655117541578,1.3094170403587444,0.02827494777739048,0.02712586149573326,0.001149086281657219,0.03843209532534053
GSE126030_T_cells,bone_marrow,dorothea_ab,formal_abs,mutual_information,1,2223,2223,0.5,0.4972613836169486,0.505683843725095,0.9955156950672646,0.001900930656120181,0.001925689517520368,-2.4758861400187016e-05,-0.00547723276610268
GSE126030_T_cells,bone_marrow,dorothea_ab,formal_abs,coexpression_probability,1,2223,2223,0.5,0.5011430209952832,0.5023888448656489,1.0044843049327354,0.025206301361322403,0.024756189435720444,0.00045011192560195923,0.0022860419905663676
GSE126030_T_cells,bone_marrow,dorothea_ab,formal_abs,codetection_odds_ratio,1,2223,2223,0.5,0.506611349995113,0.5268856768517242,1.2914798206278026,1.3905372619628906,1.389489769935608,0.0010474920272827148,0.013222699990226072
GSE126030_T_cells,bone_marrow,dorothea_ab,formal_abs,pearson,2,2223,2223,0.5,0.5357328376363819,0.5508722987478583,1.336322869955157,0.01718316227197647,0.015230417251586914,0.0019527450203895569,0.07146567527276382
GSE126030_T_cells,bone_marrow,dorothea_ab,formal_abs,spearman,2,2223,2223,0.5,0.514570001713975,0.5374829270765973,1.3004484304932735,0.02827494777739048,0.0275860782712698,0.0006888695061206818,0.02914000342795009
GSE126030_T_cells,bone_marrow,dorothea_ab,formal_abs,mutual_information,2,2223,2223,0.5,0.4943778786736383,0.5051107285339003,1.0403587443946187,0.001900930656120181,0.0019791903905570507,-7.825973443686962e-05,-0.01124424265272339
GSE126030_T_cells,bone_marrow,dorothea_ab,formal_abs,coexpression_probability,2,2223,2223,0.5,0.49974593912373577,0.5019305955707901,1.0044843049327354,0.025206301361322403,0.02460615150630474,0.000600149855017662,-0.0005081217525283455
GSE126030_T_cells,bone_marrow,dorothea_ab,formal_abs,codetection_odds_ratio,2,2223,2223,0.5,0.49939636511836244,0.5236442818096683,1.2914798206278026,1.3905372619628906,1.393295168876648,-0.0027579069137573242,-0.0012072697632751206
GSE126030_T_cells,bone_marrow,dorothea_ab,formal_abs,pearson,3,2223,2223,0.5,0.5398941342190153,0.5531835762848132,1.345291479820628,0.01718316227197647,0.014589711092412472,0.002593451179563999,0.07978826843803044
GSE126030_T_cells,bone_marrow,dorothea_ab,formal_abs,spearman,3,2223,2223,0.5,0.5196204607739519,0.5391747540462564,1.2466367713004485,0.02827494777739048,0.027414679527282715,0.0008602682501077652,0.039240921547903485
GSE126030_T_cells,bone_marrow,dorothea_ab,formal_abs,mutual_information,3,2223,2223,0.5,0.4936382589980146,0.5025794400852682,1.0044843049327354,0.001900930656120181,0.0019698902033269405,-6.895954720675945e-05,-0.012723482003970665
GSE126030_T_cells,bone_marrow,dorothea_ab,formal_abs,coexpression_probability,3,2223,2223,0.5,0.5005192514603694,0.5021340241392974,1.0044843049327354,0.025206301361322403,0.024756189435720444,0.00045011192560195923,0.0010385029207389262
GSE126030_T_cells,bone_marrow,dorothea_ab,formal_abs,codetection_odds_ratio,3,2223,2223,0.5,0.5021076631276219,0.5213300672827397,1.2376681614349776,1.3905372619628906,1.3981878757476807,-0.007650613784790039,0.00421532625524379
GSE126030_T_cells,bone_marrow,dorothea_ab,formal_abs,pearson,4,2223,2223,0.5,0.5406865694173032,0.5537940487435498,1.3721973094170403,0.01718316227197647,0.015193193219602108,0.001989969052374363,0.08137313883460617
GSE126030_T_cells,bone_marrow,dorothea_ab,formal_abs,spearman,4,2223,2223,0.5,0.5185851955864031,0.5394472271036137,1.2914798206278026,0.02827494777739048,0.026664726436138153,0.001610221341252327,0.03717039117280607
GSE126030_T_cells,bone_marrow,dorothea_ab,formal_abs,mutual_information,4,2223,2223,0.5,0.49629289667644666,0.5052617833659943,0.9955156950672646,0.001900930656120181,0.0019812576938420534,-8.032703772187233e-05,-0.00741420664710668
GSE126030_T_cells,bone_marrow,dorothea_ab,formal_abs,coexpression_probability,4,2223,2223,0.5,0.5007115930476964,0.5021522061435447,1.0044843049327354,0.025206301361322403,0.024756189435720444,0.00045011192560195923,0.0014231860953928255
GSE126030_T_cells,bone_marrow,dorothea_ab,formal_abs,codetection_odds_ratio,4,2223,2223,0.5,0.5044094890674904,0.5220401885803754,1.2645739910313902,1.3905372619628906,1.3920804262161255,-0.0015431642532348633,0.008818978134980782
GSE126030_T_cells,bone_marrow,dorothea_ab,formal_abs,pearson,5,2223,2223,0.5,0.5415620727077506,0.557092263639816,1.4080717488789238,0.01718316227197647,0.014979085884988308,0.002204076386988163,0.0831241454155014
GSE126030_T_cells,bone_marrow,dorothea_ab,formal_abs,spearman,5,2223,2223,0.5,0.516305123166406,0.5414493116234909,1.3632286995515694,0.02827494777739048,0.02746570110321045,0.0008092466741800308,0.032610246332811954
GSE126030_T_cells,bone_marrow,dorothea_ab,formal_abs,mutual_information,5,2223,2223,0.5,0.4945361228833067,0.5055403383439672,0.9955156950672646,0.001900930656120181,0.0019499157788231969,-4.8985122703015804e-05,-0.010927754233386766
GSE126030_T_cells,bone_marrow,dorothea_ab,formal_abs,coexpression_probability,5,2223,2223,0.5,0.500458442783892,0.5022151933454135,1.0044843049327354,0.025206301361322403,0.02460615150630474,0.000600149855017662,0.0009168855677841314
GSE126030_T_cells,bone_marrow,dorothea_ab,formal_abs,codetection_odds_ratio,5,2223,2223,0.5,0.5005056934526357,0.5223538072222118,1.2645739910313902,1.3905372619628906,1.3973488807678223,-0.006811618804931641,0.001011386905271472
GSE126030_T_cells,bone_marrow,dorothea_ab,formal_abs,pearson,6,2223,2223,0.5,0.539207937141029,0.5555081510432462,1.345291479820628,0.01718316227197647,0.014718117192387581,0.00246504507958889,0.07841587428205798
GSE126030_T_cells,bone_marrow,dorothea_ab,formal_abs,spearman,6,2223,2223,0.5,0.5250790765742112,0.5436162467691031,1.2556053811659194,0.02827494777739048,0.0266124214977026,0.0016625262796878815,0.05015815314842231
GSE126030_T_cells,bone_marrow,dorothea_ab,formal_abs,mutual_information,6,2223,2223,0.5,0.49697990318773044,0.5066195991480795,0.9865470852017937,0.001900930656120181,0.0019378522410988808,-3.6921584978699684e-05,-0.006040193624539114
GSE126030_T_cells,bone_marrow,dorothea_ab,formal_abs,coexpression_probability,6,2223,2223,0.5,0.5009119277888368,0.502174030265502,1.0044843049327354,0.025206301361322403,0.024456113576889038,0.0007501877844333649,0.0018238555776732834
GSE126030_T_cells,bone_marrow,dorothea_ab,formal_abs,codetection_odds_ratio,6,2223,2223,0.5,0.5059084583553651,0.5259044153609609,1.2825112107623318,1.3905372619628906,1.3853415250778198,0.005195736885070801,0.011816916710730263
GSE126030_T_cells,bone_marrow,dorothea_ab,formal_abs,pearson,7,2223,2223,0.5,0.5426595630800475,0.5539479837486166,1.3094170403587444,0.01718316227197647,0.014452731236815453,0.0027304310351610184,0.08531912616009496
GSE126030_T_cells,bone_marrow,dorothea_ab,formal_abs,spearman,7,2223,2223,0.5,0.5198452808723424,0.5400025399983832,1.2466367713004485,0.02827494777739048,0.026525747030973434,0.0017492007464170456,0.03969056174468499
GSE126030_T_cells,bone_marrow,dorothea_ab,formal_abs,mutual_information,7,2223,2223,0.5,0.49744067309235296,0.5072633842503538,1.0403587443946187,0.001900930656120181,0.001901928335428238,-9.976793080568314e-07,-0.005118653815294194
GSE126030_T_cells,bone_marrow,dorothea_ab,formal_abs,coexpression_probability,7,2223,2223,0.5,0.5011540495239621,0.502855018412526,1.0044843049327354,0.025206301361322403,0.024456113576889038,0.0007501877844333649,0.0023080990479242836
GSE126030_T_cells,bone_marrow,dorothea_ab,formal_abs,codetection_odds_ratio,7,2223,2223,0.5,0.5069958308114426,0.5254188612998716,1.2645739910313902,1.3905372619628906,1.3795831203460693,0.010954141616821289,0.013991661622885454
GSE126030_T_cells,bone_marrow,dorothea_ab,formal_abs,pearson,8,2223,2223,0.5,0.5412351628347083,0.5528673495131226,1.3094170403587444,0.01718316227197647,0.014620617963373661,0.00256254430860281,0.08247032566941659
GSE126030_T_cells,bone_marrow,dorothea_ab,formal_abs,spearman,8,2223,2223,0.5,0.5203564379997365,0.5396022087106744,1.2645739910313902,0.02827494777739048,0.027134286239743233,0.0011406615376472473,0.04071287599947304
GSE126030_T_cells,bone_marrow,dorothea_ab,formal_abs,mutual_information,8,2223,2223,0.5,0.49663113861565455,0.5042415736352865,0.9955156950672646,0.001900930656120181,0.0019445944344624877,-4.3663778342306614e-05,-0.00673772276869089
GSE126030_T_cells,bone_marrow,dorothea_ab,formal_abs,coexpression_probability,8,2223,2223,0.5,0.5010223142547882,0.5017488452324892,0.9955156950672646,0.025206301361322403,0.024906227365136147,0.0003000739961862564,0.0020446285095763184
GSE126030_T_cells,bone_marrow,dorothea_ab,formal_abs,codetection_odds_ratio,8,2223,2223,0.5,0.5002905865538154,0.5217293354484984,1.3004484304932735,1.3905372619628906,1.3924508094787598,-0.0019135475158691406,0.0005811731076310611
GSE126030_T_cells,bone_marrow,dorothea_ab,formal_abs,pearson,9,2223,2223,0.5,0.5365246657596967,0.5472834983094281,1.2735426008968609,0.01718316227197647,0.014813580550253391,0.0023695817217230797,0.07304933151939341
GSE126030_T_cells,bone_marrow,dorothea_ab,formal_abs,spearman,9,2223,2223,0.5,0.5159723449019564,0.5350343174691312,1.2645739910313902,0.02827494777739048,0.02749616838991642,0.0007787793874740601,0.03194468980391285
GSE126030_T_cells,bone_marrow,dorothea_ab,formal_abs,mutual_information,9,2223,2223,0.5,0.4920762550920943,0.5033757704867974,0.9865470852017937,0.001900930656120181,0.0020573455840349197,-0.00015641492791473866,-0.01584748981581141
GSE126030_T_cells,bone_marrow,dorothea_ab,formal_abs,coexpression_probability,9,2223,2223,0.5,0.49976637731449863,0.5020566396466118,1.0044843049327354,0.025206301361322403,0.024756189435720444,0.00045011192560195923,-0.00046724537100273356
GSE126030_T_cells,bone_marrow,dorothea_ab,formal_abs,codetection_odds_ratio,9,2223,2223,0.5,0.500309810594632,0.5179924501965979,1.2197309417040358,1.3905372619628906,1.38991117477417,0.0006260871887207031,0.0006196211892639525
GSE126030_T_cells,bone_marrow,trrust_dorothea_intersection,formal_abs,pearson,0,543,543,0.5,0.5341564665303258,0.5540175070644419,1.3454545454545455,0.016924845054745674,0.015280925668776035,0.0016439193859696388,0.06831293306065134
GSE126030_T_cells,bone_marrow,trrust_dorothea_intersection,formal_abs,spearman,0,543,543,0.5,0.5231677909709715,0.5438851354322956,1.2727272727272727,0.03082626685500145,0.02858499251306057,0.00224127434194088,0.046335581941943094
GSE126030_T_cells,bone_marrow,trrust_dorothea_intersection,formal_abs,mutual_information,0,543,543,0.5,0.49875020773345,0.5085783020744581,1.0545454545454545,0.0016849016537889838,0.0017281343461945653,-4.3232692405581474e-05,-0.002499584533099952
GSE126030_T_cells,bone_marrow,trrust_dorothea_intersection,formal_abs,coexpression_probability,0,543,543,0.5,0.5053451088523279,0.5072108766915228,1.018181818181818,0.02160540223121643,0.020855214446783066,0.0007501877844333649,0.010690217704655502
GSE126030_T_cells,bone_marrow,trrust_dorothea_intersection,formal_abs,codetection_odds_ratio,0,543,543,0.5,0.5307513337335382,0.5437027950880395,1.2,1.427983283996582,1.40194571018219,0.02603757381439209,0.061502667467076444
GSE126030_T_cells,bone_marrow,trrust_dorothea_intersection,formal_abs,pearson,1,543,543,0.5,0.5303155174343477,0.5586822205921242,1.3454545454545455,0.016924845054745674,0.015210926532745361,0.0017139185220003128,0.06063103486869559
GSE126030_T_cells,bone_marrow,trrust_dorothea_intersection,formal_abs,spearman,1,543,543,0.5,0.5299967101804652,0.5516847696243696,1.3454545454545455,0.03082626685500145,0.02805151976644993,0.0027747470885515213,0.05999342036093047
GSE126030_T_cells,bone_marrow,trrust_dorothea_intersection,formal_abs,mutual_information,1,543,543,0.5,0.5019247140061524,0.5108242706860076,1.0545454545454545,0.0016849016537889838,0.0016764601459726691,8.441507816314697e-06,0.003849428012304701
GSE126030_T_cells,bone_marrow,trrust_dorothea_intersection,formal_abs,coexpression_probability,1,543,543,0.5,0.5035204460588301,0.5072386068085613,1.018181818181818,0.02160540223121643,0.020705176517367363,0.0009002257138490677,0.007040892117660125
GSE126030_T_cells,bone_marrow,trrust_dorothea_intersection,formal_abs,codetection_odds_ratio,1,543,543,0.5,0.5287435263473846,0.5425877839215569,1.309090909090909,1.427983283996582,1.4050769805908203,0.02290630340576172,0.05748705269476928
GSE126030_T_cells,bone_marrow,trrust_dorothea_intersection,formal_abs,pearson,2,543,543,0.5,0.5549535524963625,0.5726576221349778,1.3818181818181818,0.016924845054745674,0.013780469074845314,0.00314437597990036,0.10990710499272516
GSE126030_T_cells,bone_marrow,trrust_dorothea_intersection,formal_abs,spearman,2,543,543,0.5,0.5385824608528433,0.558096203202883,1.3454545454545455,0.03082626685500145,0.02638857066631317,0.004437696188688278,0.07716492170568667
GSE126030_T_cells,bone_marrow,trrust_dorothea_intersection,formal_abs,mutual_information,2,543,543,0.5,0.5039579581412859,0.5102720819120474,1.0909090909090908,0.0016849016537889838,0.0016621799441054463,2.2721709683537483e-05,0.007915916282571711
GSE126030_T_cells,bone_marrow,trrust_dorothea_intersection,formal_abs,coexpression_probability,2,543,543,0.5,0.5051857052253865,0.5071755983199568,1.018181818181818,0.02160540223121643,0.020705176517367363,0.0009002257138490677,0.010371410450773055
GSE126030_T_cells,bone_marrow,trrust_dorothea_intersection,formal_abs,codetection_odds_ratio,2,543,543,0.5,0.5326760477396906,0.5494974343233796,1.2727272727272727,1.427983283996582,1.3958439826965332,0.03213930130004883,0.06535209547938092
GSE126030_T_cells,bone_marrow,trrust_dorothea_intersection,formal_abs,pearson,3,543,543,0.5,0.5307496379502729,0.5534123271141524,1.3454545454545455,0.016924845054745674,0.015567204914987087,0.0013576401397585869,0.06149927590054571
GSE126030_T_cells,bone_marrow,trrust_dorothea_intersection,formal_abs,spearman,3,543,543,0.5,0.5203002214692944,0.5416834379240201,1.2363636363636363,0.03082626685500145,0.028289975598454475,0.002536291256546974,0.04060044293858889
GSE126030_T_cells,bone_marrow,trrust_dorothea_intersection,formal_abs,mutual_information,3,543,543,0.5,0.5010598645408327,0.5121375994644958,1.0545454545454545,0.0016849016537889838,0.0017207515193149447,-3.584986552596092e-05,0.002119729081665467
GSE126030_T_cells,bone_marrow,trrust_dorothea_intersection,formal_abs,coexpression_probability,3,543,543,0.5,0.5023130483739134,0.5069025330717718,1.018181818181818,0.02160540223121643,0.02160540223121643,0.0,0.00462609674782688
GSE126030_T_cells,bone_marrow,trrust_dorothea_intersection,formal_abs,codetection_odds_ratio,3,543,543,0.5,0.5276531377077758,0.535308364259327,1.0909090909090908,1.427983283996582,1.4043716192245483,0.02361166477203369,0.055306275415551776
GSE126030_T_cells,bone_marrow,trrust_dorothea_intersection,formal_abs,pearson,4,543,543,0.5,0.5411261357508419,0.568238796554503,1.309090909090909,0.016924845054745674,0.014224384911358356,0.0027004601433873177,0.08225227150168402
GSE126030_T_cells,bone_marrow,trrust_dorothea_intersection,formal_abs,spearman,4,543,543,0.5,0.5333119664641901,0.5560572833142069,1.309090909090909,0.03082626685500145,0.028166575357317924,0.002659691497683525,0.0666239329283802
GSE126030_T_cells,bone_marrow,trrust_dorothea_intersection,formal_abs,mutual_information,4,543,543,0.5,0.502713253224532,0.5150353774304945,1.0909090909090908,0.0016849016537889838,0.0018625898519530892,-0.00017768819816410542,0.005426506449063728
GSE126030_T_cells,bone_marrow,trrust_dorothea_intersection,formal_abs,coexpression_probability,4,543,543,0.5,0.5032050303714782,0.5064775744883558,1.0545454545454545,0.02160540223121643,0.021305326372385025,0.00030007585883140564,0.006410060742956469
GSE126030_T_cells,bone_marrow,trrust_dorothea_intersection,formal_abs,codetection_odds_ratio,4,543,543,0.5,0.5285552944049327,0.5459895106625541,1.309090909090909,1.427983283996582,1.3905165195465088,0.03746676445007324,0.057110588809865304
GSE126030_T_cells,bone_marrow,trrust_dorothea_intersection,formal_abs,pearson,5,543,543,0.5,0.5334476291254168,0.5612356919876698,1.3454545454545455,0.016924845054745674,0.015082260593771935,0.0018425844609737396,0.06689525825083353
GSE126030_T_cells,bone_marrow,trrust_dorothea_intersection,formal_abs,spearman,5,543,543,0.5,0.5178667724835424,0.5493036984196914,1.309090909090909,0.03082626685500145,0.029009142890572548,0.0018171239644289017,0.03573354496708481
GSE126030_T_cells,bone_marrow,trrust_dorothea_intersection,formal_abs,mutual_information,5,543,543,0.5,0.5040071358559806,0.5113295333560125,1.018181818181818,0.0016849016537889838,0.001609019935131073,7.588171865791082e-05,0.008014271711961118
GSE126030_T_cells,bone_marrow,trrust_dorothea_intersection,formal_abs,coexpression_probability,5,543,543,0.5,0.5034254821959715,0.5054075340513332,1.018181818181818,0.02160540223121643,0.020705176517367363,0.0009002257138490677,0.006850964391942993
GSE126030_T_cells,bone_marrow,trrust_dorothea_intersection,formal_abs,codetection_odds_ratio,5,543,543,0.5,0.5166542874488298,0.5405657917168532,1.2,1.427983283996582,1.4171726703643799,0.010810613632202148,0.03330857489765937
GSE126030_T_cells,bone_marrow,trrust_dorothea_intersection,formal_abs,pearson,6,543,543,0.5,0.5397966416708213,0.5569633349542379,1.2727272727272727,0.016924845054745674,0.015301533974707127,0.0016233110800385475,0.07959328334164262
GSE126030_T_cells,bone_marrow,trrust_dorothea_intersection,formal_abs,spearman,6,543,543,0.5,0.5272342792412387,0.5430351805688236,1.309090909090909,0.03082626685500145,0.028761059045791626,0.0020652078092098236,0.05446855848247756
GSE126030_T_cells,bone_marrow,trrust_dorothea_intersection,formal_abs,mutual_information,6,543,543,0.5,0.5035357081082181,0.5103990295296599,1.0909090909090908,0.0016849016537889838,0.001680866815149784,4.034838639199734e-06,0.007071416216436255
GSE126030_T_cells,bone_marrow,trrust_dorothea_intersection,formal_abs,coexpression_probability,6,543,543,0.5,0.5015635121706364,0.5062238327410202,1.0545454545454545,0.02160540223121643,0.021155288442969322,0.00045011378824710846,0.003127024341273099
GSE126030_T_cells,bone_marrow,trrust_dorothea_intersection,formal_abs,codetection_odds_ratio,6,543,543,0.5,0.5259692249253007,0.5392731488992473,1.1272727272727272,1.427983283996582,1.3908799886703491,0.03710329532623291,0.051938449850601476
GSE126030_T_cells,bone_marrow,trrust_dorothea_intersection,formal_abs,pearson,7,543,543,0.5,0.5461168259007152,0.565043562177935,1.2727272727272727,0.016924845054745674,0.015268261544406414,0.00165658351033926,0.09223365180143062
GSE126030_T_cells,bone_marrow,trrust_dorothea_intersection,formal_abs,spearman,7,543,543,0.5,0.5320859151633548,0.5553151481349842,1.309090909090909,0.03082626685500145,0.02726932056248188,0.0035569462925195694,0.06417183032670959
GSE126030_T_cells,bone_marrow,trrust_dorothea_intersection,formal_abs,mutual_information,7,543,543,0.5,0.5040919250192472,0.5151282488289072,1.0909090909090908,0.0016849016537889838,0.0017303613713011146,-4.545971751213074e-05,0.008183850038494311
GSE126030_T_cells,bone_marrow,trrust_dorothea_intersection,formal_abs,coexpression_probability,7,543,543,0.5,0.5042275876804737,0.5068094090240638,1.018181818181818,0.02160540223121643,0.02100525051355362,0.0006001517176628113,0.00845517536094742
GSE126030_T_cells,bone_marrow,trrust_dorothea_intersection,formal_abs,codetection_odds_ratio,7,543,543,0.5,0.5274903425143039,0.5476159220397023,1.2,1.427983283996582,1.3933950662612915,0.03458821773529053,0.05498068502860787
GSE126030_T_cells,bone_marrow,trrust_dorothea_intersection,formal_abs,pearson,8,543,543,0.5,0.5451112264243732,0.5709577724831466,1.4181818181818182,0.016924845054745674,0.015220090746879578,0.0017047543078660965,0.0902224528487463
GSE126030_T_cells,bone_marrow,trrust_dorothea_intersection,formal_abs,spearman,8,543,543,0.5,0.5324165929000946,0.5601314851346848,1.309090909090909,0.03082626685500145,0.02869659662246704,0.0021296702325344086,0.06483318580018915
GSE126030_T_cells,bone_marrow,trrust_dorothea_intersection,formal_abs,mutual_information,8,543,543,0.5,0.5032779490518875,0.5139509476447076,1.0545454545454545,0.0016849016537889838,0.0017148242332041264,-2.9922579415142536e-05,0.006555898103775215
GSE126030_T_cells,bone_marrow,trrust_dorothea_intersection,formal_abs,coexpression_probability,8,543,543,0.5,0.5043852955241497,0.5077246213483078,0.9818181818181818,0.02160540223121643,0.020855214446783066,0.0007501877844333649,0.008770591048299359
GSE126030_T_cells,bone_marrow,trrust_dorothea_intersection,formal_abs,codetection_odds_ratio,8,543,543,0.5,0.5350620147940133,0.5494520255606409,1.2363636363636363,1.427983283996582,1.3907945156097412,0.03718876838684082,0.07012402958802633
GSE126030_T_cells,bone_marrow,trrust_dorothea_intersection,formal_abs,pearson,9,543,543,0.5,0.5338325719266471,0.5570250615976624,1.3818181818181818,0.016924845054745674,0.015567204914987087,0.0013576401397585869,0.06766514385329447
GSE126030_T_cells,bone_marrow,trrust_dorothea_intersection,formal_abs,spearman,9,543,543,0.5,0.5290504631184098,0.54754921638046,1.309090909090909,0.03082626685500145,0.028166575357317924,0.002659691497683525,0.058100926236819506
GSE126030_T_cells,bone_marrow,trrust_dorothea_intersection,formal_abs,mutual_information,9,543,543,0.5,0.5019908495535003,0.5083353227707958,1.0909090909090908,0.0016849016537889838,0.0017594659002497792,-7.45642464607954e-05,0.003981699107000525
GSE126030_T_cells,bone_marrow,trrust_dorothea_intersection,formal_abs,coexpression_probability,9,543,543,0.5,0.5045633527670095,0.5078038021803971,1.0545454545454545,0.02160540223121643,0.020855214446783066,0.0007501877844333649,0.009126705534019175
GSE126030_T_cells,bone_marrow,trrust_dorothea_intersection,formal_abs,codetection_odds_ratio,9,543,543,0.5,0.5372512709895574,0.5459881107771596,1.309090909090909,1.427983283996582,1.3659645318984985,0.062018752098083496,0.07450254197911477
GSE126030_T_cells,bone_marrow,trrust_dorothea_union,formal_abs,pearson,0,2889,2889,0.5,0.533594082949841,0.5496914810377024,1.301038062283737,0.01622948981821537,0.014646190218627453,0.0015832995995879173,0.06718816589968202
GSE126030_T_cells,bone_marrow,trrust_dorothea_union,formal_abs,spearman,0,2889,2889,0.5,0.5157803659840066,0.538827901166763,1.28719723183391,0.027273116633296013,0.02628246881067753,0.0009906478226184845,0.03156073196801312
GSE126030_T_cells,bone_marrow,trrust_dorothea_union,formal_abs,mutual_information,0,2889,2889,0.5,0.4984518927561018,0.5105492076552041,1.0380622837370241,0.0018625867087394,0.0019334873650223017,-7.090065628290176e-05,-0.0030962144877965114
GSE126030_T_cells,bone_marrow,trrust_dorothea_union,formal_abs,coexpression_probability,0,2889,2889,0.5,0.5026680617723666,0.5034687161668883,1.0103806228373702,0.024306075647473335,0.02355588972568512,0.0007501859217882156,0.005336123544733118
GSE126030_T_cells,bone_marrow,trrust_dorothea_union,formal_abs,codetection_odds_ratio,0,2889,2889,0.5,0.503323799791549,0.5229610232612584,1.245674740484429,1.3770313262939453,1.3741976022720337,0.002833724021911621,0.006647599583097685
GSE126030_T_cells,bone_marrow,trrust_dorothea_union,formal_abs,pearson,1,2889,2889,0.5,0.5328523789104205,0.5487158300573249,1.2802768166089966,0.01622948981821537,0.014570667408406734,0.0016588224098086357,0.06570475782084095
GSE126030_T_cells,bone_marrow,trrust_dorothea_union,formal_abs,spearman,1,2889,2889,0.5,0.5188779583243923,0.5384433143536808,1.2664359861591696,0.027273116633296013,0.026456529274582863,0.00081658735871315,0.03775591664878464
GSE126030_T_cells,bone_marrow,trrust_dorothea_union,formal_abs,mutual_information,1,2889,2889,0.5,0.4997521662538501,0.5103312788390273,1.0380622837370241,0.0018625867087394,0.0019250470213592052,-6.246031261980534e-05,-0.0004956674922999005
GSE126030_T_cells,bone_marrow,trrust_dorothea_union,formal_abs,coexpression_probability,1,2889,2889,0.5,0.5025142814420869,0.5035376878676553,1.0380622837370241,0.024306075647473335,0.02355588972568512,0.0007501859217882156,0.005028562884173748
GSE126030_T_cells,bone_marrow,trrust_dorothea_union,formal_abs,codetection_odds_ratio,1,2889,2889,0.5,0.5046818831914085,0.5231953863370805,1.2664359861591696,1.3770313262939453,1.3784537315368652,-0.0014224052429199219,0.009363766382816996
GSE126030_T_cells,bone_marrow,trrust_dorothea_union,formal_abs,pearson,2,2889,2889,0.5,0.5261382230566019,0.5431787589692993,1.2664359861591696,0.01622948981821537,0.015005474910140038,0.0012240149080753326,0.0522764461132037
GSE126030_T_cells,bone_marrow,trrust_dorothea_union,formal_abs,spearman,2,2889,2889,0.5,0.5136162987261094,0.532981381297934,1.2664359861591696,0.027273116633296013,0.027003653347492218,0.00026946328580379486,0.027232597452218732
GSE126030_T_cells,bone_marrow,trrust_dorothea_union,formal_abs,mutual_information,2,2889,2889,0.5,0.4956304100932615,0.5077708724675463,1.0588235294117647,0.0018625867087394,0.001997676445171237,-0.00013508973643183708,-0.00873917981347705
GSE126030_T_cells,bone_marrow,trrust_dorothea_union,formal_abs,coexpression_probability,2,2889,2889,0.5,0.5011183969559762,0.5026542979336222,1.0242214532871972,0.024306075647473335,0.023855963721871376,0.00045011192560195923,0.002236793911952306
GSE126030_T_cells,bone_marrow,trrust_dorothea_union,formal_abs,codetection_odds_ratio,2,2889,2889,0.5,0.497492607820859,0.516788214079074,1.2525951557093427,1.3770313262939453,1.3886590003967285,-0.011627674102783203,-0.005014784358281954
GSE126030_T_cells,bone_marrow,trrust_dorothea_union,formal_abs,pearson,3,2889,2889,0.5,0.5313778370134579,0.5473473196491133,1.301038062283737,0.01622948981821537,0.014667275361716747,0.001562214456498623,0.06275567402691551
GSE126030_T_cells,bone_marrow,trrust_dorothea_union,formal_abs,spearman,3,2889,2889,0.5,0.5133844001446864,0.5355348780046096,1.28719723183391,0.027273116633296013,0.02682390995323658,0.000449206680059433,0.026768800289372896
GSE126030_T_cells,bone_marrow,trrust_dorothea_union,formal_abs,mutual_information,3,2889,2889,0.5,0.49649755862493183,0.5077416630506012,1.0311418685121108,0.0018625867087394,0.0018786442233249545,-1.60575145855546e-05,-0.007004882750136221
GSE126030_T_cells,bone_marrow,trrust_dorothea_union,formal_abs,coexpression_probability,3,2889,2889,0.5,0.502101285105138,0.5028096870184365,1.0242214532871972,0.024306075647473335,0.023705925792455673,0.000600149855017662,0.004202570210275924
GSE126030_T_cells,bone_marrow,trrust_dorothea_union,formal_abs,codetection_odds_ratio,3,2889,2889,0.5,0.4988145076135941,0.5200229885963804,1.2664359861591696,1.3770313262939453,1.3812156915664673,-0.004184365272521973,-0.002370984772811835
GSE126030_T_cells,bone_marrow,trrust_dorothea_union,formal_abs,pearson,4,2889,2889,0.5,0.5335804242372177,0.5484233547110966,1.259515570934256,0.01622948981821537,0.014362283051013947,0.0018672067672014236,0.06716084847443571
GSE126030_T_cells,bone_marrow,trrust_dorothea_union,formal_abs,spearman,4,2889,2889,0.5,0.5158140335124901,0.5366395689604563,1.245674740484429,0.027273116633296013,0.026437466964125633,0.0008356496691703796,0.03162806702498022
GSE126030_T_cells,bone_marrow,trrust_dorothea_union,formal_abs,mutual_information,4,2889,2889,0.5,0.49585122594733655,0.5090788582555014,1.065743944636678,0.0018625867087394,0.0019250470213592052,-6.246031261980534e-05,-0.008297548105326902
GSE126030_T_cells,bone_marrow,trrust_dorothea_union,formal_abs,coexpression_probability,4,2889,2889,0.5,0.5015297758137987,0.50283832441079,1.0380622837370241,0.024306075647473335,0.02355588972568512,0.0007501859217882156,0.003059551627597301
GSE126030_T_cells,bone_marrow,trrust_dorothea_union,formal_abs,codetection_odds_ratio,4,2889,2889,0.5,0.49968992326079953,0.5207580993358514,1.2664359861591696,1.3770313262939453,1.3812618255615234,-0.004230499267578125,-0.0006201534784008311
GSE126030_T_cells,bone_marrow,trrust_dorothea_union,formal_abs,pearson,5,2889,2889,0.5,0.5261797383541802,0.5437212610925628,1.328719723183391,0.01622948981821537,0.015218607150018215,0.001010882668197155,0.052359476708360386
GSE126030_T_cells,bone_marrow,trrust_dorothea_union,formal_abs,spearman,5,2889,2889,0.5,0.5077190297377732,0.5306819860191858,1.2525951557093427,0.027273116633296013,0.02722049131989479,5.262531340122223e-05,0.015438059475546106
GSE126030_T_cells,bone_marrow,trrust_dorothea_union,formal_abs,mutual_information,5,2889,2889,0.5,0.49449505955977496,0.507482939000848,1.0449826989619377,0.0018625867087394,0.0019710450433194637,-0.00010845833458006382,-0.011009880880450185
GSE126030_T_cells,bone_marrow,trrust_dorothea_union,formal_abs,coexpression_probability,5,2889,2889,0.5,0.5005442517727272,0.502501570757349,1.0242214532871972,0.024306075647473335,0.023855963721871376,0.00045011192560195923,0.0010885035454544223
GSE126030_T_cells,bone_marrow,trrust_dorothea_union,formal_abs,codetection_odds_ratio,5,2889,2889,0.5,0.4955533701615359,0.5162609018468706,1.1903114186851211,1.3770313262939453,1.3829907178878784,-0.0059593915939331055,-0.008893259676928333
GSE126030_T_cells,bone_marrow,trrust_dorothea_union,formal_abs,pearson,6,2889,2889,0.5,0.5351622589162339,0.5497893725016275,1.259515570934256,0.01622948981821537,0.014161312952637672,0.0020681768655776978,0.07032451783246785
GSE126030_T_cells,bone_marrow,trrust_dorothea_union,formal_abs,spearman,6,2889,2889,0.5,0.5172963033652791,0.5373145741882506,1.245674740484429,0.027273116633296013,0.025869395583868027,0.0014037210494279861,0.034592606730558195
GSE126030_T_cells,bone_marrow,trrust_dorothea_union,formal_abs,mutual_information,6,2889,2889,0.5,0.498863990493536,0.5088922806804193,1.0173010380622838,0.0018625867087394,0.0018403094727545977,2.2277235984802246e-05,-0.0022720190129279505
GSE126030_T_cells,bone_marrow,trrust_dorothea_union,formal_abs,coexpression_probability,6,2889,2889,0.5,0.5025768239683089,0.503155623487357,1.0242214532871972,0.024306075647473335,0.023405851796269417,0.0009002238512039185,0.005153647936617878
GSE126030_T_cells,bone_marrow,trrust_dorothea_union,formal_abs,codetection_odds_ratio,6,2889,2889,0.5,0.5034441522198823,0.5216236176741241,1.2110726643598615,1.3770313262939453,1.3699690103530884,0.007062315940856934,0.006888304439764514
GSE126030_T_cells,bone_marrow,trrust_dorothea_union,formal_abs,pearson,7,2889,2889,0.5,0.5281504869031517,0.5426803175640749,1.2941176470588236,0.01622948981821537,0.01490468718111515,0.0013248026371002197,0.05630097380630339
GSE126030_T_cells,bone_marrow,trrust_dorothea_union,formal_abs,spearman,7,2889,2889,0.5,0.509228137762734,0.5312176018321246,1.273356401384083,0.027273116633296013,0.02722732350230217,4.579313099384308e-05,0.018456275525468024
GSE126030_T_cells,bone_marrow,trrust_dorothea_union,formal_abs,mutual_information,7,2889,2889,0.5,0.49602944818441563,0.5090907671956706,1.0588235294117647,0.0018625867087394,0.001923186588101089,-6.059987936168909e-05,-0.007941103631168733
GSE126030_T_cells,bone_marrow,trrust_dorothea_union,formal_abs,coexpression_probability,7,2889,2889,0.5,0.5019843473549604,0.503408198136412,1.0380622837370241,0.024306075647473335,0.023705925792455673,0.000600149855017662,0.003968694709920673
GSE126030_T_cells,bone_marrow,trrust_dorothea_union,formal_abs,codetection_odds_ratio,7,2889,2889,0.5,0.4998655695126032,0.5220098520996539,1.28719723183391,1.3770313262939453,1.3794063329696655,-0.002375006675720215,-0.0002688609747936166
GSE126030_T_cells,bone_marrow,trrust_dorothea_union,formal_abs,pearson,8,2889,2889,0.5,0.5324490874482302,0.5495710890385976,1.3079584775086506,0.01622948981821537,0.014387044124305248,0.001842445693910122,0.06489817489646033
GSE126030_T_cells,bone_marrow,trrust_dorothea_union,formal_abs,spearman,8,2889,2889,0.5,0.5150634632911915,0.5390336610515661,1.2941176470588236,0.027273116633296013,0.026584863662719727,0.0006882529705762863,0.030126926582382918
GSE126030_T_cells,bone_marrow,trrust_dorothea_union,formal_abs,mutual_information,8,2889,2889,0.5,0.4980303297704462,0.5089058418385232,0.9896193771626297,0.0018625867087394,0.001827768748626113,3.481796011328697e-05,-0.00393934045910771
GSE126030_T_cells,bone_marrow,trrust_dorothea_union,formal_abs,coexpression_probability,8,2889,2889,0.5,0.5029061906437579,0.50337522300481,1.0242214532871972,0.024306075647473335,0.023855963721871376,0.00045011192560195923,0.005812381287515711
GSE126030_T_cells,bone_marrow,trrust_dorothea_union,formal_abs,codetection_odds_ratio,8,2889,2889,0.5,0.5044566342463943,0.5269912131415211,1.301038062283737,1.3770313262939453,1.3796117305755615,-0.002580404281616211,0.008913268492788617
GSE126030_T_cells,bone_marrow,trrust_dorothea_union,formal_abs,pearson,9,2889,2889,0.5,0.5279140953241555,0.5478096009213851,1.301038062283737,0.01622948981821537,0.01481898594647646,0.0014105038717389107,0.055828190648310905
GSE126030_T_cells,bone_marrow,trrust_dorothea_union,formal_abs,spearman,9,2889,2889,0.5,0.512159848632709,0.5353815508132308,1.2941176470588236,0.027273116633296013,0.026897994801402092,0.0003751218318939209,0.024319697265417828
GSE126030_T_cells,bone_marrow,trrust_dorothea_union,formal_abs,mutual_information,9,2889,2889,0.5,0.4961770581313611,0.5076756380363081,1.0311418685121108,0.0018625867087394,0.0018570650136098266,5.521695129573345e-06,-0.007645883737277814
GSE126030_T_cells,bone_marrow,trrust_dorothea_union,formal_abs,coexpression_probability,9,2889,2889,0.5,0.5012978772323758,0.5025780150808694,1.0173010380622838,0.024306075647473335,0.02415603958070278,0.0001500360667705536,0.0025957544647516873
GSE126030_T_cells,bone_marrow,trrust_dorothea_union,formal_abs,codetection_odds_ratio,9,2889,2889,0.5,0.49634437736099535,0.517787447618297,1.2387543252595157,1.3770313262939453,1.3866108655929565,-0.00957953929901123,-0.007311245278009304
